bioactivity_id,standard_type,standard_relation,standard_value,standard_units,normalized_value_nm,high_confidence_tier
BA_000001,EC50,=,0.0,nM,0.0,HIGH
BA_000002,Ki,=,6000.0,nM,6000.0,MEDIUM
BA_000003,Ki,=,267.2,nM,267.2,HIGH
BA_000004,IC50,=,9200.0,nM,9200.0,MEDIUM
BA_000005,Ki,=,9800.0,nM,9800.0,MEDIUM
BA_000006,Ki,=,4800.0,nM,4800.0,MEDIUM
BA_000007,Ki,=,9200.0,nM,9200.0,MEDIUM
BA_000008,Ki,=,6160.0,nM,6160.0,MEDIUM
BA_000009,Ki,=,6270.0,nM,6270.0,MEDIUM
BA_000010,Ki,=,3730.0,nM,3730.0,MEDIUM
BA_000011,Ki,=,4080.0,nM,4080.0,MEDIUM
BA_000012,Ki,=,5700.0,nM,5700.0,MEDIUM
BA_000013,Ki,=,7130.0,nM,7130.0,MEDIUM
BA_000014,Ki,=,3670.0,nM,3670.0,MEDIUM
BA_000015,Ki,=,7780.0,nM,7780.0,MEDIUM
BA_000016,Ki,=,6610.0,nM,6610.0,MEDIUM
BA_000017,Ki,=,870.0,nM,870.0,HIGH
BA_000018,Ki,=,920.0,nM,920.0,HIGH
BA_000019,IC50,=,9350.0,nM,9350.0,MEDIUM
BA_000020,EC50,=,1.11,nM,1.11,HIGH
BA_000021,IC50,=,130.0,nM,130.0,HIGH
BA_000022,IC50,=,1253.0,nM,1253.0,MEDIUM
BA_000023,IC50,=,1700.0,nM,1700.0,MEDIUM
BA_000024,IC50,=,10000.0,nM,10000.0,MEDIUM
BA_000025,IC50,=,8000.0,nM,8000.0,MEDIUM
BA_000026,IC50,=,700.0,nM,700.0,HIGH
BA_000027,IC50,=,710.0,nM,710.0,HIGH
BA_000028,IC50,=,1000.0,nM,1000.0,HIGH
BA_000029,IC50,=,800.0,nM,800.0,HIGH
BA_000030,Ki,=,2400.0,nM,2400.0,MEDIUM
BA_000031,IC50,=,5200.0,nM,5200.0,MEDIUM
BA_000032,Ki,=,740.0,nM,740.0,HIGH
BA_000033,IC50,=,1700.0,nM,1700.0,MEDIUM
BA_000034,IC50,=,900.0,nM,900.0,HIGH
BA_000035,IC50,=,795.0,nM,795.0,HIGH
BA_000036,IC50,=,427.0,nM,427.0,HIGH
BA_000037,IC50,=,25.0,nM,25.0,HIGH
BA_000038,IC50,=,1130.0,nM,1130.0,MEDIUM
BA_000039,Potency,=,3981.1,nM,3981.1,MEDIUM
BA_000040,Potency,=,8912.5,nM,8912.5,MEDIUM
BA_000041,Potency,=,1778.3,nM,1778.3,MEDIUM
BA_000042,Potency,=,7079.5,nM,7079.5,MEDIUM
BA_000043,Potency,=,8912.5,nM,8912.5,MEDIUM
BA_000044,Potency,=,7943.3,nM,7943.3,MEDIUM
BA_000045,Potency,=,10000.0,nM,10000.0,MEDIUM
BA_000046,Potency,=,3162.3,nM,3162.3,MEDIUM
BA_000047,Potency,=,1995.3,nM,1995.3,MEDIUM
BA_000048,Potency,=,1778.3,nM,1778.3,MEDIUM
BA_000049,Potency,=,6309.6,nM,6309.6,MEDIUM
BA_000050,Potency,=,10000.0,nM,10000.0,MEDIUM
BA_000051,Potency,=,3162.3,nM,3162.3,MEDIUM
BA_000052,Potency,=,5011.9,nM,5011.9,MEDIUM
BA_000053,Potency,=,5804.8,nM,5804.8,MEDIUM
BA_000054,Potency,=,10000.0,nM,10000.0,MEDIUM
BA_000055,Potency,=,3548.1,nM,3548.1,MEDIUM
BA_000056,Potency,=,501.2,nM,501.2,HIGH
BA_000057,Potency,=,3981.1,nM,3981.1,MEDIUM
BA_000058,Potency,=,5011.9,nM,5011.9,MEDIUM
BA_000059,Potency,=,398.1,nM,398.1,HIGH
BA_000060,Potency,=,7943.3,nM,7943.3,MEDIUM
BA_000061,Potency,=,1258.9,nM,1258.9,MEDIUM
BA_000062,Potency,=,3162.3,nM,3162.3,MEDIUM
BA_000063,Potency,=,5011.9,nM,5011.9,MEDIUM
BA_000064,IC50,=,3100.0,nM,3100.0,MEDIUM
BA_000065,IC50,=,5900.0,nM,5900.0,MEDIUM
BA_000066,Potency,,8912.5,nM,8912.5,MEDIUM
BA_000067,Potency,,3262.9,nM,3262.9,MEDIUM
BA_000068,Potency,,7079.5,nM,7079.5,MEDIUM
BA_000069,Potency,,461.1,nM,461.1,HIGH
BA_000070,Potency,,794.3,nM,794.3,HIGH
BA_000071,Potency,,2058.8,nM,2058.8,MEDIUM
BA_000072,Ki,=,390.0,nM,390.0,HIGH
BA_000073,Ki,=,64.0,nM,64.0,HIGH
BA_000074,Kd,=,10000.0,nM,10000.0,MEDIUM
BA_000075,Potency,,3981.1,nM,3981.1,MEDIUM
BA_000076,Potency,,3981.1,nM,3981.1,MEDIUM
BA_000077,Potency,,7.1,nM,7.1,HIGH
BA_000078,Potency,,8912.5,nM,8912.5,MEDIUM
BA_000079,Potency,,4466.8,nM,4466.8,MEDIUM
BA_000080,Ki,=,4900.0,nM,4900.0,MEDIUM
BA_000081,Potency,,4216.3,nM,4216.3,MEDIUM
BA_000082,EC50,=,3000.0,nM,3000.0,MEDIUM
BA_000083,IC50,=,4200.0,nM,4200.0,MEDIUM
BA_000084,IC50,=,1900.0,nM,1900.0,MEDIUM
BA_000085,IC50,=,12.0,nM,12.0,HIGH
BA_000086,IC50,=,1450.0,nM,1450.0,MEDIUM
BA_000087,IC50,=,2951.21,nM,2951.21,MEDIUM
BA_000088,IC50,=,2900.0,nM,2900.0,MEDIUM
BA_000089,IC50,=,3162.28,nM,3162.28,MEDIUM
BA_000090,IC50,=,3100.0,nM,3100.0,MEDIUM
BA_000091,Potency,,5173.5,nM,5173.5,MEDIUM
BA_000092,Potency,,2393.4,nM,2393.4,MEDIUM
BA_000093,Potency,,8634.9,nM,8634.9,MEDIUM
BA_000094,EC50,=,9000.0,nM,9000.0,MEDIUM
BA_000095,Ki,=,520.0,nM,520.0,HIGH
BA_000096,IC50,=,3200.0,nM,3200.0,MEDIUM
BA_000097,Kd,=,250.0,nM,250.0,HIGH
BA_000098,IC50,=,1200.0,nM,1200.0,MEDIUM
BA_000099,Ki,=,6000.0,nM,6000.0,MEDIUM
BA_000100,IC50,=,6600.0,nM,6600.0,MEDIUM
BA_000101,IC50,=,653.0,nM,653.0,HIGH
BA_000102,IC50,=,3800.0,nM,3800.0,MEDIUM
BA_000103,IC50,=,360.0,nM,360.0,HIGH
BA_000104,IC50,=,640.0,nM,640.0,HIGH
BA_000105,IC50,=,1120.0,nM,1120.0,MEDIUM
BA_000106,IC50,=,1550.0,nM,1550.0,MEDIUM
BA_000107,Ki,=,7030.0,nM,7030.0,MEDIUM
BA_000108,Ki,=,7780.0,nM,7780.0,MEDIUM
BA_000109,Ki,=,6990.0,nM,6990.0,MEDIUM
BA_000110,Ki,=,6070.0,nM,6070.0,MEDIUM
BA_000111,Ki,=,6130.0,nM,6130.0,MEDIUM
BA_000112,Ki,=,9970.0,nM,9970.0,MEDIUM
BA_000113,Ki,=,4080.0,nM,4080.0,MEDIUM
BA_000114,Ki,=,9800.0,nM,9800.0,MEDIUM
BA_000115,Ki,=,7490.0,nM,7490.0,MEDIUM
BA_000116,Ki,=,2250.0,nM,2250.0,MEDIUM
BA_000117,Ki,=,3200.0,nM,3200.0,MEDIUM
BA_000118,Potency,=,281.8,nM,281.8,HIGH
BA_000119,Potency,=,354.8,nM,354.8,HIGH
BA_000120,Potency,=,2511.9,nM,2511.9,MEDIUM
BA_000121,Potency,=,1000.0,nM,1000.0,HIGH
BA_000122,Potency,=,3981.1,nM,3981.1,MEDIUM
BA_000123,Potency,=,1258.9,nM,1258.9,MEDIUM
BA_000124,Potency,=,8912.5,nM,8912.5,MEDIUM
BA_000125,Potency,=,1995.3,nM,1995.3,MEDIUM
BA_000126,Potency,=,1995.3,nM,1995.3,MEDIUM
BA_000127,Potency,=,7079.5,nM,7079.5,MEDIUM
BA_000128,Potency,=,50.1,nM,50.1,HIGH
BA_000129,Potency,=,10000.0,nM,10000.0,MEDIUM
BA_000130,Potency,,1995.3,nM,1995.3,MEDIUM
BA_000131,Potency,,10000.0,nM,10000.0,MEDIUM
BA_000132,Potency,,4216.3,nM,4216.3,MEDIUM
BA_000133,Potency,,10000.0,nM,10000.0,MEDIUM
BA_000134,Potency,,920.0,nM,920.0,HIGH
BA_000135,Potency,,580.5,nM,580.5,HIGH
BA_000136,Potency,,631.0,nM,631.0,HIGH
BA_000137,IC50,=,60.0,nM,60.0,HIGH
BA_000138,IC50,=,4650.0,nM,4650.0,MEDIUM
BA_000139,IC50,=,1370.0,nM,1370.0,MEDIUM
BA_000140,Kd,=,924.0,nM,924.0,HIGH
BA_000141,IC50,=,4430.0,nM,4430.0,MEDIUM
BA_000142,Ki,=,6000.0,nM,6000.0,MEDIUM
BA_000143,IC50,=,2700.0,nM,2700.0,MEDIUM
BA_000144,IC50,=,28.0,nM,28.0,HIGH
BA_000145,IC50,=,1060.0,nM,1060.0,MEDIUM
BA_000146,IC50,=,1050.0,nM,1050.0,MEDIUM
BA_000147,IC50,=,360.0,nM,360.0,HIGH
BA_000148,IC50,=,9700.0,nM,9700.0,MEDIUM
BA_000149,IC50,=,716.0,nM,716.0,HIGH
BA_000150,IC50,=,632.0,nM,632.0,HIGH
BA_000151,IC50,=,47.0,nM,47.0,HIGH
BA_000152,IC50,=,1200.0,nM,1200.0,MEDIUM
BA_000153,Potency,=,3548.1,nM,3548.1,MEDIUM
BA_000154,Potency,=,1995.3,nM,1995.3,MEDIUM
BA_000155,Potency,=,10000.0,nM,10000.0,MEDIUM
BA_000156,Potency,=,6309.6,nM,6309.6,MEDIUM
BA_000157,Potency,=,1584.9,nM,1584.9,MEDIUM
BA_000158,Potency,=,10000.0,nM,10000.0,MEDIUM
BA_000159,Potency,=,7943.3,nM,7943.3,MEDIUM
BA_000160,Potency,=,7943.3,nM,7943.3,MEDIUM
BA_000161,Potency,=,10000.0,nM,10000.0,MEDIUM
BA_000162,Potency,=,1.3,nM,1.3,HIGH
BA_000163,IC50,=,4700.0,nM,4700.0,MEDIUM
BA_000164,IC50,=,6200.0,nM,6200.0,MEDIUM
BA_000165,Ki,=,750.0,nM,750.0,HIGH
BA_000166,Ki,=,43.0,nM,43.0,HIGH
BA_000167,Kd,=,6760.83,nM,6760.83,MEDIUM
BA_000168,Potency,,8912.5,nM,8912.5,MEDIUM
BA_000169,Potency,,7943.3,nM,7943.3,MEDIUM
BA_000170,Potency,,2.2,nM,2.2,HIGH
BA_000171,IC50,=,9933.0,nM,9933.0,MEDIUM
BA_000172,Potency,,14.1,nM,14.1,HIGH
BA_000173,IC50,=,10000.0,nM,10000.0,MEDIUM
BA_000174,IC50,=,2320.0,nM,2320.0,MEDIUM
BA_000175,IC50,=,9640.0,nM,9640.0,MEDIUM
BA_000176,Potency,,8412.7,nM,8412.7,MEDIUM
BA_000177,IC50,=,10000.0,nM,10000.0,MEDIUM
BA_000178,Ki,=,9525.7,nM,9525.7,MEDIUM
BA_000179,Ki,=,25.0,nM,25.0,HIGH
BA_000180,Ki,=,145.9,nM,145.9,HIGH
BA_000181,IC50,=,1000.0,nM,1000.0,HIGH
BA_000182,IC50,=,3100.0,nM,3100.0,MEDIUM
BA_000183,Ki,=,132.0,nM,132.0,HIGH
BA_000184,IC50,=,4000.0,nM,4000.0,MEDIUM
BA_000185,IC50,=,2240.0,nM,2240.0,MEDIUM
BA_000186,IC50,=,490.0,nM,490.0,HIGH
BA_000187,IC50,=,2500.0,nM,2500.0,MEDIUM
BA_000188,IC50,=,4400.0,nM,4400.0,MEDIUM
BA_000189,IC50,=,3900.0,nM,3900.0,MEDIUM
BA_000190,Ki,=,6770.0,nM,6770.0,MEDIUM
BA_000191,IC50,=,1714.0,nM,1714.0,MEDIUM
BA_000192,IC50,=,1710.0,nM,1710.0,MEDIUM
BA_000193,IC50,=,6670.0,nM,6670.0,MEDIUM
BA_000194,Potency,,63.1,nM,63.1,HIGH
BA_000195,Potency,,769.6,nM,769.6,HIGH
BA_000196,Potency,,1258.9,nM,1258.9,MEDIUM
BA_000197,Potency,=,3548.1,nM,3548.1,MEDIUM
BA_000198,IC50,=,8000.0,nM,8000.0,MEDIUM
BA_000199,IC50,=,560.0,nM,560.0,HIGH
BA_000200,Ki,=,2600.0,nM,2600.0,MEDIUM
BA_000201,IC50,=,2380.0,nM,2380.0,MEDIUM
BA_000202,IC50,=,10000.0,nM,10000.0,MEDIUM
BA_000203,Ki,=,1700.0,nM,1700.0,MEDIUM
BA_000204,Potency,=,3162.3,nM,3162.3,MEDIUM
BA_000205,Potency,=,891.3,nM,891.3,HIGH
BA_000206,Potency,=,4466.8,nM,4466.8,MEDIUM
BA_000207,Potency,=,1412.5,nM,1412.5,MEDIUM
BA_000208,Potency,=,7943.3,nM,7943.3,MEDIUM
BA_000209,Potency,=,5011.9,nM,5011.9,MEDIUM
BA_000210,Potency,=,7079.5,nM,7079.5,MEDIUM
BA_000211,Potency,=,2511.9,nM,2511.9,MEDIUM
BA_000212,Potency,=,4466.8,nM,4466.8,MEDIUM
BA_000213,Potency,=,7079.5,nM,7079.5,MEDIUM
BA_000214,Potency,=,199.5,nM,199.5,HIGH
BA_000215,Potency,=,354.8,nM,354.8,HIGH
BA_000216,Potency,=,281.8,nM,281.8,HIGH
BA_000217,Potency,=,158.5,nM,158.5,HIGH
BA_000218,Potency,=,7079.5,nM,7079.5,MEDIUM
BA_000219,Potency,=,3981.1,nM,3981.1,MEDIUM
BA_000220,Potency,=,3548.1,nM,3548.1,MEDIUM
BA_000221,Potency,=,2511.9,nM,2511.9,MEDIUM
BA_000222,Potency,=,1584.9,nM,1584.9,MEDIUM
BA_000223,Potency,=,7943.3,nM,7943.3,MEDIUM
BA_000224,Potency,=,446.7,nM,446.7,HIGH
BA_000225,Potency,=,354.8,nM,354.8,HIGH
BA_000226,Potency,=,1258.9,nM,1258.9,MEDIUM
BA_000227,Potency,=,7943.3,nM,7943.3,MEDIUM
BA_000228,Potency,=,10000.0,nM,10000.0,MEDIUM
BA_000229,Potency,=,10000.0,nM,10000.0,MEDIUM
BA_000230,Potency,=,158.5,nM,158.5,HIGH
BA_000231,Potency,=,125.9,nM,125.9,HIGH
BA_000232,Potency,=,199.5,nM,199.5,HIGH
BA_000233,Potency,=,3981.1,nM,3981.1,MEDIUM
BA_000234,Potency,=,10000.0,nM,10000.0,MEDIUM
BA_000235,Potency,=,199.5,nM,199.5,HIGH
BA_000236,Potency,=,5211.9,nM,5211.9,MEDIUM
BA_000237,Potency,,3548.1,nM,3548.1,MEDIUM
BA_000238,Potency,,8912.5,nM,8912.5,MEDIUM
BA_000239,IC50,=,2390.0,nM,2390.0,MEDIUM
BA_000240,Potency,,8436.8,nM,8436.8,MEDIUM
BA_000241,Potency,,6309.6,nM,6309.6,MEDIUM
BA_000242,Potency,,2818.4,nM,2818.4,MEDIUM
BA_000243,Potency,,1683.4,nM,1683.4,MEDIUM
BA_000244,Potency,,562.3,nM,562.3,HIGH
BA_000245,Potency,,1995.3,nM,1995.3,MEDIUM
BA_000246,Potency,,1258.9,nM,1258.9,MEDIUM
BA_000247,Potency,,952.8,nM,952.8,HIGH
BA_000248,Potency,,1500.3,nM,1500.3,MEDIUM
BA_000249,Ki,=,370.0,nM,370.0,HIGH
BA_000250,Ki,=,27.0,nM,27.0,HIGH
BA_000251,IC50,=,3000.0,nM,3000.0,MEDIUM
BA_000252,Potency,,7943.3,nM,7943.3,MEDIUM
BA_000253,Potency,,1000.0,nM,1000.0,HIGH
BA_000254,Potency,,2238.7,nM,2238.7,MEDIUM
BA_000255,Potency,,1412.5,nM,1412.5,MEDIUM
BA_000256,Potency,,1122.0,nM,1122.0,MEDIUM
BA_000257,Potency,,398.1,nM,398.1,HIGH
BA_000258,Potency,,3162.3,nM,3162.3,MEDIUM
BA_000259,Potency,,707.9,nM,707.9,HIGH
BA_000260,Potency,,1258.9,nM,1258.9,MEDIUM
BA_000261,Potency,,281.8,nM,281.8,HIGH
BA_000262,Potency,,299.3,nM,299.3,HIGH
BA_000263,Potency,,946.6,nM,946.6,HIGH
BA_000264,Potency,,2818.4,nM,2818.4,MEDIUM
BA_000265,Potency,,2993.5,nM,2993.5,MEDIUM
BA_000266,Potency,,2238.7,nM,2238.7,MEDIUM
BA_000267,Potency,,1995.3,nM,1995.3,MEDIUM
BA_000268,Potency,,150.0,nM,150.0,HIGH
BA_000269,Potency,,1122.0,nM,1122.0,MEDIUM
BA_000270,Potency,,150.0,nM,150.0,HIGH
BA_000271,EC50,=,3020.0,nM,3020.0,MEDIUM
BA_000272,IC50,=,2120.0,nM,2120.0,MEDIUM
BA_000273,Potency,,3981.1,nM,3981.1,MEDIUM
BA_000274,Potency,,1122.0,nM,1122.0,MEDIUM
BA_000275,IC50,=,6400.0,nM,6400.0,MEDIUM
BA_000276,IC50,=,390.0,nM,390.0,HIGH
BA_000277,IC50,=,2800.0,nM,2800.0,MEDIUM
BA_000278,IC50,=,1690.0,nM,1690.0,MEDIUM
BA_000279,IC50,=,1200.0,nM,1200.0,MEDIUM
BA_000280,Potency,,8912.5,nM,8912.5,MEDIUM
BA_000281,Potency,,843.7,nM,843.7,HIGH
BA_000282,Potency,,1694.4,nM,1694.4,MEDIUM
BA_000283,Potency,,9466.2,nM,9466.2,MEDIUM
BA_000284,Potency,,316.2,nM,316.2,HIGH
BA_000285,Potency,,281.8,nM,281.8,HIGH
BA_000286,Potency,,237.8,nM,237.8,HIGH
BA_000287,Potency,,2685.5,nM,2685.5,MEDIUM
BA_000288,Potency,,1062.1,nM,1062.1,MEDIUM
BA_000289,IC50,<,3000.0,nM,3000.0,MEDIUM
BA_000290,IC50,<,3000.0,nM,3000.0,MEDIUM
BA_000291,IC50,=,4720.0,nM,4720.0,MEDIUM
BA_000292,IC50,=,320.0,nM,320.0,HIGH
BA_000293,IC50,=,1000.0,nM,1000.0,HIGH
BA_000294,IC50,=,1562.0,nM,1562.0,MEDIUM
BA_000295,IC50,=,700.0,nM,700.0,HIGH
BA_000296,IC50,=,1100.0,nM,1100.0,MEDIUM
BA_000297,IC50,=,780.0,nM,780.0,HIGH
BA_000298,IC50,=,4100.0,nM,4100.0,MEDIUM
BA_000299,IC50,=,10000.0,nM,10000.0,MEDIUM
BA_000300,IC50,=,7400.0,nM,7400.0,MEDIUM
BA_000301,IC50,=,220.0,nM,220.0,HIGH
BA_000302,IC50,=,3380.0,nM,3380.0,MEDIUM
BA_000303,IC50,=,1562.0,nM,1562.0,MEDIUM
BA_000304,IC50,=,9900.0,nM,9900.0,MEDIUM
BA_000305,IC50,=,4180.0,nM,4180.0,MEDIUM
BA_000306,IC50,=,10000.0,nM,10000.0,MEDIUM
BA_000307,EC50,=,0.51,nM,0.51,HIGH
BA_000308,Kd,=,0.25,nM,0.25,HIGH
BA_000309,IC50,=,9930.0,nM,9930.0,MEDIUM
BA_000310,IC50,=,1340.0,nM,1340.0,MEDIUM
BA_000311,Kd,=,170.0,nM,170.0,HIGH
BA_000312,IC50,=,414.6,nM,414.6,HIGH
BA_000313,IC50,=,4060.0,nM,4060.0,MEDIUM
BA_000314,IC50,=,6800.0,nM,6800.0,MEDIUM
BA_000315,IC50,=,610.0,nM,610.0,HIGH
BA_000316,IC50,=,9600.0,nM,9600.0,MEDIUM
BA_000317,IC50,=,43.0,nM,43.0,HIGH
BA_000318,Kd,=,25.0,nM,25.0,HIGH
BA_000319,IC50,=,790.0,nM,790.0,HIGH
BA_000320,IC50,=,3000.0,nM,3000.0,MEDIUM
BA_000321,IC50,=,440.0,nM,440.0,HIGH
BA_000322,IC50,=,2200.0,nM,2200.0,MEDIUM
BA_000323,IC50,=,3800.0,nM,3800.0,MEDIUM
BA_000324,IC50,=,2000.0,nM,2000.0,MEDIUM
BA_000325,IC50,=,2200.0,nM,2200.0,MEDIUM
BA_000326,IC50,=,3200.0,nM,3200.0,MEDIUM
BA_000327,IC50,=,1100.0,nM,1100.0,MEDIUM
BA_000328,IC50,=,3000.0,nM,3000.0,MEDIUM
BA_000329,IC50,=,2620.0,nM,2620.0,MEDIUM
BA_000330,IC50,=,1540.0,nM,1540.0,MEDIUM
BA_000331,IC50,=,14.8,nM,14.8,HIGH
BA_000332,IC50,=,900.0,nM,900.0,HIGH
BA_000333,Ki,=,1180.0,nM,1180.0,MEDIUM
BA_000334,IC50,=,2800.0,nM,2800.0,MEDIUM
BA_000335,Ki,=,7890.0,nM,7890.0,MEDIUM
BA_000336,Ki,=,8100.0,nM,8100.0,MEDIUM
BA_000337,Ki,=,2540.0,nM,2540.0,MEDIUM
BA_000338,Ki,=,2680.0,nM,2680.0,MEDIUM
BA_000339,Ki,=,6810.0,nM,6810.0,MEDIUM
BA_000340,Ki,=,6170.0,nM,6170.0,MEDIUM
BA_000341,Ki,=,4840.0,nM,4840.0,MEDIUM
BA_000342,Ki,=,7000.0,nM,7000.0,MEDIUM
BA_000343,Ki,=,9390.0,nM,9390.0,MEDIUM
BA_000344,Ki,=,5410.0,nM,5410.0,MEDIUM
BA_000345,Ki,=,7846.0,nM,7846.0,MEDIUM
BA_000346,IC50,=,12.0,nM,12.0,HIGH
BA_000347,IC50,=,4097.0,nM,4097.0,MEDIUM
BA_000348,IC50,=,1191.0,nM,1191.0,MEDIUM
BA_000349,IC50,=,77.0,nM,77.0,HIGH
BA_000350,IC50,=,680.0,nM,680.0,HIGH
BA_000351,IC50,=,450.0,nM,450.0,HIGH
BA_000352,Potency,=,5623.4,nM,5623.4,MEDIUM
BA_000353,Potency,=,1000.0,nM,1000.0,HIGH
BA_000354,Potency,=,1122.0,nM,1122.0,MEDIUM
BA_000355,Potency,=,1778.3,nM,1778.3,MEDIUM
BA_000356,Potency,=,2511.9,nM,2511.9,MEDIUM
BA_000357,Potency,=,8912.5,nM,8912.5,MEDIUM
BA_000358,Potency,=,10000.0,nM,10000.0,MEDIUM
BA_000359,Potency,=,10000.0,nM,10000.0,MEDIUM
BA_000360,Potency,=,5011.9,nM,5011.9,MEDIUM
BA_000361,Potency,=,2511.9,nM,2511.9,MEDIUM
BA_000362,Potency,=,10000.0,nM,10000.0,MEDIUM
BA_000363,Potency,=,794.3,nM,794.3,HIGH
BA_000364,Potency,=,1000.0,nM,1000.0,HIGH
BA_000365,Potency,=,1122.0,nM,1122.0,MEDIUM
BA_000366,Potency,=,2511.9,nM,2511.9,MEDIUM
BA_000367,Potency,=,631.0,nM,631.0,HIGH
BA_000368,Potency,=,8912.5,nM,8912.5,MEDIUM
BA_000369,Potency,=,1000.0,nM,1000.0,HIGH
BA_000370,Potency,=,1000.0,nM,1000.0,HIGH
BA_000371,Potency,=,251.2,nM,251.2,HIGH
BA_000372,Potency,=,2511.9,nM,2511.9,MEDIUM
BA_000373,Potency,=,158.5,nM,158.5,HIGH
BA_000374,Potency,=,6309.6,nM,6309.6,MEDIUM
BA_000375,Potency,=,7943.3,nM,7943.3,MEDIUM
BA_000376,IC50,=,2850.0,nM,2850.0,MEDIUM
BA_000377,IC50,=,6900.0,nM,6900.0,MEDIUM
BA_000378,IC50,=,7600.0,nM,7600.0,MEDIUM
BA_000379,Potency,,4466.8,nM,4466.8,MEDIUM
BA_000380,Potency,,4109.2,nM,4109.2,MEDIUM
BA_000381,IC50,=,150.0,nM,150.0,HIGH
BA_000382,IC50,=,2000.0,nM,2000.0,MEDIUM
BA_000383,Ki,=,9637.0,nM,9637.0,MEDIUM
BA_000384,Ki,=,9340.0,nM,9340.0,MEDIUM
BA_000385,Potency,=,7943.3,nM,7943.3,MEDIUM
BA_000386,Potency,=,8912.5,nM,8912.5,MEDIUM
BA_000387,Potency,=,3162.3,nM,3162.3,MEDIUM
BA_000388,Potency,,5168.2,nM,5168.2,MEDIUM
BA_000389,Potency,,10000.0,nM,10000.0,MEDIUM
BA_000390,Potency,,5798.8,nM,5798.8,MEDIUM
BA_000391,EC50,=,1200.0,nM,1200.0,MEDIUM
BA_000392,IC50,=,2160.0,nM,2160.0,MEDIUM
BA_000393,IC50,=,3.8,nM,3.8,HIGH
BA_000394,IC50,=,3890.0,nM,3890.0,MEDIUM
BA_000395,Kd,=,260.0,nM,260.0,HIGH
BA_000396,Potency,,8912.5,nM,8912.5,MEDIUM
BA_000397,IC50,=,7700.0,nM,7700.0,MEDIUM
BA_000398,IC50,=,550.0,nM,550.0,HIGH
BA_000399,IC50,=,4900.0,nM,4900.0,MEDIUM
BA_000400,IC50,=,3370.0,nM,3370.0,MEDIUM
BA_000401,IC50,=,1249.0,nM,1249.0,MEDIUM
BA_000402,IC50,=,79.0,nM,79.0,HIGH
BA_000403,IC50,=,850.0,nM,850.0,HIGH
BA_000404,Potency,=,3162.3,nM,3162.3,MEDIUM
BA_000405,Potency,=,7943.3,nM,7943.3,MEDIUM
BA_000406,Potency,=,6309.6,nM,6309.6,MEDIUM
BA_000407,Potency,=,8912.5,nM,8912.5,MEDIUM
BA_000408,Potency,=,10000.0,nM,10000.0,MEDIUM
BA_000409,Potency,=,8912.5,nM,8912.5,MEDIUM
BA_000410,Potency,=,398.1,nM,398.1,HIGH
BA_000411,Potency,=,2511.9,nM,2511.9,MEDIUM
BA_000412,Potency,=,3162.3,nM,3162.3,MEDIUM
BA_000413,Potency,=,7079.5,nM,7079.5,MEDIUM
BA_000414,Potency,=,5011.9,nM,5011.9,MEDIUM
BA_000415,IC50,=,8900.0,nM,8900.0,MEDIUM
BA_000416,Potency,,7304.8,nM,7304.8,MEDIUM
BA_000417,Potency,,10000.0,nM,10000.0,MEDIUM
BA_000418,Potency,,9196.2,nM,9196.2,MEDIUM
BA_000419,Ki,=,890.0,nM,890.0,HIGH
BA_000420,Ki,=,56.0,nM,56.0,HIGH
BA_000421,IC50,=,8200.0,nM,8200.0,MEDIUM
BA_000422,Potency,,3162.3,nM,3162.3,MEDIUM
BA_000423,Potency,,3981.1,nM,3981.1,MEDIUM
BA_000424,Potency,,3162.3,nM,3162.3,MEDIUM
BA_000425,Potency,,6309.6,nM,6309.6,MEDIUM
BA_000426,Potency,,891.3,nM,891.3,HIGH
BA_000427,Potency,,1500.3,nM,1500.3,MEDIUM
BA_000428,Potency,,266.8,nM,266.8,HIGH
BA_000429,EC50,=,7240.0,nM,7240.0,MEDIUM
BA_000430,EC50,=,3200.0,nM,3200.0,MEDIUM
BA_000431,IC50,=,3610.0,nM,3610.0,MEDIUM
BA_000432,IC50,=,5620.0,nM,5620.0,MEDIUM
BA_000433,IC50,=,980.0,nM,980.0,HIGH
BA_000434,Potency,,3662.6,nM,3662.6,MEDIUM
BA_000435,Potency,,18.4,nM,18.4,HIGH
BA_000436,Potency,,10000.0,nM,10000.0,MEDIUM
BA_000437,EC50,=,4500.0,nM,4500.0,MEDIUM
BA_000438,IC50,=,1500.0,nM,1500.0,MEDIUM
BA_000439,IC50,=,830.0,nM,830.0,HIGH
BA_000440,IC50,=,4265.8,nM,4265.8,MEDIUM
BA_000441,IC50,=,4200.0,nM,4200.0,MEDIUM
BA_000442,IC50,=,1071.52,nM,1071.52,MEDIUM
BA_000443,IC50,=,1100.0,nM,1100.0,MEDIUM
BA_000444,IC50,=,2398.83,nM,2398.83,MEDIUM
BA_000445,IC50,=,2400.0,nM,2400.0,MEDIUM
BA_000446,IC50,=,600.0,nM,600.0,HIGH
BA_000447,IC50,=,1600.0,nM,1600.0,MEDIUM
BA_000448,IC50,=,6400.0,nM,6400.0,MEDIUM
BA_000449,Potency,,3040.2,nM,3040.2,MEDIUM
BA_000450,Potency,,5011.9,nM,5011.9,MEDIUM
BA_000451,Potency,,3981.1,nM,3981.1,MEDIUM
BA_000452,Potency,,5623.4,nM,5623.4,MEDIUM
BA_000453,Potency,,3827.3,nM,3827.3,MEDIUM
BA_000454,Potency,,4466.8,nM,4466.8,MEDIUM
BA_000455,IC50,=,6400.0,nM,6400.0,MEDIUM
BA_000456,Ki,=,2900.0,nM,2900.0,MEDIUM
BA_000457,IC50,=,7000.0,nM,7000.0,MEDIUM
BA_000458,Kd,=,70.0,nM,70.0,HIGH
BA_000459,IC50,=,7800.0,nM,7800.0,MEDIUM
BA_000460,Ki,=,3691.6,nM,3691.6,MEDIUM
BA_000461,Ki,=,4.7,nM,4.7,HIGH
BA_000462,Ki,=,60.3,nM,60.3,HIGH
BA_000463,Ki,=,293.0,nM,293.0,HIGH
BA_000464,IC50,=,3200.0,nM,3200.0,MEDIUM
BA_000465,IC50,=,9200.0,nM,9200.0,MEDIUM
BA_000466,IC50,=,5000.0,nM,5000.0,MEDIUM
BA_000467,Ki,=,2400.0,nM,2400.0,MEDIUM
BA_000468,IC50,=,120.0,nM,120.0,HIGH
BA_000469,IC50,=,1300.0,nM,1300.0,MEDIUM
BA_000470,IC50,=,5500.0,nM,5500.0,MEDIUM
BA_000471,IC50,=,1300.0,nM,1300.0,MEDIUM
BA_000472,IC50,=,1600.0,nM,1600.0,MEDIUM
BA_000473,EC50,=,540.0,nM,540.0,HIGH
BA_000474,EC50,=,549.54,nM,549.54,HIGH
BA_000475,EC50,=,1800.0,nM,1800.0,MEDIUM
BA_000476,IC50,=,1000.0,nM,1000.0,HIGH
BA_000477,IC50,=,1000.0,nM,1000.0,HIGH
BA_000478,Potency,=,177.8,nM,177.8,HIGH
BA_000479,Potency,=,158.5,nM,158.5,HIGH
BA_000480,Potency,,2818.4,nM,2818.4,MEDIUM
BA_000481,IC50,=,1100.0,nM,1100.0,MEDIUM
BA_000482,Kd,=,4.8,nM,4.8,HIGH
BA_000483,IC50,=,10000.0,nM,10000.0,MEDIUM
BA_000484,IC50,=,6200.0,nM,6200.0,MEDIUM
BA_000485,EC50,=,316.23,nM,316.23,HIGH
BA_000486,Ki,=,6800.0,nM,6800.0,MEDIUM
BA_000487,Ki,=,9300.0,nM,9300.0,MEDIUM
BA_000488,EC50,=,4800.0,nM,4800.0,MEDIUM
BA_000489,IC50,=,690.0,nM,690.0,HIGH
BA_000490,EC50,=,6043.0,nM,6043.0,MEDIUM
BA_000491,IC50,=,5000.0,nM,5000.0,MEDIUM
BA_000492,Potency,=,6309.6,nM,6309.6,MEDIUM
BA_000493,Potency,,3.2,nM,3.2,HIGH
BA_000494,Potency,,2310.9,nM,2310.9,MEDIUM
BA_000495,IC50,=,5400.0,nM,5400.0,MEDIUM
BA_000496,Potency,,5804.8,nM,5804.8,MEDIUM
BA_000497,Potency,,707.9,nM,707.9,HIGH
BA_000498,Ki,=,2640.0,nM,2640.0,MEDIUM
BA_000499,EC50,=,7010.0,nM,7010.0,MEDIUM
BA_000500,IC50,=,6900.0,nM,6900.0,MEDIUM
BA_000501,Ki,=,185.0,nM,185.0,HIGH
BA_000502,Ki,=,248.0,nM,248.0,HIGH
BA_000503,Ki,=,6000.0,nM,6000.0,MEDIUM
BA_000504,Kd,=,200.0,nM,200.0,HIGH
BA_000505,Kd,=,900.0,nM,900.0,HIGH
BA_000506,Potency,,3162.3,nM,3162.3,MEDIUM
BA_000507,IC50,=,600.0,nM,600.0,HIGH
BA_000508,IC50,=,5300.0,nM,5300.0,MEDIUM
BA_000509,IC50,=,4100.0,nM,4100.0,MEDIUM
BA_000510,Potency,,5623.4,nM,5623.4,MEDIUM
BA_000511,Potency,,5011.9,nM,5011.9,MEDIUM
BA_000512,Potency,,3162.3,nM,3162.3,MEDIUM
BA_000513,IC50,=,8600.0,nM,8600.0,MEDIUM
BA_000514,Ki,=,1500.0,nM,1500.0,MEDIUM
BA_000515,IC50,=,6200.0,nM,6200.0,MEDIUM
BA_000516,IC50,=,510.5,nM,510.5,HIGH
BA_000517,IC50,=,930.0,nM,930.0,HIGH
BA_000518,IC50,=,2600.0,nM,2600.0,MEDIUM
BA_000519,IC50,=,1200.0,nM,1200.0,MEDIUM
BA_000520,IC50,=,1700.0,nM,1700.0,MEDIUM
BA_000521,Kd,=,802.0,nM,802.0,HIGH
BA_000522,Ki,=,336.0,nM,336.0,HIGH
BA_000523,Ki,=,802.0,nM,802.0,HIGH
BA_000524,Potency,,2511.9,nM,2511.9,MEDIUM
BA_000525,Potency,,2.2,nM,2.2,HIGH
BA_000526,Potency,,1.4,nM,1.4,HIGH
BA_000527,IC50,=,7400.0,nM,7400.0,MEDIUM
BA_000528,IC50,=,1500.0,nM,1500.0,MEDIUM
BA_000529,EC50,=,9.8,nM,9.8,HIGH
BA_000530,IC50,=,8800.0,nM,8800.0,MEDIUM
BA_000531,IC50,=,900.0,nM,900.0,HIGH
BA_000532,Potency,,354.8,nM,354.8,HIGH
BA_000533,Potency,,3.5,nM,3.5,HIGH
BA_000534,Potency,,14.1,nM,14.1,HIGH
BA_000535,IC50,=,6000.0,nM,6000.0,MEDIUM
BA_000536,IC50,=,1100.0,nM,1100.0,MEDIUM
BA_000537,IC50,=,2300.0,nM,2300.0,MEDIUM
BA_000538,IC50,=,1200.0,nM,1200.0,MEDIUM
BA_000539,Potency,=,5011.9,nM,5011.9,MEDIUM
BA_000540,Potency,=,100.0,nM,100.0,HIGH
BA_000541,Potency,,1412.5,nM,1412.5,MEDIUM
BA_000542,Potency,,794.3,nM,794.3,HIGH
BA_000543,IC50,=,919.0,nM,919.0,HIGH
BA_000544,IC50,=,4607.4,nM,4607.4,MEDIUM
BA_000545,IC50,=,3127.0,nM,3127.0,MEDIUM
BA_000546,IC50,=,4703.0,nM,4703.0,MEDIUM
BA_000547,IC50,=,4052.0,nM,4052.0,MEDIUM
BA_000548,IC50,=,185.0,nM,185.0,HIGH
BA_000549,IC50,=,375.0,nM,375.0,HIGH
BA_000550,IC50,=,22.0,nM,22.0,HIGH
BA_000551,IC50,=,79.0,nM,79.0,HIGH
BA_000552,IC50,=,325.0,nM,325.0,HIGH
BA_000553,Potency,,4610.9,nM,4610.9,MEDIUM
BA_000554,Potency,,4217.2,nM,4217.2,MEDIUM
BA_000555,IC50,=,4168.69,nM,4168.69,MEDIUM
BA_000556,Ki,=,3230.0,nM,3230.0,MEDIUM
BA_000557,IC50,=,2630.27,nM,2630.27,MEDIUM
BA_000558,Ki,=,1460.0,nM,1460.0,MEDIUM
BA_000559,Potency,,1.1,nM,1.1,HIGH
BA_000560,Potency,,5.3,nM,5.3,HIGH
BA_000561,Potency,=,1584.9,nM,1584.9,MEDIUM
BA_000562,Potency,=,6309.6,nM,6309.6,MEDIUM
BA_000563,IC50,=,2991.44,nM,2991.44,MEDIUM
BA_000564,Potency,=,3981.1,nM,3981.1,MEDIUM
BA_000565,Potency,=,398.1,nM,398.1,HIGH
BA_000566,Potency,,8912.5,nM,8912.5,MEDIUM
BA_000567,Potency,,10000.0,nM,10000.0,MEDIUM
BA_000568,Potency,,3548.1,nM,3548.1,MEDIUM
BA_000569,Potency,,1584.9,nM,1584.9,MEDIUM
BA_000570,Potency,,794.3,nM,794.3,HIGH
BA_000571,Potency,,1778.3,nM,1778.3,MEDIUM
BA_000572,Potency,,6513.1,nM,6513.1,MEDIUM
BA_000573,Potency,,3162.3,nM,3162.3,MEDIUM
BA_000574,Potency,,1078.7,nM,1078.7,MEDIUM
BA_000575,Potency,,3380.8,nM,3380.8,MEDIUM
BA_000576,Potency,,125.9,nM,125.9,HIGH
BA_000577,Potency,,961.4,nM,961.4,HIGH
BA_000578,Potency,,3358.7,nM,3358.7,MEDIUM
BA_000579,Potency,=,4466.8,nM,4466.8,MEDIUM
BA_000580,Potency,=,31.6,nM,31.6,HIGH
BA_000581,Potency,,5804.8,nM,5804.8,MEDIUM
BA_000582,Potency,,2660.9,nM,2660.9,MEDIUM
BA_000583,Potency,,891.3,nM,891.3,HIGH
BA_000584,Potency,=,794.3,nM,794.3,HIGH
BA_000585,Potency,,3162.3,nM,3162.3,MEDIUM
BA_000586,EC50,=,1900.0,nM,1900.0,MEDIUM
BA_000587,Ki,=,150.0,nM,150.0,HIGH
BA_000588,EC50,=,9580.0,nM,9580.0,MEDIUM
BA_000589,Potency,=,10000.0,nM,10000.0,MEDIUM
BA_000590,Potency,=,7079.5,nM,7079.5,MEDIUM
BA_000591,Potency,,1995.3,nM,1995.3,MEDIUM
BA_000592,Potency,,84.1,nM,84.1,HIGH
BA_000593,Potency,,3349.8,nM,3349.8,MEDIUM
BA_000594,Potency,,8414.4,nM,8414.4,MEDIUM
BA_000595,Potency,,290.9,nM,290.9,HIGH
BA_000596,IC50,=,1.0,nM,1.0,HIGH
BA_000597,Potency,,35.5,nM,35.5,HIGH
BA_000598,Potency,,6859.0,nM,6859.0,MEDIUM
BA_000599,Potency,,0.9,nM,0.9,HIGH
BA_000600,Potency,,1.0,nM,1.0,HIGH
BA_000601,IC50,=,3100.0,nM,3100.0,MEDIUM
BA_000602,Potency,,4466.8,nM,4466.8,MEDIUM
BA_000603,Potency,,1584.9,nM,1584.9,MEDIUM
BA_000604,Potency,,39.8,nM,39.8,HIGH
BA_000605,Potency,,12.6,nM,12.6,HIGH
BA_000606,Potency,,5623.4,nM,5623.4,MEDIUM
BA_000607,Potency,,10000.0,nM,10000.0,MEDIUM
BA_000608,Potency,=,6309.6,nM,6309.6,MEDIUM
BA_000609,Potency,=,3.5,nM,3.5,HIGH
BA_000610,IC50,=,3000.0,nM,3000.0,MEDIUM
BA_000611,IC50,=,4000.0,nM,4000.0,MEDIUM
BA_000612,EC50,=,7000.0,nM,7000.0,MEDIUM
BA_000613,Potency,=,10000.0,nM,10000.0,MEDIUM
BA_000614,Potency,=,631.0,nM,631.0,HIGH
BA_000615,Potency,,3662.6,nM,3662.6,MEDIUM
BA_000616,Potency,,1.1,nM,1.1,HIGH
BA_000617,Ki,=,2940.0,nM,2940.0,MEDIUM
BA_000618,Potency,=,5011.9,nM,5011.9,MEDIUM
BA_000619,Potency,=,12.6,nM,12.6,HIGH
BA_000620,Potency,,7307.8,nM,7307.8,MEDIUM
BA_000621,Potency,,580.2,nM,580.2,HIGH
BA_000622,Potency,,149.6,nM,149.6,HIGH
BA_000623,IC50,=,7100.0,nM,7100.0,MEDIUM
BA_000624,IC50,=,910.0,nM,910.0,HIGH
BA_000625,Ki,=,3150.0,nM,3150.0,MEDIUM
BA_000626,IC50,=,1800.0,nM,1800.0,MEDIUM
BA_000627,Ki,=,6900.0,nM,6900.0,MEDIUM
BA_000628,IC50,=,77.0,nM,77.0,HIGH
BA_000629,IC50,=,40.0,nM,40.0,HIGH
BA_000630,Potency,=,3162.3,nM,3162.3,MEDIUM
BA_000631,Kd,=,5888.44,nM,5888.44,MEDIUM
BA_000632,Ki,=,568.3,nM,568.3,HIGH
BA_000633,Ki,=,24.5,nM,24.5,HIGH
BA_000634,Ki,=,41.8,nM,41.8,HIGH
BA_000635,IC50,=,3.0,nM,3.0,HIGH
BA_000636,IC50,=,130.0,nM,130.0,HIGH
BA_000637,IC50,=,3650.0,nM,3650.0,MEDIUM
BA_000638,IC50,=,450.0,nM,450.0,HIGH
BA_000639,Ki,=,5600.0,nM,5600.0,MEDIUM
BA_000640,Ki,=,5900.0,nM,5900.0,MEDIUM
BA_000641,Potency,,4744.4,nM,4744.4,MEDIUM
BA_000642,Kd,=,1579.0,nM,1579.0,MEDIUM
BA_000643,Kd,=,1845.0,nM,1845.0,MEDIUM
BA_000644,IC50,=,0.054,nM,0.054,HIGH
BA_000645,Ki,=,7000.0,nM,7000.0,MEDIUM
BA_000646,Kd,=,9000.0,nM,9000.0,MEDIUM
BA_000647,Kd,=,2300.0,nM,2300.0,MEDIUM
BA_000648,IC50,=,2089.3,nM,2089.3,MEDIUM
BA_000649,Ki,=,2000.0,nM,2000.0,MEDIUM
BA_000650,Kd,=,2200.0,nM,2200.0,MEDIUM
BA_000651,Ki,=,1.9,nM,1.9,HIGH
BA_000652,Potency,=,20.0,nM,20.0,HIGH
BA_000653,Potency,,0.7,nM,0.7,HIGH
BA_000654,Potency,,1584.9,nM,1584.9,MEDIUM
BA_000655,Potency,,96.9,nM,96.9,HIGH
BA_000656,Potency,,3162.3,nM,3162.3,MEDIUM
BA_000657,Potency,,1584.9,nM,1584.9,MEDIUM
BA_000658,Potency,=,6.3,nM,6.3,HIGH
BA_000659,Potency,,33.5,nM,33.5,HIGH
BA_000660,IC50,=,4900.0,nM,4900.0,MEDIUM
BA_000661,IC50,=,10.0,nM,10.0,HIGH
BA_000662,IC50,=,39.81,nM,39.81,HIGH
BA_000663,IC50,=,3680.0,nM,3680.0,MEDIUM
BA_000664,IC50,=,1900.0,nM,1900.0,MEDIUM
BA_000665,IC50,=,100.0,nM,100.0,HIGH
BA_000666,IC50,=,560.0,nM,560.0,HIGH
BA_000667,Ki,=,2500.0,nM,2500.0,MEDIUM
BA_000668,IC50,=,3900.0,nM,3900.0,MEDIUM
BA_000669,IC50,=,8800.0,nM,8800.0,MEDIUM
BA_000670,IC50,=,7600.0,nM,7600.0,MEDIUM
BA_000671,IC50,=,3370.0,nM,3370.0,MEDIUM
BA_000672,IC50,=,3400.0,nM,3400.0,MEDIUM
BA_000673,EC50,=,2250.0,nM,2250.0,MEDIUM
BA_000674,IC50,=,4200.0,nM,4200.0,MEDIUM
BA_000675,IC50,=,3840.0,nM,3840.0,MEDIUM
BA_000676,IC50,=,5600.0,nM,5600.0,MEDIUM
BA_000677,Potency,,517.4,nM,517.4,HIGH
BA_000678,IC50,=,9500.0,nM,9500.0,MEDIUM
BA_000679,Ki,=,6000.0,nM,6000.0,MEDIUM
BA_000680,IC50,=,3000.0,nM,3000.0,MEDIUM
BA_000681,IC50,=,3000.0,nM,3000.0,MEDIUM
BA_000682,IC50,=,4000.0,nM,4000.0,MEDIUM
BA_000683,Ki,=,3560.0,nM,3560.0,MEDIUM
BA_000684,Ki,=,660.0,nM,660.0,HIGH
BA_000685,Ki,=,940.0,nM,940.0,HIGH
BA_000686,Ki,=,160.0,nM,160.0,HIGH
BA_000687,Ki,=,72.0,nM,72.0,HIGH
BA_000688,IC50,=,90.0,nM,90.0,HIGH
BA_000689,IC50,=,5050.1,nM,5050.1,MEDIUM
BA_000690,IC50,=,2600.0,nM,2600.0,MEDIUM
BA_000691,IC50,=,1100.0,nM,1100.0,MEDIUM
BA_000692,IC50,=,3020.0,nM,3020.0,MEDIUM
BA_000693,IC50,=,2010.0,nM,2010.0,MEDIUM
BA_000694,IC50,=,1900.0,nM,1900.0,MEDIUM
BA_000695,IC50,=,4230.0,nM,4230.0,MEDIUM
BA_000696,IC50,=,4440.0,nM,4440.0,MEDIUM
BA_000697,IC50,=,980.0,nM,980.0,HIGH
BA_000698,IC50,=,1030.0,nM,1030.0,MEDIUM
BA_000699,IC50,=,1170.0,nM,1170.0,MEDIUM
BA_000700,IC50,=,1000.0,nM,1000.0,HIGH
BA_000701,IC50,=,5460.0,nM,5460.0,MEDIUM
BA_000702,IC50,=,1536.0,nM,1536.0,MEDIUM
BA_000703,IC50,=,700.0,nM,700.0,HIGH
BA_000704,IC50,=,730.0,nM,730.0,HIGH
BA_000705,IC50,=,2300.0,nM,2300.0,MEDIUM
BA_000706,IC50,=,1600.0,nM,1600.0,MEDIUM
BA_000707,IC50,=,1000.0,nM,1000.0,HIGH
BA_000708,IC50,=,5400.0,nM,5400.0,MEDIUM
BA_000709,IC50,=,3480.0,nM,3480.0,MEDIUM
BA_000710,IC50,=,7860.0,nM,7860.0,MEDIUM
BA_000711,IC50,=,4.975,nM,4.975,HIGH
BA_000712,IC50,=,2000.0,nM,2000.0,MEDIUM
BA_000713,IC50,=,3320.0,nM,3320.0,MEDIUM
BA_000714,IC50,=,2058.0,nM,2058.0,MEDIUM
BA_000715,IC50,=,5000.0,nM,5000.0,MEDIUM
BA_000716,IC50,=,2500.0,nM,2500.0,MEDIUM
BA_000717,IC50,=,2400.0,nM,2400.0,MEDIUM
BA_000718,IC50,=,1620.0,nM,1620.0,MEDIUM
BA_000719,IC50,=,4890.0,nM,4890.0,MEDIUM
BA_000720,IC50,=,6420.0,nM,6420.0,MEDIUM
BA_000721,IC50,=,2690.0,nM,2690.0,MEDIUM
BA_000722,IC50,=,4300.0,nM,4300.0,MEDIUM
BA_000723,IC50,=,2960.0,nM,2960.0,MEDIUM
BA_000724,IC50,=,3300.0,nM,3300.0,MEDIUM
BA_000725,IC50,=,500.0,nM,500.0,HIGH
BA_000726,IC50,=,700.0,nM,700.0,HIGH
BA_000727,IC50,=,2950.0,nM,2950.0,MEDIUM
BA_000728,IC50,=,2950.0,nM,2950.0,MEDIUM
BA_000729,IC50,=,990.0,nM,990.0,HIGH
BA_000730,Ki,=,72.0,nM,72.0,HIGH
BA_000731,Ki,=,4000.0,nM,4000.0,MEDIUM
BA_000732,IC50,=,900.0,nM,900.0,HIGH
BA_000733,Ki,=,8710.0,nM,8710.0,MEDIUM
BA_000734,Ki,=,9060.0,nM,9060.0,MEDIUM
BA_000735,Ki,=,7870.0,nM,7870.0,MEDIUM
BA_000736,Ki,=,6420.0,nM,6420.0,MEDIUM
BA_000737,Ki,=,7330.0,nM,7330.0,MEDIUM
BA_000738,Ki,=,9080.0,nM,9080.0,MEDIUM
BA_000739,Ki,=,6490.0,nM,6490.0,MEDIUM
BA_000740,Ki,=,10000.0,nM,10000.0,MEDIUM
BA_000741,Ki,=,1610.0,nM,1610.0,MEDIUM
BA_000742,Ki,=,2380.0,nM,2380.0,MEDIUM
BA_000743,IC50,=,3060.0,nM,3060.0,MEDIUM
BA_000744,Potency,=,2818.4,nM,2818.4,MEDIUM
BA_000745,Potency,=,141.3,nM,141.3,HIGH
BA_000746,Potency,=,562.3,nM,562.3,HIGH
BA_000747,Potency,=,794.3,nM,794.3,HIGH
BA_000748,Potency,=,8912.5,nM,8912.5,MEDIUM
BA_000749,Potency,=,1995.3,nM,1995.3,MEDIUM
BA_000750,Potency,=,7943.3,nM,7943.3,MEDIUM
BA_000751,Potency,,3162.3,nM,3162.3,MEDIUM
BA_000752,Potency,,2511.9,nM,2511.9,MEDIUM
BA_000753,IC50,=,21.22,nM,21.22,HIGH
BA_000754,IC50,=,24.26,nM,24.26,HIGH
BA_000755,IC50,=,238.91,nM,238.91,HIGH
BA_000756,IC50,=,10.0,nM,10.0,HIGH
BA_000757,Potency,,8492.1,nM,8492.1,MEDIUM
BA_000758,IC50,=,8500.0,nM,8500.0,MEDIUM
BA_000759,IC50,=,3370.0,nM,3370.0,MEDIUM
BA_000760,IC50,=,124.6,nM,124.6,HIGH
BA_000761,IC50,=,2880.0,nM,2880.0,MEDIUM
BA_000762,Potency,=,2238.7,nM,2238.7,MEDIUM
BA_000763,Potency,=,891.3,nM,891.3,HIGH
BA_000764,Potency,=,3548.1,nM,3548.1,MEDIUM
BA_000765,Potency,=,10000.0,nM,10000.0,MEDIUM
BA_000766,Potency,,8912.5,nM,8912.5,MEDIUM
BA_000767,Potency,,1683.4,nM,1683.4,MEDIUM
BA_000768,Potency,,10000.0,nM,10000.0,MEDIUM
BA_000769,Potency,,3013.1,nM,3013.1,MEDIUM
BA_000770,EC50,=,6200.0,nM,6200.0,MEDIUM
BA_000771,Potency,,10000.0,nM,10000.0,MEDIUM
BA_000772,Potency,,8912.5,nM,8912.5,MEDIUM
BA_000773,EC50,=,2600.0,nM,2600.0,MEDIUM
BA_000774,EC50,=,5200.0,nM,5200.0,MEDIUM
BA_000775,Potency,=,5011.9,nM,5011.9,MEDIUM
BA_000776,Potency,=,125.9,nM,125.9,HIGH
BA_000777,Potency,,10000.0,nM,10000.0,MEDIUM
BA_000778,Potency,,794.3,nM,794.3,HIGH
BA_000779,Potency,,7943.3,nM,7943.3,MEDIUM
BA_000780,Potency,,3162.3,nM,3162.3,MEDIUM
BA_000781,Potency,,150.0,nM,150.0,HIGH
BA_000782,Potency,,0.7,nM,0.7,HIGH
BA_000783,EC50,=,3235.94,nM,3235.94,MEDIUM
BA_000784,EC50,=,2884.03,nM,2884.03,MEDIUM
BA_000785,Kd,=,2000.0,nM,2000.0,MEDIUM
BA_000786,Potency,,4109.5,nM,4109.5,MEDIUM
BA_000787,IC50,=,1200.0,nM,1200.0,MEDIUM
BA_000788,Kd,=,7.9,nM,7.9,HIGH
BA_000789,IC50,=,6000.0,nM,6000.0,MEDIUM
BA_000790,Ki,=,4000.0,nM,4000.0,MEDIUM
BA_000791,Potency,,9466.2,nM,9466.2,MEDIUM
BA_000792,EC50,=,2.0,nM,2.0,HIGH
BA_000793,EC50,=,2500.0,nM,2500.0,MEDIUM
BA_000794,EC50,=,3162.28,nM,3162.28,MEDIUM
BA_000795,EC50,=,3000.0,nM,3000.0,MEDIUM
BA_000796,IC50,=,6000.0,nM,6000.0,MEDIUM
BA_000797,Kd,=,2420.0,nM,2420.0,MEDIUM
BA_000798,Potency,=,112.2,nM,112.2,HIGH
BA_000799,Potency,,3981.1,nM,3981.1,MEDIUM
BA_000800,IC50,=,500.0,nM,500.0,HIGH
BA_000801,Potency,,17.8,nM,17.8,HIGH
BA_000802,Potency,,145.8,nM,145.8,HIGH
BA_000803,EC50,=,7420.0,nM,7420.0,MEDIUM
BA_000804,EC50,=,6080.0,nM,6080.0,MEDIUM
BA_000805,EC50,=,4500.0,nM,4500.0,MEDIUM
BA_000806,EC50,=,10000.0,nM,10000.0,MEDIUM
BA_000807,EC50,=,4600.0,nM,4600.0,MEDIUM
BA_000808,Ki,=,1780.0,nM,1780.0,MEDIUM
BA_000809,EC50,=,7600.0,nM,7600.0,MEDIUM
BA_000810,Potency,=,12.6,nM,12.6,HIGH
BA_000811,Potency,,3162.3,nM,3162.3,MEDIUM
BA_000812,Potency,,5.6,nM,5.6,HIGH
BA_000813,Potency,,7079.5,nM,7079.5,MEDIUM
BA_000814,Potency,,3981.1,nM,3981.1,MEDIUM
BA_000815,EC50,=,7943.28,nM,7943.28,MEDIUM
BA_000816,EC50,=,758.58,nM,758.58,HIGH
BA_000817,EC50,=,8709.64,nM,8709.64,MEDIUM
BA_000818,EC50,=,7585.78,nM,7585.78,MEDIUM
BA_000819,Ki,=,2170.0,nM,2170.0,MEDIUM
BA_000820,EC50,=,8870.0,nM,8870.0,MEDIUM
BA_000821,EC50,=,3490.0,nM,3490.0,MEDIUM
BA_000822,EC50,=,8800.0,nM,8800.0,MEDIUM
BA_000823,IC50,=,300.0,nM,300.0,HIGH
BA_000824,IC50,=,7500.0,nM,7500.0,MEDIUM
BA_000825,IC50,=,40.0,nM,40.0,HIGH
BA_000826,Ki,=,2320.0,nM,2320.0,MEDIUM
BA_000827,Ki,=,2180.0,nM,2180.0,MEDIUM
BA_000828,Ki,=,9080.0,nM,9080.0,MEDIUM
BA_000829,Ki,=,7590.0,nM,7590.0,MEDIUM
BA_000830,Ki,=,7060.0,nM,7060.0,MEDIUM
BA_000831,Ki,=,6320.0,nM,6320.0,MEDIUM
BA_000832,Ki,=,9370.0,nM,9370.0,MEDIUM
BA_000833,Ki,=,8910.0,nM,8910.0,MEDIUM
BA_000834,Potency,=,1122.0,nM,1122.0,MEDIUM
BA_000835,Potency,=,3981.1,nM,3981.1,MEDIUM
BA_000836,Potency,=,3981.1,nM,3981.1,MEDIUM
BA_000837,Potency,=,3162.3,nM,3162.3,MEDIUM
BA_000838,Potency,=,1584.9,nM,1584.9,MEDIUM
BA_000839,Potency,=,125.9,nM,125.9,HIGH
BA_000840,Potency,=,562.3,nM,562.3,HIGH
BA_000841,Potency,=,794.3,nM,794.3,HIGH
BA_000842,Potency,=,10000.0,nM,10000.0,MEDIUM
BA_000843,Potency,=,14.1,nM,14.1,HIGH
BA_000844,Potency,=,70.8,nM,70.8,HIGH
BA_000845,Potency,=,50.1,nM,50.1,HIGH
BA_000846,Potency,=,100.0,nM,100.0,HIGH
BA_000847,IC50,=,142.0,nM,142.0,HIGH
BA_000848,Potency,=,891.3,nM,891.3,HIGH
BA_000849,Potency,=,125.9,nM,125.9,HIGH
BA_000850,Potency,=,4466.8,nM,4466.8,MEDIUM
BA_000851,IC50,=,760.0,nM,760.0,HIGH
BA_000852,Potency,=,1122.0,nM,1122.0,MEDIUM
BA_000853,Potency,=,1995.3,nM,1995.3,MEDIUM
BA_000854,Potency,=,223.9,nM,223.9,HIGH
BA_000855,Potency,=,158.5,nM,158.5,HIGH
BA_000856,Potency,,707.9,nM,707.9,HIGH
BA_000857,IC50,<,1230.0,nM,1230.0,MEDIUM
BA_000858,Potency,,4.0,nM,4.0,HIGH
BA_000859,Potency,,1258.9,nM,1258.9,MEDIUM
BA_000860,Potency,,6309.6,nM,6309.6,MEDIUM
BA_000861,IC50,<,980.0,nM,980.0,HIGH
BA_000862,Potency,,1000.0,nM,1000.0,HIGH
BA_000863,Potency,,1584.9,nM,1584.9,MEDIUM
BA_000864,Potency,,100.0,nM,100.0,HIGH
BA_000865,Potency,,794.3,nM,794.3,HIGH
BA_000866,Potency,,125.9,nM,125.9,HIGH
BA_000867,Potency,,251.2,nM,251.2,HIGH
BA_000868,IC50,=,200.0,nM,200.0,HIGH
BA_000869,IC50,=,3340.0,nM,3340.0,MEDIUM
BA_000870,IC50,=,510.0,nM,510.0,HIGH
BA_000871,IC50,=,2480.0,nM,2480.0,MEDIUM
BA_000872,IC50,=,2500.0,nM,2500.0,MEDIUM
BA_000873,IC50,=,1760.0,nM,1760.0,MEDIUM
BA_000874,IC50,=,690.0,nM,690.0,HIGH
BA_000875,IC50,=,1830.0,nM,1830.0,MEDIUM
BA_000876,IC50,=,3540.0,nM,3540.0,MEDIUM
BA_000877,IC50,=,3110.0,nM,3110.0,MEDIUM
BA_000878,IC50,=,250.0,nM,250.0,HIGH
BA_000879,IC50,=,800.0,nM,800.0,HIGH
BA_000880,IC50,=,790.0,nM,790.0,HIGH
BA_000881,IC50,=,1540.0,nM,1540.0,MEDIUM
BA_000882,IC50,=,340.0,nM,340.0,HIGH
BA_000883,IC50,=,580.0,nM,580.0,HIGH
BA_000884,IC50,=,1300.0,nM,1300.0,MEDIUM
BA_000885,IC50,=,3340.0,nM,3340.0,MEDIUM
BA_000886,IC50,=,2970.0,nM,2970.0,MEDIUM
BA_000887,IC50,=,260.0,nM,260.0,HIGH
BA_000888,IC50,=,2370.0,nM,2370.0,MEDIUM
BA_000889,EC50,=,110.0,nM,110.0,HIGH
BA_000890,EC50,=,2960.0,nM,2960.0,MEDIUM
BA_000891,IC50,=,100.0,nM,100.0,HIGH
BA_000892,IC50,=,270.0,nM,270.0,HIGH
BA_000893,Potency,,4.6,nM,4.6,HIGH
BA_000894,Potency,,2818.4,nM,2818.4,MEDIUM
BA_000895,Potency,,1258.9,nM,1258.9,MEDIUM
BA_000896,Ki,=,8790.0,nM,8790.0,MEDIUM
BA_000897,Ki,=,8150.0,nM,8150.0,MEDIUM
BA_000898,Ki,=,4240.0,nM,4240.0,MEDIUM
BA_000899,Potency,,130.0,nM,130.0,HIGH
BA_000900,Potency,,8436.8,nM,8436.8,MEDIUM
BA_000901,Potency,,11.2,nM,11.2,HIGH
BA_000902,Potency,,44.7,nM,44.7,HIGH
BA_000903,Potency,,10000.0,nM,10000.0,MEDIUM
BA_000904,IC50,=,3900.0,nM,3900.0,MEDIUM
BA_000905,IC50,=,62.0,nM,62.0,HIGH
BA_000906,IC50,=,62.0,nM,62.0,HIGH
BA_000907,IC50,=,3500.0,nM,3500.0,MEDIUM
BA_000908,IC50,=,5500.0,nM,5500.0,MEDIUM
BA_000909,IC50,=,600.0,nM,600.0,HIGH
BA_000910,IC50,=,4770.0,nM,4770.0,MEDIUM
BA_000911,Ki,=,1950.0,nM,1950.0,MEDIUM
BA_000912,Ki,=,20.0,nM,20.0,HIGH
BA_000913,IC50,=,510.0,nM,510.0,HIGH
BA_000914,Kd,=,371.0,nM,371.0,HIGH
BA_000915,IC50,=,2930.0,nM,2930.0,MEDIUM
BA_000916,EC50,=,1600.0,nM,1600.0,MEDIUM
BA_000917,IC50,=,3000.0,nM,3000.0,MEDIUM
BA_000918,IC50,=,1850.0,nM,1850.0,MEDIUM
BA_000919,IC50,=,1980.0,nM,1980.0,MEDIUM
BA_000920,IC50,=,740.0,nM,740.0,HIGH
BA_000921,IC50,=,32.0,nM,32.0,HIGH
BA_000922,Potency,,4610.9,nM,4610.9,MEDIUM
BA_000923,Potency,,366.3,nM,366.3,HIGH
BA_000924,Potency,,354.8,nM,354.8,HIGH
BA_000925,IC50,=,50.0,nM,50.0,HIGH
BA_000926,IC50,=,100.0,nM,100.0,HIGH
BA_000927,IC50,=,1500.0,nM,1500.0,MEDIUM
BA_000928,IC50,=,500.0,nM,500.0,HIGH
BA_000929,Potency,,63.1,nM,63.1,HIGH
BA_000930,Potency,,8412.7,nM,8412.7,MEDIUM
BA_000931,Potency,=,7943.3,nM,7943.3,MEDIUM
BA_000932,Potency,=,3981.1,nM,3981.1,MEDIUM
BA_000933,Potency,=,10000.0,nM,10000.0,MEDIUM
BA_000934,Potency,=,10000.0,nM,10000.0,MEDIUM
BA_000935,Potency,,6309.6,nM,6309.6,MEDIUM
BA_000936,Potency,,0.7,nM,0.7,HIGH
BA_000937,Potency,,1412.5,nM,1412.5,MEDIUM
BA_000938,IC50,=,8800.0,nM,8800.0,MEDIUM
BA_000939,EC50,=,1040.0,nM,1040.0,MEDIUM
BA_000940,Potency,=,3162.3,nM,3162.3,MEDIUM
BA_000941,Potency,,3981.1,nM,3981.1,MEDIUM
BA_000942,Potency,,8912.5,nM,8912.5,MEDIUM
BA_000943,Potency,,6309.6,nM,6309.6,MEDIUM
BA_000944,Potency,,920.0,nM,920.0,HIGH
BA_000945,Potency,,8912.5,nM,8912.5,MEDIUM
BA_000946,Potency,,3162.3,nM,3162.3,MEDIUM
BA_000947,IC50,=,2000.0,nM,2000.0,MEDIUM
BA_000948,Potency,,7307.8,nM,7307.8,MEDIUM
BA_000949,Potency,,6513.1,nM,6513.1,MEDIUM
BA_000950,Potency,,7079.5,nM,7079.5,MEDIUM
BA_000951,Kd,=,4500.0,nM,4500.0,MEDIUM
BA_000952,Kd,=,1300.0,nM,1300.0,MEDIUM
BA_000953,Kd,=,593.0,nM,593.0,HIGH
BA_000954,Potency,,730.8,nM,730.8,HIGH
BA_000955,Potency,,562.3,nM,562.3,HIGH
BA_000956,Potency,,6309.6,nM,6309.6,MEDIUM
BA_000957,Ki,=,4590.0,nM,4590.0,MEDIUM
BA_000958,IC50,=,3920.0,nM,3920.0,MEDIUM
BA_000959,Potency,=,3162.3,nM,3162.3,MEDIUM
BA_000960,Potency,,5623.4,nM,5623.4,MEDIUM
BA_000961,IC50,=,1284.0,nM,1284.0,MEDIUM
BA_000962,Ki,=,72.8,nM,72.8,HIGH
BA_000963,Ki,=,4.3,nM,4.3,HIGH
BA_000964,Ki,=,31.1,nM,31.1,HIGH
BA_000965,IC50,=,4770.0,nM,4770.0,MEDIUM
BA_000966,Kd,=,2800.0,nM,2800.0,MEDIUM
BA_000967,IC50,=,3500.0,nM,3500.0,MEDIUM
BA_000968,Kd,=,3240.0,nM,3240.0,MEDIUM
BA_000969,Potency,,1062.1,nM,1062.1,MEDIUM
BA_000970,Potency,=,0.9,nM,0.9,HIGH
BA_000971,Potency,=,3162.3,nM,3162.3,MEDIUM
BA_000972,Potency,,1000.0,nM,1000.0,HIGH
BA_000973,Ki,=,5410.0,nM,5410.0,MEDIUM
BA_000974,Ki,=,8600.0,nM,8600.0,MEDIUM
BA_000975,Potency,,651.3,nM,651.3,HIGH
BA_000976,Potency,,231.1,nM,231.1,HIGH
BA_000977,Potency,,891.3,nM,891.3,HIGH
BA_000978,Potency,,2660.9,nM,2660.9,MEDIUM
BA_000979,IC50,=,2951.21,nM,2951.21,MEDIUM
BA_000980,Ki,=,2260.0,nM,2260.0,MEDIUM
BA_000981,IC50,=,616.6,nM,616.6,HIGH
BA_000982,Ki,=,340.0,nM,340.0,HIGH
BA_000983,IC50,<,10000.0,nM,10000.0,MEDIUM
BA_000984,IC50,=,8800.0,nM,8800.0,MEDIUM
BA_000985,Ki,=,3000.0,nM,3000.0,MEDIUM
BA_000986,IC50,=,3600.0,nM,3600.0,MEDIUM
BA_000987,IC50,=,3100.0,nM,3100.0,MEDIUM
BA_000988,IC50,=,3080.0,nM,3080.0,MEDIUM
BA_000989,IC50,=,3330.0,nM,3330.0,MEDIUM
BA_000990,EC50,=,1430.0,nM,1430.0,MEDIUM
BA_000991,IC50,=,3800.0,nM,3800.0,MEDIUM
BA_000992,IC50,=,3900.0,nM,3900.0,MEDIUM
BA_000993,IC50,=,1900.0,nM,1900.0,MEDIUM
BA_000994,IC50,=,2500.0,nM,2500.0,MEDIUM
BA_000995,Potency,=,158.5,nM,158.5,HIGH
BA_000996,IC50,=,3400.0,nM,3400.0,MEDIUM
BA_000997,IC50,=,6700.0,nM,6700.0,MEDIUM
BA_000998,IC50,=,2300.0,nM,2300.0,MEDIUM
BA_000999,IC50,=,7200.0,nM,7200.0,MEDIUM
BA_001000,IC50,=,3800.0,nM,3800.0,MEDIUM
BA_001001,Ki,=,3400.0,nM,3400.0,MEDIUM
BA_001002,Ki,=,6000.0,nM,6000.0,MEDIUM
BA_001003,Ki,=,3700.0,nM,3700.0,MEDIUM
BA_001004,Ki,=,2100.0,nM,2100.0,MEDIUM
BA_001005,Ki,=,2800.0,nM,2800.0,MEDIUM
BA_001006,Ki,=,2000.0,nM,2000.0,MEDIUM
BA_001007,IC50,=,2400.0,nM,2400.0,MEDIUM
BA_001008,IC50,=,2750.0,nM,2750.0,MEDIUM
BA_001009,IC50,=,4120.0,nM,4120.0,MEDIUM
BA_001010,IC50,=,680.0,nM,680.0,HIGH
BA_001011,IC50,=,130.0,nM,130.0,HIGH
BA_001012,IC50,=,1060.0,nM,1060.0,MEDIUM
BA_001013,IC50,=,9410.0,nM,9410.0,MEDIUM
BA_001014,IC50,=,4000.0,nM,4000.0,MEDIUM
BA_001015,IC50,=,3500.0,nM,3500.0,MEDIUM
BA_001016,Ki,=,6400.0,nM,6400.0,MEDIUM
BA_001017,IC50,=,5200.0,nM,5200.0,MEDIUM
BA_001018,IC50,=,8900.0,nM,8900.0,MEDIUM
BA_001019,IC50,=,5400.0,nM,5400.0,MEDIUM
BA_001020,IC50,=,5460.0,nM,5460.0,MEDIUM
BA_001021,IC50,=,7000.0,nM,7000.0,MEDIUM
BA_001022,IC50,=,31.0,nM,31.0,HIGH
BA_001023,IC50,=,5000.0,nM,5000.0,MEDIUM
BA_001024,IC50,=,5100.0,nM,5100.0,MEDIUM
BA_001025,IC50,=,6.4,nM,6.4,HIGH
BA_001026,IC50,=,2580.0,nM,2580.0,MEDIUM
BA_001027,IC50,=,2600.0,nM,2600.0,MEDIUM
BA_001028,IC50,=,0.75,nM,0.75,HIGH
BA_001029,EC50,=,1100.0,nM,1100.0,MEDIUM
BA_001030,IC50,=,2490.0,nM,2490.0,MEDIUM
BA_001031,Ki,=,2000.0,nM,2000.0,MEDIUM
BA_001032,IC50,=,3000.0,nM,3000.0,MEDIUM
BA_001033,IC50,=,2150.0,nM,2150.0,MEDIUM
BA_001034,IC50,=,2800.0,nM,2800.0,MEDIUM
BA_001035,EC50,=,1318.26,nM,1318.26,MEDIUM
BA_001036,IC50,=,2000.0,nM,2000.0,MEDIUM
BA_001037,Ki,=,5740.0,nM,5740.0,MEDIUM
BA_001038,Potency,=,10000.0,nM,10000.0,MEDIUM
BA_001039,Potency,=,7079.5,nM,7079.5,MEDIUM
BA_001040,IC50,=,2927.18,nM,2927.18,MEDIUM
BA_001041,Potency,=,112.2,nM,112.2,HIGH
BA_001042,Potency,=,5011.9,nM,5011.9,MEDIUM
BA_001043,IC50,=,2988.26,nM,2988.26,MEDIUM
BA_001044,Potency,=,3162.3,nM,3162.3,MEDIUM
BA_001045,Potency,=,562.3,nM,562.3,HIGH
BA_001046,Potency,=,4466.8,nM,4466.8,MEDIUM
BA_001047,Potency,,103.2,nM,103.2,HIGH
BA_001048,Potency,,3793.3,nM,3793.3,MEDIUM
BA_001049,Potency,,2377.8,nM,2377.8,MEDIUM
BA_001050,Potency,,3162.3,nM,3162.3,MEDIUM
BA_001051,Potency,,4466.8,nM,4466.8,MEDIUM
BA_001052,Potency,,4228.4,nM,4228.4,MEDIUM
BA_001053,EC50,=,1330.0,nM,1330.0,MEDIUM
BA_001054,IC50,=,1600.0,nM,1600.0,MEDIUM
BA_001055,Potency,,8493.6,nM,8493.6,MEDIUM
BA_001056,IC50,=,1600.0,nM,1600.0,MEDIUM
BA_001057,IC50,=,4300.0,nM,4300.0,MEDIUM
BA_001058,Ki,=,7900.0,nM,7900.0,MEDIUM
BA_001059,IC50,=,6020.0,nM,6020.0,MEDIUM
BA_001060,IC50,=,8500.0,nM,8500.0,MEDIUM
BA_001061,IC50,=,2600.0,nM,2600.0,MEDIUM
BA_001062,IC50,=,1610.0,nM,1610.0,MEDIUM
BA_001063,IC50,=,7800.0,nM,7800.0,MEDIUM
BA_001064,IC50,=,7130.0,nM,7130.0,MEDIUM
BA_001065,IC50,=,2580.0,nM,2580.0,MEDIUM
BA_001066,IC50,=,7400.0,nM,7400.0,MEDIUM
BA_001067,Ki,=,2000.0,nM,2000.0,MEDIUM
BA_001068,IC50,=,6210.0,nM,6210.0,MEDIUM
BA_001069,IC50,=,15.0,nM,15.0,HIGH
BA_001070,IC50,=,19.1,nM,19.1,HIGH
BA_001071,Ki,=,8950.0,nM,8950.0,MEDIUM
BA_001072,IC50,=,23.0,nM,23.0,HIGH
BA_001073,IC50,=,5180.0,nM,5180.0,MEDIUM
BA_001074,Ki,=,122.0,nM,122.0,HIGH
BA_001075,Potency,=,7079.5,nM,7079.5,MEDIUM
BA_001076,Potency,=,2511.9,nM,2511.9,MEDIUM
BA_001077,Potency,=,2511.9,nM,2511.9,MEDIUM
BA_001078,IC50,=,100.0,nM,100.0,HIGH
BA_001079,IC50,=,1090.0,nM,1090.0,MEDIUM
BA_001080,Ki,=,44.0,nM,44.0,HIGH
BA_001081,IC50,=,330.0,nM,330.0,HIGH
BA_001082,IC50,=,6710.0,nM,6710.0,MEDIUM
BA_001083,IC50,=,5900.0,nM,5900.0,MEDIUM
BA_001084,IC50,=,2500.0,nM,2500.0,MEDIUM
BA_001085,IC50,=,94.0,nM,94.0,HIGH
BA_001086,IC50,=,700.0,nM,700.0,HIGH
BA_001087,IC50,=,4080.0,nM,4080.0,MEDIUM
BA_001088,IC50,=,6970.0,nM,6970.0,MEDIUM
BA_001089,IC50,=,1330.0,nM,1330.0,MEDIUM
BA_001090,EC50,=,580.0,nM,580.0,HIGH
BA_001091,Ki,=,730.0,nM,730.0,HIGH
BA_001092,IC50,=,260.0,nM,260.0,HIGH
BA_001093,IC50,=,30.0,nM,30.0,HIGH
BA_001094,IC50,=,7010.0,nM,7010.0,MEDIUM
BA_001095,Potency,=,501.2,nM,501.2,HIGH
BA_001096,Potency,=,2930.9,nM,2930.9,MEDIUM
BA_001097,Potency,=,1995.3,nM,1995.3,MEDIUM
BA_001098,Potency,,5623.4,nM,5623.4,MEDIUM
BA_001099,Potency,,6701.6,nM,6701.6,MEDIUM
BA_001100,Potency,,1263.6,nM,1263.6,MEDIUM
BA_001101,IC50,=,550.0,nM,550.0,HIGH
BA_001102,Ki,=,220.0,nM,220.0,HIGH
BA_001103,IC50,=,566.0,nM,566.0,HIGH
BA_001104,IC50,=,1450.0,nM,1450.0,MEDIUM
BA_001105,IC50,=,8580.0,nM,8580.0,MEDIUM
BA_001106,IC50,=,6300.0,nM,6300.0,MEDIUM
BA_001107,Potency,=,25.1,nM,25.1,HIGH
BA_001108,Potency,=,398.1,nM,398.1,HIGH
BA_001109,Potency,=,3981.1,nM,3981.1,MEDIUM
BA_001110,Potency,=,6309.6,nM,6309.6,MEDIUM
BA_001111,Potency,=,10000.0,nM,10000.0,MEDIUM
BA_001112,Potency,=,3162.3,nM,3162.3,MEDIUM
BA_001113,Potency,=,7943.3,nM,7943.3,MEDIUM
BA_001114,Potency,=,10000.0,nM,10000.0,MEDIUM
BA_001115,Potency,=,3162.3,nM,3162.3,MEDIUM
BA_001116,Potency,=,10000.0,nM,10000.0,MEDIUM
BA_001117,Potency,=,7943.3,nM,7943.3,MEDIUM
BA_001118,Potency,=,3288.5,nM,3288.5,MEDIUM
BA_001119,Potency,=,1000.0,nM,1000.0,HIGH
BA_001120,Potency,=,6309.6,nM,6309.6,MEDIUM
BA_001121,Potency,=,7943.3,nM,7943.3,MEDIUM
BA_001122,Potency,,2908.1,nM,2908.1,MEDIUM
BA_001123,Potency,,1888.8,nM,1888.8,MEDIUM
BA_001124,Potency,,9466.2,nM,9466.2,MEDIUM
BA_001125,Potency,,3981.1,nM,3981.1,MEDIUM
BA_001126,Potency,,7943.3,nM,7943.3,MEDIUM
BA_001127,Potency,,2818.4,nM,2818.4,MEDIUM
BA_001128,Potency,,6309.6,nM,6309.6,MEDIUM
BA_001129,Potency,,2119.2,nM,2119.2,MEDIUM
BA_001130,Potency,,2511.9,nM,2511.9,MEDIUM
BA_001131,Potency,,7079.5,nM,7079.5,MEDIUM
BA_001132,Potency,,4140.0,nM,4140.0,MEDIUM
BA_001133,Potency,,3162.3,nM,3162.3,MEDIUM
BA_001134,Potency,,3548.1,nM,3548.1,MEDIUM
BA_001135,Potency,,4610.9,nM,4610.9,MEDIUM
BA_001136,Potency,,1995.3,nM,1995.3,MEDIUM
BA_001137,Potency,,819.9,nM,819.9,HIGH
BA_001138,Kd,=,1000.0,nM,1000.0,HIGH
BA_001139,IC50,=,1220.0,nM,1220.0,MEDIUM
BA_001140,IC50,=,7080.0,nM,7080.0,MEDIUM
BA_001141,EC50,=,90.0,nM,90.0,HIGH
BA_001142,EC50,=,40.0,nM,40.0,HIGH
BA_001143,IC50,=,2510.0,nM,2510.0,MEDIUM
BA_001144,IC50,=,1261.0,nM,1261.0,MEDIUM
BA_001145,IC50,=,56.0,nM,56.0,HIGH
BA_001146,IC50,=,17.0,nM,17.0,HIGH
BA_001147,Ki,=,212.9,nM,212.9,HIGH
BA_001148,Ki,=,4.4,nM,4.4,HIGH
BA_001149,Ki,=,54.9,nM,54.9,HIGH
BA_001150,Ki,=,440.0,nM,440.0,HIGH
BA_001151,Ki,=,220.0,nM,220.0,HIGH
BA_001152,Ki,=,3.0,nM,3.0,HIGH
BA_001153,Ki,=,3000.0,nM,3000.0,MEDIUM
BA_001154,IC50,=,500.0,nM,500.0,HIGH
BA_001155,IC50,=,2200.0,nM,2200.0,MEDIUM
BA_001156,IC50,=,3500.0,nM,3500.0,MEDIUM
BA_001157,Potency,=,3981.1,nM,3981.1,MEDIUM
BA_001158,Potency,,2.0,nM,2.0,HIGH
BA_001159,Potency,,316.2,nM,316.2,HIGH
BA_001160,Potency,,4.5,nM,4.5,HIGH
BA_001161,IC50,,3708.0,nM,3708.0,MEDIUM
BA_001162,Potency,=,1584.9,nM,1584.9,MEDIUM
BA_001163,Potency,,5.2,nM,5.2,HIGH
BA_001164,Potency,=,50.1,nM,50.1,HIGH
BA_001165,Potency,=,10000.0,nM,10000.0,MEDIUM
BA_001166,Potency,=,63.1,nM,63.1,HIGH
BA_001167,Potency,,7943.3,nM,7943.3,MEDIUM
BA_001168,Potency,,8176.7,nM,8176.7,MEDIUM
BA_001169,IC50,=,6000.0,nM,6000.0,MEDIUM
BA_001170,IC50,=,6400.0,nM,6400.0,MEDIUM
BA_001171,Potency,,251.2,nM,251.2,HIGH
BA_001172,Potency,,5173.5,nM,5173.5,MEDIUM
BA_001173,Potency,,5623.4,nM,5623.4,MEDIUM
BA_001174,Potency,,1158.2,nM,1158.2,MEDIUM
BA_001175,Potency,,730.8,nM,730.8,HIGH
BA_001176,Potency,,5011.9,nM,5011.9,MEDIUM
BA_001177,Ki,=,168.0,nM,168.0,HIGH
BA_001178,Ki,=,5591.2,nM,5591.2,MEDIUM
BA_001179,Ki,=,423.7,nM,423.7,HIGH
BA_001180,Ki,=,4.9,nM,4.9,HIGH
BA_001181,Potency,=,6309.6,nM,6309.6,MEDIUM
BA_001182,IC50,=,8200.0,nM,8200.0,MEDIUM
BA_001183,EC50,=,20.0,nM,20.0,HIGH
BA_001184,Kd,=,670.0,nM,670.0,HIGH
BA_001185,EC50,=,418.0,nM,418.0,HIGH
BA_001186,Kd,=,173.0,nM,173.0,HIGH
BA_001187,Kd,=,68.0,nM,68.0,HIGH
BA_001188,Potency,=,1778.3,nM,1778.3,MEDIUM
BA_001189,Potency,=,6309.6,nM,6309.6,MEDIUM
BA_001190,Potency,=,5011.9,nM,5011.9,MEDIUM
BA_001191,IC50,=,3000.0,nM,3000.0,MEDIUM
BA_001192,IC50,=,1630.0,nM,1630.0,MEDIUM
BA_001193,IC50,=,1360.0,nM,1360.0,MEDIUM
BA_001194,IC50,=,1320.0,nM,1320.0,MEDIUM
BA_001195,IC50,=,1420.0,nM,1420.0,MEDIUM
BA_001196,IC50,=,1200.0,nM,1200.0,MEDIUM
BA_001197,Kd,=,33.0,nM,33.0,HIGH
BA_001198,Potency,=,7943.3,nM,7943.3,MEDIUM
BA_001199,Potency,,3981.1,nM,3981.1,MEDIUM
BA_001200,Potency,,4.0,nM,4.0,HIGH
BA_001201,IC50,=,5490.0,nM,5490.0,MEDIUM
BA_001202,IC50,=,810.0,nM,810.0,HIGH
BA_001203,IC50,=,7000.0,nM,7000.0,MEDIUM
BA_001204,EC50,=,500.0,nM,500.0,HIGH
BA_001205,Potency,=,6309.6,nM,6309.6,MEDIUM
BA_001206,Potency,=,631.0,nM,631.0,HIGH
BA_001207,Potency,=,1258.9,nM,1258.9,MEDIUM
BA_001208,Potency,=,5011.9,nM,5011.9,MEDIUM
BA_001209,Potency,=,3981.1,nM,3981.1,MEDIUM
BA_001210,Potency,=,7079.5,nM,7079.5,MEDIUM
BA_001211,Potency,=,3981.1,nM,3981.1,MEDIUM
BA_001212,Potency,=,1995.3,nM,1995.3,MEDIUM
BA_001213,Potency,=,5011.9,nM,5011.9,MEDIUM
BA_001214,Potency,=,3981.1,nM,3981.1,MEDIUM
BA_001215,Potency,,3548.1,nM,3548.1,MEDIUM
BA_001216,Potency,,10000.0,nM,10000.0,MEDIUM
BA_001217,Ki,=,8710.0,nM,8710.0,MEDIUM
BA_001218,Ki,=,4050.0,nM,4050.0,MEDIUM
BA_001219,Ki,=,960.0,nM,960.0,HIGH
BA_001220,Ki,=,4900.0,nM,4900.0,MEDIUM
BA_001221,Potency,,5011.9,nM,5011.9,MEDIUM
BA_001222,Potency,,0.7,nM,0.7,HIGH
BA_001223,IC50,=,325.6,nM,325.6,HIGH
BA_001224,IC50,=,162.0,nM,162.0,HIGH
BA_001225,IC50,=,8200.0,nM,8200.0,MEDIUM
BA_001226,Potency,=,7943.3,nM,7943.3,MEDIUM
BA_001227,Potency,,4466.8,nM,4466.8,MEDIUM
BA_001228,Potency,,2667.9,nM,2667.9,MEDIUM
BA_001229,Potency,,3548.1,nM,3548.1,MEDIUM
BA_001230,Potency,,707.9,nM,707.9,HIGH
BA_001231,Ki,=,36.4,nM,36.4,HIGH
BA_001232,Ki,=,9.3,nM,9.3,HIGH
BA_001233,Ki,=,1490.0,nM,1490.0,MEDIUM
BA_001234,IC50,=,8770.0,nM,8770.0,MEDIUM
BA_001235,IC50,=,4600.0,nM,4600.0,MEDIUM
BA_001236,IC50,=,6130.0,nM,6130.0,MEDIUM
BA_001237,IC50,=,8660.0,nM,8660.0,MEDIUM
BA_001238,IC50,=,7670.0,nM,7670.0,MEDIUM
BA_001239,Ki,=,7370.0,nM,7370.0,MEDIUM
BA_001240,Ki,=,5270.0,nM,5270.0,MEDIUM
BA_001241,Ki,=,4140.0,nM,4140.0,MEDIUM
BA_001242,IC50,=,300.0,nM,300.0,HIGH
BA_001243,Ki,=,6680.0,nM,6680.0,MEDIUM
BA_001244,Ki,=,8010.0,nM,8010.0,MEDIUM
BA_001245,Ki,=,5330.0,nM,5330.0,MEDIUM
BA_001246,Ki,=,5230.0,nM,5230.0,MEDIUM
BA_001247,Ki,=,6720.0,nM,6720.0,MEDIUM
BA_001248,Ki,=,7760.0,nM,7760.0,MEDIUM
BA_001249,Ki,=,5960.0,nM,5960.0,MEDIUM
BA_001250,Ki,=,9600.0,nM,9600.0,MEDIUM
BA_001251,Ki,=,7570.0,nM,7570.0,MEDIUM
BA_001252,Ki,=,980.0,nM,980.0,HIGH
BA_001253,Ki,=,1070.0,nM,1070.0,MEDIUM
BA_001254,IC50,=,140.0,nM,140.0,HIGH
BA_001255,EC50,=,4890.0,nM,4890.0,MEDIUM
BA_001256,IC50,=,3000.0,nM,3000.0,MEDIUM
BA_001257,IC50,=,2000.0,nM,2000.0,MEDIUM
BA_001258,IC50,=,300.0,nM,300.0,HIGH
BA_001259,IC50,=,7900.0,nM,7900.0,MEDIUM
BA_001260,IC50,=,1800.0,nM,1800.0,MEDIUM
BA_001261,Potency,,3264.3,nM,3264.3,MEDIUM
BA_001262,IC50,=,100.0,nM,100.0,HIGH
BA_001263,IC50,=,8029.0,nM,8029.0,MEDIUM
BA_001264,Ki,=,8900.0,nM,8900.0,MEDIUM
BA_001265,Ki,=,48.0,nM,48.0,HIGH
BA_001266,Ki,=,9100.0,nM,9100.0,MEDIUM
BA_001267,Ki,=,3300.0,nM,3300.0,MEDIUM
BA_001268,Ki,=,2000.0,nM,2000.0,MEDIUM
BA_001269,Ki,=,5200.0,nM,5200.0,MEDIUM
BA_001270,Ki,=,9400.0,nM,9400.0,MEDIUM
BA_001271,Ki,=,6800.0,nM,6800.0,MEDIUM
BA_001272,Ki,=,5600.0,nM,5600.0,MEDIUM
BA_001273,Ki,=,3100.0,nM,3100.0,MEDIUM
BA_001274,Ki,=,9200.0,nM,9200.0,MEDIUM
BA_001275,Potency,,631.0,nM,631.0,HIGH
BA_001276,Potency,,141.3,nM,141.3,HIGH
BA_001277,Potency,,8.9,nM,8.9,HIGH
BA_001278,Potency,,1000.0,nM,1000.0,HIGH
BA_001279,Potency,,631.0,nM,631.0,HIGH
BA_001280,Ki,=,9920.0,nM,9920.0,MEDIUM
BA_001281,Ki,=,7120.0,nM,7120.0,MEDIUM
BA_001282,Ki,=,8800.0,nM,8800.0,MEDIUM
BA_001283,Ki,=,7100.0,nM,7100.0,MEDIUM
BA_001284,Ki,=,9900.0,nM,9900.0,MEDIUM
BA_001285,Potency,,1995.3,nM,1995.3,MEDIUM
BA_001286,EC50,=,0.5,nM,0.5,HIGH
BA_001287,Potency,=,5967.2,nM,5967.2,MEDIUM
BA_001288,Kd,=,182.0,nM,182.0,HIGH
BA_001289,Potency,,3.5,nM,3.5,HIGH
BA_001290,Potency,,3162.3,nM,3162.3,MEDIUM
BA_001291,Potency,,3.5,nM,3.5,HIGH
BA_001292,Kd,=,180.0,nM,180.0,HIGH
BA_001293,Potency,=,2238.7,nM,2238.7,MEDIUM
BA_001294,Potency,=,7943.3,nM,7943.3,MEDIUM
BA_001295,Potency,=,2818.4,nM,2818.4,MEDIUM
BA_001296,Potency,=,79.4,nM,79.4,HIGH
BA_001297,Potency,=,316.2,nM,316.2,HIGH
BA_001298,Potency,=,3162.3,nM,3162.3,MEDIUM
BA_001299,Potency,,5623.4,nM,5623.4,MEDIUM
BA_001300,IC50,=,3100.0,nM,3100.0,MEDIUM
BA_001301,IC50,=,1600.0,nM,1600.0,MEDIUM
BA_001302,IC50,=,1071.52,nM,1071.52,MEDIUM
BA_001303,Ki,=,820.0,nM,820.0,HIGH
BA_001304,IC50,=,602.56,nM,602.56,HIGH
BA_001305,Ki,=,330.0,nM,330.0,HIGH
BA_001306,IC50,=,2750.0,nM,2750.0,MEDIUM
BA_001307,IC50,=,5130.0,nM,5130.0,MEDIUM
BA_001308,EC50,=,120.0,nM,120.0,HIGH
BA_001309,EC50,=,8.71,nM,8.71,HIGH
BA_001310,IC50,=,140.0,nM,140.0,HIGH
BA_001311,EC50,=,1000.0,nM,1000.0,HIGH
BA_001312,EC50,=,580.0,nM,580.0,HIGH
BA_001313,Ki,=,50.0,nM,50.0,HIGH
BA_001314,IC50,=,150.0,nM,150.0,HIGH
BA_001315,IC50,=,130.0,nM,130.0,HIGH
BA_001316,EC50,=,1400.0,nM,1400.0,MEDIUM
BA_001317,EC50,=,26.92,nM,26.92,HIGH
BA_001318,Ki,=,82.0,nM,82.0,HIGH
BA_001319,Ki,=,104.0,nM,104.0,HIGH
BA_001320,EC50,=,527.0,nM,527.0,HIGH
BA_001321,EC50,=,27.0,nM,27.0,HIGH
BA_001322,Potency,=,3548.1,nM,3548.1,MEDIUM
BA_001323,EC50,=,100.0,nM,100.0,HIGH
BA_001324,EC50,=,99.0,nM,99.0,HIGH
BA_001325,EC50,=,51.0,nM,51.0,HIGH
BA_001326,Potency,,8912.5,nM,8912.5,MEDIUM
BA_001327,EC50,=,780.0,nM,780.0,HIGH
BA_001328,IC50,=,249.0,nM,249.0,HIGH
BA_001329,EC50,=,47.0,nM,47.0,HIGH
BA_001330,EC50,=,730.0,nM,730.0,HIGH
BA_001331,Ki,=,230.0,nM,230.0,HIGH
BA_001332,IC50,=,208.0,nM,208.0,HIGH
BA_001333,Kd,=,200.0,nM,200.0,HIGH
BA_001334,IC50,=,5930.0,nM,5930.0,MEDIUM
BA_001335,IC50,=,630.0,nM,630.0,HIGH
BA_001336,EC50,=,3700.0,nM,3700.0,MEDIUM
BA_001337,IC50,=,600.0,nM,600.0,HIGH
BA_001338,Potency,,631.0,nM,631.0,HIGH
BA_001339,Potency,,580.5,nM,580.5,HIGH
BA_001340,Potency,=,86.5,nM,86.5,HIGH
BA_001341,Potency,=,1498.9,nM,1498.9,MEDIUM
BA_001342,Potency,=,631.0,nM,631.0,HIGH
BA_001343,Ki,=,7410.0,nM,7410.0,MEDIUM
BA_001344,Ki,=,540.0,nM,540.0,HIGH
BA_001345,Ki,=,520.0,nM,520.0,HIGH
BA_001346,Potency,,2818.4,nM,2818.4,MEDIUM
BA_001347,Potency,,2993.5,nM,2993.5,MEDIUM
BA_001348,IC50,=,1230.0,nM,1230.0,MEDIUM
BA_001349,IC50,=,997.0,nM,997.0,HIGH
BA_001350,Potency,,5955.7,nM,5955.7,MEDIUM
BA_001351,Potency,,5956.9,nM,5956.9,MEDIUM
BA_001352,Potency,,1258.9,nM,1258.9,MEDIUM
BA_001353,Ki,=,3890.0,nM,3890.0,MEDIUM
BA_001354,Ki,=,4430.0,nM,4430.0,MEDIUM
BA_001355,Ki,=,7010.0,nM,7010.0,MEDIUM
BA_001356,Ki,=,6340.0,nM,6340.0,MEDIUM
BA_001357,Ki,=,3630.0,nM,3630.0,MEDIUM
BA_001358,Ki,=,2030.0,nM,2030.0,MEDIUM
BA_001359,IC50,=,6800.0,nM,6800.0,MEDIUM
BA_001360,IC50,=,8900.0,nM,8900.0,MEDIUM
BA_001361,Potency,=,70.8,nM,70.8,HIGH
BA_001362,IC50,=,10000.0,nM,10000.0,MEDIUM
BA_001363,EC50,=,6000.0,nM,6000.0,MEDIUM
BA_001364,Potency,=,2511.9,nM,2511.9,MEDIUM
BA_001365,Potency,=,2818.4,nM,2818.4,MEDIUM
BA_001366,Potency,,1333.3,nM,1333.3,MEDIUM
BA_001367,Potency,,2511.9,nM,2511.9,MEDIUM
BA_001368,Potency,=,10000.0,nM,10000.0,MEDIUM
BA_001369,EC50,=,1900.0,nM,1900.0,MEDIUM
BA_001370,EC50,=,398.0,nM,398.0,HIGH
BA_001371,EC50,=,5754.4,nM,5754.4,MEDIUM
BA_001372,EC50,=,1120.0,nM,1120.0,MEDIUM
BA_001373,Potency,,3981.1,nM,3981.1,MEDIUM
BA_001374,EC50,=,500.0,nM,500.0,HIGH
BA_001375,IC50,=,250.0,nM,250.0,HIGH
BA_001376,IC50,=,1100.0,nM,1100.0,MEDIUM
BA_001377,EC50,=,580.0,nM,580.0,HIGH
BA_001378,EC50,=,4365.16,nM,4365.16,MEDIUM
BA_001379,EC50,=,4000.0,nM,4000.0,MEDIUM
BA_001380,EC50,=,3900.0,nM,3900.0,MEDIUM
BA_001381,EC50,=,8120.0,nM,8120.0,MEDIUM
BA_001382,EC50,=,10000.0,nM,10000.0,MEDIUM
BA_001383,Ki,=,9980.0,nM,9980.0,MEDIUM
BA_001384,IC50,=,1600.0,nM,1600.0,MEDIUM
BA_001385,Ki,=,1700.0,nM,1700.0,MEDIUM
BA_001386,Kd,=,6200.0,nM,6200.0,MEDIUM
BA_001387,Kd,=,430.0,nM,430.0,HIGH
BA_001388,Ki,=,3800.0,nM,3800.0,MEDIUM
BA_001389,EC50,=,370.0,nM,370.0,HIGH
BA_001390,EC50,=,360.0,nM,360.0,HIGH
BA_001391,EC50,=,319.0,nM,319.0,HIGH
BA_001392,IC50,=,540.0,nM,540.0,HIGH
BA_001393,IC50,=,530.0,nM,530.0,HIGH
BA_001394,EC50,=,250.0,nM,250.0,HIGH
BA_001395,IC50,=,790.0,nM,790.0,HIGH
BA_001396,Ki,=,4300.0,nM,4300.0,MEDIUM
BA_001397,Kd,=,2900.0,nM,2900.0,MEDIUM
BA_001398,Potency,,8912.5,nM,8912.5,MEDIUM
BA_001399,EC50,=,530.0,nM,530.0,HIGH
BA_001400,EC50,=,680.0,nM,680.0,HIGH
BA_001401,Potency,=,631.0,nM,631.0,HIGH
BA_001402,Potency,,1412.5,nM,1412.5,MEDIUM
BA_001403,Ki,=,500.0,nM,500.0,HIGH
BA_001404,Ki,=,8630.0,nM,8630.0,MEDIUM
BA_001405,Ki,=,8360.0,nM,8360.0,MEDIUM
BA_001406,Ki,=,6830.0,nM,6830.0,MEDIUM
BA_001407,Ki,=,7250.0,nM,7250.0,MEDIUM
BA_001408,Potency,,10000.0,nM,10000.0,MEDIUM
BA_001409,Potency,=,5011.9,nM,5011.9,MEDIUM
BA_001410,Potency,,15.8,nM,15.8,HIGH
BA_001411,IC50,=,4880.0,nM,4880.0,MEDIUM
BA_001412,Potency,,58.0,nM,58.0,HIGH
BA_001413,IC50,=,9000.0,nM,9000.0,MEDIUM
BA_001414,Ki,=,2330.0,nM,2330.0,MEDIUM
BA_001415,Ki,=,3630.0,nM,3630.0,MEDIUM
BA_001416,Potency,,1778.3,nM,1778.3,MEDIUM
BA_001417,Potency,,1.3,nM,1.3,HIGH
BA_001418,Potency,,891.3,nM,891.3,HIGH
BA_001419,Potency,,2.5,nM,2.5,HIGH
BA_001420,IC50,=,1700.0,nM,1700.0,MEDIUM
BA_001421,IC50,=,9600.0,nM,9600.0,MEDIUM
BA_001422,IC50,=,6400.0,nM,6400.0,MEDIUM
BA_001423,IC50,=,6400.0,nM,6400.0,MEDIUM
BA_001424,Potency,=,1995.3,nM,1995.3,MEDIUM
BA_001425,Potency,,2.2,nM,2.2,HIGH
BA_001426,Potency,,22.4,nM,22.4,HIGH
BA_001427,Potency,,6309.6,nM,6309.6,MEDIUM
BA_001428,Potency,,5.6,nM,5.6,HIGH
BA_001429,IC50,=,80.0,nM,80.0,HIGH
BA_001430,Potency,=,1258.9,nM,1258.9,MEDIUM
BA_001431,Potency,=,1258.9,nM,1258.9,MEDIUM
BA_001432,Potency,,259.3,nM,259.3,HIGH
BA_001433,Potency,,517.1,nM,517.1,HIGH
BA_001434,Potency,,4466.8,nM,4466.8,MEDIUM
BA_001435,Potency,,1122.0,nM,1122.0,MEDIUM
BA_001436,Potency,,477.5,nM,477.5,HIGH
BA_001437,Potency,,163.6,nM,163.6,HIGH
BA_001438,Potency,,501.2,nM,501.2,HIGH
BA_001439,Potency,,517.4,nM,517.4,HIGH
BA_001440,Potency,,206.0,nM,206.0,HIGH
BA_001441,Potency,=,2818.4,nM,2818.4,MEDIUM
BA_001442,Potency,=,5011.9,nM,5011.9,MEDIUM
BA_001443,Ki,=,1080.0,nM,1080.0,MEDIUM
BA_001444,Ki,=,470.0,nM,470.0,HIGH
BA_001445,Ki,=,4450.0,nM,4450.0,MEDIUM
BA_001446,Ki,=,4090.0,nM,4090.0,MEDIUM
BA_001447,Ki,=,4720.0,nM,4720.0,MEDIUM
BA_001448,Ki,=,2450.0,nM,2450.0,MEDIUM
BA_001449,Ki,=,690.0,nM,690.0,HIGH
BA_001450,Ki,=,7870.0,nM,7870.0,MEDIUM
BA_001451,Ki,=,9430.0,nM,9430.0,MEDIUM
BA_001452,Ki,=,9780.0,nM,9780.0,MEDIUM
BA_001453,Ki,=,9870.0,nM,9870.0,MEDIUM
BA_001454,Ki,=,7410.0,nM,7410.0,MEDIUM
BA_001455,Ki,=,8450.0,nM,8450.0,MEDIUM
BA_001456,Ki,=,7040.0,nM,7040.0,MEDIUM
BA_001457,Ki,=,2400.0,nM,2400.0,MEDIUM
BA_001458,Ki,=,2890.0,nM,2890.0,MEDIUM
BA_001459,Potency,,6.5,nM,6.5,HIGH
BA_001460,Potency,,8912.5,nM,8912.5,MEDIUM
BA_001461,Ki,=,9140.0,nM,9140.0,MEDIUM
BA_001462,Ki,=,9010.0,nM,9010.0,MEDIUM
BA_001463,Ki,=,8200.0,nM,8200.0,MEDIUM
BA_001464,Ki,=,7810.0,nM,7810.0,MEDIUM
BA_001465,Ki,=,7550.0,nM,7550.0,MEDIUM
BA_001466,Ki,=,6340.0,nM,6340.0,MEDIUM
BA_001467,Ki,=,8580.0,nM,8580.0,MEDIUM
BA_001468,Ki,=,3190.0,nM,3190.0,MEDIUM
BA_001469,Ki,=,4150.0,nM,4150.0,MEDIUM
BA_001470,Potency,,7943.3,nM,7943.3,MEDIUM
BA_001471,IC50,=,1910.0,nM,1910.0,MEDIUM
BA_001472,Ki,=,3100.0,nM,3100.0,MEDIUM
BA_001473,Ki,=,9200.0,nM,9200.0,MEDIUM
BA_001474,Ki,=,3400.0,nM,3400.0,MEDIUM
BA_001475,Ki,=,9300.0,nM,9300.0,MEDIUM
BA_001476,IC50,=,300.0,nM,300.0,HIGH
BA_001477,IC50,=,800.0,nM,800.0,HIGH
BA_001478,IC50,=,20.0,nM,20.0,HIGH
BA_001479,IC50,=,400.0,nM,400.0,HIGH
BA_001480,Potency,,410.9,nM,410.9,HIGH
BA_001481,Potency,,3981.1,nM,3981.1,MEDIUM
BA_001482,Potency,,335.9,nM,335.9,HIGH
BA_001483,Potency,,1122.0,nM,1122.0,MEDIUM
BA_001484,Potency,,1458.1,nM,1458.1,MEDIUM
BA_001485,Potency,,1299.5,nM,1299.5,MEDIUM
BA_001486,Potency,,2059.6,nM,2059.6,MEDIUM
BA_001487,IC50,=,1060.0,nM,1060.0,MEDIUM
BA_001488,Potency,=,7943.3,nM,7943.3,MEDIUM
BA_001489,IC50,=,2490.0,nM,2490.0,MEDIUM
BA_001490,IC50,=,3540.0,nM,3540.0,MEDIUM
BA_001491,Potency,,5011.9,nM,5011.9,MEDIUM
BA_001492,Potency,,5623.4,nM,5623.4,MEDIUM
BA_001493,Potency,,8912.5,nM,8912.5,MEDIUM
BA_001494,Potency,,2310.9,nM,2310.9,MEDIUM
BA_001495,Potency,,651.3,nM,651.3,HIGH
BA_001496,Potency,,5972.8,nM,5972.8,MEDIUM
BA_001497,Ki,=,9540.0,nM,9540.0,MEDIUM
BA_001498,Potency,,3.5,nM,3.5,HIGH
BA_001499,IC50,=,2420.0,nM,2420.0,MEDIUM
BA_001500,Potency,=,10.0,nM,10.0,HIGH
BA_001501,Potency,=,63.1,nM,63.1,HIGH
BA_001502,Potency,=,31.6,nM,31.6,HIGH
BA_001503,Ki,=,5200.0,nM,5200.0,MEDIUM
BA_001504,Ki,=,7700.0,nM,7700.0,MEDIUM
BA_001505,Ki,=,700.0,nM,700.0,HIGH
BA_001506,Potency,=,1995.3,nM,1995.3,MEDIUM
BA_001507,IC50,=,80.0,nM,80.0,HIGH
BA_001508,Ki,=,60.0,nM,60.0,HIGH
BA_001509,IC50,=,90.0,nM,90.0,HIGH
BA_001510,Ki,=,60.0,nM,60.0,HIGH
BA_001511,IC50,=,3000.0,nM,3000.0,MEDIUM
BA_001512,IC50,=,1118.0,nM,1118.0,MEDIUM
BA_001513,IC50,=,95.0,nM,95.0,HIGH
BA_001514,IC50,=,20.0,nM,20.0,HIGH
BA_001515,Potency,,199.5,nM,199.5,HIGH
BA_001516,IC50,=,19.7,nM,19.7,HIGH
BA_001517,IC50,=,94.7,nM,94.7,HIGH
BA_001518,Potency,=,3162.3,nM,3162.3,MEDIUM
BA_001519,Potency,=,39.8,nM,39.8,HIGH
BA_001520,Potency,,3981.1,nM,3981.1,MEDIUM
BA_001521,Ki,=,128.82,nM,128.82,HIGH
BA_001522,Kd,=,371.54,nM,371.54,HIGH
BA_001523,Potency,=,1258.9,nM,1258.9,MEDIUM
BA_001524,Potency,,6.0,nM,6.0,HIGH
BA_001525,Potency,,35.5,nM,35.5,HIGH
BA_001526,Potency,,1.9,nM,1.9,HIGH
BA_001527,IC50,=,2378.0,nM,2378.0,MEDIUM
BA_001528,Ki,=,1081.0,nM,1081.0,MEDIUM
BA_001529,Potency,,25.9,nM,25.9,HIGH
BA_001530,Potency,,8912.5,nM,8912.5,MEDIUM
BA_001531,Potency,,2022.7,nM,2022.7,MEDIUM
BA_001532,Potency,,10000.0,nM,10000.0,MEDIUM
BA_001533,Potency,,92.0,nM,92.0,HIGH
BA_001534,Potency,,1584.9,nM,1584.9,MEDIUM
BA_001535,Potency,,1299.5,nM,1299.5,MEDIUM
BA_001536,Potency,,4466.8,nM,4466.8,MEDIUM
BA_001537,IC50,=,5000.0,nM,5000.0,MEDIUM
BA_001538,IC50,=,8695.0,nM,8695.0,MEDIUM
BA_001539,IC50,=,5771.0,nM,5771.0,MEDIUM
BA_001540,IC50,=,6662.0,nM,6662.0,MEDIUM
BA_001541,Potency,,891.3,nM,891.3,HIGH
BA_001542,Potency,,794.3,nM,794.3,HIGH
BA_001543,Potency,,70.8,nM,70.8,HIGH
BA_001544,IC50,=,1570.0,nM,1570.0,MEDIUM
BA_001545,Ki,=,2000.0,nM,2000.0,MEDIUM
BA_001546,IC50,=,3000.0,nM,3000.0,MEDIUM
BA_001547,Ki,=,600.0,nM,600.0,HIGH
BA_001548,Potency,,2818.4,nM,2818.4,MEDIUM
BA_001549,IC50,=,6480.0,nM,6480.0,MEDIUM
BA_001550,Potency,=,0.6,nM,0.6,HIGH
BA_001551,Potency,=,1412.5,nM,1412.5,MEDIUM
BA_001552,Potency,,3981.1,nM,3981.1,MEDIUM
BA_001553,Ki,=,482.0,nM,482.0,HIGH
BA_001554,Ki,=,478.0,nM,478.0,HIGH
BA_001555,Ki,=,754.0,nM,754.0,HIGH
BA_001556,Ki,=,480.0,nM,480.0,HIGH
BA_001557,Ki,=,750.0,nM,750.0,HIGH
BA_001558,Ki,=,24.9,nM,24.9,HIGH
BA_001559,Ki,=,45.1,nM,45.1,HIGH
BA_001560,Ki,=,3810.0,nM,3810.0,MEDIUM
BA_001561,Ki,=,108.0,nM,108.0,HIGH
BA_001562,EC50,=,1600.0,nM,1600.0,MEDIUM
BA_001563,EC50,=,4360.0,nM,4360.0,MEDIUM
BA_001564,EC50,=,7700.0,nM,7700.0,MEDIUM
BA_001565,EC50,=,8600.0,nM,8600.0,MEDIUM
BA_001566,Potency,=,5011.9,nM,5011.9,MEDIUM
BA_001567,Potency,=,3162.3,nM,3162.3,MEDIUM
BA_001568,Ki,=,9180.0,nM,9180.0,MEDIUM
BA_001569,Ki,=,8360.0,nM,8360.0,MEDIUM
BA_001570,Ki,=,7510.0,nM,7510.0,MEDIUM
BA_001571,Potency,,8199.5,nM,8199.5,MEDIUM
BA_001572,Potency,,5623.4,nM,5623.4,MEDIUM
BA_001573,Potency,,819.9,nM,819.9,HIGH
BA_001574,Potency,,259.2,nM,259.2,HIGH
BA_001575,IC50,=,470.0,nM,470.0,HIGH
BA_001576,IC50,=,2100.0,nM,2100.0,MEDIUM
BA_001577,Potency,=,3162.3,nM,3162.3,MEDIUM
BA_001578,IC50,=,1550.0,nM,1550.0,MEDIUM
BA_001579,EC50,=,2200.0,nM,2200.0,MEDIUM
BA_001580,Potency,,891.3,nM,891.3,HIGH
BA_001581,Potency,=,501.2,nM,501.2,HIGH
BA_001582,IC50,=,1700.0,nM,1700.0,MEDIUM
BA_001583,IC50,=,1050.0,nM,1050.0,MEDIUM
BA_001584,IC50,=,4100.0,nM,4100.0,MEDIUM
BA_001585,Potency,,3981.1,nM,3981.1,MEDIUM
BA_001586,IC50,=,8.35,nM,8.35,HIGH
BA_001587,Kd,=,66.2,nM,66.2,HIGH
BA_001588,Kd,=,1200.0,nM,1200.0,MEDIUM
BA_001589,EC50,=,80.0,nM,80.0,HIGH
BA_001590,EC50,=,48.0,nM,48.0,HIGH
BA_001591,IC50,=,4700.0,nM,4700.0,MEDIUM
BA_001592,Potency,=,1122.0,nM,1122.0,MEDIUM
BA_001593,Potency,,4744.4,nM,4744.4,MEDIUM
BA_001594,Potency,,10000.0,nM,10000.0,MEDIUM
BA_001595,Potency,,2818.4,nM,2818.4,MEDIUM
BA_001596,Potency,=,1412.5,nM,1412.5,MEDIUM
BA_001597,Potency,,9.5,nM,9.5,HIGH
BA_001598,Ki,=,0.14,nM,0.14,HIGH
BA_001599,Ki,=,0.3388,nM,0.3388,HIGH
BA_001600,Ki,=,0.2692,nM,0.2692,HIGH
BA_001601,Ki,=,0.2692,nM,0.2692,HIGH
BA_001602,Ki,=,0.34,nM,0.34,HIGH
BA_001603,Ki,=,0.27,nM,0.27,HIGH
BA_001604,Ki,=,0.27,nM,0.27,HIGH
BA_001605,Ki,=,5.012,nM,5.012,HIGH
BA_001606,Ki,=,12.88,nM,12.88,HIGH
BA_001607,Ki,=,3.631,nM,3.631,HIGH
BA_001608,Ki,=,4.571,nM,4.571,HIGH
BA_001609,Ki,=,2.818,nM,2.818,HIGH
BA_001610,Ki,=,3.02,nM,3.02,HIGH
BA_001611,IC50,=,6000.0,nM,6000.0,MEDIUM
BA_001612,Ki,=,2600.0,nM,2600.0,MEDIUM
BA_001613,IC50,=,8500.0,nM,8500.0,MEDIUM
BA_001614,IC50,=,840.0,nM,840.0,HIGH
BA_001615,IC50,=,670.0,nM,670.0,HIGH
BA_001616,Ki,=,110.0,nM,110.0,HIGH
BA_001617,IC50,=,1.0,nM,1.0,HIGH
BA_001618,IC50,=,153.0,nM,153.0,HIGH
BA_001619,IC50,=,84.0,nM,84.0,HIGH
BA_001620,IC50,=,24.0,nM,24.0,HIGH
BA_001621,IC50,=,5225.0,nM,5225.0,MEDIUM
BA_001622,IC50,=,54.0,nM,54.0,HIGH
BA_001623,Potency,=,3981.1,nM,3981.1,MEDIUM
BA_001624,Potency,=,794.3,nM,794.3,HIGH
BA_001625,Potency,=,5623.4,nM,5623.4,MEDIUM
BA_001626,Potency,=,6309.6,nM,6309.6,MEDIUM
BA_001627,Potency,=,1584.9,nM,1584.9,MEDIUM
BA_001628,Potency,=,3981.1,nM,3981.1,MEDIUM
BA_001629,Potency,=,2511.9,nM,2511.9,MEDIUM
BA_001630,IC50,=,7780.0,nM,7780.0,MEDIUM
BA_001631,IC50,=,1500.0,nM,1500.0,MEDIUM
BA_001632,IC50,=,2600.0,nM,2600.0,MEDIUM
BA_001633,Ki,=,42.0,nM,42.0,HIGH
BA_001634,Ki,=,16.0,nM,16.0,HIGH
BA_001635,Kd,=,8912.51,nM,8912.51,MEDIUM
BA_001636,IC50,=,1500.0,nM,1500.0,MEDIUM
BA_001637,Ki,=,5490.0,nM,5490.0,MEDIUM
BA_001638,Ki,=,5420.0,nM,5420.0,MEDIUM
BA_001639,Ki,=,4380.0,nM,4380.0,MEDIUM
BA_001640,Ki,=,4310.0,nM,4310.0,MEDIUM
BA_001641,Ki,=,2650.0,nM,2650.0,MEDIUM
BA_001642,Ki,=,2710.0,nM,2710.0,MEDIUM
BA_001643,Ki,=,8960.0,nM,8960.0,MEDIUM
BA_001644,Ki,=,9070.0,nM,9070.0,MEDIUM
BA_001645,IC50,=,570.0,nM,570.0,HIGH
BA_001646,IC50,=,1290.0,nM,1290.0,MEDIUM
BA_001647,Potency,,3264.3,nM,3264.3,MEDIUM
BA_001648,IC50,=,800.0,nM,800.0,HIGH
BA_001649,Potency,,2511.9,nM,2511.9,MEDIUM
BA_001650,IC50,=,500.0,nM,500.0,HIGH
BA_001651,Ki,=,537.75,nM,537.75,HIGH
BA_001652,Ki,=,171.41,nM,171.41,HIGH
BA_001653,Ki,=,34.7,nM,34.7,HIGH
BA_001654,Ki,=,500.0,nM,500.0,HIGH
BA_001655,IC50,=,280.0,nM,280.0,HIGH
BA_001656,IC50,=,4900.0,nM,4900.0,MEDIUM
BA_001657,IC50,=,6100.0,nM,6100.0,MEDIUM
BA_001658,IC50,=,534.0,nM,534.0,HIGH
BA_001659,Ki,=,7860.0,nM,7860.0,MEDIUM
BA_001660,IC50,=,699.84,nM,699.84,HIGH
BA_001661,IC50,=,1000.0,nM,1000.0,HIGH
BA_001662,IC50,=,1260.0,nM,1260.0,MEDIUM
BA_001663,IC50,=,2100.0,nM,2100.0,MEDIUM
BA_001664,IC50,=,290.0,nM,290.0,HIGH
BA_001665,IC50,=,8300.0,nM,8300.0,MEDIUM
BA_001666,Ki,=,500.0,nM,500.0,HIGH
BA_001667,IC50,=,2100.0,nM,2100.0,MEDIUM
BA_001668,IC50,=,340.0,nM,340.0,HIGH
BA_001669,EC50,=,36.5,nM,36.5,HIGH
BA_001670,Kd,=,954.99,nM,954.99,HIGH
BA_001671,Ki,=,3430.0,nM,3430.0,MEDIUM
BA_001672,IC50,=,4960.0,nM,4960.0,MEDIUM
BA_001673,IC50,=,2.9,nM,2.9,HIGH
BA_001674,IC50,=,3656.0,nM,3656.0,MEDIUM
BA_001675,IC50,=,230.0,nM,230.0,HIGH
BA_001676,IC50,=,1200.0,nM,1200.0,MEDIUM
BA_001677,IC50,=,3300.0,nM,3300.0,MEDIUM
BA_001678,Ki,=,79.5,nM,79.5,HIGH
BA_001679,Ki,=,44.3,nM,44.3,HIGH
BA_001680,IC50,=,5100.0,nM,5100.0,MEDIUM
BA_001681,IC50,=,1000.0,nM,1000.0,HIGH
BA_001682,IC50,=,240.0,nM,240.0,HIGH
BA_001683,Kd,=,1630.0,nM,1630.0,MEDIUM
BA_001684,Ki,=,3000.0,nM,3000.0,MEDIUM
BA_001685,EC50,=,1420.0,nM,1420.0,MEDIUM
BA_001686,Potency,,3662.6,nM,3662.6,MEDIUM
BA_001687,EC50,=,731.0,nM,731.0,HIGH
BA_001688,Potency,,751.9,nM,751.9,HIGH
BA_001689,Potency,,266.5,nM,266.5,HIGH
BA_001690,Potency,,6.7,nM,6.7,HIGH
BA_001691,Potency,,7943.3,nM,7943.3,MEDIUM
BA_001692,Potency,,8199.5,nM,8199.5,MEDIUM
BA_001693,IC50,=,881.84,nM,881.84,HIGH
BA_001694,EC50,=,177.71,nM,177.71,HIGH
BA_001695,EC50,=,76.0,nM,76.0,HIGH
BA_001696,EC50,=,990.0,nM,990.0,HIGH
BA_001697,EC50,=,930.15,nM,930.15,HIGH
BA_001698,IC50,=,1200.0,nM,1200.0,MEDIUM
BA_001699,IC50,=,2000.0,nM,2000.0,MEDIUM
BA_001700,IC50,=,7906.0,nM,7906.0,MEDIUM
BA_001701,IC50,=,1679.0,nM,1679.0,MEDIUM
BA_001702,IC50,=,1491.0,nM,1491.0,MEDIUM
BA_001703,Potency,,7943.3,nM,7943.3,MEDIUM
BA_001704,IC50,=,900.0,nM,900.0,HIGH
BA_001705,Potency,,7079.5,nM,7079.5,MEDIUM
BA_001706,Potency,,28.2,nM,28.2,HIGH
BA_001707,Potency,=,794.3,nM,794.3,HIGH
BA_001708,Potency,,6309.6,nM,6309.6,MEDIUM
BA_001709,Potency,,8912.5,nM,8912.5,MEDIUM
BA_001710,Potency,,7943.3,nM,7943.3,MEDIUM
BA_001711,Ki,=,9730.0,nM,9730.0,MEDIUM
BA_001712,Ki,=,7700.0,nM,7700.0,MEDIUM
BA_001713,Ki,=,4860.0,nM,4860.0,MEDIUM
BA_001714,Ki,=,4320.0,nM,4320.0,MEDIUM
BA_001715,Ki,=,610.0,nM,610.0,HIGH
BA_001716,Potency,,2818.4,nM,2818.4,MEDIUM
BA_001717,Ki,=,5510.0,nM,5510.0,MEDIUM
BA_001718,Potency,=,3981.1,nM,3981.1,MEDIUM
BA_001719,Potency,,6309.6,nM,6309.6,MEDIUM
BA_001720,Potency,,8912.5,nM,8912.5,MEDIUM
BA_001721,Potency,,2511.9,nM,2511.9,MEDIUM
BA_001722,Potency,,7079.5,nM,7079.5,MEDIUM
BA_001723,Kd,=,20.0,nM,20.0,HIGH
BA_001724,Kd,=,790.0,nM,790.0,HIGH
BA_001725,IC50,=,2500.0,nM,2500.0,MEDIUM
BA_001726,IC50,=,3780.0,nM,3780.0,MEDIUM
BA_001727,Ki,=,600.0,nM,600.0,HIGH
BA_001728,Potency,=,4466.8,nM,4466.8,MEDIUM
BA_001729,Potency,=,707.9,nM,707.9,HIGH
BA_001730,Potency,,2238.7,nM,2238.7,MEDIUM
BA_001731,Potency,,1258.9,nM,1258.9,MEDIUM
BA_001732,Potency,,751.9,nM,751.9,HIGH
BA_001733,Potency,,1995.3,nM,1995.3,MEDIUM
BA_001734,Kd,=,2800.0,nM,2800.0,MEDIUM
BA_001735,Ki,=,5793.0,nM,5793.0,MEDIUM
BA_001736,Kd,=,3640.0,nM,3640.0,MEDIUM
BA_001737,IC50,=,5180.0,nM,5180.0,MEDIUM
BA_001738,Ki,=,1191.0,nM,1191.0,MEDIUM
BA_001739,Ki,=,2537.0,nM,2537.0,MEDIUM
BA_001740,Ki,=,9941.0,nM,9941.0,MEDIUM
BA_001741,Kd,=,2820.0,nM,2820.0,MEDIUM
BA_001742,IC50,=,3350.0,nM,3350.0,MEDIUM
BA_001743,IC50,=,9.581,nM,9.581,HIGH
BA_001744,Ki,=,220.0,nM,220.0,HIGH
BA_001745,Ki,=,1610.0,nM,1610.0,MEDIUM
BA_001746,Ki,=,620.0,nM,620.0,HIGH
BA_001747,Ki,=,4400.0,nM,4400.0,MEDIUM
BA_001748,Ki,=,6300.0,nM,6300.0,MEDIUM
BA_001749,Ki,=,630.0,nM,630.0,HIGH
BA_001750,Ki,=,10000.0,nM,10000.0,MEDIUM
BA_001751,EC50,=,1584.89,nM,1584.89,MEDIUM
BA_001752,Ki,=,1000.0,nM,1000.0,HIGH
BA_001753,Ki,=,2110.0,nM,2110.0,MEDIUM
BA_001754,Ki,=,1023.29,nM,1023.29,MEDIUM
BA_001755,Potency,,145.8,nM,145.8,HIGH
BA_001756,Potency,,422.8,nM,422.8,HIGH
BA_001757,Potency,,2667.9,nM,2667.9,MEDIUM
BA_001758,Potency,,94.7,nM,94.7,HIGH
BA_001759,Potency,,10000.0,nM,10000.0,MEDIUM
BA_001760,Potency,,3162.3,nM,3162.3,MEDIUM
BA_001761,Potency,,1636.0,nM,1636.0,MEDIUM
BA_001762,Potency,,891.3,nM,891.3,HIGH
BA_001763,Ki,=,3000.0,nM,3000.0,MEDIUM
BA_001764,IC50,=,45.0,nM,45.0,HIGH
BA_001765,IC50,=,9900.0,nM,9900.0,MEDIUM
BA_001766,IC50,=,170.0,nM,170.0,HIGH
BA_001767,Ki,=,570.0,nM,570.0,HIGH
BA_001768,IC50,=,300.0,nM,300.0,HIGH
BA_001769,IC50,=,3760.0,nM,3760.0,MEDIUM
BA_001770,Ki,=,5130.0,nM,5130.0,MEDIUM
BA_001771,IC50,=,2350.0,nM,2350.0,MEDIUM
BA_001772,Ki,=,2600.0,nM,2600.0,MEDIUM
BA_001773,IC50,=,607.0,nM,607.0,HIGH
BA_001774,IC50,=,695.09,nM,695.09,HIGH
BA_001775,IC50,=,691.83,nM,691.83,HIGH
BA_001776,Ki,=,240.0,nM,240.0,HIGH
BA_001777,Potency,=,446.7,nM,446.7,HIGH
BA_001778,Potency,=,562.3,nM,562.3,HIGH
BA_001779,Potency,=,5011.9,nM,5011.9,MEDIUM
BA_001780,Potency,,794.3,nM,794.3,HIGH
BA_001781,Potency,,2238.7,nM,2238.7,MEDIUM
BA_001782,Ki,=,1000.0,nM,1000.0,HIGH
BA_001783,Potency,,183.6,nM,183.6,HIGH
BA_001784,Potency,,5623.4,nM,5623.4,MEDIUM
BA_001785,IC50,=,4440.0,nM,4440.0,MEDIUM
BA_001786,EC50,=,630.0,nM,630.0,HIGH
BA_001787,EC50,=,4000.0,nM,4000.0,MEDIUM
BA_001788,EC50,=,3981.07,nM,3981.07,MEDIUM
BA_001789,Ki,=,158.49,nM,158.49,HIGH
BA_001790,Ki,=,7079.46,nM,7079.46,MEDIUM
BA_001791,Ki,=,8511.38,nM,8511.38,MEDIUM
BA_001792,Ki,=,9772.37,nM,9772.37,MEDIUM
BA_001793,EC50,=,220.0,nM,220.0,HIGH
BA_001794,EC50,=,3.2,nM,3.2,HIGH
BA_001795,EC50,=,10.0,nM,10.0,HIGH
BA_001796,EC50,=,1.2,nM,1.2,HIGH
BA_001797,EC50,=,1.1,nM,1.1,HIGH
BA_001798,Ki,=,7943.28,nM,7943.28,MEDIUM
BA_001799,Ki,=,501.19,nM,501.19,HIGH
BA_001800,EC50,=,371.54,nM,371.54,HIGH
BA_001801,EC50,=,25.9,nM,25.9,HIGH
BA_001802,EC50,=,7.0,nM,7.0,HIGH
BA_001803,EC50,=,205.0,nM,205.0,HIGH
BA_001804,EC50,=,48.8,nM,48.8,HIGH
BA_001805,EC50,=,19.1,nM,19.1,HIGH
BA_001806,Ki,=,5800.0,nM,5800.0,MEDIUM
BA_001807,Ki,=,390.0,nM,390.0,HIGH
BA_001808,Ki,=,4700.0,nM,4700.0,MEDIUM
BA_001809,EC50,=,56.0,nM,56.0,HIGH
BA_001810,Ki,=,380.19,nM,380.19,HIGH
BA_001811,Ki,=,380.0,nM,380.0,HIGH
BA_001812,Ki,=,6760.83,nM,6760.83,MEDIUM
BA_001813,Ki,=,6800.0,nM,6800.0,MEDIUM
BA_001814,EC50,=,616.6,nM,616.6,HIGH
BA_001815,EC50,=,620.0,nM,620.0,HIGH
BA_001816,EC50,=,239.88,nM,239.88,HIGH
BA_001817,EC50,=,240.0,nM,240.0,HIGH
BA_001818,EC50,=,512.86,nM,512.86,HIGH
BA_001819,EC50,=,510.0,nM,510.0,HIGH
BA_001820,EC50,=,48.98,nM,48.98,HIGH
BA_001821,EC50,=,49.0,nM,49.0,HIGH
BA_001822,EC50,=,1905.46,nM,1905.46,MEDIUM
BA_001823,EC50,=,1900.0,nM,1900.0,MEDIUM
BA_001824,EC50,=,46.77,nM,46.77,HIGH
BA_001825,EC50,=,47.0,nM,47.0,HIGH
BA_001826,EC50,=,12.59,nM,12.59,HIGH
BA_001827,EC50,=,13.0,nM,13.0,HIGH
BA_001828,EC50,=,22.91,nM,22.91,HIGH
BA_001829,EC50,=,23.0,nM,23.0,HIGH
BA_001830,EC50,=,43.0,nM,43.0,HIGH
BA_001831,EC50,=,57.0,nM,57.0,HIGH
BA_001832,IC50,=,134.9,nM,134.9,HIGH
BA_001833,EC50,=,190.55,nM,190.55,HIGH
BA_001834,EC50,=,165.96,nM,165.96,HIGH
BA_001835,EC50,=,501.19,nM,501.19,HIGH
BA_001836,EC50,=,134.9,nM,134.9,HIGH
BA_001837,EC50,=,147.91,nM,147.91,HIGH
BA_001838,EC50,=,13.0,nM,13.0,HIGH
BA_001839,EC50,=,463.0,nM,463.0,HIGH
BA_001840,EC50,=,77.0,nM,77.0,HIGH
BA_001841,EC50,=,75.0,nM,75.0,HIGH
BA_001842,IC50,=,158.49,nM,158.49,HIGH
BA_001843,Ki,=,9.333,nM,9.333,HIGH
BA_001844,EC50,=,9.772,nM,9.772,HIGH
BA_001845,Ki,=,14.45,nM,14.45,HIGH
BA_001846,EC50,=,54.95,nM,54.95,HIGH
BA_001847,IC50,~,1000.0,nM,1000.0,HIGH
BA_001848,EC50,=,4.074,nM,4.074,HIGH
BA_001849,Ki,=,33.88,nM,33.88,HIGH
BA_001850,EC50,=,20.89,nM,20.89,HIGH
BA_001851,Ki,=,7.943,nM,7.943,HIGH
BA_001852,EC50,=,650.0,nM,650.0,HIGH
BA_001853,EC50,=,45.0,nM,45.0,HIGH
BA_001854,EC50,=,88.0,nM,88.0,HIGH
BA_001855,EC50,=,1800.0,nM,1800.0,MEDIUM
BA_001856,Ki,=,12.02,nM,12.02,HIGH
BA_001857,Ki,=,13.4,nM,13.4,HIGH
BA_001858,EC50,=,190.0,nM,190.0,HIGH
BA_001859,EC50,=,1200.0,nM,1200.0,MEDIUM
BA_001860,EC50,=,25.1,nM,25.1,HIGH
BA_001861,EC50,=,11.6,nM,11.6,HIGH
BA_001862,EC50,=,190.55,nM,190.55,HIGH
BA_001863,EC50,=,1202.26,nM,1202.26,MEDIUM
BA_001864,EC50,=,25.12,nM,25.12,HIGH
BA_001865,EC50,=,12.02,nM,12.02,HIGH
BA_001866,EC50,=,11.75,nM,11.75,HIGH
BA_001867,EC50,=,13.8,nM,13.8,HIGH
BA_001868,EC50,=,1258.93,nM,1258.93,MEDIUM
BA_001869,EC50,=,12.88,nM,12.88,HIGH
BA_001870,EC50,=,9.12,nM,9.12,HIGH
BA_001871,EC50,=,640.0,nM,640.0,HIGH
BA_001872,Ki,=,5.2,nM,5.2,HIGH
BA_001873,Ki,=,60.0,nM,60.0,HIGH
BA_001874,Potency,=,891.3,nM,891.3,HIGH
BA_001875,EC50,=,199.53,nM,199.53,HIGH
BA_001876,EC50,=,12.59,nM,12.59,HIGH
BA_001877,Ki,=,10.0,nM,10.0,HIGH
BA_001878,EC50,=,5.012,nM,5.012,HIGH
BA_001879,EC50,=,19.95,nM,19.95,HIGH
BA_001880,Ki,=,12.59,nM,12.59,HIGH
BA_001881,EC50,=,79.43,nM,79.43,HIGH
BA_001882,Ki,=,11.75,nM,11.75,HIGH
BA_001883,EC50,=,25.12,nM,25.12,HIGH
BA_001884,EC50,=,15.85,nM,15.85,HIGH
BA_001885,Potency,,8436.8,nM,8436.8,MEDIUM
BA_001886,Ki,=,6.31,nM,6.31,HIGH
BA_001887,Ki,=,15.85,nM,15.85,HIGH
BA_001888,Ki,=,9.0,nM,9.0,HIGH
BA_001889,Ki,=,19.95,nM,19.95,HIGH
BA_001890,EC50,=,20.42,nM,20.42,HIGH
BA_001891,Potency,,707.9,nM,707.9,HIGH
BA_001892,Ki,=,4.8,nM,4.8,HIGH
BA_001893,Ki,=,5000.0,nM,5000.0,MEDIUM
BA_001894,Ki,=,6000.0,nM,6000.0,MEDIUM
BA_001895,Ki,=,8.0,nM,8.0,HIGH
BA_001896,Ki,=,16.0,nM,16.0,HIGH
BA_001897,EC50,=,7.943,nM,7.943,HIGH
BA_001898,EC50,=,13.0,nM,13.0,HIGH
BA_001899,EC50,=,11.0,nM,11.0,HIGH
BA_001900,EC50,=,13.0,nM,13.0,HIGH
BA_001901,Ki,=,12.8,nM,12.8,HIGH
BA_001902,Ki,=,1.6,nM,1.6,HIGH
BA_001903,Kd,=,5.0,nM,5.0,HIGH
BA_001904,EC50,=,7.413,nM,7.413,HIGH
BA_001905,EC50,=,16.98,nM,16.98,HIGH
BA_001906,EC50,=,33.88,nM,33.88,HIGH
BA_001907,Ki,=,12.59,nM,12.59,HIGH
BA_001908,EC50,=,2.512,nM,2.512,HIGH
BA_001909,EC50,=,63.1,nM,63.1,HIGH
BA_001910,Ki,=,295.12,nM,295.12,HIGH
BA_001911,EC50,=,1584.89,nM,1584.89,MEDIUM
BA_001912,EC50,=,30.0,nM,30.0,HIGH
BA_001913,EC50,=,4.0,nM,4.0,HIGH
BA_001914,Ki,=,1.0,nM,1.0,HIGH
BA_001915,Ki,=,2.512,nM,2.512,HIGH
BA_001916,Ki,=,2398.83,nM,2398.83,MEDIUM
BA_001917,Ki,=,263.03,nM,263.03,HIGH
BA_001918,Ki,=,25.7,nM,25.7,HIGH
BA_001919,Ki,=,25.12,nM,25.12,HIGH
BA_001920,EC50,=,977.24,nM,977.24,HIGH
BA_001921,EC50,=,3801.89,nM,3801.89,MEDIUM
BA_001922,Ki,=,588.84,nM,588.84,HIGH
BA_001923,Ki,=,501.19,nM,501.19,HIGH
BA_001924,EC50,=,114.82,nM,114.82,HIGH
BA_001925,EC50,=,1412.54,nM,1412.54,MEDIUM
BA_001926,EC50,=,5495.41,nM,5495.41,MEDIUM
BA_001927,Kd,=,4.5,nM,4.5,HIGH
BA_001928,Kd,=,12.2,nM,12.2,HIGH
BA_001929,Kd,=,3.0,nM,3.0,HIGH
BA_001930,Kd,=,16.0,nM,16.0,HIGH
BA_001931,Ki,=,389.05,nM,389.05,HIGH
BA_001932,Ki,=,25.12,nM,25.12,HIGH
BA_001933,Ki,=,1174.9,nM,1174.9,MEDIUM
BA_001934,Ki,=,250.0,nM,250.0,HIGH
BA_001935,Ki,=,126.0,nM,126.0,HIGH
BA_001936,Ki,=,4.0,nM,4.0,HIGH
BA_001937,Ki,=,65.0,nM,65.0,HIGH
BA_001938,Ki,=,8.1,nM,8.1,HIGH
BA_001939,Ki,=,78.0,nM,78.0,HIGH
BA_001940,Ki,=,35.0,nM,35.0,HIGH
BA_001941,EC50,=,11.0,nM,11.0,HIGH
BA_001942,EC50,=,1.5,nM,1.5,HIGH
BA_001943,EC50,=,1.7,nM,1.7,HIGH
BA_001944,Ki,=,14.0,nM,14.0,HIGH
BA_001945,Ki,=,12.0,nM,12.0,HIGH
BA_001946,Ki,=,6.9,nM,6.9,HIGH
BA_001947,IC50,=,81.0,nM,81.0,HIGH
BA_001948,IC50,=,3.0,nM,3.0,HIGH
BA_001949,EC50,=,30.0,nM,30.0,HIGH
BA_001950,Ki,=,1.7,nM,1.7,HIGH
BA_001951,Ki,=,4.0,nM,4.0,HIGH
BA_001952,Ki,=,5.5,nM,5.5,HIGH
BA_001953,Ki,=,510.0,nM,510.0,HIGH
BA_001954,Ki,=,4.8,nM,4.8,HIGH
BA_001955,Ki,=,7.1,nM,7.1,HIGH
BA_001956,Ki,=,2.5,nM,2.5,HIGH
BA_001957,Ki,=,75.0,nM,75.0,HIGH
BA_001958,Ki,=,5.06,nM,5.06,HIGH
BA_001959,Ki,=,6.76,nM,6.76,HIGH
BA_001960,Ki,=,2.48,nM,2.48,HIGH
BA_001961,EC50,=,4.82,nM,4.82,HIGH
BA_001962,IC50,=,5.6,nM,5.6,HIGH
BA_001963,IC50,=,6.0,nM,6.0,HIGH
BA_001964,IC50,=,2.0,nM,2.0,HIGH
BA_001965,Ki,=,2.8,nM,2.8,HIGH
BA_001966,Ki,=,3.0,nM,3.0,HIGH
BA_001967,Ki,=,1.7,nM,1.7,HIGH
BA_001968,Kd,=,9690.0,nM,9690.0,MEDIUM
BA_001969,Ki,=,3.981,nM,3.981,HIGH
BA_001970,Ki,=,5.012,nM,5.012,HIGH
BA_001971,Ki,=,398.11,nM,398.11,HIGH
BA_001972,Ki,=,50.12,nM,50.12,HIGH
BA_001973,Ki,=,125.89,nM,125.89,HIGH
BA_001974,Ki,=,3.162,nM,3.162,HIGH
BA_001975,EC50,=,8.71,nM,8.71,HIGH
BA_001976,IC50,=,1.2,nM,1.2,HIGH
BA_001977,EC50,=,3.7,nM,3.7,HIGH
BA_001978,Ki,=,8.2,nM,8.2,HIGH
BA_001979,Ki,=,13.0,nM,13.0,HIGH
BA_001980,Ki,=,8.3,nM,8.3,HIGH
BA_001981,IC50,=,0.0003,nM,0.0003,HIGH
BA_001982,Ki,=,2.0,nM,2.0,HIGH
BA_001983,EC50,=,43.0,nM,43.0,HIGH
BA_001984,EC50,=,4.67,nM,4.67,HIGH
BA_001985,EC50,=,523.0,nM,523.0,HIGH
BA_001986,Ki,=,3.0,nM,3.0,HIGH
BA_001987,Ki,=,4.0,nM,4.0,HIGH
BA_001988,EC50,=,7.9,nM,7.9,HIGH
BA_001989,IC50,=,5.2,nM,5.2,HIGH
BA_001990,IC50,=,5.0,nM,5.0,HIGH
BA_001991,EC50,=,10.0,nM,10.0,HIGH
BA_001992,Ki,=,4.8,nM,4.8,HIGH
BA_001993,Ki,=,100.0,nM,100.0,HIGH
BA_001994,IC50,=,79.0,nM,79.0,HIGH
BA_001995,EC50,=,0.5,nM,0.5,HIGH
BA_001996,EC50,=,1.0,nM,1.0,HIGH
BA_001997,EC50,=,0.7,nM,0.7,HIGH
BA_001998,EC50,=,500.0,nM,500.0,HIGH
BA_001999,EC50,=,457.09,nM,457.09,HIGH
BA_002000,EC50,=,229.09,nM,229.09,HIGH
BA_002001,EC50,=,25.12,nM,25.12,HIGH
BA_002002,EC50,=,125.89,nM,125.89,HIGH
BA_002003,EC50,=,25.12,nM,25.12,HIGH
BA_002004,EC50,=,24.0,nM,24.0,HIGH
BA_002005,EC50,=,70.0,nM,70.0,HIGH
BA_002006,EC50,=,5.8,nM,5.8,HIGH
BA_002007,EC50,=,100.0,nM,100.0,HIGH
BA_002008,EC50,=,0.09,nM,0.09,HIGH
BA_002009,EC50,=,0.5,nM,0.5,HIGH
BA_002010,EC50,=,5.8,nM,5.8,HIGH
BA_002011,Ki,=,120.0,nM,120.0,HIGH
BA_002012,Ki,=,160.0,nM,160.0,HIGH
BA_002013,Ki,=,130.0,nM,130.0,HIGH
BA_002014,Ki,=,150.0,nM,150.0,HIGH
BA_002015,Ki,=,0.5,nM,0.5,HIGH
BA_002016,Ki,=,1.1,nM,1.1,HIGH
BA_002017,Ki,=,1.259,nM,1.259,HIGH
BA_002018,Ki,=,10000.0,nM,10000.0,MEDIUM
BA_002019,IC50,=,0.61,nM,0.61,HIGH
BA_002020,Ki,=,0.22,nM,0.22,HIGH
BA_002021,IC50,=,180.0,nM,180.0,HIGH
BA_002022,IC50,=,200.0,nM,200.0,HIGH
BA_002023,Ki,=,110.0,nM,110.0,HIGH
BA_002024,IC50,=,29.0,nM,29.0,HIGH
BA_002025,Ki,=,18.0,nM,18.0,HIGH
BA_002026,Ki,=,93.0,nM,93.0,HIGH
BA_002027,EC50,=,15.0,nM,15.0,HIGH
BA_002028,Ki,=,1049.0,nM,1049.0,MEDIUM
BA_002029,EC50,=,12.0,nM,12.0,HIGH
BA_002030,IC50,=,2.55,nM,2.55,HIGH
BA_002031,Ki,=,320.0,nM,320.0,HIGH
BA_002032,Ki,=,130.0,nM,130.0,HIGH
BA_002033,Ki,=,690.0,nM,690.0,HIGH
BA_002034,Ki,=,20.0,nM,20.0,HIGH
BA_002035,Ki,=,500.0,nM,500.0,HIGH
BA_002036,IC50,=,16.0,nM,16.0,HIGH
BA_002037,IC50,=,1.5,nM,1.5,HIGH
BA_002038,IC50,=,184.0,nM,184.0,HIGH
BA_002039,IC50,=,262.0,nM,262.0,HIGH
BA_002040,Ki,=,29.51,nM,29.51,HIGH
BA_002041,Ki,=,109.65,nM,109.65,HIGH
BA_002042,EC50,=,150.0,nM,150.0,HIGH
BA_002043,EC50,=,25.0,nM,25.0,HIGH
BA_002044,EC50,=,11.0,nM,11.0,HIGH
BA_002045,EC50,=,147.0,nM,147.0,HIGH
BA_002046,IC50,=,27.5,nM,27.5,HIGH
BA_002047,Ki,<,50.0,nM,50.0,HIGH
BA_002048,EC50,=,178.0,nM,178.0,HIGH
BA_002049,EC50,=,141.0,nM,141.0,HIGH
BA_002050,Ki,=,14.0,nM,14.0,HIGH
BA_002051,Ki,=,170.0,nM,170.0,HIGH
BA_002052,Ki,=,84.0,nM,84.0,HIGH
BA_002053,Ki,=,0.13,nM,0.13,HIGH
BA_002054,Potency,,4739.8,nM,4739.8,MEDIUM
BA_002055,Ki,=,445.0,nM,445.0,HIGH
BA_002056,Ki,=,214.0,nM,214.0,HIGH
BA_002057,EC50,=,1.63,nM,1.63,HIGH
BA_002058,EC50,=,7.6,nM,7.6,HIGH
BA_002059,EC50,=,0.86,nM,0.86,HIGH
BA_002060,Ki,=,0.62,nM,0.62,HIGH
BA_002061,Ki,=,70.0,nM,70.0,HIGH
BA_002062,Ki,=,79.43,nM,79.43,HIGH
BA_002063,Ki,=,323.59,nM,323.59,HIGH
BA_002064,EC50,=,43.65,nM,43.65,HIGH
BA_002065,EC50,=,147.91,nM,147.91,HIGH
BA_002066,EC50,=,0.871,nM,0.871,HIGH
BA_002067,EC50,=,2.57,nM,2.57,HIGH
BA_002068,Ki,=,79.0,nM,79.0,HIGH
BA_002069,EC50,=,44.0,nM,44.0,HIGH
BA_002070,EC50,=,150.0,nM,150.0,HIGH
BA_002071,EC50,=,0.87,nM,0.87,HIGH
BA_002072,EC50,=,2.6,nM,2.6,HIGH
BA_002073,EC50,=,3.75,nM,3.75,HIGH
BA_002074,Ki,=,0.9,nM,0.9,HIGH
BA_002075,EC50,=,16.0,nM,16.0,HIGH
BA_002076,EC50,=,39.0,nM,39.0,HIGH
BA_002077,EC50,=,0.4,nM,0.4,HIGH
BA_002078,EC50,=,1.1,nM,1.1,HIGH
BA_002079,EC50,=,1.5,nM,1.5,HIGH
BA_002080,EC50,=,0.3467,nM,0.3467,HIGH
BA_002081,EC50,=,1.072,nM,1.072,HIGH
BA_002082,EC50,=,1.549,nM,1.549,HIGH
BA_002083,IC50,=,0.49,nM,0.49,HIGH
BA_002084,IC50,=,180.0,nM,180.0,HIGH
BA_002085,IC50,=,280.0,nM,280.0,HIGH
BA_002086,IC50,=,12.0,nM,12.0,HIGH
BA_002087,Ki,=,0.11,nM,0.11,HIGH
BA_002088,Ki,=,50.0,nM,50.0,HIGH
BA_002089,Ki,=,82.0,nM,82.0,HIGH
BA_002090,IC50,=,0.29,nM,0.29,HIGH
BA_002091,IC50,=,100.0,nM,100.0,HIGH
BA_002092,IC50,=,160.0,nM,160.0,HIGH
BA_002093,IC50,=,6.5,nM,6.5,HIGH
BA_002094,Ki,=,9.5,nM,9.5,HIGH
BA_002095,Ki,=,10.72,nM,10.72,HIGH
BA_002096,Ki,=,11.0,nM,11.0,HIGH
BA_002097,Ki,=,13.49,nM,13.49,HIGH
BA_002098,Potency,,4256.2,nM,4256.2,MEDIUM
BA_002099,Ki,=,1.4,nM,1.4,HIGH
BA_002100,Ki,=,33.0,nM,33.0,HIGH
BA_002101,Ki,=,0.8,nM,0.8,HIGH
BA_002102,EC50,=,17.0,nM,17.0,HIGH
BA_002103,EC50,=,3.0,nM,3.0,HIGH
BA_002104,Kd,=,3.98,nM,3.98,HIGH
BA_002105,Ki,=,2.08,nM,2.08,HIGH
BA_002106,EC50,=,0.21,nM,0.21,HIGH
BA_002107,EC50,=,0.92,nM,0.92,HIGH
BA_002108,EC50,=,1.88,nM,1.88,HIGH
BA_002109,EC50,=,302.0,nM,302.0,HIGH
BA_002110,EC50,=,190.55,nM,190.55,HIGH
BA_002111,EC50,=,27.54,nM,27.54,HIGH
BA_002112,EC50,=,169.82,nM,169.82,HIGH
BA_002113,IC50,=,0.25,nM,0.25,HIGH
BA_002114,IC50,=,120.0,nM,120.0,HIGH
BA_002115,EC50,=,5.754,nM,5.754,HIGH
BA_002116,EC50,=,5.8,nM,5.8,HIGH
BA_002117,Ki,=,6.0,nM,6.0,HIGH
BA_002118,EC50,=,15.33,nM,15.33,HIGH
BA_002119,EC50,=,47.0,nM,47.0,HIGH
BA_002120,EC50,=,51.29,nM,51.29,HIGH
BA_002121,EC50,=,18.62,nM,18.62,HIGH
BA_002122,IC50,=,260.0,nM,260.0,HIGH
BA_002123,IC50,=,130.0,nM,130.0,HIGH
BA_002124,IC50,=,0.47,nM,0.47,HIGH
BA_002125,Ki,=,130.0,nM,130.0,HIGH
BA_002126,Ki,=,61.0,nM,61.0,HIGH
BA_002127,Ki,=,0.17,nM,0.17,HIGH
BA_002128,EC50,=,0.182,nM,0.182,HIGH
BA_002129,EC50,=,0.17,nM,0.17,HIGH
BA_002130,EC50,=,2.344,nM,2.344,HIGH
BA_002131,EC50,=,2.35,nM,2.35,HIGH
BA_002132,EC50,=,15.14,nM,15.14,HIGH
BA_002133,EC50,=,15.0,nM,15.0,HIGH
BA_002134,EC50,=,1.445,nM,1.445,HIGH
BA_002135,EC50,=,1.46,nM,1.46,HIGH
BA_002136,Ki,=,1.3,nM,1.3,HIGH
BA_002137,EC50,=,69.18,nM,69.18,HIGH
BA_002138,Ki,=,1.4,nM,1.4,HIGH
BA_002139,EC50,=,97.7,nM,97.7,HIGH
BA_002140,EC50,=,7.0,nM,7.0,HIGH
BA_002141,EC50,=,47.86,nM,47.86,HIGH
BA_002142,EC50,=,48.0,nM,48.0,HIGH
BA_002143,Ki,=,7690.0,nM,7690.0,MEDIUM
BA_002144,Ki,=,2290.0,nM,2290.0,MEDIUM
BA_002145,IC50,=,1430.0,nM,1430.0,MEDIUM
BA_002146,Ki,=,11.5,nM,11.5,HIGH
BA_002147,EC50,=,5.7,nM,5.7,HIGH
BA_002148,EC50,=,4.5,nM,4.5,HIGH
BA_002149,Ki,=,1.1,nM,1.1,HIGH
BA_002150,EC50,=,19.0,nM,19.0,HIGH
BA_002151,EC50,=,1.6,nM,1.6,HIGH
BA_002152,EC50,=,43.6,nM,43.6,HIGH
BA_002153,Ki,=,5.5,nM,5.5,HIGH
BA_002154,Ki,=,1.2,nM,1.2,HIGH
BA_002155,EC50,=,5.61,nM,5.61,HIGH
BA_002156,EC50,=,56.23,nM,56.23,HIGH
BA_002157,EC50,=,5.7,nM,5.7,HIGH
BA_002158,EC50,=,5.37,nM,5.37,HIGH
BA_002159,Ki,=,7.943,nM,7.943,HIGH
BA_002160,IC50,=,323.0,nM,323.0,HIGH
BA_002161,Ki,=,246.0,nM,246.0,HIGH
BA_002162,EC50,=,0.1905,nM,0.1905,HIGH
BA_002163,EC50,=,0.8511,nM,0.8511,HIGH
BA_002164,EC50,=,0.2754,nM,0.2754,HIGH
BA_002165,EC50,=,0.19,nM,0.19,HIGH
BA_002166,EC50,=,0.27,nM,0.27,HIGH
BA_002167,Ki,=,3.6,nM,3.6,HIGH
BA_002168,EC50,=,0.41,nM,0.41,HIGH
BA_002169,EC50,=,18.0,nM,18.0,HIGH
BA_002170,EC50,=,1800.0,nM,1800.0,MEDIUM
BA_002171,Ki,=,2.12,nM,2.12,HIGH
BA_002172,Ki,=,0.91,nM,0.91,HIGH
BA_002173,EC50,=,0.51,nM,0.51,HIGH
BA_002174,EC50,=,0.5129,nM,0.5129,HIGH
BA_002175,IC50,=,27.9,nM,27.9,HIGH
BA_002176,EC50,=,45.3,nM,45.3,HIGH
BA_002177,IC50,=,1.25,nM,1.25,HIGH
BA_002178,EC50,=,70.0,nM,70.0,HIGH
BA_002179,EC50,=,0.07079,nM,0.07079,HIGH
BA_002180,EC50,=,33.11,nM,33.11,HIGH
BA_002181,EC50,=,30.9,nM,30.9,HIGH
BA_002182,EC50,=,128.82,nM,128.82,HIGH
BA_002183,EC50,=,58.88,nM,58.88,HIGH
BA_002184,EC50,=,0.166,nM,0.166,HIGH
BA_002185,EC50,=,0.1349,nM,0.1349,HIGH
BA_002186,EC50,=,0.14,nM,0.14,HIGH
BA_002187,EC50,=,21.88,nM,21.88,HIGH
BA_002188,EC50,=,21.0,nM,21.0,HIGH
BA_002189,EC50,=,50.12,nM,50.12,HIGH
BA_002190,EC50,=,5.8,nM,5.8,HIGH
BA_002191,EC50,=,1.1,nM,1.1,HIGH
BA_002192,EC50,=,42.1,nM,42.1,HIGH
BA_002193,EC50,=,2.03,nM,2.03,HIGH
BA_002194,EC50,=,3.66,nM,3.66,HIGH
BA_002195,EC50,=,9.333,nM,9.333,HIGH
BA_002196,EC50,=,4.5,nM,4.5,HIGH
BA_002197,EC50,=,112.2,nM,112.2,HIGH
BA_002198,EC50,=,110.0,nM,110.0,HIGH
BA_002199,Ki,=,10.8,nM,10.8,HIGH
BA_002200,Ki,=,17.2,nM,17.2,HIGH
BA_002201,Ki,=,2.1,nM,2.1,HIGH
BA_002202,Ki,=,4.5,nM,4.5,HIGH
BA_002203,IC50,=,2990.0,nM,2990.0,MEDIUM
BA_002204,EC50,=,12.1,nM,12.1,HIGH
BA_002205,EC50,=,130.0,nM,130.0,HIGH
BA_002206,EC50,=,661.0,nM,661.0,HIGH
BA_002207,EC50,=,1672.0,nM,1672.0,MEDIUM
BA_002208,EC50,=,10.96,nM,10.96,HIGH
BA_002209,EC50,=,398.11,nM,398.11,HIGH
BA_002210,EC50,=,3.0,nM,3.0,HIGH
BA_002211,EC50,=,2.951,nM,2.951,HIGH
BA_002212,EC50,=,1.202,nM,1.202,HIGH
BA_002213,EC50,=,1.2,nM,1.2,HIGH
BA_002214,EC50,=,3.4,nM,3.4,HIGH
BA_002215,EC50,=,1.32,nM,1.32,HIGH
BA_002216,EC50,=,2.4,nM,2.4,HIGH
BA_002217,EC50,=,25.12,nM,25.12,HIGH
BA_002218,EC50,=,28.0,nM,28.0,HIGH
BA_002219,EC50,=,1.259,nM,1.259,HIGH
BA_002220,EC50,=,1.19,nM,1.19,HIGH
BA_002221,EC50,=,0.1259,nM,0.1259,HIGH
BA_002222,EC50,=,0.12,nM,0.12,HIGH
BA_002223,EC50,=,0.631,nM,0.631,HIGH
BA_002224,EC50,=,0.23,nM,0.23,HIGH
BA_002225,EC50,=,7.3,nM,7.3,HIGH
BA_002226,EC50,=,2600.0,nM,2600.0,MEDIUM
BA_002227,Ki,=,59.0,nM,59.0,HIGH
BA_002228,Ki,=,1.1,nM,1.1,HIGH
BA_002229,Ki,=,0.2,nM,0.2,HIGH
BA_002230,EC50,=,2.512,nM,2.512,HIGH
BA_002231,IC50,=,0.4,nM,0.4,HIGH
BA_002232,Potency,=,3162.3,nM,3162.3,MEDIUM
BA_002233,Potency,=,4466.8,nM,4466.8,MEDIUM
BA_002234,Potency,,5802.4,nM,5802.4,MEDIUM
BA_002235,Potency,,6309.6,nM,6309.6,MEDIUM
BA_002236,IC50,=,2710.0,nM,2710.0,MEDIUM
BA_002237,IC50,=,252.0,nM,252.0,HIGH
BA_002238,IC50,=,1205.0,nM,1205.0,MEDIUM
BA_002239,IC50,=,440.0,nM,440.0,HIGH
BA_002240,IC50,=,390.0,nM,390.0,HIGH
BA_002241,IC50,=,230.0,nM,230.0,HIGH
BA_002242,IC50,=,9640.0,nM,9640.0,MEDIUM
BA_002243,Ki,=,1640.0,nM,1640.0,MEDIUM
BA_002244,Ki,=,220.0,nM,220.0,HIGH
BA_002245,IC50,=,6610.0,nM,6610.0,MEDIUM
BA_002246,IC50,=,600.0,nM,600.0,HIGH
BA_002247,IC50,=,1960.0,nM,1960.0,MEDIUM
BA_002248,IC50,=,8770.0,nM,8770.0,MEDIUM
BA_002249,IC50,=,2920.0,nM,2920.0,MEDIUM
BA_002250,IC50,=,2650.0,nM,2650.0,MEDIUM
BA_002251,IC50,=,350.0,nM,350.0,HIGH
BA_002252,IC50,=,346.74,nM,346.74,HIGH
BA_002253,IC50,=,1410.0,nM,1410.0,MEDIUM
BA_002254,Ki,=,5.37,nM,5.37,HIGH
BA_002255,Ki,=,10.6,nM,10.6,HIGH
BA_002256,Ki,=,3.467,nM,3.467,HIGH
BA_002257,Ki,=,10.47,nM,10.47,HIGH
BA_002258,Ki,=,660.69,nM,660.69,HIGH
BA_002259,Ki,=,5.012,nM,5.012,HIGH
BA_002260,Potency,=,2511.9,nM,2511.9,MEDIUM
BA_002261,EC50,=,1700.0,nM,1700.0,MEDIUM
BA_002262,Potency,,5011.9,nM,5011.9,MEDIUM
BA_002263,Potency,,7943.3,nM,7943.3,MEDIUM
BA_002264,EC50,=,5.0,nM,5.0,HIGH
BA_002265,Potency,=,5011.9,nM,5011.9,MEDIUM
BA_002266,Potency,,105.9,nM,105.9,HIGH
BA_002267,Potency,,149.6,nM,149.6,HIGH
BA_002268,Potency,,3548.1,nM,3548.1,MEDIUM
BA_002269,IC50,=,1630.0,nM,1630.0,MEDIUM
BA_002270,IC50,=,3.5,nM,3.5,HIGH
BA_002271,Potency,=,63.1,nM,63.1,HIGH
BA_002272,Potency,=,1258.9,nM,1258.9,MEDIUM
BA_002273,Potency,=,46.5,nM,46.5,HIGH
BA_002274,Potency,=,5.0,nM,5.0,HIGH
BA_002275,Potency,=,1000.0,nM,1000.0,HIGH
BA_002276,Potency,=,47.8,nM,47.8,HIGH
BA_002277,Potency,=,58.5,nM,58.5,HIGH
BA_002278,Potency,=,1412.5,nM,1412.5,MEDIUM
BA_002279,Potency,,754.6,nM,754.6,HIGH
BA_002280,Potency,,2310.9,nM,2310.9,MEDIUM
BA_002281,Potency,,891.3,nM,891.3,HIGH
BA_002282,Potency,,1065.9,nM,1065.9,MEDIUM
BA_002283,Potency,,231.0,nM,231.0,HIGH
BA_002284,Potency,,354.8,nM,354.8,HIGH
BA_002285,Potency,,251.2,nM,251.2,HIGH
BA_002286,Potency,,446.7,nM,446.7,HIGH
BA_002287,Potency,,50.1,nM,50.1,HIGH
BA_002288,IC50,=,3648.6,nM,3648.6,MEDIUM
BA_002289,IC50,=,870.0,nM,870.0,HIGH
BA_002290,Ki,=,404.0,nM,404.0,HIGH
BA_002291,Potency,,3932.7,nM,3932.7,MEDIUM
BA_002292,Potency,,125.9,nM,125.9,HIGH
BA_002293,Potency,,1412.5,nM,1412.5,MEDIUM
BA_002294,Potency,,237.1,nM,237.1,HIGH
BA_002295,Potency,,188.4,nM,188.4,HIGH
BA_002296,IC50,=,1.82,nM,1.82,HIGH
BA_002297,Potency,,89.1,nM,89.1,HIGH
BA_002298,Potency,,316.2,nM,316.2,HIGH
BA_002299,Potency,,2.2,nM,2.2,HIGH
BA_002300,EC50,=,3000.0,nM,3000.0,MEDIUM
BA_002301,IC50,=,2500.0,nM,2500.0,MEDIUM
BA_002302,IC50,=,8900.0,nM,8900.0,MEDIUM
BA_002303,Ki,=,2555.0,nM,2555.0,MEDIUM
BA_002304,Ki,=,1241.0,nM,1241.0,MEDIUM
BA_002305,Ki,=,36.0,nM,36.0,HIGH
BA_002306,Ki,=,36.5,nM,36.5,HIGH
BA_002307,IC50,=,1540.0,nM,1540.0,MEDIUM
BA_002308,IC50,=,8984.0,nM,8984.0,MEDIUM
BA_002309,IC50,=,1634.07,nM,1634.07,MEDIUM
BA_002310,Potency,,4466.8,nM,4466.8,MEDIUM
BA_002311,Kd,=,16.5,nM,16.5,HIGH
BA_002312,Kd,=,8.2,nM,8.2,HIGH
BA_002313,IC50,=,7400.0,nM,7400.0,MEDIUM
BA_002314,Ki,=,7800.0,nM,7800.0,MEDIUM
BA_002315,IC50,=,1270.0,nM,1270.0,MEDIUM
BA_002316,IC50,=,2580.0,nM,2580.0,MEDIUM
BA_002317,Kd,=,2180.0,nM,2180.0,MEDIUM
BA_002318,IC50,=,4800.0,nM,4800.0,MEDIUM
BA_002319,IC50,=,186.6,nM,186.6,HIGH
BA_002320,IC50,=,0.2,nM,0.2,HIGH
BA_002321,IC50,=,120.0,nM,120.0,HIGH
BA_002322,IC50,=,198.0,nM,198.0,HIGH
BA_002323,IC50,=,250.0,nM,250.0,HIGH
BA_002324,IC50,=,8740.0,nM,8740.0,MEDIUM
BA_002325,IC50,=,4040.0,nM,4040.0,MEDIUM
BA_002326,IC50,=,2560.0,nM,2560.0,MEDIUM
BA_002327,IC50,=,5480.0,nM,5480.0,MEDIUM
BA_002328,IC50,=,9280.0,nM,9280.0,MEDIUM
BA_002329,Potency,,7079.5,nM,7079.5,MEDIUM
BA_002330,Potency,,2238.7,nM,2238.7,MEDIUM
BA_002331,Potency,,9688.5,nM,9688.5,MEDIUM
BA_002332,EC50,=,3500.0,nM,3500.0,MEDIUM
BA_002333,Kd,=,2200.0,nM,2200.0,MEDIUM
BA_002334,Kd,=,7.79,nM,7.79,HIGH
BA_002335,IC50,=,250.0,nM,250.0,HIGH
BA_002336,IC50,=,850.0,nM,850.0,HIGH
BA_002337,IC50,=,5000.0,nM,5000.0,MEDIUM
BA_002338,IC50,=,950.0,nM,950.0,HIGH
BA_002339,IC50,=,1400.0,nM,1400.0,MEDIUM
BA_002340,IC50,=,4330.0,nM,4330.0,MEDIUM
BA_002341,Potency,=,891.3,nM,891.3,HIGH
BA_002342,Potency,=,1995.3,nM,1995.3,MEDIUM
BA_002343,Potency,=,10000.0,nM,10000.0,MEDIUM
BA_002344,Potency,=,7943.3,nM,7943.3,MEDIUM
BA_002345,Potency,=,1258.9,nM,1258.9,MEDIUM
BA_002346,Potency,=,1995.3,nM,1995.3,MEDIUM
BA_002347,Potency,=,2511.9,nM,2511.9,MEDIUM
BA_002348,Potency,,562.3,nM,562.3,HIGH
BA_002349,Potency,,398.1,nM,398.1,HIGH
BA_002350,Potency,,6683.8,nM,6683.8,MEDIUM
BA_002351,Ki,=,350.0,nM,350.0,HIGH
BA_002352,IC50,=,2308.0,nM,2308.0,MEDIUM
BA_002353,IC50,=,900.0,nM,900.0,HIGH
BA_002354,IC50,=,6700.0,nM,6700.0,MEDIUM
BA_002355,IC50,=,6760.83,nM,6760.83,MEDIUM
BA_002356,IC50,=,3790.0,nM,3790.0,MEDIUM
BA_002357,IC50,=,2780.0,nM,2780.0,MEDIUM
BA_002358,IC50,=,891.0,nM,891.0,HIGH
BA_002359,IC50,=,9200.0,nM,9200.0,MEDIUM
BA_002360,Potency,=,28.2,nM,28.2,HIGH
BA_002361,Potency,=,10000.0,nM,10000.0,MEDIUM
BA_002362,IC50,=,407.0,nM,407.0,HIGH
BA_002363,Potency,,4744.4,nM,4744.4,MEDIUM
BA_002364,Potency,,4466.8,nM,4466.8,MEDIUM
BA_002365,IC50,=,1450.0,nM,1450.0,MEDIUM
BA_002366,IC50,=,800.0,nM,800.0,HIGH
BA_002367,IC50,=,1330.0,nM,1330.0,MEDIUM
BA_002368,IC50,=,4500.0,nM,4500.0,MEDIUM
BA_002369,IC50,=,5300.0,nM,5300.0,MEDIUM
BA_002370,Potency,=,354.8,nM,354.8,HIGH
BA_002371,Potency,,4.5,nM,4.5,HIGH
BA_002372,Potency,,2238.7,nM,2238.7,MEDIUM
BA_002373,Ki,=,830.0,nM,830.0,HIGH
BA_002374,Ki,=,390.0,nM,390.0,HIGH
BA_002375,Potency,,10.0,nM,10.0,HIGH
BA_002376,Potency,,3162.3,nM,3162.3,MEDIUM
BA_002377,Potency,,2.2,nM,2.2,HIGH
BA_002378,IC50,=,8000.0,nM,8000.0,MEDIUM
BA_002379,IC50,=,45.71,nM,45.71,HIGH
BA_002380,Potency,,2511.9,nM,2511.9,MEDIUM
BA_002381,Potency,,39.8,nM,39.8,HIGH
BA_002382,IC50,=,1900.0,nM,1900.0,MEDIUM
BA_002383,IC50,=,5.09,nM,5.09,HIGH
BA_002384,IC50,=,6.27,nM,6.27,HIGH
BA_002385,IC50,=,6500.0,nM,6500.0,MEDIUM
BA_002386,Potency,=,141.3,nM,141.3,HIGH
BA_002387,Potency,,3548.1,nM,3548.1,MEDIUM
BA_002388,IC50,=,9600.0,nM,9600.0,MEDIUM
BA_002389,EC50,=,850.0,nM,850.0,HIGH
BA_002390,Potency,=,4466.8,nM,4466.8,MEDIUM
BA_002391,Ki,=,7700.0,nM,7700.0,MEDIUM
BA_002392,Ki,=,7500.0,nM,7500.0,MEDIUM
BA_002393,Ki,=,7100.0,nM,7100.0,MEDIUM
BA_002394,Ki,=,8700.0,nM,8700.0,MEDIUM
BA_002395,Potency,=,1000.0,nM,1000.0,HIGH
BA_002396,Potency,,398.1,nM,398.1,HIGH
BA_002397,IC50,=,7600.0,nM,7600.0,MEDIUM
BA_002398,IC50,=,840.0,nM,840.0,HIGH
BA_002399,IC50,=,500.0,nM,500.0,HIGH
BA_002400,IC50,=,623.0,nM,623.0,HIGH
BA_002401,IC50,=,891.25,nM,891.25,HIGH
BA_002402,Ki,=,680.0,nM,680.0,HIGH
BA_002403,IC50,=,3801.89,nM,3801.89,MEDIUM
BA_002404,Ki,=,2110.0,nM,2110.0,MEDIUM
BA_002405,IC50,=,0.221,nM,0.221,HIGH
BA_002406,Ki,=,3600.0,nM,3600.0,MEDIUM
BA_002407,Potency,=,794.3,nM,794.3,HIGH
BA_002408,Potency,,4466.8,nM,4466.8,MEDIUM
BA_002409,Ki,=,840.0,nM,840.0,HIGH
BA_002410,Ki,=,2500.0,nM,2500.0,MEDIUM
BA_002411,Potency,,9466.2,nM,9466.2,MEDIUM
BA_002412,Potency,=,79.4,nM,79.4,HIGH
BA_002413,Potency,=,7.9,nM,7.9,HIGH
BA_002414,IC50,=,2437.0,nM,2437.0,MEDIUM
BA_002415,IC50,=,140.0,nM,140.0,HIGH
BA_002416,IC50,=,29.0,nM,29.0,HIGH
BA_002417,Ki,=,89.0,nM,89.0,HIGH
BA_002418,IC50,=,900.0,nM,900.0,HIGH
BA_002419,IC50,=,7200.0,nM,7200.0,MEDIUM
BA_002420,IC50,=,528.1,nM,528.1,HIGH
BA_002421,IC50,=,530.0,nM,530.0,HIGH
BA_002422,Potency,,2818.4,nM,2818.4,MEDIUM
BA_002423,Potency,,3013.1,nM,3013.1,MEDIUM
BA_002424,IC50,=,3890.0,nM,3890.0,MEDIUM
BA_002425,IC50,=,3630.78,nM,3630.78,MEDIUM
BA_002426,EC50,=,690.0,nM,690.0,HIGH
BA_002427,IC50,=,1800.0,nM,1800.0,MEDIUM
BA_002428,IC50,=,1600.0,nM,1600.0,MEDIUM
BA_002429,IC50,=,4900.0,nM,4900.0,MEDIUM
BA_002430,IC50,=,4800.0,nM,4800.0,MEDIUM
BA_002431,IC50,=,2580.0,nM,2580.0,MEDIUM
BA_002432,IC50,=,720.0,nM,720.0,HIGH
BA_002433,Ki,=,234.42,nM,234.42,HIGH
BA_002434,IC50,=,6800.0,nM,6800.0,MEDIUM
BA_002435,IC50,=,9600.0,nM,9600.0,MEDIUM
BA_002436,IC50,=,10000.0,nM,10000.0,MEDIUM
BA_002437,Ki,=,3300.0,nM,3300.0,MEDIUM
BA_002438,Potency,=,316.2,nM,316.2,HIGH
BA_002439,Potency,=,3981.1,nM,3981.1,MEDIUM
BA_002440,Potency,=,3981.1,nM,3981.1,MEDIUM
BA_002441,Potency,=,446.7,nM,446.7,HIGH
BA_002442,IC50,=,2210.0,nM,2210.0,MEDIUM
BA_002443,Potency,,1778.3,nM,1778.3,MEDIUM
BA_002444,Potency,,8912.5,nM,8912.5,MEDIUM
BA_002445,IC50,=,757.0,nM,757.0,HIGH
BA_002446,IC50,=,1600.0,nM,1600.0,MEDIUM
BA_002447,IC50,=,1000.0,nM,1000.0,HIGH
BA_002448,IC50,=,1080.0,nM,1080.0,MEDIUM
BA_002449,IC50,=,1180.0,nM,1180.0,MEDIUM
BA_002450,Ki,=,335.0,nM,335.0,HIGH
BA_002451,IC50,=,1800.0,nM,1800.0,MEDIUM
BA_002452,IC50,=,330.0,nM,330.0,HIGH
BA_002453,Kd,=,700.0,nM,700.0,HIGH
BA_002454,IC50,=,4600.0,nM,4600.0,MEDIUM
BA_002455,IC50,=,3000.0,nM,3000.0,MEDIUM
BA_002456,IC50,=,500.0,nM,500.0,HIGH
BA_002457,IC50,=,500.0,nM,500.0,HIGH
BA_002458,IC50,=,124.1,nM,124.1,HIGH
BA_002459,IC50,=,122.6,nM,122.6,HIGH
BA_002460,Kd,=,400.0,nM,400.0,HIGH
BA_002461,IC50,=,1800.0,nM,1800.0,MEDIUM
BA_002462,IC50,=,490.0,nM,490.0,HIGH
BA_002463,IC50,=,1000.0,nM,1000.0,HIGH
BA_002464,IC50,=,7300.0,nM,7300.0,MEDIUM
BA_002465,IC50,=,86.0,nM,86.0,HIGH
BA_002466,IC50,=,1000.0,nM,1000.0,HIGH
BA_002467,IC50,=,277.0,nM,277.0,HIGH
BA_002468,IC50,=,6700.0,nM,6700.0,MEDIUM
BA_002469,IC50,=,3700.0,nM,3700.0,MEDIUM
BA_002470,Kd,=,1780.0,nM,1780.0,MEDIUM
BA_002471,Ki,=,3280.0,nM,3280.0,MEDIUM
BA_002472,IC50,=,960.0,nM,960.0,HIGH
BA_002473,IC50,=,232.0,nM,232.0,HIGH
BA_002474,Ki,=,320.0,nM,320.0,HIGH
BA_002475,Ki,=,380.0,nM,380.0,HIGH
BA_002476,IC50,=,100.0,nM,100.0,HIGH
BA_002477,IC50,=,100.0,nM,100.0,HIGH
BA_002478,IC50,=,365.0,nM,365.0,HIGH
BA_002479,IC50,=,71.6,nM,71.6,HIGH
BA_002480,IC50,=,1317.0,nM,1317.0,MEDIUM
BA_002481,IC50,=,2577.0,nM,2577.0,MEDIUM
BA_002482,IC50,=,367.7,nM,367.7,HIGH
BA_002483,IC50,=,490.7,nM,490.7,HIGH
BA_002484,IC50,=,713.6,nM,713.6,HIGH
BA_002485,IC50,=,2004.0,nM,2004.0,MEDIUM
BA_002486,IC50,=,1625.0,nM,1625.0,MEDIUM
BA_002487,IC50,=,5200.0,nM,5200.0,MEDIUM
BA_002488,IC50,=,6269.0,nM,6269.0,MEDIUM
BA_002489,IC50,=,765.6,nM,765.6,HIGH
BA_002490,IC50,=,180.0,nM,180.0,HIGH
BA_002491,IC50,=,140.0,nM,140.0,HIGH
BA_002492,Kd,=,367.0,nM,367.0,HIGH
BA_002493,Kd,=,39.9,nM,39.9,HIGH
BA_002494,IC50,=,2580.0,nM,2580.0,MEDIUM
BA_002495,Potency,=,2818.4,nM,2818.4,MEDIUM
BA_002496,Potency,=,501.2,nM,501.2,HIGH
BA_002497,Potency,=,3981.1,nM,3981.1,MEDIUM
BA_002498,IC50,=,330.0,nM,330.0,HIGH
BA_002499,IC50,=,913.0,nM,913.0,HIGH
BA_002500,IC50,=,6000.0,nM,6000.0,MEDIUM
BA_002501,IC50,=,2786.0,nM,2786.0,MEDIUM
BA_002502,IC50,=,511.0,nM,511.0,HIGH
BA_002503,Potency,=,6309.6,nM,6309.6,MEDIUM
BA_002504,Potency,=,5011.9,nM,5011.9,MEDIUM
BA_002505,Potency,=,5623.4,nM,5623.4,MEDIUM
BA_002506,Potency,=,3981.1,nM,3981.1,MEDIUM
BA_002507,Ki,=,102.1,nM,102.1,HIGH
BA_002508,Ki,=,3.3,nM,3.3,HIGH
BA_002509,Ki,=,454.1,nM,454.1,HIGH
BA_002510,IC50,=,280.0,nM,280.0,HIGH
BA_002511,IC50,=,998.0,nM,998.0,HIGH
BA_002512,IC50,=,840.0,nM,840.0,HIGH
BA_002513,Ki,=,4000.0,nM,4000.0,MEDIUM
BA_002514,IC50,=,340.0,nM,340.0,HIGH
BA_002515,Potency,,151.0,nM,151.0,HIGH
BA_002516,Potency,=,50.1,nM,50.1,HIGH
BA_002517,Potency,,158.5,nM,158.5,HIGH
BA_002518,Potency,,7943.3,nM,7943.3,MEDIUM
BA_002519,Potency,,5623.4,nM,5623.4,MEDIUM
BA_002520,IC50,=,10000.0,nM,10000.0,MEDIUM
BA_002521,IC50,=,1600.0,nM,1600.0,MEDIUM
BA_002522,Potency,,1778.3,nM,1778.3,MEDIUM
BA_002523,Potency,,3.5,nM,3.5,HIGH
BA_002524,Potency,,79.4,nM,79.4,HIGH
BA_002525,Ki,=,9110.0,nM,9110.0,MEDIUM
BA_002526,Ki,=,8720.0,nM,8720.0,MEDIUM
BA_002527,Ki,=,8430.0,nM,8430.0,MEDIUM
BA_002528,Ki,=,5930.0,nM,5930.0,MEDIUM
BA_002529,Ki,=,780.0,nM,780.0,HIGH
BA_002530,Ki,=,1930.0,nM,1930.0,MEDIUM
BA_002531,EC50,=,9610.0,nM,9610.0,MEDIUM
BA_002532,EC50,=,1700.0,nM,1700.0,MEDIUM
BA_002533,Potency,,326.4,nM,326.4,HIGH
BA_002534,Potency,=,1000.0,nM,1000.0,HIGH
BA_002535,Potency,,11.6,nM,11.6,HIGH
BA_002536,Potency,,7079.5,nM,7079.5,MEDIUM
BA_002537,Ki,=,6000.0,nM,6000.0,MEDIUM
BA_002538,Potency,,4610.9,nM,4610.9,MEDIUM
BA_002539,Potency,=,1412.5,nM,1412.5,MEDIUM
BA_002540,Ki,=,120.0,nM,120.0,HIGH
BA_002541,Potency,,446.7,nM,446.7,HIGH
BA_002542,Potency,,4109.5,nM,4109.5,MEDIUM
BA_002543,Ki,=,1200.0,nM,1200.0,MEDIUM
BA_002544,Ki,=,7943.28,nM,7943.28,MEDIUM
BA_002545,Ki,=,6309.57,nM,6309.57,MEDIUM
BA_002546,Potency,,92.0,nM,92.0,HIGH
BA_002547,Potency,,15.8,nM,15.8,HIGH
BA_002548,Ki,=,260.0,nM,260.0,HIGH
BA_002549,Ki,=,1120.0,nM,1120.0,MEDIUM
BA_002550,IC50,=,1200.0,nM,1200.0,MEDIUM
BA_002551,Ki,=,70.0,nM,70.0,HIGH
BA_002552,IC50,=,1200.0,nM,1200.0,MEDIUM
BA_002553,Kd,=,3.162,nM,3.162,HIGH
BA_002554,EC50,=,1731.0,nM,1731.0,MEDIUM
BA_002555,Potency,=,501.2,nM,501.2,HIGH
BA_002556,Potency,=,316.2,nM,316.2,HIGH
BA_002557,Potency,,7519.3,nM,7519.3,MEDIUM
BA_002558,Potency,,7943.3,nM,7943.3,MEDIUM
BA_002559,Potency,,3768.6,nM,3768.6,MEDIUM
BA_002560,Potency,,1000.0,nM,1000.0,HIGH
BA_002561,Potency,,6701.6,nM,6701.6,MEDIUM
BA_002562,IC50,=,2880.0,nM,2880.0,MEDIUM
BA_002563,IC50,=,2146.0,nM,2146.0,MEDIUM
BA_002564,IC50,=,3729.0,nM,3729.0,MEDIUM
BA_002565,Potency,,6701.6,nM,6701.6,MEDIUM
BA_002566,Potency,,4294.3,nM,4294.3,MEDIUM
BA_002567,Potency,,7568.6,nM,7568.6,MEDIUM
BA_002568,Potency,,1995.3,nM,1995.3,MEDIUM
BA_002569,Potency,,1358.0,nM,1358.0,MEDIUM
BA_002570,Ki,=,16.0,nM,16.0,HIGH
BA_002571,Ki,=,30.0,nM,30.0,HIGH
BA_002572,Ki,=,620.0,nM,620.0,HIGH
BA_002573,Ki,=,15.0,nM,15.0,HIGH
BA_002574,Ki,=,78.0,nM,78.0,HIGH
BA_002575,Ki,=,20.0,nM,20.0,HIGH
BA_002576,IC50,=,15.0,nM,15.0,HIGH
BA_002577,IC50,=,550.0,nM,550.0,HIGH
BA_002578,IC50,=,49.0,nM,49.0,HIGH
BA_002579,IC50,=,250.0,nM,250.0,HIGH
BA_002580,Ki,=,52.0,nM,52.0,HIGH
BA_002581,Ki,=,42.0,nM,42.0,HIGH
BA_002582,Ki,=,13.0,nM,13.0,HIGH
BA_002583,Ki,=,28.0,nM,28.0,HIGH
BA_002584,EC50,=,197.0,nM,197.0,HIGH
BA_002585,Ki,=,210.0,nM,210.0,HIGH
BA_002586,Ki,=,16.0,nM,16.0,HIGH
BA_002587,EC50,=,257.0,nM,257.0,HIGH
BA_002588,EC50,=,112.0,nM,112.0,HIGH
BA_002589,EC50,=,1.76,nM,1.76,HIGH
BA_002590,EC50,=,1.85,nM,1.85,HIGH
BA_002591,EC50,=,2.239,nM,2.239,HIGH
BA_002592,EC50,=,5.87,nM,5.87,HIGH
BA_002593,EC50,=,8.128,nM,8.128,HIGH
BA_002594,EC50,=,30.7,nM,30.7,HIGH
BA_002595,EC50,=,36.31,nM,36.31,HIGH
BA_002596,IC50,<,500.0,nM,500.0,HIGH
BA_002597,Ki,=,65.0,nM,65.0,HIGH
BA_002598,Ki,=,101.0,nM,101.0,HIGH
BA_002599,Ki,=,33.0,nM,33.0,HIGH
BA_002600,Ki,=,410.0,nM,410.0,HIGH
BA_002601,EC50,=,22.2,nM,22.2,HIGH
BA_002602,Ki,=,185.91,nM,185.91,HIGH
BA_002603,Ki,=,44.47,nM,44.47,HIGH
BA_002604,Ki,=,192.0,nM,192.0,HIGH
BA_002605,Ki,=,1.89,nM,1.89,HIGH
BA_002606,Ki,=,759.0,nM,759.0,HIGH
BA_002607,Ki,=,572.0,nM,572.0,HIGH
BA_002608,Ki,=,13.2,nM,13.2,HIGH
BA_002609,Ki,=,6400.0,nM,6400.0,MEDIUM
BA_002610,IC50,=,460.0,nM,460.0,HIGH
BA_002611,IC50,=,6.63,nM,6.63,HIGH
BA_002612,Ki,=,7940.0,nM,7940.0,MEDIUM
BA_002613,Ki,=,20.0,nM,20.0,HIGH
BA_002614,Ki,=,17.0,nM,17.0,HIGH
BA_002615,Ki,=,50.0,nM,50.0,HIGH
BA_002616,Ki,=,1.2,nM,1.2,HIGH
BA_002617,Ki,=,1900.0,nM,1900.0,MEDIUM
BA_002618,Ki,=,1100.0,nM,1100.0,MEDIUM
BA_002619,Ki,=,1600.0,nM,1600.0,MEDIUM
BA_002620,Ki,=,62.0,nM,62.0,HIGH
BA_002621,Ki,=,42.0,nM,42.0,HIGH
BA_002622,Ki,=,34.0,nM,34.0,HIGH
BA_002623,Ki,=,52.0,nM,52.0,HIGH
BA_002624,Ki,=,57.0,nM,57.0,HIGH
BA_002625,Ki,=,290.0,nM,290.0,HIGH
BA_002626,Ki,=,97.0,nM,97.0,HIGH
BA_002627,Ki,=,130.0,nM,130.0,HIGH
BA_002628,EC50,=,100.0,nM,100.0,HIGH
BA_002629,Ki,=,260.0,nM,260.0,HIGH
BA_002630,EC50,=,170.0,nM,170.0,HIGH
BA_002631,Kd,=,2500.0,nM,2500.0,MEDIUM
BA_002632,Ki,=,7100.0,nM,7100.0,MEDIUM
BA_002633,Ki,=,9100.0,nM,9100.0,MEDIUM
BA_002634,IC50,=,8e-06,nM,8e-06,HIGH
BA_002635,EC50,=,2.2,nM,2.2,HIGH
BA_002636,EC50,=,18.0,nM,18.0,HIGH
BA_002637,Ki,=,2440.0,nM,2440.0,MEDIUM
BA_002638,EC50,=,120.0,nM,120.0,HIGH
BA_002639,EC50,=,10.0,nM,10.0,HIGH
BA_002640,EC50,=,8.0,nM,8.0,HIGH
BA_002641,EC50,=,209.0,nM,209.0,HIGH
BA_002642,EC50,=,8.53,nM,8.53,HIGH
BA_002643,EC50,=,35.0,nM,35.0,HIGH
BA_002644,EC50,=,43.0,nM,43.0,HIGH
BA_002645,Ki,=,450.0,nM,450.0,HIGH
BA_002646,Ki,=,360.0,nM,360.0,HIGH
BA_002647,Ki,=,240.0,nM,240.0,HIGH
BA_002648,Ki,=,6.2,nM,6.2,HIGH
BA_002649,Ki,=,72.0,nM,72.0,HIGH
BA_002650,Ki,=,1100.0,nM,1100.0,MEDIUM
BA_002651,Ki,=,124.0,nM,124.0,HIGH
BA_002652,Ki,=,2100.0,nM,2100.0,MEDIUM
BA_002653,Ki,=,2.9,nM,2.9,HIGH
BA_002654,EC50,=,4.76,nM,4.76,HIGH
BA_002655,EC50,=,20.0,nM,20.0,HIGH
BA_002656,Potency,=,1258.9,nM,1258.9,MEDIUM
BA_002657,Potency,=,446.7,nM,446.7,HIGH
BA_002658,Potency,=,1584.9,nM,1584.9,MEDIUM
BA_002659,Potency,=,6309.6,nM,6309.6,MEDIUM
BA_002660,Potency,=,501.2,nM,501.2,HIGH
BA_002661,Potency,=,0.0316,nM,0.0316,HIGH
BA_002662,Potency,,100.0,nM,100.0,HIGH
BA_002663,Potency,,1062.1,nM,1062.1,MEDIUM
BA_002664,Potency,,82.0,nM,82.0,HIGH
BA_002665,Potency,,8912.5,nM,8912.5,MEDIUM
BA_002666,Potency,,251.2,nM,251.2,HIGH
BA_002667,Potency,,843.7,nM,843.7,HIGH
BA_002668,Ki,=,15.0,nM,15.0,HIGH
BA_002669,Potency,,51.7,nM,51.7,HIGH
BA_002670,EC50,=,227.0,nM,227.0,HIGH
BA_002671,EC50,=,8.57,nM,8.57,HIGH
BA_002672,EC50,=,6.1,nM,6.1,HIGH
BA_002673,EC50,=,65.0,nM,65.0,HIGH
BA_002674,Ki,=,20.0,nM,20.0,HIGH
BA_002675,Ki,=,422.0,nM,422.0,HIGH
BA_002676,Ki,=,4470.0,nM,4470.0,MEDIUM
BA_002677,EC50,=,5.8,nM,5.8,HIGH
BA_002678,EC50,=,240.0,nM,240.0,HIGH
BA_002679,Ki,=,21.0,nM,21.0,HIGH
BA_002680,Ki,=,8.9,nM,8.9,HIGH
BA_002681,Ki,=,110.0,nM,110.0,HIGH
BA_002682,Ki,=,190.0,nM,190.0,HIGH
BA_002683,Potency,,4109.5,nM,4109.5,MEDIUM
BA_002684,EC50,=,1.8,nM,1.8,HIGH
BA_002685,EC50,=,6.7,nM,6.7,HIGH
BA_002686,EC50,=,7.64,nM,7.64,HIGH
BA_002687,Ki,=,8.0,nM,8.0,HIGH
BA_002688,EC50,=,36.0,nM,36.0,HIGH
BA_002689,EC50,=,39.0,nM,39.0,HIGH
BA_002690,EC50,=,10.6,nM,10.6,HIGH
BA_002691,EC50,=,218.0,nM,218.0,HIGH
BA_002692,Potency,,1584.9,nM,1584.9,MEDIUM
BA_002693,EC50,=,467.74,nM,467.74,HIGH
BA_002694,EC50,=,470.0,nM,470.0,HIGH
BA_002695,EC50,=,9.333,nM,9.333,HIGH
BA_002696,EC50,=,9.3,nM,9.3,HIGH
BA_002697,IC50,=,3000.0,nM,3000.0,MEDIUM
BA_002698,EC50,=,183.0,nM,183.0,HIGH
BA_002699,EC50,=,5.34,nM,5.34,HIGH
BA_002700,Ki,=,7.58,nM,7.58,HIGH
BA_002701,Ki,=,8.73,nM,8.73,HIGH
BA_002702,Ki,=,293.0,nM,293.0,HIGH
BA_002703,Ki,=,3690.0,nM,3690.0,MEDIUM
BA_002704,EC50,=,5.0,nM,5.0,HIGH
BA_002705,EC50,=,7.7,nM,7.7,HIGH
BA_002706,EC50,=,2.7,nM,2.7,HIGH
BA_002707,Ki,=,48.0,nM,48.0,HIGH
BA_002708,EC50,=,0.69,nM,0.69,HIGH
BA_002709,EC50,=,3.981,nM,3.981,HIGH
BA_002710,EC50,=,2.8,nM,2.8,HIGH
BA_002711,EC50,=,3.9,nM,3.9,HIGH
BA_002712,EC50,=,4.5,nM,4.5,HIGH
BA_002713,EC50,=,0.67,nM,0.67,HIGH
BA_002714,EC50,=,0.78,nM,0.78,HIGH
BA_002715,EC50,=,226.0,nM,226.0,HIGH
BA_002716,EC50,=,163.0,nM,163.0,HIGH
BA_002717,EC50,=,156.0,nM,156.0,HIGH
BA_002718,Ki,=,2.97,nM,2.97,HIGH
BA_002719,Ki,=,16.0,nM,16.0,HIGH
BA_002720,EC50,=,390.0,nM,390.0,HIGH
BA_002721,EC50,=,200.0,nM,200.0,HIGH
BA_002722,EC50,=,160.0,nM,160.0,HIGH
BA_002723,EC50,=,12.3,nM,12.3,HIGH
BA_002724,EC50,=,91.2,nM,91.2,HIGH
BA_002725,EC50,=,232.0,nM,232.0,HIGH
BA_002726,Ki,=,243.0,nM,243.0,HIGH
BA_002727,EC50,=,19.0,nM,19.0,HIGH
BA_002728,EC50,=,2.1,nM,2.1,HIGH
BA_002729,EC50,=,0.99,nM,0.99,HIGH
BA_002730,EC50,=,40.0,nM,40.0,HIGH
BA_002731,EC50,=,0.11,nM,0.11,HIGH
BA_002732,EC50,=,33.0,nM,33.0,HIGH
BA_002733,EC50,=,6.4,nM,6.4,HIGH
BA_002734,EC50,=,140.0,nM,140.0,HIGH
BA_002735,EC50,=,2.3,nM,2.3,HIGH
BA_002736,EC50,=,1.1,nM,1.1,HIGH
BA_002737,EC50,=,3.5,nM,3.5,HIGH
BA_002738,EC50,=,2.9,nM,2.9,HIGH
BA_002739,EC50,=,55.0,nM,55.0,HIGH
BA_002740,EC50,=,820.0,nM,820.0,HIGH
BA_002741,EC50,=,376.0,nM,376.0,HIGH
BA_002742,EC50,=,7.26,nM,7.26,HIGH
BA_002743,EC50,=,44.0,nM,44.0,HIGH
BA_002744,EC50,=,1400.0,nM,1400.0,MEDIUM
BA_002745,EC50,=,0.8,nM,0.8,HIGH
BA_002746,EC50,=,1.8,nM,1.8,HIGH
BA_002747,EC50,=,2.0,nM,2.0,HIGH
BA_002748,IC50,=,7100.0,nM,7100.0,MEDIUM
BA_002749,IC50,=,530.0,nM,530.0,HIGH
BA_002750,EC50,=,18.2,nM,18.2,HIGH
BA_002751,EC50,=,1710.0,nM,1710.0,MEDIUM
BA_002752,EC50,=,0.8913,nM,0.8913,HIGH
BA_002753,EC50,=,14.79,nM,14.79,HIGH
BA_002754,EC50,=,20.89,nM,20.89,HIGH
BA_002755,EC50,=,269.15,nM,269.15,HIGH
BA_002756,EC50,=,200.41,nM,200.41,HIGH
BA_002757,EC50,=,6.13,nM,6.13,HIGH
BA_002758,EC50,=,3460.0,nM,3460.0,MEDIUM
BA_002759,EC50,=,3.78,nM,3.78,HIGH
BA_002760,EC50,=,57.1,nM,57.1,HIGH
BA_002761,EC50,=,4.27,nM,4.27,HIGH
BA_002762,IC50,=,114.0,nM,114.0,HIGH
BA_002763,EC50,=,2.6,nM,2.6,HIGH
BA_002764,EC50,=,1.6,nM,1.6,HIGH
BA_002765,EC50,=,4.0,nM,4.0,HIGH
BA_002766,EC50,=,0.6761,nM,0.6761,HIGH
BA_002767,EC50,=,0.68,nM,0.68,HIGH
BA_002768,EC50,=,66.07,nM,66.07,HIGH
BA_002769,EC50,=,66.25,nM,66.25,HIGH
BA_002770,Ki,=,228.0,nM,228.0,HIGH
BA_002771,Ki,=,2340.0,nM,2340.0,MEDIUM
BA_002772,Ki,=,12.5,nM,12.5,HIGH
BA_002773,Ki,=,3.0,nM,3.0,HIGH
BA_002774,Ki,=,6.4,nM,6.4,HIGH
BA_002775,Ki,=,1920.0,nM,1920.0,MEDIUM
BA_002776,Ki,=,74.2,nM,74.2,HIGH
BA_002777,Ki,=,74.13,nM,74.13,HIGH
BA_002778,Ki,=,1636.0,nM,1636.0,MEDIUM
BA_002779,Ki,=,1584.89,nM,1584.89,MEDIUM
BA_002780,EC50,=,4.365,nM,4.365,HIGH
BA_002781,EC50,=,10.96,nM,10.96,HIGH
BA_002782,EC50,=,37.15,nM,37.15,HIGH
BA_002783,IC50,=,7.0,nM,7.0,HIGH
BA_002784,IC50,=,80.0,nM,80.0,HIGH
BA_002785,IC50,=,80.0,nM,80.0,HIGH
BA_002786,IC50,=,251.0,nM,251.0,HIGH
BA_002787,IC50,=,86.0,nM,86.0,HIGH
BA_002788,IC50,=,12.0,nM,12.0,HIGH
BA_002789,Potency,=,794.3,nM,794.3,HIGH
BA_002790,Potency,=,1258.9,nM,1258.9,MEDIUM
BA_002791,Potency,,5623.4,nM,5623.4,MEDIUM
BA_002792,Ki,=,45.0,nM,45.0,HIGH
BA_002793,Ki,=,7.0,nM,7.0,HIGH
BA_002794,Ki,=,630.96,nM,630.96,HIGH
BA_002795,Ki,=,1258.93,nM,1258.93,MEDIUM
BA_002796,Potency,,20.6,nM,20.6,HIGH
BA_002797,Potency,,316.2,nM,316.2,HIGH
BA_002798,IC50,=,9300.0,nM,9300.0,MEDIUM
BA_002799,IC50,=,3200.0,nM,3200.0,MEDIUM
BA_002800,IC50,=,3400.0,nM,3400.0,MEDIUM
BA_002801,IC50,=,14.0,nM,14.0,HIGH
BA_002802,IC50,=,121.0,nM,121.0,HIGH
BA_002803,IC50,=,49.0,nM,49.0,HIGH
BA_002804,Ki,=,59.2,nM,59.2,HIGH
BA_002805,Ki,=,49.0,nM,49.0,HIGH
BA_002806,IC50,=,190.0,nM,190.0,HIGH
BA_002807,IC50,=,5700.0,nM,5700.0,MEDIUM
BA_002808,IC50,=,880.0,nM,880.0,HIGH
BA_002809,IC50,=,210.0,nM,210.0,HIGH
BA_002810,IC50,=,1000.0,nM,1000.0,HIGH
BA_002811,IC50,=,620.0,nM,620.0,HIGH
BA_002812,Ki,=,50.0,nM,50.0,HIGH
BA_002813,Ki,=,180.0,nM,180.0,HIGH
BA_002814,Ki,=,23.0,nM,23.0,HIGH
BA_002815,Ki,=,36.0,nM,36.0,HIGH
BA_002816,Ki,=,61.0,nM,61.0,HIGH
BA_002817,Potency,,1299.5,nM,1299.5,MEDIUM
BA_002818,IC50,=,770.0,nM,770.0,HIGH
BA_002819,Potency,,601.2,nM,601.2,HIGH
BA_002820,Potency,,141.3,nM,141.3,HIGH
BA_002821,EC50,=,7.36,nM,7.36,HIGH
BA_002822,Kd,=,2300.0,nM,2300.0,MEDIUM
BA_002823,Kd,=,5200.0,nM,5200.0,MEDIUM
BA_002824,Ki,=,158.49,nM,158.49,HIGH
BA_002825,EC50,=,2210.0,nM,2210.0,MEDIUM
BA_002826,Ki,=,8210.0,nM,8210.0,MEDIUM
BA_002827,Ki,=,3350.0,nM,3350.0,MEDIUM
BA_002828,Ki,=,4150.0,nM,4150.0,MEDIUM
BA_002829,Ki,=,4020.0,nM,4020.0,MEDIUM
BA_002830,Ki,=,6790.0,nM,6790.0,MEDIUM
BA_002831,Ki,=,3880.0,nM,3880.0,MEDIUM
BA_002832,Potency,=,199.5,nM,199.5,HIGH
BA_002833,Potency,=,3548.1,nM,3548.1,MEDIUM
BA_002834,Potency,=,22.4,nM,22.4,HIGH
BA_002835,Potency,=,3981.1,nM,3981.1,MEDIUM
BA_002836,Potency,,562.3,nM,562.3,HIGH
BA_002837,Potency,,89.1,nM,89.1,HIGH
BA_002838,Potency,=,1778.3,nM,1778.3,MEDIUM
BA_002839,IC50,=,5250.0,nM,5250.0,MEDIUM
BA_002840,IC50,=,8960.0,nM,8960.0,MEDIUM
BA_002841,IC50,=,4500.0,nM,4500.0,MEDIUM
BA_002842,Ki,=,6211.2,nM,6211.2,MEDIUM
BA_002843,Ki,=,75.7,nM,75.7,HIGH
BA_002844,Ki,=,3.8,nM,3.8,HIGH
BA_002845,Ki,=,52.1,nM,52.1,HIGH
BA_002846,Ki,=,410.0,nM,410.0,HIGH
BA_002847,Ki,=,170.0,nM,170.0,HIGH
BA_002848,IC50,=,1600.0,nM,1600.0,MEDIUM
BA_002849,Ki,=,1000.0,nM,1000.0,HIGH
BA_002850,IC50,=,950.0,nM,950.0,HIGH
BA_002851,EC50,=,1.34,nM,1.34,HIGH
BA_002852,IC50,=,7100.0,nM,7100.0,MEDIUM
BA_002853,Kd,=,100.0,nM,100.0,HIGH
BA_002854,IC50,=,3150.0,nM,3150.0,MEDIUM
BA_002855,IC50,=,891.0,nM,891.0,HIGH
BA_002856,Potency,,6309.6,nM,6309.6,MEDIUM
BA_002857,IC50,=,2090.0,nM,2090.0,MEDIUM
BA_002858,IC50,=,1140.0,nM,1140.0,MEDIUM
BA_002859,EC50,=,308.0,nM,308.0,HIGH
BA_002860,IC50,=,7200.0,nM,7200.0,MEDIUM
BA_002861,IC50,=,5730.0,nM,5730.0,MEDIUM
BA_002862,EC50,=,653.0,nM,653.0,HIGH
BA_002863,Potency,,2.4,nM,2.4,HIGH
BA_002864,Ki,=,31.0,nM,31.0,HIGH
BA_002865,Ki,=,251.19,nM,251.19,HIGH
BA_002866,Ki,=,3162.28,nM,3162.28,MEDIUM
BA_002867,Ki,=,630.96,nM,630.96,HIGH
BA_002868,Ki,=,9910.0,nM,9910.0,MEDIUM
BA_002869,Ki,=,9900.0,nM,9900.0,MEDIUM
BA_002870,Ki,=,4200.0,nM,4200.0,MEDIUM
BA_002871,Ki,=,8900.0,nM,8900.0,MEDIUM
BA_002872,Potency,=,2238.7,nM,2238.7,MEDIUM
BA_002873,Potency,=,926.8,nM,926.8,HIGH
BA_002874,Potency,=,1412.5,nM,1412.5,MEDIUM
BA_002875,Potency,=,5011.9,nM,5011.9,MEDIUM
BA_002876,Potency,,1584.9,nM,1584.9,MEDIUM
BA_002877,Potency,,5972.8,nM,5972.8,MEDIUM
BA_002878,Potency,,5011.9,nM,5011.9,MEDIUM
BA_002879,Potency,,5955.7,nM,5955.7,MEDIUM
BA_002880,Potency,=,794.3,nM,794.3,HIGH
BA_002881,Potency,=,7943.3,nM,7943.3,MEDIUM
BA_002882,Potency,,6309.6,nM,6309.6,MEDIUM
BA_002883,Potency,,3548.1,nM,3548.1,MEDIUM
BA_002884,Ki,=,5888.44,nM,5888.44,MEDIUM
BA_002885,Kd,=,70.79,nM,70.79,HIGH
BA_002886,Potency,,8436.8,nM,8436.8,MEDIUM
BA_002887,Potency,,65.1,nM,65.1,HIGH
BA_002888,Potency,,1995.3,nM,1995.3,MEDIUM
BA_002889,Potency,,1458.1,nM,1458.1,MEDIUM
BA_002890,Potency,,89.1,nM,89.1,HIGH
BA_002891,Potency,,891.3,nM,891.3,HIGH
BA_002892,Potency,,1299.5,nM,1299.5,MEDIUM
BA_002893,Potency,,58.0,nM,58.0,HIGH
BA_002894,Ki,=,17.0,nM,17.0,HIGH
BA_002895,Ki,=,660.0,nM,660.0,HIGH
BA_002896,Ki,=,17.0,nM,17.0,HIGH
BA_002897,Ki,=,160.0,nM,160.0,HIGH
BA_002898,Ki,=,1.5,nM,1.5,HIGH
BA_002899,IC50,=,2.3,nM,2.3,HIGH
BA_002900,EC50,=,390.0,nM,390.0,HIGH
BA_002901,EC50,=,19.0,nM,19.0,HIGH
BA_002902,EC50,=,210.0,nM,210.0,HIGH
BA_002903,EC50,=,33.0,nM,33.0,HIGH
BA_002904,EC50,=,55.0,nM,55.0,HIGH
BA_002905,IC50,=,364.0,nM,364.0,HIGH
BA_002906,IC50,=,9000.0,nM,9000.0,MEDIUM
BA_002907,IC50,=,400.0,nM,400.0,HIGH
BA_002908,IC50,=,5000.0,nM,5000.0,MEDIUM
BA_002909,IC50,=,8000.0,nM,8000.0,MEDIUM
BA_002910,Ki,=,1.122,nM,1.122,HIGH
BA_002911,Ki,=,323.59,nM,323.59,HIGH
BA_002912,Potency,=,0.9,nM,0.9,HIGH
BA_002913,Potency,=,158.5,nM,158.5,HIGH
BA_002914,Potency,=,1995.3,nM,1995.3,MEDIUM
BA_002915,Potency,=,1000.0,nM,1000.0,HIGH
BA_002916,Potency,,2909.1,nM,2909.1,MEDIUM
BA_002917,EC50,=,1.6,nM,1.6,HIGH
BA_002918,Ki,=,10000.0,nM,10000.0,MEDIUM
BA_002919,Ki,=,147.91,nM,147.91,HIGH
BA_002920,EC50,=,14.0,nM,14.0,HIGH
BA_002921,EC50,=,9.0,nM,9.0,HIGH
BA_002922,Ki,=,851.14,nM,851.14,HIGH
BA_002923,Ki,=,1023.29,nM,1023.29,MEDIUM
BA_002924,Ki,=,1778.28,nM,1778.28,MEDIUM
BA_002925,Potency,,1835.6,nM,1835.6,MEDIUM
BA_002926,Potency,,1345.9,nM,1345.9,MEDIUM
BA_002927,Potency,,2909.3,nM,2909.3,MEDIUM
BA_002928,Potency,,2059.6,nM,2059.6,MEDIUM
BA_002929,Potency,,2377.8,nM,2377.8,MEDIUM
BA_002930,Potency,,2238.7,nM,2238.7,MEDIUM
BA_002931,Potency,,5011.9,nM,5011.9,MEDIUM
BA_002932,Potency,,5804.8,nM,5804.8,MEDIUM
BA_002933,Potency,,4610.9,nM,4610.9,MEDIUM
BA_002934,Potency,,1636.0,nM,1636.0,MEDIUM
BA_002935,IC50,=,5150.0,nM,5150.0,MEDIUM
BA_002936,Potency,,1122.0,nM,1122.0,MEDIUM
BA_002937,Potency,,251.2,nM,251.2,HIGH
BA_002938,Potency,,6682.4,nM,6682.4,MEDIUM
BA_002939,IC50,=,600.0,nM,600.0,HIGH
BA_002940,IC50,=,1400.0,nM,1400.0,MEDIUM
BA_002941,Ki,=,90.0,nM,90.0,HIGH
BA_002942,Ki,=,7800.0,nM,7800.0,MEDIUM
BA_002943,Ki,=,8200.0,nM,8200.0,MEDIUM
BA_002944,Potency,=,7943.3,nM,7943.3,MEDIUM
BA_002945,Potency,=,2.8,nM,2.8,HIGH
BA_002946,Potency,=,5623.4,nM,5623.4,MEDIUM
BA_002947,Potency,=,1000.0,nM,1000.0,HIGH
BA_002948,Potency,,5972.8,nM,5972.8,MEDIUM
BA_002949,Potency,,8492.1,nM,8492.1,MEDIUM
BA_002950,Potency,,8912.5,nM,8912.5,MEDIUM
BA_002951,Potency,,7846.7,nM,7846.7,MEDIUM
BA_002952,Potency,,2113.2,nM,2113.2,MEDIUM
BA_002953,IC50,=,1300.0,nM,1300.0,MEDIUM
BA_002954,IC50,=,3600.0,nM,3600.0,MEDIUM
BA_002955,Ki,=,7500.0,nM,7500.0,MEDIUM
BA_002956,IC50,=,3910.0,nM,3910.0,MEDIUM
BA_002957,Potency,=,3548.1,nM,3548.1,MEDIUM
BA_002958,Potency,=,631.0,nM,631.0,HIGH
BA_002959,Potency,=,223.9,nM,223.9,HIGH
BA_002960,Potency,=,1000.0,nM,1000.0,HIGH
BA_002961,IC50,=,2025.72,nM,2025.72,MEDIUM
BA_002962,Potency,=,223.9,nM,223.9,HIGH
BA_002963,Potency,=,2511.9,nM,2511.9,MEDIUM
BA_002964,Potency,,3548.1,nM,3548.1,MEDIUM
BA_002965,IC50,=,5600.0,nM,5600.0,MEDIUM
BA_002966,EC50,=,8600.0,nM,8600.0,MEDIUM
BA_002967,IC50,=,3720.0,nM,3720.0,MEDIUM
BA_002968,IC50,=,210.0,nM,210.0,HIGH
BA_002969,Ki,=,26.9,nM,26.9,HIGH
BA_002970,Potency,=,3.2,nM,3.2,HIGH
BA_002971,Potency,=,100.0,nM,100.0,HIGH
BA_002972,Potency,=,1122.0,nM,1122.0,MEDIUM
BA_002973,Potency,,501.2,nM,501.2,HIGH
BA_002974,Potency,,63.1,nM,63.1,HIGH
BA_002975,Potency,=,70.8,nM,70.8,HIGH
BA_002976,IC50,=,5.248,nM,5.248,HIGH
BA_002977,Potency,,70.8,nM,70.8,HIGH
BA_002978,Ki,=,9060.0,nM,9060.0,MEDIUM
BA_002979,Ki,=,8030.0,nM,8030.0,MEDIUM
BA_002980,Potency,=,10.0,nM,10.0,HIGH
BA_002981,Potency,=,794.3,nM,794.3,HIGH
BA_002982,Potency,,5011.9,nM,5011.9,MEDIUM
BA_002983,Potency,=,316.2,nM,316.2,HIGH
BA_002984,Potency,=,5.0,nM,5.0,HIGH
BA_002985,Ki,=,1720.0,nM,1720.0,MEDIUM
BA_002986,Potency,,10000.0,nM,10000.0,MEDIUM
BA_002987,Potency,,2238.7,nM,2238.7,MEDIUM
BA_002988,IC50,=,105.0,nM,105.0,HIGH
BA_002989,EC50,=,6100.0,nM,6100.0,MEDIUM
BA_002990,Ki,=,6300.0,nM,6300.0,MEDIUM
BA_002991,Ki,=,727.0,nM,727.0,HIGH
BA_002992,EC50,=,10000.0,nM,10000.0,MEDIUM
BA_002993,EC50,=,6760.83,nM,6760.83,MEDIUM
BA_002994,IC50,=,3900.0,nM,3900.0,MEDIUM
BA_002995,IC50,=,5100.0,nM,5100.0,MEDIUM
BA_002996,IC50,=,550.0,nM,550.0,HIGH
BA_002997,IC50,=,580.0,nM,580.0,HIGH
BA_002998,IC50,=,290.0,nM,290.0,HIGH
BA_002999,IC50,=,5750.0,nM,5750.0,MEDIUM
BA_003000,Potency,,631.0,nM,631.0,HIGH
BA_003001,Ki,=,9098.2,nM,9098.2,MEDIUM
BA_003002,Ki,=,493.1,nM,493.1,HIGH
BA_003003,Ki,=,32.5,nM,32.5,HIGH
BA_003004,IC50,=,1160.0,nM,1160.0,MEDIUM
BA_003005,Ki,=,32.0,nM,32.0,HIGH
BA_003006,IC50,=,4300.0,nM,4300.0,MEDIUM
BA_003007,IC50,=,1500.0,nM,1500.0,MEDIUM
BA_003008,IC50,=,1020.0,nM,1020.0,MEDIUM
BA_003009,IC50,=,2230.0,nM,2230.0,MEDIUM
BA_003010,Ki,=,1960.0,nM,1960.0,MEDIUM
BA_003011,IC50,=,3160.0,nM,3160.0,MEDIUM
BA_003012,Ki,=,3860.0,nM,3860.0,MEDIUM
BA_003013,IC50,=,6040.0,nM,6040.0,MEDIUM
BA_003014,IC50,=,187.0,nM,187.0,HIGH
BA_003015,IC50,=,390.0,nM,390.0,HIGH
BA_003016,IC50,=,20.0,nM,20.0,HIGH
BA_003017,IC50,=,290.0,nM,290.0,HIGH
BA_003018,IC50,=,76.0,nM,76.0,HIGH
BA_003019,IC50,=,2140.0,nM,2140.0,MEDIUM
BA_003020,IC50,=,1180.0,nM,1180.0,MEDIUM
BA_003021,Potency,=,794.3,nM,794.3,HIGH
BA_003022,Potency,,1000.0,nM,1000.0,HIGH
BA_003023,Potency,,316.2,nM,316.2,HIGH
BA_003024,Potency,,7943.3,nM,7943.3,MEDIUM
BA_003025,Potency,,6309.6,nM,6309.6,MEDIUM
BA_003026,IC50,=,30.0,nM,30.0,HIGH
BA_003027,IC50,=,30.0,nM,30.0,HIGH
BA_003028,IC50,=,4100.0,nM,4100.0,MEDIUM
BA_003029,IC50,=,2700.0,nM,2700.0,MEDIUM
BA_003030,Potency,,1122.0,nM,1122.0,MEDIUM
BA_003031,Potency,,8912.5,nM,8912.5,MEDIUM
BA_003032,Potency,,7943.3,nM,7943.3,MEDIUM
BA_003033,IC50,=,6800.0,nM,6800.0,MEDIUM
BA_003034,IC50,=,6400.0,nM,6400.0,MEDIUM
BA_003035,IC50,=,3400.0,nM,3400.0,MEDIUM
BA_003036,IC50,=,8200.0,nM,8200.0,MEDIUM
BA_003037,IC50,=,2500.0,nM,2500.0,MEDIUM
BA_003038,IC50,=,1060.0,nM,1060.0,MEDIUM
BA_003039,IC50,=,950.0,nM,950.0,HIGH
BA_003040,IC50,=,71.0,nM,71.0,HIGH
BA_003041,IC50,=,3600.0,nM,3600.0,MEDIUM
BA_003042,Potency,,4.0,nM,4.0,HIGH
BA_003043,Potency,,0.7,nM,0.7,HIGH
BA_003044,Potency,,3349.1,nM,3349.1,MEDIUM
BA_003045,Potency,=,2.5,nM,2.5,HIGH
BA_003046,IC50,=,1.995,nM,1.995,HIGH
BA_003047,Potency,,2.5,nM,2.5,HIGH
BA_003048,Potency,,7497.8,nM,7497.8,MEDIUM
BA_003049,EC50,=,5000.0,nM,5000.0,MEDIUM
BA_003050,IC50,=,3200.0,nM,3200.0,MEDIUM
BA_003051,Potency,,251.2,nM,251.2,HIGH
BA_003052,Potency,,501.2,nM,501.2,HIGH
BA_003053,Potency,,7307.8,nM,7307.8,MEDIUM
BA_003054,Potency,,2985.5,nM,2985.5,MEDIUM
BA_003055,IC50,=,9700.0,nM,9700.0,MEDIUM
BA_003056,IC50,=,900.0,nM,900.0,HIGH
BA_003057,IC50,=,5900.0,nM,5900.0,MEDIUM
BA_003058,Kd,=,216.0,nM,216.0,HIGH
BA_003059,IC50,=,1500.0,nM,1500.0,MEDIUM
BA_003060,IC50,=,720.0,nM,720.0,HIGH
BA_003061,Ki,=,450.0,nM,450.0,HIGH
BA_003062,IC50,=,560.0,nM,560.0,HIGH
BA_003063,Ki,=,990.0,nM,990.0,HIGH
BA_003064,Potency,=,891.3,nM,891.3,HIGH
BA_003065,Potency,,1122.0,nM,1122.0,MEDIUM
BA_003066,Potency,,206.0,nM,206.0,HIGH
BA_003067,Potency,,2592.9,nM,2592.9,MEDIUM
BA_003068,EC50,=,1135.0,nM,1135.0,MEDIUM
BA_003069,EC50,=,480.0,nM,480.0,HIGH
BA_003070,EC50,=,2.1,nM,2.1,HIGH
BA_003071,EC50,=,0.7,nM,0.7,HIGH
BA_003072,Ki,=,10000.0,nM,10000.0,MEDIUM
BA_003073,IC50,=,540.0,nM,540.0,HIGH
BA_003074,IC50,=,210.0,nM,210.0,HIGH
BA_003075,EC50,=,120.0,nM,120.0,HIGH
BA_003076,EC50,=,120.0,nM,120.0,HIGH
BA_003077,IC50,=,330.0,nM,330.0,HIGH
BA_003078,EC50,=,26.0,nM,26.0,HIGH
BA_003079,IC50,=,31.0,nM,31.0,HIGH
BA_003080,IC50,=,29.0,nM,29.0,HIGH
BA_003081,EC50,=,166.0,nM,166.0,HIGH
BA_003082,IC50,=,218.0,nM,218.0,HIGH
BA_003083,Kd,=,6.607,nM,6.607,HIGH
BA_003084,Ki,=,3.0,nM,3.0,HIGH
BA_003085,IC50,=,810.0,nM,810.0,HIGH
BA_003086,IC50,=,600.0,nM,600.0,HIGH
BA_003087,EC50,=,7.0,nM,7.0,HIGH
BA_003088,EC50,=,8.0,nM,8.0,HIGH
BA_003089,IC50,=,109.0,nM,109.0,HIGH
BA_003090,IC50,=,96.0,nM,96.0,HIGH
BA_003091,Potency,=,11.2,nM,11.2,HIGH
BA_003092,Potency,=,3981.1,nM,3981.1,MEDIUM
BA_003093,Potency,=,15.8,nM,15.8,HIGH
BA_003094,Potency,=,2685.5,nM,2685.5,MEDIUM
BA_003095,Potency,=,199.5,nM,199.5,HIGH
BA_003096,Potency,=,1.3,nM,1.3,HIGH
BA_003097,Potency,=,1995.3,nM,1995.3,MEDIUM
BA_003098,Potency,,11.2,nM,11.2,HIGH
BA_003099,IC50,=,7.647,nM,7.647,HIGH
BA_003100,Ki,=,2.185,nM,2.185,HIGH
BA_003101,Ki,=,8676.0,nM,8676.0,MEDIUM
BA_003102,IC50,=,5301.0,nM,5301.0,MEDIUM
BA_003103,Ki,=,2816.0,nM,2816.0,MEDIUM
BA_003104,IC50,=,3000.0,nM,3000.0,MEDIUM
BA_003105,Ki,=,9500.0,nM,9500.0,MEDIUM
BA_003106,Potency,,4466.8,nM,4466.8,MEDIUM
BA_003107,Potency,,952.8,nM,952.8,HIGH
BA_003108,Ki,=,2500.0,nM,2500.0,MEDIUM
BA_003109,EC50,=,0.94,nM,0.94,HIGH
BA_003110,EC50,=,2.4,nM,2.4,HIGH
BA_003111,EC50,=,0.5,nM,0.5,HIGH
BA_003112,EC50,=,1.4,nM,1.4,HIGH
BA_003113,IC50,=,1600.0,nM,1600.0,MEDIUM
BA_003114,Potency,=,2238.7,nM,2238.7,MEDIUM
BA_003115,Potency,,1584.9,nM,1584.9,MEDIUM
BA_003116,Potency,=,10000.0,nM,10000.0,MEDIUM
BA_003117,Potency,,7079.5,nM,7079.5,MEDIUM
BA_003118,Potency,,7943.3,nM,7943.3,MEDIUM
BA_003119,Ki,=,1150.0,nM,1150.0,MEDIUM
BA_003120,Ki,=,1620.0,nM,1620.0,MEDIUM
BA_003121,Potency,,7568.6,nM,7568.6,MEDIUM
BA_003122,Ki,=,500.0,nM,500.0,HIGH
BA_003123,IC50,=,3600.0,nM,3600.0,MEDIUM
BA_003124,IC50,=,9510.0,nM,9510.0,MEDIUM
BA_003125,Potency,,4327.7,nM,4327.7,MEDIUM
BA_003126,IC50,=,214.0,nM,214.0,HIGH
BA_003127,IC50,=,6200.0,nM,6200.0,MEDIUM
BA_003128,Potency,=,3548.1,nM,3548.1,MEDIUM
BA_003129,Potency,,7943.3,nM,7943.3,MEDIUM
BA_003130,Potency,,7079.5,nM,7079.5,MEDIUM
BA_003131,Potency,,3981.1,nM,3981.1,MEDIUM
BA_003132,Potency,,6012.0,nM,6012.0,MEDIUM
BA_003133,Potency,,9200.0,nM,9200.0,MEDIUM
BA_003134,Potency,,891.3,nM,891.3,HIGH
BA_003135,IC50,=,2500.0,nM,2500.0,MEDIUM
BA_003136,Ki,=,422.0,nM,422.0,HIGH
BA_003137,Ki,=,700.0,nM,700.0,HIGH
BA_003138,IC50,=,2200.0,nM,2200.0,MEDIUM
BA_003139,IC50,=,5500.0,nM,5500.0,MEDIUM
BA_003140,IC50,=,2300.0,nM,2300.0,MEDIUM
BA_003141,IC50,=,7990.0,nM,7990.0,MEDIUM
BA_003142,IC50,=,890.0,nM,890.0,HIGH
BA_003143,IC50,=,300.0,nM,300.0,HIGH
BA_003144,Ki,=,1700.0,nM,1700.0,MEDIUM
BA_003145,Ki,=,2270.0,nM,2270.0,MEDIUM
BA_003146,Ki,=,8190.0,nM,8190.0,MEDIUM
BA_003147,IC50,=,1680.0,nM,1680.0,MEDIUM
BA_003148,Ki,=,630.0,nM,630.0,HIGH
BA_003149,IC50,=,289.0,nM,289.0,HIGH
BA_003150,Ki,=,132.0,nM,132.0,HIGH
BA_003151,IC50,=,5901.0,nM,5901.0,MEDIUM
BA_003152,Ki,=,2950.0,nM,2950.0,MEDIUM
BA_003153,IC50,=,552.0,nM,552.0,HIGH
BA_003154,Ki,=,184.0,nM,184.0,HIGH
BA_003155,IC50,=,567.0,nM,567.0,HIGH
BA_003156,Ki,=,193.0,nM,193.0,HIGH
BA_003157,IC50,=,2.205,nM,2.205,HIGH
BA_003158,Ki,=,0.63,nM,0.63,HIGH
BA_003159,IC50,=,4.139,nM,4.139,HIGH
BA_003160,Ki,=,2.634,nM,2.634,HIGH
BA_003161,IC50,=,21.0,nM,21.0,HIGH
BA_003162,Ki,=,11.0,nM,11.0,HIGH
BA_003163,IC50,=,3.237,nM,3.237,HIGH
BA_003164,Ki,=,1.503,nM,1.503,HIGH
BA_003165,IC50,=,4300.0,nM,4300.0,MEDIUM
BA_003166,Potency,=,316.2,nM,316.2,HIGH
BA_003167,IC50,=,3170.0,nM,3170.0,MEDIUM
BA_003168,EC50,=,8000.0,nM,8000.0,MEDIUM
BA_003169,IC50,=,990.0,nM,990.0,HIGH
BA_003170,IC50,=,380.0,nM,380.0,HIGH
BA_003171,IC50,=,2760.0,nM,2760.0,MEDIUM
BA_003172,Ki,=,1500.0,nM,1500.0,MEDIUM
BA_003173,Ki,=,7700.0,nM,7700.0,MEDIUM
BA_003174,IC50,=,460.0,nM,460.0,HIGH
BA_003175,IC50,=,2000.0,nM,2000.0,MEDIUM
BA_003176,IC50,=,5000.0,nM,5000.0,MEDIUM
BA_003177,IC50,=,2000.0,nM,2000.0,MEDIUM
BA_003178,Potency,=,10.0,nM,10.0,HIGH
BA_003179,Potency,=,22.4,nM,22.4,HIGH
BA_003180,Potency,=,12.6,nM,12.6,HIGH
BA_003181,Potency,=,2511.9,nM,2511.9,MEDIUM
BA_003182,Potency,=,354.8,nM,354.8,HIGH
BA_003183,Potency,,3.5,nM,3.5,HIGH
BA_003184,Potency,,41.1,nM,41.1,HIGH
BA_003185,Potency,,4.1,nM,4.1,HIGH
BA_003186,Potency,,2818.4,nM,2818.4,MEDIUM
BA_003187,EC50,=,2526.0,nM,2526.0,MEDIUM
BA_003188,Potency,,10000.0,nM,10000.0,MEDIUM
BA_003189,EC50,=,2373.0,nM,2373.0,MEDIUM
BA_003190,Potency,,2818.4,nM,2818.4,MEDIUM
BA_003191,Potency,,100.0,nM,100.0,HIGH
BA_003192,Potency,,446.7,nM,446.7,HIGH
BA_003193,Potency,,1000.0,nM,1000.0,HIGH
BA_003194,Potency,,7079.5,nM,7079.5,MEDIUM
BA_003195,Potency,,3981.1,nM,3981.1,MEDIUM
BA_003196,Potency,=,3981.1,nM,3981.1,MEDIUM
BA_003197,Potency,=,4466.8,nM,4466.8,MEDIUM
BA_003198,Potency,,1000.0,nM,1000.0,HIGH
BA_003199,Potency,,8196.1,nM,8196.1,MEDIUM
BA_003200,Potency,,1778.3,nM,1778.3,MEDIUM
BA_003201,Potency,,7943.3,nM,7943.3,MEDIUM
BA_003202,Potency,,3768.6,nM,3768.6,MEDIUM
BA_003203,Potency,,2310.0,nM,2310.0,MEDIUM
BA_003204,Potency,,8436.8,nM,8436.8,MEDIUM
BA_003205,Potency,,3981.1,nM,3981.1,MEDIUM
BA_003206,IC50,=,320.0,nM,320.0,HIGH
BA_003207,Potency,,2930.9,nM,2930.9,MEDIUM
BA_003208,Potency,,1122.0,nM,1122.0,MEDIUM
BA_003209,IC50,=,360.0,nM,360.0,HIGH
BA_003210,IC50,=,2830.0,nM,2830.0,MEDIUM
BA_003211,IC50,=,3800.0,nM,3800.0,MEDIUM
BA_003212,IC50,=,1870.0,nM,1870.0,MEDIUM
BA_003213,IC50,=,269.0,nM,269.0,HIGH
BA_003214,IC50,=,1540.0,nM,1540.0,MEDIUM
BA_003215,IC50,=,4880.0,nM,4880.0,MEDIUM
BA_003216,IC50,=,14.0,nM,14.0,HIGH
BA_003217,IC50,=,10.0,nM,10.0,HIGH
BA_003218,IC50,=,8.0,nM,8.0,HIGH
BA_003219,IC50,=,81.0,nM,81.0,HIGH
BA_003220,IC50,=,10.0,nM,10.0,HIGH
BA_003221,IC50,=,16.0,nM,16.0,HIGH
BA_003222,Ki,=,2800.0,nM,2800.0,MEDIUM
BA_003223,Kd,=,2480.0,nM,2480.0,MEDIUM
BA_003224,IC50,=,104.71,nM,104.71,HIGH
BA_003225,Ki,=,80.0,nM,80.0,HIGH
BA_003226,IC50,=,245.47,nM,245.47,HIGH
BA_003227,Ki,=,130.0,nM,130.0,HIGH
BA_003228,IC50,=,10000.0,nM,10000.0,MEDIUM
BA_003229,IC50,=,1400.0,nM,1400.0,MEDIUM
BA_003230,IC50,=,1600.0,nM,1600.0,MEDIUM
BA_003231,EC50,=,6500.0,nM,6500.0,MEDIUM
BA_003232,EC50,=,8511.38,nM,8511.38,MEDIUM
BA_003233,EC50,=,9000.0,nM,9000.0,MEDIUM
BA_003234,IC50,=,350.0,nM,350.0,HIGH
BA_003235,Potency,=,10000.0,nM,10000.0,MEDIUM
BA_003236,Potency,,707.9,nM,707.9,HIGH
BA_003237,Potency,,1.8,nM,1.8,HIGH
BA_003238,Potency,,3.2,nM,3.2,HIGH
BA_003239,Potency,,7.1,nM,7.1,HIGH
BA_003240,Potency,,1059.1,nM,1059.1,MEDIUM
BA_003241,Potency,,3981.1,nM,3981.1,MEDIUM
BA_003242,Potency,,7079.5,nM,7079.5,MEDIUM
BA_003243,Potency,,3162.3,nM,3162.3,MEDIUM
BA_003244,IC50,=,4900.0,nM,4900.0,MEDIUM
BA_003245,IC50,=,4400.0,nM,4400.0,MEDIUM
BA_003246,Potency,,501.2,nM,501.2,HIGH
BA_003247,Potency,,316.2,nM,316.2,HIGH
BA_003248,IC50,=,9000.0,nM,9000.0,MEDIUM
BA_003249,IC50,=,8300.0,nM,8300.0,MEDIUM
BA_003250,IC50,=,3200.0,nM,3200.0,MEDIUM
BA_003251,IC50,=,60.0,nM,60.0,HIGH
BA_003252,IC50,=,5100.0,nM,5100.0,MEDIUM
BA_003253,Ki,=,800.0,nM,800.0,HIGH
BA_003254,IC50,=,2590.0,nM,2590.0,MEDIUM
BA_003255,Ki,=,0.208,nM,0.208,HIGH
BA_003256,IC50,=,800.0,nM,800.0,HIGH
BA_003257,IC50,=,8000.0,nM,8000.0,MEDIUM
BA_003258,IC50,=,6000.0,nM,6000.0,MEDIUM
BA_003259,IC50,=,4300.0,nM,4300.0,MEDIUM
BA_003260,IC50,=,8800.0,nM,8800.0,MEDIUM
BA_003261,IC50,=,8500.0,nM,8500.0,MEDIUM
BA_003262,EC50,=,8810.0,nM,8810.0,MEDIUM
BA_003263,Ki,=,2410.0,nM,2410.0,MEDIUM
BA_003264,Ki,=,380.0,nM,380.0,HIGH
BA_003265,Ki,=,4970.0,nM,4970.0,MEDIUM
BA_003266,Ki,=,9460.0,nM,9460.0,MEDIUM
BA_003267,Ki,=,9940.0,nM,9940.0,MEDIUM
BA_003268,Ki,=,9300.0,nM,9300.0,MEDIUM
BA_003269,Ki,=,4050.0,nM,4050.0,MEDIUM
BA_003270,Ki,=,3480.0,nM,3480.0,MEDIUM
BA_003271,Ki,=,6850.0,nM,6850.0,MEDIUM
BA_003272,Potency,=,1778.3,nM,1778.3,MEDIUM
BA_003273,Potency,=,5011.9,nM,5011.9,MEDIUM
BA_003274,Potency,=,3548.1,nM,3548.1,MEDIUM
BA_003275,Potency,=,1122.0,nM,1122.0,MEDIUM
BA_003276,Potency,=,5623.4,nM,5623.4,MEDIUM
BA_003277,Potency,=,316.2,nM,316.2,HIGH
BA_003278,Ki,=,10000.0,nM,10000.0,MEDIUM
BA_003279,IC50,=,7410.0,nM,7410.0,MEDIUM
BA_003280,Potency,,7943.3,nM,7943.3,MEDIUM
BA_003281,IC50,=,8362.0,nM,8362.0,MEDIUM
BA_003282,Potency,,6513.1,nM,6513.1,MEDIUM
BA_003283,Ki,=,910.0,nM,910.0,HIGH
BA_003284,IC50,=,2450.0,nM,2450.0,MEDIUM
BA_003285,IC50,=,1560.0,nM,1560.0,MEDIUM
BA_003286,IC50,=,1200.0,nM,1200.0,MEDIUM
BA_003287,EC50,=,3162.28,nM,3162.28,MEDIUM
BA_003288,Potency,=,2511.9,nM,2511.9,MEDIUM
BA_003289,Potency,=,2511.9,nM,2511.9,MEDIUM
BA_003290,Potency,,8912.5,nM,8912.5,MEDIUM
BA_003291,IC50,=,483.0,nM,483.0,HIGH
BA_003292,Potency,,2433.7,nM,2433.7,MEDIUM
BA_003293,IC50,=,1050.0,nM,1050.0,MEDIUM
BA_003294,IC50,=,1044.0,nM,1044.0,MEDIUM
BA_003295,Ki,=,710.0,nM,710.0,HIGH
BA_003296,IC50,=,880.0,nM,880.0,HIGH
