document_chembl_id,source_id,document_title,document_author,document_journal,document_year
CHEMBL1122967,1,"Novel photoaffinity label for the dopamine D2 receptor: synthesis of 4-azido-5-iodo-2-methoxy-N-[1-(phenylmethyl)-4-piperidinyl] benzamide (iodoazidoclebopride, IAC) and the corresponding 125I-labeled analogue (125IAC).","Neumeyer JL, Guan JH, Niznik HB, Dumbrille-Ross A, Seeman P, Padmanabhan S, Elmaleh DR.",J Med Chem,1985.0
CHEMBL1123653,1,Central serotonin receptors as targets for drug research.,Glennon RA.,J Med Chem,1987.0
CHEMBL1124409,1,Preparation and biodistribution of 1-[2-(3-[125I]iodo-4-aminophenyl)ethyl]-4-[3-(trifluoromethyl) phenyl]piperazine and 1-[2-(3-[125I]iodo-4-azidophenyl)ethyl]-4-[3-(trifluoromethyl)phenyl] piperazine.,"Chumpradit S, Kung HF, Billings J, Guo YZ, Wu Y, Shih J.",J Med Chem,1989.0
CHEMBL1124834,1,5-HT1 and 5-HT2 binding profiles of the serotonergic agents alpha-methylserotonin and 2-methylserotonin.,"Ismaiel AM, Titeler M, Miller KJ, Smith TS, Glennon RA.",J Med Chem,1990.0
CHEMBL1124862,1,"3-(1,2,5,6-Tetrahydropyrid-4-yl)pyrrolo[3,2-b]pyrid-5-one: a potent and selective serotonin (5-HT1B) agonist and rotationally restricted phenolic analogue of 5-methoxy-3-(1,2,5,6-tetrahydropyrid-4-yl)indole.","Macor JE, Burkhart CA, Heym JH, Ives JL, Lebel LA, Newman ME, Nielsen JA, Ryan K, Schulz DW, Torgersen LK.",J Med Chem,1990.0
CHEMBL1125095,1,Conformational analysis and structure-activity relationships of selective dopamine D-1 receptor agonists and antagonists of the benzazepine series.,"Pettersson I, Liljefors T, Bøgesø K.",J Med Chem,1990.0
CHEMBL1125301,1,"1-(2-Aminoethyl)-3-methyl-8,9-dihydropyrano[3,2-e]indole: a rotationally restricted phenolic analog of the neurotransmitter serotonin and agonist selective for serotonin (5-HT2-type) receptors.","Macor JE, Fox CB, Johnson C, Koe BK, Lebel LA, Zorn SH.",J Med Chem,1992.0
CHEMBL1125455,1,Novel anthraquinone inhibitors of human leukocyte elastase and cathepsin G.,"Zembower DE, Kam CM, Powers JC, Zalkow LH.",J Med Chem,1992.0
CHEMBL1126097,1,Synthesis and serotonergic pharmacology of the enantiomers of 3-[(N-methylpyrrolidin-2-yl)methyl]-5-methoxy-1H-indole: discovery of stereogenic differentiation in the aminoethyl side chain of the neurotransmitter serotonin.,"Macor JE, Blake J, Fox CB, Johnson C, Koe BK, Lebel LA, Morrone JM, Ryan K, Schmidt AW, Schulz DW.",J Med Chem,1992.0
CHEMBL1126157,1,QSAR analyses of the substituted indanone and benzylpiperidine rings of a series of indanone-benzylpiperidine inhibitors of acetylcholinesterase.,"Cardozo MG, Iimura Y, Sugimoto H, Yamanishi Y, Hopfinger AJ.",J Med Chem,1992.0
CHEMBL1126443,1,"Cholinergic agents: aldehyde, ketone, and oxime analogues of the muscarinic agonist UH5","Sanders KB, Thomas AJ, Pavia MR, Davis RE, Coughenour LL, Myers SL, Fisher S, Moos WH",Bioorg Med Chem Lett,1992.0
CHEMBL1127207,1,Synthesis of ingenol analogs wth affinity for protein kinase C,"Winkler JD, Hong B, Bahador A, Kazanietz MG, Blumberg PM",Bioorg Med Chem Lett,1993.0
CHEMBL1127443,1,5-(Nonyloxy)tryptamine: a novel high-affinity 5-HT1D beta serotonin receptor agonist.,"Glennon RA, Hong SS, Dukat M, Teitler M, Davis K.",J Med Chem,1994.0
CHEMBL1127577,1,Identification of tricyclic analogs related to ellagic acid as potent/selective tyrosine protein kinase inhibitors.,"Dow RL, Chou TT, Bechle BM, Goddard C, Larson ER.",J Med Chem,1994.0
CHEMBL1127846,1,Influence of amine substituents on 5-HT2A versus 5-HT2C binding of phenylalkyl- and indolylalkylamines.,"Glennon RA, Dukat M, el-Bermawy M, Law H, De los Angeles J, Teitler M, King A, Herrick-Davis K.",J Med Chem,1994.0
CHEMBL1128049,1,"5-cyano-1-[3-(N-methylpyrrolidin-2R-ylmethyl)indol-5-yl] benzimidazole (CP-161,242): A potent, centrally active 5-HT1D receptor agonist and benzodiazepine partial agonist","Macor JE, Blank DH, Desai K, Fox CB, Kenneth Koe B, Lebel LA, Post RJ, Schmidt AW, Schulz DW, Seymour PA",Bioorg Med Chem Lett,1995.0
CHEMBL1128399,1,Annulated heterocyclic bioisosteres of norarecoline. Synthesis and molecular pharmacology at five recombinant human muscarinic acetylcholine receptors.,"Bräuner-Osborne H, Ebert B, Brann MR, Falch E, Krogsgaard-Larsen P.",J Med Chem,1995.0
CHEMBL1128531,1,"(5aR,11bS)-4,5,5a,6,7,11b-hexahydro-2-propyl-3-thia-5-azacyclopent-1- ena[c]-phenanthrene-9,10-diol (A-86929): a potent and selective dopamine D1 agonist that maintains behavioral efficacy following repeated administration and characterization of its diacetyl prodrug (ABT-431).","Michaelides MR, Hong Y, DiDomenico S, Asin KE, Britton DR, Lin CW, Williams M, Shiosaki K.",J Med Chem,1995.0
CHEMBL1128546,1,Synthesis and serotonergic activity of arylpiperazide derivatives of serotonin: potent agonists for 5-HT1D receptors.,"Perez M, Fourrier C, Sigogneau I, Pauwels PJ, Palmier C, John GW, Valentin JP, Halazy S.",J Med Chem,1995.0
CHEMBL1129297,1,Binding of O-alkyl derivatives of serotonin at human 5-HT1D beta receptors.,"Glennon RA, Hong SS, Bondarev M, Law H, Dukat M, Rakhi S, Power P, Fan E, Kinneau D, Kamboj R, Teitler M, Herrick-Davis K, Smith C.",J Med Chem,1996.0
CHEMBL1129333,1,Synthesis and biological activities of flavonoid derivatives as A3 adenosine receptor antagonists.,"Karton Y, Jiang JL, Ji XD, Melman N, Olah ME, Stiles GL, Jacobson KA.",J Med Chem,1996.0
CHEMBL1129381,1,Novel (R)-2-amino-5-fluorotetralins: dopaminergic antagonists and inverse agonists.,"Malmberg A, Höök BB, Johansson AM, Hacksell U.",J Med Chem,1996.0
CHEMBL1129481,1,Interactions of flavonoids and other phytochemicals with adenosine receptors.,"Ji XD, Melman N, Jacobson KA.",J Med Chem,1996.0
CHEMBL1129489,1,Comparative molecular field analysis-based prediction of drug affinities at recombinant D1A dopamine receptors.,"Brusniak MY, Pearlman RS, Neve KA, Wilcox RE.",J Med Chem,1996.0
CHEMBL1129591,1,Serotonin dimers: application of the bivalent ligand approach to the design of new potent and selective 5-HT(1B/1D) agonists.,"Halazy S, Perez M, Fourrier C, Pallard I, Pauwels PJ, Palmier C, John GW, Valentin JP, Bonnafous R, Martinez J.",J Med Chem,1996.0
CHEMBL1129931,1,Structure-activity studies on 2-methyl-3-(2(S)-pyrrolidinylmethoxy) pyridine (ABT-089): an orally bioavailable 3-pyridyl ether nicotinic acetylcholine receptor ligand with cognition-enhancing properties.,"Lin NH, Gunn DE, Ryther KB, Garvey DS, Donnelly-Roberts DL, Decker MW, Brioni JD, Buckley MJ, Rodrigues AD, Marsh KG, Anderson DJ, Buccafusco JJ, Prendergast MA, Sullivan JP, Williams M, Arneric SP, Holladay MW.",J Med Chem,1997.0
CHEMBL1130532,1,The development of a charged melatonin receptor ligand,"Li P, Chu G, Gillen ML, Parekh T, Witt-Enderby PA",Bioorg Med Chem Lett,1997.0
CHEMBL1131163,1,CoMFA-based prediction of agonist affinities at recombinant D1 vs D2 dopamine receptors.,"Wilcox RE, Tseng T, Brusniak MY, Ginsburg B, Pearlman RS, Teeter M, DuRand C, Starr S, Neve KA.",J Med Chem,1998.0
CHEMBL1131258,1,Synthesis and glutathione S-transferase structure-affinity relationships of nonpeptide and peptidase-stable glutathione analogues.,"Klotz P, Slaoui-Hasnaoui A, Banères JL, Duckert JF, Rossi JC, Kerbal A.",J Med Chem,1998.0
CHEMBL1131387,1,Dimers of 5HT1 ligands preferentially bind to 5HT1B/1D receptor subtypes.,"Perez M, Jorand-Lebrun C, Pauwels PJ, Pallard I, Halazy S.",Bioorg Med Chem Lett,1998.0
CHEMBL1131606,1,"A new approach to the design of novel inhibitors of Na+,K+-ATPase: 17alpha-substituted seco-D 5beta-androstane as cassaine analogues.","De Munari S, Barassi P, Cerri A, Fedrizzi G, Gobbini M, Mabilia M, Melloni P.",J Med Chem,1998.0
CHEMBL1131636,1,"Conformationally constrained analogues of the muscarinic agonist 3-(4-(methylthio)-1,2,5-thiadiazol-3-yl)-1,2,5,6-tetrahydro-1-methylpyr idine. Synthesis, receptor affinity, and antinociceptive activity.","Sauerberg P, Olesen PH, Sheardown MJ, Rimvall K, Thøgersen H, Shannon HE, Sawyer BD, Ward JS, Bymaster FP, DeLapp NW, Calligaro DO, Swedberg MD.",J Med Chem,1998.0
CHEMBL1131815,1,Derivatives of (R)-2-amino-5-methoxytetralin: antagonists and inverse agonists at the dopamine D2A receptor.,"Höök BB, Brege C, Linnanen T, Mikaels A, Malmberg A, Johansson AM.",Bioorg Med Chem Lett,1999.0
CHEMBL1132338,1,Molecular recognition in nicotinic acetylcholine receptors: the importance of pi-cation interactions.,"Schmitt JD, Sharples CG, Caldwell WS.",J Med Chem,1999.0
CHEMBL1132575,1,"N-Methyl-5-tert-butyltryptamine: A novel, highly potent 5-HT1D receptor agonist.","Xu YC, Schaus JM, Walker C, Krushinski J, Adham N, Zgombick JM, Liang SX, Kohlman DT, Audia JE.",J Med Chem,1999.0
CHEMBL1132613,1,"Thieno[3,2-b]- and thieno[2,3-b]pyrrole bioisosteric analogues of the hallucinogen and serotonin agonist N,N-dimethyltryptamine.","Blair JB, Marona-Lewicka D, Kanthasamy A, Lucaites VL, Nelson DL, Nichols DE.",J Med Chem,1999.0
CHEMBL1132775,1,N1-(Benzenesulfonyl)tryptamines as novel 5-HT6 antagonists.,"Tsai Y, Dukat M, Slassi A, MacLean N, Demchyshyn L, Savage JE, Roth BL, Hufesein S, Lee M, Glennon RA.",Bioorg Med Chem Lett,2000.0
CHEMBL1133710,1,"Conjugated enynes as nonaromatic catechol bioisosteres: synthesis, binding experiments, and computational studies of novel dopamine receptor agonists recognizing preferentially the D(3) subtype.","Hübner H, Haubmann C, Utz W, Gmeiner P.",J Med Chem,2000.0
CHEMBL1133711,1,2-Substituted tryptamines: agents with selectivity for 5-HT(6) serotonin receptors.,"Glennon RA, Lee M, Rangisetty JB, Dukat M, Roth BL, Savage JE, McBride A, Rauser L, Hufeisen S, Lee DK.",J Med Chem,2000.0
CHEMBL1133759,1,6beta-Acyloxy(nor)tropanes: affinities for antagonist/agonist binding sites on transfected and native muscarinic receptors.,"Daly JW, Gupta TH, Padgett WL, Pei XF.",J Med Chem,2000.0
CHEMBL1133831,1,Synthesis and In vitro binding affinities of 1-azabicyclic compounds as muscarinic ligands.,"Cha JH, Cho YS, Pae AN, Koh HY, Jeong D, Kong JY, Lee E, Choi KI.",Bioorg Med Chem Lett,2001.0
CHEMBL1134160,1,The 5-HT3 antagonist tropisetron (ICS 205-930) is a potent and selective alpha7 nicotinic receptor partial agonist.,"Macor JE, Gurley D, Lanthorn T, Loch J, Mack RA, Mullen G, Tran O, Wright N, Gordon JC.",Bioorg Med Chem Lett,2001.0
CHEMBL1134277,1,"N-[3-(2-Dimethylaminoethyl)-2-methyl-1H- indol-5-yl]-4-fluorobenzamide: a potent, selective, and orally active 5-HT(1F) receptor agonist potentially useful for migraine therapy.","Xu YC, Johnson KW, Phebus LA, Cohen M, Nelson DL, Schenck K, Walker CD, Fritz JE, Kaldor SW, LeTourneau ME, Murff RE, Zgombick JM, Calligaro DO, Audia JE, Schaus JM.",J Med Chem,2001.0
CHEMBL1134318,1,"Design, synthesis, and biological characterization of bivalent 1-methyl-1,2,5,6-tetrahydropyridyl-1,2,5-thiadiazole derivatives as selective muscarinic agonists.","Rajeswaran WG, Cao Y, Huang XP, Wroblewski ME, Colclough T, Lee S, Liu F, Nagy PI, Ellis J, Levine BA, Nocka KH, Messer WS.",J Med Chem,2001.0
CHEMBL1134741,1,Synthesis and preliminary pharmacological evaluation of coumestans with different patterns of oxygenation.,"da Silva AJM, Melo PA, Silva NM, Brito FV, Buarque CD, de Souza DV, Rodrigues VP, Poças ES, Noël F, Albuquerque EX, Costa PR.",Bioorg Med Chem Lett,2001.0
CHEMBL1135460,1,"Simple, intuitive calculations of free energy of binding for protein-ligand complexes. 1. Models without explicit constrained water.","Cozzini P, Fornabaio M, Marabotti A, Abraham DJ, Kellogg GE, Mozzarelli A.",J Med Chem,2002.0
CHEMBL1135900,1,Toward selective ERbeta agonists for central nervous system disorders: synthesis and characterization of aryl benzthiophenes.,"Schopfer U, Schoeffter P, Bischoff SF, Nozulak J, Feuerbach D, Floersheim P.",J Med Chem,2002.0
CHEMBL1136098,1,Semisynthetic preparation of amentoflavone: A negative modulator at GABA(A) receptors.,"Hanrahan JR, Chebib M, Davucheron NL, Hall BJ, Johnston GA.",Bioorg Med Chem Lett,2003.0
CHEMBL1136115,1,Constrained phytoestrogens and analogues as ERbeta selective ligands.,"Miller CP, Collini MD, Harris HA.",Bioorg Med Chem Lett,2003.0
CHEMBL1136344,1,Green tea catechins as a BACE1 (beta-secretase) inhibitor.,"Jeon SY, Bae K, Seong YH, Song KS.",Bioorg Med Chem Lett,2003.0
CHEMBL1136450,1,Synthesis and biological activity of 2-carbomethoxy-3-catechol-8-azabicyclo[3.2.1]octanes.,"Meltzer PC, McPhee M, Madras BK.",Bioorg Med Chem Lett,2003.0
CHEMBL1136907,1,Structural insight into human CK2alpha in complex with the potent inhibitor ellagic acid.,"Sekiguchi Y, Nakaniwa T, Kinoshita T, Nakanishi I, Kitaura K, Hirasawa A, Tsujimoto G, Tada T.",Bioorg Med Chem Lett,2009.0
CHEMBL1137049,1,Synthesis and structure-activity relationships of indole and benzimidazole piperazines as histamine H(4) receptor antagonists.,"Terzioglu N, van Rijn RM, Bakker RA, De Esch IJ, Leurs R.",Bioorg Med Chem Lett,2004.0
CHEMBL1137053,1,QSAR modeling of the MAO inhibitory activity of xanthones derivatives.,"Núñez MB, Maguna FP, Okulik NB, Castro EA.",Bioorg Med Chem Lett,2004.0
CHEMBL1137179,1,"Discovery of inhibitors of human adipocyte fatty acid-binding protein, a potential type 2 diabetes target.","Lehmann F, Haile S, Axen E, Medina C, Uppenberg J, Svensson S, Lundbäck T, Rondahl L, Barf T.",Bioorg Med Chem Lett,2004.0
CHEMBL1137194,1,Possible differences in modes of agonist and antagonist binding at human 5-HT6 receptors.,"Pullagurla MR, Westkaemper RB, Glennon RA.",Bioorg Med Chem Lett,2004.0
CHEMBL1137302,1,"Discovery of 3-methyl-N-(1-oxy-3',4',5',6'-tetrahydro-2'H-[2,4'-bipyridine]-1'-ylmethyl)benzamide (ABT-670), an orally bioavailable dopamine D4 agonist for the treatment of erectile dysfunction.","Patel MV, Kolasa T, Mortell K, Matulenko MA, Hakeem AA, Rohde JJ, Nelson SL, Cowart MD, Nakane M, Miller LN, Uchic ME, Terranova MA, El-Kouhen OF, Donnelly-Roberts DL, Namovic MT, Hollingsworth PR, Chang R, Martino BR, Wetter JM, Marsh KC, Martin R, Darbyshire JF, Gintant G, Hsieh GC, Moreland RB, Sullivan JP, Brioni JD, Stewart AO.",J Med Chem,2006.0
CHEMBL1137342,1,"trans-2,3-dihydroxy-6a,7,8,12b-tetrahydro-6H-chromeno[3,4-c]isoquinoline: synthesis, resolution, and preliminary pharmacological characterization of a new dopamine D1 receptor full agonist.","Cueva JP, Giorgioni G, Grubbs RA, Chemel BR, Watts VJ, Nichols DE.",J Med Chem,2006.0
CHEMBL1137460,1,Fluorinated pyrazole acids are agonists of the high affinity niacin receptor GPR109a.,"Skinner PJ, Cherrier MC, Webb PJ, Shin YJ, Gharbaoui T, Lindstrom A, Hong V, Tamura SY, Dang HT, Pride CC, Chen R, Richman JG, Connolly DT, Semple G.",Bioorg Med Chem Lett,2007.0
CHEMBL1137797,1,Differential inhibition of reverse transcriptase and various DNA polymerases by digallic acid and its derivatives.,"Nakane H, Fukushima M, Ono K.",J Nat Prod,1990.0
CHEMBL1138322,1,Discovery of biaryl anthranilides as full agonists for the high affinity niacin receptor.,"Shen HC, Ding FX, Luell S, Forrest MJ, Carballo-Jane E, Wu KK, Wu TJ, Cheng K, Wilsie LC, Krsmanovic ML, Taggart AK, Ren N, Cai TQ, Deng Q, Chen Q, Wang J, Wolff MS, Tong X, Holt TG, Waters MG, Hammond ML, Tata JR, Colletti SL.",J Med Chem,2007.0
CHEMBL1138588,1,Hedgehog-Gli signaling pathway inhibitors as anticancer agents.,"Mahindroo N, Punchihewa C, Fujii N.",J Med Chem,2009.0
CHEMBL1138663,1,Synthesis and aromatase inhibitory activity of novel pyridine-containing isoflavones.,"Kim YW, Hackett JC, Brueggemeier RW.",J Med Chem,2004.0
CHEMBL1139026,1,Lipolanthionine peptides act as inhibitors of TLR2-mediated IL-8 secretion. Synthesis and structure-activity relationships.,"Seyberth T, Voss S, Brock R, Wiesmüller KH, Jung G.",J Med Chem,2006.0
CHEMBL1139609,1,In pursuit of alpha4beta2 nicotinic receptor partial agonists for smoking cessation: carbon analogs of (-)-cytisine.,"Coe JW, Vetelino MG, Bashore CG, Wirtz MC, Brooks PR, Arnold EP, Lebel LA, Fox CB, Sands SB, Davis TI, Schulz DW, Rollema H, Tingley FD, O'Neill BT.",Bioorg Med Chem Lett,2005.0
CHEMBL1139712,1,Interaction of N1-unsubstituted and N1-benzenesulfonyltryptamines at h5-HT6 receptors.,"Kolanos R, Dukat M, Roth BL, Glennon RA.",Bioorg Med Chem Lett,2006.0
CHEMBL1139984,1,Potent and selective biphenyl azole inhibitors of adipocyte fatty acid binding protein (aFABP).,"Sulsky R, Magnin DR, Huang Y, Simpkins L, Taunk P, Patel M, Zhu Y, Stouch TR, Bassolino-Klimas D, Parker R, Harrity T, Stoffel R, Taylor DS, Lavoie TB, Kish K, Jacobson BL, Sheriff S, Adam LP, Ewing WR, Robl JA.",Bioorg Med Chem Lett,2007.0
CHEMBL1140124,1,Triterpenoids from the leaves of Diospyros kaki (persimmon) and their inhibitory effects on protein tyrosine phosphatase 1B.,"Thuong PT, Lee CH, Dao TT, Nguyen PH, Kim WG, Lee SJ, Oh WK.",J Nat Prod,2008.0
CHEMBL1140203,1,"cis-4-(Piperazin-1-yl)-5,6,7a,8,9,10,11,11a-octahydrobenzofuro[2,3-h]quinazolin-2-amine (A-987306), a new histamine H4R antagonist that blocks pain responses against carrageenan-induced hyperalgesia.","Liu H, Altenbach RJ, Carr TL, Chandran P, Hsieh GC, Lewis LG, Manelli AM, Milicic I, Marsh KC, Miller TR, Strakhova MI, Vortherms TA, Wakefield BD, Wetter JM, Witte DG, Honore P, Esbenshade TA, Brioni JD, Cowart MD.",J Med Chem,2008.0
CHEMBL1140205,1,Discovery and development of fatty acid amide hydrolase (FAAH) inhibitors.,"Seierstad M, Breitenbucher JG.",J Med Chem,2008.0
CHEMBL1140222,1,Identification of G protein-coupled receptor 120-selective agonists derived from PPARgamma agonists.,"Suzuki T, Igari S, Hirasawa A, Hata M, Ishiguro M, Fujieda H, Itoh Y, Hirano T, Nakagawa H, Ogura M, Makishima M, Tsujimoto G, Miyata N.",J Med Chem,2008.0
CHEMBL1140374,1,"2-n-Butyl-9-methyl-8-[1,2,3]triazol-2-yl-9H-purin-6-ylamine and analogues as A2A adenosine receptor antagonists. Design, synthesis, and pharmacological characterization.","Minetti P, Tinti MO, Carminati P, Castorina M, Di Cesare MA, Di Serio S, Gallo G, Ghirardi O, Giorgi F, Giorgi L, Piersanti G, Bartoccini F, Tarzia G.",J Med Chem,2005.0
CHEMBL1140486,1,"Structure-activity relationship studies of flavonoids as potent inhibitors of human platelet 12-hLO, reticulocyte 15-hLO-1, and prostate epithelial 15-hLO-2.","Vasquez-Martinez Y, Ohri RV, Kenyon V, Holman TR, Sepúlveda-Boza S.",Bioorg Med Chem,2007.0
CHEMBL1140636,1,Targeting cytochrome P450 enzymes: a new approach in anti-cancer drug development.,"Bruno RD, Njar VC.",Bioorg Med Chem,2007.0
CHEMBL1140704,1,"Further structure-activity relationships study of hybrid 7-{[2-(4-phenylpiperazin-1-yl)ethyl]propylamino}-5,6,7,8-tetrahydronaphthalen-2-ol analogues: identification of a high-affinity D3-preferring agonist with potent in vivo activity with long duration of action.","Biswas S, Zhang S, Fernandez F, Ghosh B, Zhen J, Kuzhikandathil E, Reith ME, Dutta AK.",J Med Chem,2008.0
CHEMBL1140712,1,"Discovery and structure-activity relationship of (1R)-8-chloro-2,3,4,5-tetrahydro-1-methyl-1H-3-benzazepine (Lorcaserin), a selective serotonin 5-HT2C receptor agonist for the treatment of obesity.","Smith BM, Smith JM, Tsai JH, Schultz JA, Gilson CA, Estrada SA, Chen RR, Park DM, Prieto EB, Gallardo CS, Sengupta D, Dosa PI, Covel JA, Ren A, Webb RR, Beeley NR, Martin M, Morgan M, Espitia S, Saldana HR, Bjenning C, Whelan KT, Grottick AJ, Menzaghi F, Thomsen WJ.",J Med Chem,2008.0
CHEMBL1140814,1,"Rapid novel divergent synthesis and muscarinic agonist profile of all four optical isomers of N,N,N-trimethyl(6-methyl-1,4-dioxan-2-yl)methanaminium iodide.","Piergentili A, Quaglia W, Giannella M, Del Bello F, Buccioni M, Nesi M, Matucci R.",Bioorg Med Chem Lett,2008.0
CHEMBL1140872,1,Discovery of a potent and selective inhibitor for human carbonyl reductase 1 from propionate scanning applied to the macrolide zearalenone.,"Zimmermann TJ, Niesen FH, Pilka ES, Knapp S, Oppermann U, Maier ME.",Bioorg Med Chem,2009.0
CHEMBL1141015,1,Discovery of diacylphloroglucinols as a new class of GPR40 (FFAR1) agonists.,"Bharate SB, Rodge A, Joshi RK, Kaur J, Srinivasan S, Kumar SS, Kulkarni-Almeida A, Balachandran S, Balakrishnan A, Vishwakarma RA.",Bioorg Med Chem Lett,2008.0
CHEMBL1141174,1,Quantitative structure-activity relationship analysis of inhibitors of the nicotine metabolizing CYP2A6 enzyme.,"Rahnasto M, Raunio H, Poso A, Wittekindt C, Juvonen RO.",J Med Chem,2005.0
CHEMBL1141212,1,Structural basis of inhibitor specificity of the human protooncogene proviral insertion site in moloney murine leukemia virus (PIM-1) kinase.,"Bullock AN, Debreczeni JE, Fedorov OY, Nelson A, Marsden BD, Knapp S.",J Med Chem,2005.0
CHEMBL1141253,1,Comparative molecular field analysis of flavonoid inhibitors of the PIM-1 kinase.,"Holder S, Lilly M, Brown ML.",Bioorg Med Chem,2007.0
CHEMBL1141265,1,Flavonoids as opioid receptor ligands: identification and preliminary structure-activity relationships.,"Katavic PL, Lamb K, Navarro H, Prisinzano TE.",J Nat Prod,2007.0
CHEMBL1141349,1,Cytochrome P3A4 inhibitors and other constituents of Fibraurea tinctoria.,"Su CR, Ueng YF, Dung NX, Vijaya Bhaskar Reddy M, Wu TS.",J Nat Prod,2007.0
CHEMBL1141883,1,"Crystal structure of a human cyclin-dependent kinase 6 complex with a flavonol inhibitor, fisetin.","Lu H, Chang DJ, Baratte B, Meijer L, Schulze-Gahmen U.",J Med Chem,2005.0
CHEMBL1142039,1,Homotryptamines as potent and selective serotonin reuptake inhibitors (SSRIs).,"Schmitz WD, Denhart DJ, Brenner AB, Ditta JL, Mattson RJ, Mattson GK, Molski TF, Macor JE.",Bioorg Med Chem Lett,2005.0
CHEMBL1142400,1,An updated steroid benchmark set and its application in the discovery of novel nanomolar ligands of sex hormone-binding globulin.,"Cherkasov A, Ban F, Santos-Filho O, Thorsteinson N, Fallahi M, Hammond GL.",J Med Chem,2008.0
CHEMBL1142439,1,"A novel synthesis and pharmacological evaluation of a potential dopamine D1/D2 agonist: 1-propyl-1,2,3,4,4a,5,10,10a-octahydrobenzo[g]quinoline-6,7-diol.","Liu D, Dijkstra D, de Vries JB, Wikström HV.",Bioorg Med Chem,2008.0
CHEMBL1142495,1,"Novel D3 selective dopaminergics incorporating enyne units as nonaromatic catechol bioisosteres: synthesis, bioactivity, and mutagenesis studies.","Dörfler M, Tschammer N, Hamperl K, Hübner H, Gmeiner P.",J Med Chem,2008.0
CHEMBL1142943,1,Homology modeling of human Fyn kinase structure: discovery of rosmarinic acid as a new Fyn kinase inhibitor and in silico study of its possible binding modes.,"Jelić D, Mildner B, Kostrun S, Nujić K, Verbanac D, Culić O, Antolović R, Brandt W.",J Med Chem,2007.0
CHEMBL1142997,1,"Analogues of acifran: agonists of the high and low affinity niacin receptors, GPR109a and GPR109b.","Jung JK, Johnson BR, Duong T, Decaire M, Uy J, Gharbaoui T, Boatman PD, Sage CR, Chen R, Richman JG, Connolly DT, Semple G.",J Med Chem,2007.0
CHEMBL1143062,1,Identification of natural-product-derived inhibitors of 5-lipoxygenase activity by ligand-based virtual screening.,"Franke L, Schwarz O, Müller-Kuhrt L, Hoernig C, Fischer L, George S, Tanrikulu Y, Schneider P, Werz O, Steinhilber D, Schneider G.",J Med Chem,2007.0
CHEMBL1143070,1,Catechin gallates are NADP+-competitive inhibitors of glucose-6-phosphate dehydrogenase and other enzymes that employ NADP+ as a coenzyme.,"Shin ES, Park J, Shin JM, Cho D, Cho SY, Shin DW, Ham M, Kim JB, Lee TR.",Bioorg Med Chem,2008.0
CHEMBL1143127,1,Estradiol and estrone C-16 derivatives as inhibitors of type 1 17beta-hydroxysteroid dehydrogenase: blocking of ER+ breast cancer cell proliferation induced by estrone.,"Laplante Y, Cadot C, Fournier MA, Poirier D.",Bioorg Med Chem,2008.0
CHEMBL1143207,1,"New 7,8-benzoflavanones as potent aromatase inhibitors: synthesis and biological evaluation.","Yahiaoui S, Fagnere C, Pouget C, Buxeraud J, Chulia AJ.",Bioorg Med Chem,2008.0
CHEMBL1143481,1,"3,5-Bicyclic aryl piperidines: a novel class of alpha4beta2 neuronal nicotinic receptor partial agonists for smoking cessation.","Coe JW, Brooks PR, Wirtz MC, Bashore CG, Bianco KE, Vetelino MG, Arnold EP, Lebel LA, Fox CB, Tingley FD, Schulz DW, Davis TI, Sands SB, Mansbach RS, Rollema H, O'Neill BT.",Bioorg Med Chem Lett,2005.0
CHEMBL1143580,1,"Preparation and pharmacological characterization of trans-2-amino-5(6)-fluoro-6(5)-hydroxy-1-phenyl-2,3-dihydro-1H-indenes as D2-like dopamine receptor agonists.","Di Stefano A, Sozio P, Cacciatore I, Cocco A, Giorgioni G, Costa B, Montali M, Lucacchini A, Martini C, Spoto G, Di Pietrantonio F, Di Matteo E, Pinnen F.",J Med Chem,2005.0
CHEMBL1143674,1,Isoprenylated flavonoids from the stem bark of Erythrina abyssinica.,"Cui L, Ndinteh DT, Na M, Thuong PT, Silike-Muruumu J, Njamen D, Mbafor JT, Fomum ZT, Ahn JS, Oh WK.",J Nat Prod,2007.0
CHEMBL1143916,1,Inhibition of 3(17)alpha-hydroxysteroid dehydrogenase (AKR1C21) by aldose reductase inhibitors.,"Dhagat U, Endo S, Hara A, El-Kabbani O.",Bioorg Med Chem,2008.0
CHEMBL1143946,1,Docking analyses on human muscarinic receptors: unveiling the subtypes peculiarities in agonists binding.,"Vistoli G, Pedretti A, Dei S, Scapecchi S, Marconi C, Romanelli MN.",Bioorg Med Chem,2008.0
CHEMBL1143993,1,"Synthesis and structure-activity relationships of a series of substituted 2-(1H-furo[2,3-g]indazol-1-yl)ethylamine derivatives as 5-HT2C receptor agonists.","Shimada I, Maeno K, Kazuta K, Kubota H, Kimizuka T, Kimura Y, Hatanaka K, Naitou Y, Wanibuchi F, Sakamoto S, Tsukamoto S.",Bioorg Med Chem,2008.0
CHEMBL1144009,1,"Novel potent and selective bile acid derivatives as TGR5 agonists: biological screening, structure-activity relationships, and molecular modeling studies.","Sato H, Macchiarulo A, Thomas C, Gioiello A, Une M, Hofmann AF, Saladin R, Schoonjans K, Pellicciari R, Auwerx J.",J Med Chem,2008.0
CHEMBL1144168,1,Discovery of pyrazolopyrimidines as the first class of allosteric agonists for the high affinity nicotinic acid receptor GPR109A.,"Shen HC, Taggart AK, Wilsie LC, Waters MG, Hammond ML, Tata JR, Colletti SL.",Bioorg Med Chem Lett,2008.0
CHEMBL1144179,1,Molecular modeling aided design of nicotinic acid receptor GPR109A agonists.,"Deng Q, Frie JL, Marley DM, Beresis RT, Ren N, Cai TQ, Taggart AK, Cheng K, Carballo-Jane E, Wang J, Tong X, Waters MG, Tata JR, Colletti SL.",Bioorg Med Chem Lett,2008.0
CHEMBL1144205,1,Screening of herbal constituents for aromatase inhibitory activity.,"Paoletta S, Steventon GB, Wildeboer D, Ehrman TM, Hylands PJ, Barlow DJ.",Bioorg Med Chem,2008.0
CHEMBL1144444,1,Predictive three-dimensional quantitative structure-activity relationship of cytochrome P450 1A2 inhibitors.,"Korhonen LE, Rahnasto M, Mähönen NJ, Wittekindt C, Poso A, Juvonen RO, Raunio H.",J Med Chem,2005.0
CHEMBL1144666,1,"Indoleamine 2,3-dioxygenase is the anticancer target for a novel series of potent naphthoquinone-based inhibitors.","Kumar S, Malachowski WP, DuHadaway JB, LaLonde JM, Carroll PJ, Jaller D, Metz R, Prendergast GC, Muller AJ.",J Med Chem,2008.0
CHEMBL1144727,1,Fragment based design of new H4 receptor-ligands with anti-inflammatory properties in vivo.,"Smits RA, Lim HD, Hanzer A, Zuiderveld OP, Guaita E, Adami M, Coruzzi G, Leurs R, de Esch IJ.",J Med Chem,2008.0
CHEMBL1144851,1,Opioids and efflux transporters. Part 2: P-glycoprotein substrate activity of 3- and 6-substituted morphine analogs.,"Cunningham CW, Mercer SL, Hassan HE, Traynor JR, Eddington ND, Coop A.",J Med Chem,2008.0
CHEMBL1144885,1,Synthesis and structure-activity relationships of conformationally constrained histamine H(3) receptor agonists.,"Kitbunnadaj R, Zuiderveld OP, De Esch IJ, Vollinga RC, Bakker R, Lutz M, Spek AL, Cavoy E, Deltent MF, Menge WM, Timmerman H, Leurs R.",J Med Chem,2003.0
CHEMBL1145019,1,The power of visual imagery in drug design. Isopavines as a new class of morphinomimetics and their human opioid receptor binding activity.,"Hanessian S, Parthasarathy S, Mauduit M, Payza K.",J Med Chem,2003.0
CHEMBL1145038,1,"Cyclopropane-based conformational restriction of histamine. (1S,2S)-2-(2-aminoethyl)-1-(1H-imidazol-4-yl)cyclopropane, a highly selective agonist for the histamine H3 receptor, having a cis-cyclopropane structure.","Kazuta Y, Hirano K, Natsume K, Yamada S, Kimura R, Matsumoto S, Furuichi K, Matsuda A, Shuto S.",J Med Chem,2003.0
CHEMBL1145068,1,Synthesis and pharmacological evaluation of potent and highly selective D3 receptor ligands: inhibition of cocaine-seeking behavior and the role of dopamine D3/D2 receptors.,"Campiani G, Butini S, Trotta F, Fattorusso C, Catalanotti B, Aiello F, Gemma S, Nacci V, Novellino E, Stark JA, Cagnotto A, Fumagalli E, Carnovali F, Cervo L, Mennini T.",J Med Chem,2003.0
CHEMBL1145094,1,"A novel and selective 5-HT2 receptor agonist with ocular hypotensive activity: (S)-(+)-1-(2-aminopropyl)-8,9-dihydropyrano[3,2-e]indole.","May JA, Chen HH, Rusinko A, Lynch VM, Sharif NA, McLaughlin MA.",J Med Chem,2003.0
CHEMBL1145103,1,Synthesis and structure-affinity relationship investigations of 5-heteroaryl-substituted analogues of the antipsychotic sertindole. A new class of highly selective alpha(1) adrenoceptor antagonists.,"Balle T, Perregaard J, Ramirez MT, Larsen AK, Søby KK, Liljefors T, Andersen K.",J Med Chem,2003.0
CHEMBL1145288,1,"5-substituted, 6-substituted, and unsubstituted 3-heteroaromatic pyridine analogues of nicotine as selective inhibitors of cytochrome P-450 2A6.","Denton TT, Zhang X, Cashman JR.",J Med Chem,2005.0
CHEMBL1145330,1,NMR structure of a potent small molecule inhibitor bound to human keratinocyte fatty acid-binding protein.,"McDonnell PA, Constantine KL, Goldfarb V, Johnson SR, Sulsky R, Magnin DR, Robl JA, Caulfield TJ, Parker RA, Taylor DS, Adam LP, Metzler WJ, Mueller L, Farmer BT.",J Med Chem,2006.0
CHEMBL1145498,1,A systematic interaction map of validated kinase inhibitors with Ser/Thr kinases.,"Fedorov O, Marsden B, Pogacic V, Rellos P, Müller S, Bullock AN, Schwaller J, Sundström M, Knapp S.",Proc Natl Acad Sci U S A,2007.0
CHEMBL1145574,1,Carbonic anhydrase inhibitors: Inhibition of the new membrane-associated isoform XV with phenols.,"Innocenti A, Hilvo M, Scozzafava A, Parkkila S, Supuran CT.",Bioorg Med Chem Lett,2008.0
CHEMBL1145819,1,"Higher-end serotonin receptors: 5-HT(5), 5-HT(6), and 5-HT(7).",Glennon RA.,J Med Chem,2003.0
CHEMBL1145842,1,"A selective human H(4)-receptor agonist: (-)-2-cyano-1-methyl-3-[(2R,5R)-5- [1H-imidazol-4(5)-yl]tetrahydrofuran-2-y] methylguanidine.","Hashimoto T, Harusawa S, Araki L, Zuiderveld OP, Smit MJ, Imazu T, Takashima S, Yamamoto Y, Sakamoto Y, Kurihara T, Leurs R, Bakker RA, Yamatodani A.",J Med Chem,2003.0
CHEMBL1145901,1,A novel ergot alkaloid as a 5-HT(1A) inhibitor produced by Dicyma sp.,"Vázquez MJ, Roa AM, Reyes F, Vega A, Rivera-Sagredo A, Thomas DR, Díez E, Hueso-Rodríguez JA.",J Med Chem,2003.0
CHEMBL1145948,1,Synthesis and pharmacological identification of neutral histamine H1-receptor antagonists.,"Govoni M, Bakker RA, van de Wetering I, Smit MJ, Menge WM, Timmerman H, Elz S, Schunack W, Leurs R.",J Med Chem,2003.0
CHEMBL1146093,1,Identification of ellagic acid as potent inhibitor of protein kinase CK2: a successful example of a virtual screening application.,"Cozza G, Bonvini P, Zorzi E, Poletto G, Pagano MA, Sarno S, Donella-Deana A, Zagotto G, Rosolen A, Pinna LA, Meggio F, Moro S.",J Med Chem,2006.0
CHEMBL1146098,1,Synthesis and characterization of 3-arylquinazolinone and 3-arylquinazolinethione derivatives as selective estrogen receptor beta modulators.,"Güngör T, Chen Y, Golla R, Ma Z, Corte JR, Northrop JP, Bin B, Dickson JK, Stouch T, Zhou R, Johnson SE, Seethala R, Feyen JH.",J Med Chem,2006.0
CHEMBL1146915,1,Stereochemical diversity-oriented conformational restriction strategy. Development of potent histamine H3 and/or H4 receptor antagonists with an imidazolylcyclopropane structure.,"Watanabe M, Kazuta Y, Hayashi H, Yamada S, Matsuda A, Shuto S.",J Med Chem,2006.0
CHEMBL1146943,1,"Synthesis, in vitro and in vivo evaluation of [O-methyl-11C] 2-{4-[4-(3-methoxyphenyl)piperazin-1-yl]-butyl}-4-methyl-2H-[1,2,4]-triazine-3,5-dione: a novel agonist 5-HT1A receptor PET ligand.","Prabhakaran J, Parsey RV, Majo VJ, Hsiung SC, Milak MS, Tamir H, Simpson NR, Van Heertum RL, Mann JJ, Dileep Kumar JS.",Bioorg Med Chem Lett,2006.0
CHEMBL1147037,1,Live cell monitoring of mu-opioid receptor-mediated G-protein activation reveals strong biological activity of close morphine biosynthetic precursors.,"Nikolaev VO, Boettcher C, Dees C, Bünemann M, Lohse MJ, Zenk MH.",J Biol Chem,2007.0
CHEMBL1147055,1,Noxious compounds activate TRPA1 ion channels through covalent modification of cysteines.,"Macpherson LJ, Dubin AE, Evans MJ, Marr F, Schultz PG, Cravatt BF, Patapoutian A.",Nature,2007.0
CHEMBL1147070,1,"Morin (3,5,7,2',4'-pentahydroxyflavone) exhibits potent inhibitory actions on urate transport by the human urate anion transporter (hURAT1) expressed in human embryonic kidney cells.","Yu Z, Fong WP, Cheng CH.",Drug Metab Dispos,2007.0
CHEMBL1147087,1,An antidepressant that extends lifespan in adult Caenorhabditis elegans.,"Petrascheck M, Ye X, Buck LB.",Nature,2007.0
CHEMBL1147088,1,Small molecule obatoclax (GX15-070) antagonizes MCL-1 and overcomes MCL-1-mediated resistance to apoptosis.,"Nguyen M, Marcellus RC, Roulston A, Watson M, Serfass L, Murthy Madiraju SR, Goulet D, Viallet J, Bélec L, Billot X, Acoca S, Purisima E, Wiegmans A, Cluse L, Johnstone RW, Beauparlant P, Shore GC.",Proc Natl Acad Sci U S A,2007.0
CHEMBL1147123,1,Lipoxygenase inhibitory constituents of the fruits of noni (Morinda citrifolia) collected in Tahiti.,"Deng S, Palu 'K, West BJ, Su CX, Zhou BN, Jensen JC.",J Nat Prod,2007.0
CHEMBL1147209,1,Relationship between quantum-chemical descriptors of proton dissociation and experimental acidity constants of various hydroxylated coumarins. Identification of the biologically active species for xanthine oxidase inhibition.,"Ferrari AM, Sgobba M, Gamberini MC, Rastelli G.",Eur J Med Chem,2007.0
CHEMBL1147808,1,Protein tyrosine phosphatase 1B inhibitory activity of triterpenes isolated from Astilbe koreana.,"Na M, Cui L, Min BS, Bae K, Yoo JK, Kim BY, Oh WK, Ahn JS.",Bioorg Med Chem Lett,2006.0
CHEMBL1147980,1,Nicotinic acid receptor agonists differentially activate downstream effectors.,"Richman JG, Kanemitsu-Parks M, Gaidarov I, Cameron JS, Griffin P, Zheng H, Guerra NC, Cham L, Maciejewski-Lenoir D, Behan DP, Boatman D, Chen R, Skinner P, Ornelas P, Waters MG, Wright SD, Semple G, Connolly DT.",J Biol Chem,2007.0
CHEMBL1148114,1,New antiinfective and human 5-HT2 receptor binding natural and semisynthetic compounds from the Jamaican sponge Smenospongia aurea.,"Hu JF, Schetz JA, Kelly M, Peng JN, Ang KK, Flotow H, Leong CY, Ng SB, Buss AD, Wilkins SP, Hamann MT.",J Nat Prod,2002.0
CHEMBL1148236,1,Synthesis and structure-activity relationship of 3-arylbenzoxazines as selective estrogen receptor beta agonists.,"Yang W, Wang Y, Ma Z, Golla R, Stouch T, Seethala R, Johnson S, Zhou R, Güngör T, Feyen JH, Dickson JK.",Bioorg Med Chem Lett,2004.0
CHEMBL1148243,1,Indoline derivatives as 5-HT(2C) receptor agonists.,"Bentley JM, Adams DR, Bebbington D, Benwell KR, Bickerdike MJ, Davidson JE, Dawson CE, Dourish CT, Duncton MA, Gaur S, George AR, Giles PR, Hamlyn RJ, Kennett GA, Knight AR, Malcolm CS, Mansell HL, Misra A, Monck NJ, Pratt RM, Quirk K, Roffey JR, Vickers SP, Cliffe IA.",Bioorg Med Chem Lett,2004.0
CHEMBL1148372,1,"Discovery of 2-(4-pyridin-2-ylpiperazin-1-ylmethyl)-1H-benzimidazole (ABT-724), a dopaminergic agent with a novel mode of action for the potential treatment of erectile dysfunction.","Cowart M, Latshaw SP, Bhatia P, Daanen JF, Rohde J, Nelson SL, Patel M, Kolasa T, Nakane M, Uchic ME, Miller LN, Terranova MA, Chang R, Donnelly-Roberts DL, Namovic MT, Hollingsworth PR, Martino BR, Lynch JJ, Sullivan JP, Hsieh GC, Moreland RB, Brioni JD, Stewart AO.",J Med Chem,2004.0
CHEMBL1148414,1,Conformer- and alignment-independent model for predicting structurally diverse competitive CYP2C9 inhibitors.,"Afzelius L, Zamora I, Masimirembwa CM, Karlén A, Andersson TB, Mecucci S, Baroni M, Cruciani G.",J Med Chem,2004.0
CHEMBL1148457,1,Comparative molecular active site analysis (CoMASA). 1. An approach to rapid evaluation of 3D QSAR.,"Kotani T, Higashiura K.",J Med Chem,2004.0
CHEMBL1148572,1,1-((S)-2-aminopropyl)-1H-indazol-6-ol: a potent peripherally acting 5-HT2 receptor agonist with ocular hypotensive activity.,"May JA, Dantanarayana AP, Zinke PW, McLaughlin MA, Sharif NA.",J Med Chem,2006.0
CHEMBL1148600,1,"Synthesis and in vivo validation of [O-methyl-11C]2-{4-[4-(7-methoxynaphthalen-1-yl)piperazin- 1-yl]butyl}-4-methyl-2H-[1,2,4]triazine-3,5-dione: a novel 5-HT1A receptor agonist positron emission tomography ligand.","Kumar JS, Majo VJ, Hsiung SC, Millak MS, Liu KP, Tamir H, Prabhakaran J, Simpson NR, Van Heertum RL, Mann JJ, Parsey RV.",J Med Chem,2006.0
CHEMBL1148788,1,Pharmacological characteristics and binding modes of caracurine V analogues and related compounds at the neuronal alpha7 nicotinic acetylcholine receptor.,"Jensen AA, Zlotos DP, Liljefors T.",J Med Chem,2007.0
CHEMBL1148798,1,High-efficacy 5-HT1A agonists for antidepressant treatment: a renewed opportunity.,"Maurel JL, Autin JM, Funes P, Newman-Tancredi A, Colpaert F, Vacher B.",J Med Chem,2007.0
CHEMBL1148833,1,3-Hydroxychromones as cyclin-dependent kinase inhibitors: synthesis and biological evaluation.,"Lee J, Park T, Jeong S, Kim KH, Hong C.",Bioorg Med Chem Lett,2007.0
CHEMBL1149272,1,Catecholic flavonoids acting as telomerase inhibitors.,"Menichincheri M, Ballinari D, Bargiotti A, Bonomini L, Ceccarelli W, D'Alessio R, Fretta A, Moll J, Polucci P, Soncini C, Tibolla M, Trosset JY, Vanotti E.",J Med Chem,2004.0
CHEMBL1149452,1,"Modification of estrone at the 6, 16, and 17 positions: novel potent inhibitors of 17beta-hydroxysteroid dehydrogenase type 1.","Allan GM, Lawrence HR, Cornet J, Bubert C, Fischer DS, Vicker N, Smith A, Tutill HJ, Purohit A, Day JM, Mahon MF, Reed MJ, Potter BV.",J Med Chem,2006.0
CHEMBL1150213,1,Protein-tyrosine kinase inhibition: mechanism-based discovery of antitumor agents.,"Chang CJ, Geahlen RL.",J Nat Prod,1992.0
CHEMBL1150291,1,"Discovery of potent, orally bioavailable, selective 5-HT1A/B/D receptor antagonists.","Ward SE, Eddershaw PJ, Scott CM, Gordon LJ, Lovell PJ, Moore SH, Smith PW, Starr KR, Thewlis KM, Watson JM.",J Med Chem,2008.0
CHEMBL1150345,1,Discovery of novel human histamine H4 receptor ligands by large-scale structure-based virtual screening.,"Kiss R, Kiss B, Könczöl A, Szalai F, Jelinek I, László V, Noszál B, Falus A, Keseru GM.",J Med Chem,2008.0
CHEMBL1150367,1,"High specific activity tritium-labeled N-(2-methoxybenzyl)-2,5-dimethoxy-4-iodophenethylamine (INBMeO): a high-affinity 5-HT2A receptor-selective agonist radioligand.","Nichols DE, Frescas SP, Chemel BR, Rehder KS, Zhong D, Lewin AH.",Bioorg Med Chem,2008.0
CHEMBL1150430,1,Flavonoids for controlling starch digestion: structural requirements for inhibiting human alpha-amylase.,"Lo Piparo E, Scheib H, Frei N, Williamson G, Grigorov M, Chou CJ.",J Med Chem,2008.0
CHEMBL1150432,1,"Designing selective, high affinity ligands of 5-HT1D receptor by covalent dimerization of 5-HT1F ligands derived from 4-fluoro-N-[3-(1-methyl-4-piperidinyl)-1H-indol-5-yl]benzamide.","Choi SK, Green D, Ho A, Klein U, Marquess D, Taylor R, Turner SD.",J Med Chem,2008.0
CHEMBL1150559,1,Synthesis and sar of 4-(1H-benzimidazole-2-carbonyl)piperidines with dual histamine H1/tachykinin NK1 receptor antagonist activity,"Maynard GD, Bratton LD, Kane JM, Burkholder TP, Santiago B, Stewart KT, Kudlacz EM, Shatzer SA, Knippenberg RW, Farrell AM, Logan DE",Bioorg Med Chem Lett,1997.0
CHEMBL1150666,1,Antioxidant and free-radical scavenging activity of constituents of the leaves of Tachigalia paniculata.,"Cioffi G, D'Auria M, Braca A, Mendez J, Castillo A, Morelli I, De Simone F, De Tommasi N.",J Nat Prod,2002.0
CHEMBL1150975,1,"Biochemical and three-dimensional-structural study of the specific inhibition of protein kinase CK2 by [5-oxo-5,6-dihydroindolo-(1,2-a)quinazolin-7-yl]acetic acid (IQA).","Sarno S, de Moliner E, Ruzzene M, Pagano MA, Battistutta R, Bain J, Fabbro D, Schoepfer J, Elliott M, Furet P, Meggio F, Zanotti G, Pinna LA.",Biochem J,2003.0
CHEMBL1151000,1,Novel synthetic rotenoids with blocked B/C ring systems,"Josephs JL, Casida JE",Bioorg Med Chem Lett,1992.0
CHEMBL1151225,1,New neolignans that inhibit DNA polymerase beta lyase.,"Prakash Chaturvedula VS, Hecht SM, Gao Z, Jones SH, Feng X, Kingston DG.",J Nat Prod,2004.0
CHEMBL1151260,1,Expanding the ChemGPS chemical space with natural products.,"Larsson J, Gottfries J, Bohlin L, Backlund A.",J Nat Prod,2005.0
CHEMBL1151307,1,Effects of tannins from Geum japonicum on the catalytic activity of thrombin and factor Xa of blood coagulation cascade.,"Dong H, Chen SX, Kini RM, Xu HX.",J Nat Prod,1998.0
CHEMBL1151314,1,Phenylethanoid glycosides from Digitalis purpurea and Penstemon linarioides with PKCalpha-inhibitory activity.,"Zhou BN, Bahler BD, Hofmann GA, Mattern MR, Johnson RK, Kingston DG.",J Nat Prod,1998.0
CHEMBL1151698,1,Inhibition of aldose reductase from cataracted eye lenses by finger millet (Eleusine coracana) polyphenols.,"Chethan S, Dharmesh SM, Malleshi NG.",Bioorg Med Chem,2008.0
CHEMBL1151785,1,Oleanolic acid and its derivatives: new inhibitor of protein tyrosine phosphatase 1B with cellular activities.,"Zhang YN, Zhang W, Hong D, Shi L, Shen Q, Li JY, Li J, Hu LH.",Bioorg Med Chem,2008.0
CHEMBL1152124,1,Piperidine variations in search for non-imidazole histamine H(3) receptor ligands.,"Łazewska D, Kuder K, Ligneau X, Schwartz JC, Schunack W, Stark H, Kieć-Kononowicz K.",Bioorg Med Chem,2008.0
CHEMBL1152279,1,"Acylguanidines as bioisosteres of guanidines: NG-acylated imidazolylpropylguanidines, a new class of histamine H2 receptor agonists.","Ghorai P, Kraus A, Keller M, Götte C, Igel P, Schneider E, Schnell D, Bernhardt G, Dove S, Zabel M, Elz S, Seifert R, Buschauer A.",J Med Chem,2008.0
CHEMBL1152374,1,Regioselective synthesis of methylated epigallocatechin gallate via nitrobenzenesulfonyl (Ns) protecting group.,"Aihara Y, Yoshida A, Furuta T, Wakimoto T, Akizawa T, Konishi M, Kan T.",Bioorg Med Chem Lett,2009.0
CHEMBL1152375,1,"5-N,N-Disubstituted 5-aminopyrazole-3-carboxylic acids are highly potent agonists of GPR109b.","Skinner PJ, Webb PJ, Sage CR, Dang TH, Pride CC, Chen R, Tamura SY, Richman JG, Connolly DT, Semple G.",Bioorg Med Chem Lett,2009.0
CHEMBL1152445,1,Modulation of multidrug resistance protein 1 (MRP1/ABCC1)-mediated multidrug resistance by bivalent apigenin homodimers and their derivatives.,"Wong IL, Chan KF, Tsang KH, Lam CY, Zhao Y, Chan TH, Chow LM.",J Med Chem,2009.0
CHEMBL1152622,1,"2,4-Diaminopyrimidines as histamine H4 receptor ligands--Scaffold optimization and pharmacological characterization.","Sander K, Kottke T, Tanrikulu Y, Proschak E, Weizel L, Schneider EH, Seifert R, Schneider G, Stark H.",Bioorg Med Chem,2009.0
CHEMBL1152899,1,Synthesis and preliminary screening of novel indole-3-methanamines as 5-HT4 receptor ligands.,"Hanna-Elias A, Manallack DT, Berque-Bestel I, Irving HR, Coupar IM, Iskander MN.",Eur J Med Chem,2009.0
CHEMBL1152940,1,"N-Substituted-2-alkyl- and 2-arylnorapomorphines: novel, highly active D2 agonists.","Herm L, Berényi S, Vonk A, Rinken A, Sipos A.",Bioorg Med Chem,2009.0
CHEMBL1153076,1,Effect of flavonoids on androgen and glucocorticoid receptors based on in vitro reporter gene assay.,"Nishizaki Y, Ishimoto Y, Hotta Y, Hosoda A, Yoshikawa H, Akamatsu M, Tamura H.",Bioorg Med Chem Lett,2009.0
CHEMBL1153105,1,Interaction studies between human alpha-tocopherol transfer protein and nitric oxide donor tocopherol analogues with LDL-protective activity.,"López GV, Gómez LE, Campillo N, Páez JA, Giles K, Atkinson J, González M, Rubbo H, Cerecetto H.",Bioorg Med Chem,2009.0
CHEMBL1153277,1,Gamma-lactams--a novel scaffold for highly potent and selective alpha 7 nicotinic acetylcholine receptor agonists.,"Enz A, Feuerbach D, Frederiksen MU, Gentsch C, Hurth K, Müller W, Nozulak J, Roy BL.",Bioorg Med Chem Lett,2009.0
CHEMBL1153342,1,Hit to lead account of the discovery of a new class of inhibitors of Pim kinases and crystallographic studies revealing an unusual kinase binding mode.,"Qian K, Wang L, Cywin CL, Farmer BT, Hickey E, Homon C, Jakes S, Kashem MA, Lee G, Leonard S, Li J, Magboo R, Mao W, Pack E, Peng C, Prokopowicz A, Welzel M, Wolak J, Morwick T.",J Med Chem,2009.0
CHEMBL1153382,1,Selective 5-hydroxytryptamine 2C receptor agonists derived from the lead compound tranylcypromine: identification of drugs with antidepressant-like action.,"Cho SJ, Jensen NH, Kurome T, Kadari S, Manzano ML, Malberg JE, Caldarone B, Roth BL, Kozikowski AP.",J Med Chem,2009.0
CHEMBL1153419,1,N(G)-acylated imidazolylpropylguanidines as potent histamine H4 receptor agonists: selectivity by variation of the N(G)-substituent.,"Igel P, Schneider E, Schnell D, Elz S, Seifert R, Buschauer A.",J Med Chem,2009.0
CHEMBL1153441,1,Synthesis of new serotonin 5-HT7 receptor ligands. Determinants of 5-HT7/5-HT1A receptor selectivity.,"Medina RA, Sallander J, Benhamú B, Porras E, Campillo M, Pardo L, López-Rodríguez ML.",J Med Chem,2009.0
CHEMBL1153774,1,Chemical constituents from the aerial parts of Artemisia minor.,"He ZZ, Yan JF, Song ZJ, Ye F, Liao X, Peng SL, Ding LS.",J Nat Prod,2009.0
CHEMBL1153819,1,"Use of acetylcholine binding protein in the search for novel alpha7 nicotinic receptor ligands. In silico docking, pharmacological screening, and X-ray analysis.","Ulens C, Akdemir A, Jongejan A, van Elk R, Bertrand S, Perrakis A, Leurs R, Smit AB, Sixma TK, Bertrand D, de Esch IJ.",J Med Chem,2009.0
CHEMBL1153823,1,"Design, synthesis, and biological evaluation of new 5-HT4 receptor agonists: application as amyloid cascade modulators and potential therapeutic utility in Alzheimer's disease.","Russo O, Cachard-Chastel M, Rivière C, Giner M, Soulier JL, Berthouze M, Richard T, Monti JP, Sicsic S, Lezoualc'h F, Berque-Bestel I.",J Med Chem,2009.0
CHEMBL1153892,1,"Bioactivities of simplified adociaquinone B and naphthoquinone derivatives against Cdc25B, MKP-1, and MKP-3 phosphatases.","Cao S, Murphy BT, Foster C, Lazo JS, Kingston DG.",Bioorg Med Chem,2009.0
CHEMBL1153923,1,Carbonic anhydrase inhibitors. Inhibition of human erythrocyte isozymes I and II with a series of antioxidant phenols.,"Sentürk M, Gülçin I, Daştan A, Küfrevioğlu OI, Supuran CT.",Bioorg Med Chem,2009.0
CHEMBL1153930,1,"(-)-Dibromophakellin: an alpha2B adrenoceptor agonist isolated from the Australian marine sponge, Acanthella costata.","Davis RA, Fechner GA, Sykes M, Garavelas A, Pass DM, Carroll AR, Addepalli R, Avery VM, Hooper JN, Quinn RJ.",Bioorg Med Chem,2009.0
CHEMBL1154108,1,'Click' D(1) receptor agonists with a 5-HT(1A) receptor pharmacophore producing D(2) receptor activity.,"Zhang J, Zhang H, Cai W, Yu L, Zhen X, Zhang A.",Bioorg Med Chem,2009.0
CHEMBL1154233,1,Minor furanocoumarins and coumarins in grapefruit peel oil as inhibitors of human cytochrome P450 3A4.,"César TB, Manthey JA, Myung K.",J Nat Prod,2009.0
CHEMBL1154243,1,Chemical Constituents of the Roots of Euphorbia micractina.,"Xu W, Zhu C, Cheng W, Fan X, Chen X, Yang S, Guo Y, Ye F, Shi J.",J Nat Prod,2009.0
CHEMBL1154311,1,Isolation of the protein tyrosine phosphatase 1B inhibitory metabolite from the marine-derived fungus Cosmospora sp. SF-5060.,"Seo C, Sohn JH, Oh H, Kim BY, Ahn JS.",Bioorg Med Chem Lett,2009.0
CHEMBL1154365,1,"Structure-based design, synthesis and in vitro characterization of potent 17beta-hydroxysteroid dehydrogenase type 1 inhibitors based on 2-substitutions of estrone and D-homo-estrone.","Möller G, Deluca D, Gege C, Rosinus A, Kowalik D, Peters O, Droescher P, Elger W, Adamski J, Hillisch A.",Bioorg Med Chem Lett,2009.0
CHEMBL1154469,1,Design and synthesis of bisubstrate inhibitors of type 1 17beta-hydroxysteroid dehydrogenase: overview and perspectives.,"Fournier D, Poirier D, Mazumdar M, Lin SX.",Eur J Med Chem,2008.0
CHEMBL1154617,1,"Synthesis and biological evaluation of 17beta-hydroxysteroid dehydrogenase type 1 (17beta-HSD1) inhibitors based on a thieno[2,3-d]pyrimidin-4(3H)-one core.","Lilienkampf A, Karkola S, Alho-Richmond S, Koskimies P, Johansson N, Huhtinen K, Vihko K, Wähälä K.",J Med Chem,2009.0
CHEMBL1154634,1,Tea catechins inhibit hepatocyte growth factor receptor (MET kinase) activity in human colon cancer cells: kinetic and molecular docking studies.,"Larsen CA, Bisson WH, Dashwood RH.",J Med Chem,2009.0
CHEMBL1154642,1,Synthesis and biological evaluation of heterocyclic ring-substituted maslinic acid derivatives as novel inhibitors of protein tyrosine phosphatase 1B.,"Qiu WW, Shen Q, Yang F, Wang B, Zou H, Li JY, Li J, Tang J.",Bioorg Med Chem Lett,2009.0
CHEMBL1154681,1,Structural aspects of flavonoids as inhibitors of human butyrylcholinesterase.,"Katalinić M, Rusak G, Domaćinović Barović J, Sinko G, Jelić D, Antolović R, Kovarik Z.",Eur J Med Chem,2010.0
CHEMBL1155111,1,"Identification of a potent, selective, and orally active leukotriene a4 hydrolase inhibitor with anti-inflammatory activity.","Grice CA, Tays KL, Savall BM, Wei J, Butler CR, Axe FU, Bembenek SD, Fourie AM, Dunford PJ, Lundeen K, Coles F, Xue X, Riley JP, Williams KN, Karlsson L, Edwards JP.",J Med Chem,2008.0
CHEMBL1155229,1,Physical binding pocket induction for affinity prediction.,"Langham JJ, Cleves AE, Spitzer R, Kirshner D, Jain AN.",J Med Chem,2009.0
CHEMBL1155313,1,Inhibitory effect of chalcones and their derivatives from Glycyrrhiza inflata on protein tyrosine phosphatase 1B.,"Yoon G, Lee W, Kim SN, Cheon SH.",Bioorg Med Chem Lett,2009.0
CHEMBL1155340,1,Discovery of a novel azepine series of potent and selective 5-HT2C agonists as potential treatments for urinary incontinence.,"Brennan PE, Whitlock GA, Ho DK, Conlon K, McMurray G.",Bioorg Med Chem Lett,2009.0
CHEMBL1155429,1,Discovery of a biaryl cyclohexene carboxylic acid (MK-6892): a potent and selective high affinity niacin receptor full agonist with reduced flushing profiles in animals as a preclinical candidate.,"Shen HC, Ding FX, Raghavan S, Deng Q, Luell S, Forrest MJ, Carballo-Jane E, Wilsie LC, Krsmanovic ML, Taggart AK, Wu KK, Wu TJ, Cheng K, Ren N, Cai TQ, Chen Q, Wang J, Wolff MS, Tong X, Holt TG, Waters MG, Hammond ML, Tata JR, Colletti SL.",J Med Chem,2010.0
CHEMBL1155439,1,Transient receptor potential ankyrin 1 (TRPA1) channel as emerging target for novel analgesics and anti-inflammatory agents.,"Baraldi PG, Preti D, Materazzi S, Geppetti P.",J Med Chem,2010.0
CHEMBL1155464,1,Potent tricyclic pyrazole tetrazole agonists of the nicotinic acid receptor (GPR109a).,"Boatman PD, Schrader TO, Kasem M, Johnson BR, Skinner PJ, Jung JK, Xu J, Cherrier MC, Webb PJ, Semple G, Sage CR, Knudsen J, Chen R, Taggart AK, Carballo-Jane E, Richman JG.",Bioorg Med Chem Lett,2010.0
CHEMBL1155499,1,Agonist/antagonist modulation in a series of 2-aryl benzimidazole H4 receptor ligands.,"Savall BM, Edwards JP, Venable JD, Buzard DJ, Thurmond R, Hack M, McGovern P.",Bioorg Med Chem Lett,2010.0
CHEMBL1155532,1,Discovery of highly selective inhibitors of human fatty acid binding protein 4 (FABP4) by virtual screening.,"Cai H, Yan G, Zhang X, Gorbenko O, Wang H, Zhu W.",Bioorg Med Chem Lett,2010.0
CHEMBL1155782,1,Carbonic anhydrase inhibitors: inhibition of mammalian isoforms I-XIV with a series of substituted phenols including paracetamol and salicylic acid.,"Innocenti A, Vullo D, Scozzafava A, Supuran CT.",Bioorg Med Chem,2008.0
CHEMBL1155814,1,Structure-activity correlations for beta-phenethylamines at human trace amine receptor 1.,"Lewin AH, Navarro HA, Mascarella SW.",Bioorg Med Chem,2008.0
CHEMBL1156122,1,Protein tyrosine phosphatase 1B inhibitors isolated from Morus bombycis.,"Hoang DM, Ngoc TM, Dat NT, Ha do T, Kim YH, Luong HV, Ahn JS, Bae K.",Bioorg Med Chem Lett,2009.0
CHEMBL1156568,1,"3-(1H-tetrazol-5-yl)-1,4,5,6-tetrahydro-cyclopentapyrazole (MK-0354): a partial agonist of the nicotinic acid receptor, G-protein coupled receptor 109a, with antilipolytic but no vasodilatory activity in mice.","Semple G, Skinner PJ, Gharbaoui T, Shin YJ, Jung JK, Cherrier MC, Webb PJ, Tamura SY, Boatman PD, Sage CR, Schrader TO, Chen R, Colletti SL, Tata JR, Waters MG, Cheng K, Taggart AK, Cai TQ, Carballo-Jane E, Behan DP, Connolly DT, Richman JG.",J Med Chem,2008.0
CHEMBL1156709,1,Evaluation of ursolic acid isolated from Ilex paraguariensis and derivatives on aromatase inhibition.,"Gnoatto SC, Dassonville-Klimpt A, Da Nascimento S, Galéra P, Boumediene K, Gosmann G, Sonnet P, Moslemi S.",Eur J Med Chem,2008.0
CHEMBL1156761,1,"Structure-activity relationship study of betulinic acid, a novel and selective TGR5 agonist, and its synthetic derivatives: potential impact in diabetes.","Genet C, Strehle A, Schmidt C, Boudjelal G, Lobstein A, Schoonjans K, Souchet M, Auwerx J, Saladin R, Wagner A.",J Med Chem,2010.0
CHEMBL1156762,1,Deciphering the mechanism of carbonic anhydrase inhibition with coumarins and thiocoumarins.,"Maresca A, Temperini C, Pochet L, Masereel B, Scozzafava A, Supuran CT.",J Med Chem,2010.0
CHEMBL1156911,1,11beta-Hydroxysteroid dehydrogenase 1 inhibiting constituents from Eriobotrya japonica revealed by bioactivity-guided isolation and computational approaches.,"Rollinger JM, Kratschmar DV, Schuster D, Pfisterer PH, Gumy C, Aubry EM, Brandstötter S, Stuppner H, Wolber G, Odermatt A.",Bioorg Med Chem,2010.0
CHEMBL1157025,1,"Evaluation of aldose reductase inhibition and docking studies of 6'-nitro and 6',6''-dinitrorosmarinic acids.","Koukoulitsa C, Bailly F, Pegklidou K, Demopoulos VJ, Cotelle P.",Eur J Med Chem,2010.0
CHEMBL1157146,1,Structure-activity relationship of human GLO I inhibitory natural flavonoids and their growth inhibitory effects.,"Takasawa R, Takahashi S, Saeki K, Sunaga S, Yoshimori A, Tanuma S.",Bioorg Med Chem,2008.0
CHEMBL1157216,1,A common protein fold topology shared by flavonoid biosynthetic enzymes and therapeutic targets.,"McArdle BM, Campitelli MR, Quinn RJ.",J Nat Prod,2006.0
CHEMBL1157348,1,The alkaloid conessine and analogues as potent histamine H3 receptor antagonists.,"Zhao C, Sun M, Bennani YL, Gopalakrishnan SM, Witte DG, Miller TR, Krueger KM, Browman KE, Thiffault C, Wetter J, Marsh KC, Hancock AA, Esbenshade TA, Cowart MD.",J Med Chem,2008.0
CHEMBL1157393,1,Selective inhibition of aromatase by a dihydroisocoumarin from Xyris pterygoblephara.,"Endringer DC, Guimarães KG, Kondratyuk TP, Pezzuto JM, Braga FC.",J Nat Prod,2008.0
CHEMBL1157467,1,Discovery of nonsteroidal 17beta-hydroxysteroid dehydrogenase 1 inhibitors by pharmacophore-based screening of virtual compound libraries.,"Schuster D, Nashev LG, Kirchmair J, Laggner C, Wolber G, Langer T, Odermatt A.",J Med Chem,2008.0
CHEMBL1157469,1,Characterization of the drug binding specificity of rat liver fatty acid binding protein.,"Chuang S, Velkov T, Horne J, Porter CJ, Scanlon MJ.",J Med Chem,2008.0
CHEMBL1157569,1,"Discovery of 4-(4-(2-((5-Hydroxy-1,2,3,4-tetrahydronaphthalen-2-yl)(propyl)amino)ethyl)piperazin-1-yl)quinolin-8-ol and its analogues as highly potent dopamine D2/D3 agonists and as iron chelator: in vivo activity indicates potential application in symptomatic and neuroprotective therapy for Parkinson's disease.","Ghosh B, Antonio T, Reith ME, Dutta AK.",J Med Chem,2010.0
CHEMBL1157594,1,"Synthesis and evaluation of a set of 4-phenylpiperidines and 4-phenylpiperazines as D2 receptor ligands and the discovery of the dopaminergic stabilizer 4-[3-(methylsulfonyl)phenyl]-1-propylpiperidine (huntexil, pridopidine, ACR16).","Pettersson F, Pontén H, Waters N, Waters S, Sonesson C.",J Med Chem,2010.0
CHEMBL1157614,1,5-Cyclic amine-3-arylsulfonylindazoles as novel 5-HT6 receptor antagonists.,"Haydar SN, Yun H, Andrae PM, Mattes J, Zhang J, Kramer A, Smith DL, Huselton C, Graf R, Aschmies S, Schechter LE, Comery TA, Robichaud AJ.",J Med Chem,2010.0
CHEMBL1157641,1,Carbonic anhydrase inhibitors. Inhibition of mammalian isoforms I-XIV with a series of natural product polyphenols and phenolic acids.,"Innocenti A, Beyza Oztürk Sarikaya S, Gülçin I, Supuran CT.",Bioorg Med Chem,2010.0
CHEMBL1157752,1,Lessons learned from herbal medicinal products: the example of St. John's Wort (perpendicular).,"Nahrstedt A, Butterweck V.",J Nat Prod,2010.0
CHEMBL1157755,1,Chiral NG-acylated hetarylpropylguanidine-type histamine H2 receptor agonists do not show significant stereoselectivity.,"Ghorai P, Kraus A, Birnkammer T, Geyer R, Bernhardt G, Dove S, Seifert R, Elz S, Buschauer A.",Bioorg Med Chem Lett,2010.0
CHEMBL1157768,1,Pharmacophore modeling strategies for the development of novel nonsteroidal inhibitors of human aromatase (CYP19).,"Muftuoglu Y, Mustata G.",Bioorg Med Chem Lett,2010.0
CHEMBL1157931,1,Identification of serotonin 5-HT1A receptor partial agonists in ginger.,"Nievergelt A, Huonker P, Schoop R, Altmann KH, Gertsch J.",Bioorg Med Chem,2010.0
CHEMBL1158008,1,New bioactive flavonoids and stilbenes in cubé resin insecticide.,"Fang N, Casida JE.",J Nat Prod,1999.0
CHEMBL1158055,1,"Grandisines C-G, indolizidine alkaloids from the Australian rainforest tree Elaeocarpus grandis.","Katavic PL, Venables DA, Forster PI, Guymer G, Carroll AR.",J Nat Prod,2006.0
CHEMBL1158075,1,Brominated cyclodipeptides from the marine sponge Geodia barretti as selective 5-HT ligands.,"Hedner E, Sjögren M, Frändberg PA, Johansson T, Göransson U, Dahlström M, Jonsson P, Nyberg F, Bohlin L.",J Nat Prod,2006.0
CHEMBL1158318,1,Two 5-HT 1A Receptor-Interactive Tryptamine Derivatives from the Unripe Fruit of Evodia rutaecarpa,"Yu L, Ho L, Liao J, Chen C",J Nat Prod,1997.0
CHEMBL1158361,1,Discovering novel quercetin-3-O-amino acid-esters as a new class of Src tyrosine kinase inhibitors.,"Huang H, Jia Q, Ma J, Qin G, Chen Y, Xi Y, Lin L, Zhu W, Ding J, Jiang H, Liu H.",Eur J Med Chem,2009.0
CHEMBL1158577,1,Role of hydrophobic substituents on the terminal nitrogen of histamine in receptor binding and agonist activity: development of an orally active histamine type 3 receptor agonist and evaluation of its antistress activity in mice.,"Ishikawa M, Shinei R, Yokoyama F, Yamauchi M, Oyama M, Okuma K, Nagayama T, Kato K, Kakui N, Sato Y.",J Med Chem,2010.0
CHEMBL1158624,1,Prenylcoumarin with Rev-export inhibitory activity from Cnidii Monnieris Fructus.,"Tamura S, Fujitani T, Kaneko M, Murakami N.",Bioorg Med Chem Lett,2010.0
CHEMBL1158716,1,Sesquiterpenoids and plasmin-inhibitory flavonoids from Blumea balsamifera.,"Osaki N, Koyano T, Kowithayakorn T, Hayashi M, Komiyama K, Ishibashi M.",J Nat Prod,2005.0
CHEMBL1158850,1,Structure-activity relationship and classification of flavonoids as inhibitors of xanthine oxidase and superoxide scavengers.,"Cos P, Ying L, Calomme M, Hu JP, Cimanga K, Van Poel B, Pieters L, Vlietinck AJ, Vanden Berghe D.",J Nat Prod,1998.0
CHEMBL1159019,1,"A strategy for identifying novel, mechanistically unique inhibitors of topoisomerase I.","Hecht SM, Berry DE, MacKenzie LJ, Busby RW, Nasuti CA.",J Nat Prod,1992.0
CHEMBL1159064,1,Synthesis of dihydrofuroaporphine derivatives: identification of a potent and selective serotonin 5-HT 1A receptor agonist.,"Liu Z, Zhang H, Ye N, Zhang J, Wu Q, Sun P, Li L, Zhen X, Zhang A.",J Med Chem,2010.0
CHEMBL1159098,1,"A new series of flavones, thioflavones, and flavanones as selective monoamine oxidase-B inhibitors.","Chimenti F, Fioravanti R, Bolasco A, Chimenti P, Secci D, Rossi F, Yáñez M, Orallo F, Ortuso F, Alcaro S, Cirilli R, Ferretti R, Sanna ML.",Bioorg Med Chem,2010.0
CHEMBL1159127,1,beta-Naphthoflavone analogs as potent and soluble aryl hydrocarbon receptor agonists: improvement of solubility by disruption of molecular planarity.,"Fujita Y, Yonehara M, Tetsuhashi M, Noguchi-Yachide T, Hashimoto Y, Ishikawa M.",Bioorg Med Chem,2010.0
CHEMBL1159364,1,Inhibition of [3H]-LSD binding to 5-HT7 receptors by flavonoids from Scutellaria lateriflora.,"Gafner S, Bergeron C, Batcha LL, Reich J, Arnason JT, Burdette JE, Pezzuto JM, Angerhofer CK.",J Nat Prod,2003.0
CHEMBL1201862,7,PubChem BioAssay data set,,,
CHEMBL1208740,1,beta-Secretase (BACE-1) inhibitory effect of biflavonoids.,"Sasaki H, Miki K, Kinoshita K, Koyama K, Juliawaty LD, Achmad SA, Hakim EH, Kaneda M, Takahashi K.",Bioorg Med Chem Lett,2010.0
CHEMBL1208792,1,A novel series of [3.2.1] azabicyclic biaryl ethers as alpha3beta4 and alpha6/4beta4 nicotinic receptor agonists.,"Lowe JA, DeNinno SL, Coe JW, Zhang L, Mente S, Hurst RS, Mather RJ, Ward KM, Shrikhande A, Rollema H, Johnson DE, Horner W, Gorczyca R, Tingley FD, Kozak R, Majchrzak MJ, Tritto T, Sadlier J, Shaffer CL, Ellerbrock B, Osgood SM, MacDougall MC, McDowell LL.",Bioorg Med Chem Lett,2010.0
CHEMBL1221287,1,Carbonic anhydrase inhibitors. Antioxidant polyphenols effectively inhibit mammalian isoforms I-XV.,"Innocenti A, Gülçin I, Scozzafava A, Supuran CT.",Bioorg Med Chem Lett,2010.0
CHEMBL1221335,1,Selective inhibition of methoxyflavonoids on human CYP1B1 activity.,"Takemura H, Itoh T, Yamamoto K, Sakakibara H, Shimoi K.",Bioorg Med Chem,2010.0
CHEMBL1221364,1,Facile synthesis of octahydrobenzo[h]isoquinolines: novel and highly potent D1 dopamine agonists.,"Bonner LA, Chemel BR, Watts VJ, Nichols DE.",Bioorg Med Chem,2010.0
CHEMBL1240477,1,"Discovery of novel CDK1 inhibitors by combining pharmacophore modeling, QSAR analysis and in silico screening followed by in vitro bioassay.","Al-Sha'er MA, Taha MO.",Eur J Med Chem,2010.0
CHEMBL1240489,1,"Discovery of N-{1-[3-(3-oxo-2,3-dihydrobenzo[1,4]oxazin-4-yl)propyl]piperidin-4-yl}-2-phenylacetamide (Lu AE51090): an allosteric muscarinic M1 receptor agonist with unprecedented selectivity and procognitive potential.","Sams AG, Hentzer M, Mikkelsen GK, Larsen K, Bundgaard C, Plath N, Christoffersen CT, Bang-Andersen B.",J Med Chem,2010.0
CHEMBL1240523,1,Small-molecule inhibitors of NADPH oxidase 4.,"Borbély G, Szabadkai I, Horváth Z, Markó P, Varga Z, Breza N, Baska F, Vántus T, Huszár M, Geiszt M, Hunyady L, Buday L, Orfi L, Kéri G.",J Med Chem,2010.0
CHEMBL1250526,1,"Delphinidin, a dietary anthocyanidin in berry fruits, inhibits human glyoxalase I.","Takasawa R, Saeki K, Tao A, Yoshimori A, Uchiro H, Fujiwara M, Tanuma S.",Bioorg Med Chem,2010.0
CHEMBL1255197,1,Surface plasmon resonance biosensor based fragment screening using acetylcholine binding protein identifies ligand efficiency hot spots (LE hot spots) by deconstruction of nicotinic acetylcholine receptor α7 ligands.,"de Kloe GE, Retra K, Geitmann M, Källblad P, Nahar T, van Elk R, Smit AB, van Muijlwijk-Koezen JE, Leurs R, Irth H, Danielson UH, de Esch IJ.",J Med Chem,2010.0
CHEMBL1255203,1,"Isoform-selective inhibition of chrysin towards human cytochrome P450 1A2. Kinetics analysis, molecular docking, and molecular dynamics simulations.","He L, He F, Bi H, Li J, Zeng S, Luo HB, Huang M.",Bioorg Med Chem Lett,2010.0
CHEMBL1255565,1,"Analogues of morphanthridine and the tear gas dibenz[b,f][1,4]oxazepine (CR) as extremely potent activators of the human transient receptor potential ankyrin 1 (TRPA1) channel.","Gijsen HJ, Berthelot D, Zaja M, Brône B, Geuens I, Mercken M.",J Med Chem,2010.0
CHEMBL1287707,1,Virtual screening against nuclear factor κB (NF-κB) of a focus library: Identification of bioactive furocoumarin derivatives inhibiting NF-κB dependent biological functions involved in cystic fibrosis.,"Piccagli L, Borgatti M, Nicolis E, Bianchi N, Mancini I, Lampronti I, Vevaldi D, Dall'Acqua F, Cabrini G, Gambari R.",Bioorg Med Chem,2010.0
CHEMBL1287777,1,"7,8-disubstituted- but not 6,7-disubstituted coumarins selectively inhibit the transmembrane, tumor-associated carbonic anhydrase isoforms IX and XII over the cytosolic ones I and II in the low nanomolar/subnanomolar range.","Maresca A, Scozzafava A, Supuran CT.",Bioorg Med Chem Lett,2010.0
CHEMBL1629428,1,Histamine H4 receptor agonists.,"Igel P, Dove S, Buschauer A.",Bioorg Med Chem Lett,2010.0
CHEMBL1641372,1,Novel serotonin type 3 receptor partial agonists for the potential treatment of irritable bowel syndrome.,"Manning DD, Cioffi CL, Usyatinsky A, Fitzpatrick K, Masih L, Guo C, Zhang Z, Choo SH, Sikkander MI, Ryan KN, Naginskaya J, Hassler C, Dobritsa S, Wierschke JD, Earley WG, Butler AS, Brady CA, Barnes NM, Cohen ML, Guzzo PR.",Bioorg Med Chem Lett,2011.0
CHEMBL1649352,1,Catechin derivatives from Parapiptadenia rigida with in vitro wound-healing properties.,"Schmidt CA, Murillo R, Bruhn T, Bringmann G, Goettert M, Heinzmann B, Brecht V, Laufer SA, Merfort I.",J Nat Prod,2010.0
CHEMBL1667841,1,Furoxan nitric oxide donor coupled chrysin derivatives: synthesis and vasculoprotection.,"Zou XQ, Peng SM, Hu CP, Tan LF, Deng HW, Li YJ.",Bioorg Med Chem Lett,2011.0
CHEMBL1667850,1,"Indol-2-yl ethanones as novel indoleamine 2,3-dioxygenase (IDO) inhibitors.","Dolušić E, Larrieu P, Blanc S, Sapunaric F, Norberg B, Moineaux L, Colette D, Stroobant V, Pilotte L, Colau D, Ferain T, Fraser G, Galleni M, Frère JM, Masereel B, Van den Eynde B, Wouters J, Frédérick R.",Bioorg Med Chem,2011.0
CHEMBL1667861,1,"Kinetic and docking studies of phenol-based inhibitors of carbonic anhydrase isoforms I, II, IX and XII evidence a new binding mode within the enzyme active site.","Durdagi S, Şentürk M, Ekinci D, Balaydın HT, Göksu S, Küfrevioğlu Öİ, Innocenti A, Scozzafava A, Supuran CT.",Bioorg Med Chem,2011.0
CHEMBL1671826,1,Effect of Inhibiting Histone Deacetylase with Short-Chain Carboxylic Acids and Their Hydroxamic Acid Analogs on Vertebrate Development and Neuronal Chromatin.,"Fass DM, Shah R, Ghosh B, Hennig K, Norton S, Zhao WN, Reis SA, Klein PS, Mazitschek R, Maglathlin RL, Lewis TA, Haggarty SJ.",ACS Med Chem Lett,2011.0
CHEMBL1671841,1,Discovery of a potent nicotinic Acid receptor agonist for the treatment of dyslipidemia.,"Qin J, Rao A, Chen X, Zhu X, Liu Z, Huang X, Degrado S, Huang Y, Xiao D, Aslanian R, Cheewatrakoolpong B, Zhang H, Greenfeder S, Farley C, Cook J, Kurowski S, Li Q, van Heek M, Chintala M, Wang G, Hsieh Y, Li F, Palani A.",ACS Med Chem Lett,2011.0
CHEMBL1681785,1,Structure-activity relationships of flavonoids as inhibitors of breast cancer resistance protein (BCRP).,"Pick A, Müller H, Mayer R, Haenisch B, Pajeva IK, Weigt M, Bönisch H, Müller CE, Wiese M.",Bioorg Med Chem,2011.0
CHEMBL1687875,1,Flavonoids from eight tropical plant species that inhibit the multidrug resistance transporter ABCG2.,"Versiani MA, Diyabalanage T, Ratnayake R, Henrich CJ, Bates SE, McMahon JB, Gustafson KR.",J Nat Prod,2011.0
CHEMBL1687932,1,Triazole ligands reveal distinct molecular features that induce histamine H4 receptor affinity and subtly govern H4/H3 subtype selectivity.,"Wijtmans M, de Graaf C, de Kloe G, Istyastono EP, Smit J, Lim H, Boonnak R, Nijmeijer S, Smits RA, Jongejan A, Zuiderveld O, de Esch IJ, Leurs R.",J Med Chem,2011.0
CHEMBL1743341,1,Cytochrome p450 enzymes mechanism based inhibitors: common sub-structures and reactivity.,"Fontana E, Dansette PM, Poli SM.",Curr Drug Metab,2005.0
CHEMBL1759976,1,Carbonic anhydrase inhibitors. Inhibition of the β-class enzymes from the fungal pathogens Candida albicans and Cryptococcus neoformans with branched aliphatic/aromatic carboxylates and their derivatives.,"Carta F, Innocenti A, Hall RA, Mühlschlegel FA, Scozzafava A, Supuran CT.",Bioorg Med Chem Lett,2011.0
CHEMBL1770096,1,Structure-activity relationships of trans-substituted-propenoic acid derivatives on the nicotinic acid receptor HCA2 (GPR109A).,"van Veldhoven JP, Blad CC, Artsen CM, Klopman C, Wolfram DR, Abdelkadir MJ, Lane JR, Brussee J, Ijzerman AP.",Bioorg Med Chem Lett,2011.0
CHEMBL1777768,1,Comparative CYP1A1 and CYP1B1 substrate and inhibitor profile of dietary flavonoids.,"Androutsopoulos VP, Papakyriakou A, Vourloumis D, Spandidos DA.",Bioorg Med Chem,2011.0
CHEMBL1795225,1,Flavonoids as inhibitors of human CD38.,"Kellenberger E, Kuhn I, Schuber F, Muller-Steffner H.",Bioorg Med Chem Lett,2011.0
CHEMBL1795231,1,Inhibitors of histone demethylases.,"Lohse B, Kristensen JL, Kristensen LH, Agger K, Helin K, Gajhede M, Clausen RP.",Bioorg Med Chem,2011.0
CHEMBL1799986,1,In vitro inhibition of α-carbonic anhydrase isozymes by some phenolic compounds.,"Oztürk Sarikaya SB, Topal F, Sentürk M, Gülçin I, Supuran CT.",Bioorg Med Chem Lett,2011.0
CHEMBL1800068,1,Fenretinide derivatives act as disrupters of interactions of serum retinol binding protein (sRBP) with transthyretin and the sRBP receptor.,"Campos-Sandoval JA, Redondo C, Kinsella GK, Pal A, Jones G, Eyre GS, Hirst SC, Findlay JB.",J Med Chem,2011.0
CHEMBL1811872,1,"Tryptophan 2,3-dioxygenase (TDO) inhibitors. 3-(2-(pyridyl)ethenyl)indoles as potential anticancer immunomodulators.","Dolusić E, Larrieu P, Moineaux L, Stroobant V, Pilotte L, Colau D, Pochet L, Van den Eynde B, Masereel B, Wouters J, Frédérick R.",J Med Chem,2011.0
CHEMBL1817669,1,"Design and pharmacological evaluation of PF-4840154, a non-electrophilic reference agonist of the TrpA1 channel.","Ryckmans T, Aubdool AA, Aubdool AA, Bodkin JV, Cox P, Brain SD, Dupont T, Fairman E, Hashizume Y, Ishii N, Kato T, Kitching L, Newman J, Omoto K, Rawson D, Strover J.",Bioorg Med Chem Lett,2011.0
CHEMBL1821584,1,"Docking and 3D-QSAR (quantitative structure activity relationship) studies of flavones, the potent inhibitors of p-glycoprotein targeting the nucleotide binding domain.","Kothandan G, Gadhe CG, Madhavan T, Choi CH, Cho SJ.",Eur J Med Chem,2011.0
CHEMBL1821688,1,Synthesis and biological evaluation of (±)-3-(2-(2-fluorobenzyloxy) naphthalen-6-yl)-2-aminopropanoic acid derivatives as novel PTP1B inhibitors.,"Sun LP, Shen Q, Piao HH, Ma WP, Gao LX, Zhang W, Nan FJ, Li J, Piao HR.",Eur J Med Chem,2011.0
CHEMBL1828593,1,Acetylcholine binding protein (AChBP) as template for hierarchical in silico screening procedures to identify structurally novel ligands for the nicotinic receptors.,"Akdemir A, Rucktooa P, Jongejan A, Elk Rv, Bertrand S, Sixma TK, Bertrand D, Smit AB, Leurs R, de Graaf C, de Esch IJ.",Bioorg Med Chem,2011.0
CHEMBL1909046,15,DrugMatrix in vitro pharmacology data,"Scott S. Auerbach, DrugMatrix¨ and ToxFX¨ Coordinator National Toxicology Program",,
CHEMBL1914395,1,"Design, synthesis, and biological evaluation of callophycin A and analogues as potential chemopreventive and anticancer agents.","Shen L, Park EJ, Kondratyuk TP, Guendisch D, Marler L, Pezzuto JM, Wright AD, Sun D.",Bioorg Med Chem,2011.0
CHEMBL1921699,1,Cucurbitane glucosides from the root of Machilus yaoshansis.,"Gan M, Liu M, Liu B, Lin S, Zhang Y, Zi J, Song W, Ye F, Chen X, Shi J.",J Nat Prod,2011.0
CHEMBL1921707,1,Molecular determinants of ligand binding modes in the histamine H(4) receptor: linking ligand-based three-dimensional quantitative structure-activity relationship (3D-QSAR) models to in silico guided receptor mutagenesis studies.,"Istyastono EP, Nijmeijer S, Lim HD, van de Stolpe A, Roumen L, Kooistra AJ, Vischer HF, de Esch IJ, Leurs R, de Graaf C.",J Med Chem,2011.0
CHEMBL1926587,1,"Molecular insights into human monoamine oxidase (MAO) inhibition by 1,4-naphthoquinone: evidences for menadione (vitamin K3) acting as a competitive and reversible inhibitor of MAO.","Coelho Cerqueira E, Netz PA, Diniz C, Petry do Canto V, Follmer C.",Bioorg Med Chem,2011.0
CHEMBL1932923,1,Structure-activity relationships for naturally occurring coumarins as β-secretase inhibitor.,"Marumoto S, Miyazawa M.",Bioorg Med Chem,2012.0
CHEMBL1932973,1,5- and 6-membered (thio)lactones are prodrug type carbonic anhydrase inhibitors.,"Carta F, Maresca A, Scozzafava A, Supuran CT.",Bioorg Med Chem Lett,2012.0
CHEMBL1933038,1,Ligand based design of novel histamine H₄ receptor antagonists; fragment optimization and analysis of binding kinetics.,"Smits RA, Lim HD, van der Meer T, Kuhne S, Bessembinder K, Zuiderveld OP, Wijtmans M, de Esch IJ, Leurs R.",Bioorg Med Chem Lett,2012.0
CHEMBL1938238,1,Construction of an Indonesian herbal constituents database and its use in Random Forest modelling in a search for inhibitors of aldose reductase.,"Naeem S, Hylands P, Barlow D.",Bioorg Med Chem,2012.0
CHEMBL1938342,1,Glycosyl coumarin carbonic anhydrase IX and XII inhibitors strongly attenuate the growth of primary breast tumors.,"Touisni N, Maresca A, McDonald PC, Lou Y, Scozzafava A, Dedhar S, Winum JY, Supuran CT.",J Med Chem,2011.0
CHEMBL1938354,1,"Design, synthesis and evaluation of caffeic acid phenethyl ester-based inhibitors targeting a selectivity pocket in the active site of human aldo-keto reductase 1B10.","Soda M, Hu D, Endo S, Takemura M, Li J, Wada R, Ifuku S, Zhao HT, El-Kabbani O, Ohta S, Yamamura K, Toyooka N, Hara A, Matsunaga T.",Eur J Med Chem,2012.0
CHEMBL1944554,1,"Structure-activity relationships for the interaction of 5,10-dihydroindeno[1,2-b]indole derivatives with human and bovine carbonic anhydrase isoforms I, II, III, IV and VI.","Ekinci D, Cavdar H, Durdagi S, Talaz O, Sentürk M, Supuran CT.",Eur J Med Chem,2012.0
CHEMBL1949659,1,The green tea polyphenol (2)-epigallocatechin-3-gallate (EGCG) is not a β-secretase inhibitor.,"Cheng XR, Zhou JW, Zhou Y, Cheng JP, Yang RF, Zhou WX, Zhang YX, Yun LH.",Bioorg Med Chem Lett,2012.0
CHEMBL1955824,1,"Indeno[1,2-b]indole derivatives as a novel class of potent human protein kinase CK2 inhibitors.","Hundsdörfer C, Hemmerling HJ, Götz C, Totzke F, Bednarski P, Le Borgne M, Jose J.",Bioorg Med Chem,2012.0
CHEMBL2010679,1,"Development of a new class of aromatase inhibitors: design, synthesis and inhibitory activity of 3-phenylchroman-4-one (isoflavanone) derivatives.","Bonfield K, Amato E, Bankemper T, Agard H, Steller J, Keeler JM, Roy D, McCallum A, Paula S, Ma L.",Bioorg Med Chem,2012.0
CHEMBL2010681,1,"Synthesis and SAR study of 4-arylpiperidines and 4-aryl-1,2,3,6-tetrahydropyridines as 5-HT₂C agonists.","Conway RJ, Valant C, Christopoulos A, Robertson AD, Capuano B, Crosby IT.",Bioorg Med Chem Lett,2012.0
CHEMBL2016452,1,Flavones and structurally related 4-chromenones inhibit carbonic anhydrases by a different mechanism of action compared to coumarins.,"Balboni G, Congiu C, Onnis V, Maresca A, Scozzafava A, Winum JY, Maietti A, Supuran CT.",Bioorg Med Chem Lett,2012.0
CHEMBL2021856,1,Rational Drug Design Leading to the Identification of a Potent 5-HT(2C) Agonist Lacking 5-HT(2B) Activity.,"Chen G, Cho SJ, Huang XP, Jensen NH, Svennebring A, Sassano MF, Roth BL, Kozikowski AP.",ACS Med Chem Lett,2011.0
CHEMBL2034837,1,Discovery of Natural Phenols as G Protein-Coupled Receptor-35 (GPR35) Agonists.,"Deng H, Hu H, Ling S, Ferrie AM, Fang Y.",ACS Med Chem Lett,2012.0
CHEMBL2034879,1,"Discovery of SCH 900271, a Potent Nicotinic Acid Receptor Agonist for the Treatment of Dyslipidemia.","Palani A, Rao AU, Chen X, Huang X, Su J, Tang H, Huang Y, Qin J, Xiao D, Degrado S, Sofolarides M, Zhu X, Liu Z, McKittrick B, Zhou W, Aslanian R, Greenlee WJ, Senior M, Cheewatrakoolpong B, Zhang H, Farley C, Cook J, Kurowski S, Li Q, van Heek M, Wang G, Hsieh Y, Li F, Greenfeder S, Chintala M.",ACS Med Chem Lett,2012.0
CHEMBL2040787,1,Synthesis and carbonic anhydrase inhibitory properties of novel bromophenols and their derivatives including natural products: vidalol B.,"Balaydın HT, Şentürk M, Göksu S, Menzek A.",Eur J Med Chem,2012.0
CHEMBL2046344,1,Natural products as a gold mine for selective matrix metalloproteinases inhibitors.,"Wang L, Li X, Zhang S, Lu W, Liao S, Liu X, Shan L, Shen X, Jiang H, Zhang W, Huang J, Li H.",Bioorg Med Chem,2012.0
CHEMBL2057072,1,"Design, synthesis, and pharmacological evaluation of novel tetrahydroprotoberberine derivatives: selective inhibitors of dopamine D₁ receptor.","Qian W, Lu W, Sun H, Li Z, Zhu L, Zhao R, Zhang L, Zhou S, Zhou Y, Jiang H, Zhen X, Liu H.",Bioorg Med Chem,2012.0
CHEMBL2057144,1,Discovery of a potent and selective GPR120 agonist.,"Shimpukade B, Hudson BD, Hovgaard CK, Milligan G, Ulven T.",J Med Chem,2012.0
CHEMBL2057168,1,"(1aR,5aR)1a,3,5,5a-Tetrahydro-1H-2,3-diaza-cyclopropa[a]pentalene-4-carboxylic acid (MK-1903): a potent GPR109a agonist that lowers free fatty acids in humans.","Boatman PD, Lauring B, Schrader TO, Kasem M, Johnson BR, Skinner P, Jung JK, Xu J, Cherrier MC, Webb PJ, Semple G, Sage CR, Knudsen J, Chen R, Luo WL, Caro L, Cote J, Lai E, Wagner J, Taggart AK, Carballo-Jane E, Hammond M, Colletti SL, Tata JR, Connolly DT, Waters MG, Richman JG.",J Med Chem,2012.0
CHEMBL2062374,1,Chemoenzymatic synthesis and evaluation of 3-azabicyclo[3.2.0]heptane derivatives as dopaminergic ligands.,"Reinart-Okugbeni R, Ausmees K, Kriis K, Werner F, Rinken A, Kanger T.",Eur J Med Chem,2012.0
CHEMBL2062412,1,Structure and bioassay of triterpenoids and steroids isolated from Sinocalamus affinis.,"Xiong L, Zhu M, Zhu C, Lin S, Yang Y, Shi J.",J Nat Prod,2012.0
CHEMBL2069220,1,Targeting peroxisome proliferator-activated receptors (PPARs): development of modulators.,"Pirat C, Farce A, Lebègue N, Renault N, Furman C, Millet R, Yous S, Speca S, Berthelot P, Desreumaux P, Chavatte P.",J Med Chem,2012.0
CHEMBL2073777,18,Characterization of ochratoxin A transport by human organic anion transporters.,"Jung KY, Takeda M, Kim DK, Tojo A, Narikawa S, Yoo BS, Hosoyamada M, Cha SH, Sekine T, Endou H.",Life Sci,2001.0
CHEMBL2073853,18,Cholesterol interaction with the daunorubicin binding site of P-glycoprotein.,"Wang E, Casciano CN, Clement RP, Johnson WW.",Biochem Biophys Res Commun,2000.0
CHEMBL2074130,18,Reversal of breast cancer resistance protein-mediated drug resistance by estrogen antagonists and agonists.,"Sugimoto Y, Tsukahara S, Imai Y, Sugimoto Y, Ueda K, Tsuruo T.",Mol Cancer Ther,2003.0
CHEMBL2074371,18,The dietary polyphenol ellagic acid is a potent inhibitor of hOAT1.,"Whitley AC, Sweet DH, Walle T.",Drug Metab Dispos,2005.0
CHEMBL2074477,18,Modulation of multidrug resistance protein 1 (MRP1/ABCC1) transport and atpase activities by interaction with dietary flavonoids.,"Leslie EM, Mao Q, Oleschuk CJ, Deeley RG, Cole SP.",Mol Pharmacol,2001.0
CHEMBL2086257,1,"Rhododendric acid A, a new ursane-type PTP1B inhibitor from the endangered plant Rhododendron brachycarpum G. Don.","Choi YH, Zhou W, Oh J, Choe S, Kim DW, Lee SH, Na M.",Bioorg Med Chem Lett,2012.0
CHEMBL2146361,1,Identification of novel α7 nicotinic receptor ligands by in silico screening against the crystal structure of a chimeric α7 receptor ligand binding domain.,"Akdemir A, Edink E, Thompson AJ, Lummis SC, Kooistra AJ, de Graaf C, de Esch IJ.",Bioorg Med Chem,2012.0
CHEMBL2146390,1,Identification of Hydroxybenzoic Acids as Selective Lactate Receptor (GPR81) Agonists with Antilipolytic Effects.,"Dvorak CA, Liu C, Shelton J, Kuei C, Sutton SW, Lovenberg TW, Carruthers NI.",ACS Med Chem Lett,2012.0
CHEMBL2146451,1,"Antidiabetic activity of some pentacyclic acid triterpenoids, role of PTP-1B: in vitro, in silico, and in vivo approaches.","Ramírez-Espinosa JJ, Rios MY, López-Martínez S, López-Vallejo F, Medina-Franco JL, Paoli P, Camici G, Navarrete-Vázquez G, Ortiz-Andrade R, Estrada-Soto S, Estrada-Soto S.",Eur J Med Chem,2011.0
CHEMBL2151002,1,"Structure-activity relationship study of N⁶-(2-(4-(1H-Indol-5-yl)piperazin-1-yl)ethyl)-N⁶-propyl-4,5,6,7-tetrahydrobenzo[d]thiazole-2,6-diamine analogues: development of highly selective D3 dopamine receptor agonists along with a highly potent D2/D3 agonist and their pharmacological characterization.","Johnson M, Antonio T, Reith ME, Dutta AK.",J Med Chem,2012.0
CHEMBL2163317,1,Selective inhibition of the tumor marker aldo-keto reductase family member 1B10 by oleanolic acid.,"Takemura M, Endo S, Matsunaga T, Soda M, Zhao HT, El-Kabbani O, Tajima K, Iinuma M, Hara A.",J Nat Prod,2011.0
CHEMBL2169784,1,Discovery and development of spleen tyrosine kinase (SYK) inhibitors.,"Singh R, Masuda ES, Payan DG.",J Med Chem,2012.0
CHEMBL2169802,1,A new strategy for detection and development of tractable telomerase inhibitors.,"Cohn EP, Wu KL, Pettus TR, Reich NO.",J Med Chem,2012.0
CHEMBL2176938,1,Virtual screening and optimization yield low-nanomolar inhibitors of the tautomerase activity of Plasmodium falciparum macrophage migration inhibitory factor.,"Dahlgren MK, Garcia AB, Hare AA, Tirado-Rives J, Leng L, Bucala R, Jorgensen WL.",J Med Chem,2012.0
CHEMBL2176946,1,"An anthraquinone scaffold for putative, two-face Bim BH3 α-helix mimic.","Zhang Z, Li X, Song T, Zhao Y, Feng Y.",J Med Chem,2012.0
CHEMBL2176988,1,"Discovery of 3-(5-chloro-2-furoyl)-3,7-diazabicyclo[3.3.0]octane (TC-6683, AZD1446), a novel highly selective α4β2 nicotinic acetylcholine receptor agonist for the treatment of cognitive disorders.","Mazurov AA, Miao L, Bhatti BS, Strachan JP, Akireddy S, Murthy S, Kombo D, Xiao YD, Hammond P, Zhang J, Hauser TA, Jordan KG, Miller CH, Speake JD, Gatto GJ, Yohannes D.",J Med Chem,2012.0
CHEMBL2177058,1,"Discovery and pharmacological evaluation of a diphenethylamine derivative (HS665), a highly potent and selective κ opioid receptor agonist.","Spetea M, Berzetei-Gurske IP, Guerrieri E, Schmidhammer H.",J Med Chem,2012.0
CHEMBL2203023,1,Synopsis of some recent tactical application of bioisosteres in drug design.,Meanwell NA.,J Med Chem,2011.0
CHEMBL2203042,1,Novel bivalent ligands for D2/D3 dopamine receptors: Significant co-operative gain in D2 affinity and potency.,"Gogoi S, Biswas S, Modi G, Antonio T, Reith ME, Dutta AK.",ACS Med Chem Lett,2012.0
CHEMBL2311485,1,Chemical and microbial semi-synthesis of tetrahydroprotoberberines as inhibitors on tissue factor procoagulant activity.,"Ge HX, Zhang J, Chen L, Kou JP, Yu BY.",Bioorg Med Chem,2013.0
CHEMBL2321703,1,Identification of novel D-amino acid oxidase inhibitors by in silico screening and their functional characterization in vitro.,"Katane M, Osaka N, Matsuda S, Maeda K, Kawata T, Saitoh Y, Sekine M, Furuchi T, Doi I, Hirono S, Homma H.",J Med Chem,2013.0
CHEMBL2321710,1,Bioactive polyhydroxylated steroids from the Hainan soft coral Sinularia depressa Tixier-Durivault.,"Liang LF, Wang XJ, Zhang HY, Liu HL, Li J, Lan LF, Zhang W, Guo YW.",Bioorg Med Chem Lett,2013.0
CHEMBL2321858,1,"1,2,3,4,6-Penta-O-galloyl-β-D-glucopyranose inhibits angiogenesis via inhibition of capillary morphogenesis gene 2.","Cryan LM, Bazinet L, Habeshian KA, Cao S, Clardy J, Christensen KA, Rogers MS.",J Med Chem,2013.0
CHEMBL2331121,1,"Design, synthesis, and pharmacological characterization of N- and O-substituted 5,6,7,8-tetrahydro-4H-isoxazolo[4,5-d]azepin-3-ol analogues: novel 5-HT(2A)/5-HT(2C) receptor agonists with pro-cognitive properties.","Jensen AA, Plath N, Pedersen MH, Isberg V, Krall J, Wellendorph P, Stensbøl TB, Gloriam DE, Krogsgaard-Larsen P, Frølund B.",J Med Chem,2013.0
CHEMBL2331212,1,Discovery of dopamine D₄ receptor antagonists with planar chirality.,"Sanna F, Ortner B, Hübner H, Löber S, Tschammer N, Gmeiner P.",Bioorg Med Chem,2013.0
CHEMBL2331288,1,Synthesis and structure-activity relationship analysis of caffeic acid amides as selective matrix metalloproteinase inhibitors.,"Shi ZH, Li NG, Shi QP, Tang H, Tang YP, Li W, Yin L, Yang JP, Duan JA.",Bioorg Med Chem Lett,2013.0
CHEMBL2331298,1,Flavonoids as receptor tyrosine kinase FLT3 inhibitors.,"Chin YW, Kong JY, Han SY.",Bioorg Med Chem Lett,2013.0
CHEMBL2331343,1,"Asymmetric total synthesis and identification of tetrahydroprotoberberine derivatives as new antipsychotic agents possessing a dopamine D(1), D(2) and serotonin 5-HT(1A) multi-action profile.","Sun H, Zhu L, Yang H, Qian W, Guo L, Zhou S, Gao B, Li Z, Zhou Y, Jiang H, Chen K, Zhen X, Liu H.",Bioorg Med Chem,2013.0
CHEMBL2331357,1,Bioassay-guided isolation of proanthocyanidins with antiangiogenic activities.,"Pesca MS, Dal Piaz F, Sanogo R, Vassallo A, Bruzual de Abreu M, Rapisarda A, Germanò MP, Certo G, De Falco S, De Tommasi N, Braca A.",J Nat Prod,2013.0
CHEMBL2331379,1,Synthesis of derivatives of methyl rosmarinate and their inhibitory activities against matrix metalloproteinase-1 (MMP-1).,"Yuan H, Lu W, Wang L, Shan L, Li H, Huang J, Sun Q, Zhang W.",Eur J Med Chem,2013.0
CHEMBL2331395,1,Natural product coumarins that inhibit human carbonic anhydrases.,"Davis RA, Vullo D, Maresca A, Supuran CT, Poulsen SA.",Bioorg Med Chem,2013.0
CHEMBL2331404,1,"Mono-/dihydroxybenzoic acid esters and phenol pyridinium derivatives as inhibitors of the mammalian carbonic anhydrase isoforms I, II, VII, IX, XII and XIV.","Carta F, Vullo D, Maresca A, Scozzafava A, Supuran CT.",Bioorg Med Chem,2013.0
CHEMBL2331472,1,Screening and structural analysis of flavones inhibiting tankyrases.,"Narwal M, Haikarainen T, Fallarero A, Vuorela PM, Lehtiö L.",J Med Chem,2013.0
CHEMBL2331519,1,Sesquiterpenes from the rhizomes of Curcuma heyneana.,"Saifudin A, Tanaka K, Kadota S, Tezuka Y.",J Nat Prod,2013.0
CHEMBL2346505,1,"Pyranoflavones: a group of small-molecule probes for exploring the active site cavities of cytochrome P450 enzymes 1A1, 1A2, and 1B1.","Liu J, Taylor SF, Dupart PS, Arnold CL, Sridhar J, Jiang Q, Wang Y, Skripnikova EV, Zhao M, Foroozesh M.",J Med Chem,2013.0
CHEMBL2346617,1,"Euryspongins A-C, three new unique sesquiterpenes from a marine sponge Euryspongia sp.","Yamazaki H, Nakazawa T, Sumilat DA, Takahashi O, Ukai K, Takahashi S, Namikoshi M.",Bioorg Med Chem Lett,2013.0
CHEMBL2346663,1,"Design, synthesis, and structure-activity relationship studies of novel 3-alkylindole derivatives as selective and highly potent myeloperoxidase inhibitors.","Soubhye J, Aldib I, Elfving B, Gelbcke M, Furtmüller PG, Podrecca M, Conotte R, Colet JM, Rousseau A, Reye F, Sarakbi A, Vanhaeverbeek M, Kauffmann JM, Obinger C, Nève J, Prévost M, Zouaoui Boudjeltia K, Dufrasne F, Van Antwerpen P.",J Med Chem,2013.0
CHEMBL2375208,1,"Structural, kinetic, and pharmacodynamic mechanisms of D-amino acid oxidase inhibition by small molecules.","Hopkins SC, Heffernan ML, Saraswat LD, Bowen CA, Melnick L, Hardy LW, Orsini MA, Allen MS, Koch P, Spear KL, Foglesong RJ, Soukri M, Chytil M, Fang QK, Jones SW, Varney MA, Panatier A, Oliet SH, Pollegioni L, Piubelli L, Molla G, Nardini M, Large TH.",J Med Chem,2013.0
CHEMBL2380210,1,Discovery of natural estrogen receptor modulators with structure-based virtual screening.,"Cao X, Jiang J, Zhang S, Zhu L, Zou J, Diao Y, Xiao W, Shan L, Sun H, Zhang W, Huang J, Li H.",Bioorg Med Chem Lett,2013.0
CHEMBL2380297,1,"1-Phenyl-4-benzoyl-1H-1,2,3-triazoles as orally bioavailable transcriptional function suppressors of estrogen-related receptor α.","Xu S, Zhuang X, Pan X, Zhang Z, Duan L, Liu Y, Zhang L, Ren X, Ding K, Ding K.",J Med Chem,2013.0
CHEMBL2384946,1,"Modification of agonist binding moiety in hybrid derivative 5/7-{[2-(4-aryl-piperazin-1-yl)-ethyl]-propyl-amino}-5,6,7,8-tetrahydro-naphthalen-1-ol/-2-amino versions: impact on functional activity and selectivity for dopamine D2/D3 receptors.","Gopishetty B, Zhang S, Kharkar PS, Antonio T, Reith M, Dutta AK.",Bioorg Med Chem,2013.0
CHEMBL2385058,1,Progress and developments in tau aggregation inhibitors for Alzheimer disease.,"Bulic B, Pickhardt M, Mandelkow E.",J Med Chem,2013.0
CHEMBL2385071,1,Synthesis and biological investigation of coumarin piperazine (piperidine) derivatives as potential multireceptor atypical antipsychotics.,"Chen Y, Wang S, Xu X, Liu X, Yu M, Zhao S, Liu S, Qiu Y, Zhang T, Liu BF, Zhang G.",J Med Chem,2013.0
CHEMBL2390830,1,Synthesis and structure-activity relationship studies in serotonin 5-HT(1A) receptor agonists based on fused pyrrolidone scaffolds.,"Cappelli A, Manini M, Valenti S, Castriconi F, Giuliani G, Anzini M, Brogi S, Butini S, Gemma S, Campiani G, Giorgi G, Mennuni L, Lanza M, Giordani A, Caselli G, Letari O, Makovec F.",Eur J Med Chem,2013.0
CHEMBL2390840,1,An analysis of the synthetic tryptamines AMT and 5-MeO-DALT: emerging 'Novel Psychoactive Drugs'.,"Arunotayanun W, Dalley JW, Huang XP, Setola V, Treble R, Iversen L, Roth BL, Gibbons S.",Bioorg Med Chem Lett,2013.0
CHEMBL2390917,1,Synthesis and biological evaluation of 2-(5-methyl-4-phenyl-2-oxopyrrolidin-1-yl)-acetamide stereoisomers as novel positive allosteric modulators of sigma-1 receptor.,"Veinberg G, Vorona M, Zvejniece L, Vilskersts R, Vavers E, Liepinsh E, Kazoka H, Belyakov S, Mishnev A, Kuznecovs J, Vikainis S, Orlova N, Lebedev A, Ponomaryov Y, Dambrova M.",Bioorg Med Chem,2013.0
CHEMBL2401632,1,New bioactive dihydrofuranocoumarins from the roots of the Tunisian Ferula lutea (Poir.) Maire.,"Ben Salem S, Jabrane A, Harzallah-Skhiri F, Ben Jannet H.",Bioorg Med Chem Lett,2013.0
CHEMBL2401658,1,Selectivity of phenothiazine cholinesterase inhibitors for neurotransmitter systems.,"Darvesh S, Macdonald IR, Martin E.",Bioorg Med Chem Lett,2013.0
CHEMBL2401661,1,"Cyanidin, a natural flavonoid, is an agonistic ligand for liver X receptor alpha and beta and reduces cellular lipid accumulation in macrophages and hepatocytes.","Jia Y, Hoang MH, Jun HJ, Lee JH, Lee SJ.",Bioorg Med Chem Lett,2013.0
CHEMBL2406946,1,Synthesis of organic nitrates of luteolin as a novel class of potent aldose reductase inhibitors.,"Wang QQ, Cheng N, Zheng XW, Peng SM, Zou XQ.",Bioorg Med Chem,2013.0
CHEMBL2417408,1,Synthesis and biological evaluation of flavones and benzoflavones as inhibitors of BCRP/ABCG2.,"Juvale K, Stefan K, Wiese M.",Eur J Med Chem,2013.0
CHEMBL2417434,1,The first synthesis of natural disulfide bruguiesulfurol and biological evaluation of its derivatives as a novel scaffold for PTP1B inhibitors.,"Chen J, Jiang CS, Ma WQ, Gao LX, Gong JX, Li JY, Li J, Guo YW.",Bioorg Med Chem Lett,2013.0
CHEMBL2424526,1,Thrombin inhibitory activity of some polyphenolic compounds.,"Bijak M, Ziewiecki R, Saluk J, Ponczek M, Pawlaczyk I, Krotkiewski H, Wachowicz B, Nowak P.",Med Chem Res,2013.0
CHEMBL2429769,1,Synthesis and bioconversions of formestane.,"Martin GD, Narvaez J, Marti A.",J Nat Prod,2013.0
CHEMBL2429861,1,"Chemopreventive and antioxidant activity of 6-substituted imidazo[2,1-b]thiazoles.","Andreani A, Leoni A, Locatelli A, Morigi R, Rambaldi M, Cervellati R, Greco E, Kondratyuk TP, Park EJ, Huang K, van Breemen RB, Pezzuto JM.",Eur J Med Chem,2013.0
CHEMBL2434820,1,"Design, synthesis, and biological evaluation of novel 2-ethyl-5-phenylthiazole-4-carboxamide derivatives as protein tyrosine phosphatase 1B inhibitors with improved cellular efficacy.","Chen YT, Tang CL, Ma WP, Gao LX, Wei Y, Zhang W, Li JY, Li J, Nan FJ.",Eur J Med Chem,2013.0
CHEMBL2434886,1,"Development of 3,4-dihydroisoquinolin-1(2H)-one derivatives for the Positron Emission Tomography (PET) imaging of σ₂ receptors.","Abate C, Selivanova SV, Müller A, Krämer SD, Schibli R, Marottoli R, Perrone R, Berardi F, Niso M, Ametamey SM.",Eur J Med Chem,2013.0
CHEMBL2439990,1,Serendipity in drug-discovery: a new series of 2-(benzyloxy)benzamides as TRPM8 antagonists.,"Brown A, Ellis D, Favor DA, Kirkup T, Klute W, MacKenny M, McMurray G, Stennett A.",Bioorg Med Chem Lett,2013.0
CHEMBL3039007,1,Structure-based identification of OATP1B1/3 inhibitors.,"De Bruyn T, van Westen GJ, Ijzerman AP, Stieger B, de Witte P, Augustijns PF, Annaert PP.",Mol Pharmacol,2013.0
CHEMBL3045057,1,2-D QSAR studies of steroidal natural products oleanic acid and their semisynthetic derivatives as potent protein tyrosine phosphatase 1B inhibitors,"Joshi P, Tanwar O, Rambhade S, Bhaisare M, Jain D",Med Chem Res,2012.0
CHEMBL3045250,1,5-ZATRYPTAMINE ANALOGS AS h5-HT6 SEROTONIN RECEPTOR LIGANDS,"Pullagurla M, Dukat M, Roth BL, Setola V, Glennon RA",Med Chem Res,2005.0
CHEMBL3045386,1,Flavonoids as lead compounds modulating the enzyme targets in Alzheimers disease,"Anand P, Singh B",Med Chem Res,2013.0
CHEMBL3045796,1,Neonicotinoid insecticides: molecular features conferring selectivity for insect versus mammalian nicotinic receptors.,"Tomizawa M, Lee DL, Casida JE.",J Agric Food Chem,2000.0
CHEMBL3045846,1,"Experimental validation and docking studies of flavone derivatives on aldose reductase involved in diabetic retinopathy, neuropathy, and nephropathy","Nataraj Sekhar P, Kavi Kishor PB, Zubaidha PK, Hashmi AM, Kadam TA, Anandareddy L, De Maeyer M, Praveen Kumar K, Vijaya Bhaskar B, Munichandrababu T, Jayasree G, Narayana PVBS, Gyananath G",Med Chem Res,2011.0
CHEMBL3046324,1,Molecular recognition of long chain fatty acids by peroxisome proliferator-activated receptor,"Gani OABSM, Sylte I",Med Chem Res,2009.0
CHEMBL3046684,1,Molecular docking study on anticancer activity of plant-derived natural products,"Phosrithong N, Ungwitayatorn J",Med Chem Res,2010.0
CHEMBL3046720,1,Molecular properties of fatty acids related to PPAR binding and metabolic diseases,"Maltarollo VG, Honorio KM",Med Chem Res,2013.0
CHEMBL3085627,1,A structure-activity analysis of biased agonism at the dopamine D2 receptor.,"Shonberg J, Herenbrink CK, López L, Christopoulos A, Scammells PJ, Capuano B, Lane JR.",J Med Chem,2013.0
CHEMBL3085712,1,Protein tyrosine phosphatase 1B (PTP1B) inhibitors from Morinda citrifolia (Noni) and their insulin mimetic activity.,"Nguyen PH, Yang JL, Uddin MN, Park SL, Lim SI, Jung DW, Williams DR, Oh WK.",J Nat Prod,2013.0
CHEMBL3085742,1,Experimental confirmation of new drug-target interactions predicted by Drug Profile Matching.,"Végner L, Peragovics Á, Tombor L, Jelinek B, Czobor P, Bender A, Simon Z, Málnási-Csizmadia A.",J Med Chem,2013.0
CHEMBL3091317,1,Inhibition of cholinesterase and monoamine oxidase-B activity by Tacrine-Homoisoflavonoid hybrids.,"Sun Y, Chen J, Chen X, Huang L, Li X.",Bioorg Med Chem,2013.0
CHEMBL3098045,1,Synthesis and SAR study of a novel series of dopamine receptor agonists.,"Risgaard R, Jensen M, Jørgensen M, Bang-Andersen B, Christoffersen CT, Jensen KG, Kristensen JL, Püschl A.",Bioorg Med Chem,2014.0
CHEMBL3102734,1,Inhibition of LOX by flavonoids: a structure-activity relationship study.,"Ribeiro D, Freitas M, Tomé SM, Silva AM, Porto G, Cabrita EJ, Marques MM, Fernandes E.",Eur J Med Chem,2014.0
CHEMBL3102773,1,"The synthesis and comparative receptor binding affinities of novel, isomeric pyridoindolobenzazepine scaffolds.","Rajagopalan R, Bandyopadhyaya A, Rajagopalan DR, Rajagopalan P.",Bioorg Med Chem Lett,2014.0
CHEMBL3102826,1,"Development of DANDYs, new 3,5-diaryl-7-azaindoles demonstrating potent DYRK1A kinase inhibitory activity.","Gourdain S, Dairou J, Denhez C, Bui LC, Rodrigues-Lima F, Janel N, Delabar JM, Cariou K, Dodd RH.",J Med Chem,2013.0
CHEMBL3108697,1,"Design of an amide N-glycoside derivative of β-glucogallin: a stable, potent, and specific inhibitor of aldose reductase.","Li L, Chang KC, Zhou Y, Shieh B, Ponder J, Abraham AD, Ali H, Snow A, Petrash JM, LaBarbera DV.",J Med Chem,2014.0
CHEMBL3108739,1,"Activation and inhibition of thermosensitive TRP channels by voacangine, an alkaloid present in Voacanga africana, an African tree.","Terada Y, Horie S, Takayama H, Uchida K, Tominaga M, Watanabe T.",J Nat Prod,2014.0
CHEMBL3120057,1,Bioactive limonoids from the leaves of Azaridachta indica (Neem).,"Gualtieri MJ, Malafronte N, Vassallo A, Braca A, Cotugno R, Vasaturo M, De Tommasi N, Dal Piaz F.",J Nat Prod,2014.0
CHEMBL3120108,1,Direct interaction of garcinol and related polyisoprenylated benzophenones of Garcinia cambogia fruits with the transcription factor STAT-1 as a likely mechanism of their inhibitory effect on cytokine signaling pathways.,"Masullo M, Menegazzi M, Di Micco S, Beffy P, Bifulco G, Dal Bosco M, Novelli M, Pizza C, Masiello P, Piacente S.",J Nat Prod,2014.0
CHEMBL3124848,1,Crystal structures of human transthyretin complexed with glabridin.,"Yokoyama T, Kosaka Y, Mizuguchi M.",J Med Chem,2014.0
CHEMBL3124863,1,"Structural modifications of neuroprotective anti-Parkinsonian (-)-N6-(2-(4-(biphenyl-4-yl)piperazin-1-yl)-ethyl)-N6-propyl-4,5,6,7-tetrahydrobenzo[d]thiazole-2,6-diamine (D-264): an effort toward the improvement of in vivo efficacy of the parent molecule.","Modi G, Antonio T, Reith M, Dutta A.",J Med Chem,2014.0
CHEMBL3124907,1,5-Hydroxy-2-(2-phenylethyl)chromone (5-HPEC): a novel non-nitrogenous ligand for 5-HT2B receptor.,"Williams DA, Zaidi SA, Zhang Y.",Bioorg Med Chem Lett,2014.0
CHEMBL3132766,1,Flavans from Desmos cochinchinensis as potent aromatase inhibitors,"Prachyawarakorn V, Sangpetsiripan S, Surawatanawong P, Mahidol C, Ruchirawat S, Kittakoop P",Medchemcomm,2013.0
CHEMBL3132790,1,Mapping histamine H4receptorligand binding modes,"Schultes S, Nijmeijer S, Engelhardt H, Kooistra AJ, Vischer HF, de Esch IJP, Haaksma EEJ, Leurs R, de Graaf C",Medchemcomm,2013.0
CHEMBL3217456,1,"Synthesis, SAR and selectivity of 2-acyl- and 2-cyano-1-hetarylalkyl-guanidines at the four histamine receptor subtypes: a bioisosteric approach","Geyer R, Igel P, Kaske M, Elz S, Buschauer A",Medchemcomm,2014.0
CHEMBL3217638,1,Synthetic modulators of the retinoic acid receptor-related orphan receptors,"Kamenecka TM, Lyda B, Chang MR, Griffin PR",Medchemcomm,2013.0
CHEMBL3232726,1,"Discovery of 2-oxo-1,2-dihydrobenzo[cd]indole-6-sulfonamide derivatives as new RORγ inhibitors using virtual screening, synthesis and biological evaluation.","Zhang Y, Xue X, Jin X, Song Y, Li J, Luo X, Song M, Yan W, Song H, Xu Y.",Eur J Med Chem,2014.0
CHEMBL3232924,1,Synthesis and biological evaluation of novel bis-aromatic amides as novel PTP1B inhibitors.,"Wang WL, Huang C, Gao LX, Tang CL, Wang JQ, Wu MC, Sheng L, Chen HJ, Nan FJ, Li JY, Li J, Feng B.",Bioorg Med Chem Lett,2014.0
CHEMBL3259775,1,Towards the development of 5-HT₇ ligands combining serotonin-like and arylpiperazine moieties.,"Spadoni G, Bedini A, Bartolucci S, Pala D, Mor M, Riccioni T, Borsini F, Cabri W, Celona D, Marzi M, Tarzia G, Rivara S, Minetti P.",Eur J Med Chem,2014.0
CHEMBL3286108,1,Novel arylsulfonamide derivatives with 5-HT₆/5-HT₇ receptor antagonism targeting behavioral and psychological symptoms of dementia.,"Kołaczkowski M, Marcinkowska M, Bucki A, Pawłowski M, Mitka K, Jaśkowska J, Kowalski P, Kazek G, Siwek A, Wasik A, Wesołowska A, Mierzejewski P, Bienkowski P.",J Med Chem,2014.0
CHEMBL3286146,1,Prediction of anti-tumor chemical probes of a traditional Chinese medicine formula by HPLC fingerprinting combined with molecular docking.,"Chen L, Du J, Dai Q, Zhang H, Pang W, Hu J.",Eur J Med Chem,2014.0
CHEMBL3286313,1,"Functionally selective dopamine D₂, D₃ receptor partial agonists.","Möller D, Kling RC, Skultety M, Leuner K, Hübner H, Gmeiner P.",J Med Chem,2014.0
CHEMBL3286369,1,β-Secretase (BACE1)-inhibiting C-methylrotenoids from Abronia nana suspension cultures.,"Park SH, Yang EJ, Kim SI, Song KS.",Bioorg Med Chem Lett,2014.0
CHEMBL3297694,1,Naturally occurring polyphenolic inhibitors of amyloid beta aggregation.,"Churches QI, Caine J, Cavanagh K, Epa VC, Waddington L, Tranberg CE, Meyer AG, Varghese JN, Streltsov V, Duggan PJ.",Bioorg Med Chem Lett,2014.0
CHEMBL3351304,1,Bioactive constituents from the green alga Caulerpa racemosa.,"Yang P, Liu DQ, Liang TJ, Li J, Zhang HY, Liu AH, Guo YW, Mao SC.",Bioorg Med Chem,2015.0
CHEMBL3351390,1,DNA repair and redox activities and inhibitors of apurinic/apyrimidinic endonuclease 1/redox effector factor 1 (APE1/Ref-1): a comparative analysis and their scope and limitations toward anticancer drug development.,"Kaur G, Cholia RP, Mantha AK, Kumar R.",J Med Chem,2014.0
CHEMBL3351502,1,Flavones: an important scaffold for medicinal chemistry.,"Singh M, Kaur M, Silakari O.",Eur J Med Chem,2014.0
CHEMBL3351619,1,The extracellular entrance provides selectivity to serotonin 5-HT7 receptor antagonists with antidepressant-like behavior in vivo.,"Medina RA, Vázquez-Villa H, Gómez-Tamayo JC, Benhamú B, Martín-Fontecha M, de la Fuente T, Caltabiano G, Hedlund PB, Pardo L, López-Rodríguez ML.",J Med Chem,2014.0
CHEMBL3351620,1,Structure-activity relationships and molecular modeling studies of novel arylpiperazinylalkyl 2-benzoxazolones and 2-benzothiazolones as 5-HT(7) and 5-HT(1A) receptor ligands.,"Salerno L, Pittalà V, Modica MN, Siracusa MA, Intagliata S, Cagnotto A, Salmona M, Kurczab R, Bojarski AJ, Romeo G.",Eur J Med Chem,2014.0
CHEMBL3351646,1,Identification of diarylsulfonamides as agonists of the free fatty acid receptor 4 (FFA4/GPR120).,"Sparks SM, Chen G, Collins JL, Danger D, Dock ST, Jayawickreme C, Jenkinson S, Laudeman C, Leesnitzer MA, Liang X, Maloney P, McCoy DC, Moncol D, Rash V, Rimele T, Vulimiri P, Way JM, Ross S.",Bioorg Med Chem Lett,2014.0
CHEMBL3351714,1,"Design, synthesis and evaluation of benzo[a]thieno[3,2-g]quinolizines as novel l-SPD derivatives possessing dopamine D1, D2 and serotonin 5-HT1A multiple action profiles.","Li Z, Huang J, Sun H, Zhou S, Guo L, Zhou Y, Zhen X, Liu H.",Bioorg Med Chem,2014.0
CHEMBL3351764,1,"Design, synthesis and biological activity of flavonoid derivatives as selective agonists for neuromedin U 2 receptor.","Ma ML, Li M, Gou JJ, Ruan TY, Jin HS, Zhang LH, Wu LC, Li XY, Hu YH, Wen K, Zhao Z.",Bioorg Med Chem,2014.0
CHEMBL3351774,1,"Inhibitory activities of propolis and its promising component, caffeic acid phenethyl ester, against amyloidogenesis of human transthyretin.","Yokoyama T, Kosaka Y, Mizuguchi M.",J Med Chem,2014.0
CHEMBL3351785,1,Discovery of nanomolar phosphoinositide 3-kinase gamma (PI3Kγ) inhibitors using ligand-based modeling and virtual screening followed by in vitro analysis.,"Taha MO, Al-Sha'er MA, Khanfar MA, Al-Nadaf AH.",Eur J Med Chem,2014.0
CHEMBL3351808,1,"Thiophenes, polyacetylenes and terpenes from the aerial parts of Eclipata prostrate.","Xi FM, Li CT, Han J, Yu SS, Wu ZJ, Chen WS.",Bioorg Med Chem,2014.0
CHEMBL3351908,1,Alpha-ethyltryptamines as dual dopamine-serotonin releasers.,"Blough BE, Landavazo A, Partilla JS, Decker AM, Page KM, Baumann MH, Rothman RB.",Bioorg Med Chem Lett,2014.0
CHEMBL3351993,1,"Design, synthesis and docking study of 5-(substituted benzylidene)thiazolidine-2,4-dione derivatives as inhibitors of protein tyrosine phosphatase 1B.","Wang Z, Liu Z, Lee W, Kim SN, Yoon G, Cheon SH.",Bioorg Med Chem Lett,2014.0
CHEMBL3352008,1,Dualsteric muscarinic antagonists--orthosteric binding pose controls allosteric subtype selectivity.,"Schmitz J, van der Mey D, Bermudez M, Klöckner J, Schrage R, Kostenis E, Tränkle C, Wolber G, Mohr K, Holzgrabe U.",J Med Chem,2014.0
CHEMBL3352127,1,"Synthesis of oleanolic acid derivatives: In vitro, in vivo and in silico studies for PTP-1B inhibition.","Ramírez-Espinosa JJ, Rios MY, Paoli P, Flores-Morales V, Camici G, de la Rosa-Lugo V, Hidalgo-Figueroa S, Navarrete-Vázquez G, Estrada-Soto S.",Eur J Med Chem,2014.0
CHEMBL3352213,1,Development of dual targeting inhibitors against aggregations of amyloid-β and tau protein.,"Fuse S, Matsumura K, Fujita Y, Sugimoto H, Takahashi T.",Eur J Med Chem,2014.0
CHEMBL3390834,1,Development of second generation epigenetic agents,Jones P,Medchemcomm,2012.0
CHEMBL3390843,1,Natural products targeting telomere maintenance,"Chen JL, Sperry J, Ip NY, Brimble MA",Medchemcomm,2011.0
CHEMBL3392973,1,Insulin-mimetic selaginellins from Selaginella tamariscina with protein tyrosine phosphatase 1B (PTP1B) inhibitory activity.,"Nguyen PH, Zhao BT, Ali MY, Choi JS, Rhyu DY, Min BS, Woo MH.",J Nat Prod,2015.0
CHEMBL3392984,1,"Two new protein tyrosine phosphatase 1B inhibitors, hyattellactones A and B, from the Indonesian marine sponge Hyattella sp.","Abdjul DB, Yamazaki H, Takahashi O, Kirikoshi R, Mangindaan RE, Namikoshi M.",Bioorg Med Chem Lett,2015.0
CHEMBL3397022,1,Absolute structures and bioactivities of euryspongins and eurydiene obtained from the marine sponge Euryspongia sp. collected at Iriomote Island.,"Yamazaki H, Takahashi O, Kanno S, Nakazawa T, Takahashi S, Ukai K, Sumilat DA, Ishikawa M, Namikoshi M.",Bioorg Med Chem,2015.0
CHEMBL3399973,1,Synthesis and biological evaluation of isoxazoline derivatives as potent M₁ muscarinic acetylcholine receptor agonists.,"Huang M, Suk DH, Cho NC, Bhattarai D, Kang SB, Kim Y, Pae AN, Rhim H, Keum G.",Bioorg Med Chem Lett,2015.0
CHEMBL3407419,1,Multiple binding modes of isothiocyanates that inhibit macrophage migration inhibitory factor.,"Spencer ES, Dale EJ, Gommans AL, Rutledge MT, Vo CT, Nakatani Y, Gamble AB, Smith RA, Wilbanks SM, Hampton MB, Tyndall JD.",Eur J Med Chem,2015.0
CHEMBL3414469,1,Targeting DNA methylation with small molecules: what's next?,"Erdmann A, Halby L, Fahy J, Arimondo PB.",J Med Chem,2015.0
CHEMBL3414471,1,Optimization of 2-phenylcyclopropylmethylamines as selective serotonin 2C receptor agonists and their evaluation as potential antipsychotic agents.,"Cheng J, Giguère PM, Onajole OK, Lv W, Gaisin A, Gunosewoyo H, Schmerberg CM, Pogorelov VM, Rodriguiz RM, Vistoli G, Wetsel WC, Roth BL, Kozikowski AP.",J Med Chem,2015.0
CHEMBL3414563,1,Rational design of partial agonists for the muscarinic m1 acetylcholine receptor.,"Chen X, Klöckner J, Holze J, Zimmermann C, Seemann WK, Schrage R, Bock A, Mohr K, Tränkle C, Holzgrabe U, Decker M.",J Med Chem,2015.0
CHEMBL3525965,1,Identification of clinically used drugs that activate pregnane X receptors.,"Shukla SJ, Sakamuru S, Huang R, Moeller TA, Shinn P, Vanleer D, Auld DS, Austin CP, Xia M.",Drug Metab Dispos,2011.0
CHEMBL3526117,1,Evaluation of inhibition selectivity for human cytochrome P450 2A enzymes.,"Stephens ES, Walsh AA, Scott EE.",Drug Metab Dispos,2012.0
CHEMBL3580553,1,"Potent and Nontoxic Chemosensitizer of P-Glycoprotein-Mediated Multidrug Resistance in Cancer: Synthesis and Evaluation of Methylated Epigallocatechin, Gallocatechin, and Dihydromyricetin Derivatives.","Wong IL, Wang BC, Yuan J, Duan LX, Liu Z, Liu T, Li XM, Hu X, Zhang XY, Jiang T, Wan SB, Chow LM.",J Med Chem,2015.0
CHEMBL3580567,1,"Novel N-Acetyl Bioisosteres of Melatonin: Melatonergic Receptor Pharmacology, Physicochemical Studies, and Phenotypic Assessment of Their Neurogenic Potential.","de la Fuente Revenga M, Fernández-Sáez N, Herrera-Arozamena C, Morales-García JA, Alonso-Gil S, Pérez-Castillo A, Caignard DH, Rivara S, Rodríguez-Franco MI.",J Med Chem,2015.0
CHEMBL3580580,1,"Nodulisporiviridins A-H, Bioactive Viridins from Nodulisporium sp.","Zhao Q, Chen GD, Feng XL, Yu Y, He RR, Li XX, Huang Y, Zhou WX, Guo LD, Zheng YZ, Yao XS, Gao H.",J Nat Prod,2015.0
CHEMBL3585252,1,Selaginellin and biflavonoids as protein tyrosine phosphatase 1B inhibitors from Selaginella tamariscina and their glucose uptake stimulatory effects.,"Nguyen PH, Ji DJ, Han YR, Choi JS, Rhyu DY, Min BS, Woo MH.",Bioorg Med Chem,2015.0
CHEMBL3585317,1,Structures and Biological Evaluations of Agelasines Isolated from the Okinawan Marine Sponge Agelas nakamurai.,"Abdjul DB, Yamazaki H, Kanno S, Takahashi O, Kirikoshi R, Ukai K, Namikoshi M.",J Nat Prod,2015.0
CHEMBL3585347,1,Isolation of cholinesterase and β-secretase 1 inhibiting compounds from Lycopodiella cernua.,"Nguyen VT, To DC, Tran MH, Oh SH, Kim JA, Ali MY, Woo MH, Choi JS, Min BS.",Bioorg Med Chem,2015.0
CHEMBL3588775,1,"Synthesis and pharmacological evaluation of N-benzyl substituted 4-bromo-2,5-dimethoxyphenethylamines as 5-HT2A/2C partial agonists.","Hansen M, Jacobsen SE, Plunkett S, Liebscher GE, McCorvy JD, Bräuner-Osborne H, Kristensen JL.",Bioorg Med Chem,2015.0
CHEMBL3588814,1,Affinity and kinetics study of anthranilic acids as HCA2 receptor agonists.,"van Veldhoven JP, Liu R, Thee SA, Wouters Y, Verhoork SJ, Mooiman C, Louvel J, IJzerman AP.",Bioorg Med Chem,2015.0
CHEMBL3593170,1,"Structure-Activity Relationship Study on Isothiocyanates: Comparison of TRPA1-Activating Ability between Allyl Isothiocyanate and Specific Flavor Components of Wasabi, Horseradish, and White Mustard.","Terada Y, Masuda H, Watanabe T.",J Nat Prod,2015.0
CHEMBL3593225,1,Arylpiperazine agonists of the serotonin 5-HT1A receptor preferentially activate cAMP signaling versus recruitment of β-arrestin-2.,"Stroth N, Niso M, Colabufo NA, Perrone R, Svenningsson P, Lacivita E, Leopoldo M.",Bioorg Med Chem,2015.0
CHEMBL3593235,1,Discovery of xanthine oxidase inhibitors and/or α-glucosidase inhibitors by carboxyalkyl derivatization based on the flavonoid of apigenin.,"Su ZR, Fan SY, Shi WG, Zhong BH.",Bioorg Med Chem Lett,2015.0
CHEMBL3593243,1,"Discovery of novel, potent, selective and cellular active ADC type PTP1B inhibitors via fragment-docking-oriented de novel design.","Du Y, Ling H, Zhang M, Shen J, Li Q.",Bioorg Med Chem,2015.0
CHEMBL3596159,1,Beyond substrate analogues: new inhibitor chemotypes for glycosyltransferases,"Tedaldi L, Wagner GK",Medchemcomm,2014.0
CHEMBL3600283,1,Enthalpic Forces Correlate with the Selectivity of Transthyretin-Stabilizing Ligands in Human Plasma.,"Iakovleva I, Brännström K, Nilsson L, Gharibyan AL, Begum A, Anan I, Walfridsson M, Sauer-Eriksson AE, Olofsson A.",J Med Chem,2015.0
CHEMBL3600320,1,An oxidative coupling product of luteolin with cysteine ester and its enhanced inhibitory activity for xanthine oxidase.,"Masuda T, Nojima S, Miura Y, Honda S, Masuda A.",Bioorg Med Chem Lett,2015.0
CHEMBL3600335,1,"Ionic derivatives of betulinic acid exhibit antiviral activity against herpes simplex virus type-2 (HSV-2), but not HIV-1 reverse transcriptase.","Visalli RJ, Ziobrowski H, Badri KR, He JJ, Zhang X, Arumugam SR, Zhao H.",Bioorg Med Chem Lett,2015.0
CHEMBL3600359,1,"Verruculides A and B, two new protein tyrosine phosphatase 1B inhibitors from an Indonesian ascidian-derived Penicillium verruculosum.","Yamazaki H, Nakayama W, Takahashi O, Kirikoshi R, Izumikawa Y, Iwasaki K, Toraiwa K, Ukai K, Rotinsulu H, Wewengkang DS, Sumilat DA, Mangindaan RE, Namikoshi M.",Bioorg Med Chem Lett,2015.0
CHEMBL3600377,1,Total Synthesis of Hispidulin and the Structural Basis for Its Inhibition of Proto-oncogene Kinase Pim-1.,"Chao SW, Su MY, Chiou LC, Chen LC, Chang CI, Huang WJ.",J Nat Prod,2015.0
CHEMBL3612030,1,"Design, synthesis and evaluation of semi-synthetic triazole-containing caffeic acid analogues as 5-lipoxygenase inhibitors.","De Lucia D, Lucio OM, Musio B, Bender A, Listing M, Dennhardt S, Koeberle A, Garscha U, Rizzo R, Manfredini S, Werz O, Ley SV.",Eur J Med Chem,2015.0
CHEMBL3616367,1,Structural Insight into the Interactions between Death-Associated Protein Kinase 1 and Natural Flavonoids.,"Yokoyama T, Kosaka Y, Mizuguchi M.",J Med Chem,2015.0
CHEMBL3616379,1,From carbohydrates to drug-like fragments: Rational development of novel α-amylase inhibitors.,"Al-Asri J, Fazekas E, Lehoczki G, Perdih A, Görick C, Melzig MF, Gyémánt G, Wolber G, Mortier J.",Bioorg Med Chem,2015.0
CHEMBL3616390,1,Design and synthesis of N-[6-(Substituted Aminoethylideneamino)-2-Hydroxyindan-1-yl]arylamides as selective and potent muscarinic M₁ agonists.,"Liu B, Croy CH, Hitchcock SA, Allen JR, Rao Z, Evans D, Bures MG, McKinzie DL, Watt ML, Stuart Gregory G, Hansen MM, Hoogestraat PJ, Jamison JA, Okha-Mokube FM, Stratford RE, Turner W, Bymaster F, Felder CC.",Bioorg Med Chem Lett,2015.0
CHEMBL3621061,1,Functional Profiling of 2-Aminopyrimidine Histamine H4 Receptor Modulators.,"Tichenor MS, Thurmond RL, Venable JD, Savall BM.",J Med Chem,2015.0
CHEMBL3621095,1,Recent developments in steroidal and nonsteroidal aromatase inhibitors for the chemoprevention of estrogen-dependent breast cancer.,"Ahmad I, Shagufta.",Eur J Med Chem,2015.0
CHEMBL3627624,1,New natural product carbonic anhydrase inhibitors incorporating phenol moieties.,"Karioti A, Ceruso M, Carta F, Bilia AR, Supuran CT.",Bioorg Med Chem,2015.0
CHEMBL3632590,1,Development of Safe and Effective Botanical Dietary Supplements.,van Breemen RB.,J Med Chem,2015.0
CHEMBL3639020,37,"Nitrogen heterocycle derivatives, preparation thereof and application thereof in human therapeutics",,,2015.0
CHEMBL3639369,37,Identification of stabilizers of multimeric proteins,,,2014.0
CHEMBL3714720,38,Inhibiting G-protein coupled receptor 6 kinase polypeptides,,,2014.0
CHEMBL3739262,1,"Flavones Inhibit the Activity of AKR1B10, a Promising Therapeutic Target for Cancer Treatment.","Zemanova L, Hofman J, Novotna E, Musilek K, Lundova T, Havrankova J, Hostalkova A, Chlebek J, Cahlikova L, Wsol V.",J Nat Prod,2015.0
CHEMBL3739351,1,Identification of novel protein tyrosine phosphatase sigma inhibitors promoting neurite extension.,"Lee HS, Ku B, Park TH, Park H, Choi JK, Chang KT, Kim CH, Ryu SE, Kim SJ.",Bioorg Med Chem Lett,2016.0
CHEMBL3739358,1,"Development of a Highly Potent D2/D3 Agonist and a Partial Agonist from Structure-Activity Relationship Study of N(6)-(2-(4-(1H-Indol-5-yl)piperazin-1-yl)ethyl)-N(6)-propyl-4,5,6,7-tetrahydrobenzo[d]thiazole-2,6-diamine Analogues: Implication in the Treatment of Parkinson's Disease.","Das B, Vedachalam S, Luo D, Antonio T, Reith ME, Dutta AK.",J Med Chem,2015.0
CHEMBL3745610,1,A dimeric urea of the bisabolene sesquiterpene from the Okinawan marine sponge Axinyssa sp. inhibits protein tyrosine phosphatase 1B activity in Huh-7 human hepatoma cells.,"Abdjul DB, Kanno S, Yamazaki H, Ukai K, Namikoshi M.",Bioorg Med Chem Lett,2016.0
CHEMBL3751732,1,"2,4-Diaminopyrimidines as dual ligands at the histamine H1 and H4 receptor-H1/H4-receptor selectivity.","Hammer SG, Gobleder S, Naporra F, Wittmann HJ, Elz S, Heinrich MR, Strasser A.",Bioorg Med Chem Lett,2016.0
CHEMBL3751755,1,Developing steroidal aromatase inhibitors-an effective armament to win the battle against breast cancer.,"Yadav MR, Barmade MA, Tamboli RS, Murumkar PR.",Eur J Med Chem,2015.0
CHEMBL3758094,1,Thioxocoumarins Show an Alternative Carbonic Anhydrase Inhibition Mechanism Compared to Coumarins.,"Ferraroni M, Carta F, Scozzafava A, Supuran CT.",J Med Chem,2016.0
CHEMBL3774372,1,"Design, physico-chemical properties and biological evaluation of some new N-[(phenoxy)alkyl]- and N-{2-[2-(phenoxy)ethoxy]ethyl}aminoalkanols as anticonvulsant agents.","Waszkielewicz AM, Gunia-Krzyżak A, Powroźnik B, Słoczyńska K, Pękala E, Walczak M, Bednarski M, Żesławska E, Nitek W, Marona H.",Bioorg Med Chem,2016.0
CHEMBL3785029,1,Synthesis and Characterization of Fatty Acid Conjugates of Niacin and Salicylic Acid.,"Vu CB, Bemis JE, Benson E, Bista P, Carney D, Fahrner R, Lee D, Liu F, Lonkar P, Milne JC, Nichols AJ, Picarella D, Shoelson A, Smith J, Ting A, Wensley A, Yeager M, Zimmer M, Jirousek MR.",J Med Chem,2016.0
CHEMBL3785041,1,"Discovery of a Potent Free Fatty Acid 1 Receptor Agonist with Low Lipophilicity, Low Polar Surface Area, and Robust in Vivo Efficacy.","Hansen SV, Christiansen E, Urban C, Hudson BD, Stocker CJ, Due-Hansen ME, Wargent ET, Shimpukade B, Almeida R, Ejsing CS, Cawthorne MA, Kassack MU, Milligan G, Ulven T.",J Med Chem,2016.0
CHEMBL3797035,1,Structure-guided development of dual β2 adrenergic/dopamine D2 receptor agonists.,"Weichert D, Stanek M, Hübner H, Gmeiner P.",Bioorg Med Chem,2016.0
CHEMBL3797097,1,"Novel Analogues of (R)-5-(Methylamino)-5,6-dihydro-4H-imidazo[4,5,1-ij]quinolin-2(1H)-one (Sumanirole) Provide Clues to Dopamine D2/D3 Receptor Agonist Selectivity.","Zou MF, Keck TM, Kumar V, Donthamsetti P, Michino M, Burzynski C, Schweppe C, Bonifazi A, Free RB, Sibley DR, Janowsky A, Shi L, Javitch JA, Newman AH.",J Med Chem,2016.0
CHEMBL3804756,1,Conformational Restriction and Enantioseparation Increase Potency and Selectivity of Cyanoguanidine-Type Histamine H4 Receptor Agonists.,"Geyer R, Nordemann U, Strasser A, Wittmann HJ, Buschauer A.",J Med Chem,2016.0
CHEMBL3808312,1,Bioactive Constituents of Glycyrrhiza uralensis (Licorice): Discovery of the Effective Components of a Traditional Herbal Medicine.,"Ji S, Li Z, Song W, Wang Y, Liang W, Li K, Tang S, Wang Q, Qiao X, Zhou D, Yu S, Ye M.",J Nat Prod,2016.0
CHEMBL3817814,1,Development and Characterization of a Potent Free Fatty Acid Receptor 1 (FFA1) Fluorescent Tracer.,"Christiansen E, Hudson BD, Hansen AH, Milligan G, Ulven T.",J Med Chem,2016.0
CHEMBL3826918,1,Recent developments of C-4 substituted coumarin derivatives as anticancer agents.,"Dandriyal J, Singla R, Kumar M, Jaitak V.",Eur J Med Chem,2016.0
CHEMBL3826919,1,The discovery of novel and selective fatty acid binding protein 4 inhibitors by virtual screening and biological evaluation.,"Zhou Y, Nie T, Zhang Y, Song M, Li K, Ding M, Ding K, Wu D, Xu Y.",Bioorg Med Chem,2016.0
CHEMBL3853289,1,"Eucarobustols A-I, Conjugates of Sesquiterpenoids and Acylphloroglucinols from Eucalyptus robusta.","Yu Y, Gan LS, Yang SP, Sheng L, Liu QF, Chen SN, Li J, Yue JM.",J Nat Prod,2016.0
CHEMBL3853315,1,Targeting the Translesion Synthesis Pathway for the Development of Anti-Cancer Chemotherapeutics.,"Korzhnev DM, Hadden MK.",J Med Chem,2016.0
CHEMBL3853344,1,A druggable target for rescuing microRNA defects.,"Asada K, Canestrari E, Paroo Z.",Bioorg Med Chem Lett,2016.0
CHEMBL3862005,1,Identification of small molecules that bind to the mitochondrial protein mitoNEET.,"Geldenhuys WJ, Yonutas HM, Morris DL, Sullivan PG, Darvesh AS, Leeper TC.",Bioorg Med Chem Lett,2016.0
CHEMBL3862009,1,Synthesis and evaluation of a 2-benzothiazolylphenylmethyl ether class of histamine H4 receptor antagonists.,"Labeeuw O, Levoin N, Billot X, Danvy D, Calmels T, Krief S, Ligneau X, Berrebi-Bertrand I, Robert P, Lecomte JM, Schwartz JC, Capet M.",Bioorg Med Chem Lett,2016.0
CHEMBL3870307,1,5-HT7 receptor modulators: Amino groups attached to biphenyl scaffold determine functional activity.,"Kim Y, Park H, Lee J, Tae J, Kim HJ, Min SJ, Rhim H, Choo H.",Eur J Med Chem,2016.0
CHEMBL3870309,1,Identification of new potent phthalazine derivatives with VEGFR-2 and EGFR kinase inhibitory activity.,"Amin KM, Barsoum FF, Awadallah FM, Mohamed NE.",Eur J Med Chem,2016.0
CHEMBL3870318,1,Inhibitor screening and enzymatic activity determination for autophagy target Atg4B using a gel electrophoresis-based assay.,"Cleenewerck M, Grootaert MOJ, Gladysz R, Adriaenssens Y, Roelandt R, Joossens J, Lambeir AM, De Meyer GRY, Declercq W, Augustyns K, Martinet W, Van der Veken P.",Eur J Med Chem,2016.0
CHEMBL3872208,1,Synthesis and pharmacological characterization of novel N-(trans-4-(2-(4-(benzo[d]isothiazol-3-yl)piperazin-1-yl)ethyl)cyclohexyl)amides as potential multireceptor atypical antipsychotics.,"Chen XW, Sun YY, Fu L, Li JQ.",Eur J Med Chem,2016.0
CHEMBL3879906,38,Use of acacetin and related compounds as potassium channel inhibitors,,,2013.0
CHEMBL3880399,38,Selective serotonin 2A/2C receptor inverse agonists as therapeutics for neurodegenerative diseases,,,2004.0
CHEMBL3992488,1,Anticancer agents interacting with membrane glucose transporters.,"Granchi C, Fortunato S, Minutolo F.",Medchemcomm,2016.0
CHEMBL3994656,1,"Furanoterpenes, new types of protein tyrosine phosphatase 1B inhibitors, from two Indonesian marine sponges, Ircinia and Spongia spp.","Abdjul DB, Yamazaki H, Kanno SI, Wewengkang DS, Rotinsulu H, Sumilat DA, Ukai K, Kapojos MM, Namikoshi M.",Bioorg Med Chem Lett,2017.0
CHEMBL3997767,1,Magnetic Microbead Affinity Selection Screening (MagMASS) of Botanical Extracts for Inhibitors of 15-Lipoxygenase.,"Rush MD, Walker EM, Burton T, van Breemen RB.",J Nat Prod,2016.0
CHEMBL3997813,1,"Selective inhibition of monoamine oxidase A by purpurin, an anthraquinone.","Lee HW, Ryu HW, Kang MG, Park D, Oh SR, Kim H.",Bioorg Med Chem Lett,2017.0
CHEMBL4000185,1,Pyrimidine-Based Inhibitors of Dynamin I GTPase Activity: Competitive Inhibition at the Pleckstrin Homology Domain.,"Odell LR, Abdel-Hamid MK, Hill TA, Chau N, Young KA, Deane FM, Sakoff JA, Andersson S, Daniel JA, Robinson PJ, McCluskey A.",J Med Chem,2017.0
CHEMBL4000238,1,Discovery of core-structurally novel PTP1B inhibitors with specific selectivity containing oxindole-fused spirotetrahydrofurochroman by one-pot reaction.,"Dong S, Lei Y, Jia S, Gao L, Li J, Zhu T, Liu S, Hu W.",Bioorg Med Chem Lett,2017.0
CHEMBL4002624,1,Microbial hydroxylation and glycosylation of pentacyclic triterpenes as inhibitors on tissue factor procoagulant activity.,"Wang WW, Xu SH, Zhao YZ, Zhang C, Zhang YY, Yu BY, Zhang J.",Bioorg Med Chem Lett,2017.0
CHEMBL4007389,1,"Discovery and evaluation of inhibitors to the immunosuppressive enzyme indoleamine 2,3-dioxygenase 1 (IDO1): Probing the active site-inhibitor interactions.","Tomek P, Palmer BD, Flanagan JU, Sun C, Raven EL, Ching LM.",Eur J Med Chem,2017.0
CHEMBL4007455,1,"Discovery of G Protein-Biased Dopaminergics with a Pyrazolo[1,5-a]pyridine Substructure.","Möller D, Banerjee A, Uzuneser TC, Skultety M, Huth T, Plouffe B, Hübner H, Alzheimer C, Friedland K, Müller CP, Bouvier M, Gmeiner P.",J Med Chem,2017.0
CHEMBL4007493,1,Novel Bivalent Ligands Based on the Sumanirole Pharmacophore Reveal Dopamine D2 Receptor (D2R) Biased Agonism.,"Bonifazi A, Yano H, Ellenberger MP, Muller L, Kumar V, Zou MF, Cai NS, Guerrero AM, Woods AS, Shi L, Newman AH.",J Med Chem,2017.0
CHEMBL4011649,1,Discovery of N-Substituted (2-Phenylcyclopropyl)methylamines as Functionally Selective Serotonin 2C Receptor Agonists for Potential Use as Antipsychotic Medications.,"Zhang G, Cheng J, McCorvy JD, Lorello PJ, Caldarone BJ, Roth BL, Kozikowski AP.",J Med Chem,2017.0
CHEMBL4011652,1,Discovery of Novel Potent Reversible and Irreversible Myeloperoxidase Inhibitors Using Virtual Screening Procedure.,"Soubhye J, Chikh Alard I, Aldib I, Prévost M, Gelbcke M, De Carvalho A, Furtmüller PG, Obinger C, Flemmig J, Tadrent S, Meyer F, Rousseau A, Nève J, Mathieu V, Zouaoui Boudjeltia K, Dufrasne F, Van Antwerpen P.",J Med Chem,2017.0
CHEMBL4014262,1,Phloroglucinol Derivatives with Protein Tyrosine Phosphatase 1B Inhibitory Activities from Eugenia jambolana Seeds.,"Liu F, Yuan T, Liu W, Ma H, Seeram NP, Li Y, Xu L, Mu Y, Huang X, Li L.",J Nat Prod,2017.0
CHEMBL4014307,1,Diindolylmethane Derivatives: Potent Agonists of the Immunostimulatory Orphan G Protein-Coupled Receptor GPR84.,"Pillaiyar T, Köse M, Sylvester K, Weighardt H, Thimm D, Borges G, Förster I, von Kügelgen I, Müller CE.",J Med Chem,2017.0
CHEMBL4014323,1,Hydroxy-Substituted Heteroarylpiperazines: Novel Scaffolds for β-Arrestin-Biased D2R Agonists.,"Männel B, Dengler D, Shonberg J, Hübner H, Möller D, Gmeiner P.",J Med Chem,2017.0
CHEMBL4017441,1,"Mitigating the inhibition of human bile salt export pump by drugs: opportunities provided by physicochemical property modulation, in silico modeling, and structural modification.","Warner DJ, Chen H, Cantin LD, Kenna JG, Stahl S, Walker CL, Noeske T.",Drug Metab Dispos,2012.0
CHEMBL4017486,1,Compounds Interfering with Embryonic Lethal Abnormal Vision (ELAV) Protein-RNA Complexes: An Avenue for Discovering New Drugs.,"Nasti R, Rossi D, Amadio M, Pascale A, Unver MY, Hirsch AKH, Collina S.",J Med Chem,2017.0
CHEMBL4024758,1,Structure-Based Design and Discovery of New M2 Receptor Agonists.,"Fish I, Stößel A, Eitel K, Valant C, Albold S, Huebner H, Möller D, Clark MJ, Sunahara RK, Christopoulos A, Shoichet BK, Gmeiner P.",J Med Chem,2017.0
CHEMBL4028838,1,Structure-related protein tyrosine phosphatase 1B inhibition by naringenin derivatives.,"Jung HA, Paudel P, Seong SH, Min BS, Choi JS.",Bioorg Med Chem Lett,2017.0
CHEMBL4028846,1,Insights on the Interaction between Transthyretin and Aβ in Solution. A Saturation Transfer Difference (STD) NMR Analysis of the Role of Iododiflunisal.,"Gimeno A, Santos LM, Alemi M, Rivas J, Blasi D, Cotrina EY, Llop J, Valencia G, Cardoso I, Quintana J, Arsequell G, Jiménez-Barbero J.",J Med Chem,2017.0
CHEMBL4033668,1,Inhibitors of cytochrome P450 (CYP) 1B1.,"Dutour R, Poirier D.",Eur J Med Chem,2017.0
CHEMBL4033690,1,Potential anti-gout constituents as xanthine oxidase inhibitor from the fruits of Stauntonia brachyanthera.,"Liu D, Wang D, Yang W, Meng D.",Bioorg Med Chem,2017.0
CHEMBL4038339,1,"Novel 3-(1,2,3,6-Tetrahydropyridin-4-yl)-1H-indole-Based Multifunctional Ligands with Antipsychotic-Like, Mood-Modulating, and Procognitive Activity.","Bucki A, Marcinkowska M, Śniecikowska J, Więckowski K, Pawłowski M, Głuch-Lutwin M, Gryboś A, Siwek A, Pytka K, Jastrzębska-Więsek M, Partyka A, Wesołowska A, Mierzejewski P, Kołaczkowski M.",J Med Chem,2017.0
CHEMBL4041501,1,Isolation of Acacetin from Calea urticifolia with Inhibitory Properties against Human Monoamine Oxidase-A and -B.,"Chaurasiya ND, Gogineni V, Elokely KM, León F, Núñez MJ, Klein ML, Walker LA, Cutler SJ, Tekwani BL.",J Nat Prod,2016.0
CHEMBL4043202,1,"Synthesis, pH dependent, plasma and enzymatic stability of bergenin prodrugs for potential use against rheumatoid arthritis.","Singh R, Kumar V, Bharate SS, Vishwakarma RA.",Bioorg Med Chem,2017.0
CHEMBL4043257,1,PTP1B inhibitors from the seeds of Iris sanguinea and their insulin mimetic activities via AMPK and ACC phosphorylation.,"Yang JL, Ha TKQ, Lee BW, Kim J, Oh WK.",Bioorg Med Chem Lett,2017.0
CHEMBL4043296,1,"1-[3-(4-Butylpiperidin-1-yl)propyl]-1,2,3,4-tetrahydroquinolin-2-one (77-LH-28-1) as a Model for the Rational Design of a Novel Class of Brain Penetrant Ligands with High Affinity and Selectivity for Dopamine D4 Receptor.","Del Bello F, Bonifazi A, Giorgioni G, Cifani C, Micioni Di Bonaventura MV, Petrelli R, Piergentili A, Fontana S, Mammoli V, Yano H, Matucci R, Vistoli G, Quaglia W.",J Med Chem,2018.0
CHEMBL4049434,1,Radiolabeled Dibenzodiazepinone-Type Antagonists Give Evidence of Dualsteric Binding at the M2 Muscarinic Acetylcholine Receptor.,"Pegoli A, She X, Wifling D, Hübner H, Bernhardt G, Gmeiner P, Keller M.",J Med Chem,2017.0
CHEMBL4118064,1,Synthesis of a new series of aryl/heteroarylpiperazinyl derivatives of 8-acetyl-7-hydroxy-4-methylcoumarin with low nanomolar 5-HT1A affinities.,"Ostrowska K, Młodzikowska K, Głuch-Lutwin M, Gryboś A, Siwek A.",Eur J Med Chem,2017.0
CHEMBL4118084,1,Chemical Approaches to Intervening in Ubiquitin Specific Protease 7 (USP7) Function for Oncology and Immune Oncology Therapies.,"Wu J, Kumar S, Wang F, Wang H, Chen L, Arsenault P, Mattern M, Weinstock J.",J Med Chem,2018.0
CHEMBL4118277,1,"Selective inhibition of monoamine oxidase A by chelerythrine, an isoquinoline alkaloid.","Baek SC, Ryu HW, Kang MG, Lee H, Park D, Cho ML, Oh SR, Kim H.",Bioorg Med Chem Lett,2018.0
CHEMBL4130386,1,Notch Inhibitors from Calotropis gigantea That Induce Neuronal Differentiation of Neural Stem Cells.,"Yoneyama T, Arai MA, Akamine R, Koryudzu K, Tsuchiya A, Sadhu SK, Ahmed F, Itoh M, Okamoto R, Ishibashi M.",J Nat Prod,2017.0
CHEMBL4130395,1,Meroterpenoids with Protein Tyrosine Phosphatase 1B Inhibitory Activity from a Hyrtios sp. Marine Sponge.,"Wang J, Mu FR, Jiao WH, Huang J, Hong LL, Yang F, Xu Y, Wang SP, Sun F, Lin HW.",J Nat Prod,2017.0
CHEMBL4130532,1,"Camellianols A-G, Barrigenol-like Triterpenoids with PTP1B Inhibitory Effects from the Endangered Ornamental Plant Camellia crapnelliana.","Xiong J, Wan J, Ding J, Wang PP, Ma GL, Li J, Hu JF.",J Nat Prod,2017.0
CHEMBL4130583,1,"Artocarmins G-M, Prenylated 4-Chromenones from the Stems of Artocarpus rigida and Their Tyrosinase Inhibitory Activities.","Nguyen MTT, Le TH, Nguyen HX, Dang PH, Do TNV, Abe M, Takagi R, Nguyen NT.",J Nat Prod,2017.0
CHEMBL4130620,1,"Disconnecting the Estrogen Receptor Binding Properties and Antimicrobial Properties of Parabens through 3,5-Substitution.","Bergquist BL, Jefferson KG, Kintz HN, Barber AE, Yeagley AA.",ACS Med Chem Lett,2018.0
CHEMBL4130622,1,Retinoic Acid Receptor-Related Orphan Receptor γt (RORγt) Agonists as Potential Small Molecule Therapeutics for Cancer Immunotherapy.,"Qiu R, Wang Y.",J Med Chem,2018.0
CHEMBL4138209,1,Inhibitory effects and structural insights for a novel series of coumarin-based compounds that selectively target human CA IX and CA XII carbonic anhydrases.,"De Luca L, Mancuso F, Ferro S, Buemi MR, Angeli A, Del Prete S, Capasso C, Supuran CT, Gitto R.",Eur J Med Chem,2018.0
CHEMBL4138279,1,Probing the Antiallergic and Anti-inflammatory Activity of Biflavonoids and Dihydroflavonols from Dietes bicolor.,"Ayoub IM, Korinek M, Hwang TL, Chen BH, Chang FR, El-Shazly M, Singab ANB.",J Nat Prod,2018.0
CHEMBL4145460,1,Discovery of novel high potent and cellular active ADC type PTP1B inhibitors with selectivity over TC-PTP via modification interacting with C site.,"Du Y, Zhang Y, Ling H, Li Q, Shen J.",Eur J Med Chem,2018.0
CHEMBL4152187,1,Plant-derived mPGES-1 inhibitors or suppressors: A new emerging trend in the search for small molecules to combat inflammation.,"Khan H, Rengasamy KRR, Pervaiz A, Nabavi SM, Atanasov AG, Kamal MA.",Eur J Med Chem,2018.0
CHEMBL4177545,1,Potential Antiosteoporotic Natural Product Lead Compounds That Inhibit 17β-Hydroxysteroid Dehydrogenase Type 2.,"Vuorinen A, Engeli RT, Leugger S, Bachmann F, Akram M, Atanasov AG, Waltenberger B, Temml V, Stuppner H, Krenn L, Ateba SB, Njamen D, Davis RA, Odermatt A, Schuster D.",J Nat Prod,2017.0
CHEMBL4177658,1,"Benzo[c][1,2,5]thiadiazole derivatives: A new class of potent Src homology-2 domain containing protein tyrosine phosphatase-2 (SHP2) inhibitors.","Wang WL, Chen XY, Gao Y, Gao LX, Sheng L, Zhu J, Xu L, Ding ZZ, Zhang C, Li JY, Li J, Zhou YB.",Bioorg Med Chem Lett,2017.0
CHEMBL4184192,1,"5-HT1A and 5-HT2A receptors affinity, docking studies and pharmacological evaluation of a series of 8-acetyl-7-hydroxy-4-methylcoumarin derivatives.","Ostrowska K, Grzeszczuk D, Głuch-Lutwin M, Gryboś A, Siwek A, Leśniak A, Sacharczuk M, Trzaskowski B.",Bioorg Med Chem,2018.0
CHEMBL4184305,1,Inhibition of histone lysine methyltransferases G9a and GLP by ejection of structural Zn(II).,"Lenstra DC, Al Temimi AHK, Mecinović J.",Bioorg Med Chem Lett,2018.0
CHEMBL4190223,1,Natural Products Discovered in a High-Throughput Screen Identified as Inhibitors of RGS17 and as Cytostatic and Cytotoxic Agents for Lung and Prostate Cancer Cell Lines.,"Bodle CR, Mackie DI, Hayes MP, Schamp JH, Miller MR, Henry MD, Doorn JA, Houtman JCD, James MA, Roman DL.",J Nat Prod,2017.0
CHEMBL4190389,1,Synthesis and activity of di- or trisubstituted N-(phenoxyalkyl)- or N-{2-[2-(phenoxy)ethoxy]ethyl}piperazine derivatives on the central nervous system.,"Pańczyk K, Pytka K, Jakubczyk M, Rapacz A, Sałat K, Furgała A, Siwek A, Głuch-Lutwin M, Gryboś A, Słoczyńska K, Pękala E, Żmudzki P, Bucki A, Kołaczkowski M, Żelaszczyk D, Marona H, Waszkielewicz AM.",Bioorg Med Chem Lett,2018.0
CHEMBL4190401,1,Lung cancer and matrix metalloproteinases inhibitors of polyphenols from Selaginella tamariscina with suppression activity of migration.,"Wang CG, Yao WN, Zhang B, Hua J, Liang D, Wang HS.",Bioorg Med Chem Lett,2018.0
CHEMBL4196096,1,Reviewing Hit Discovery Literature for Difficult Targets: Glutathione Transferase Omega-1 as an Example.,"Xie Y, Dahlin JL, Oakley AJ, Casarotto MG, Board PG, Baell JB.",J Med Chem,2018.0
CHEMBL4196100,1,Advances and Insights for Small Molecule Inhibition of Macrophage Migration Inhibitory Factor.,"Trivedi-Parmar V, Jorgensen WL.",J Med Chem,2018.0
CHEMBL4196105,1,Discovery of β-Arrestin Biased Ligands of 5-HT7R.,"Kim Y, Kim H, Lee J, Lee JK, Min SJ, Seong J, Rhim H, Tae J, Lee HJ, Choo H.",J Med Chem,2018.0
CHEMBL4196134,1,Enantiomeric Pairs of Meroterpenoids with Diverse Heterocyclic Systems from Rhododendron nyingchiense.,"Huang GH, Hu Z, Lei C, Wang PP, Yang J, Li JY, Li J, Hou AJ.",J Nat Prod,2018.0
CHEMBL4196177,1,"Synthesis, Evaluation, and Structure-Activity Relationship Study of Lanosterol Derivatives To Reverse Mutant-Crystallin-Induced Protein Aggregation.","Yang X, Chen XJ, Yang Z, Xi YB, Wang L, Wu Y, Yan YB, Rao Y.",J Med Chem,2018.0
CHEMBL4196220,1,Synthesis and Discovery of Arylpiperidinylquinazolines: New Inhibitors of the Vesicular Monoamine Transporter.,"Provencher BA, Eshleman AJ, Johnson RA, Shi X, Kryatova O, Nelson J, Tian J, Gonzalez M, Meltzer PC, Janowsky A.",J Med Chem,2018.0
CHEMBL4219086,1,Development of benzoxazole deoxybenzoin oxime and acyloxylamine derivatives targeting innate immune sensors and xanthine oxidase for treatment of gout.,"Huang J, Zhou Z, Zhou M, Miao M, Li H, Hu Q.",Bioorg Med Chem,2018.0
CHEMBL4219134,1,"Xanthone derivatives as phosphoglycerate mutase 1 inhibitors: Design, synthesis, and biological evaluation.","Wang P, Jiang L, Cao Y, Zhang X, Chen B, Zhang S, Huang K, Ye D, Zhou L.",Bioorg Med Chem,2018.0
CHEMBL4229332,1,Novel multi-target azinesulfonamides of cyclic amine derivatives as potential antipsychotics with pro-social and pro-cognitive effects.,"Zajdel P, Kos T, Marciniec K, Satała G, Canale V, Kamiński K, Hołuj M, Lenda T, Koralewski R, Bednarski M, Nowiński L, Wójcikowski J, Daniel WA, Nikiforuk A, Nalepa I, Chmielarz P, Kuśmierczyk J, Bojarski AJ, Popik P.",Eur J Med Chem,2018.0
CHEMBL4229387,1,Recent progress of the development of dipeptidyl peptidase-4 inhibitors for the treatment of type 2 diabetes mellitus.,"Li N, Wang LJ, Jiang B, Li XQ, Guo CL, Guo SJ, Shi DY.",Eur J Med Chem,2018.0
CHEMBL4229490,1,Cytotoxic and NF-κB and mitochondrial transmembrane potential inhibitory pentacyclic triterpenoids from Syzygium corticosum and their semi-synthetic derivatives.,"Ren Y, Anaya-Eugenio GD, Czarnecki AA, Ninh TN, Yuan C, Chai HB, Soejarto DD, Burdette JE, de Blanco EJC, Kinghorn AD.",Bioorg Med Chem,2018.0
CHEMBL4251612,1,Naturally occurring Diels-Alder-type adducts from Morus nigra as potent inhibitors of Mycobacterium tuberculosis protein tyrosine phosphatase B.,"Mascarello A, Orbem Menegatti AC, Calcaterra A, Martins PGA, Chiaradia-Delatorre LD, D'Acquarica I, Ferrari F, Pau V, Sanna A, De Logu A, Botta M, Botta B, Terenzi H, Mori M.",Eur J Med Chem,2018.0
CHEMBL4257453,1,Identification of karanjin isolated from the Indian beech tree as a potent CYP1 enzyme inhibitor with cellular efficacy <i>via</i> screening of a natural product repository.,"Joshi P, Sonawane VR, Williams IS, McCann GJP, Gatchie L, Sharma R, Satti N, Chaudhuri B, Bharate SB.",Medchemcomm,2018.0
CHEMBL4257488,1,Synthesis and evaluation of nuciferine and roemerine enantiomers as 5-HT<sub>2</sub> and α<sub>1</sub> receptor antagonists.,"Heng HL, Chee CF, Chin SP, Ouyang Y, Wang H, Buckle MJC, Herr DR, Paterson IC, Doughty SW, Abd Rahman N, Chung LY.",Medchemcomm,2018.0
CHEMBL4257582,1,Discovery and Lead Optimization of Atropisomer D1 Agonists with Reduced Desensitization.,"Davoren JE, Nason D, Coe J, Dlugolenski K, Helal C, Harris AR, LaChapelle E, Liang S, Liu Y, O'Connor R, Orozco CC, Rai BK, Salafia M, Samas B, Xu W, Kozak R, Gray D.",J Med Chem,2018.0
CHEMBL4261524,1,"Succinct synthesis of saturated hydroxy fatty acids and <i>in vitro</i> evaluation of all hydroxylauric acids on FFA1, FFA4 and GPR84.","Kaspersen MH, Jenkins L, Dunlop J, Milligan G, Ulven T.",Medchemcomm,2017.0
CHEMBL4261543,1,Integrating docking scores and key interaction profiles to improve the accuracy of molecular docking: towards novel B-Raf<sup>V600E</sup> inhibitors.,"Hu CQ, Li K, Yao TT, Hu YZ, Ying HZ, Dong XW.",Medchemcomm,2017.0
CHEMBL4261553,1,Development of selective agents targeting serotonin 5HT<sub>1A</sub> receptors with subnanomolar activities based on a coumarin core.,"Ostrowska K, Grzeszczuk D, Głuch-Lutwin M, Gryboś A, Siwek A, Dobrzycki Ł, Trzaskowski B.",Medchemcomm,2017.0
CHEMBL4261634,1,"Design and optimization of 2,3-dihydrobenzo[b][1,4]dioxine propanoic acids as novel GPR40 agonists with improved pharmacokinetic and safety profiles.","Guo B, Guo S, Huang J, Li J, Li J, Chen Q, Zhou X, Xie X, Yang Y.",Bioorg Med Chem,2018.0
CHEMBL4265878,1,Dual-Specificity Tyrosine Phosphorylation-Regulated Kinase 1A (DYRK1A) Inhibitors as Potential Therapeutics.,"Jarhad DB, Mashelkar KK, Kim HR, Noh M, Jeong LS.",J Med Chem,2018.0
CHEMBL4266047,1,"First Report of Plant-Derived β-Sitosterol with Antithrombotic, in Vivo Anticoagulant, and Thrombus-Preventing Activities in a Mouse Model.","Gogoi D, Pal A, Chattopadhyay P, Paul S, Deka RC, Mukherjee AK.",J Nat Prod,2018.0
CHEMBL4270672,1,Synthesis and Biological Evaluation of Fused Tricyclic Heterocycle Piperazine (Piperidine) Derivatives As Potential Multireceptor Atypical Antipsychotics.,"Cao X, Zhang Y, Chen Y, Qiu Y, Yu M, Xu X, Liu X, Liu BF, Zhang L, Zhang G.",J Med Chem,2018.0
CHEMBL4304767,1,Discovery of Selective M4 Muscarinic Acetylcholine Receptor Agonists with Novel Carbamate Isosteres.,"Yang Q, Lachapelle EA, Kablaoui NM, Webb D, Popiolek M, Grimwood S, Kozak R, O'Connor RE, Lazzaro JT, Butler CR, Zhang L.",ACS Med Chem Lett,2019.0
CHEMBL4308904,1,Flavone-based natural product agents as new lysine-specific demethylase 1 inhibitors exhibiting cytotoxicity against breast cancer cells in vitro.,"Xu X, Peng W, Liu C, Li S, Lei J, Wang Z, Kong L, Han C.",Bioorg Med Chem,2019.0
CHEMBL4311934,1,Exploration of [2 + 2 + 2] cyclotrimerisation methodology to prepare tetrahydroisoquinoline-based compounds with potential aldo-keto reductase 1C3 target affinity.,"Santos ARN, Sheldrake HM, Ibrahim AIM, Danta CC, Bonanni D, Daga M, Oliaro-Bosso S, Boschi D, Lolli ML, Pors K.",Medchemcomm,2019.0
CHEMBL4311986,1,"Synthesis and biological evaluation of new multi-target 3-(1H-indol-3-yl)pyrrolidine-2,5-dione derivatives with potential antidepressant effect.","Wróbel MZ, Chodkowski A, Herold F, Marciniak M, Dawidowski M, Siwek A, Starowicz G, Stachowicz K, Szewczyk B, Nowak G, Belka M, Bączek T, Satała G, Bojarski AJ, Turło J.",Eur J Med Chem,2019.0
CHEMBL4316603,1,Fluorination of Photoswitchable Muscarinic Agonists Tunes Receptor Pharmacology and Photochromic Properties.,"Agnetta L, Bermudez M, Riefolo F, Matera C, Claro E, Messerer R, Littmann T, Wolber G, Holzgrabe U, Decker M.",J Med Chem,2019.0
CHEMBL4316629,1,"Discovery of 1,3-diphenyl-1H-pyrazole derivatives containing rhodanine-3-alkanoic acid groups as potential PTP1B inhibitors.","Sun L, Wang P, Xu L, Gao L, Li J, Piao H.",Bioorg Med Chem Lett,2019.0
CHEMBL4330064,1,Phytoestrogens and their synthetic analogues as substrate mimic inhibitors of CYP1B1.,"Mohd Siddique MU, Barbhuiya TK, Sinha BN, Jayaprakash V.",Eur J Med Chem,2019.0
CHEMBL4330159,1,Isoquinoline Alkaloids from Berberis vulgaris as Potential Lead Compounds for the Treatment of Alzheimer's Disease.,"Hostalkova A, Marikova J, Opletal L, Korabecny J, Hulcova D, Kunes J, Novakova L, Perez DI, Jun D, Kucera T, Andrisano V, Siatka T, Cahlikova L.",J Nat Prod,2019.0
CHEMBL4334470,1,Small molecule modulators targeting protein kinase CK1 and CK2.,"Qiao Y, Chen T, Yang H, Chen Y, Lin H, Qu W, Feng F, Liu W, Guo Q, Liu Z, Sun H.",Eur J Med Chem,2019.0
CHEMBL4334488,1,"[<sup>3</sup>H]UR-DEBa176: A 2,4-Diaminopyrimidine-Type Radioligand Enabling Binding Studies at the Human, Mouse, and Rat Histamine H<sub>4</sub> Receptors.","Bartole E, Littmann T, Tanaka M, Ozawa T, Buschauer A, Bernhardt G.",J Med Chem,2019.0
CHEMBL4339211,1,"Chemical synthesis, microbial transformation and biological evaluation of tetrahydroprotoberberines as dopamine D1/D2 receptor ligands.","Ge H, Zhang Y, Yang Z, Qiang K, Chen C, Sun L, Chen M, Zhang J.",Bioorg Med Chem,2019.0
CHEMBL4340510,1,"Design, synthesis, and biological evaluation of truncated deguelin derivatives as Hsp90 inhibitors.","Yao H, Xu F, Wang G, Xie S, Li W, Yao H, Ma C, Zhu Z, Xu J, Xu S.",Eur J Med Chem,2019.0
CHEMBL4342411,1,Novel multitarget 5-arylidenehydantoins with arylpiperazinealkyl fragment: Pharmacological evaluation and investigation of cytotoxicity and metabolic stability.,"Czopek A, Bucki A, Kołaczkowski M, Zagórska A, Drop M, Pawłowski M, Siwek A, Głuch-Lutwin M, Pękala E, Chrzanowska A, Struga M, Partyka A, Wesołowska A.",Bioorg Med Chem,2019.0
CHEMBL4342419,1,Structure-activity relationships of serotonin 5-HT<sub>7</sub> receptors ligands: A review.,"Thirumaran SL, Lepailleur A, Rochais C.",Eur J Med Chem,2019.0
CHEMBL4342430,1,An Agonist Radioligand for the Proinflammatory Lipid-Activated G Protein-Coupled Receptor GPR84 Providing Structural Insights.,"Köse M, Pillaiyar T, Namasivayam V, De Filippo E, Sylvester K, Ulven T, von Kügelgen I, Müller CE.",J Med Chem,2020.0
CHEMBL4346663,1,N-Cinnamoylanthranilates as human TRPA1 modulators: Structure-activity relationships and channel binding sites.,"Chandrabalan A, McPhillie MJ, Morice AH, Boa AN, Sadofsky LR.",Eur J Med Chem,2019.0
CHEMBL4346701,1,Synthesis and biological evaluation of tryptophan-derived rhodanine derivatives as PTP1B inhibitors and anti-bacterial agents.,"Liu H, Sun D, Du H, Zheng C, Li J, Piao H, Li J, Sun L.",Eur J Med Chem,2019.0
CHEMBL4350994,1,Andrographolide: A natural product template for the generation of structurally and biologically diverse diterpenes.,"Kandanur SGS, Tamang N, Golakoti NR, Nanduri S.",Eur J Med Chem,2019.0
CHEMBL4354817,1,4-(3-Aminoazetidin-1-yl)pyrimidin-2-amines as High-Affinity Non-imidazole Histamine H3 Receptor Agonists with in Vivo Central Nervous System Activity.,"Wágner G, Mocking TAM, Arimont M, Provensi G, Rani B, Silva-Marques B, Latacz G, Da Costa Pereira D, Karatzidou C, Vischer HF, Wijtmans M, Kieć-Kononowicz K, de Esch IJP, Leurs R.",J Med Chem,2019.0
CHEMBL4359885,1,Novel multi target-directed ligands targeting 5-HT<sub>4</sub> receptors with in cellulo antioxidant properties as promising leads in Alzheimer's disease.,"Lanthier C, Payan H, Liparulo I, Hatat B, Lecoutey C, Since M, Davis A, Bergamini C, Claeysen S, Dallemagne P, Bolognesi ML, Rochais C.",Eur J Med Chem,2019.0
CHEMBL4359900,1,Design of fluorinated cyclopropane derivatives of 2-phenylcyclopropylmethylamine leading to identification of a selective serotonin 2C (5-HT<sub>2C</sub>) receptor agonist without 5-HT<sub>2B</sub> agonism.,"Zhang G, McCorvy JD, Shen S, Cheng J, Roth BL, Kozikowski AP.",Eur J Med Chem,2019.0
CHEMBL4364313,1,"Synthesis of new 5,6,7,8-tetrahydropyrido[1,2-c]pyrimidine derivatives with rigidized tryptamine moiety as potential SSRI and 5-HT<sub>1A</sub> receptor ligands.","Ślifirski G, Król M, Kleps J, Podsadni P, Belka M, Bączek T, Siwek A, Stachowicz K, Szewczyk B, Nowak G, Bojarski A, Kozioł AE, Turło J, Herold F.",Eur J Med Chem,2019.0
CHEMBL4364325,1,"Synthesis, pharmacological and structural studies of 5-substituted-3-(1-arylmethyl-1,2,3,6-tetrahydropyridin-4-yl)-1H-indoles as multi-target ligands of aminergic GPCRs.","Kondej M, Wróbel TM, Silva AG, Stępnicki P, Koszła O, Kędzierska E, Bartyzel A, Biała G, Matosiuk D, Loza MI, Castro M, Kaczor AA.",Eur J Med Chem,2019.0
CHEMBL4368908,1,Inhibition of Inositol Polyphosphate Kinases by Quercetin and Related Flavonoids: A Structure-Activity Analysis.,"Gu C, Stashko MA, Puhl-Rubio AC, Chakraborty M, Chakraborty A, Frye SV, Pearce KH, Wang X, Shears SB, Wang H.",J Med Chem,2019.0
CHEMBL4368927,1,A review on flavones targeting serine/threonine protein kinases for potential anticancer drugs.,"Zhao L, Yuan X, Wang J, Feng Y, Ji F, Li Z, Bian J.",Bioorg Med Chem,2019.0
CHEMBL4371045,1,Novel Strategies To Activate the Dopamine D<sub>1</sub> Receptor: Recent Advances in Orthosteric Agonism and Positive Allosteric Modulation.,"Hall A, Provins L, Valade A.",J Med Chem,2019.0
CHEMBL4376804,1,Review of Transient Receptor Potential Canonical (TRPC5) Channel Modulators and Diseases.,"Sharma S, Hopkins CR.",J Med Chem,2019.0
CHEMBL4385620,1,Inhibition of polypeptide N-acetyl-α-galactosaminyltransferases is an underlying mechanism of dietary polyphenols preventing colorectal tumorigenesis.,"Liu F, Cui Y, Yang F, Xu Z, Da LT, Zhang Y.",Bioorg Med Chem,2019.0
CHEMBL4387713,1,Galloyl Carbohydrates with Antiangiogenic Activity Mediated by Capillary Morphogenesis Gene 2 (CMG2) Protein Binding.,"G-Doyagüez E, Carrero P, Madrona A, Rodriguez-Salamanca P, Martínez-Gualda B, Camarasa MJ, Jimeno ML, Bennallack PR, Finnell JG, Tsang TM, Christensen KA, San-Félix A, Rogers MS.",J Med Chem,2019.0
CHEMBL4387742,1,Naturally occurring biflavonoids with amyloid β aggregation inhibitory activity for development of anti-Alzheimer agents.,"Sirimangkalakitti N, Juliawaty LD, Hakim EH, Waliana I, Saito N, Koyama K, Kinoshita K.",Bioorg Med Chem Lett,2019.0
CHEMBL4392822,1,"HSP60/10 chaperonin systems are inhibited by a variety of approved drugs, natural products, and known bioactive molecules.","Stevens M, Abdeen S, Salim N, Ray AM, Washburn A, Chitre S, Sivinski J, Park Y, Hoang QQ, Chapman E, Johnson SM.",Bioorg Med Chem Lett,2019.0
CHEMBL4402535,1,Ellagic acid a multi-target bioactive compound for drug discovery in CNS? A narrative review.,"Alfei S, Turrini F, Catena S, Zunin P, Grilli M, Pittaluga AM, Boggia R.",Eur J Med Chem,2019.0
CHEMBL4402598,1,Design and Synthesis of Bitopic 2-Phenylcyclopropylmethylamine (PCPMA) Derivatives as Selective Dopamine D3 Receptor Ligands.,"Tan L, Zhou Q, Yan W, Sun J, Kozikowski AP, Zhao S, Huang XP, Cheng J.",J Med Chem,2020.0
CHEMBL4402608,1,"Discovery, Optimization, and Characterization of ML417: A Novel and Highly Selective D3 Dopamine Receptor Agonist.","Moritz AE, Free RB, Weiner WS, Akano EO, Gandhi D, Abramyan A, Keck TM, Ferrer M, Hu X, Southall N, Steiner J, Aubé J, Shi L, Frankowski KJ, Sibley DR.",J Med Chem,2020.0
CHEMBL4406799,1,Identification of benzo[cd]indol-2(1H)-ones as novel Atg4B inhibitors via a structure-based virtual screening and a novel AlphaScreen assay.,"Quintana M, Bilbao A, Comas-Barceló J, Bujons J, Triola G.",Eur J Med Chem,2019.0
CHEMBL4406867,1,Synthesis and antidepressant effect of novel aralkyl piperazine and piperidine derivatives targeting SSRI/5-HT1A/5-HT7.,"Gu ZS, Wang WT, Qian H, Zhou AN, Sun HB, Zhang QW, Li JQ.",Bioorg Med Chem Lett,2019.0
CHEMBL4411257,1,Inhibitors of Melanogenesis: An Updated Review.,"Pillaiyar T, Namasivayam V, Manickam M, Jung SH.",J Med Chem,2018.0
CHEMBL4411259,1,Medicinal properties of terpenes found in Cannabis sativa and Humulus lupulus.,Nuutinen T.,Eur J Med Chem,2018.0
CHEMBL4414619,1,Protein Tyrosine Phosphatase 1B Inhibitory Iridoids from Psydrax subcordata.,"Zhou J, Wu Z, Oyawaluja BO, Coker HAB, Odukoya OA, Yao G, Che CT.",J Nat Prod,2019.0
CHEMBL4414667,1,"Uncarialins A-I, Monoterpenoid Indole Alkaloids from <i>Uncaria rhynchophylla</i> as Natural Agonists of the 5-HT<sub>1A</sub> Receptor.","Liang JH, Luan ZL, Tian XG, Zhao WY, Wang YL, Sun CP, Huo XK, Deng S, Zhang BJ, Zhang ZJ, Ma XC.",J Nat Prod,2019.0
CHEMBL4417626,38,Post-Translational Regulation of Catalytic Activities of Cytochrome P450 46A1 and Uses Thereof,,,2017.0
CHEMBL4417637,38,Sensitization of cancer cells to nampt inhibitors by nicotinic acid phosphoribosyltransferase neutralization,,,2017.0
CHEMBL4418499,38,Inhibitors of trim33 and methods of use,,,2018.0
CHEMBL4420065,38,Synaptojanin-2 inhibitors for use in the treatment of cancer,,,2017.0
CHEMBL4425086,1,"Plumbagin, Juglone, and Boropinal as Novel TRPA1 Agonists.","Hill K, Fiorito S, Taddeo VA, Schulze A, Leonhardt M, Epifano F, Genovese S.",J Nat Prod,2016.0
CHEMBL4425143,1,Design and synthesis of new homo and hetero bis-piperazinyl-1-propanone derivatives as 5-HT7R selective ligands over 5-HT1AR.,"Intagliata S, Modica MN, Pittalà V, Salerno L, Siracusa MA, Cagnotto A, Salmona M, Romeo G.",Bioorg Med Chem Lett,2016.0
CHEMBL4428089,1,Novel multifunctional dopamine D<sub>2</sub>/D<sub>3</sub> receptors agonists with potential neuroprotection and anti-alpha synuclein protein aggregation properties.,"Luo D, Sharma H, Yedlapudi D, Antonio T, Reith MEA, Dutta AK.",Bioorg Med Chem,2016.0
CHEMBL4431386,1,"Potent selective monoamine oxidase B inhibition by maackiain, a pterocarpan from the roots of Sophora flavescens.","Lee HW, Ryu HW, Kang MG, Park D, Oh SR, Kim H.",Bioorg Med Chem Lett,2016.0
CHEMBL4433200,1,Another look at phenolic compounds in cancer therapy the effect of polyphenols on ubiquitin-proteasome system.,"Golonko A, Pienkowski T, Swislocka R, Lazny R, Roszko M, Lewandowski W.",Eur J Med Chem,2019.0
CHEMBL4433225,1,Synthesis and Pharmacological Evaluation of Noncatechol G Protein Biased and Unbiased Dopamine D1 Receptor Agonists.,"Wang P, Felsing DE, Chen H, Raval SR, Allen JA, Zhou J.",ACS Med Chem Lett,2019.0
CHEMBL4433240,1,Identification and characterization of potent and selective inhibitors targeting protein tyrosine phosphatase 1B (PTP1B).,"Jin J, Ye X, Boateng D, Dai K, Ye F, Du P, Yu H.",Bioorg Med Chem Lett,2019.0
CHEMBL4477262,1,Non-canonical modulators of nuclear receptors.,"Tice CM, Zheng YJ.",Bioorg Med Chem Lett,2016.0
CHEMBL4482311,38,Modulators of Prostate-Specific G-Protein Receptor (PSGR/OR51E2) and Methods of Using Same,,,2018.0
CHEMBL4482312,38,HTS Assay for Identifying Small Molecule Inhibitors of RAD52 and Uses of Identified Small Molecule Inhibitors for Treatment and Prevention of BRCA-Deficient Malignancies,,,2018.0
CHEMBL4602629,1,Isolation of three new meroterpenoids and seven known compounds from Albatrellus yasudae and their Aβ-aggregation inhibitory activity.,"Akiba M, Kinoshita K, Kino Y, Sato JI, Koyama K.",Bioorg Med Chem Lett,2020.0
CHEMBL4602658,1,Stilbenes with Potent Protein Tyrosine Phosphatase-1B Inhibitory Activity from the Roots of <i>Polygonum multiflorum</i>.,"Nguyen TA, Ha MT, Park SE, Choi JS, Min BS, Kim JA.",J Nat Prod,2020.0
CHEMBL4602692,1,"Synthesis and Biological Evaluation of Tryptamines Found in Hallucinogenic Mushrooms: Norbaeocystin, Baeocystin, Norpsilocin, and Aeruginascin.","Sherwood AM, Halberstadt AL, Klein AK, McCorvy JD, Kaylo KW, Kargbo RB, Meisenheimer P.",J Nat Prod,2020.0
CHEMBL4602702,1,Red-Emitting Dibenzodiazepinone Derivatives as Fluorescent Dualsteric Probes for the Muscarinic Acetylcholine M<sub>2</sub> Receptor.,"She X, Pegoli A, Gruber CG, Wifling D, Carpenter J, Hübner H, Chen M, Wan J, Bernhardt G, Gmeiner P, Holliday ND, Keller M.",J Med Chem,2020.0
CHEMBL4609975,1,Pharmacological urate-lowering approaches in chronic kidney disease.,"Li X, Liu J, Ma L, Fu P.",Eur J Med Chem,2019.0
CHEMBL4610051,1,Spirobiflavonoid stereoisomers from the endangered conifer Glyptostrobus pensilis and their protein tyrosine phosphatase 1B inhibitory activity.,"Xiong J, Hu CL, Wang PP, Gao DD, Huang F, Li J, Hu JF.",Bioorg Med Chem Lett,2020.0
CHEMBL4610094,1,Prenylated Phenolic Compounds from the Aerial Parts of <i>Glycyrrhiza uralensis</i> as PTP1B and α-Glucosidase Inhibitors.,"Fan JR, Kuang Y, Dong ZY, Yi Y, Zhou YX, Li B, Qiao X, Ye M.",J Nat Prod,2020.0
CHEMBL4616647,1,PTP1B-Inhibiting Branched-Chain Fatty Acid Dimers from Eremophila oppositifolia subsp. angustifolia Identified by High-Resolution PTP1B Inhibition Profiling and HPLC-PDA-HRMS-SPE-NMR Analysis.,"Pedersen HA, Ndi C, Semple SJ, Buirchell B, Møller BL, Staerk D.",J Nat Prod,2020.0
CHEMBL4619731,1,Identification of a new class of non-electrophilic TRPA1 agonists by a structure-based virtual screening approach.,"Araki M, Kanda N, Iwata H, Sagae Y, Masuda K, Okuno Y.",Bioorg Med Chem Lett,2020.0
CHEMBL4619810,1,"Fluorescent H<sub>2</sub> Receptor Squaramide-Type Antagonists: Synthesis, Characterization, and Applications.","Biselli S, Alencastre I, Tropmann K, Erdmann D, Chen M, Littmann T, Maia AF, Gomez-Lazaro M, Tanaka M, Ozawa T, Keller M, Lamghari M, Buschauer A, Bernhardt G.",ACS Med Chem Lett,2020.0
CHEMBL4622953,1,Synthesis and biological evaluation of thioadatanserin and its dialkylated products as partial 5-HTR<sub>1A</sub> agonists and 5-HTR<sub>2A</sub> antagonists for potential use in depression and anxiety disorders.,"Evans CA, Zuluaga A, Vasquez Matute D, Baradaran-Noviri S, Perez-Cervantes N, Siegler MA.",Bioorg Med Chem Lett,2020.0
CHEMBL4622954,1,Structural manipulation of aporphines via C10 nitrogenation leads to the identification of new 5-HT<sub>7A</sub>R ligands.,"Karki A, Namballa HK, Alberts I, Harding WW.",Bioorg Med Chem,2020.0
CHEMBL4622956,1,"Amide derivatives of Gallic acid: Design, synthesis and evaluation of inhibitory activities against in vitro α-synuclein aggregation.","Chen L, Huang GL, Lü MH, Zhang YX, Xu J, Bai SP.",Bioorg Med Chem,2020.0
CHEMBL4627299,1,Computational discovery and biological evaluation of novel inhibitors targeting histone-lysine N-methyltransferase SET7.,"Min W, Hou Z, Zhang F, Xie S, Yuan K, Dong H, Wang L, Qi L, Luo C, Ding H, Yang P.",Bioorg Med Chem,2020.0
CHEMBL4665678,1,Overview of AKR1C3: Inhibitor Achievements and Disease Insights.,"Liu Y,He S,Chen Y,Liu Y,Feng F,Liu W,Guo Q,Zhao L,Sun H",J Med Chem,2020.0
CHEMBL4665773,1,Structure activity relationship exploration of 5-hydroxy-2-(3-phenylpropyl)chromones as a unique 5-HT receptor antagonist scaffold.,"Kim M,Truss M,Pagare PP,Essandoh MA,Zhang Y,Williams DA",Bioorg Med Chem Lett,2020.0
CHEMBL4665789,1,Discovery of Novel pERK1/2- or β-Arrestin-Preferring 5-HT Receptor-Biased Agonists: Diversified Therapeutic-like versus Side Effect Profile.,"Sniecikowska J,Gluch-Lutwin M,Bucki A,Więckowska A,Siwek A,Jastrzebska-Wiesek M,Partyka A,Wilczyńska D,Pytka K,Latacz G,Przejczowska-Pomierny K,Wyska E,Wesołowska A,Pawłowski M,Newman-Tancredi A,Kolaczkowski M",J Med Chem,2020.0
CHEMBL4673221,1,Furanoflavones pongapin and lanceolatin B blocks the cell cycle and induce senescence in CYP1A1-overexpressing breast cancer cells.,"Sharma R,Williams IS,Gatchie L,Sonawane VR,Chaudhuri B,Bharate SB",Bioorg Med Chem,2018.0
CHEMBL4680082,1,Design and Discovery of Functionally Selective Serotonin 2C (5-HT) Receptor Agonists.,"Cheng J,McCorvy JD,Giguere PM,Zhu H,Kenakin T,Roth BL,Kozikowski AP",J Med Chem,2016.0
CHEMBL4680206,1,Novel pyrrolidinone derivative lacks claimed histamine H receptor stimulation in receptor binding and functional studies.,"Reiner D,Zivkovic A,Labeeuw O,Krief S,Capet M,Stark H",Eur J Med Chem,2020.0
CHEMBL4680220,1,Synthesis and biological evaluation of acridine-based histone deacetylase inhibitors as multitarget agents against Alzheimer's disease.,"Tseng HJ,Lin MH,Shiao YJ,Yang YC,Chu JC,Chen CY,Chen YY,Lin TE,Su CJ,Pan SL,Chen LC,Wang CY,Hsu KC,Huang WJ",Eur J Med Chem,2020.0
CHEMBL4680296,1,"Design, synthesis and biological evaluation of novel thiazole-based derivatives as human Pin1 inhibitors.","Du L,Wang X,Cui G,Xu B",Bioorg Med Chem,2021.0
CHEMBL4680312,1,Novel potent (dihydro)benzofuranyl piperazines as human histamine receptor ligands - Functional characterization and modeling studies on H and H receptors.,"Corrêa MF,Balico-Silva AL,Kiss DJ,Fernandes GAB,Maraschin JC,Parreiras-E-Silva LT,Varela MT,Simões SC,Bouvier M,Keserű GM,Costa-Neto CM,Fernandes JPS",Bioorg Med Chem,2021.0
CHEMBL4680324,1,Discovery of natural product ellagic acid as a potent CD73 and CD39 dual inhibitor.,"Wang Y,Wang C,Zhu Y,Zhang Y,Chen B,Wu Y,Yao J,Miao Z",Bioorg Med Chem Lett,2021.0
CHEMBL4699438,1,Toward the discovery and development of effective modulators of α-synuclein amyloid aggregation.,Oliveri V,Eur J Med Chem,2019.0
CHEMBL4699504,1,7-Hydroxycoumarins Are Affinity-Based Fluorescent Probes for Competitive Binding Studies of Macrophage Migration Inhibitory Factor.,"Xiao Z,Chen D,Song S,van der Vlag R,van der Wouden PE,van Merkerk R,Cool RH,Hirsch AKH,Melgert BN,Quax WJ,Poelarends GJ,Dekker FJ",J Med Chem,2020.0
CHEMBL4699508,1,Bioactivity-Guided Discovery of Human Carboxylesterase Inhibitors from the Roots of Paeonia lactiflora.,"Zhang JF,Zhong WC,Li YC,Song YQ,Xia GY,Tian GH,Ge GB,Lin S",J Nat Prod,2020.0
CHEMBL4699554,1,Biological Evaluation of Selected Flavonoids as Inhibitors of MNKs Targeting Acute Myeloid Leukemia.,"Chen LC,Huang HL,HuangFu WC,Yen SC,Ngo ST,Wu YW,Lin TE,Sung TY,Lien ST,Tseng HJ,Pan SL,Huang WJ,Hsu KC",J Nat Prod,2020.0
CHEMBL4699656,1,Synthesis and structure-activity relationship of coumarins as potent Mcl-1 inhibitors for cancer treatment.,"Xia YL,Wang JJ,Li SY,Liu Y,Gonzalez FJ,Wang P,Ge GB",Bioorg Med Chem,2021.0
CHEMBL4706479,1,Novel Aryloxyethyl Derivatives of 1-(1-Benzoylpiperidin-4-yl)methanamine as the Extracellular Regulated Kinases 1/2 (ERK1/2) Phosphorylation-Preferring Serotonin 5-HT Receptor-Biased Agonists with Robust Antidepressant-like Activity.,"Sniecikowska J,Gluch-Lutwin M,Bucki A,Więckowska A,Siwek A,Jastrzebska-Wiesek M,Partyka A,Wilczyńska D,Pytka K,Pociecha K,Cios A,Wyska E,Wesołowska A,Pawłowski M,Varney MA,Newman-Tancredi A,Kolaczkowski M",J Med Chem,2019.0
CHEMBL4706549,1,Isoquinolinone derivatives as potent CNS multi-receptor D/5-HT/5-HT/5-HT/5-HT agents: Synthesis and pharmacological evaluation.,"Jin J,Zhang K,Dou F,Hao C,Zhang Y,Cao X,Gao L,Xiong J,Liu X,Liu BF,Zhang G,Chen Y",Eur J Med Chem,2020.0
CHEMBL4706630,1,Modulation of the G-Protein-Coupled Receptor 84 (GPR84) by Agonists and Antagonists.,"Chen LH,Zhang Q,Xie X,Nan FJ",J Med Chem,2020.0
CHEMBL4706655,1,"Tetrazanbigen Derivatives as Peroxisome Proliferator-Activated Receptor Gamma (PPARγ) Partial Agonists: Design, Synthesis, Structure-Activity Relationship, and Anticancer Activities.","Gan L,Gan Z,Dan Y,Li Y,Zhang P,Chen S,Ye Z,Pan T,Wan C,Hu X,Yu Y",J Med Chem,2021.0
CHEMBL4706677,1,"Design, synthesis, and biological evaluation of 1,3,6,7-tetrahydroxyxanthone derivatives as phosphoglycerate mutase 1 inhibitors.","Jiang K,Gao B,Yu J,Jiang L,Niu A,Jia Y,Meng T,Zhou L,Wang J",Bioorg Med Chem Lett,2021.0
CHEMBL4706717,1,Covalent Occlusion of the RORγt Ligand Binding Pocket Allows Unambiguous Targeting of an Allosteric Site.,"Meijer FA,van den Oetelaar MCM,Doveston RG,Sampers ENR,Brunsveld L",ACS Med Chem Lett,2021.0
CHEMBL4715852,1,Advances in the Design of Genuine Human Tyrosinase Inhibitors for Targeting Melanogenesis and Related Pigmentations.,"Roulier B,Pérès B,Haudecoeur R",J Med Chem,2020.0
CHEMBL4725220,1,Small molecule inhibitors of IκB kinase β: A chip-based screening and molecular docking simulation.,"Cho YW,Lim HJ,Han MH,Kim BC,Han S",Bioorg Med Chem,2020.0
CHEMBL4725228,1,"An aza-nucleoside, fragment-like inhibitor of the DNA repair enzyme alkyladenine glycosylase (AAG).","Mas Claret E,Al Yahyaei B,Chu S,Elliott RM,Imperato M,Lopez A,Meira LB,Howlin BJ,Whelligan DK",Bioorg Med Chem,2020.0
CHEMBL4725291,1,"Design, synthesis and biological evaluation of novel glyoxalase I inhibitors possessing diazenylbenzenesulfonamide moiety as potential anticancer agents.","Al-Oudat BA,Jaradat HM,Al-Balas QA,Al-Shar'i NA,Bryant-Friedrich A,Bedi MF",Bioorg Med Chem,2020.0
CHEMBL4725405,1,Synthesis and evaluation of 17α-triazolyl and 9α-cyano derivatives of estradiol.,"Wetzel EA,Hanson AM,Troutfetter CL,Burkett DJ,Sem DS,Donaldson WA",Bioorg Med Chem,2020.0
CHEMBL4725436,1,Gibberellin JRA-003: A Selective Inhibitor of Nuclear Translocation of IKKα.,"Annand JR,Henderson AR,Cole KS,Maurais AJ,Becerra J,Liu Y,Weerapana E,Koehler AN,Mapp AK,Schindler CS",ACS Med Chem Lett,2020.0
CHEMBL4732056,1,Current development of CBP/p300 inhibitors in the last decade.,"He ZX,Wei BF,Zhang X,Gong YP,Ma LY,Zhao W",Eur J Med Chem,2021.0
CHEMBL4732117,1,Small Molecule Approaches for Targeting the Polycomb Repressive Complex 2 (PRC2) in Cancer.,"Martin MC,Zeng G,Yu J,Schiltz GE",J Med Chem,2020.0
CHEMBL4765338,1,Simple analogues of natural product chelerythrine: Discovery of a novel anticholinesterase 2-phenylisoquinolin-2-ium scaffold with excellent potency against acetylcholinesterase.,"Zhou B,Li H,Cui Z,Li D,Geng H,Gao J,Zhou L",Eur J Med Chem,2020.0
CHEMBL4765462,1,Synthetic Lethality through the Lens of Medicinal Chemistry.,"Myers SH,Ortega JA,Cavalli A",J Med Chem,2020.0
CHEMBL4808148,59,HDAC6 screening dataset using tau-based substrate in an enzymatic assay yields selective inhibitors and activators,"Bernhard Ellinger, Justus Dick, Vanessa Lage-Rupprecht, Bruce Schultz, Andrea Zaliani, Marcin Namysl, Stephan Gebel, Ole Pless, Jeanette Reinshagen, Christian Ebeling, Alexander Esser, Marc Jacobs, Carsten Claussen, and Martin Hofmann-Apitius",,2021.0
CHEMBL4811318,1,"Pyrrolo[1,2-a]quinoxal-5-inium salts and 4,5-dihydropyrrolo[1,2-a]quinoxalines: Synthesis, activity and computational docking for protein tyrosine phosphatase 1B.","Sánchez-Alonso P, Griera M, García-Marín J, Rodríguez-Puyol M, Alajarín R, Vaquero JJ, Rodríguez-Puyol D.",Bioorg Med Chem,2021.0
CHEMBL4813934,1,Investigation of Selected Flavonoid Derivatives as Potent FLT3 Inhibitors for the Potential Treatment of Acute Myeloid Leukemia.,"Yen SC, Chen LC, Huang HL, Ngo ST, Wu YW, Lin TE, Sung TY, Lien ST, Tseng HJ, Pan SL, Huang WJ, Hsu KC.",J Nat Prod,2021.0
CHEMBL4813951,1,Pharmacological characterization of a new series of carbamoylguanidines reveals potent agonism at the H<sub>2</sub>R and D<sub>3</sub>R.,"Biselli S, Bresinsky M, Tropmann K, Forster L, Honisch C, Buschauer A, Bernhardt G, Pockes S.",Eur J Med Chem,2021.0
CHEMBL4813955,1,New dual 5-HT1A and 5-HT7 receptor ligands derived from SYA16263.,"Ofori E, Onyameh EK, Gonela UM, Voshavar C, Bricker B, Swanson TL, Eshleman AJ, Schmachtenberg JL, Bloom SH, Janowsky AJ, Ablordeppey SY.",Eur J Med Chem,2021.0
CHEMBL4813975,1,Discovery and characterization of a novel glucose-6-phosphate dehydrogenase (G6PD) inhibitor via high-throughput screening.,"Luo Z, Du D, Liu Y, Lu T, Liu L, Jiang H, Chen K, Shan C, Luo C.",Bioorg Med Chem Lett,2021.0
CHEMBL4834398,1,Synthesis of Yakuchinone B-Inspired Inhibitors against Islet Amyloid Polypeptide Aggregation.,"Hsu JY, Rao Sathyan A, Hsu KC, Chen LC, Yen CC, Tseng HJ, Wu KC, Liu HK, Huang WJ.",J Nat Prod,2021.0
CHEMBL4837233,1,Inhibition of BACE1 and Amyloid-β Aggregation by Meroterpenoids from the Mushroom <i>Albatrellus yasudae</i>.,"Masuda Y, Fujihara K, Hayashi S, Sasaki H, Kino Y, Kamauchi H, Noji M, Satoh JI, Takanami T, Kinoshita K, Koyama K.",J Nat Prod,2021.0
CHEMBL4840380,1,The Psychedelic Renaissance: Addressing Potential Adverse Effects in a Therapeutic Setting.,Kargbo RB.,ACS Med Chem Lett,2021.0
CHEMBL4842357,1,Discovery of Novel Apigenin-Piperazine Hybrids as Potent and Selective Poly (ADP-Ribose) Polymerase-1 (PARP-1) Inhibitors for the Treatment of Cancer.,"Long H, Hu X, Wang B, Wang Q, Wang R, Liu S, Xiong F, Jiang Z, Zhang XQ, Ye WC, Wang H.",J Med Chem,2021.0
CHEMBL4842362,1,From virtual screening hits targeting a cryptic pocket in BACE-1 to a nontoxic brain permeable multitarget anti-Alzheimer lead with disease-modifying and cognition-enhancing effects.,"Pont C, Ginex T, Griñán-Ferré C, Scheiner M, Mattellone A, Martínez N, Arce EM, Soriano-Fernández Y, Naldi M, De Simone A, Barenys M, Gómez-Catalán J, Pérez B, Sabate R, Andrisano V, Loza MI, Brea J, Bartolini M, Bolognesi ML, Decker M, Pallàs M, Luque FJ, Muñoz-Torrero D.",Eur J Med Chem,2021.0
CHEMBL5029184,1,Colloidal Aggregators in Biochemical SARS-CoV-2 Repurposing Screens.,"O'Donnell HR, Tummino TA, Bardine C, Craik CS, Shoichet BK.",J Med Chem,2021.0
CHEMBL5032489,1,Selective Discovery of GPCR Ligands within DNA-Encoded Chemical Libraries Derived from Natural Products: A Case Study on Antagonists of Angiotensin II Type I Receptor.,"Liang Q, He J, Zhao X, Xue Y, Zuo H, Xu R, Jin Y, Wang J, Li Q, Zhao X.",J Med Chem,2021.0
CHEMBL5034042,1,Ulotaront: A TAAR1 Agonist for the Treatment of Schizophrenia.,"Heffernan MLR, Herman LW, Brown S, Jones PG, Shao L, Hewitt MC, Campbell JE, Dedic N, Hopkins SC, Koblan KS, Xie L.",ACS Med Chem Lett,2022.0
CHEMBL5038590,1,Discovery of G Protein-Biased Ligands against 5-HT<sub>7</sub>R.,"Lee J, Kwag R, Lee S, Kim D, Woo J, Cho Y, Kim HJ, Kim J, Jeon B, Choo H.",J Med Chem,2021.0
CHEMBL5042491,1,Identification of Small Molecule Inhibitors of RNase L by Fragment-Based Drug Discovery.,"Tang J, Dong B, Liu M, Liu S, Niu X, Gaughan C, Asthana A, Zhou H, Xu Z, Zhang G, Silverman RH, Huang H.",J Med Chem,2022.0
CHEMBL5046218,1,Novel Dual-Target μ-Opioid Receptor and Dopamine D<sub>3</sub> Receptor Ligands as Potential Nonaddictive Pharmacotherapeutics for Pain Management.,"Bonifazi A, Battiti FO, Sanchez J, Zaidi SA, Bow E, Makarova M, Cao J, Shaik AB, Sulima A, Rice KC, Katritch V, Canals M, Lane JR, Newman AH.",J Med Chem,2021.0
CHEMBL5053495,1,A Versatile Sub-Nanomolar Fluorescent Ligand Enables NanoBRET Binding Studies and Single-Molecule Microscopy at the Histamine H<sub>3</sub> Receptor.,"Rosier N, Grätz L, Schihada H, Möller J, Işbilir A, Humphrys LJ, Nagl M, Seibel U, Lohse MJ, Pockes S.",J Med Chem,2021.0
CHEMBL5053503,1,"Activity of <i>Mitragyna speciosa</i> (""Kratom"") Alkaloids at Serotonin Receptors.","León F, Obeng S, Mottinelli M, Chen Y, King TI, Berthold EC, Kamble SH, Restrepo LF, Patel A, Gamez-Jimenez LR, Lopera-Londoño C, Hiranita T, Sharma A, Hampson AJ, Canal CE, McMahon LR, McCurdy CR.",J Med Chem,2021.0
CHEMBL5053521,1,Shining light on the histamine H<sub>2</sub> receptor: Synthesis of carbamoylguanidine-type agonists as a pharmacological tool to study internalization.,"Tropmann K, Seibel-Ehlert U, Littmann T, Strasser A.",Bioorg Med Chem Lett,2021.0
CHEMBL5053534,1,Germacrane sesquiterpenes from leaves of Eupatorium chinense inhibit protein tyrosine phosphatase.,"Yamazaki H, Tsuge H, Takahashi O, Uchida R.",Bioorg Med Chem Lett,2021.0
CHEMBL5096159,1,Annual review of LSD1/KDM1A inhibitors in 2020.,"Fu DJ, Li J, Yu B.",Eur J Med Chem,2021.0
CHEMBL5096181,1,"Isoxazole derivatives as anticancer agent: A review on synthetic strategies, mechanism of action and SAR studies.","Arya GC, Kaur K, Jaitak V.",Eur J Med Chem,2021.0
CHEMBL5104176,1,Highly Potent and Selective Dopamine D<sub>4</sub> Receptor Antagonists Potentially Useful for the Treatment of Glioblastoma.,"Pavletić P, Semeano A, Yano H, Bonifazi A, Giorgioni G, Piergentili A, Quaglia W, Sabbieti MG, Agas D, Santoni G, Pallini R, Ricci-Vitiani L, Sabato E, Vistoli G, Del Bello F.",J Med Chem,2022.0
CHEMBL5107967,1,Targeting EZH2 for cancer therapy: From current progress to novel strategies.,"Zeng J, Zhang J, Sun Y, Wang J, Ren C, Banerjee S, Ouyang L, Wang Y.",Eur J Med Chem,2022.0
CHEMBL5107977,1,Inhibition of MARK4 by serotonin as an attractive therapeutic approach to combat Alzheimer's disease and neuroinflammation.,"Shamsi A, DasGupta D, Alhumaydhi FA, Khan MS, Alsagaby SA, Al Abdulmonem W, Hassan MI, Yadav DK.",RSC Med Chem,2022.0
CHEMBL5107983,1,Adipocyte fatty acid binding protein 4 (FABP4) inhibitors. An update from 2017 to early 2022.,"Floresta G, Patamia V, Zagni C, Rescifina A.",Eur J Med Chem,2022.0
CHEMBL5108026,1,An overview on Estrogen receptors signaling and its ligands in breast cancer.,"Khan MZI, Uzair M, Nazli A, Chen JZ.",Eur J Med Chem,2022.0
CHEMBL5113384,1,Small-molecule inhibitors targeting small ubiquitin-like modifier pathway for the treatment of cancers and other diseases.,"Hua D, Wu X.",Eur J Med Chem,2022.0
CHEMBL5113537,1,Discovery of β-Arrestin-Biased 25CN-NBOH-Derived 5-HT<sub>2A</sub> Receptor Agonists.,"Poulie CBM, Pottie E, Simon IA, Harpsøe K, D'Andrea L, Komarov IV, Gloriam DE, Jensen AA, Stove CP, Kristensen JL.",J Med Chem,2022.0
CHEMBL5113552,1,(-)-Epigallocatechin Gallate is a Noncompetitive Inhibitor of NAD Kinase.,"Liu T, Shi W, Ding Y, Wu Q, Zhang B, Zhang N, Wang M, Du D, Zhang H, Han B, Guo D, Zheng J, Li Q, Luo C.",ACS Med Chem Lett,2022.0
CHEMBL5120752,1,Galangin 3-benzyl-5-methylether derivatives function as an adiponectin synthesis-promoting peroxisome proliferator-activated receptor γ partial agonist.,"Ko H, Jang H, An S, Park IG, Ahn S, Gong J, Hwang SY, Oh S, Kwak SY, Choi WJ, Kim H, Noh M.",Bioorg Med Chem,2022.0
CHEMBL5120854,1,Discovery of Natural Ursane-type SENP1 Inhibitors and the Platinum Resistance Reversal Activity Against Human Ovarian Cancer Cells: A Structure-Activity Relationship Study.,"Wei H, Guo J, Sun X, Gou W, Ning H, Shang H, Liu Q, Hou W, Li Y.",J Nat Prod,2022.0
CHEMBL5126637,1,Discovery of Phenolic Matrix Metalloproteinase Inhibitors by Peptide Microarray for Osteosarcoma Treatment.,"Jian M, Sun X, Cheng G, Zhang H, Li X, Song F, Liu Z, Wang Z.",J Nat Prod,2022.0
CHEMBL5131411,1,Evaluation of amentoflavone metabolites on PARP-1 inhibition and the potentiation on anti-proliferative effects of carboplatin in A549 cells.,"Wang B, Hu X, Wang R, Long H, Wang H.",Bioorg Med Chem Lett,2022.0
CHEMBL5136976,1,A Perspective on Medicinal Chemistry Approaches for Targeting Pyruvate Kinase M2.,"Arora S, Joshi G, Chaturvedi A, Heuser M, Patil S, Kumar R.",J Med Chem,2022.0
CHEMBL5137086,1,Discovery of 1-(Hetero)aryl-β-carboline Derivatives as IDO1/TDO Dual Inhibitors with Antidepressant Activity.,"Zhang Y, Li Y, Chen X, Chen X, Chen C, Wang L, Dong X, Wang G, Gu R, Li F, Han F, Chen D.",J Med Chem,2022.0
CHEMBL5143517,1,Discovery and radiosensitization research of ursolic acid derivatives as SENP1 inhibitors.,"Wei H, Guo J, Sun X, Gou W, Ning H, Fang Z, Liu Q, Hou W, Li Y.",Eur J Med Chem,2022.0
CHEMBL5143549,1,"Phenothiazine, anthraquinone and related tricyclic derivatives as inhibitors of monoamine oxidase.","Lefin R, Petzer A, Petzer JP.",Bioorg Med Chem,2022.0
CHEMBL5143617,1,"Design, synthesis, and behavioral evaluation of dual-acting compounds as phosphodiesterase type 10A (PDE10A) inhibitors and serotonin ligands targeting neuropsychiatric symptoms in dementia.","Zagórska A, Bucki A, Partyka A, Jastrzębska-Więsek M, Siwek A, Głuch-Lutwin M, Mordyl B, Jaromin A, Walczak M, Wesołowska A, Kołaczkowski M.",Eur J Med Chem,2022.0
CHEMBL5143627,1,"Design, synthesis, and biological evaluation of polyphenol derivatives as DYRK1A inhibitors. The discovery of a potentially promising treatment for Multiple Sclerosis.","Araldi GL, Hwang YW.",Bioorg Med Chem Lett,2022.0
CHEMBL5143678,1,Identification of Antithrombotic Natural Products Targeting the Major Substrate Binding Pocket of Protein Disulfide Isomerase.,"Liang C, Cai M, Xu Y, Fu W, Wu J, Liu Y, Liao X, Ning J, Li J, Huang M, Yuan C.",J Nat Prod,2022.0
CHEMBL5149991,1,Abolishing Dopamine D<sub>2long</sub>/D<sub>3</sub> Receptor Affinity of Subtype-Selective Carbamoylguanidine-Type Histamine H<sub>2</sub> Receptor Agonists.,"Tropmann K, Bresinsky M, Forster L, Mönnich D, Buschauer A, Wittmann HJ, Hübner H, Gmeiner P, Pockes S, Strasser A.",J Med Chem,2021.0
CHEMBL5149999,1,"The Alkaloids from <i>Lophophora diffusa</i> and Other ""False Peyotes"".","Chan CB, Poulie CBM, Wismann SS, Soelberg J, Kristensen JL.",J Nat Prod,2021.0
CHEMBL5223149,1,The Emerging Landscape of Small-Molecule Therapeutics for the Treatment of Huntington's Disease.,"Ahamad S, Bhat SA.",J Med Chem,2022.0
CHEMBL5226290,1,Rational design of SphK inhibitors using crystal structures aided by computer.,"Ding T, Zhi Y, Xie W, Yao Q, Liu B.",Eur J Med Chem,2021.0
CHEMBL5226352,1,Inhibition of AlkB Nucleic Acid Demethylases: Promising New Epigenetic Targets.,"Perry GS, Das M, Woon ECY.",J Med Chem,2021.0
CHEMBL5226359,1,Recent research and development of inhibitors targeting sentrin-specific protease 1 for the treatment of cancers.,"Wei J, Wang H, Zheng Q, Zhang J, Chen Z, Wang J, Ouyang L, Wang Y.",Eur J Med Chem,2022.0
CHEMBL5230111,1,Targeting histone demethylase KDM5B for cancer treatment.,"Fu YD, Huang MJ, Guo JW, You YZ, Liu HM, Huang LH, Yu B.",Eur J Med Chem,2020.0
CHEMBL5230123,1,A comprehensive review of monoamine oxidase inhibitors as Anti-Alzheimer's disease agents: A review.,"Manzoor S, Hoda N.",Eur J Med Chem,2020.0
CHEMBL5230127,1,Research progress of mTOR inhibitors.,"Chen Y, Zhou X.",Eur J Med Chem,2020.0
CHEMBL5236577,1,Targeting Aggrecanases for Osteoarthritis Therapy: From Zinc Chelation to Exosite Inhibition.,"Cuffaro D, Ciccone L, Rossello A, Nuti E, Santamaria S.",J Med Chem,2022.0
CHEMBL5236616,1,Chlorinated Naringenin Analogues as Potential Inhibitors of Transthyretin Amyloidogenesis.,"Mizuguchi M, Nakagawa Y, Inui K, Katayama W, Sawai Y, Shimane A, Kitakami R, Okada T, Nabeshima Y, Yokoyama T, Kanamitsu K, Nakagawa S, Toyooka N.",J Med Chem,2022.0
CHEMBL5236633,1,Multi-therapies Based on PARP Inhibition: Potential Therapeutic Approaches for Cancer Treatment.,"Zhang J, Gao Y, Zhang Z, Zhao J, Jia W, Xia C, Wang F, Liu T.",J Med Chem,2022.0
CHEMBL5236649,1,"Bivalent dopamine agonists with co-operative binding and functional activities at dopamine D2 receptors, modulate aggregation and toxicity of alpha synuclein protein.","Dinda B, Das B, Biswas S, Sharma H, Armstrong C, Yedlapudi D, Antonio T, Reith M, Dutta AK.",Bioorg Med Chem,2023.0
CHEMBL5241074,1,Dual-target compounds for Alzheimer's disease: Natural and synthetic AChE and BACE-1 dual-inhibitors and their structure-activity relationship (SAR).,"Ferreira JPS, Albuquerque HMT, Cardoso SM, Silva AMS, Silva VLM.",Eur J Med Chem,2021.0
CHEMBL5241076,1,Natural products and analogs as preventive agents for metabolic syndrome via peroxisome proliferator-activated receptors: An overview.,"Villarroel-Vicente C, Gutiérrez-Palomo S, Ferri J, Cortes D, Cabedo N.",Eur J Med Chem,2021.0
CHEMBL5244208,1,Privileged scaffolds as MAO inhibitors: Retrospect and prospects.,"Tripathi AC, Upadhyay S, Paliwal S, Saraf SK.",Eur J Med Chem,2018.0
CHEMBL5247614,1,An overview of aryl hydrocarbon receptor ligands in the Last two decades (2002-2022): A medicinal chemistry perspective.,"Lin L, Dai Y, Xia Y.",Eur J Med Chem,2022.0
CHEMBL5247632,1,Current approaches and strategies to identify Hedgehog signaling pathway inhibitors for cancer therapy.,"Feng Z, Zhu S, Li W, Yao M, Song H, Wang RB.",Eur J Med Chem,2022.0
CHEMBL5247649,1,Comparative Efficacy and Selectivity of Pharmacological Inhibitors of DYRK and CLK Protein Kinases.,"Lindberg MF, Deau E, Arfwedson J, George N, George P, Alfonso P, Corrionero A, Meijer L.",J Med Chem,2023.0
CHEMBL5252548,1,A review on flavonoid-based scaffolds as multi-target-directed ligands (MTDLs) for Alzheimer's disease.,"Jalili-Baleh L, Babaei E, Abdpour S, Nasir Abbas Bukhari S, Foroumadi A, Ramazani A, Sharifzadeh M, Abdollahi M, Khoobi M.",Eur J Med Chem,2018.0
CHEMBL5252600,1,Anti-Aβ42 Aggregative Polyketides from the Antarctic Psychrophilic Fungus <i>Pseudogymnoascus</i> sp. OUCMDZ-3578.,"Han X, Gao H, Lai H, Zhu W, Wang Y.",J Nat Prod,2023.0
CHEMBL5252620,1,Introducing Conformational Restraints on 25CN-NBOH: A Selective 5-HT<sub>2A</sub> Receptor Agonist.,"Marcher-Rørsted E, Nykodemová J, Harpsøe K, Jensen AA, Kristensen JL.",ACS Med Chem Lett,2023.0
CHEMBL5252661,1,Prenylated Chrysin Derivatives as Partial PPARγ Agonists with Adiponectin Secretion-Inducing Activity.,"An S, Ko H, Jang H, Park IG, Ahn S, Hwang SY, Gong J, Oh S, Kwak SY, Lee Y, Kim H, Noh M.",ACS Med Chem Lett,2023.0
CHEMBL5257065,1,"Isosteviol derivatives as protein tyrosine Phosphatase-1B inhibitors: Synthesis, biological evaluation and molecular docking.","Li N, Li X, Deng M, Zhu F, Wang Z, Sheng R, Wu W, Guo R.",Bioorg Med Chem,2023.0
CHEMBL5257088,1,Hybridization into a Bitopic Ligand Increased Muscarinic Receptor Activation for Isopilocarpine but Not for Pilocarpine Derivatives.,"Heinz CS, Bermudez M, Jaiswal N, Große C, Kauk M, Hoffmann C, Holzgrabe U.",J Nat Prod,2023.0
CHEMBL5257155,1,"Investigating the interactions of flavonoids with human OATP2B1: inhibition assay, IC<sub>50</sub> determination, and structure-activity relationship analysis.","Peng T, Liu S, Li Y, Zhang H, Hagenbuch B, Gui C.",RSC Med Chem,2023.0
CHEMBL5260812,1,Adipocyte fatty acid binding protein 4 (FABP4) inhibitors. A comprehensive systematic review.,"Floresta G, Pistarà V, Amata E, Dichiara M, Marrazzo A, Prezzavento O, Rescifina A.",Eur J Med Chem,2017.0
CHEMBL5316319,1,Targeting Death-Associated Protein Kinases for Treatment of Human Diseases: Recent Advances and Future Directions.,"Zhang L, Luo B, Lu Y, Chen Y.",J Med Chem,2023.0
CHEMBL5316358,1,Structure-Activity Relationships of Ligand Binding to Oxysterol-Binding Protein (OSBP) and OSBP-Related Protein 4.,"Severance ZC, Nuñez JI, Le-McClain AT, Malinky CA, Bensen RC, Fogle RS, Manginelli GW, Sakers SH, Falcon EC, Bui RH, Snead KJ, Bourne CR, Burgett AWG.",J Med Chem,2023.0
CHEMBL5321291,1,Pharmacology and Therapeutic Potential of Benzothiazole Analogues for Cocaine Use Disorder.,"Boateng CA, Nilson AN, Placide R, Pham ML, Jakobs FM, Boldizsar N, McIntosh S, Stallings LS, Korankyi IV, Kelshikar S, Shah N, Panasis D, Muccilli A, Ladik M, Maslonka B, McBride C, Sanchez MX, Akca E, Alkhatib M, Saez J, Nguyen C, Kurtyan E, DePierro J, Crowthers R, Brunt D, Bonifazi A, Newman AH, Rais R, Slusher BS, Free RB, Sibley DR, Stewart KD, Wu C, Hemby SE, Keck TM.",J Med Chem,2023.0
CHEMBL5325451,1,Structurally Diverse Triterpene-26-oic Acids as Potential Dual ACL and ACC1 Inhibitors from the Vulnerable Conifer <i>Keteleeria fortunei</i>.,"Zhao ZY, Tong YP, Jiang W, Zang Y, Xiong J, Li J, Hu JF.",J Nat Prod,2023.0
CHEMBL5325485,1,"Design, synthesis and biological evaluation of salicylanilides as novel allosteric inhibitors of human pancreatic lipase.","Zhao Y, Zhang M, Hou X, Han J, Qin X, Yang Y, Song Y, Liu Z, Zhang Y, Xu Z, Jia Q, Li Y, Chen K, Li B, Zhu W, Ge G.",Bioorg Med Chem,2023.0
CHEMBL5329203,1,"Target discovery of bioactive natural products with native-compound-coupled CNBr-activated Sepharose 4B beads (NCCB): Applications, mechanisms and outlooks.","Zhang Y, Zhang J, Li M, Qiao Y, Wang W, Ma L, Liu K.",Bioorg Med Chem,2023.0
CHEMBL5331137,1,Discovery of Selective Dopamine Receptor Ligands Derived from (-)-Stepholidine via C-3 Alkoxylation and C-3/C-9 Dialkoxylation.,"Namballa HK, Dorogan M, Gudipally AR, Okafor S, Gadhiya S, Harding WW.",J Med Chem,2023.0
CHEMBL5335823,1,"Synthesis, biological evaluation, and stability studies of raloxifene mono- and bis-sulfamates as dual-targeting agents.","Zaraei SO, Dohle W, Anbar HS, El-Gamal R, Leblond B, Foster PA, Al-Tel TH, Potter BVL, El-Gamal MI.",Bioorg Med Chem,2024.0
CHEMBL5338779,1,"Discovery, Synthesis, and In Vitro Characterization of 2,3 Derivatives of 4,5,6,7-Tetrahydro-Benzothiophene as Potent Modulators of Retinoic Acid Receptor-Related Orphan Receptor γt.","Fouda A, Negi S, Zaremba O, Gaidar RS, Moroz YS, Rusanov E, Paraskevas S, Tchervenkov J.",J Med Chem,2023.0
CHEMBL5344469,1,Pioneering Methods in Brain Optimization and Mental Health Treatment.,Kargbo RB.,ACS Med Chem Lett,2024.0
CHEMBL5346917,1,Therapeutic potential of targeting kynurenine pathway in neurodegenerative diseases.,"Shen H, Xu X, Bai Y, Wang X, Wu Y, Zhong J, Wu Q, Luo Y, Shang T, Shen R, Xi M, Sun H.",Eur J Med Chem,2023.0
CHEMBL5346928,1,"Discovery of orally effective and safe GPR40 agonists by incorporating a chiral, rigid and polar sulfoxide into β-position to the carboxylic acid.","Chen C, Guo SM, Sun Y, Li H, Hu N, Yao K, Ni H, Xia Z, Xu B, Xie X, Long YQ.",Eur J Med Chem,2023.0
CHEMBL5356934,1,Antibacterial activities of anthraquinones: structure-activity relationships and action mechanisms.,"Qun T, Zhou T, Hao J, Wang C, Zhang K, Xu J, Wang X, Zhou W.",RSC Med Chem,2023.0
CHEMBL5356963,1,Discovery of flavone-derivatives as the new skeleton of transient receptor potential vanilloid 3 channel antagonists.,"Wang L, Zhang L, Liu R, Xu Y, Tang Z, Zhang C, Zhang Z.",Bioorg Med Chem Lett,2024.0
CHEMBL5357013,1,"Identification of Spiro[chromene-2,4'-piperidine]s as Potent, Selective, and G<sub>q</sub>-Biased 5-HT<sub>2C</sub> Receptor Partial Agonists.","Jiang G, Zhang B, Zhang X, Chen F, Qin W, Chen JL, Tian S, Shui W, Ye N.",ACS Med Chem Lett,2024.0
CHEMBL5357083,1,Evaluation of the Indazole Analogs of 5-MeO-DMT and Related Tryptamines as Serotonin Receptor 2 Agonists.,"Jayakodiarachchi N, Maurer MA, Schultz DC, Dodd CJ, Thompson Gray A, Cho HP, Boutaud O, Jones CK, Lindsley CW, Bender AM.",ACS Med Chem Lett,2024.0
CHEMBL5360539,1,"RSK inhibitors as potential anticancer agents: Discovery, optimization, and challenges.","Sun Y, Tang L, Wu C, Wang J, Wang C.",Eur J Med Chem,2023.0
CHEMBL5360591,1,Licochalcone A Derivatives as Selective Dipeptidyl Peptidase 4 Inhibitors with Anti-Inflammatory Effects.,"Li CQ, Shi JH, Mu J, Wang AQ, Zou LW, Ge GB.",J Nat Prod,2023.0
CHEMBL5360615,1,Pharmacological and Physicochemical Properties Optimization for Dual-Target Dopamine D<sub>3</sub> (D<sub>3</sub>R) and μ-Opioid (MOR) Receptor Ligands as Potentially Safer Analgesics.,"Bonifazi A, Saab E, Sanchez J, Nazarova AL, Zaidi SA, Jahan K, Katritch V, Canals M, Lane JR, Newman AH.",J Med Chem,2023.0
CHEMBL5365466,1,Discovery of Triazolyl Derivatives of Cucurbitacin B Targeting IGF2BP1 against Non-Small Cell Lung Cancer.,"Shang FF, Lu Q, Lin T, Pu M, Xiao R, Liu W, Deng H, Guo H, Quan ZS, Ding C, Shen QK.",J Med Chem,2023.0
CHEMBL5370537,1,Aporphines: A privileged scaffold in CNS drug discovery.,"Zhu R, Jiang G, Tang W, Zhao X, Chen F, Zhang X, Ye N.",Eur J Med Chem,2023.0
CHEMBL5370574,1,Discovery and Characterization of Moracin C as an Anti-Gouty Arthritis/Hyperuricemia Candidate by Docking-Based Virtual Screening and Pharmacological Evaluation.,"Lv M, Jiang S, Deng S, Zhao Z, Yang Z, Liu L, Ke T.",J Nat Prod,2023.0
CHEMBL5375941,1,Combating breast cancer with non-steroidal aromatase inhibitors (NSAIs): Understanding the chemico-biological interactions through comparative SAR/QSAR study.,"Adhikari N, Amin SA, Saha A, Jha T.",Eur J Med Chem,2017.0
CHEMBL5380776,1,Dopamine D<sub>3</sub>/D<sub>2</sub> Receptor Ligands Based on Cariprazine for the Treatment of Psychostimulant Use Disorders That May Be Dual Diagnosed with Affective Disorders.,"Gogarnoiu ES, Vogt CD, Sanchez J, Bonifazi A, Saab E, Shaik AB, Soler-Cedeño O, Bi GH, Klein B, Xi ZX, Lane JR, Newman AH.",J Med Chem,2023.0
CHEMBL5380784,1,"Screening through Lead Optimization of High Affinity, Allosteric Cyclin-Dependent Kinase 2 (CDK2) Inhibitors as Male Contraceptives That Reduce Sperm Counts in Mice.","Faber EB, Wang N, John K, Sun L, Wong HL, Burban D, Francis R, Tian D, Hong KH, Yang A, Wang L, Elsaid M, Khalid H, Levinson NM, Schönbrunn E, Hawkinson JE, Georg GI.",J Med Chem,2023.0
CHEMBL5380843,1,Fragment Hopping-Based Design of Novel Biphenyl-DAPY Derivatives as Potent Non-Nucleoside Reverse Transcriptase Inhibitors Featuring Significantly Improved Anti-Resistance Efficacy.,"Sang YL, Pannecouque C, De Clercq E, Wang S, Chen FE.",J Med Chem,2023.0
CHEMBL5385922,1,"Discovery of 5-Hydroxy-1,4-naphthoquinone (Juglone) Derivatives as Dual Effective Agents Targeting Platelet-Cancer Interplay through Protein Disulfide Isomerase Inhibition.","Juang YP, Tsai JY, Gu WL, Hsu HC, Lin CL, Wu CC, Liang PH.",J Med Chem,2024.0
CHEMBL5390202,1,Cannabinoid Receptor Type II Ligands from Sandalwood Oil and Synthetic α-Santalol Derivatives.,"Paudel P, Pandey P, Paris JJ, Ashpole NM, Mahdi F, Tian JM, Lee J, Wang M, Xu M, Chittiboyina AG, Khan IA, Ross SA, Li XC.",J Nat Prod,2023.0
CHEMBL5390261,1,Agents for the Treatment of Gout: Current Advances and Future Perspectives.,"Zeng X, Liu Y, Fan Y, Wu D, Meng Y, Qin M.",J Med Chem,2023.0
CHEMBL5390287,1,Discovery of a Tritiated Radioligand with High Affinity and Selectivity for the Histamine H&lt;sub&gt;3&lt;/sub&gt; Receptor.,"Mönnich D, Nagl M, Forster L, Rosier N, Igel P, Pockes S.",ACS Med Chem Lett,2023.0
CHEMBL5500327,1,Targeting insulin-like growth factor 2 mRNA-binding proteins (IGF2BPs) for the treatment of cancer.,"Cai Y, Wang Y, Mao B, You Q, Guo X.",Eur J Med Chem,2024.0
CHEMBL5500366,1,Discovery of the small molecular inhibitors against sclerostin loop3 as potential anti-osteoporosis agents by structural based virtual screening and molecular design.,"Yu S, Huang W, Zhang H, Guo Y, Zhang B, Zhang G, Lei J.",Eur J Med Chem,2024.0
CHEMBL5505980,1,"Pyrazolamide derivatives inhibit α-Synuclein aggregation, disaggregate preformed fibers, and reduce inclusion formation in neuron cells.","Xing LZ, Zhang W, Zhao YD, Xu J, Zhang YX.",Eur J Med Chem,2024.0
CHEMBL5506019,1,"Discovery and Structure-Activity Relationships of 2,5-Dimethoxyphenylpiperidines as Selective Serotonin 5-HT&lt;sub&gt;2A&lt;/sub&gt; Receptor Agonists.","M Ro Rsted E, Jensen AA, Smits G, Frydenvang K, Kristensen JL.",J Med Chem,2024.0
CHEMBL5512615,1,"Targeting autophagy drug discovery: Targets, indications and development trends.","Jiang M, Wu W, Xiong Z, Yu X, Ye Z, Wu Z.",Eur J Med Chem,2024.0
CHEMBL5512616,1,pH regulators and their inhibitors in tumor microenvironment.,"Liao S, Wu G, Xie Z, Lei X, Yang X, Huang S, Deng X, Wang Z, Tang G.",Eur J Med Chem,2024.0
CHEMBL5512629,1,Insight into small-molecule inhibitors targeting extracellular nucleotide pyrophosphatase/phosphodiesterase1 for potential multiple human diseases.,"Du B, Ru J, Zhan Z, Lin C, Liu Y, Mao W, Zhang J.",Eur J Med Chem,2024.0
CHEMBL5512634,1,"Sulfone-based human liver pyruvate kinase inhibitors - Design, synthesis and in vitro bioactivity.","Matić J, Akladios F, Battisti UM, Håversen L, Nain-Perez A, Füchtbauer AF, Kim W, Monjas L, Rivero AR, Borén J, Mardinoglu A, Uhlen M, Grøtli M.",Eur J Med Chem,2024.0
CHEMBL5518239,1,Recent Advances on Small-Molecule Inhibitors of Lipocalin-like Proteins.,"Chen S, Pan Z, Liu M, Guo L, Jiang X, He G.",J Med Chem,2024.0
CHEMBL5523761,1,Natural Product-Inspired Dopamine Receptor Ligands.,"Dorogan M, Namballa HK, Harding WW.",J Med Chem,2024.0
CHEMBL5537153,1,Modifications to 1-(4-(2-Bis(4-fluorophenyl)methyl)sulfinyl)alkyl Alicyclic Amines That Improve Metabolic Stability and Retain an Atypical DAT Inhibitor Profile.,"Okorom AV, Camacho-Hernandez GA, Salomon K, Lee KH, Ku TC, Cao J, Won SJ, Friedman J, Lam J, Paule J, Rais R, Klein B, Xi ZX, Shi L, Loland CJ, Newman AH.",J Med Chem,2024.0
CHEMBL5543140,1,"Synthesis and Structure-Activity Relationships of 2,5-Dimethoxy-4-Substituted Phenethylamines and the Discovery of CYB210010: A Potent, Orally Bioavailable and Long-Acting Serotonin 5-HT<sub>2</sub> Receptor Agonist.","Varty GB, Canal CE, Mueller TA, Hartsel JA, Tyagi R, Avery K, Morgan ME, Reichelt AC, Pathare P, Stang E, Palfreyman MG, Nivorozhkin A.",J Med Chem,2024.0
CHEMBL5550086,1,Drug discovery targeting nicotinamide phosphoribosyltransferase (NAMPT): Updated progress and perspectives.,"Wen F, Gui G, Wang X, Ye L, Qin A, Zhou C, Zha X.",Bioorg Med Chem,2024.0
CHEMBL5550133,1,Update on the development of TGR5 agonists for human diseases.,"Jin W, Zheng M, Chen Y, Xiong H.",Eur J Med Chem,2024.0
CHEMBL5579795,1,"Therapeutic potential of Coumarin-polyphenolic acid hybrids in PD: Inhibition of α-Syn aggregation and disaggregation of preformed fibrils, leading to reduced neuronal inclusion formation.","Wang ZP, Zhang W, Xing LZ, Zhao YD, Xu J, Zhang YX.",Bioorg Med Chem Lett,2024.0
CHEMBL5584220,1,"Design, synthesis, and biological evaluation of aralkyl piperazine and piperidine derivatives targeting SSRI/5-HT<sub>1A</sub>/5-HT<sub>7</sub>.","Wu J, Zhang Z, Zhang Q, Li J.",Bioorg Med Chem,2024.0
CHEMBL5584227,1,Piezo1 and its inhibitors: Overview and perspectives.,"Thien ND, Hai-Nam N, Anh DT, Baecker D.",Eur J Med Chem,2024.0
CHEMBL5614442,1,"Discovery, synthesis and biological evaluation of novel isoquinoline derivatives as potent indoleamine 2, 3-dioxygenase 1 and tryptophan 2, 3-dioxygenase dual inhibitors.","Lin Z, Ning X, Lai R, Hai L, Nie R, Guo L, Li G, Yang Z, Wu Y.",Eur J Med Chem,2024.0
CHEMBL5620371,1,Transient receptor potential ankyrin 1 (TRPA1) modulators: Recent update and future perspective.,"Hu Z, Zhang Y, Yu W, Li J, Yao J, Zhang J, Wang J, Wang C.",Eur J Med Chem,2023.0
CHEMBL5620407,1,"SAR and lead optimization of (Z)-5-(4-hydroxy-3-methoxybenzylidene)-3-(2-morpholinoacetyl)thiazolidine-2,4-dione as a potential multi-target antidiabetic agent.","Shah M, Jan MS, Sadiq A, Khan S, Rashid U.",Eur J Med Chem,2023.0
CHEMBL5625226,1,"Synthesis, computational and experimental pharmacological studies for (thio)ether-triazine 5-HT<sub>6</sub>R ligands with noticeable action on AChE/BChE and chalcogen-dependent intrinsic activity in search for new class of drugs against Alzheimer's disease.","Czarnota-Łydka K, Sudoł-Tałaj S, Kucwaj-Brysz K, Kurczab R, Satała G, de Candia M, Samarelli F, Altomare CD, Carocci A, Barbarossa A, Żesławska E, Głuch-Lutwin M, Mordyl B, Kubacka M, Wilczyńska-Zawal N, Jastrzębska-Więsek M, Partyka A, Khan N, Więcek M, Nitek W, Honkisz-Orzechowska E, Latacz G, Wesołowska A, Carrieri A, Handzlik J.",Eur J Med Chem,2023.0
CHEMBL5634106,1,Recent advances in small molecule and peptide inhibitors of glucose-regulated protein 78 for cancer therapy.,"Guo W, Wang M, Yang Z, Liu D, Ma B, Zhao Y, Chen Y, Hu Y.",Eur J Med Chem,2023.0
CHEMBL5634157,1,"Design and synthesis of certain 7-Aryl-2-Methyl-3-Substituted Pyrazolo{1,5-a}Pyrimidines as multikinase inhibitors.","Al-Qadhi MA, Allam HA, Fahim SH, Yahya TAA, Ragab FAF.",Eur J Med Chem,2023.0
CHEMBL5661985,72,In silico design of novel probes for the atypical opioid receptor MRGPRX2.,"Lansu K, Karpiak J, Liu J, Huang XP, McCorvy JD, Kroeze WK, Che T, Nagase H, Carroll FI, Jin J, Shoichet BK, Roth BL.",Nat Chem Biol,2017.0
CHEMBL5715956,72,Selective Targeting of Bromodomains of the Bromodomain-PHD Fingers Family Impairs Osteoclast Differentiation.,"Meier JC, Tallant C, Fedorov O, Witwicka H, Hwang SY, van Stiphout RG, Lambert JP, Rogers C, Yapp C, Gerstenberger BS, Fedele V, Savitsky P, Heidenreich D, Daniels DL, Owen DR, Fish PV, Igoe NM, Bayle ED, Haendler B, Oppermann UCT, Buffa F, Brennan PE, Müller S, Gingras AC, Odgren PR, Birnbaum MJ, Knapp S.",ACS Chem Biol,2017.0
CHEMBL5715957,72,D<sub>4</sub> dopamine receptor high-resolution structures enable the discovery of selective agonists.,"Wang S, Wacker D, Levit A, Che T, Betz RM, McCorvy JD, Venkatakrishnan AJ, Huang XP, Dror RO, Shoichet BK, Roth BL.",Science,2017.0
CHEMBL5729725,37,Treatment of Rett syndrome,,,2023.0
CHEMBL6071125,1,Biological function and small molecule inhibitors of histone deacetylase 11.,"Jia G, Liu J, Hou X, Jiang Y, Li X.",Eur J Med Chem,2024.0
CHEMBL6071128,1,Chalcone-Monoterpene Derivatives from the Buds of <i>Cleistocalyx operculatus</i> and Their Potential as Protein Tyrosine Phosphatase 1B Inhibitors.,"Mai VH, Ponce-Zea JE, Doan TP, Vu QH, Ryu B, Lee CH, Oh WK.",J Nat Prod,2024.0
CHEMBL6074654,1,Inhibitors targeting the PWWP domain-containing proteins.,"Huang Y, Li B, Wu Z, Liu K, Min J.",Eur J Med Chem,2024.0
CHEMBL6078690,1,Targeting HMGB1 and Its Interaction with Receptors: Challenges and Future Directions.,"Shen P, Zhang L, Jiang X, Yu B, Zhang J.",J Med Chem,2024.0
CHEMBL6083186,1,Chromenone: An emerging scaffold in anti-Alzheimer drug discovery.,"Agarwal U, Verma S, Tonk RK.",Bioorg Med Chem Lett,2024.0
CHEMBL6083197,1,"Design, synthesis, inhibitory activity, and molecular simulations study for d-glucose-conjugated thioureas containing pyrimidine ring as multitarget inhibitors against α-amylase, α-glucosidase, DDP-4, and PTP1B in Type 2 diabetes mellitus.","Ngoc Toan V, Son Hai D, Thi Kim Van H, Minh Tri N, Ngoc Toan D, Thi Thanh Mai N, Dinh Thanh N.",RSC Med Chem,2024.0
CHEMBL6083246,1,Inhibition of LPS-induced inflammatory response in RAW264.7 cells by natural Chlorogenic acid isomers involved with AKR1B1 inhibition.,"Han X, Wu X, Liu F, Chen H, Hou H.",Bioorg Med Chem,2024.0
CHEMBL6087419,1,Structural insights into tryptamine psychedelics: The role of hydroxyl indole ring site in 5-HT<sub>2A</sub> receptor activation and psychedelic-like activity.,"Zhang M, Yang Y, Yang Z, Wen X, Zhang C, Xiao P, Wang Y, Sun J, Wang H, Wang X.",Eur J Med Chem,2025.0
CHEMBL6087480,1,In Search for Inhibitors of Human Aldo-Keto Reductase 1B10 (AKR1B10) as Novel Agents to Fight Cancer and Chemoresistance: Current State-of-the-Art and Prospects.,"Maccari R, Ottanà R.",J Med Chem,2025.0
CHEMBL6096642,1,Rational design and synthesis of novel N-benzylindole-based epalrestat analogs as selective aldose reductase inhibitors: An unexpected discovery of a new glucose-lowering agent (AK-4) acting as a mitochondrial uncoupler.,"Kousaxidis A, Paoli P, Kovacikova L, Genovese M, Santi A, Stefek M, Petrou A, Nicolaou I.",Eur J Med Chem,2025.0
CHEMBL6103546,1,TRPM8 and TRPA1 ideal targets for treating cold-induced pain.,"Qi Y, Gong H, Shen Z, Wu L, Xu Z, Shi N, Lin K, Tian M, Xu Z, Li X, Zhao Q.",Eur J Med Chem,2025.0
CHEMBL6109067,1,"Isolation, synthesis and structure-activity relationships of gallotannin derivatives as cathepsin C inhibitor.","Liao HC, Kuo LM, Chen WT, Huang YL, Sethy B, Dhandabani GK, Hsieh PW.",Bioorg Med Chem Lett,2025.0
CHEMBL6109136,1,"Discovery of the 2,3-Dihydrobenzopyrane-4-one as a Potent FTO Inhibitor against Obesity-Related Metabolic Diseases.","Ma D, Liu X, Zhang X, Hong Y, Wang Y, Zhang F, Du L, Zhao J, Wang Q, Chang C, Liu W, Lou Y, Liu X.",J Med Chem,2025.0
CHEMBL6109138,1,New Arylpiperazines as Potent and Selective Dopamine D4 Receptor Ligands Potentially Useful to Treat Glioblastoma.,"Matteucci F, Pavletić P, Bonifazi A, Del Bello F, Giorgioni G, Piergentili A, Amantini C, Zeppa L, Sabato E, Vistoli G, Garland R, Yano H, Castagna M, Mammoli V, Cappellacci L, Piergentili A, Quaglia W.",J Med Chem,2025.0
CHEMBL6109139,1,Rational Design of the First Dual Agonist at Trace Amine-Associated Receptor 1 and 5-HT<sub>2C</sub> Receptors Based on Binding Pocket Similarity for the Treatment of Schizophrenia and Alzheimer's Disease-Related Psychosis.,"Lu J, Yu P, Wang Y, Dai Y, Wang W, Liu C, Dong L, Lei H, Yang Y, Wang L, Zou F, Deng X, Wang B, Wei S, Ma M, Wang H, Ye L, Zhang J, Tian J.",J Med Chem,2025.0
CHEMBL6109170,1,"Integrated Advancements in Neuroplasticity, Psychedelic Therapeutics, and AI-Driven Innovations for Precision Medicine.",Kargbo RB.,ACS Med Chem Lett,2025.0
CHEMBL6114981,1,Research progress of flavonoids targeting estrogen receptor in the treatment of breast cancer.,"Long J, Ye P, Yuan W, Yang Q, Wang Z, Xiao H, Xie Z, Lei X, Yang X, Deng X, Tang G.",Bioorg Med Chem,2025.0
CHEMBL6120987,1,"Identification of inhibitors targeting the FLT3-ITD mutation through 4D-QSAR, in vitro, and in silico.","Chu D, Ji C, Zhang Y, Wei C, Zhang X, Zhong Q, Yan H, Wang J.",Eur J Med Chem,2025.0
CHEMBL6127021,1,Inhibition of protein tyrosine phosphatase 1B by serratane triterpenes from Huperzia serrata and their molecular docking study.,"Ryu B, Ponce-Zea JE, Mai VH, Lee M, Hyun Sung S, Won Chin Y, Keun Oh W.",Bioorg Med Chem Lett,2024.0
CHEMBL6127040,1,Discovery and optimization of isoliquiritigenin as a death-associated protein kinase 1 inhibitor.,"Yokoyama T, Hisatomi K, Oshima S, Tanaka I, Okada T, Toyooka N.",Eur J Med Chem,2024.0
CHEMBL6153160,1,"Novel 3-Cycloaminoindole Compounds as Serotonergic Psychedelic Agents for Treating Psychosis, Mental Illness, and CNS Disorders.",Sabnis RW.,ACS Med Chem Lett,2025.0
CHEMBL6182842,1,Progress in the development of macrophage migration inhibitory factor small-molecule inhibitors.,"Guo S, Zhao Y, Yuan Y, Liao Y, Jiang X, Wang L, Lu W, Shi J.",Eur J Med Chem,2025.0
CHEMBL2074200,18,"Reversal of P-glycoprotein-mediated MDR by 5,7,3',4',5'-pentamethoxyflavone and SAR.","Choi CH, Kim JH, Kim SH.",Biochem Biophys Res Commun,2004.0
CHEMBL4411329,1,Crown Ethers as Transthyretin Amyloidogenesis Inhibitors.,"Yokoyama T, Mizuguchi M.",J Med Chem,2019.0
CHEMBL5543059,1,Discovery of anti-inflammatory natural flavonoids: Diverse scaffolds and promising leads for drug discovery.,"Li J, Zhao R, Miao P, Xu F, Chen J, Jiang X, Hui Z, Wang L, Bai R.",Eur J Med Chem,2023.0
