Source,Source Id,Type,Destination,Destination Id,Label,Description
Bioactivity,BA_000001,MEASURED_ON,Target,CHEMBL2047,measured_on,Associated bioactivity was measured on respective target
Bioactivity,BA_000002,MEASURED_ON,Target,CHEMBL335,measured_on,Associated bioactivity was measured on respective target
Bioactivity,BA_000003,MEASURED_ON,Target,CHEMBL204,measured_on,Associated bioactivity was measured on respective target
Bioactivity,BA_000004,MEASURED_ON,Target,CHEMBL204,measured_on,Associated bioactivity was measured on respective target
Bioactivity,BA_000005,MEASURED_ON,Target,CHEMBL261,measured_on,Associated bioactivity was measured on respective target
Bioactivity,BA_000006,MEASURED_ON,Target,CHEMBL3242,measured_on,Associated bioactivity was measured on respective target
Bioactivity,BA_000007,MEASURED_ON,Target,CHEMBL4789,measured_on,Associated bioactivity was measured on respective target
Bioactivity,BA_000008,MEASURED_ON,Target,CHEMBL3510,measured_on,Associated bioactivity was measured on respective target
Bioactivity,BA_000009,MEASURED_ON,Target,CHEMBL3242,measured_on,Associated bioactivity was measured on respective target
Bioactivity,BA_000010,MEASURED_ON,Target,CHEMBL3594,measured_on,Associated bioactivity was measured on respective target
Bioactivity,BA_000011,MEASURED_ON,Target,CHEMBL2326,measured_on,Associated bioactivity was measured on respective target
Bioactivity,BA_000012,MEASURED_ON,Target,CHEMBL3025,measured_on,Associated bioactivity was measured on respective target
Bioactivity,BA_000013,MEASURED_ON,Target,CHEMBL3969,measured_on,Associated bioactivity was measured on respective target
Bioactivity,BA_000014,MEASURED_ON,Target,CHEMBL4789,measured_on,Associated bioactivity was measured on respective target
Bioactivity,BA_000015,MEASURED_ON,Target,CHEMBL3729,measured_on,Associated bioactivity was measured on respective target
Bioactivity,BA_000016,MEASURED_ON,Target,CHEMBL2885,measured_on,Associated bioactivity was measured on respective target
Bioactivity,BA_000017,MEASURED_ON,Target,CHEMBL205,measured_on,Associated bioactivity was measured on respective target
Bioactivity,BA_000018,MEASURED_ON,Target,CHEMBL261,measured_on,Associated bioactivity was measured on respective target
Bioactivity,BA_000019,MEASURED_ON,Target,CHEMBL1973,measured_on,Associated bioactivity was measured on respective target
Bioactivity,BA_000020,MEASURED_ON,Target,CHEMBL2056,measured_on,Associated bioactivity was measured on respective target
Bioactivity,BA_000021,MEASURED_ON,Target,CHEMBL242,measured_on,Associated bioactivity was measured on respective target
Bioactivity,BA_000022,MEASURED_ON,Target,CHEMBL206,measured_on,Associated bioactivity was measured on respective target
Bioactivity,BA_000023,MEASURED_ON,Target,CHEMBL2508,measured_on,Associated bioactivity was measured on respective target
Bioactivity,BA_000024,MEASURED_ON,Target,CHEMBL1978,measured_on,Associated bioactivity was measured on respective target
Bioactivity,BA_000025,MEASURED_ON,Target,CHEMBL230,measured_on,Associated bioactivity was measured on respective target
Bioactivity,BA_000026,MEASURED_ON,Target,CHEMBL1929,measured_on,Associated bioactivity was measured on respective target
Bioactivity,BA_000027,MEASURED_ON,Target,CHEMBL3181,measured_on,Associated bioactivity was measured on respective target
Bioactivity,BA_000028,MEASURED_ON,Target,CHEMBL1978,measured_on,Associated bioactivity was measured on respective target
Bioactivity,BA_000029,MEASURED_ON,Target,CHEMBL3629,measured_on,Associated bioactivity was measured on respective target
Bioactivity,BA_000030,MEASURED_ON,Target,CHEMBL3004,measured_on,Associated bioactivity was measured on respective target
Bioactivity,BA_000031,MEASURED_ON,Target,CHEMBL1871,measured_on,Associated bioactivity was measured on respective target
Bioactivity,BA_000032,MEASURED_ON,Target,CHEMBL3629,measured_on,Associated bioactivity was measured on respective target
Bioactivity,BA_000033,MEASURED_ON,Target,CHEMBL1951,measured_on,Associated bioactivity was measured on respective target
Bioactivity,BA_000034,MEASURED_ON,Target,CHEMBL1978,measured_on,Associated bioactivity was measured on respective target
Bioactivity,BA_000035,MEASURED_ON,Target,CHEMBL3356,measured_on,Associated bioactivity was measured on respective target
Bioactivity,BA_000036,MEASURED_ON,Target,CHEMBL2231,measured_on,Associated bioactivity was measured on respective target
Bioactivity,BA_000037,MEASURED_ON,Target,CHEMBL4878,measured_on,Associated bioactivity was measured on respective target
Bioactivity,BA_000038,MEASURED_ON,Target,CHEMBL1250375,measured_on,Associated bioactivity was measured on respective target
Bioactivity,BA_000039,MEASURED_ON,Target,CHEMBL1963,measured_on,Associated bioactivity was measured on respective target
Bioactivity,BA_000040,MEASURED_ON,Target,CHEMBL1075138,measured_on,Associated bioactivity was measured on respective target
Bioactivity,BA_000041,MEASURED_ON,Target,CHEMBL1075138,measured_on,Associated bioactivity was measured on respective target
Bioactivity,BA_000042,MEASURED_ON,Target,CHEMBL1075138,measured_on,Associated bioactivity was measured on respective target
Bioactivity,BA_000043,MEASURED_ON,Target,CHEMBL1293224,measured_on,Associated bioactivity was measured on respective target
Bioactivity,BA_000044,MEASURED_ON,Target,CHEMBL3622,measured_on,Associated bioactivity was measured on respective target
Bioactivity,BA_000045,MEASURED_ON,Target,CHEMBL1293224,measured_on,Associated bioactivity was measured on respective target
Bioactivity,BA_000046,MEASURED_ON,Target,CHEMBL1293224,measured_on,Associated bioactivity was measured on respective target
Bioactivity,BA_000047,MEASURED_ON,Target,CHEMBL4261,measured_on,Associated bioactivity was measured on respective target
Bioactivity,BA_000048,MEASURED_ON,Target,CHEMBL3577,measured_on,Associated bioactivity was measured on respective target
Bioactivity,BA_000049,MEASURED_ON,Target,CHEMBL3577,measured_on,Associated bioactivity was measured on respective target
Bioactivity,BA_000050,MEASURED_ON,Target,CHEMBL3577,measured_on,Associated bioactivity was measured on respective target
Bioactivity,BA_000051,MEASURED_ON,Target,CHEMBL1075189,measured_on,Associated bioactivity was measured on respective target
Bioactivity,BA_000052,MEASURED_ON,Target,CHEMBL2903,measured_on,Associated bioactivity was measured on respective target
Bioactivity,BA_000053,MEASURED_ON,Target,CHEMBL1293277,measured_on,Associated bioactivity was measured on respective target
Bioactivity,BA_000054,MEASURED_ON,Target,CHEMBL1293227,measured_on,Associated bioactivity was measured on respective target
Bioactivity,BA_000055,MEASURED_ON,Target,CHEMBL1293255,measured_on,Associated bioactivity was measured on respective target
Bioactivity,BA_000056,MEASURED_ON,Target,CHEMBL1293256,measured_on,Associated bioactivity was measured on respective target
Bioactivity,BA_000057,MEASURED_ON,Target,CHEMBL4096,measured_on,Associated bioactivity was measured on respective target
Bioactivity,BA_000058,MEASURED_ON,Target,CHEMBL4096,measured_on,Associated bioactivity was measured on respective target
Bioactivity,BA_000059,MEASURED_ON,Target,CHEMBL4159,measured_on,Associated bioactivity was measured on respective target
Bioactivity,BA_000060,MEASURED_ON,Target,CHEMBL340,measured_on,Associated bioactivity was measured on respective target
Bioactivity,BA_000061,MEASURED_ON,Target,CHEMBL340,measured_on,Associated bioactivity was measured on respective target
Bioactivity,BA_000062,MEASURED_ON,Target,CHEMBL340,measured_on,Associated bioactivity was measured on respective target
Bioactivity,BA_000063,MEASURED_ON,Target,CHEMBL3397,measured_on,Associated bioactivity was measured on respective target
Bioactivity,BA_000064,MEASURED_ON,Target,CHEMBL5393,measured_on,Associated bioactivity was measured on respective target
Bioactivity,BA_000065,MEASURED_ON,Target,CHEMBL5393,measured_on,Associated bioactivity was measured on respective target
Bioactivity,BA_000066,MEASURED_ON,Target,CHEMBL2179,measured_on,Associated bioactivity was measured on respective target
Bioactivity,BA_000067,MEASURED_ON,Target,CHEMBL1741209,measured_on,Associated bioactivity was measured on respective target
Bioactivity,BA_000068,MEASURED_ON,Target,CHEMBL2179,measured_on,Associated bioactivity was measured on respective target
Bioactivity,BA_000069,MEASURED_ON,Target,CHEMBL1075094,measured_on,Associated bioactivity was measured on respective target
Bioactivity,BA_000070,MEASURED_ON,Target,CHEMBL1741210,measured_on,Associated bioactivity was measured on respective target
Bioactivity,BA_000071,MEASURED_ON,Target,CHEMBL1741209,measured_on,Associated bioactivity was measured on respective target
Bioactivity,BA_000072,MEASURED_ON,Target,CHEMBL2231,measured_on,Associated bioactivity was measured on respective target
Bioactivity,BA_000073,MEASURED_ON,Target,CHEMBL4878,measured_on,Associated bioactivity was measured on respective target
Bioactivity,BA_000074,MEASURED_ON,Target,CHEMBL4302,measured_on,Associated bioactivity was measured on respective target
Bioactivity,BA_000075,MEASURED_ON,Target,CHEMBL1795085,measured_on,Associated bioactivity was measured on respective target
Bioactivity,BA_000076,MEASURED_ON,Target,CHEMBL206,measured_on,Associated bioactivity was measured on respective target
Bioactivity,BA_000077,MEASURED_ON,Target,CHEMBL2034,measured_on,Associated bioactivity was measured on respective target
Bioactivity,BA_000078,MEASURED_ON,Target,CHEMBL235,measured_on,Associated bioactivity was measured on respective target
Bioactivity,BA_000079,MEASURED_ON,Target,CHEMBL1795087,measured_on,Associated bioactivity was measured on respective target
Bioactivity,BA_000080,MEASURED_ON,Target,CHEMBL3004,measured_on,Associated bioactivity was measured on respective target
Bioactivity,BA_000081,MEASURED_ON,Target,CHEMBL1741186,measured_on,Associated bioactivity was measured on respective target
Bioactivity,BA_000082,MEASURED_ON,Target,CHEMBL2599,measured_on,Associated bioactivity was measured on respective target
Bioactivity,BA_000083,MEASURED_ON,Target,CHEMBL2599,measured_on,Associated bioactivity was measured on respective target
Bioactivity,BA_000084,MEASURED_ON,Target,CHEMBL262,measured_on,Associated bioactivity was measured on respective target
Bioactivity,BA_000085,MEASURED_ON,Target,CHEMBL220,measured_on,Associated bioactivity was measured on respective target
Bioactivity,BA_000086,MEASURED_ON,Target,CHEMBL1974,measured_on,Associated bioactivity was measured on respective target
Bioactivity,BA_000087,MEASURED_ON,Target,CHEMBL6154,measured_on,Associated bioactivity was measured on respective target
Bioactivity,BA_000088,MEASURED_ON,Target,CHEMBL6154,measured_on,Associated bioactivity was measured on respective target
Bioactivity,BA_000089,MEASURED_ON,Target,CHEMBL6164,measured_on,Associated bioactivity was measured on respective target
Bioactivity,BA_000090,MEASURED_ON,Target,CHEMBL6164,measured_on,Associated bioactivity was measured on respective target
Bioactivity,BA_000091,MEASURED_ON,Target,CHEMBL1075138,measured_on,Associated bioactivity was measured on respective target
Bioactivity,BA_000092,MEASURED_ON,Target,CHEMBL2193,measured_on,Associated bioactivity was measured on respective target
Bioactivity,BA_000093,MEASURED_ON,Target,CHEMBL1075094,measured_on,Associated bioactivity was measured on respective target
Bioactivity,BA_000094,MEASURED_ON,Target,CHEMBL4051,measured_on,Associated bioactivity was measured on respective target
Bioactivity,BA_000095,MEASURED_ON,Target,CHEMBL1929,measured_on,Associated bioactivity was measured on respective target
Bioactivity,BA_000096,MEASURED_ON,Target,CHEMBL1929,measured_on,Associated bioactivity was measured on respective target
Bioactivity,BA_000097,MEASURED_ON,Target,CHEMBL3194,measured_on,Associated bioactivity was measured on respective target
Bioactivity,BA_000098,MEASURED_ON,Target,CHEMBL1978,measured_on,Associated bioactivity was measured on respective target
Bioactivity,BA_000099,MEASURED_ON,Target,CHEMBL5983,measured_on,Associated bioactivity was measured on respective target
Bioactivity,BA_000100,MEASURED_ON,Target,CHEMBL5983,measured_on,Associated bioactivity was measured on respective target
Bioactivity,BA_000101,MEASURED_ON,Target,CHEMBL3194,measured_on,Associated bioactivity was measured on respective target
Bioactivity,BA_000102,MEASURED_ON,Target,CHEMBL2439,measured_on,Associated bioactivity was measured on respective target
Bioactivity,BA_000103,MEASURED_ON,Target,CHEMBL4878,measured_on,Associated bioactivity was measured on respective target
Bioactivity,BA_000104,MEASURED_ON,Target,CHEMBL1951,measured_on,Associated bioactivity was measured on respective target
Bioactivity,BA_000105,MEASURED_ON,Target,CHEMBL2039,measured_on,Associated bioactivity was measured on respective target
Bioactivity,BA_000106,MEASURED_ON,Target,CHEMBL1951,measured_on,Associated bioactivity was measured on respective target
Bioactivity,BA_000107,MEASURED_ON,Target,CHEMBL3510,measured_on,Associated bioactivity was measured on respective target
Bioactivity,BA_000108,MEASURED_ON,Target,CHEMBL3242,measured_on,Associated bioactivity was measured on respective target
Bioactivity,BA_000109,MEASURED_ON,Target,CHEMBL3594,measured_on,Associated bioactivity was measured on respective target
Bioactivity,BA_000110,MEASURED_ON,Target,CHEMBL2326,measured_on,Associated bioactivity was measured on respective target
Bioactivity,BA_000111,MEASURED_ON,Target,CHEMBL3025,measured_on,Associated bioactivity was measured on respective target
Bioactivity,BA_000112,MEASURED_ON,Target,CHEMBL3969,measured_on,Associated bioactivity was measured on respective target
Bioactivity,BA_000113,MEASURED_ON,Target,CHEMBL4789,measured_on,Associated bioactivity was measured on respective target
Bioactivity,BA_000114,MEASURED_ON,Target,CHEMBL3729,measured_on,Associated bioactivity was measured on respective target
Bioactivity,BA_000115,MEASURED_ON,Target,CHEMBL2885,measured_on,Associated bioactivity was measured on respective target
Bioactivity,BA_000116,MEASURED_ON,Target,CHEMBL205,measured_on,Associated bioactivity was measured on respective target
Bioactivity,BA_000117,MEASURED_ON,Target,CHEMBL261,measured_on,Associated bioactivity was measured on respective target
Bioactivity,BA_000118,MEASURED_ON,Target,CHEMBL1293235,measured_on,Associated bioactivity was measured on respective target
Bioactivity,BA_000119,MEASURED_ON,Target,CHEMBL1293226,measured_on,Associated bioactivity was measured on respective target
Bioactivity,BA_000120,MEASURED_ON,Target,CHEMBL1075138,measured_on,Associated bioactivity was measured on respective target
Bioactivity,BA_000121,MEASURED_ON,Target,CHEMBL1075138,measured_on,Associated bioactivity was measured on respective target
Bioactivity,BA_000122,MEASURED_ON,Target,CHEMBL1293224,measured_on,Associated bioactivity was measured on respective target
Bioactivity,BA_000123,MEASURED_ON,Target,CHEMBL1293224,measured_on,Associated bioactivity was measured on respective target
Bioactivity,BA_000124,MEASURED_ON,Target,CHEMBL3577,measured_on,Associated bioactivity was measured on respective target
Bioactivity,BA_000125,MEASURED_ON,Target,CHEMBL3577,measured_on,Associated bioactivity was measured on respective target
Bioactivity,BA_000126,MEASURED_ON,Target,CHEMBL1293224,measured_on,Associated bioactivity was measured on respective target
Bioactivity,BA_000127,MEASURED_ON,Target,CHEMBL1293255,measured_on,Associated bioactivity was measured on respective target
Bioactivity,BA_000128,MEASURED_ON,Target,CHEMBL4159,measured_on,Associated bioactivity was measured on respective target
Bioactivity,BA_000129,MEASURED_ON,Target,CHEMBL4096,measured_on,Associated bioactivity was measured on respective target
Bioactivity,BA_000130,MEASURED_ON,Target,CHEMBL6032,measured_on,Associated bioactivity was measured on respective target
Bioactivity,BA_000131,MEASURED_ON,Target,CHEMBL5365,measured_on,Associated bioactivity was measured on respective target
Bioactivity,BA_000132,MEASURED_ON,Target,CHEMBL1075094,measured_on,Associated bioactivity was measured on respective target
Bioactivity,BA_000133,MEASURED_ON,Target,CHEMBL2146302,measured_on,Associated bioactivity was measured on respective target
Bioactivity,BA_000134,MEASURED_ON,Target,CHEMBL1075138,measured_on,Associated bioactivity was measured on respective target
Bioactivity,BA_000135,MEASURED_ON,Target,CHEMBL1075138,measured_on,Associated bioactivity was measured on respective target
Bioactivity,BA_000136,MEASURED_ON,Target,CHEMBL5619,measured_on,Associated bioactivity was measured on respective target
Bioactivity,BA_000137,MEASURED_ON,Target,CHEMBL3596077,measured_on,Associated bioactivity was measured on respective target
Bioactivity,BA_000138,MEASURED_ON,Target,CHEMBL284,measured_on,Associated bioactivity was measured on respective target
Bioactivity,BA_000139,MEASURED_ON,Target,CHEMBL3713355,measured_on,Associated bioactivity was measured on respective target
Bioactivity,BA_000140,MEASURED_ON,Target,CHEMBL3713355,measured_on,Associated bioactivity was measured on respective target
Bioactivity,BA_000141,MEASURED_ON,Target,CHEMBL6152,measured_on,Associated bioactivity was measured on respective target
Bioactivity,BA_000142,MEASURED_ON,Target,CHEMBL3397,measured_on,Associated bioactivity was measured on respective target
Bioactivity,BA_000143,MEASURED_ON,Target,CHEMBL215,measured_on,Associated bioactivity was measured on respective target
Bioactivity,BA_000144,MEASURED_ON,Target,CHEMBL3201,measured_on,Associated bioactivity was measured on respective target
Bioactivity,BA_000145,MEASURED_ON,Target,CHEMBL1929,measured_on,Associated bioactivity was measured on respective target
Bioactivity,BA_000146,MEASURED_ON,Target,CHEMBL3181,measured_on,Associated bioactivity was measured on respective target
Bioactivity,BA_000147,MEASURED_ON,Target,CHEMBL2789,measured_on,Associated bioactivity was measured on respective target
Bioactivity,BA_000148,MEASURED_ON,Target,CHEMBL1871,measured_on,Associated bioactivity was measured on respective target
Bioactivity,BA_000149,MEASURED_ON,Target,CHEMBL3356,measured_on,Associated bioactivity was measured on respective target
Bioactivity,BA_000150,MEASURED_ON,Target,CHEMBL2231,measured_on,Associated bioactivity was measured on respective target
Bioactivity,BA_000151,MEASURED_ON,Target,CHEMBL4878,measured_on,Associated bioactivity was measured on respective target
Bioactivity,BA_000152,MEASURED_ON,Target,CHEMBL1250375,measured_on,Associated bioactivity was measured on respective target
Bioactivity,BA_000153,MEASURED_ON,Target,CHEMBL1293235,measured_on,Associated bioactivity was measured on respective target
Bioactivity,BA_000154,MEASURED_ON,Target,CHEMBL1075138,measured_on,Associated bioactivity was measured on respective target
Bioactivity,BA_000155,MEASURED_ON,Target,CHEMBL3622,measured_on,Associated bioactivity was measured on respective target
Bioactivity,BA_000156,MEASURED_ON,Target,CHEMBL3622,measured_on,Associated bioactivity was measured on respective target
Bioactivity,BA_000157,MEASURED_ON,Target,CHEMBL4261,measured_on,Associated bioactivity was measured on respective target
Bioactivity,BA_000158,MEASURED_ON,Target,CHEMBL2903,measured_on,Associated bioactivity was measured on respective target
Bioactivity,BA_000159,MEASURED_ON,Target,CHEMBL2903,measured_on,Associated bioactivity was measured on respective target
Bioactivity,BA_000160,MEASURED_ON,Target,CHEMBL4096,measured_on,Associated bioactivity was measured on respective target
Bioactivity,BA_000161,MEASURED_ON,Target,CHEMBL289,measured_on,Associated bioactivity was measured on respective target
Bioactivity,BA_000162,MEASURED_ON,Target,CHEMBL3397,measured_on,Associated bioactivity was measured on respective target
Bioactivity,BA_000163,MEASURED_ON,Target,CHEMBL5393,measured_on,Associated bioactivity was measured on respective target
Bioactivity,BA_000164,MEASURED_ON,Target,CHEMBL5393,measured_on,Associated bioactivity was measured on respective target
Bioactivity,BA_000165,MEASURED_ON,Target,CHEMBL2231,measured_on,Associated bioactivity was measured on respective target
Bioactivity,BA_000166,MEASURED_ON,Target,CHEMBL4878,measured_on,Associated bioactivity was measured on respective target
Bioactivity,BA_000167,MEASURED_ON,Target,CHEMBL4302,measured_on,Associated bioactivity was measured on respective target
Bioactivity,BA_000168,MEASURED_ON,Target,CHEMBL206,measured_on,Associated bioactivity was measured on respective target
Bioactivity,BA_000169,MEASURED_ON,Target,CHEMBL206,measured_on,Associated bioactivity was measured on respective target
Bioactivity,BA_000170,MEASURED_ON,Target,CHEMBL240,measured_on,Associated bioactivity was measured on respective target
Bioactivity,BA_000171,MEASURED_ON,Target,CHEMBL1795098,measured_on,Associated bioactivity was measured on respective target
Bioactivity,BA_000172,MEASURED_ON,Target,CHEMBL235,measured_on,Associated bioactivity was measured on respective target
Bioactivity,BA_000173,MEASURED_ON,Target,CHEMBL1900,measured_on,Associated bioactivity was measured on respective target
Bioactivity,BA_000174,MEASURED_ON,Target,CHEMBL1974,measured_on,Associated bioactivity was measured on respective target
Bioactivity,BA_000175,MEASURED_ON,Target,CHEMBL3429,measured_on,Associated bioactivity was measured on respective target
Bioactivity,BA_000176,MEASURED_ON,Target,CHEMBL1075094,measured_on,Associated bioactivity was measured on respective target
Bioactivity,BA_000177,MEASURED_ON,Target,CHEMBL2558,measured_on,Associated bioactivity was measured on respective target
Bioactivity,BA_000178,MEASURED_ON,Target,CHEMBL205,measured_on,Associated bioactivity was measured on respective target
Bioactivity,BA_000179,MEASURED_ON,Target,CHEMBL2326,measured_on,Associated bioactivity was measured on respective target
Bioactivity,BA_000180,MEASURED_ON,Target,CHEMBL3242,measured_on,Associated bioactivity was measured on respective target
Bioactivity,BA_000181,MEASURED_ON,Target,CHEMBL1973,measured_on,Associated bioactivity was measured on respective target
Bioactivity,BA_000182,MEASURED_ON,Target,CHEMBL1795168,measured_on,Associated bioactivity was measured on respective target
Bioactivity,BA_000183,MEASURED_ON,Target,CHEMBL1795168,measured_on,Associated bioactivity was measured on respective target
Bioactivity,BA_000184,MEASURED_ON,Target,CHEMBL2535,measured_on,Associated bioactivity was measured on respective target
Bioactivity,BA_000185,MEASURED_ON,Target,CHEMBL2439,measured_on,Associated bioactivity was measured on respective target
Bioactivity,BA_000186,MEASURED_ON,Target,CHEMBL284,measured_on,Associated bioactivity was measured on respective target
Bioactivity,BA_000187,MEASURED_ON,Target,CHEMBL4523488,measured_on,Associated bioactivity was measured on respective target
Bioactivity,BA_000188,MEASURED_ON,Target,CHEMBL4523401,measured_on,Associated bioactivity was measured on respective target
Bioactivity,BA_000189,MEASURED_ON,Target,CHEMBL1250411,measured_on,Associated bioactivity was measured on respective target
Bioactivity,BA_000190,MEASURED_ON,Target,CHEMBL2073,measured_on,Associated bioactivity was measured on respective target
Bioactivity,BA_000191,MEASURED_ON,Target,CHEMBL1865,measured_on,Associated bioactivity was measured on respective target
Bioactivity,BA_000192,MEASURED_ON,Target,CHEMBL2345,measured_on,Associated bioactivity was measured on respective target
Bioactivity,BA_000193,MEASURED_ON,Target,CHEMBL284,measured_on,Associated bioactivity was measured on respective target
Bioactivity,BA_000194,MEASURED_ON,Target,CHEMBL2034,measured_on,Associated bioactivity was measured on respective target
Bioactivity,BA_000195,MEASURED_ON,Target,CHEMBL1075094,measured_on,Associated bioactivity was measured on respective target
Bioactivity,BA_000196,MEASURED_ON,Target,CHEMBL1293278,measured_on,Associated bioactivity was measured on respective target
Bioactivity,BA_000197,MEASURED_ON,Target,CHEMBL1075138,measured_on,Associated bioactivity was measured on respective target
Bioactivity,BA_000198,MEASURED_ON,Target,CHEMBL3596077,measured_on,Associated bioactivity was measured on respective target
Bioactivity,BA_000199,MEASURED_ON,Target,CHEMBL2424,measured_on,Associated bioactivity was measured on respective target
Bioactivity,BA_000200,MEASURED_ON,Target,CHEMBL1981,measured_on,Associated bioactivity was measured on respective target
Bioactivity,BA_000201,MEASURED_ON,Target,CHEMBL1929,measured_on,Associated bioactivity was measured on respective target
Bioactivity,BA_000202,MEASURED_ON,Target,CHEMBL1978,measured_on,Associated bioactivity was measured on respective target
Bioactivity,BA_000203,MEASURED_ON,Target,CHEMBL2428,measured_on,Associated bioactivity was measured on respective target
Bioactivity,BA_000204,MEASURED_ON,Target,CHEMBL1293236,measured_on,Associated bioactivity was measured on respective target
Bioactivity,BA_000205,MEASURED_ON,Target,CHEMBL1293236,measured_on,Associated bioactivity was measured on respective target
Bioactivity,BA_000206,MEASURED_ON,Target,CHEMBL1293236,measured_on,Associated bioactivity was measured on respective target
Bioactivity,BA_000207,MEASURED_ON,Target,CHEMBL1293236,measured_on,Associated bioactivity was measured on respective target
Bioactivity,BA_000208,MEASURED_ON,Target,CHEMBL4159,measured_on,Associated bioactivity was measured on respective target
Bioactivity,BA_000209,MEASURED_ON,Target,CHEMBL4159,measured_on,Associated bioactivity was measured on respective target
Bioactivity,BA_000210,MEASURED_ON,Target,CHEMBL1293226,measured_on,Associated bioactivity was measured on respective target
Bioactivity,BA_000211,MEASURED_ON,Target,CHEMBL1293226,measured_on,Associated bioactivity was measured on respective target
Bioactivity,BA_000212,MEASURED_ON,Target,CHEMBL1293226,measured_on,Associated bioactivity was measured on respective target
Bioactivity,BA_000213,MEASURED_ON,Target,CHEMBL5619,measured_on,Associated bioactivity was measured on respective target
Bioactivity,BA_000214,MEASURED_ON,Target,CHEMBL1075138,measured_on,Associated bioactivity was measured on respective target
Bioactivity,BA_000215,MEASURED_ON,Target,CHEMBL1075138,measured_on,Associated bioactivity was measured on respective target
Bioactivity,BA_000216,MEASURED_ON,Target,CHEMBL1075138,measured_on,Associated bioactivity was measured on respective target
Bioactivity,BA_000217,MEASURED_ON,Target,CHEMBL1075138,measured_on,Associated bioactivity was measured on respective target
Bioactivity,BA_000218,MEASURED_ON,Target,CHEMBL1293224,measured_on,Associated bioactivity was measured on respective target
Bioactivity,BA_000219,MEASURED_ON,Target,CHEMBL3622,measured_on,Associated bioactivity was measured on respective target
Bioactivity,BA_000220,MEASURED_ON,Target,CHEMBL3577,measured_on,Associated bioactivity was measured on respective target
Bioactivity,BA_000221,MEASURED_ON,Target,CHEMBL2903,measured_on,Associated bioactivity was measured on respective target
Bioactivity,BA_000222,MEASURED_ON,Target,CHEMBL2903,measured_on,Associated bioactivity was measured on respective target
Bioactivity,BA_000223,MEASURED_ON,Target,CHEMBL1293224,measured_on,Associated bioactivity was measured on respective target
Bioactivity,BA_000224,MEASURED_ON,Target,CHEMBL1287622,measured_on,Associated bioactivity was measured on respective target
Bioactivity,BA_000225,MEASURED_ON,Target,CHEMBL5619,measured_on,Associated bioactivity was measured on respective target
Bioactivity,BA_000226,MEASURED_ON,Target,CHEMBL1293227,measured_on,Associated bioactivity was measured on respective target
Bioactivity,BA_000227,MEASURED_ON,Target,CHEMBL1293255,measured_on,Associated bioactivity was measured on respective target
Bioactivity,BA_000228,MEASURED_ON,Target,CHEMBL1293255,measured_on,Associated bioactivity was measured on respective target
Bioactivity,BA_000229,MEASURED_ON,Target,CHEMBL1293256,measured_on,Associated bioactivity was measured on respective target
Bioactivity,BA_000230,MEASURED_ON,Target,CHEMBL4159,measured_on,Associated bioactivity was measured on respective target
Bioactivity,BA_000231,MEASURED_ON,Target,CHEMBL4159,measured_on,Associated bioactivity was measured on respective target
Bioactivity,BA_000232,MEASURED_ON,Target,CHEMBL4159,measured_on,Associated bioactivity was measured on respective target
Bioactivity,BA_000233,MEASURED_ON,Target,CHEMBL340,measured_on,Associated bioactivity was measured on respective target
Bioactivity,BA_000234,MEASURED_ON,Target,CHEMBL3397,measured_on,Associated bioactivity was measured on respective target
Bioactivity,BA_000235,MEASURED_ON,Target,CHEMBL2392,measured_on,Associated bioactivity was measured on respective target
Bioactivity,BA_000236,MEASURED_ON,Target,CHEMBL1293227,measured_on,Associated bioactivity was measured on respective target
Bioactivity,BA_000237,MEASURED_ON,Target,CHEMBL5896,measured_on,Associated bioactivity was measured on respective target
Bioactivity,BA_000238,MEASURED_ON,Target,CHEMBL2056,measured_on,Associated bioactivity was measured on respective target
Bioactivity,BA_000239,MEASURED_ON,Target,CHEMBL1741217,measured_on,Associated bioactivity was measured on respective target
Bioactivity,BA_000240,MEASURED_ON,Target,CHEMBL1741210,measured_on,Associated bioactivity was measured on respective target
Bioactivity,BA_000241,MEASURED_ON,Target,CHEMBL1741210,measured_on,Associated bioactivity was measured on respective target
Bioactivity,BA_000242,MEASURED_ON,Target,CHEMBL6032,measured_on,Associated bioactivity was measured on respective target
Bioactivity,BA_000243,MEASURED_ON,Target,CHEMBL6032,measured_on,Associated bioactivity was measured on respective target
Bioactivity,BA_000244,MEASURED_ON,Target,CHEMBL6032,measured_on,Associated bioactivity was measured on respective target
Bioactivity,BA_000245,MEASURED_ON,Target,CHEMBL2457,measured_on,Associated bioactivity was measured on respective target
Bioactivity,BA_000246,MEASURED_ON,Target,CHEMBL2457,measured_on,Associated bioactivity was measured on respective target
Bioactivity,BA_000247,MEASURED_ON,Target,CHEMBL2288,measured_on,Associated bioactivity was measured on respective target
Bioactivity,BA_000248,MEASURED_ON,Target,CHEMBL5027,measured_on,Associated bioactivity was measured on respective target
Bioactivity,BA_000249,MEASURED_ON,Target,CHEMBL2231,measured_on,Associated bioactivity was measured on respective target
Bioactivity,BA_000250,MEASURED_ON,Target,CHEMBL4878,measured_on,Associated bioactivity was measured on respective target
Bioactivity,BA_000251,MEASURED_ON,Target,CHEMBL1293226,measured_on,Associated bioactivity was measured on respective target
Bioactivity,BA_000252,MEASURED_ON,Target,CHEMBL1741193,measured_on,Associated bioactivity was measured on respective target
Bioactivity,BA_000253,MEASURED_ON,Target,CHEMBL5027,measured_on,Associated bioactivity was measured on respective target
Bioactivity,BA_000254,MEASURED_ON,Target,CHEMBL5027,measured_on,Associated bioactivity was measured on respective target
Bioactivity,BA_000255,MEASURED_ON,Target,CHEMBL5027,measured_on,Associated bioactivity was measured on respective target
Bioactivity,BA_000256,MEASURED_ON,Target,CHEMBL5391,measured_on,Associated bioactivity was measured on respective target
Bioactivity,BA_000257,MEASURED_ON,Target,CHEMBL5391,measured_on,Associated bioactivity was measured on respective target
Bioactivity,BA_000258,MEASURED_ON,Target,CHEMBL5391,measured_on,Associated bioactivity was measured on respective target
Bioactivity,BA_000259,MEASURED_ON,Target,CHEMBL5542,measured_on,Associated bioactivity was measured on respective target
Bioactivity,BA_000260,MEASURED_ON,Target,CHEMBL5542,measured_on,Associated bioactivity was measured on respective target
Bioactivity,BA_000261,MEASURED_ON,Target,CHEMBL5365,measured_on,Associated bioactivity was measured on respective target
Bioactivity,BA_000262,MEASURED_ON,Target,CHEMBL5365,measured_on,Associated bioactivity was measured on respective target
Bioactivity,BA_000263,MEASURED_ON,Target,CHEMBL5365,measured_on,Associated bioactivity was measured on respective target
Bioactivity,BA_000264,MEASURED_ON,Target,CHEMBL5365,measured_on,Associated bioactivity was measured on respective target
Bioactivity,BA_000265,MEASURED_ON,Target,CHEMBL1795091,measured_on,Associated bioactivity was measured on respective target
Bioactivity,BA_000266,MEASURED_ON,Target,CHEMBL5365,measured_on,Associated bioactivity was measured on respective target
Bioactivity,BA_000267,MEASURED_ON,Target,CHEMBL5365,measured_on,Associated bioactivity was measured on respective target
Bioactivity,BA_000268,MEASURED_ON,Target,CHEMBL5365,measured_on,Associated bioactivity was measured on respective target
Bioactivity,BA_000269,MEASURED_ON,Target,CHEMBL5365,measured_on,Associated bioactivity was measured on respective target
Bioactivity,BA_000270,MEASURED_ON,Target,CHEMBL1287622,measured_on,Associated bioactivity was measured on respective target
Bioactivity,BA_000271,MEASURED_ON,Target,CHEMBL1293267,measured_on,Associated bioactivity was measured on respective target
Bioactivity,BA_000272,MEASURED_ON,Target,CHEMBL1293267,measured_on,Associated bioactivity was measured on respective target
Bioactivity,BA_000273,MEASURED_ON,Target,CHEMBL2146302,measured_on,Associated bioactivity was measured on respective target
Bioactivity,BA_000274,MEASURED_ON,Target,CHEMBL2146312,measured_on,Associated bioactivity was measured on respective target
Bioactivity,BA_000275,MEASURED_ON,Target,CHEMBL2599,measured_on,Associated bioactivity was measured on respective target
Bioactivity,BA_000276,MEASURED_ON,Target,CHEMBL1806,measured_on,Associated bioactivity was measured on respective target
Bioactivity,BA_000277,MEASURED_ON,Target,CHEMBL4822,measured_on,Associated bioactivity was measured on respective target
Bioactivity,BA_000278,MEASURED_ON,Target,CHEMBL1974,measured_on,Associated bioactivity was measured on respective target
Bioactivity,BA_000279,MEASURED_ON,Target,CHEMBL1293224,measured_on,Associated bioactivity was measured on respective target
Bioactivity,BA_000280,MEASURED_ON,Target,CHEMBL2029198,measured_on,Associated bioactivity was measured on respective target
Bioactivity,BA_000281,MEASURED_ON,Target,CHEMBL5365,measured_on,Associated bioactivity was measured on respective target
Bioactivity,BA_000282,MEASURED_ON,Target,CHEMBL5542,measured_on,Associated bioactivity was measured on respective target
Bioactivity,BA_000283,MEASURED_ON,Target,CHEMBL3024,measured_on,Associated bioactivity was measured on respective target
Bioactivity,BA_000284,MEASURED_ON,Target,CHEMBL5619,measured_on,Associated bioactivity was measured on respective target
Bioactivity,BA_000285,MEASURED_ON,Target,CHEMBL5619,measured_on,Associated bioactivity was measured on respective target
Bioactivity,BA_000286,MEASURED_ON,Target,CHEMBL5619,measured_on,Associated bioactivity was measured on respective target
Bioactivity,BA_000287,MEASURED_ON,Target,CHEMBL5027,measured_on,Associated bioactivity was measured on respective target
Bioactivity,BA_000288,MEASURED_ON,Target,CHEMBL5391,measured_on,Associated bioactivity was measured on respective target
Bioactivity,BA_000289,MEASURED_ON,Target,CHEMBL2487,measured_on,Associated bioactivity was measured on respective target
Bioactivity,BA_000290,MEASURED_ON,Target,CHEMBL1293224,measured_on,Associated bioactivity was measured on respective target
Bioactivity,BA_000291,MEASURED_ON,Target,CHEMBL3267,measured_on,Associated bioactivity was measured on respective target
Bioactivity,BA_000292,MEASURED_ON,Target,CHEMBL5619,measured_on,Associated bioactivity was measured on respective target
Bioactivity,BA_000293,MEASURED_ON,Target,CHEMBL4105924,measured_on,Associated bioactivity was measured on respective target
Bioactivity,BA_000294,MEASURED_ON,Target,CHEMBL5145,measured_on,Associated bioactivity was measured on respective target
Bioactivity,BA_000295,MEASURED_ON,Target,CHEMBL4523488,measured_on,Associated bioactivity was measured on respective target
Bioactivity,BA_000296,MEASURED_ON,Target,CHEMBL4523401,measured_on,Associated bioactivity was measured on respective target
Bioactivity,BA_000297,MEASURED_ON,Target,CHEMBL2147,measured_on,Associated bioactivity was measured on respective target
Bioactivity,BA_000298,MEASURED_ON,Target,CHEMBL2487,measured_on,Associated bioactivity was measured on respective target
Bioactivity,BA_000299,MEASURED_ON,Target,CHEMBL4662,measured_on,Associated bioactivity was measured on respective target
Bioactivity,BA_000300,MEASURED_ON,Target,CHEMBL2487,measured_on,Associated bioactivity was measured on respective target
Bioactivity,BA_000301,MEASURED_ON,Target,CHEMBL6152,measured_on,Associated bioactivity was measured on respective target
Bioactivity,BA_000302,MEASURED_ON,Target,CHEMBL2424,measured_on,Associated bioactivity was measured on respective target
Bioactivity,BA_000303,MEASURED_ON,Target,CHEMBL1865,measured_on,Associated bioactivity was measured on respective target
Bioactivity,BA_000304,MEASURED_ON,Target,CHEMBL2487,measured_on,Associated bioactivity was measured on respective target
Bioactivity,BA_000305,MEASURED_ON,Target,CHEMBL4822,measured_on,Associated bioactivity was measured on respective target
Bioactivity,BA_000306,MEASURED_ON,Target,CHEMBL3736,measured_on,Associated bioactivity was measured on respective target
Bioactivity,BA_000307,MEASURED_ON,Target,CHEMBL1075189,measured_on,Associated bioactivity was measured on respective target
Bioactivity,BA_000308,MEASURED_ON,Target,CHEMBL1293317,measured_on,Associated bioactivity was measured on respective target
Bioactivity,BA_000309,MEASURED_ON,Target,CHEMBL1951,measured_on,Associated bioactivity was measured on respective target
Bioactivity,BA_000310,MEASURED_ON,Target,CHEMBL1812,measured_on,Associated bioactivity was measured on respective target
Bioactivity,BA_000311,MEASURED_ON,Target,CHEMBL4005,measured_on,Associated bioactivity was measured on respective target
Bioactivity,BA_000312,MEASURED_ON,Target,CHEMBL5925,measured_on,Associated bioactivity was measured on respective target
Bioactivity,BA_000313,MEASURED_ON,Target,CHEMBL2147,measured_on,Associated bioactivity was measured on respective target
Bioactivity,BA_000314,MEASURED_ON,Target,CHEMBL5983,measured_on,Associated bioactivity was measured on respective target
Bioactivity,BA_000315,MEASURED_ON,Target,CHEMBL1900,measured_on,Associated bioactivity was measured on respective target
Bioactivity,BA_000316,MEASURED_ON,Target,CHEMBL2331065,measured_on,Associated bioactivity was measured on respective target
Bioactivity,BA_000317,MEASURED_ON,Target,CHEMBL2147,measured_on,Associated bioactivity was measured on respective target
Bioactivity,BA_000318,MEASURED_ON,Target,CHEMBL2147,measured_on,Associated bioactivity was measured on respective target
Bioactivity,BA_000319,MEASURED_ON,Target,CHEMBL215,measured_on,Associated bioactivity was measured on respective target
Bioactivity,BA_000320,MEASURED_ON,Target,CHEMBL215,measured_on,Associated bioactivity was measured on respective target
Bioactivity,BA_000321,MEASURED_ON,Target,CHEMBL3687,measured_on,Associated bioactivity was measured on respective target
Bioactivity,BA_000322,MEASURED_ON,Target,CHEMBL2903,measured_on,Associated bioactivity was measured on respective target
Bioactivity,BA_000323,MEASURED_ON,Target,CHEMBL2506,measured_on,Associated bioactivity was measured on respective target
Bioactivity,BA_000324,MEASURED_ON,Target,CHEMBL4426,measured_on,Associated bioactivity was measured on respective target
Bioactivity,BA_000325,MEASURED_ON,Target,CHEMBL1900,measured_on,Associated bioactivity was measured on respective target
Bioactivity,BA_000326,MEASURED_ON,Target,CHEMBL2424,measured_on,Associated bioactivity was measured on respective target
Bioactivity,BA_000327,MEASURED_ON,Target,CHEMBL2147,measured_on,Associated bioactivity was measured on respective target
Bioactivity,BA_000328,MEASURED_ON,Target,CHEMBL1929,measured_on,Associated bioactivity was measured on respective target
Bioactivity,BA_000329,MEASURED_ON,Target,CHEMBL1929,measured_on,Associated bioactivity was measured on respective target
Bioactivity,BA_000330,MEASURED_ON,Target,CHEMBL2789,measured_on,Associated bioactivity was measured on respective target
Bioactivity,BA_000331,MEASURED_ON,Target,CHEMBL1900,measured_on,Associated bioactivity was measured on respective target
Bioactivity,BA_000332,MEASURED_ON,Target,CHEMBL203,measured_on,Associated bioactivity was measured on respective target
Bioactivity,BA_000333,MEASURED_ON,Target,CHEMBL3629,measured_on,Associated bioactivity was measured on respective target
Bioactivity,BA_000334,MEASURED_ON,Target,CHEMBL1951,measured_on,Associated bioactivity was measured on respective target
Bioactivity,BA_000335,MEASURED_ON,Target,CHEMBL3729,measured_on,Associated bioactivity was measured on respective target
Bioactivity,BA_000336,MEASURED_ON,Target,CHEMBL2885,measured_on,Associated bioactivity was measured on respective target
Bioactivity,BA_000337,MEASURED_ON,Target,CHEMBL205,measured_on,Associated bioactivity was measured on respective target
Bioactivity,BA_000338,MEASURED_ON,Target,CHEMBL261,measured_on,Associated bioactivity was measured on respective target
Bioactivity,BA_000339,MEASURED_ON,Target,CHEMBL4789,measured_on,Associated bioactivity was measured on respective target
Bioactivity,BA_000340,MEASURED_ON,Target,CHEMBL3025,measured_on,Associated bioactivity was measured on respective target
Bioactivity,BA_000341,MEASURED_ON,Target,CHEMBL2326,measured_on,Associated bioactivity was measured on respective target
Bioactivity,BA_000342,MEASURED_ON,Target,CHEMBL3594,measured_on,Associated bioactivity was measured on respective target
Bioactivity,BA_000343,MEASURED_ON,Target,CHEMBL3242,measured_on,Associated bioactivity was measured on respective target
Bioactivity,BA_000344,MEASURED_ON,Target,CHEMBL3510,measured_on,Associated bioactivity was measured on respective target
Bioactivity,BA_000345,MEASURED_ON,Target,CHEMBL219,measured_on,Associated bioactivity was measured on respective target
Bioactivity,BA_000346,MEASURED_ON,Target,CHEMBL1978,measured_on,Associated bioactivity was measured on respective target
Bioactivity,BA_000347,MEASURED_ON,Target,CHEMBL3356,measured_on,Associated bioactivity was measured on respective target
Bioactivity,BA_000348,MEASURED_ON,Target,CHEMBL2231,measured_on,Associated bioactivity was measured on respective target
Bioactivity,BA_000349,MEASURED_ON,Target,CHEMBL4878,measured_on,Associated bioactivity was measured on respective target
Bioactivity,BA_000350,MEASURED_ON,Target,CHEMBL1250375,measured_on,Associated bioactivity was measured on respective target
Bioactivity,BA_000351,MEASURED_ON,Target,CHEMBL308,measured_on,Associated bioactivity was measured on respective target
Bioactivity,BA_000352,MEASURED_ON,Target,CHEMBL3251,measured_on,Associated bioactivity was measured on respective target
Bioactivity,BA_000353,MEASURED_ON,Target,CHEMBL1293236,measured_on,Associated bioactivity was measured on respective target
Bioactivity,BA_000354,MEASURED_ON,Target,CHEMBL1293236,measured_on,Associated bioactivity was measured on respective target
Bioactivity,BA_000355,MEASURED_ON,Target,CHEMBL1293236,measured_on,Associated bioactivity was measured on respective target
Bioactivity,BA_000356,MEASURED_ON,Target,CHEMBL1293236,measured_on,Associated bioactivity was measured on respective target
Bioactivity,BA_000357,MEASURED_ON,Target,CHEMBL1293226,measured_on,Associated bioactivity was measured on respective target
Bioactivity,BA_000358,MEASURED_ON,Target,CHEMBL1293226,measured_on,Associated bioactivity was measured on respective target
Bioactivity,BA_000359,MEASURED_ON,Target,CHEMBL1963,measured_on,Associated bioactivity was measured on respective target
Bioactivity,BA_000360,MEASURED_ON,Target,CHEMBL1293224,measured_on,Associated bioactivity was measured on respective target
Bioactivity,BA_000361,MEASURED_ON,Target,CHEMBL1293224,measured_on,Associated bioactivity was measured on respective target
Bioactivity,BA_000362,MEASURED_ON,Target,CHEMBL4261,measured_on,Associated bioactivity was measured on respective target
Bioactivity,BA_000363,MEASURED_ON,Target,CHEMBL2903,measured_on,Associated bioactivity was measured on respective target
Bioactivity,BA_000364,MEASURED_ON,Target,CHEMBL3687,measured_on,Associated bioactivity was measured on respective target
Bioactivity,BA_000365,MEASURED_ON,Target,CHEMBL3687,measured_on,Associated bioactivity was measured on respective target
Bioactivity,BA_000366,MEASURED_ON,Target,CHEMBL5401,measured_on,Associated bioactivity was measured on respective target
Bioactivity,BA_000367,MEASURED_ON,Target,CHEMBL1293236,measured_on,Associated bioactivity was measured on respective target
Bioactivity,BA_000368,MEASURED_ON,Target,CHEMBL1293255,measured_on,Associated bioactivity was measured on respective target
Bioactivity,BA_000369,MEASURED_ON,Target,CHEMBL4096,measured_on,Associated bioactivity was measured on respective target
Bioactivity,BA_000370,MEASURED_ON,Target,CHEMBL4159,measured_on,Associated bioactivity was measured on respective target
Bioactivity,BA_000371,MEASURED_ON,Target,CHEMBL4159,measured_on,Associated bioactivity was measured on respective target
Bioactivity,BA_000372,MEASURED_ON,Target,CHEMBL4096,measured_on,Associated bioactivity was measured on respective target
Bioactivity,BA_000373,MEASURED_ON,Target,CHEMBL5162,measured_on,Associated bioactivity was measured on respective target
Bioactivity,BA_000374,MEASURED_ON,Target,CHEMBL340,measured_on,Associated bioactivity was measured on respective target
Bioactivity,BA_000375,MEASURED_ON,Target,CHEMBL3397,measured_on,Associated bioactivity was measured on respective target
Bioactivity,BA_000376,MEASURED_ON,Target,CHEMBL1900,measured_on,Associated bioactivity was measured on respective target
Bioactivity,BA_000377,MEASURED_ON,Target,CHEMBL5393,measured_on,Associated bioactivity was measured on respective target
Bioactivity,BA_000378,MEASURED_ON,Target,CHEMBL5393,measured_on,Associated bioactivity was measured on respective target
Bioactivity,BA_000379,MEASURED_ON,Target,CHEMBL2056,measured_on,Associated bioactivity was measured on respective target
Bioactivity,BA_000380,MEASURED_ON,Target,CHEMBL2056,measured_on,Associated bioactivity was measured on respective target
Bioactivity,BA_000381,MEASURED_ON,Target,CHEMBL1900,measured_on,Associated bioactivity was measured on respective target
Bioactivity,BA_000382,MEASURED_ON,Target,CHEMBL1900,measured_on,Associated bioactivity was measured on respective target
Bioactivity,BA_000383,MEASURED_ON,Target,CHEMBL1916,measured_on,Associated bioactivity was measured on respective target
Bioactivity,BA_000384,MEASURED_ON,Target,CHEMBL1867,measured_on,Associated bioactivity was measured on respective target
Bioactivity,BA_000385,MEASURED_ON,Target,CHEMBL4040,measured_on,Associated bioactivity was measured on respective target
Bioactivity,BA_000386,MEASURED_ON,Target,CHEMBL2392,measured_on,Associated bioactivity was measured on respective target
Bioactivity,BA_000387,MEASURED_ON,Target,CHEMBL2608,measured_on,Associated bioactivity was measured on respective target
Bioactivity,BA_000388,MEASURED_ON,Target,CHEMBL1293317,measured_on,Associated bioactivity was measured on respective target
Bioactivity,BA_000389,MEASURED_ON,Target,CHEMBL6032,measured_on,Associated bioactivity was measured on respective target
Bioactivity,BA_000390,MEASURED_ON,Target,CHEMBL1293317,measured_on,Associated bioactivity was measured on respective target
Bioactivity,BA_000391,MEASURED_ON,Target,CHEMBL1075144,measured_on,Associated bioactivity was measured on respective target
Bioactivity,BA_000392,MEASURED_ON,Target,CHEMBL6136,measured_on,Associated bioactivity was measured on respective target
Bioactivity,BA_000393,MEASURED_ON,Target,CHEMBL4822,measured_on,Associated bioactivity was measured on respective target
Bioactivity,BA_000394,MEASURED_ON,Target,CHEMBL1951,measured_on,Associated bioactivity was measured on respective target
Bioactivity,BA_000395,MEASURED_ON,Target,CHEMBL2311236,measured_on,Associated bioactivity was measured on respective target
Bioactivity,BA_000396,MEASURED_ON,Target,CHEMBL5619,measured_on,Associated bioactivity was measured on respective target
Bioactivity,BA_000397,MEASURED_ON,Target,CHEMBL2424,measured_on,Associated bioactivity was measured on respective target
Bioactivity,BA_000398,MEASURED_ON,Target,CHEMBL1929,measured_on,Associated bioactivity was measured on respective target
Bioactivity,BA_000399,MEASURED_ON,Target,CHEMBL1951,measured_on,Associated bioactivity was measured on respective target
Bioactivity,BA_000400,MEASURED_ON,Target,CHEMBL3356,measured_on,Associated bioactivity was measured on respective target
Bioactivity,BA_000401,MEASURED_ON,Target,CHEMBL2231,measured_on,Associated bioactivity was measured on respective target
Bioactivity,BA_000402,MEASURED_ON,Target,CHEMBL4878,measured_on,Associated bioactivity was measured on respective target
Bioactivity,BA_000403,MEASURED_ON,Target,CHEMBL1250375,measured_on,Associated bioactivity was measured on respective target
Bioactivity,BA_000404,MEASURED_ON,Target,CHEMBL1293235,measured_on,Associated bioactivity was measured on respective target
Bioactivity,BA_000405,MEASURED_ON,Target,CHEMBL1293236,measured_on,Associated bioactivity was measured on respective target
Bioactivity,BA_000406,MEASURED_ON,Target,CHEMBL1293236,measured_on,Associated bioactivity was measured on respective target
Bioactivity,BA_000407,MEASURED_ON,Target,CHEMBL1293236,measured_on,Associated bioactivity was measured on respective target
Bioactivity,BA_000408,MEASURED_ON,Target,CHEMBL4159,measured_on,Associated bioactivity was measured on respective target
Bioactivity,BA_000409,MEASURED_ON,Target,CHEMBL1293232,measured_on,Associated bioactivity was measured on respective target
Bioactivity,BA_000410,MEASURED_ON,Target,CHEMBL4261,measured_on,Associated bioactivity was measured on respective target
Bioactivity,BA_000411,MEASURED_ON,Target,CHEMBL3687,measured_on,Associated bioactivity was measured on respective target
Bioactivity,BA_000412,MEASURED_ON,Target,CHEMBL4096,measured_on,Associated bioactivity was measured on respective target
Bioactivity,BA_000413,MEASURED_ON,Target,CHEMBL2392,measured_on,Associated bioactivity was measured on respective target
Bioactivity,BA_000414,MEASURED_ON,Target,CHEMBL340,measured_on,Associated bioactivity was measured on respective target
Bioactivity,BA_000415,MEASURED_ON,Target,CHEMBL5393,measured_on,Associated bioactivity was measured on respective target
Bioactivity,BA_000416,MEASURED_ON,Target,CHEMBL1741209,measured_on,Associated bioactivity was measured on respective target
Bioactivity,BA_000417,MEASURED_ON,Target,CHEMBL2457,measured_on,Associated bioactivity was measured on respective target
Bioactivity,BA_000418,MEASURED_ON,Target,CHEMBL1741209,measured_on,Associated bioactivity was measured on respective target
Bioactivity,BA_000419,MEASURED_ON,Target,CHEMBL2231,measured_on,Associated bioactivity was measured on respective target
Bioactivity,BA_000420,MEASURED_ON,Target,CHEMBL4878,measured_on,Associated bioactivity was measured on respective target
Bioactivity,BA_000421,MEASURED_ON,Target,CHEMBL4660,measured_on,Associated bioactivity was measured on respective target
Bioactivity,BA_000422,MEASURED_ON,Target,CHEMBL1293236,measured_on,Associated bioactivity was measured on respective target
Bioactivity,BA_000423,MEASURED_ON,Target,CHEMBL5391,measured_on,Associated bioactivity was measured on respective target
Bioactivity,BA_000424,MEASURED_ON,Target,CHEMBL5542,measured_on,Associated bioactivity was measured on respective target
Bioactivity,BA_000425,MEASURED_ON,Target,CHEMBL5365,measured_on,Associated bioactivity was measured on respective target
Bioactivity,BA_000426,MEASURED_ON,Target,CHEMBL5365,measured_on,Associated bioactivity was measured on respective target
Bioactivity,BA_000427,MEASURED_ON,Target,CHEMBL5365,measured_on,Associated bioactivity was measured on respective target
Bioactivity,BA_000428,MEASURED_ON,Target,CHEMBL5365,measured_on,Associated bioactivity was measured on respective target
Bioactivity,BA_000429,MEASURED_ON,Target,CHEMBL1293267,measured_on,Associated bioactivity was measured on respective target
Bioactivity,BA_000430,MEASURED_ON,Target,CHEMBL1293267,measured_on,Associated bioactivity was measured on respective target
Bioactivity,BA_000431,MEASURED_ON,Target,CHEMBL333,measured_on,Associated bioactivity was measured on respective target
Bioactivity,BA_000432,MEASURED_ON,Target,CHEMBL321,measured_on,Associated bioactivity was measured on respective target
Bioactivity,BA_000433,MEASURED_ON,Target,CHEMBL4393,measured_on,Associated bioactivity was measured on respective target
Bioactivity,BA_000434,MEASURED_ON,Target,CHEMBL1293278,measured_on,Associated bioactivity was measured on respective target
Bioactivity,BA_000435,MEASURED_ON,Target,CHEMBL1293278,measured_on,Associated bioactivity was measured on respective target
Bioactivity,BA_000436,MEASURED_ON,Target,CHEMBL2146312,measured_on,Associated bioactivity was measured on respective target
Bioactivity,BA_000437,MEASURED_ON,Target,CHEMBL2599,measured_on,Associated bioactivity was measured on respective target
Bioactivity,BA_000438,MEASURED_ON,Target,CHEMBL262,measured_on,Associated bioactivity was measured on respective target
Bioactivity,BA_000439,MEASURED_ON,Target,CHEMBL1974,measured_on,Associated bioactivity was measured on respective target
Bioactivity,BA_000440,MEASURED_ON,Target,CHEMBL3105,measured_on,Associated bioactivity was measured on respective target
Bioactivity,BA_000441,MEASURED_ON,Target,CHEMBL3105,measured_on,Associated bioactivity was measured on respective target
Bioactivity,BA_000442,MEASURED_ON,Target,CHEMBL6154,measured_on,Associated bioactivity was measured on respective target
Bioactivity,BA_000443,MEASURED_ON,Target,CHEMBL6154,measured_on,Associated bioactivity was measured on respective target
Bioactivity,BA_000444,MEASURED_ON,Target,CHEMBL6164,measured_on,Associated bioactivity was measured on respective target
Bioactivity,BA_000445,MEASURED_ON,Target,CHEMBL6164,measured_on,Associated bioactivity was measured on respective target
Bioactivity,BA_000446,MEASURED_ON,Target,CHEMBL1900,measured_on,Associated bioactivity was measured on respective target
Bioactivity,BA_000447,MEASURED_ON,Target,CHEMBL215,measured_on,Associated bioactivity was measured on respective target
Bioactivity,BA_000448,MEASURED_ON,Target,CHEMBL3194,measured_on,Associated bioactivity was measured on respective target
Bioactivity,BA_000449,MEASURED_ON,Target,CHEMBL2146312,measured_on,Associated bioactivity was measured on respective target
Bioactivity,BA_000450,MEASURED_ON,Target,CHEMBL5619,measured_on,Associated bioactivity was measured on respective target
Bioactivity,BA_000451,MEASURED_ON,Target,CHEMBL5619,measured_on,Associated bioactivity was measured on respective target
Bioactivity,BA_000452,MEASURED_ON,Target,CHEMBL5619,measured_on,Associated bioactivity was measured on respective target
Bioactivity,BA_000453,MEASURED_ON,Target,CHEMBL1293237,measured_on,Associated bioactivity was measured on respective target
Bioactivity,BA_000454,MEASURED_ON,Target,CHEMBL5619,measured_on,Associated bioactivity was measured on respective target
Bioactivity,BA_000455,MEASURED_ON,Target,CHEMBL2487,measured_on,Associated bioactivity was measured on respective target
Bioactivity,BA_000456,MEASURED_ON,Target,CHEMBL1929,measured_on,Associated bioactivity was measured on respective target
Bioactivity,BA_000457,MEASURED_ON,Target,CHEMBL3194,measured_on,Associated bioactivity was measured on respective target
Bioactivity,BA_000458,MEASURED_ON,Target,CHEMBL3194,measured_on,Associated bioactivity was measured on respective target
Bioactivity,BA_000459,MEASURED_ON,Target,CHEMBL1929,measured_on,Associated bioactivity was measured on respective target
Bioactivity,BA_000460,MEASURED_ON,Target,CHEMBL205,measured_on,Associated bioactivity was measured on respective target
Bioactivity,BA_000461,MEASURED_ON,Target,CHEMBL2326,measured_on,Associated bioactivity was measured on respective target
Bioactivity,BA_000462,MEASURED_ON,Target,CHEMBL3242,measured_on,Associated bioactivity was measured on respective target
Bioactivity,BA_000463,MEASURED_ON,Target,CHEMBL3729,measured_on,Associated bioactivity was measured on respective target
Bioactivity,BA_000464,MEASURED_ON,Target,CHEMBL1900,measured_on,Associated bioactivity was measured on respective target
Bioactivity,BA_000465,MEASURED_ON,Target,CHEMBL5983,measured_on,Associated bioactivity was measured on respective target
Bioactivity,BA_000466,MEASURED_ON,Target,CHEMBL2903,measured_on,Associated bioactivity was measured on respective target
Bioactivity,BA_000467,MEASURED_ON,Target,CHEMBL2231,measured_on,Associated bioactivity was measured on respective target
Bioactivity,BA_000468,MEASURED_ON,Target,CHEMBL284,measured_on,Associated bioactivity was measured on respective target
Bioactivity,BA_000469,MEASURED_ON,Target,CHEMBL4523488,measured_on,Associated bioactivity was measured on respective target
Bioactivity,BA_000470,MEASURED_ON,Target,CHEMBL4523401,measured_on,Associated bioactivity was measured on respective target
Bioactivity,BA_000471,MEASURED_ON,Target,CHEMBL4662,measured_on,Associated bioactivity was measured on respective target
Bioactivity,BA_000472,MEASURED_ON,Target,CHEMBL335,measured_on,Associated bioactivity was measured on respective target
Bioactivity,BA_000473,MEASURED_ON,Target,CHEMBL4422,measured_on,Associated bioactivity was measured on respective target
Bioactivity,BA_000474,MEASURED_ON,Target,CHEMBL4422,measured_on,Associated bioactivity was measured on respective target
Bioactivity,BA_000475,MEASURED_ON,Target,CHEMBL4422,measured_on,Associated bioactivity was measured on respective target
Bioactivity,BA_000476,MEASURED_ON,Target,CHEMBL3344,measured_on,Associated bioactivity was measured on respective target
Bioactivity,BA_000477,MEASURED_ON,Target,CHEMBL2083,measured_on,Associated bioactivity was measured on respective target
Bioactivity,BA_000478,MEASURED_ON,Target,CHEMBL1293235,measured_on,Associated bioactivity was measured on respective target
Bioactivity,BA_000479,MEASURED_ON,Target,CHEMBL2903,measured_on,Associated bioactivity was measured on respective target
Bioactivity,BA_000480,MEASURED_ON,Target,CHEMBL2061,measured_on,Associated bioactivity was measured on respective target
Bioactivity,BA_000481,MEASURED_ON,Target,CHEMBL239,measured_on,Associated bioactivity was measured on respective target
Bioactivity,BA_000482,MEASURED_ON,Target,CHEMBL239,measured_on,Associated bioactivity was measured on respective target
Bioactivity,BA_000483,MEASURED_ON,Target,CHEMBL3979,measured_on,Associated bioactivity was measured on respective target
Bioactivity,BA_000484,MEASURED_ON,Target,CHEMBL235,measured_on,Associated bioactivity was measured on respective target
Bioactivity,BA_000485,MEASURED_ON,Target,CHEMBL5339,measured_on,Associated bioactivity was measured on respective target
Bioactivity,BA_000486,MEASURED_ON,Target,CHEMBL2083,measured_on,Associated bioactivity was measured on respective target
Bioactivity,BA_000487,MEASURED_ON,Target,CHEMBL3344,measured_on,Associated bioactivity was measured on respective target
Bioactivity,BA_000488,MEASURED_ON,Target,CHEMBL4422,measured_on,Associated bioactivity was measured on respective target
Bioactivity,BA_000489,MEASURED_ON,Target,CHEMBL4681,measured_on,Associated bioactivity was measured on respective target
Bioactivity,BA_000490,MEASURED_ON,Target,CHEMBL4422,measured_on,Associated bioactivity was measured on respective target
Bioactivity,BA_000491,MEASURED_ON,Target,CHEMBL4163,measured_on,Associated bioactivity was measured on respective target
Bioactivity,BA_000492,MEASURED_ON,Target,CHEMBL1075138,measured_on,Associated bioactivity was measured on respective target
Bioactivity,BA_000493,MEASURED_ON,Target,CHEMBL2047,measured_on,Associated bioactivity was measured on respective target
Bioactivity,BA_000494,MEASURED_ON,Target,CHEMBL1293278,measured_on,Associated bioactivity was measured on respective target
Bioactivity,BA_000495,MEASURED_ON,Target,CHEMBL239,measured_on,Associated bioactivity was measured on respective target
Bioactivity,BA_000496,MEASURED_ON,Target,CHEMBL1075138,measured_on,Associated bioactivity was measured on respective target
Bioactivity,BA_000497,MEASURED_ON,Target,CHEMBL2362981,measured_on,Associated bioactivity was measured on respective target
Bioactivity,BA_000498,MEASURED_ON,Target,CHEMBL3714079,measured_on,Associated bioactivity was measured on respective target
Bioactivity,BA_000499,MEASURED_ON,Target,CHEMBL3714079,measured_on,Associated bioactivity was measured on respective target
Bioactivity,BA_000500,MEASURED_ON,Target,CHEMBL3310,measured_on,Associated bioactivity was measured on respective target
Bioactivity,BA_000501,MEASURED_ON,Target,CHEMBL2083,measured_on,Associated bioactivity was measured on respective target
Bioactivity,BA_000502,MEASURED_ON,Target,CHEMBL3674,measured_on,Associated bioactivity was measured on respective target
Bioactivity,BA_000503,MEASURED_ON,Target,CHEMBL2243,measured_on,Associated bioactivity was measured on respective target
Bioactivity,BA_000504,MEASURED_ON,Target,CHEMBL5421,measured_on,Associated bioactivity was measured on respective target
Bioactivity,BA_000505,MEASURED_ON,Target,CHEMBL5421,measured_on,Associated bioactivity was measured on respective target
Bioactivity,BA_000506,MEASURED_ON,Target,CHEMBL1293278,measured_on,Associated bioactivity was measured on respective target
Bioactivity,BA_000507,MEASURED_ON,Target,CHEMBL239,measured_on,Associated bioactivity was measured on respective target
Bioactivity,BA_000508,MEASURED_ON,Target,CHEMBL3979,measured_on,Associated bioactivity was measured on respective target
Bioactivity,BA_000509,MEASURED_ON,Target,CHEMBL235,measured_on,Associated bioactivity was measured on respective target
Bioactivity,BA_000510,MEASURED_ON,Target,CHEMBL1793,measured_on,Associated bioactivity was measured on respective target
Bioactivity,BA_000511,MEASURED_ON,Target,CHEMBL2029197,measured_on,Associated bioactivity was measured on respective target
Bioactivity,BA_000512,MEASURED_ON,Target,CHEMBL5619,measured_on,Associated bioactivity was measured on respective target
Bioactivity,BA_000513,MEASURED_ON,Target,CHEMBL2916,measured_on,Associated bioactivity was measured on respective target
Bioactivity,BA_000514,MEASURED_ON,Target,CHEMBL2083,measured_on,Associated bioactivity was measured on respective target
Bioactivity,BA_000515,MEASURED_ON,Target,CHEMBL335,measured_on,Associated bioactivity was measured on respective target
Bioactivity,BA_000516,MEASURED_ON,Target,CHEMBL1974,measured_on,Associated bioactivity was measured on respective target
Bioactivity,BA_000517,MEASURED_ON,Target,CHEMBL2083,measured_on,Associated bioactivity was measured on respective target
Bioactivity,BA_000518,MEASURED_ON,Target,CHEMBL3344,measured_on,Associated bioactivity was measured on respective target
Bioactivity,BA_000519,MEASURED_ON,Target,CHEMBL3674,measured_on,Associated bioactivity was measured on respective target
Bioactivity,BA_000520,MEASURED_ON,Target,CHEMBL4879,measured_on,Associated bioactivity was measured on respective target
Bioactivity,BA_000521,MEASURED_ON,Target,CHEMBL3674,measured_on,Associated bioactivity was measured on respective target
Bioactivity,BA_000522,MEASURED_ON,Target,CHEMBL2083,measured_on,Associated bioactivity was measured on respective target
Bioactivity,BA_000523,MEASURED_ON,Target,CHEMBL3674,measured_on,Associated bioactivity was measured on respective target
Bioactivity,BA_000524,MEASURED_ON,Target,CHEMBL206,measured_on,Associated bioactivity was measured on respective target
Bioactivity,BA_000525,MEASURED_ON,Target,CHEMBL1871,measured_on,Associated bioactivity was measured on respective target
Bioactivity,BA_000526,MEASURED_ON,Target,CHEMBL2047,measured_on,Associated bioactivity was measured on respective target
Bioactivity,BA_000527,MEASURED_ON,Target,CHEMBL3979,measured_on,Associated bioactivity was measured on respective target
Bioactivity,BA_000528,MEASURED_ON,Target,CHEMBL239,measured_on,Associated bioactivity was measured on respective target
Bioactivity,BA_000529,MEASURED_ON,Target,CHEMBL4523454,measured_on,Associated bioactivity was measured on respective target
Bioactivity,BA_000530,MEASURED_ON,Target,CHEMBL335,measured_on,Associated bioactivity was measured on respective target
Bioactivity,BA_000531,MEASURED_ON,Target,CHEMBL3310,measured_on,Associated bioactivity was measured on respective target
Bioactivity,BA_000532,MEASURED_ON,Target,CHEMBL2034,measured_on,Associated bioactivity was measured on respective target
Bioactivity,BA_000533,MEASURED_ON,Target,CHEMBL1977,measured_on,Associated bioactivity was measured on respective target
Bioactivity,BA_000534,MEASURED_ON,Target,CHEMBL3251,measured_on,Associated bioactivity was measured on respective target
Bioactivity,BA_000535,MEASURED_ON,Target,CHEMBL3979,measured_on,Associated bioactivity was measured on respective target
Bioactivity,BA_000536,MEASURED_ON,Target,CHEMBL239,measured_on,Associated bioactivity was measured on respective target
Bioactivity,BA_000537,MEASURED_ON,Target,CHEMBL335,measured_on,Associated bioactivity was measured on respective target
Bioactivity,BA_000538,MEASURED_ON,Target,CHEMBL3310,measured_on,Associated bioactivity was measured on respective target
Bioactivity,BA_000539,MEASURED_ON,Target,CHEMBL1293227,measured_on,Associated bioactivity was measured on respective target
Bioactivity,BA_000540,MEASURED_ON,Target,CHEMBL1287622,measured_on,Associated bioactivity was measured on respective target
Bioactivity,BA_000541,MEASURED_ON,Target,CHEMBL6032,measured_on,Associated bioactivity was measured on respective target
Bioactivity,BA_000542,MEASURED_ON,Target,CHEMBL1741220,measured_on,Associated bioactivity was measured on respective target
Bioactivity,BA_000543,MEASURED_ON,Target,CHEMBL3356,measured_on,Associated bioactivity was measured on respective target
Bioactivity,BA_000544,MEASURED_ON,Target,CHEMBL3397,measured_on,Associated bioactivity was measured on respective target
Bioactivity,BA_000545,MEASURED_ON,Target,CHEMBL402,measured_on,Associated bioactivity was measured on respective target
Bioactivity,BA_000546,MEASURED_ON,Target,CHEMBL1827,measured_on,Associated bioactivity was measured on respective target
Bioactivity,BA_000547,MEASURED_ON,Target,CHEMBL3385,measured_on,Associated bioactivity was measured on respective target
Bioactivity,BA_000548,MEASURED_ON,Target,CHEMBL4040,measured_on,Associated bioactivity was measured on respective target
Bioactivity,BA_000549,MEASURED_ON,Target,CHEMBL260,measured_on,Associated bioactivity was measured on respective target
Bioactivity,BA_000550,MEASURED_ON,Target,CHEMBL1841,measured_on,Associated bioactivity was measured on respective target
Bioactivity,BA_000551,MEASURED_ON,Target,CHEMBL258,measured_on,Associated bioactivity was measured on respective target
Bioactivity,BA_000552,MEASURED_ON,Target,CHEMBL1835,measured_on,Associated bioactivity was measured on respective target
Bioactivity,BA_000553,MEASURED_ON,Target,CHEMBL1075138,measured_on,Associated bioactivity was measured on respective target
Bioactivity,BA_000554,MEASURED_ON,Target,CHEMBL1075138,measured_on,Associated bioactivity was measured on respective target
Bioactivity,BA_000555,MEASURED_ON,Target,CHEMBL1743121,measured_on,Associated bioactivity was measured on respective target
Bioactivity,BA_000556,MEASURED_ON,Target,CHEMBL1743121,measured_on,Associated bioactivity was measured on respective target
Bioactivity,BA_000557,MEASURED_ON,Target,CHEMBL1697668,measured_on,Associated bioactivity was measured on respective target
Bioactivity,BA_000558,MEASURED_ON,Target,CHEMBL1697668,measured_on,Associated bioactivity was measured on respective target
Bioactivity,BA_000559,MEASURED_ON,Target,CHEMBL5619,measured_on,Associated bioactivity was measured on respective target
Bioactivity,BA_000560,MEASURED_ON,Target,CHEMBL5619,measured_on,Associated bioactivity was measured on respective target
Bioactivity,BA_000561,MEASURED_ON,Target,CHEMBL1293236,measured_on,Associated bioactivity was measured on respective target
Bioactivity,BA_000562,MEASURED_ON,Target,CHEMBL1293226,measured_on,Associated bioactivity was measured on respective target
Bioactivity,BA_000563,MEASURED_ON,Target,CHEMBL4361,measured_on,Associated bioactivity was measured on respective target
Bioactivity,BA_000564,MEASURED_ON,Target,CHEMBL1293237,measured_on,Associated bioactivity was measured on respective target
Bioactivity,BA_000565,MEASURED_ON,Target,CHEMBL2392,measured_on,Associated bioactivity was measured on respective target
Bioactivity,BA_000566,MEASURED_ON,Target,CHEMBL5896,measured_on,Associated bioactivity was measured on respective target
Bioactivity,BA_000567,MEASURED_ON,Target,CHEMBL1741220,measured_on,Associated bioactivity was measured on respective target
Bioactivity,BA_000568,MEASURED_ON,Target,CHEMBL5027,measured_on,Associated bioactivity was measured on respective target
Bioactivity,BA_000569,MEASURED_ON,Target,CHEMBL5391,measured_on,Associated bioactivity was measured on respective target
Bioactivity,BA_000570,MEASURED_ON,Target,CHEMBL5542,measured_on,Associated bioactivity was measured on respective target
Bioactivity,BA_000571,MEASURED_ON,Target,CHEMBL5365,measured_on,Associated bioactivity was measured on respective target
Bioactivity,BA_000572,MEASURED_ON,Target,CHEMBL1293278,measured_on,Associated bioactivity was measured on respective target
Bioactivity,BA_000573,MEASURED_ON,Target,CHEMBL2146312,measured_on,Associated bioactivity was measured on respective target
Bioactivity,BA_000574,MEASURED_ON,Target,CHEMBL2146312,measured_on,Associated bioactivity was measured on respective target
Bioactivity,BA_000575,MEASURED_ON,Target,CHEMBL5542,measured_on,Associated bioactivity was measured on respective target
Bioactivity,BA_000576,MEASURED_ON,Target,CHEMBL5619,measured_on,Associated bioactivity was measured on respective target
Bioactivity,BA_000577,MEASURED_ON,Target,CHEMBL1293237,measured_on,Associated bioactivity was measured on respective target
Bioactivity,BA_000578,MEASURED_ON,Target,CHEMBL5391,measured_on,Associated bioactivity was measured on respective target
Bioactivity,BA_000579,MEASURED_ON,Target,CHEMBL1293224,measured_on,Associated bioactivity was measured on respective target
Bioactivity,BA_000580,MEASURED_ON,Target,CHEMBL4040,measured_on,Associated bioactivity was measured on respective target
Bioactivity,BA_000581,MEASURED_ON,Target,CHEMBL1293278,measured_on,Associated bioactivity was measured on respective target
Bioactivity,BA_000582,MEASURED_ON,Target,CHEMBL1075138,measured_on,Associated bioactivity was measured on respective target
Bioactivity,BA_000583,MEASURED_ON,Target,CHEMBL5619,measured_on,Associated bioactivity was measured on respective target
Bioactivity,BA_000584,MEASURED_ON,Target,CHEMBL1293235,measured_on,Associated bioactivity was measured on respective target
Bioactivity,BA_000585,MEASURED_ON,Target,CHEMBL4096,measured_on,Associated bioactivity was measured on respective target
Bioactivity,BA_000586,MEASURED_ON,Target,CHEMBL253,measured_on,Associated bioactivity was measured on respective target
Bioactivity,BA_000587,MEASURED_ON,Target,CHEMBL253,measured_on,Associated bioactivity was measured on respective target
Bioactivity,BA_000588,MEASURED_ON,Target,CHEMBL239,measured_on,Associated bioactivity was measured on respective target
Bioactivity,BA_000589,MEASURED_ON,Target,CHEMBL1293235,measured_on,Associated bioactivity was measured on respective target
Bioactivity,BA_000590,MEASURED_ON,Target,CHEMBL3577,measured_on,Associated bioactivity was measured on respective target
Bioactivity,BA_000591,MEASURED_ON,Target,CHEMBL206,measured_on,Associated bioactivity was measured on respective target
Bioactivity,BA_000592,MEASURED_ON,Target,CHEMBL1741186,measured_on,Associated bioactivity was measured on respective target
Bioactivity,BA_000593,MEASURED_ON,Target,CHEMBL1075138,measured_on,Associated bioactivity was measured on respective target
Bioactivity,BA_000594,MEASURED_ON,Target,CHEMBL1075138,measured_on,Associated bioactivity was measured on respective target
Bioactivity,BA_000595,MEASURED_ON,Target,CHEMBL1075138,measured_on,Associated bioactivity was measured on respective target
Bioactivity,BA_000596,MEASURED_ON,Target,CHEMBL6066220,measured_on,Associated bioactivity was measured on respective target
Bioactivity,BA_000597,MEASURED_ON,Target,CHEMBL1947,measured_on,Associated bioactivity was measured on respective target
Bioactivity,BA_000598,MEASURED_ON,Target,CHEMBL1075094,measured_on,Associated bioactivity was measured on respective target
Bioactivity,BA_000599,MEASURED_ON,Target,CHEMBL3979,measured_on,Associated bioactivity was measured on respective target
Bioactivity,BA_000600,MEASURED_ON,Target,CHEMBL1977,measured_on,Associated bioactivity was measured on respective target
Bioactivity,BA_000601,MEASURED_ON,Target,CHEMBL2492,measured_on,Associated bioactivity was measured on respective target
Bioactivity,BA_000602,MEASURED_ON,Target,CHEMBL1947,measured_on,Associated bioactivity was measured on respective target
Bioactivity,BA_000603,MEASURED_ON,Target,CHEMBL1947,measured_on,Associated bioactivity was measured on respective target
Bioactivity,BA_000604,MEASURED_ON,Target,CHEMBL1871,measured_on,Associated bioactivity was measured on respective target
Bioactivity,BA_000605,MEASURED_ON,Target,CHEMBL2047,measured_on,Associated bioactivity was measured on respective target
Bioactivity,BA_000606,MEASURED_ON,Target,CHEMBL2034,measured_on,Associated bioactivity was measured on respective target
Bioactivity,BA_000607,MEASURED_ON,Target,CHEMBL4096,measured_on,Associated bioactivity was measured on respective target
Bioactivity,BA_000608,MEASURED_ON,Target,CHEMBL1963,measured_on,Associated bioactivity was measured on respective target
Bioactivity,BA_000609,MEASURED_ON,Target,CHEMBL1293235,measured_on,Associated bioactivity was measured on respective target
Bioactivity,BA_000610,MEASURED_ON,Target,CHEMBL221,measured_on,Associated bioactivity was measured on respective target
Bioactivity,BA_000611,MEASURED_ON,Target,CHEMBL221,measured_on,Associated bioactivity was measured on respective target
Bioactivity,BA_000612,MEASURED_ON,Target,CHEMBL6007,measured_on,Associated bioactivity was measured on respective target
Bioactivity,BA_000613,MEASURED_ON,Target,CHEMBL1293232,measured_on,Associated bioactivity was measured on respective target
Bioactivity,BA_000614,MEASURED_ON,Target,CHEMBL4096,measured_on,Associated bioactivity was measured on respective target
Bioactivity,BA_000615,MEASURED_ON,Target,CHEMBL1075138,measured_on,Associated bioactivity was measured on respective target
Bioactivity,BA_000616,MEASURED_ON,Target,CHEMBL2047,measured_on,Associated bioactivity was measured on respective target
Bioactivity,BA_000617,MEASURED_ON,Target,CHEMBL205,measured_on,Associated bioactivity was measured on respective target
Bioactivity,BA_000618,MEASURED_ON,Target,CHEMBL1963,measured_on,Associated bioactivity was measured on respective target
Bioactivity,BA_000619,MEASURED_ON,Target,CHEMBL4096,measured_on,Associated bioactivity was measured on respective target
Bioactivity,BA_000620,MEASURED_ON,Target,CHEMBL1075094,measured_on,Associated bioactivity was measured on respective target
Bioactivity,BA_000621,MEASURED_ON,Target,CHEMBL1741209,measured_on,Associated bioactivity was measured on respective target
Bioactivity,BA_000622,MEASURED_ON,Target,CHEMBL1741186,measured_on,Associated bioactivity was measured on respective target
Bioactivity,BA_000623,MEASURED_ON,Target,CHEMBL5461,measured_on,Associated bioactivity was measured on respective target
Bioactivity,BA_000624,MEASURED_ON,Target,CHEMBL5119,measured_on,Associated bioactivity was measured on respective target
Bioactivity,BA_000625,MEASURED_ON,Target,CHEMBL256,measured_on,Associated bioactivity was measured on respective target
Bioactivity,BA_000626,MEASURED_ON,Target,CHEMBL1929,measured_on,Associated bioactivity was measured on respective target
Bioactivity,BA_000627,MEASURED_ON,Target,CHEMBL1914,measured_on,Associated bioactivity was measured on respective target
Bioactivity,BA_000628,MEASURED_ON,Target,CHEMBL2231,measured_on,Associated bioactivity was measured on respective target
Bioactivity,BA_000629,MEASURED_ON,Target,CHEMBL3356,measured_on,Associated bioactivity was measured on respective target
Bioactivity,BA_000630,MEASURED_ON,Target,CHEMBL3397,measured_on,Associated bioactivity was measured on respective target
Bioactivity,BA_000631,MEASURED_ON,Target,CHEMBL4302,measured_on,Associated bioactivity was measured on respective target
Bioactivity,BA_000632,MEASURED_ON,Target,CHEMBL3729,measured_on,Associated bioactivity was measured on respective target
Bioactivity,BA_000633,MEASURED_ON,Target,CHEMBL2326,measured_on,Associated bioactivity was measured on respective target
Bioactivity,BA_000634,MEASURED_ON,Target,CHEMBL3242,measured_on,Associated bioactivity was measured on respective target
Bioactivity,BA_000635,MEASURED_ON,Target,CHEMBL4878,measured_on,Associated bioactivity was measured on respective target
Bioactivity,BA_000636,MEASURED_ON,Target,CHEMBL1951,measured_on,Associated bioactivity was measured on respective target
Bioactivity,BA_000637,MEASURED_ON,Target,CHEMBL2039,measured_on,Associated bioactivity was measured on respective target
Bioactivity,BA_000638,MEASURED_ON,Target,CHEMBL1250411,measured_on,Associated bioactivity was measured on respective target
Bioactivity,BA_000639,MEASURED_ON,Target,CHEMBL235,measured_on,Associated bioactivity was measured on respective target
Bioactivity,BA_000640,MEASURED_ON,Target,CHEMBL5422,measured_on,Associated bioactivity was measured on respective target
Bioactivity,BA_000641,MEASURED_ON,Target,CHEMBL5027,measured_on,Associated bioactivity was measured on respective target
Bioactivity,BA_000642,MEASURED_ON,Target,CHEMBL3580487,measured_on,Associated bioactivity was measured on respective target
Bioactivity,BA_000643,MEASURED_ON,Target,CHEMBL3580487,measured_on,Associated bioactivity was measured on respective target
Bioactivity,BA_000644,MEASURED_ON,Target,CHEMBL4081,measured_on,Associated bioactivity was measured on respective target
Bioactivity,BA_000645,MEASURED_ON,Target,CHEMBL5485,measured_on,Associated bioactivity was measured on respective target
Bioactivity,BA_000646,MEASURED_ON,Target,CHEMBL5485,measured_on,Associated bioactivity was measured on respective target
Bioactivity,BA_000647,MEASURED_ON,Target,CHEMBL5485,measured_on,Associated bioactivity was measured on respective target
Bioactivity,BA_000648,MEASURED_ON,Target,CHEMBL5485,measured_on,Associated bioactivity was measured on respective target
Bioactivity,BA_000649,MEASURED_ON,Target,CHEMBL5485,measured_on,Associated bioactivity was measured on respective target
Bioactivity,BA_000650,MEASURED_ON,Target,CHEMBL5485,measured_on,Associated bioactivity was measured on respective target
Bioactivity,BA_000651,MEASURED_ON,Target,CHEMBL4523354,measured_on,Associated bioactivity was measured on respective target
Bioactivity,BA_000652,MEASURED_ON,Target,CHEMBL1963,measured_on,Associated bioactivity was measured on respective target
Bioactivity,BA_000653,MEASURED_ON,Target,CHEMBL3979,measured_on,Associated bioactivity was measured on respective target
Bioactivity,BA_000654,MEASURED_ON,Target,CHEMBL2047,measured_on,Associated bioactivity was measured on respective target
Bioactivity,BA_000655,MEASURED_ON,Target,CHEMBL1075094,measured_on,Associated bioactivity was measured on respective target
Bioactivity,BA_000656,MEASURED_ON,Target,CHEMBL1793,measured_on,Associated bioactivity was measured on respective target
Bioactivity,BA_000657,MEASURED_ON,Target,CHEMBL240,measured_on,Associated bioactivity was measured on respective target
Bioactivity,BA_000658,MEASURED_ON,Target,CHEMBL4096,measured_on,Associated bioactivity was measured on respective target
Bioactivity,BA_000659,MEASURED_ON,Target,CHEMBL1075094,measured_on,Associated bioactivity was measured on respective target
Bioactivity,BA_000660,MEASURED_ON,Target,CHEMBL220,measured_on,Associated bioactivity was measured on respective target
Bioactivity,BA_000661,MEASURED_ON,Target,CHEMBL220,measured_on,Associated bioactivity was measured on respective target
Bioactivity,BA_000662,MEASURED_ON,Target,CHEMBL220,measured_on,Associated bioactivity was measured on respective target
Bioactivity,BA_000663,MEASURED_ON,Target,CHEMBL335,measured_on,Associated bioactivity was measured on respective target
Bioactivity,BA_000664,MEASURED_ON,Target,CHEMBL3180,measured_on,Associated bioactivity was measured on respective target
Bioactivity,BA_000665,MEASURED_ON,Target,CHEMBL2265,measured_on,Associated bioactivity was measured on respective target
Bioactivity,BA_000666,MEASURED_ON,Target,CHEMBL335,measured_on,Associated bioactivity was measured on respective target
Bioactivity,BA_000667,MEASURED_ON,Target,CHEMBL335,measured_on,Associated bioactivity was measured on respective target
Bioactivity,BA_000668,MEASURED_ON,Target,CHEMBL335,measured_on,Associated bioactivity was measured on respective target
Bioactivity,BA_000669,MEASURED_ON,Target,CHEMBL2392,measured_on,Associated bioactivity was measured on respective target
Bioactivity,BA_000670,MEASURED_ON,Target,CHEMBL335,measured_on,Associated bioactivity was measured on respective target
Bioactivity,BA_000671,MEASURED_ON,Target,CHEMBL335,measured_on,Associated bioactivity was measured on respective target
Bioactivity,BA_000672,MEASURED_ON,Target,CHEMBL3807,measured_on,Associated bioactivity was measured on respective target
Bioactivity,BA_000673,MEASURED_ON,Target,CHEMBL5409,measured_on,Associated bioactivity was measured on respective target
Bioactivity,BA_000674,MEASURED_ON,Target,CHEMBL335,measured_on,Associated bioactivity was measured on respective target
Bioactivity,BA_000675,MEASURED_ON,Target,CHEMBL335,measured_on,Associated bioactivity was measured on respective target
Bioactivity,BA_000676,MEASURED_ON,Target,CHEMBL335,measured_on,Associated bioactivity was measured on respective target
Bioactivity,BA_000677,MEASURED_ON,Target,CHEMBL1293278,measured_on,Associated bioactivity was measured on respective target
Bioactivity,BA_000678,MEASURED_ON,Target,CHEMBL335,measured_on,Associated bioactivity was measured on respective target
Bioactivity,BA_000679,MEASURED_ON,Target,CHEMBL335,measured_on,Associated bioactivity was measured on respective target
Bioactivity,BA_000680,MEASURED_ON,Target,CHEMBL4426,measured_on,Associated bioactivity was measured on respective target
Bioactivity,BA_000681,MEASURED_ON,Target,CHEMBL2392,measured_on,Associated bioactivity was measured on respective target
Bioactivity,BA_000682,MEASURED_ON,Target,CHEMBL5983,measured_on,Associated bioactivity was measured on respective target
Bioactivity,BA_000683,MEASURED_ON,Target,CHEMBL5983,measured_on,Associated bioactivity was measured on respective target
Bioactivity,BA_000684,MEASURED_ON,Target,CHEMBL5983,measured_on,Associated bioactivity was measured on respective target
Bioactivity,BA_000685,MEASURED_ON,Target,CHEMBL5983,measured_on,Associated bioactivity was measured on respective target
Bioactivity,BA_000686,MEASURED_ON,Target,CHEMBL5983,measured_on,Associated bioactivity was measured on respective target
Bioactivity,BA_000687,MEASURED_ON,Target,CHEMBL5983,measured_on,Associated bioactivity was measured on respective target
Bioactivity,BA_000688,MEASURED_ON,Target,CHEMBL5983,measured_on,Associated bioactivity was measured on respective target
Bioactivity,BA_000689,MEASURED_ON,Target,CHEMBL335,measured_on,Associated bioactivity was measured on respective target
Bioactivity,BA_000690,MEASURED_ON,Target,CHEMBL335,measured_on,Associated bioactivity was measured on respective target
Bioactivity,BA_000691,MEASURED_ON,Target,CHEMBL335,measured_on,Associated bioactivity was measured on respective target
Bioactivity,BA_000692,MEASURED_ON,Target,CHEMBL335,measured_on,Associated bioactivity was measured on respective target
Bioactivity,BA_000693,MEASURED_ON,Target,CHEMBL335,measured_on,Associated bioactivity was measured on respective target
Bioactivity,BA_000694,MEASURED_ON,Target,CHEMBL335,measured_on,Associated bioactivity was measured on respective target
Bioactivity,BA_000695,MEASURED_ON,Target,CHEMBL3807,measured_on,Associated bioactivity was measured on respective target
Bioactivity,BA_000696,MEASURED_ON,Target,CHEMBL3807,measured_on,Associated bioactivity was measured on respective target
Bioactivity,BA_000697,MEASURED_ON,Target,CHEMBL4804,measured_on,Associated bioactivity was measured on respective target
Bioactivity,BA_000698,MEASURED_ON,Target,CHEMBL335,measured_on,Associated bioactivity was measured on respective target
Bioactivity,BA_000699,MEASURED_ON,Target,CHEMBL335,measured_on,Associated bioactivity was measured on respective target
Bioactivity,BA_000700,MEASURED_ON,Target,CHEMBL335,measured_on,Associated bioactivity was measured on respective target
Bioactivity,BA_000701,MEASURED_ON,Target,CHEMBL3807,measured_on,Associated bioactivity was measured on respective target
Bioactivity,BA_000702,MEASURED_ON,Target,CHEMBL335,measured_on,Associated bioactivity was measured on respective target
Bioactivity,BA_000703,MEASURED_ON,Target,CHEMBL335,measured_on,Associated bioactivity was measured on respective target
Bioactivity,BA_000704,MEASURED_ON,Target,CHEMBL335,measured_on,Associated bioactivity was measured on respective target
Bioactivity,BA_000705,MEASURED_ON,Target,CHEMBL335,measured_on,Associated bioactivity was measured on respective target
Bioactivity,BA_000706,MEASURED_ON,Target,CHEMBL3807,measured_on,Associated bioactivity was measured on respective target
Bioactivity,BA_000707,MEASURED_ON,Target,CHEMBL3243,measured_on,Associated bioactivity was measured on respective target
Bioactivity,BA_000708,MEASURED_ON,Target,CHEMBL2635,measured_on,Associated bioactivity was measured on respective target
Bioactivity,BA_000709,MEASURED_ON,Target,CHEMBL335,measured_on,Associated bioactivity was measured on respective target
Bioactivity,BA_000710,MEASURED_ON,Target,CHEMBL3807,measured_on,Associated bioactivity was measured on respective target
Bioactivity,BA_000711,MEASURED_ON,Target,CHEMBL4081,measured_on,Associated bioactivity was measured on respective target
Bioactivity,BA_000712,MEASURED_ON,Target,CHEMBL335,measured_on,Associated bioactivity was measured on respective target
Bioactivity,BA_000713,MEASURED_ON,Target,CHEMBL335,measured_on,Associated bioactivity was measured on respective target
Bioactivity,BA_000714,MEASURED_ON,Target,CHEMBL335,measured_on,Associated bioactivity was measured on respective target
Bioactivity,BA_000715,MEASURED_ON,Target,CHEMBL3807,measured_on,Associated bioactivity was measured on respective target
Bioactivity,BA_000716,MEASURED_ON,Target,CHEMBL335,measured_on,Associated bioactivity was measured on respective target
Bioactivity,BA_000717,MEASURED_ON,Target,CHEMBL5533,measured_on,Associated bioactivity was measured on respective target
Bioactivity,BA_000718,MEASURED_ON,Target,CHEMBL335,measured_on,Associated bioactivity was measured on respective target
Bioactivity,BA_000719,MEASURED_ON,Target,CHEMBL3807,measured_on,Associated bioactivity was measured on respective target
Bioactivity,BA_000720,MEASURED_ON,Target,CHEMBL3807,measured_on,Associated bioactivity was measured on respective target
Bioactivity,BA_000721,MEASURED_ON,Target,CHEMBL335,measured_on,Associated bioactivity was measured on respective target
Bioactivity,BA_000722,MEASURED_ON,Target,CHEMBL335,measured_on,Associated bioactivity was measured on respective target
Bioactivity,BA_000723,MEASURED_ON,Target,CHEMBL335,measured_on,Associated bioactivity was measured on respective target
Bioactivity,BA_000724,MEASURED_ON,Target,CHEMBL335,measured_on,Associated bioactivity was measured on respective target
Bioactivity,BA_000725,MEASURED_ON,Target,CHEMBL335,measured_on,Associated bioactivity was measured on respective target
Bioactivity,BA_000726,MEASURED_ON,Target,CHEMBL3807,measured_on,Associated bioactivity was measured on respective target
Bioactivity,BA_000727,MEASURED_ON,Target,CHEMBL335,measured_on,Associated bioactivity was measured on respective target
Bioactivity,BA_000728,MEASURED_ON,Target,CHEMBL3807,measured_on,Associated bioactivity was measured on respective target
Bioactivity,BA_000729,MEASURED_ON,Target,CHEMBL335,measured_on,Associated bioactivity was measured on respective target
Bioactivity,BA_000730,MEASURED_ON,Target,CHEMBL6067457,measured_on,Associated bioactivity was measured on respective target
Bioactivity,BA_000731,MEASURED_ON,Target,CHEMBL335,measured_on,Associated bioactivity was measured on respective target
Bioactivity,BA_000732,MEASURED_ON,Target,CHEMBL5983,measured_on,Associated bioactivity was measured on respective target
Bioactivity,BA_000733,MEASURED_ON,Target,CHEMBL3510,measured_on,Associated bioactivity was measured on respective target
Bioactivity,BA_000734,MEASURED_ON,Target,CHEMBL3242,measured_on,Associated bioactivity was measured on respective target
Bioactivity,BA_000735,MEASURED_ON,Target,CHEMBL3594,measured_on,Associated bioactivity was measured on respective target
Bioactivity,BA_000736,MEASURED_ON,Target,CHEMBL2326,measured_on,Associated bioactivity was measured on respective target
Bioactivity,BA_000737,MEASURED_ON,Target,CHEMBL3025,measured_on,Associated bioactivity was measured on respective target
Bioactivity,BA_000738,MEASURED_ON,Target,CHEMBL3969,measured_on,Associated bioactivity was measured on respective target
Bioactivity,BA_000739,MEASURED_ON,Target,CHEMBL4789,measured_on,Associated bioactivity was measured on respective target
Bioactivity,BA_000740,MEASURED_ON,Target,CHEMBL2885,measured_on,Associated bioactivity was measured on respective target
Bioactivity,BA_000741,MEASURED_ON,Target,CHEMBL205,measured_on,Associated bioactivity was measured on respective target
Bioactivity,BA_000742,MEASURED_ON,Target,CHEMBL261,measured_on,Associated bioactivity was measured on respective target
Bioactivity,BA_000743,MEASURED_ON,Target,CHEMBL335,measured_on,Associated bioactivity was measured on respective target
Bioactivity,BA_000744,MEASURED_ON,Target,CHEMBL1293235,measured_on,Associated bioactivity was measured on respective target
Bioactivity,BA_000745,MEASURED_ON,Target,CHEMBL3251,measured_on,Associated bioactivity was measured on respective target
Bioactivity,BA_000746,MEASURED_ON,Target,CHEMBL1293226,measured_on,Associated bioactivity was measured on respective target
Bioactivity,BA_000747,MEASURED_ON,Target,CHEMBL1075138,measured_on,Associated bioactivity was measured on respective target
Bioactivity,BA_000748,MEASURED_ON,Target,CHEMBL4040,measured_on,Associated bioactivity was measured on respective target
Bioactivity,BA_000749,MEASURED_ON,Target,CHEMBL4159,measured_on,Associated bioactivity was measured on respective target
Bioactivity,BA_000750,MEASURED_ON,Target,CHEMBL2608,measured_on,Associated bioactivity was measured on respective target
Bioactivity,BA_000751,MEASURED_ON,Target,CHEMBL6032,measured_on,Associated bioactivity was measured on respective target
Bioactivity,BA_000752,MEASURED_ON,Target,CHEMBL240,measured_on,Associated bioactivity was measured on respective target
Bioactivity,BA_000753,MEASURED_ON,Target,CHEMBL321,measured_on,Associated bioactivity was measured on respective target
Bioactivity,BA_000754,MEASURED_ON,Target,CHEMBL333,measured_on,Associated bioactivity was measured on respective target
Bioactivity,BA_000755,MEASURED_ON,Target,CHEMBL332,measured_on,Associated bioactivity was measured on respective target
Bioactivity,BA_000756,MEASURED_ON,Target,CHEMBL321,measured_on,Associated bioactivity was measured on respective target
Bioactivity,BA_000757,MEASURED_ON,Target,CHEMBL2193,measured_on,Associated bioactivity was measured on respective target
Bioactivity,BA_000758,MEASURED_ON,Target,CHEMBL215,measured_on,Associated bioactivity was measured on respective target
Bioactivity,BA_000759,MEASURED_ON,Target,CHEMBL284,measured_on,Associated bioactivity was measured on respective target
Bioactivity,BA_000760,MEASURED_ON,Target,CHEMBL227,measured_on,Associated bioactivity was measured on respective target
Bioactivity,BA_000761,MEASURED_ON,Target,CHEMBL3774295,measured_on,Associated bioactivity was measured on respective target
Bioactivity,BA_000762,MEASURED_ON,Target,CHEMBL1293226,measured_on,Associated bioactivity was measured on respective target
Bioactivity,BA_000763,MEASURED_ON,Target,CHEMBL1075138,measured_on,Associated bioactivity was measured on respective target
Bioactivity,BA_000764,MEASURED_ON,Target,CHEMBL1293224,measured_on,Associated bioactivity was measured on respective target
Bioactivity,BA_000765,MEASURED_ON,Target,CHEMBL2392,measured_on,Associated bioactivity was measured on respective target
Bioactivity,BA_000766,MEASURED_ON,Target,CHEMBL1741193,measured_on,Associated bioactivity was measured on respective target
Bioactivity,BA_000767,MEASURED_ON,Target,CHEMBL5365,measured_on,Associated bioactivity was measured on respective target
Bioactivity,BA_000768,MEASURED_ON,Target,CHEMBL5619,measured_on,Associated bioactivity was measured on respective target
Bioactivity,BA_000769,MEASURED_ON,Target,CHEMBL5027,measured_on,Associated bioactivity was measured on respective target
Bioactivity,BA_000770,MEASURED_ON,Target,CHEMBL1744525,measured_on,Associated bioactivity was measured on respective target
Bioactivity,BA_000771,MEASURED_ON,Target,CHEMBL2179,measured_on,Associated bioactivity was measured on respective target
Bioactivity,BA_000772,MEASURED_ON,Target,CHEMBL4377,measured_on,Associated bioactivity was measured on respective target
Bioactivity,BA_000773,MEASURED_ON,Target,CHEMBL5339,measured_on,Associated bioactivity was measured on respective target
Bioactivity,BA_000774,MEASURED_ON,Target,CHEMBL4422,measured_on,Associated bioactivity was measured on respective target
Bioactivity,BA_000775,MEASURED_ON,Target,CHEMBL1075138,measured_on,Associated bioactivity was measured on respective target
Bioactivity,BA_000776,MEASURED_ON,Target,CHEMBL2903,measured_on,Associated bioactivity was measured on respective target
Bioactivity,BA_000777,MEASURED_ON,Target,CHEMBL5501,measured_on,Associated bioactivity was measured on respective target
Bioactivity,BA_000778,MEASURED_ON,Target,CHEMBL2034,measured_on,Associated bioactivity was measured on respective target
Bioactivity,BA_000779,MEASURED_ON,Target,CHEMBL5542,measured_on,Associated bioactivity was measured on respective target
Bioactivity,BA_000780,MEASURED_ON,Target,CHEMBL5365,measured_on,Associated bioactivity was measured on respective target
Bioactivity,BA_000781,MEASURED_ON,Target,CHEMBL1795091,measured_on,Associated bioactivity was measured on respective target
Bioactivity,BA_000782,MEASURED_ON,Target,CHEMBL235,measured_on,Associated bioactivity was measured on respective target
Bioactivity,BA_000783,MEASURED_ON,Target,CHEMBL5339,measured_on,Associated bioactivity was measured on respective target
Bioactivity,BA_000784,MEASURED_ON,Target,CHEMBL4422,measured_on,Associated bioactivity was measured on respective target
Bioactivity,BA_000785,MEASURED_ON,Target,CHEMBL235,measured_on,Associated bioactivity was measured on respective target
Bioactivity,BA_000786,MEASURED_ON,Target,CHEMBL1293278,measured_on,Associated bioactivity was measured on respective target
Bioactivity,BA_000787,MEASURED_ON,Target,CHEMBL239,measured_on,Associated bioactivity was measured on respective target
Bioactivity,BA_000788,MEASURED_ON,Target,CHEMBL239,measured_on,Associated bioactivity was measured on respective target
Bioactivity,BA_000789,MEASURED_ON,Target,CHEMBL235,measured_on,Associated bioactivity was measured on respective target
Bioactivity,BA_000790,MEASURED_ON,Target,CHEMBL221,measured_on,Associated bioactivity was measured on respective target
Bioactivity,BA_000791,MEASURED_ON,Target,CHEMBL5365,measured_on,Associated bioactivity was measured on respective target
Bioactivity,BA_000792,MEASURED_ON,Target,CHEMBL3401,measured_on,Associated bioactivity was measured on respective target
Bioactivity,BA_000793,MEASURED_ON,Target,CHEMBL3401,measured_on,Associated bioactivity was measured on respective target
Bioactivity,BA_000794,MEASURED_ON,Target,CHEMBL4422,measured_on,Associated bioactivity was measured on respective target
Bioactivity,BA_000795,MEASURED_ON,Target,CHEMBL4422,measured_on,Associated bioactivity was measured on respective target
Bioactivity,BA_000796,MEASURED_ON,Target,CHEMBL2916,measured_on,Associated bioactivity was measured on respective target
Bioactivity,BA_000797,MEASURED_ON,Target,CHEMBL3308919,measured_on,Associated bioactivity was measured on respective target
Bioactivity,BA_000798,MEASURED_ON,Target,CHEMBL1293235,measured_on,Associated bioactivity was measured on respective target
Bioactivity,BA_000799,MEASURED_ON,Target,CHEMBL1795087,measured_on,Associated bioactivity was measured on respective target
Bioactivity,BA_000800,MEASURED_ON,Target,CHEMBL3902,measured_on,Associated bioactivity was measured on respective target
Bioactivity,BA_000801,MEASURED_ON,Target,CHEMBL2034,measured_on,Associated bioactivity was measured on respective target
Bioactivity,BA_000802,MEASURED_ON,Target,CHEMBL1293278,measured_on,Associated bioactivity was measured on respective target
Bioactivity,BA_000803,MEASURED_ON,Target,CHEMBL3714079,measured_on,Associated bioactivity was measured on respective target
Bioactivity,BA_000804,MEASURED_ON,Target,CHEMBL3714079,measured_on,Associated bioactivity was measured on respective target
Bioactivity,BA_000805,MEASURED_ON,Target,CHEMBL3714079,measured_on,Associated bioactivity was measured on respective target
Bioactivity,BA_000806,MEASURED_ON,Target,CHEMBL3714079,measured_on,Associated bioactivity was measured on respective target
Bioactivity,BA_000807,MEASURED_ON,Target,CHEMBL3714079,measured_on,Associated bioactivity was measured on respective target
Bioactivity,BA_000808,MEASURED_ON,Target,CHEMBL3714079,measured_on,Associated bioactivity was measured on respective target
Bioactivity,BA_000809,MEASURED_ON,Target,CHEMBL235,measured_on,Associated bioactivity was measured on respective target
Bioactivity,BA_000810,MEASURED_ON,Target,CHEMBL1963,measured_on,Associated bioactivity was measured on respective target
Bioactivity,BA_000811,MEASURED_ON,Target,CHEMBL2061,measured_on,Associated bioactivity was measured on respective target
Bioactivity,BA_000812,MEASURED_ON,Target,CHEMBL1871,measured_on,Associated bioactivity was measured on respective target
Bioactivity,BA_000813,MEASURED_ON,Target,CHEMBL1871,measured_on,Associated bioactivity was measured on respective target
Bioactivity,BA_000814,MEASURED_ON,Target,CHEMBL1784,measured_on,Associated bioactivity was measured on respective target
Bioactivity,BA_000815,MEASURED_ON,Target,CHEMBL4422,measured_on,Associated bioactivity was measured on respective target
Bioactivity,BA_000816,MEASURED_ON,Target,CHEMBL4422,measured_on,Associated bioactivity was measured on respective target
Bioactivity,BA_000817,MEASURED_ON,Target,CHEMBL3714079,measured_on,Associated bioactivity was measured on respective target
Bioactivity,BA_000818,MEASURED_ON,Target,CHEMBL5339,measured_on,Associated bioactivity was measured on respective target
Bioactivity,BA_000819,MEASURED_ON,Target,CHEMBL3714079,measured_on,Associated bioactivity was measured on respective target
Bioactivity,BA_000820,MEASURED_ON,Target,CHEMBL3714079,measured_on,Associated bioactivity was measured on respective target
Bioactivity,BA_000821,MEASURED_ON,Target,CHEMBL3714079,measured_on,Associated bioactivity was measured on respective target
Bioactivity,BA_000822,MEASURED_ON,Target,CHEMBL3714079,measured_on,Associated bioactivity was measured on respective target
Bioactivity,BA_000823,MEASURED_ON,Target,CHEMBL267,measured_on,Associated bioactivity was measured on respective target
Bioactivity,BA_000824,MEASURED_ON,Target,CHEMBL262,measured_on,Associated bioactivity was measured on respective target
Bioactivity,BA_000825,MEASURED_ON,Target,CHEMBL3629,measured_on,Associated bioactivity was measured on respective target
Bioactivity,BA_000826,MEASURED_ON,Target,CHEMBL261,measured_on,Associated bioactivity was measured on respective target
Bioactivity,BA_000827,MEASURED_ON,Target,CHEMBL205,measured_on,Associated bioactivity was measured on respective target
Bioactivity,BA_000828,MEASURED_ON,Target,CHEMBL3729,measured_on,Associated bioactivity was measured on respective target
Bioactivity,BA_000829,MEASURED_ON,Target,CHEMBL4789,measured_on,Associated bioactivity was measured on respective target
Bioactivity,BA_000830,MEASURED_ON,Target,CHEMBL3025,measured_on,Associated bioactivity was measured on respective target
Bioactivity,BA_000831,MEASURED_ON,Target,CHEMBL2326,measured_on,Associated bioactivity was measured on respective target
Bioactivity,BA_000832,MEASURED_ON,Target,CHEMBL3594,measured_on,Associated bioactivity was measured on respective target
Bioactivity,BA_000833,MEASURED_ON,Target,CHEMBL3510,measured_on,Associated bioactivity was measured on respective target
Bioactivity,BA_000834,MEASURED_ON,Target,CHEMBL1293227,measured_on,Associated bioactivity was measured on respective target
Bioactivity,BA_000835,MEASURED_ON,Target,CHEMBL1293235,measured_on,Associated bioactivity was measured on respective target
Bioactivity,BA_000836,MEASURED_ON,Target,CHEMBL1293236,measured_on,Associated bioactivity was measured on respective target
Bioactivity,BA_000837,MEASURED_ON,Target,CHEMBL4159,measured_on,Associated bioactivity was measured on respective target
Bioactivity,BA_000838,MEASURED_ON,Target,CHEMBL4159,measured_on,Associated bioactivity was measured on respective target
Bioactivity,BA_000839,MEASURED_ON,Target,CHEMBL1293236,measured_on,Associated bioactivity was measured on respective target
Bioactivity,BA_000840,MEASURED_ON,Target,CHEMBL1293236,measured_on,Associated bioactivity was measured on respective target
Bioactivity,BA_000841,MEASURED_ON,Target,CHEMBL1293226,measured_on,Associated bioactivity was measured on respective target
Bioactivity,BA_000842,MEASURED_ON,Target,CHEMBL4331,measured_on,Associated bioactivity was measured on respective target
Bioactivity,BA_000843,MEASURED_ON,Target,CHEMBL5619,measured_on,Associated bioactivity was measured on respective target
Bioactivity,BA_000844,MEASURED_ON,Target,CHEMBL1075138,measured_on,Associated bioactivity was measured on respective target
Bioactivity,BA_000845,MEASURED_ON,Target,CHEMBL1075138,measured_on,Associated bioactivity was measured on respective target
Bioactivity,BA_000846,MEASURED_ON,Target,CHEMBL1075138,measured_on,Associated bioactivity was measured on respective target
Bioactivity,BA_000847,MEASURED_ON,Target,CHEMBL1293258,measured_on,Associated bioactivity was measured on respective target
Bioactivity,BA_000848,MEASURED_ON,Target,CHEMBL1293255,measured_on,Associated bioactivity was measured on respective target
Bioactivity,BA_000849,MEASURED_ON,Target,CHEMBL1293255,measured_on,Associated bioactivity was measured on respective target
Bioactivity,BA_000850,MEASURED_ON,Target,CHEMBL2608,measured_on,Associated bioactivity was measured on respective target
Bioactivity,BA_000851,MEASURED_ON,Target,CHEMBL5460,measured_on,Associated bioactivity was measured on respective target
Bioactivity,BA_000852,MEASURED_ON,Target,CHEMBL1293237,measured_on,Associated bioactivity was measured on respective target
Bioactivity,BA_000853,MEASURED_ON,Target,CHEMBL1293237,measured_on,Associated bioactivity was measured on respective target
Bioactivity,BA_000854,MEASURED_ON,Target,CHEMBL1293236,measured_on,Associated bioactivity was measured on respective target
Bioactivity,BA_000855,MEASURED_ON,Target,CHEMBL2392,measured_on,Associated bioactivity was measured on respective target
Bioactivity,BA_000856,MEASURED_ON,Target,CHEMBL5896,measured_on,Associated bioactivity was measured on respective target
Bioactivity,BA_000857,MEASURED_ON,Target,CHEMBL2635,measured_on,Associated bioactivity was measured on respective target
Bioactivity,BA_000858,MEASURED_ON,Target,CHEMBL1075138,measured_on,Associated bioactivity was measured on respective target
Bioactivity,BA_000859,MEASURED_ON,Target,CHEMBL6032,measured_on,Associated bioactivity was measured on respective target
Bioactivity,BA_000860,MEASURED_ON,Target,CHEMBL2457,measured_on,Associated bioactivity was measured on respective target
Bioactivity,BA_000861,MEASURED_ON,Target,CHEMBL2635,measured_on,Associated bioactivity was measured on respective target
Bioactivity,BA_000862,MEASURED_ON,Target,CHEMBL1741193,measured_on,Associated bioactivity was measured on respective target
Bioactivity,BA_000863,MEASURED_ON,Target,CHEMBL5027,measured_on,Associated bioactivity was measured on respective target
Bioactivity,BA_000864,MEASURED_ON,Target,CHEMBL5391,measured_on,Associated bioactivity was measured on respective target
Bioactivity,BA_000865,MEASURED_ON,Target,CHEMBL5365,measured_on,Associated bioactivity was measured on respective target
Bioactivity,BA_000866,MEASURED_ON,Target,CHEMBL5365,measured_on,Associated bioactivity was measured on respective target
Bioactivity,BA_000867,MEASURED_ON,Target,CHEMBL5365,measured_on,Associated bioactivity was measured on respective target
Bioactivity,BA_000868,MEASURED_ON,Target,CHEMBL1900,measured_on,Associated bioactivity was measured on respective target
Bioactivity,BA_000869,MEASURED_ON,Target,CHEMBL4282,measured_on,Associated bioactivity was measured on respective target
Bioactivity,BA_000870,MEASURED_ON,Target,CHEMBL5784,measured_on,Associated bioactivity was measured on respective target
Bioactivity,BA_000871,MEASURED_ON,Target,CHEMBL4722,measured_on,Associated bioactivity was measured on respective target
Bioactivity,BA_000872,MEASURED_ON,Target,CHEMBL2185,measured_on,Associated bioactivity was measured on respective target
Bioactivity,BA_000873,MEASURED_ON,Target,CHEMBL5145,measured_on,Associated bioactivity was measured on respective target
Bioactivity,BA_000874,MEASURED_ON,Target,CHEMBL203,measured_on,Associated bioactivity was measured on respective target
Bioactivity,BA_000875,MEASURED_ON,Target,CHEMBL5147,measured_on,Associated bioactivity was measured on respective target
Bioactivity,BA_000876,MEASURED_ON,Target,CHEMBL1824,measured_on,Associated bioactivity was measured on respective target
Bioactivity,BA_000877,MEASURED_ON,Target,CHEMBL2695,measured_on,Associated bioactivity was measured on respective target
Bioactivity,BA_000878,MEASURED_ON,Target,CHEMBL1957,measured_on,Associated bioactivity was measured on respective target
Bioactivity,BA_000879,MEASURED_ON,Target,CHEMBL267,measured_on,Associated bioactivity was measured on respective target
Bioactivity,BA_000880,MEASURED_ON,Target,CHEMBL279,measured_on,Associated bioactivity was measured on respective target
Bioactivity,BA_000881,MEASURED_ON,Target,CHEMBL1955,measured_on,Associated bioactivity was measured on respective target
Bioactivity,BA_000882,MEASURED_ON,Target,CHEMBL1981,measured_on,Associated bioactivity was measured on respective target
Bioactivity,BA_000883,MEASURED_ON,Target,CHEMBL3717,measured_on,Associated bioactivity was measured on respective target
Bioactivity,BA_000884,MEASURED_ON,Target,CHEMBL1913,measured_on,Associated bioactivity was measured on respective target
Bioactivity,BA_000885,MEASURED_ON,Target,CHEMBL3024,measured_on,Associated bioactivity was measured on respective target
Bioactivity,BA_000886,MEASURED_ON,Target,CHEMBL3788,measured_on,Associated bioactivity was measured on respective target
Bioactivity,BA_000887,MEASURED_ON,Target,CHEMBL4128,measured_on,Associated bioactivity was measured on respective target
Bioactivity,BA_000888,MEASURED_ON,Target,CHEMBL4899,measured_on,Associated bioactivity was measured on respective target
Bioactivity,BA_000889,MEASURED_ON,Target,CHEMBL1293267,measured_on,Associated bioactivity was measured on respective target
Bioactivity,BA_000890,MEASURED_ON,Target,CHEMBL1293267,measured_on,Associated bioactivity was measured on respective target
Bioactivity,BA_000891,MEASURED_ON,Target,CHEMBL1293267,measured_on,Associated bioactivity was measured on respective target
Bioactivity,BA_000892,MEASURED_ON,Target,CHEMBL1641347,measured_on,Associated bioactivity was measured on respective target
Bioactivity,BA_000893,MEASURED_ON,Target,CHEMBL1293278,measured_on,Associated bioactivity was measured on respective target
Bioactivity,BA_000894,MEASURED_ON,Target,CHEMBL2146302,measured_on,Associated bioactivity was measured on respective target
Bioactivity,BA_000895,MEASURED_ON,Target,CHEMBL2288,measured_on,Associated bioactivity was measured on respective target
Bioactivity,BA_000896,MEASURED_ON,Target,CHEMBL2326,measured_on,Associated bioactivity was measured on respective target
Bioactivity,BA_000897,MEASURED_ON,Target,CHEMBL3242,measured_on,Associated bioactivity was measured on respective target
Bioactivity,BA_000898,MEASURED_ON,Target,CHEMBL3912,measured_on,Associated bioactivity was measured on respective target
Bioactivity,BA_000899,MEASURED_ON,Target,CHEMBL2007625,measured_on,Associated bioactivity was measured on respective target
Bioactivity,BA_000900,MEASURED_ON,Target,CHEMBL3024,measured_on,Associated bioactivity was measured on respective target
Bioactivity,BA_000901,MEASURED_ON,Target,CHEMBL5619,measured_on,Associated bioactivity was measured on respective target
Bioactivity,BA_000902,MEASURED_ON,Target,CHEMBL5619,measured_on,Associated bioactivity was measured on respective target
Bioactivity,BA_000903,MEASURED_ON,Target,CHEMBL2029197,measured_on,Associated bioactivity was measured on respective target
Bioactivity,BA_000904,MEASURED_ON,Target,CHEMBL4822,measured_on,Associated bioactivity was measured on respective target
Bioactivity,BA_000905,MEASURED_ON,Target,CHEMBL5542,measured_on,Associated bioactivity was measured on respective target
Bioactivity,BA_000906,MEASURED_ON,Target,CHEMBL5391,measured_on,Associated bioactivity was measured on respective target
Bioactivity,BA_000907,MEASURED_ON,Target,CHEMBL4524025,measured_on,Associated bioactivity was measured on respective target
Bioactivity,BA_000908,MEASURED_ON,Target,CHEMBL1741221,measured_on,Associated bioactivity was measured on respective target
Bioactivity,BA_000909,MEASURED_ON,Target,CHEMBL4105924,measured_on,Associated bioactivity was measured on respective target
Bioactivity,BA_000910,MEASURED_ON,Target,CHEMBL2085,measured_on,Associated bioactivity was measured on respective target
Bioactivity,BA_000911,MEASURED_ON,Target,CHEMBL2085,measured_on,Associated bioactivity was measured on respective target
Bioactivity,BA_000912,MEASURED_ON,Target,CHEMBL3629,measured_on,Associated bioactivity was measured on respective target
Bioactivity,BA_000913,MEASURED_ON,Target,CHEMBL3713355,measured_on,Associated bioactivity was measured on respective target
Bioactivity,BA_000914,MEASURED_ON,Target,CHEMBL3713355,measured_on,Associated bioactivity was measured on respective target
Bioactivity,BA_000915,MEASURED_ON,Target,CHEMBL3713355,measured_on,Associated bioactivity was measured on respective target
Bioactivity,BA_000916,MEASURED_ON,Target,CHEMBL1951,measured_on,Associated bioactivity was measured on respective target
Bioactivity,BA_000917,MEASURED_ON,Target,CHEMBL1741221,measured_on,Associated bioactivity was measured on respective target
Bioactivity,BA_000918,MEASURED_ON,Target,CHEMBL5957,measured_on,Associated bioactivity was measured on respective target
Bioactivity,BA_000919,MEASURED_ON,Target,CHEMBL1991,measured_on,Associated bioactivity was measured on respective target
Bioactivity,BA_000920,MEASURED_ON,Target,CHEMBL4394,measured_on,Associated bioactivity was measured on respective target
Bioactivity,BA_000921,MEASURED_ON,Target,CHEMBL1075126,measured_on,Associated bioactivity was measured on respective target
Bioactivity,BA_000922,MEASURED_ON,Target,CHEMBL1293278,measured_on,Associated bioactivity was measured on respective target
Bioactivity,BA_000923,MEASURED_ON,Target,CHEMBL1293278,measured_on,Associated bioactivity was measured on respective target
Bioactivity,BA_000924,MEASURED_ON,Target,CHEMBL5619,measured_on,Associated bioactivity was measured on respective target
Bioactivity,BA_000925,MEASURED_ON,Target,CHEMBL1781,measured_on,Associated bioactivity was measured on respective target
Bioactivity,BA_000926,MEASURED_ON,Target,CHEMBL1781,measured_on,Associated bioactivity was measured on respective target
Bioactivity,BA_000927,MEASURED_ON,Target,CHEMBL2362978,measured_on,Associated bioactivity was measured on respective target
Bioactivity,BA_000928,MEASURED_ON,Target,CHEMBL2362978,measured_on,Associated bioactivity was measured on respective target
Bioactivity,BA_000929,MEASURED_ON,Target,CHEMBL3979,measured_on,Associated bioactivity was measured on respective target
Bioactivity,BA_000930,MEASURED_ON,Target,CHEMBL1741186,measured_on,Associated bioactivity was measured on respective target
Bioactivity,BA_000931,MEASURED_ON,Target,CHEMBL5990,measured_on,Associated bioactivity was measured on respective target
Bioactivity,BA_000932,MEASURED_ON,Target,CHEMBL5990,measured_on,Associated bioactivity was measured on respective target
Bioactivity,BA_000933,MEASURED_ON,Target,CHEMBL3468,measured_on,Associated bioactivity was measured on respective target
Bioactivity,BA_000934,MEASURED_ON,Target,CHEMBL4801,measured_on,Associated bioactivity was measured on respective target
Bioactivity,BA_000935,MEASURED_ON,Target,CHEMBL6032,measured_on,Associated bioactivity was measured on respective target
Bioactivity,BA_000936,MEASURED_ON,Target,CHEMBL1947,measured_on,Associated bioactivity was measured on respective target
Bioactivity,BA_000937,MEASURED_ON,Target,CHEMBL1871,measured_on,Associated bioactivity was measured on respective target
Bioactivity,BA_000938,MEASURED_ON,Target,CHEMBL4295835,measured_on,Associated bioactivity was measured on respective target
Bioactivity,BA_000939,MEASURED_ON,Target,CHEMBL5409,measured_on,Associated bioactivity was measured on respective target
Bioactivity,BA_000940,MEASURED_ON,Target,CHEMBL2392,measured_on,Associated bioactivity was measured on respective target
Bioactivity,BA_000941,MEASURED_ON,Target,CHEMBL5542,measured_on,Associated bioactivity was measured on respective target
Bioactivity,BA_000942,MEASURED_ON,Target,CHEMBL5365,measured_on,Associated bioactivity was measured on respective target
Bioactivity,BA_000943,MEASURED_ON,Target,CHEMBL2007626,measured_on,Associated bioactivity was measured on respective target
Bioactivity,BA_000944,MEASURED_ON,Target,CHEMBL1293278,measured_on,Associated bioactivity was measured on respective target
Bioactivity,BA_000945,MEASURED_ON,Target,CHEMBL1741217,measured_on,Associated bioactivity was measured on respective target
Bioactivity,BA_000946,MEASURED_ON,Target,CHEMBL1784,measured_on,Associated bioactivity was measured on respective target
Bioactivity,BA_000947,MEASURED_ON,Target,CHEMBL5983,measured_on,Associated bioactivity was measured on respective target
Bioactivity,BA_000948,MEASURED_ON,Target,CHEMBL1075138,measured_on,Associated bioactivity was measured on respective target
Bioactivity,BA_000949,MEASURED_ON,Target,CHEMBL1075138,measured_on,Associated bioactivity was measured on respective target
Bioactivity,BA_000950,MEASURED_ON,Target,CHEMBL1793,measured_on,Associated bioactivity was measured on respective target
Bioactivity,BA_000951,MEASURED_ON,Target,CHEMBL3253,measured_on,Associated bioactivity was measured on respective target
Bioactivity,BA_000952,MEASURED_ON,Target,CHEMBL3253,measured_on,Associated bioactivity was measured on respective target
Bioactivity,BA_000953,MEASURED_ON,Target,CHEMBL3253,measured_on,Associated bioactivity was measured on respective target
Bioactivity,BA_000954,MEASURED_ON,Target,CHEMBL1293278,measured_on,Associated bioactivity was measured on respective target
Bioactivity,BA_000955,MEASURED_ON,Target,CHEMBL1293278,measured_on,Associated bioactivity was measured on respective target
Bioactivity,BA_000956,MEASURED_ON,Target,CHEMBL5619,measured_on,Associated bioactivity was measured on respective target
Bioactivity,BA_000957,MEASURED_ON,Target,CHEMBL256,measured_on,Associated bioactivity was measured on respective target
Bioactivity,BA_000958,MEASURED_ON,Target,CHEMBL5282,measured_on,Associated bioactivity was measured on respective target
Bioactivity,BA_000959,MEASURED_ON,Target,CHEMBL3577,measured_on,Associated bioactivity was measured on respective target
Bioactivity,BA_000960,MEASURED_ON,Target,CHEMBL1293258,measured_on,Associated bioactivity was measured on respective target
Bioactivity,BA_000961,MEASURED_ON,Target,CHEMBL4878,measured_on,Associated bioactivity was measured on respective target
Bioactivity,BA_000962,MEASURED_ON,Target,CHEMBL3729,measured_on,Associated bioactivity was measured on respective target
Bioactivity,BA_000963,MEASURED_ON,Target,CHEMBL2326,measured_on,Associated bioactivity was measured on respective target
Bioactivity,BA_000964,MEASURED_ON,Target,CHEMBL3242,measured_on,Associated bioactivity was measured on respective target
Bioactivity,BA_000965,MEASURED_ON,Target,CHEMBL2345,measured_on,Associated bioactivity was measured on respective target
Bioactivity,BA_000966,MEASURED_ON,Target,CHEMBL2331065,measured_on,Associated bioactivity was measured on respective target
Bioactivity,BA_000967,MEASURED_ON,Target,CHEMBL2331065,measured_on,Associated bioactivity was measured on respective target
Bioactivity,BA_000968,MEASURED_ON,Target,CHEMBL2331065,measured_on,Associated bioactivity was measured on respective target
Bioactivity,BA_000969,MEASURED_ON,Target,CHEMBL5619,measured_on,Associated bioactivity was measured on respective target
Bioactivity,BA_000970,MEASURED_ON,Target,CHEMBL1293235,measured_on,Associated bioactivity was measured on respective target
Bioactivity,BA_000971,MEASURED_ON,Target,CHEMBL1963,measured_on,Associated bioactivity was measured on respective target
Bioactivity,BA_000972,MEASURED_ON,Target,CHEMBL2034,measured_on,Associated bioactivity was measured on respective target
Bioactivity,BA_000973,MEASURED_ON,Target,CHEMBL1641347,measured_on,Associated bioactivity was measured on respective target
Bioactivity,BA_000974,MEASURED_ON,Target,CHEMBL1641348,measured_on,Associated bioactivity was measured on respective target
Bioactivity,BA_000975,MEASURED_ON,Target,CHEMBL1293278,measured_on,Associated bioactivity was measured on respective target
Bioactivity,BA_000976,MEASURED_ON,Target,CHEMBL1293278,measured_on,Associated bioactivity was measured on respective target
Bioactivity,BA_000977,MEASURED_ON,Target,CHEMBL4377,measured_on,Associated bioactivity was measured on respective target
Bioactivity,BA_000978,MEASURED_ON,Target,CHEMBL1293278,measured_on,Associated bioactivity was measured on respective target
Bioactivity,BA_000979,MEASURED_ON,Target,CHEMBL1743121,measured_on,Associated bioactivity was measured on respective target
Bioactivity,BA_000980,MEASURED_ON,Target,CHEMBL1743121,measured_on,Associated bioactivity was measured on respective target
Bioactivity,BA_000981,MEASURED_ON,Target,CHEMBL1697668,measured_on,Associated bioactivity was measured on respective target
Bioactivity,BA_000982,MEASURED_ON,Target,CHEMBL1697668,measured_on,Associated bioactivity was measured on respective target
Bioactivity,BA_000983,MEASURED_ON,Target,CHEMBL6020,measured_on,Associated bioactivity was measured on respective target
Bioactivity,BA_000984,MEASURED_ON,Target,CHEMBL5533,measured_on,Associated bioactivity was measured on respective target
Bioactivity,BA_000985,MEASURED_ON,Target,CHEMBL335,measured_on,Associated bioactivity was measured on respective target
Bioactivity,BA_000986,MEASURED_ON,Target,CHEMBL335,measured_on,Associated bioactivity was measured on respective target
Bioactivity,BA_000987,MEASURED_ON,Target,CHEMBL335,measured_on,Associated bioactivity was measured on respective target
Bioactivity,BA_000988,MEASURED_ON,Target,CHEMBL335,measured_on,Associated bioactivity was measured on respective target
Bioactivity,BA_000989,MEASURED_ON,Target,CHEMBL3807,measured_on,Associated bioactivity was measured on respective target
Bioactivity,BA_000990,MEASURED_ON,Target,CHEMBL5409,measured_on,Associated bioactivity was measured on respective target
Bioactivity,BA_000991,MEASURED_ON,Target,CHEMBL335,measured_on,Associated bioactivity was measured on respective target
Bioactivity,BA_000992,MEASURED_ON,Target,CHEMBL335,measured_on,Associated bioactivity was measured on respective target
Bioactivity,BA_000993,MEASURED_ON,Target,CHEMBL4235,measured_on,Associated bioactivity was measured on respective target
Bioactivity,BA_000994,MEASURED_ON,Target,CHEMBL335,measured_on,Associated bioactivity was measured on respective target
Bioactivity,BA_000995,MEASURED_ON,Target,CHEMBL1293236,measured_on,Associated bioactivity was measured on respective target
Bioactivity,BA_000996,MEASURED_ON,Target,CHEMBL335,measured_on,Associated bioactivity was measured on respective target
Bioactivity,BA_000997,MEASURED_ON,Target,CHEMBL3807,measured_on,Associated bioactivity was measured on respective target
Bioactivity,BA_000998,MEASURED_ON,Target,CHEMBL335,measured_on,Associated bioactivity was measured on respective target
Bioactivity,BA_000999,MEASURED_ON,Target,CHEMBL4903,measured_on,Associated bioactivity was measured on respective target
Bioactivity,BA_001000,MEASURED_ON,Target,CHEMBL3521,measured_on,Associated bioactivity was measured on respective target
Bioactivity,BA_001001,MEASURED_ON,Target,CHEMBL335,measured_on,Associated bioactivity was measured on respective target
Bioactivity,BA_001002,MEASURED_ON,Target,CHEMBL5983,measured_on,Associated bioactivity was measured on respective target
Bioactivity,BA_001003,MEASURED_ON,Target,CHEMBL5983,measured_on,Associated bioactivity was measured on respective target
Bioactivity,BA_001004,MEASURED_ON,Target,CHEMBL5983,measured_on,Associated bioactivity was measured on respective target
Bioactivity,BA_001005,MEASURED_ON,Target,CHEMBL5983,measured_on,Associated bioactivity was measured on respective target
Bioactivity,BA_001006,MEASURED_ON,Target,CHEMBL5983,measured_on,Associated bioactivity was measured on respective target
Bioactivity,BA_001007,MEASURED_ON,Target,CHEMBL3807,measured_on,Associated bioactivity was measured on respective target
Bioactivity,BA_001008,MEASURED_ON,Target,CHEMBL335,measured_on,Associated bioactivity was measured on respective target
Bioactivity,BA_001009,MEASURED_ON,Target,CHEMBL335,measured_on,Associated bioactivity was measured on respective target
Bioactivity,BA_001010,MEASURED_ON,Target,CHEMBL1741186,measured_on,Associated bioactivity was measured on respective target
Bioactivity,BA_001011,MEASURED_ON,Target,CHEMBL1741186,measured_on,Associated bioactivity was measured on respective target
Bioactivity,BA_001012,MEASURED_ON,Target,CHEMBL1741186,measured_on,Associated bioactivity was measured on respective target
Bioactivity,BA_001013,MEASURED_ON,Target,CHEMBL1741186,measured_on,Associated bioactivity was measured on respective target
Bioactivity,BA_001014,MEASURED_ON,Target,CHEMBL335,measured_on,Associated bioactivity was measured on respective target
Bioactivity,BA_001015,MEASURED_ON,Target,CHEMBL335,measured_on,Associated bioactivity was measured on respective target
Bioactivity,BA_001016,MEASURED_ON,Target,CHEMBL335,measured_on,Associated bioactivity was measured on respective target
Bioactivity,BA_001017,MEASURED_ON,Target,CHEMBL335,measured_on,Associated bioactivity was measured on respective target
Bioactivity,BA_001018,MEASURED_ON,Target,CHEMBL335,measured_on,Associated bioactivity was measured on respective target
Bioactivity,BA_001019,MEASURED_ON,Target,CHEMBL335,measured_on,Associated bioactivity was measured on respective target
Bioactivity,BA_001020,MEASURED_ON,Target,CHEMBL335,measured_on,Associated bioactivity was measured on respective target
Bioactivity,BA_001021,MEASURED_ON,Target,CHEMBL2157850,measured_on,Associated bioactivity was measured on respective target
Bioactivity,BA_001022,MEASURED_ON,Target,CHEMBL5533,measured_on,Associated bioactivity was measured on respective target
Bioactivity,BA_001023,MEASURED_ON,Target,CHEMBL335,measured_on,Associated bioactivity was measured on respective target
Bioactivity,BA_001024,MEASURED_ON,Target,CHEMBL335,measured_on,Associated bioactivity was measured on respective target
Bioactivity,BA_001025,MEASURED_ON,Target,CHEMBL1909484,measured_on,Associated bioactivity was measured on respective target
Bioactivity,BA_001026,MEASURED_ON,Target,CHEMBL1909484,measured_on,Associated bioactivity was measured on respective target
Bioactivity,BA_001027,MEASURED_ON,Target,CHEMBL1909484,measured_on,Associated bioactivity was measured on respective target
Bioactivity,BA_001028,MEASURED_ON,Target,CHEMBL1741186,measured_on,Associated bioactivity was measured on respective target
Bioactivity,BA_001029,MEASURED_ON,Target,CHEMBL5409,measured_on,Associated bioactivity was measured on respective target
Bioactivity,BA_001030,MEASURED_ON,Target,CHEMBL335,measured_on,Associated bioactivity was measured on respective target
Bioactivity,BA_001031,MEASURED_ON,Target,CHEMBL335,measured_on,Associated bioactivity was measured on respective target
Bioactivity,BA_001032,MEASURED_ON,Target,CHEMBL335,measured_on,Associated bioactivity was measured on respective target
Bioactivity,BA_001033,MEASURED_ON,Target,CHEMBL335,measured_on,Associated bioactivity was measured on respective target
Bioactivity,BA_001034,MEASURED_ON,Target,CHEMBL335,measured_on,Associated bioactivity was measured on respective target
Bioactivity,BA_001035,MEASURED_ON,Target,CHEMBL5339,measured_on,Associated bioactivity was measured on respective target
Bioactivity,BA_001036,MEASURED_ON,Target,CHEMBL6120,measured_on,Associated bioactivity was measured on respective target
Bioactivity,BA_001037,MEASURED_ON,Target,CHEMBL6120,measured_on,Associated bioactivity was measured on respective target
Bioactivity,BA_001038,MEASURED_ON,Target,CHEMBL3251,measured_on,Associated bioactivity was measured on respective target
Bioactivity,BA_001039,MEASURED_ON,Target,CHEMBL1293236,measured_on,Associated bioactivity was measured on respective target
Bioactivity,BA_001040,MEASURED_ON,Target,CHEMBL242,measured_on,Associated bioactivity was measured on respective target
Bioactivity,BA_001041,MEASURED_ON,Target,CHEMBL1293224,measured_on,Associated bioactivity was measured on respective target
Bioactivity,BA_001042,MEASURED_ON,Target,CHEMBL5619,measured_on,Associated bioactivity was measured on respective target
Bioactivity,BA_001043,MEASURED_ON,Target,CHEMBL4361,measured_on,Associated bioactivity was measured on respective target
Bioactivity,BA_001044,MEASURED_ON,Target,CHEMBL1293256,measured_on,Associated bioactivity was measured on respective target
Bioactivity,BA_001045,MEASURED_ON,Target,CHEMBL2392,measured_on,Associated bioactivity was measured on respective target
Bioactivity,BA_001046,MEASURED_ON,Target,CHEMBL2392,measured_on,Associated bioactivity was measured on respective target
Bioactivity,BA_001047,MEASURED_ON,Target,CHEMBL2056,measured_on,Associated bioactivity was measured on respective target
Bioactivity,BA_001048,MEASURED_ON,Target,CHEMBL2288,measured_on,Associated bioactivity was measured on respective target
Bioactivity,BA_001049,MEASURED_ON,Target,CHEMBL5027,measured_on,Associated bioactivity was measured on respective target
Bioactivity,BA_001050,MEASURED_ON,Target,CHEMBL240,measured_on,Associated bioactivity was measured on respective target
Bioactivity,BA_001051,MEASURED_ON,Target,CHEMBL5365,measured_on,Associated bioactivity was measured on respective target
Bioactivity,BA_001052,MEASURED_ON,Target,CHEMBL5365,measured_on,Associated bioactivity was measured on respective target
Bioactivity,BA_001053,MEASURED_ON,Target,CHEMBL1293267,measured_on,Associated bioactivity was measured on respective target
Bioactivity,BA_001054,MEASURED_ON,Target,CHEMBL1293267,measured_on,Associated bioactivity was measured on respective target
Bioactivity,BA_001055,MEASURED_ON,Target,CHEMBL1293275,measured_on,Associated bioactivity was measured on respective target
Bioactivity,BA_001056,MEASURED_ON,Target,CHEMBL2558,measured_on,Associated bioactivity was measured on respective target
Bioactivity,BA_001057,MEASURED_ON,Target,CHEMBL2396508,measured_on,Associated bioactivity was measured on respective target
Bioactivity,BA_001058,MEASURED_ON,Target,CHEMBL2073,measured_on,Associated bioactivity was measured on respective target
Bioactivity,BA_001059,MEASURED_ON,Target,CHEMBL5523,measured_on,Associated bioactivity was measured on respective target
Bioactivity,BA_001060,MEASURED_ON,Target,CHEMBL2487,measured_on,Associated bioactivity was measured on respective target
Bioactivity,BA_001061,MEASURED_ON,Target,CHEMBL3396943,measured_on,Associated bioactivity was measured on respective target
Bioactivity,BA_001062,MEASURED_ON,Target,CHEMBL1865,measured_on,Associated bioactivity was measured on respective target
Bioactivity,BA_001063,MEASURED_ON,Target,CHEMBL1914266,measured_on,Associated bioactivity was measured on respective target
Bioactivity,BA_001064,MEASURED_ON,Target,CHEMBL3621037,measured_on,Associated bioactivity was measured on respective target
Bioactivity,BA_001065,MEASURED_ON,Target,CHEMBL2331065,measured_on,Associated bioactivity was measured on respective target
Bioactivity,BA_001066,MEASURED_ON,Target,CHEMBL2487,measured_on,Associated bioactivity was measured on respective target
Bioactivity,BA_001067,MEASURED_ON,Target,CHEMBL6120,measured_on,Associated bioactivity was measured on respective target
Bioactivity,BA_001068,MEASURED_ON,Target,CHEMBL4360,measured_on,Associated bioactivity was measured on respective target
Bioactivity,BA_001069,MEASURED_ON,Target,CHEMBL335,measured_on,Associated bioactivity was measured on respective target
Bioactivity,BA_001070,MEASURED_ON,Target,CHEMBL3807,measured_on,Associated bioactivity was measured on respective target
Bioactivity,BA_001071,MEASURED_ON,Target,CHEMBL2085,measured_on,Associated bioactivity was measured on respective target
Bioactivity,BA_001072,MEASURED_ON,Target,CHEMBL1973,measured_on,Associated bioactivity was measured on respective target
Bioactivity,BA_001073,MEASURED_ON,Target,CHEMBL335,measured_on,Associated bioactivity was measured on respective target
Bioactivity,BA_001074,MEASURED_ON,Target,CHEMBL289,measured_on,Associated bioactivity was measured on respective target
Bioactivity,BA_001075,MEASURED_ON,Target,CHEMBL1293232,measured_on,Associated bioactivity was measured on respective target
Bioactivity,BA_001076,MEASURED_ON,Target,CHEMBL4261,measured_on,Associated bioactivity was measured on respective target
Bioactivity,BA_001077,MEASURED_ON,Target,CHEMBL289,measured_on,Associated bioactivity was measured on respective target
Bioactivity,BA_001078,MEASURED_ON,Target,CHEMBL220,measured_on,Associated bioactivity was measured on respective target
Bioactivity,BA_001079,MEASURED_ON,Target,CHEMBL1914,measured_on,Associated bioactivity was measured on respective target
Bioactivity,BA_001080,MEASURED_ON,Target,CHEMBL4878,measured_on,Associated bioactivity was measured on respective target
Bioactivity,BA_001081,MEASURED_ON,Target,CHEMBL4878,measured_on,Associated bioactivity was measured on respective target
Bioactivity,BA_001082,MEASURED_ON,Target,CHEMBL5847,measured_on,Associated bioactivity was measured on respective target
Bioactivity,BA_001083,MEASURED_ON,Target,CHEMBL4681,measured_on,Associated bioactivity was measured on respective target
Bioactivity,BA_001084,MEASURED_ON,Target,CHEMBL4878,measured_on,Associated bioactivity was measured on respective target
Bioactivity,BA_001085,MEASURED_ON,Target,CHEMBL4878,measured_on,Associated bioactivity was measured on respective target
Bioactivity,BA_001086,MEASURED_ON,Target,CHEMBL220,measured_on,Associated bioactivity was measured on respective target
Bioactivity,BA_001087,MEASURED_ON,Target,CHEMBL4681,measured_on,Associated bioactivity was measured on respective target
Bioactivity,BA_001088,MEASURED_ON,Target,CHEMBL6136,measured_on,Associated bioactivity was measured on respective target
Bioactivity,BA_001089,MEASURED_ON,Target,CHEMBL220,measured_on,Associated bioactivity was measured on respective target
Bioactivity,BA_001090,MEASURED_ON,Target,CHEMBL239,measured_on,Associated bioactivity was measured on respective target
Bioactivity,BA_001091,MEASURED_ON,Target,CHEMBL239,measured_on,Associated bioactivity was measured on respective target
Bioactivity,BA_001092,MEASURED_ON,Target,CHEMBL4685,measured_on,Associated bioactivity was measured on respective target
Bioactivity,BA_001093,MEASURED_ON,Target,CHEMBL2140,measured_on,Associated bioactivity was measured on respective target
Bioactivity,BA_001094,MEASURED_ON,Target,CHEMBL1914,measured_on,Associated bioactivity was measured on respective target
Bioactivity,BA_001095,MEASURED_ON,Target,CHEMBL1293224,measured_on,Associated bioactivity was measured on respective target
Bioactivity,BA_001096,MEASURED_ON,Target,CHEMBL2842,measured_on,Associated bioactivity was measured on respective target
Bioactivity,BA_001097,MEASURED_ON,Target,CHEMBL1293256,measured_on,Associated bioactivity was measured on respective target
Bioactivity,BA_001098,MEASURED_ON,Target,CHEMBL1795085,measured_on,Associated bioactivity was measured on respective target
Bioactivity,BA_001099,MEASURED_ON,Target,CHEMBL1795091,measured_on,Associated bioactivity was measured on respective target
Bioactivity,BA_001100,MEASURED_ON,Target,CHEMBL1075138,measured_on,Associated bioactivity was measured on respective target
Bioactivity,BA_001101,MEASURED_ON,Target,CHEMBL1951,measured_on,Associated bioactivity was measured on respective target
Bioactivity,BA_001102,MEASURED_ON,Target,CHEMBL1951,measured_on,Associated bioactivity was measured on respective target
Bioactivity,BA_001103,MEASURED_ON,Target,CHEMBL235,measured_on,Associated bioactivity was measured on respective target
Bioactivity,BA_001104,MEASURED_ON,Target,CHEMBL220,measured_on,Associated bioactivity was measured on respective target
Bioactivity,BA_001105,MEASURED_ON,Target,CHEMBL1914,measured_on,Associated bioactivity was measured on respective target
Bioactivity,BA_001106,MEASURED_ON,Target,CHEMBL4685,measured_on,Associated bioactivity was measured on respective target
Bioactivity,BA_001107,MEASURED_ON,Target,CHEMBL289,measured_on,Associated bioactivity was measured on respective target
Bioactivity,BA_001108,MEASURED_ON,Target,CHEMBL1293235,measured_on,Associated bioactivity was measured on respective target
Bioactivity,BA_001109,MEASURED_ON,Target,CHEMBL4159,measured_on,Associated bioactivity was measured on respective target
Bioactivity,BA_001110,MEASURED_ON,Target,CHEMBL5514,measured_on,Associated bioactivity was measured on respective target
Bioactivity,BA_001111,MEASURED_ON,Target,CHEMBL5401,measured_on,Associated bioactivity was measured on respective target
Bioactivity,BA_001112,MEASURED_ON,Target,CHEMBL3622,measured_on,Associated bioactivity was measured on respective target
Bioactivity,BA_001113,MEASURED_ON,Target,CHEMBL4261,measured_on,Associated bioactivity was measured on respective target
Bioactivity,BA_001114,MEASURED_ON,Target,CHEMBL1075189,measured_on,Associated bioactivity was measured on respective target
Bioactivity,BA_001115,MEASURED_ON,Target,CHEMBL2903,measured_on,Associated bioactivity was measured on respective target
Bioactivity,BA_001116,MEASURED_ON,Target,CHEMBL3687,measured_on,Associated bioactivity was measured on respective target
Bioactivity,BA_001117,MEASURED_ON,Target,CHEMBL5401,measured_on,Associated bioactivity was measured on respective target
Bioactivity,BA_001118,MEASURED_ON,Target,CHEMBL2842,measured_on,Associated bioactivity was measured on respective target
Bioactivity,BA_001119,MEASURED_ON,Target,CHEMBL1293256,measured_on,Associated bioactivity was measured on respective target
Bioactivity,BA_001120,MEASURED_ON,Target,CHEMBL4096,measured_on,Associated bioactivity was measured on respective target
Bioactivity,BA_001121,MEASURED_ON,Target,CHEMBL289,measured_on,Associated bioactivity was measured on respective target
Bioactivity,BA_001122,MEASURED_ON,Target,CHEMBL1741209,measured_on,Associated bioactivity was measured on respective target
Bioactivity,BA_001123,MEASURED_ON,Target,CHEMBL6032,measured_on,Associated bioactivity was measured on respective target
Bioactivity,BA_001124,MEASURED_ON,Target,CHEMBL1741193,measured_on,Associated bioactivity was measured on respective target
Bioactivity,BA_001125,MEASURED_ON,Target,CHEMBL2457,measured_on,Associated bioactivity was measured on respective target
Bioactivity,BA_001126,MEASURED_ON,Target,CHEMBL1977,measured_on,Associated bioactivity was measured on respective target
Bioactivity,BA_001127,MEASURED_ON,Target,CHEMBL1977,measured_on,Associated bioactivity was measured on respective target
Bioactivity,BA_001128,MEASURED_ON,Target,CHEMBL1795085,measured_on,Associated bioactivity was measured on respective target
Bioactivity,BA_001129,MEASURED_ON,Target,CHEMBL1795091,measured_on,Associated bioactivity was measured on respective target
Bioactivity,BA_001130,MEASURED_ON,Target,CHEMBL1293258,measured_on,Associated bioactivity was measured on respective target
Bioactivity,BA_001131,MEASURED_ON,Target,CHEMBL1781865,measured_on,Associated bioactivity was measured on respective target
Bioactivity,BA_001132,MEASURED_ON,Target,CHEMBL1781865,measured_on,Associated bioactivity was measured on respective target
Bioactivity,BA_001133,MEASURED_ON,Target,CHEMBL2146302,measured_on,Associated bioactivity was measured on respective target
Bioactivity,BA_001134,MEASURED_ON,Target,CHEMBL1741217,measured_on,Associated bioactivity was measured on respective target
Bioactivity,BA_001135,MEASURED_ON,Target,CHEMBL2056,measured_on,Associated bioactivity was measured on respective target
Bioactivity,BA_001136,MEASURED_ON,Target,CHEMBL1795085,measured_on,Associated bioactivity was measured on respective target
Bioactivity,BA_001137,MEASURED_ON,Target,CHEMBL1075138,measured_on,Associated bioactivity was measured on respective target
Bioactivity,BA_001138,MEASURED_ON,Target,CHEMBL4295974,measured_on,Associated bioactivity was measured on respective target
Bioactivity,BA_001139,MEASURED_ON,Target,CHEMBL220,measured_on,Associated bioactivity was measured on respective target
Bioactivity,BA_001140,MEASURED_ON,Target,CHEMBL1914,measured_on,Associated bioactivity was measured on respective target
Bioactivity,BA_001141,MEASURED_ON,Target,CHEMBL6007,measured_on,Associated bioactivity was measured on respective target
Bioactivity,BA_001142,MEASURED_ON,Target,CHEMBL6007,measured_on,Associated bioactivity was measured on respective target
Bioactivity,BA_001143,MEASURED_ON,Target,CHEMBL1929,measured_on,Associated bioactivity was measured on respective target
Bioactivity,BA_001144,MEASURED_ON,Target,CHEMBL3356,measured_on,Associated bioactivity was measured on respective target
Bioactivity,BA_001145,MEASURED_ON,Target,CHEMBL2231,measured_on,Associated bioactivity was measured on respective target
Bioactivity,BA_001146,MEASURED_ON,Target,CHEMBL4878,measured_on,Associated bioactivity was measured on respective target
Bioactivity,BA_001147,MEASURED_ON,Target,CHEMBL3729,measured_on,Associated bioactivity was measured on respective target
Bioactivity,BA_001148,MEASURED_ON,Target,CHEMBL2326,measured_on,Associated bioactivity was measured on respective target
Bioactivity,BA_001149,MEASURED_ON,Target,CHEMBL3242,measured_on,Associated bioactivity was measured on respective target
Bioactivity,BA_001150,MEASURED_ON,Target,CHEMBL205,measured_on,Associated bioactivity was measured on respective target
Bioactivity,BA_001151,MEASURED_ON,Target,CHEMBL3242,measured_on,Associated bioactivity was measured on respective target
Bioactivity,BA_001152,MEASURED_ON,Target,CHEMBL4878,measured_on,Associated bioactivity was measured on respective target
Bioactivity,BA_001153,MEASURED_ON,Target,CHEMBL4878,measured_on,Associated bioactivity was measured on respective target
Bioactivity,BA_001154,MEASURED_ON,Target,CHEMBL4523488,measured_on,Associated bioactivity was measured on respective target
Bioactivity,BA_001155,MEASURED_ON,Target,CHEMBL4523401,measured_on,Associated bioactivity was measured on respective target
Bioactivity,BA_001156,MEASURED_ON,Target,CHEMBL235,measured_on,Associated bioactivity was measured on respective target
Bioactivity,BA_001157,MEASURED_ON,Target,CHEMBL5514,measured_on,Associated bioactivity was measured on respective target
Bioactivity,BA_001158,MEASURED_ON,Target,CHEMBL1947,measured_on,Associated bioactivity was measured on respective target
Bioactivity,BA_001159,MEASURED_ON,Target,CHEMBL2034,measured_on,Associated bioactivity was measured on respective target
Bioactivity,BA_001160,MEASURED_ON,Target,CHEMBL2047,measured_on,Associated bioactivity was measured on respective target
Bioactivity,BA_001161,MEASURED_ON,Target,CHEMBL1741164,measured_on,Associated bioactivity was measured on respective target
Bioactivity,BA_001162,MEASURED_ON,Target,CHEMBL1963,measured_on,Associated bioactivity was measured on respective target
Bioactivity,BA_001163,MEASURED_ON,Target,CHEMBL1293278,measured_on,Associated bioactivity was measured on respective target
Bioactivity,BA_001164,MEASURED_ON,Target,CHEMBL289,measured_on,Associated bioactivity was measured on respective target
Bioactivity,BA_001165,MEASURED_ON,Target,CHEMBL340,measured_on,Associated bioactivity was measured on respective target
Bioactivity,BA_001166,MEASURED_ON,Target,CHEMBL340,measured_on,Associated bioactivity was measured on respective target
Bioactivity,BA_001167,MEASURED_ON,Target,CHEMBL2007626,measured_on,Associated bioactivity was measured on respective target
Bioactivity,BA_001168,MEASURED_ON,Target,CHEMBL1075138,measured_on,Associated bioactivity was measured on respective target
Bioactivity,BA_001169,MEASURED_ON,Target,CHEMBL2085,measured_on,Associated bioactivity was measured on respective target
Bioactivity,BA_001170,MEASURED_ON,Target,CHEMBL2085,measured_on,Associated bioactivity was measured on respective target
Bioactivity,BA_001171,MEASURED_ON,Target,CHEMBL1293258,measured_on,Associated bioactivity was measured on respective target
Bioactivity,BA_001172,MEASURED_ON,Target,CHEMBL1293278,measured_on,Associated bioactivity was measured on respective target
Bioactivity,BA_001173,MEASURED_ON,Target,CHEMBL1784,measured_on,Associated bioactivity was measured on respective target
Bioactivity,BA_001174,MEASURED_ON,Target,CHEMBL1075138,measured_on,Associated bioactivity was measured on respective target
Bioactivity,BA_001175,MEASURED_ON,Target,CHEMBL1075138,measured_on,Associated bioactivity was measured on respective target
Bioactivity,BA_001176,MEASURED_ON,Target,CHEMBL2146305,measured_on,Associated bioactivity was measured on respective target
Bioactivity,BA_001177,MEASURED_ON,Target,CHEMBL205,measured_on,Associated bioactivity was measured on respective target
Bioactivity,BA_001178,MEASURED_ON,Target,CHEMBL3729,measured_on,Associated bioactivity was measured on respective target
Bioactivity,BA_001179,MEASURED_ON,Target,CHEMBL2326,measured_on,Associated bioactivity was measured on respective target
Bioactivity,BA_001180,MEASURED_ON,Target,CHEMBL3242,measured_on,Associated bioactivity was measured on respective target
Bioactivity,BA_001181,MEASURED_ON,Target,CHEMBL1293235,measured_on,Associated bioactivity was measured on respective target
Bioactivity,BA_001182,MEASURED_ON,Target,CHEMBL4302,measured_on,Associated bioactivity was measured on respective target
Bioactivity,BA_001183,MEASURED_ON,Target,CHEMBL1741186,measured_on,Associated bioactivity was measured on respective target
Bioactivity,BA_001184,MEASURED_ON,Target,CHEMBL4523510,measured_on,Associated bioactivity was measured on respective target
Bioactivity,BA_001185,MEASURED_ON,Target,CHEMBL1741186,measured_on,Associated bioactivity was measured on respective target
Bioactivity,BA_001186,MEASURED_ON,Target,CHEMBL4523203,measured_on,Associated bioactivity was measured on respective target
Bioactivity,BA_001187,MEASURED_ON,Target,CHEMBL5465343,measured_on,Associated bioactivity was measured on respective target
Bioactivity,BA_001188,MEASURED_ON,Target,CHEMBL1293226,measured_on,Associated bioactivity was measured on respective target
Bioactivity,BA_001189,MEASURED_ON,Target,CHEMBL2608,measured_on,Associated bioactivity was measured on respective target
Bioactivity,BA_001190,MEASURED_ON,Target,CHEMBL2392,measured_on,Associated bioactivity was measured on respective target
Bioactivity,BA_001191,MEASURED_ON,Target,CHEMBL1900,measured_on,Associated bioactivity was measured on respective target
Bioactivity,BA_001192,MEASURED_ON,Target,CHEMBL3575,measured_on,Associated bioactivity was measured on respective target
Bioactivity,BA_001193,MEASURED_ON,Target,CHEMBL3575,measured_on,Associated bioactivity was measured on respective target
Bioactivity,BA_001194,MEASURED_ON,Target,CHEMBL3575,measured_on,Associated bioactivity was measured on respective target
Bioactivity,BA_001195,MEASURED_ON,Target,CHEMBL3575,measured_on,Associated bioactivity was measured on respective target
Bioactivity,BA_001196,MEASURED_ON,Target,CHEMBL289,measured_on,Associated bioactivity was measured on respective target
Bioactivity,BA_001197,MEASURED_ON,Target,CHEMBL3880,measured_on,Associated bioactivity was measured on respective target
Bioactivity,BA_001198,MEASURED_ON,Target,CHEMBL1963,measured_on,Associated bioactivity was measured on respective target
Bioactivity,BA_001199,MEASURED_ON,Target,CHEMBL2034,measured_on,Associated bioactivity was measured on respective target
Bioactivity,BA_001200,MEASURED_ON,Target,CHEMBL2047,measured_on,Associated bioactivity was measured on respective target
Bioactivity,BA_001201,MEASURED_ON,Target,CHEMBL335,measured_on,Associated bioactivity was measured on respective target
Bioactivity,BA_001202,MEASURED_ON,Target,CHEMBL4235,measured_on,Associated bioactivity was measured on respective target
Bioactivity,BA_001203,MEASURED_ON,Target,CHEMBL335,measured_on,Associated bioactivity was measured on respective target
Bioactivity,BA_001204,MEASURED_ON,Target,CHEMBL5409,measured_on,Associated bioactivity was measured on respective target
Bioactivity,BA_001205,MEASURED_ON,Target,CHEMBL4159,measured_on,Associated bioactivity was measured on respective target
Bioactivity,BA_001206,MEASURED_ON,Target,CHEMBL1293226,measured_on,Associated bioactivity was measured on respective target
Bioactivity,BA_001207,MEASURED_ON,Target,CHEMBL3468,measured_on,Associated bioactivity was measured on respective target
Bioactivity,BA_001208,MEASURED_ON,Target,CHEMBL3468,measured_on,Associated bioactivity was measured on respective target
Bioactivity,BA_001209,MEASURED_ON,Target,CHEMBL3468,measured_on,Associated bioactivity was measured on respective target
Bioactivity,BA_001210,MEASURED_ON,Target,CHEMBL2608,measured_on,Associated bioactivity was measured on respective target
Bioactivity,BA_001211,MEASURED_ON,Target,CHEMBL2524,measured_on,Associated bioactivity was measured on respective target
Bioactivity,BA_001212,MEASURED_ON,Target,CHEMBL4801,measured_on,Associated bioactivity was measured on respective target
Bioactivity,BA_001213,MEASURED_ON,Target,CHEMBL4801,measured_on,Associated bioactivity was measured on respective target
Bioactivity,BA_001214,MEASURED_ON,Target,CHEMBL4801,measured_on,Associated bioactivity was measured on respective target
Bioactivity,BA_001215,MEASURED_ON,Target,CHEMBL6032,measured_on,Associated bioactivity was measured on respective target
Bioactivity,BA_001216,MEASURED_ON,Target,CHEMBL1795085,measured_on,Associated bioactivity was measured on respective target
Bioactivity,BA_001217,MEASURED_ON,Target,CHEMBL2326,measured_on,Associated bioactivity was measured on respective target
Bioactivity,BA_001218,MEASURED_ON,Target,CHEMBL3242,measured_on,Associated bioactivity was measured on respective target
Bioactivity,BA_001219,MEASURED_ON,Target,CHEMBL3594,measured_on,Associated bioactivity was measured on respective target
Bioactivity,BA_001220,MEASURED_ON,Target,CHEMBL3785,measured_on,Associated bioactivity was measured on respective target
Bioactivity,BA_001221,MEASURED_ON,Target,CHEMBL1871,measured_on,Associated bioactivity was measured on respective target
Bioactivity,BA_001222,MEASURED_ON,Target,CHEMBL2047,measured_on,Associated bioactivity was measured on respective target
Bioactivity,BA_001223,MEASURED_ON,Target,CHEMBL2176772,measured_on,Associated bioactivity was measured on respective target
Bioactivity,BA_001224,MEASURED_ON,Target,CHEMBL3108638,measured_on,Associated bioactivity was measured on respective target
Bioactivity,BA_001225,MEASURED_ON,Target,CHEMBL1929,measured_on,Associated bioactivity was measured on respective target
Bioactivity,BA_001226,MEASURED_ON,Target,CHEMBL3468,measured_on,Associated bioactivity was measured on respective target
Bioactivity,BA_001227,MEASURED_ON,Target,CHEMBL5896,measured_on,Associated bioactivity was measured on respective target
Bioactivity,BA_001228,MEASURED_ON,Target,CHEMBL5365,measured_on,Associated bioactivity was measured on respective target
Bioactivity,BA_001229,MEASURED_ON,Target,CHEMBL5365,measured_on,Associated bioactivity was measured on respective target
Bioactivity,BA_001230,MEASURED_ON,Target,CHEMBL1293278,measured_on,Associated bioactivity was measured on respective target
Bioactivity,BA_001231,MEASURED_ON,Target,CHEMBL3594,measured_on,Associated bioactivity was measured on respective target
Bioactivity,BA_001232,MEASURED_ON,Target,CHEMBL3242,measured_on,Associated bioactivity was measured on respective target
Bioactivity,BA_001233,MEASURED_ON,Target,CHEMBL4361,measured_on,Associated bioactivity was measured on respective target
Bioactivity,BA_001234,MEASURED_ON,Target,CHEMBL4361,measured_on,Associated bioactivity was measured on respective target
Bioactivity,BA_001235,MEASURED_ON,Target,CHEMBL3774295,measured_on,Associated bioactivity was measured on respective target
Bioactivity,BA_001236,MEASURED_ON,Target,CHEMBL220,measured_on,Associated bioactivity was measured on respective target
Bioactivity,BA_001237,MEASURED_ON,Target,CHEMBL1914,measured_on,Associated bioactivity was measured on respective target
Bioactivity,BA_001238,MEASURED_ON,Target,CHEMBL4822,measured_on,Associated bioactivity was measured on respective target
Bioactivity,BA_001239,MEASURED_ON,Target,CHEMBL3594,measured_on,Associated bioactivity was measured on respective target
Bioactivity,BA_001240,MEASURED_ON,Target,CHEMBL3912,measured_on,Associated bioactivity was measured on respective target
Bioactivity,BA_001241,MEASURED_ON,Target,CHEMBL3242,measured_on,Associated bioactivity was measured on respective target
Bioactivity,BA_001242,MEASURED_ON,Target,CHEMBL5555,measured_on,Associated bioactivity was measured on respective target
Bioactivity,BA_001243,MEASURED_ON,Target,CHEMBL3510,measured_on,Associated bioactivity was measured on respective target
Bioactivity,BA_001244,MEASURED_ON,Target,CHEMBL3242,measured_on,Associated bioactivity was measured on respective target
Bioactivity,BA_001245,MEASURED_ON,Target,CHEMBL3594,measured_on,Associated bioactivity was measured on respective target
Bioactivity,BA_001246,MEASURED_ON,Target,CHEMBL2326,measured_on,Associated bioactivity was measured on respective target
Bioactivity,BA_001247,MEASURED_ON,Target,CHEMBL3025,measured_on,Associated bioactivity was measured on respective target
Bioactivity,BA_001248,MEASURED_ON,Target,CHEMBL3969,measured_on,Associated bioactivity was measured on respective target
Bioactivity,BA_001249,MEASURED_ON,Target,CHEMBL4789,measured_on,Associated bioactivity was measured on respective target
Bioactivity,BA_001250,MEASURED_ON,Target,CHEMBL3729,measured_on,Associated bioactivity was measured on respective target
Bioactivity,BA_001251,MEASURED_ON,Target,CHEMBL2885,measured_on,Associated bioactivity was measured on respective target
Bioactivity,BA_001252,MEASURED_ON,Target,CHEMBL205,measured_on,Associated bioactivity was measured on respective target
Bioactivity,BA_001253,MEASURED_ON,Target,CHEMBL261,measured_on,Associated bioactivity was measured on respective target
Bioactivity,BA_001254,MEASURED_ON,Target,CHEMBL1900,measured_on,Associated bioactivity was measured on respective target
Bioactivity,BA_001255,MEASURED_ON,Target,CHEMBL242,measured_on,Associated bioactivity was measured on respective target
Bioactivity,BA_001256,MEASURED_ON,Target,CHEMBL1973,measured_on,Associated bioactivity was measured on respective target
Bioactivity,BA_001257,MEASURED_ON,Target,CHEMBL1973,measured_on,Associated bioactivity was measured on respective target
Bioactivity,BA_001258,MEASURED_ON,Target,CHEMBL1900,measured_on,Associated bioactivity was measured on respective target
Bioactivity,BA_001259,MEASURED_ON,Target,CHEMBL5983,measured_on,Associated bioactivity was measured on respective target
Bioactivity,BA_001260,MEASURED_ON,Target,CHEMBL1900,measured_on,Associated bioactivity was measured on respective target
Bioactivity,BA_001261,MEASURED_ON,Target,CHEMBL1293278,measured_on,Associated bioactivity was measured on respective target
Bioactivity,BA_001262,MEASURED_ON,Target,CHEMBL335,measured_on,Associated bioactivity was measured on respective target
Bioactivity,BA_001263,MEASURED_ON,Target,CHEMBL1900,measured_on,Associated bioactivity was measured on respective target
Bioactivity,BA_001264,MEASURED_ON,Target,CHEMBL3242,measured_on,Associated bioactivity was measured on respective target
Bioactivity,BA_001265,MEASURED_ON,Target,CHEMBL3510,measured_on,Associated bioactivity was measured on respective target
Bioactivity,BA_001266,MEASURED_ON,Target,CHEMBL3594,measured_on,Associated bioactivity was measured on respective target
Bioactivity,BA_001267,MEASURED_ON,Target,CHEMBL2326,measured_on,Associated bioactivity was measured on respective target
Bioactivity,BA_001268,MEASURED_ON,Target,CHEMBL3025,measured_on,Associated bioactivity was measured on respective target
Bioactivity,BA_001269,MEASURED_ON,Target,CHEMBL3969,measured_on,Associated bioactivity was measured on respective target
Bioactivity,BA_001270,MEASURED_ON,Target,CHEMBL4789,measured_on,Associated bioactivity was measured on respective target
Bioactivity,BA_001271,MEASURED_ON,Target,CHEMBL3729,measured_on,Associated bioactivity was measured on respective target
Bioactivity,BA_001272,MEASURED_ON,Target,CHEMBL2885,measured_on,Associated bioactivity was measured on respective target
Bioactivity,BA_001273,MEASURED_ON,Target,CHEMBL261,measured_on,Associated bioactivity was measured on respective target
Bioactivity,BA_001274,MEASURED_ON,Target,CHEMBL205,measured_on,Associated bioactivity was measured on respective target
Bioactivity,BA_001275,MEASURED_ON,Target,CHEMBL5391,measured_on,Associated bioactivity was measured on respective target
Bioactivity,BA_001276,MEASURED_ON,Target,CHEMBL2034,measured_on,Associated bioactivity was measured on respective target
Bioactivity,BA_001277,MEASURED_ON,Target,CHEMBL1947,measured_on,Associated bioactivity was measured on respective target
Bioactivity,BA_001278,MEASURED_ON,Target,CHEMBL1293317,measured_on,Associated bioactivity was measured on respective target
Bioactivity,BA_001279,MEASURED_ON,Target,CHEMBL3713095,measured_on,Associated bioactivity was measured on respective target
Bioactivity,BA_001280,MEASURED_ON,Target,CHEMBL261,measured_on,Associated bioactivity was measured on respective target
Bioactivity,BA_001281,MEASURED_ON,Target,CHEMBL205,measured_on,Associated bioactivity was measured on respective target
Bioactivity,BA_001282,MEASURED_ON,Target,CHEMBL3242,measured_on,Associated bioactivity was measured on respective target
Bioactivity,BA_001283,MEASURED_ON,Target,CHEMBL205,measured_on,Associated bioactivity was measured on respective target
Bioactivity,BA_001284,MEASURED_ON,Target,CHEMBL261,measured_on,Associated bioactivity was measured on respective target
Bioactivity,BA_001285,MEASURED_ON,Target,CHEMBL1293278,measured_on,Associated bioactivity was measured on respective target
Bioactivity,BA_001286,MEASURED_ON,Target,CHEMBL1942,measured_on,Associated bioactivity was measured on respective target
Bioactivity,BA_001287,MEASURED_ON,Target,CHEMBL3577,measured_on,Associated bioactivity was measured on respective target
Bioactivity,BA_001288,MEASURED_ON,Target,CHEMBL3100,measured_on,Associated bioactivity was measured on respective target
Bioactivity,BA_001289,MEASURED_ON,Target,CHEMBL2061,measured_on,Associated bioactivity was measured on respective target
Bioactivity,BA_001290,MEASURED_ON,Target,CHEMBL206,measured_on,Associated bioactivity was measured on respective target
Bioactivity,BA_001291,MEASURED_ON,Target,CHEMBL2034,measured_on,Associated bioactivity was measured on respective target
Bioactivity,BA_001292,MEASURED_ON,Target,CHEMBL2083,measured_on,Associated bioactivity was measured on respective target
Bioactivity,BA_001293,MEASURED_ON,Target,CHEMBL1293236,measured_on,Associated bioactivity was measured on respective target
Bioactivity,BA_001294,MEASURED_ON,Target,CHEMBL3577,measured_on,Associated bioactivity was measured on respective target
Bioactivity,BA_001295,MEASURED_ON,Target,CHEMBL3577,measured_on,Associated bioactivity was measured on respective target
Bioactivity,BA_001296,MEASURED_ON,Target,CHEMBL2903,measured_on,Associated bioactivity was measured on respective target
Bioactivity,BA_001297,MEASURED_ON,Target,CHEMBL2903,measured_on,Associated bioactivity was measured on respective target
Bioactivity,BA_001298,MEASURED_ON,Target,CHEMBL1293227,measured_on,Associated bioactivity was measured on respective target
Bioactivity,BA_001299,MEASURED_ON,Target,CHEMBL1977,measured_on,Associated bioactivity was measured on respective target
Bioactivity,BA_001300,MEASURED_ON,Target,CHEMBL3979,measured_on,Associated bioactivity was measured on respective target
Bioactivity,BA_001301,MEASURED_ON,Target,CHEMBL235,measured_on,Associated bioactivity was measured on respective target
Bioactivity,BA_001302,MEASURED_ON,Target,CHEMBL1743121,measured_on,Associated bioactivity was measured on respective target
Bioactivity,BA_001303,MEASURED_ON,Target,CHEMBL1743121,measured_on,Associated bioactivity was measured on respective target
Bioactivity,BA_001304,MEASURED_ON,Target,CHEMBL1697668,measured_on,Associated bioactivity was measured on respective target
Bioactivity,BA_001305,MEASURED_ON,Target,CHEMBL1697668,measured_on,Associated bioactivity was measured on respective target
Bioactivity,BA_001306,MEASURED_ON,Target,CHEMBL2083,measured_on,Associated bioactivity was measured on respective target
Bioactivity,BA_001307,MEASURED_ON,Target,CHEMBL2083,measured_on,Associated bioactivity was measured on respective target
Bioactivity,BA_001308,MEASURED_ON,Target,CHEMBL3785,measured_on,Associated bioactivity was measured on respective target
Bioactivity,BA_001309,MEASURED_ON,Target,CHEMBL3785,measured_on,Associated bioactivity was measured on respective target
Bioactivity,BA_001310,MEASURED_ON,Target,CHEMBL3785,measured_on,Associated bioactivity was measured on respective target
Bioactivity,BA_001311,MEASURED_ON,Target,CHEMBL3785,measured_on,Associated bioactivity was measured on respective target
Bioactivity,BA_001312,MEASURED_ON,Target,CHEMBL3785,measured_on,Associated bioactivity was measured on respective target
Bioactivity,BA_001313,MEASURED_ON,Target,CHEMBL3785,measured_on,Associated bioactivity was measured on respective target
Bioactivity,BA_001314,MEASURED_ON,Target,CHEMBL3785,measured_on,Associated bioactivity was measured on respective target
Bioactivity,BA_001315,MEASURED_ON,Target,CHEMBL3785,measured_on,Associated bioactivity was measured on respective target
Bioactivity,BA_001316,MEASURED_ON,Target,CHEMBL3785,measured_on,Associated bioactivity was measured on respective target
Bioactivity,BA_001317,MEASURED_ON,Target,CHEMBL3785,measured_on,Associated bioactivity was measured on respective target
Bioactivity,BA_001318,MEASURED_ON,Target,CHEMBL3785,measured_on,Associated bioactivity was measured on respective target
Bioactivity,BA_001319,MEASURED_ON,Target,CHEMBL3785,measured_on,Associated bioactivity was measured on respective target
Bioactivity,BA_001320,MEASURED_ON,Target,CHEMBL3785,measured_on,Associated bioactivity was measured on respective target
Bioactivity,BA_001321,MEASURED_ON,Target,CHEMBL3785,measured_on,Associated bioactivity was measured on respective target
Bioactivity,BA_001322,MEASURED_ON,Target,CHEMBL2608,measured_on,Associated bioactivity was measured on respective target
Bioactivity,BA_001323,MEASURED_ON,Target,CHEMBL3785,measured_on,Associated bioactivity was measured on respective target
Bioactivity,BA_001324,MEASURED_ON,Target,CHEMBL3785,measured_on,Associated bioactivity was measured on respective target
Bioactivity,BA_001325,MEASURED_ON,Target,CHEMBL3785,measured_on,Associated bioactivity was measured on respective target
Bioactivity,BA_001326,MEASURED_ON,Target,CHEMBL1784,measured_on,Associated bioactivity was measured on respective target
Bioactivity,BA_001327,MEASURED_ON,Target,CHEMBL3785,measured_on,Associated bioactivity was measured on respective target
Bioactivity,BA_001328,MEASURED_ON,Target,CHEMBL3785,measured_on,Associated bioactivity was measured on respective target
Bioactivity,BA_001329,MEASURED_ON,Target,CHEMBL3785,measured_on,Associated bioactivity was measured on respective target
Bioactivity,BA_001330,MEASURED_ON,Target,CHEMBL3785,measured_on,Associated bioactivity was measured on respective target
Bioactivity,BA_001331,MEASURED_ON,Target,CHEMBL4860,measured_on,Associated bioactivity was measured on respective target
Bioactivity,BA_001332,MEASURED_ON,Target,CHEMBL1795129,measured_on,Associated bioactivity was measured on respective target
Bioactivity,BA_001333,MEASURED_ON,Target,CHEMBL1825,measured_on,Associated bioactivity was measured on respective target
Bioactivity,BA_001334,MEASURED_ON,Target,CHEMBL335,measured_on,Associated bioactivity was measured on respective target
Bioactivity,BA_001335,MEASURED_ON,Target,CHEMBL5983,measured_on,Associated bioactivity was measured on respective target
Bioactivity,BA_001336,MEASURED_ON,Target,CHEMBL5409,measured_on,Associated bioactivity was measured on respective target
Bioactivity,BA_001337,MEASURED_ON,Target,CHEMBL5983,measured_on,Associated bioactivity was measured on respective target
Bioactivity,BA_001338,MEASURED_ON,Target,CHEMBL3979,measured_on,Associated bioactivity was measured on respective target
Bioactivity,BA_001339,MEASURED_ON,Target,CHEMBL1293278,measured_on,Associated bioactivity was measured on respective target
Bioactivity,BA_001340,MEASURED_ON,Target,CHEMBL1075138,measured_on,Associated bioactivity was measured on respective target
Bioactivity,BA_001341,MEASURED_ON,Target,CHEMBL3577,measured_on,Associated bioactivity was measured on respective target
Bioactivity,BA_001342,MEASURED_ON,Target,CHEMBL4159,measured_on,Associated bioactivity was measured on respective target
Bioactivity,BA_001343,MEASURED_ON,Target,CHEMBL261,measured_on,Associated bioactivity was measured on respective target
Bioactivity,BA_001344,MEASURED_ON,Target,CHEMBL205,measured_on,Associated bioactivity was measured on respective target
Bioactivity,BA_001345,MEASURED_ON,Target,CHEMBL3025,measured_on,Associated bioactivity was measured on respective target
Bioactivity,BA_001346,MEASURED_ON,Target,CHEMBL240,measured_on,Associated bioactivity was measured on respective target
Bioactivity,BA_001347,MEASURED_ON,Target,CHEMBL5365,measured_on,Associated bioactivity was measured on respective target
Bioactivity,BA_001348,MEASURED_ON,Target,CHEMBL203,measured_on,Associated bioactivity was measured on respective target
Bioactivity,BA_001349,MEASURED_ON,Target,CHEMBL1841,measured_on,Associated bioactivity was measured on respective target
Bioactivity,BA_001350,MEASURED_ON,Target,CHEMBL1075094,measured_on,Associated bioactivity was measured on respective target
Bioactivity,BA_001351,MEASURED_ON,Target,CHEMBL1075138,measured_on,Associated bioactivity was measured on respective target
Bioactivity,BA_001352,MEASURED_ON,Target,CHEMBL5619,measured_on,Associated bioactivity was measured on respective target
Bioactivity,BA_001353,MEASURED_ON,Target,CHEMBL333,measured_on,Associated bioactivity was measured on respective target
Bioactivity,BA_001354,MEASURED_ON,Target,CHEMBL4588,measured_on,Associated bioactivity was measured on respective target
Bioactivity,BA_001355,MEASURED_ON,Target,CHEMBL321,measured_on,Associated bioactivity was measured on respective target
Bioactivity,BA_001356,MEASURED_ON,Target,CHEMBL2318,measured_on,Associated bioactivity was measured on respective target
Bioactivity,BA_001357,MEASURED_ON,Target,CHEMBL2285,measured_on,Associated bioactivity was measured on respective target
Bioactivity,BA_001358,MEASURED_ON,Target,CHEMBL4393,measured_on,Associated bioactivity was measured on respective target
Bioactivity,BA_001359,MEASURED_ON,Target,CHEMBL301,measured_on,Associated bioactivity was measured on respective target
Bioactivity,BA_001360,MEASURED_ON,Target,CHEMBL301,measured_on,Associated bioactivity was measured on respective target
Bioactivity,BA_001361,MEASURED_ON,Target,CHEMBL1293224,measured_on,Associated bioactivity was measured on respective target
Bioactivity,BA_001362,MEASURED_ON,Target,CHEMBL3356,measured_on,Associated bioactivity was measured on respective target
Bioactivity,BA_001363,MEASURED_ON,Target,CHEMBL6007,measured_on,Associated bioactivity was measured on respective target
Bioactivity,BA_001364,MEASURED_ON,Target,CHEMBL3577,measured_on,Associated bioactivity was measured on respective target
Bioactivity,BA_001365,MEASURED_ON,Target,CHEMBL1075138,measured_on,Associated bioactivity was measured on respective target
Bioactivity,BA_001366,MEASURED_ON,Target,CHEMBL1741186,measured_on,Associated bioactivity was measured on respective target
Bioactivity,BA_001367,MEASURED_ON,Target,CHEMBL5619,measured_on,Associated bioactivity was measured on respective target
Bioactivity,BA_001368,MEASURED_ON,Target,CHEMBL1075138,measured_on,Associated bioactivity was measured on respective target
Bioactivity,BA_001369,MEASURED_ON,Target,CHEMBL6007,measured_on,Associated bioactivity was measured on respective target
Bioactivity,BA_001370,MEASURED_ON,Target,CHEMBL6007,measured_on,Associated bioactivity was measured on respective target
Bioactivity,BA_001371,MEASURED_ON,Target,CHEMBL6007,measured_on,Associated bioactivity was measured on respective target
Bioactivity,BA_001372,MEASURED_ON,Target,CHEMBL6007,measured_on,Associated bioactivity was measured on respective target
Bioactivity,BA_001373,MEASURED_ON,Target,CHEMBL2047,measured_on,Associated bioactivity was measured on respective target
Bioactivity,BA_001374,MEASURED_ON,Target,CHEMBL6007,measured_on,Associated bioactivity was measured on respective target
Bioactivity,BA_001375,MEASURED_ON,Target,CHEMBL2085,measured_on,Associated bioactivity was measured on respective target
Bioactivity,BA_001376,MEASURED_ON,Target,CHEMBL2085,measured_on,Associated bioactivity was measured on respective target
Bioactivity,BA_001377,MEASURED_ON,Target,CHEMBL6007,measured_on,Associated bioactivity was measured on respective target
Bioactivity,BA_001378,MEASURED_ON,Target,CHEMBL6007,measured_on,Associated bioactivity was measured on respective target
Bioactivity,BA_001379,MEASURED_ON,Target,CHEMBL6007,measured_on,Associated bioactivity was measured on respective target
Bioactivity,BA_001380,MEASURED_ON,Target,CHEMBL6007,measured_on,Associated bioactivity was measured on respective target
Bioactivity,BA_001381,MEASURED_ON,Target,CHEMBL6007,measured_on,Associated bioactivity was measured on respective target
Bioactivity,BA_001382,MEASURED_ON,Target,CHEMBL6007,measured_on,Associated bioactivity was measured on respective target
Bioactivity,BA_001383,MEASURED_ON,Target,CHEMBL5281,measured_on,Associated bioactivity was measured on respective target
Bioactivity,BA_001384,MEASURED_ON,Target,CHEMBL2085,measured_on,Associated bioactivity was measured on respective target
Bioactivity,BA_001385,MEASURED_ON,Target,CHEMBL5282,measured_on,Associated bioactivity was measured on respective target
Bioactivity,BA_001386,MEASURED_ON,Target,CHEMBL5282,measured_on,Associated bioactivity was measured on respective target
Bioactivity,BA_001387,MEASURED_ON,Target,CHEMBL3542436,measured_on,Associated bioactivity was measured on respective target
Bioactivity,BA_001388,MEASURED_ON,Target,CHEMBL3542436,measured_on,Associated bioactivity was measured on respective target
Bioactivity,BA_001389,MEASURED_ON,Target,CHEMBL6007,measured_on,Associated bioactivity was measured on respective target
Bioactivity,BA_001390,MEASURED_ON,Target,CHEMBL6007,measured_on,Associated bioactivity was measured on respective target
Bioactivity,BA_001391,MEASURED_ON,Target,CHEMBL6007,measured_on,Associated bioactivity was measured on respective target
Bioactivity,BA_001392,MEASURED_ON,Target,CHEMBL2085,measured_on,Associated bioactivity was measured on respective target
Bioactivity,BA_001393,MEASURED_ON,Target,CHEMBL2085,measured_on,Associated bioactivity was measured on respective target
Bioactivity,BA_001394,MEASURED_ON,Target,CHEMBL6007,measured_on,Associated bioactivity was measured on respective target
Bioactivity,BA_001395,MEASURED_ON,Target,CHEMBL2085,measured_on,Associated bioactivity was measured on respective target
Bioactivity,BA_001396,MEASURED_ON,Target,CHEMBL2085,measured_on,Associated bioactivity was measured on respective target
Bioactivity,BA_001397,MEASURED_ON,Target,CHEMBL2085,measured_on,Associated bioactivity was measured on respective target
Bioactivity,BA_001398,MEASURED_ON,Target,CHEMBL5501,measured_on,Associated bioactivity was measured on respective target
Bioactivity,BA_001399,MEASURED_ON,Target,CHEMBL6007,measured_on,Associated bioactivity was measured on respective target
Bioactivity,BA_001400,MEASURED_ON,Target,CHEMBL6007,measured_on,Associated bioactivity was measured on respective target
Bioactivity,BA_001401,MEASURED_ON,Target,CHEMBL1293235,measured_on,Associated bioactivity was measured on respective target
Bioactivity,BA_001402,MEASURED_ON,Target,CHEMBL1795085,measured_on,Associated bioactivity was measured on respective target
Bioactivity,BA_001403,MEASURED_ON,Target,CHEMBL205,measured_on,Associated bioactivity was measured on respective target
Bioactivity,BA_001404,MEASURED_ON,Target,CHEMBL3594,measured_on,Associated bioactivity was measured on respective target
Bioactivity,BA_001405,MEASURED_ON,Target,CHEMBL3242,measured_on,Associated bioactivity was measured on respective target
Bioactivity,BA_001406,MEASURED_ON,Target,CHEMBL3510,measured_on,Associated bioactivity was measured on respective target
Bioactivity,BA_001407,MEASURED_ON,Target,CHEMBL2326,measured_on,Associated bioactivity was measured on respective target
Bioactivity,BA_001408,MEASURED_ON,Target,CHEMBL1947,measured_on,Associated bioactivity was measured on respective target
Bioactivity,BA_001409,MEASURED_ON,Target,CHEMBL1293232,measured_on,Associated bioactivity was measured on respective target
Bioactivity,BA_001410,MEASURED_ON,Target,CHEMBL1871,measured_on,Associated bioactivity was measured on respective target
Bioactivity,BA_001411,MEASURED_ON,Target,CHEMBL5282,measured_on,Associated bioactivity was measured on respective target
Bioactivity,BA_001412,MEASURED_ON,Target,CHEMBL1293278,measured_on,Associated bioactivity was measured on respective target
Bioactivity,BA_001413,MEASURED_ON,Target,CHEMBL1829,measured_on,Associated bioactivity was measured on respective target
Bioactivity,BA_001414,MEASURED_ON,Target,CHEMBL3729,measured_on,Associated bioactivity was measured on respective target
Bioactivity,BA_001415,MEASURED_ON,Target,CHEMBL3025,measured_on,Associated bioactivity was measured on respective target
Bioactivity,BA_001416,MEASURED_ON,Target,CHEMBL5619,measured_on,Associated bioactivity was measured on respective target
Bioactivity,BA_001417,MEASURED_ON,Target,CHEMBL1871,measured_on,Associated bioactivity was measured on respective target
Bioactivity,BA_001418,MEASURED_ON,Target,CHEMBL1947,measured_on,Associated bioactivity was measured on respective target
Bioactivity,BA_001419,MEASURED_ON,Target,CHEMBL1977,measured_on,Associated bioactivity was measured on respective target
Bioactivity,BA_001420,MEASURED_ON,Target,CHEMBL239,measured_on,Associated bioactivity was measured on respective target
Bioactivity,BA_001421,MEASURED_ON,Target,CHEMBL3979,measured_on,Associated bioactivity was measured on respective target
Bioactivity,BA_001422,MEASURED_ON,Target,CHEMBL235,measured_on,Associated bioactivity was measured on respective target
Bioactivity,BA_001423,MEASURED_ON,Target,CHEMBL335,measured_on,Associated bioactivity was measured on respective target
Bioactivity,BA_001424,MEASURED_ON,Target,CHEMBL1963,measured_on,Associated bioactivity was measured on respective target
Bioactivity,BA_001425,MEASURED_ON,Target,CHEMBL1947,measured_on,Associated bioactivity was measured on respective target
Bioactivity,BA_001426,MEASURED_ON,Target,CHEMBL1947,measured_on,Associated bioactivity was measured on respective target
Bioactivity,BA_001427,MEASURED_ON,Target,CHEMBL2034,measured_on,Associated bioactivity was measured on respective target
Bioactivity,BA_001428,MEASURED_ON,Target,CHEMBL1947,measured_on,Associated bioactivity was measured on respective target
Bioactivity,BA_001429,MEASURED_ON,Target,CHEMBL2933,measured_on,Associated bioactivity was measured on respective target
Bioactivity,BA_001430,MEASURED_ON,Target,CHEMBL1293294,measured_on,Associated bioactivity was measured on respective target
Bioactivity,BA_001431,MEASURED_ON,Target,CHEMBL1293277,measured_on,Associated bioactivity was measured on respective target
Bioactivity,BA_001432,MEASURED_ON,Target,CHEMBL1075094,measured_on,Associated bioactivity was measured on respective target
Bioactivity,BA_001433,MEASURED_ON,Target,CHEMBL1741209,measured_on,Associated bioactivity was measured on respective target
Bioactivity,BA_001434,MEASURED_ON,Target,CHEMBL6032,measured_on,Associated bioactivity was measured on respective target
Bioactivity,BA_001435,MEASURED_ON,Target,CHEMBL1741209,measured_on,Associated bioactivity was measured on respective target
Bioactivity,BA_001436,MEASURED_ON,Target,CHEMBL1963,measured_on,Associated bioactivity was measured on respective target
Bioactivity,BA_001437,MEASURED_ON,Target,CHEMBL1293278,measured_on,Associated bioactivity was measured on respective target
Bioactivity,BA_001438,MEASURED_ON,Target,CHEMBL1784,measured_on,Associated bioactivity was measured on respective target
Bioactivity,BA_001439,MEASURED_ON,Target,CHEMBL2007625,measured_on,Associated bioactivity was measured on respective target
Bioactivity,BA_001440,MEASURED_ON,Target,CHEMBL1075094,measured_on,Associated bioactivity was measured on respective target
Bioactivity,BA_001441,MEASURED_ON,Target,CHEMBL1293224,measured_on,Associated bioactivity was measured on respective target
Bioactivity,BA_001442,MEASURED_ON,Target,CHEMBL2608,measured_on,Associated bioactivity was measured on respective target
Bioactivity,BA_001443,MEASURED_ON,Target,CHEMBL261,measured_on,Associated bioactivity was measured on respective target
Bioactivity,BA_001444,MEASURED_ON,Target,CHEMBL205,measured_on,Associated bioactivity was measured on respective target
Bioactivity,BA_001445,MEASURED_ON,Target,CHEMBL3594,measured_on,Associated bioactivity was measured on respective target
Bioactivity,BA_001446,MEASURED_ON,Target,CHEMBL3242,measured_on,Associated bioactivity was measured on respective target
Bioactivity,BA_001447,MEASURED_ON,Target,CHEMBL3025,measured_on,Associated bioactivity was measured on respective target
Bioactivity,BA_001448,MEASURED_ON,Target,CHEMBL3729,measured_on,Associated bioactivity was measured on respective target
Bioactivity,BA_001449,MEASURED_ON,Target,CHEMBL3510,measured_on,Associated bioactivity was measured on respective target
Bioactivity,BA_001450,MEASURED_ON,Target,CHEMBL2326,measured_on,Associated bioactivity was measured on respective target
Bioactivity,BA_001451,MEASURED_ON,Target,CHEMBL3510,measured_on,Associated bioactivity was measured on respective target
Bioactivity,BA_001452,MEASURED_ON,Target,CHEMBL3242,measured_on,Associated bioactivity was measured on respective target
Bioactivity,BA_001453,MEASURED_ON,Target,CHEMBL3594,measured_on,Associated bioactivity was measured on respective target
Bioactivity,BA_001454,MEASURED_ON,Target,CHEMBL2326,measured_on,Associated bioactivity was measured on respective target
Bioactivity,BA_001455,MEASURED_ON,Target,CHEMBL3025,measured_on,Associated bioactivity was measured on respective target
Bioactivity,BA_001456,MEASURED_ON,Target,CHEMBL4789,measured_on,Associated bioactivity was measured on respective target
Bioactivity,BA_001457,MEASURED_ON,Target,CHEMBL205,measured_on,Associated bioactivity was measured on respective target
Bioactivity,BA_001458,MEASURED_ON,Target,CHEMBL261,measured_on,Associated bioactivity was measured on respective target
Bioactivity,BA_001459,MEASURED_ON,Target,CHEMBL1293278,measured_on,Associated bioactivity was measured on respective target
Bioactivity,BA_001460,MEASURED_ON,Target,CHEMBL1793,measured_on,Associated bioactivity was measured on respective target
Bioactivity,BA_001461,MEASURED_ON,Target,CHEMBL3510,measured_on,Associated bioactivity was measured on respective target
Bioactivity,BA_001462,MEASURED_ON,Target,CHEMBL3242,measured_on,Associated bioactivity was measured on respective target
Bioactivity,BA_001463,MEASURED_ON,Target,CHEMBL3594,measured_on,Associated bioactivity was measured on respective target
Bioactivity,BA_001464,MEASURED_ON,Target,CHEMBL2326,measured_on,Associated bioactivity was measured on respective target
Bioactivity,BA_001465,MEASURED_ON,Target,CHEMBL3025,measured_on,Associated bioactivity was measured on respective target
Bioactivity,BA_001466,MEASURED_ON,Target,CHEMBL4789,measured_on,Associated bioactivity was measured on respective target
Bioactivity,BA_001467,MEASURED_ON,Target,CHEMBL2885,measured_on,Associated bioactivity was measured on respective target
Bioactivity,BA_001468,MEASURED_ON,Target,CHEMBL205,measured_on,Associated bioactivity was measured on respective target
Bioactivity,BA_001469,MEASURED_ON,Target,CHEMBL261,measured_on,Associated bioactivity was measured on respective target
Bioactivity,BA_001470,MEASURED_ON,Target,CHEMBL2146305,measured_on,Associated bioactivity was measured on respective target
Bioactivity,BA_001471,MEASURED_ON,Target,CHEMBL1900,measured_on,Associated bioactivity was measured on respective target
Bioactivity,BA_001472,MEASURED_ON,Target,CHEMBL261,measured_on,Associated bioactivity was measured on respective target
Bioactivity,BA_001473,MEASURED_ON,Target,CHEMBL205,measured_on,Associated bioactivity was measured on respective target
Bioactivity,BA_001474,MEASURED_ON,Target,CHEMBL261,measured_on,Associated bioactivity was measured on respective target
Bioactivity,BA_001475,MEASURED_ON,Target,CHEMBL205,measured_on,Associated bioactivity was measured on respective target
Bioactivity,BA_001476,MEASURED_ON,Target,CHEMBL2146346,measured_on,Associated bioactivity was measured on respective target
Bioactivity,BA_001477,MEASURED_ON,Target,CHEMBL2146346,measured_on,Associated bioactivity was measured on respective target
Bioactivity,BA_001478,MEASURED_ON,Target,CHEMBL4491,measured_on,Associated bioactivity was measured on respective target
Bioactivity,BA_001479,MEASURED_ON,Target,CHEMBL2146346,measured_on,Associated bioactivity was measured on respective target
Bioactivity,BA_001480,MEASURED_ON,Target,CHEMBL1075094,measured_on,Associated bioactivity was measured on respective target
Bioactivity,BA_001481,MEASURED_ON,Target,CHEMBL1293258,measured_on,Associated bioactivity was measured on respective target
Bioactivity,BA_001482,MEASURED_ON,Target,CHEMBL1795085,measured_on,Associated bioactivity was measured on respective target
Bioactivity,BA_001483,MEASURED_ON,Target,CHEMBL1784,measured_on,Associated bioactivity was measured on respective target
Bioactivity,BA_001484,MEASURED_ON,Target,CHEMBL2007625,measured_on,Associated bioactivity was measured on respective target
Bioactivity,BA_001485,MEASURED_ON,Target,CHEMBL1293258,measured_on,Associated bioactivity was measured on respective target
Bioactivity,BA_001486,MEASURED_ON,Target,CHEMBL1293258,measured_on,Associated bioactivity was measured on respective target
Bioactivity,BA_001487,MEASURED_ON,Target,CHEMBL2039,measured_on,Associated bioactivity was measured on respective target
Bioactivity,BA_001488,MEASURED_ON,Target,CHEMBL1293227,measured_on,Associated bioactivity was measured on respective target
Bioactivity,BA_001489,MEASURED_ON,Target,CHEMBL1741200,measured_on,Associated bioactivity was measured on respective target
Bioactivity,BA_001490,MEASURED_ON,Target,CHEMBL1741200,measured_on,Associated bioactivity was measured on respective target
Bioactivity,BA_001491,MEASURED_ON,Target,CHEMBL1741193,measured_on,Associated bioactivity was measured on respective target
Bioactivity,BA_001492,MEASURED_ON,Target,CHEMBL5027,measured_on,Associated bioactivity was measured on respective target
Bioactivity,BA_001493,MEASURED_ON,Target,CHEMBL1795085,measured_on,Associated bioactivity was measured on respective target
Bioactivity,BA_001494,MEASURED_ON,Target,CHEMBL1075138,measured_on,Associated bioactivity was measured on respective target
Bioactivity,BA_001495,MEASURED_ON,Target,CHEMBL1075138,measured_on,Associated bioactivity was measured on respective target
Bioactivity,BA_001496,MEASURED_ON,Target,CHEMBL3024,measured_on,Associated bioactivity was measured on respective target
Bioactivity,BA_001497,MEASURED_ON,Target,CHEMBL4361,measured_on,Associated bioactivity was measured on respective target
Bioactivity,BA_001498,MEASURED_ON,Target,CHEMBL2047,measured_on,Associated bioactivity was measured on respective target
Bioactivity,BA_001499,MEASURED_ON,Target,CHEMBL340,measured_on,Associated bioactivity was measured on respective target
Bioactivity,BA_001500,MEASURED_ON,Target,CHEMBL3622,measured_on,Associated bioactivity was measured on respective target
Bioactivity,BA_001501,MEASURED_ON,Target,CHEMBL289,measured_on,Associated bioactivity was measured on respective target
Bioactivity,BA_001502,MEASURED_ON,Target,CHEMBL3397,measured_on,Associated bioactivity was measured on respective target
Bioactivity,BA_001503,MEASURED_ON,Target,CHEMBL4729,measured_on,Associated bioactivity was measured on respective target
Bioactivity,BA_001504,MEASURED_ON,Target,CHEMBL340,measured_on,Associated bioactivity was measured on respective target
Bioactivity,BA_001505,MEASURED_ON,Target,CHEMBL4822,measured_on,Associated bioactivity was measured on respective target
Bioactivity,BA_001506,MEASURED_ON,Target,CHEMBL289,measured_on,Associated bioactivity was measured on respective target
Bioactivity,BA_001507,MEASURED_ON,Target,CHEMBL2231,measured_on,Associated bioactivity was measured on respective target
Bioactivity,BA_001508,MEASURED_ON,Target,CHEMBL2231,measured_on,Associated bioactivity was measured on respective target
Bioactivity,BA_001509,MEASURED_ON,Target,CHEMBL3356,measured_on,Associated bioactivity was measured on respective target
Bioactivity,BA_001510,MEASURED_ON,Target,CHEMBL3356,measured_on,Associated bioactivity was measured on respective target
Bioactivity,BA_001511,MEASURED_ON,Target,CHEMBL3004,measured_on,Associated bioactivity was measured on respective target
Bioactivity,BA_001512,MEASURED_ON,Target,CHEMBL3356,measured_on,Associated bioactivity was measured on respective target
Bioactivity,BA_001513,MEASURED_ON,Target,CHEMBL2231,measured_on,Associated bioactivity was measured on respective target
Bioactivity,BA_001514,MEASURED_ON,Target,CHEMBL4878,measured_on,Associated bioactivity was measured on respective target
Bioactivity,BA_001515,MEASURED_ON,Target,CHEMBL1795087,measured_on,Associated bioactivity was measured on respective target
Bioactivity,BA_001516,MEASURED_ON,Target,CHEMBL4878,measured_on,Associated bioactivity was measured on respective target
Bioactivity,BA_001517,MEASURED_ON,Target,CHEMBL2231,measured_on,Associated bioactivity was measured on respective target
Bioactivity,BA_001518,MEASURED_ON,Target,CHEMBL1293226,measured_on,Associated bioactivity was measured on respective target
Bioactivity,BA_001519,MEASURED_ON,Target,CHEMBL1287622,measured_on,Associated bioactivity was measured on respective target
Bioactivity,BA_001520,MEASURED_ON,Target,CHEMBL5027,measured_on,Associated bioactivity was measured on respective target
Bioactivity,BA_001521,MEASURED_ON,Target,CHEMBL2421,measured_on,Associated bioactivity was measured on respective target
Bioactivity,BA_001522,MEASURED_ON,Target,CHEMBL3305,measured_on,Associated bioactivity was measured on respective target
Bioactivity,BA_001523,MEASURED_ON,Target,CHEMBL1293232,measured_on,Associated bioactivity was measured on respective target
Bioactivity,BA_001524,MEASURED_ON,Target,CHEMBL1741193,measured_on,Associated bioactivity was measured on respective target
Bioactivity,BA_001525,MEASURED_ON,Target,CHEMBL1871,measured_on,Associated bioactivity was measured on respective target
Bioactivity,BA_001526,MEASURED_ON,Target,CHEMBL5027,measured_on,Associated bioactivity was measured on respective target
Bioactivity,BA_001527,MEASURED_ON,Target,CHEMBL2034,measured_on,Associated bioactivity was measured on respective target
Bioactivity,BA_001528,MEASURED_ON,Target,CHEMBL2034,measured_on,Associated bioactivity was measured on respective target
Bioactivity,BA_001529,MEASURED_ON,Target,CHEMBL2056,measured_on,Associated bioactivity was measured on respective target
Bioactivity,BA_001530,MEASURED_ON,Target,CHEMBL2362981,measured_on,Associated bioactivity was measured on respective target
Bioactivity,BA_001531,MEASURED_ON,Target,CHEMBL1075138,measured_on,Associated bioactivity was measured on respective target
Bioactivity,BA_001532,MEASURED_ON,Target,CHEMBL2034,measured_on,Associated bioactivity was measured on respective target
Bioactivity,BA_001533,MEASURED_ON,Target,CHEMBL1741209,measured_on,Associated bioactivity was measured on respective target
Bioactivity,BA_001534,MEASURED_ON,Target,CHEMBL4377,measured_on,Associated bioactivity was measured on respective target
Bioactivity,BA_001535,MEASURED_ON,Target,CHEMBL1293278,measured_on,Associated bioactivity was measured on respective target
Bioactivity,BA_001536,MEASURED_ON,Target,CHEMBL1793,measured_on,Associated bioactivity was measured on respective target
Bioactivity,BA_001537,MEASURED_ON,Target,CHEMBL1978,measured_on,Associated bioactivity was measured on respective target
Bioactivity,BA_001538,MEASURED_ON,Target,CHEMBL6089,measured_on,Associated bioactivity was measured on respective target
Bioactivity,BA_001539,MEASURED_ON,Target,CHEMBL6089,measured_on,Associated bioactivity was measured on respective target
Bioactivity,BA_001540,MEASURED_ON,Target,CHEMBL6089,measured_on,Associated bioactivity was measured on respective target
Bioactivity,BA_001541,MEASURED_ON,Target,CHEMBL1293191,measured_on,Associated bioactivity was measured on respective target
Bioactivity,BA_001542,MEASURED_ON,Target,CHEMBL2362981,measured_on,Associated bioactivity was measured on respective target
Bioactivity,BA_001543,MEASURED_ON,Target,CHEMBL1795087,measured_on,Associated bioactivity was measured on respective target
Bioactivity,BA_001544,MEASURED_ON,Target,CHEMBL3622,measured_on,Associated bioactivity was measured on respective target
Bioactivity,BA_001545,MEASURED_ON,Target,CHEMBL4878,measured_on,Associated bioactivity was measured on respective target
Bioactivity,BA_001546,MEASURED_ON,Target,CHEMBL3251,measured_on,Associated bioactivity was measured on respective target
Bioactivity,BA_001547,MEASURED_ON,Target,CHEMBL5282,measured_on,Associated bioactivity was measured on respective target
Bioactivity,BA_001548,MEASURED_ON,Target,CHEMBL1741193,measured_on,Associated bioactivity was measured on respective target
Bioactivity,BA_001549,MEASURED_ON,Target,CHEMBL220,measured_on,Associated bioactivity was measured on respective target
Bioactivity,BA_001550,MEASURED_ON,Target,CHEMBL1947,measured_on,Associated bioactivity was measured on respective target
Bioactivity,BA_001551,MEASURED_ON,Target,CHEMBL3577,measured_on,Associated bioactivity was measured on respective target
Bioactivity,BA_001552,MEASURED_ON,Target,CHEMBL2362981,measured_on,Associated bioactivity was measured on respective target
Bioactivity,BA_001553,MEASURED_ON,Target,CHEMBL3594,measured_on,Associated bioactivity was measured on respective target
Bioactivity,BA_001554,MEASURED_ON,Target,CHEMBL3594,measured_on,Associated bioactivity was measured on respective target
Bioactivity,BA_001555,MEASURED_ON,Target,CHEMBL3242,measured_on,Associated bioactivity was measured on respective target
Bioactivity,BA_001556,MEASURED_ON,Target,CHEMBL3594,measured_on,Associated bioactivity was measured on respective target
Bioactivity,BA_001557,MEASURED_ON,Target,CHEMBL3242,measured_on,Associated bioactivity was measured on respective target
Bioactivity,BA_001558,MEASURED_ON,Target,CHEMBL3594,measured_on,Associated bioactivity was measured on respective target
Bioactivity,BA_001559,MEASURED_ON,Target,CHEMBL3242,measured_on,Associated bioactivity was measured on respective target
Bioactivity,BA_001560,MEASURED_ON,Target,CHEMBL4361,measured_on,Associated bioactivity was measured on respective target
Bioactivity,BA_001561,MEASURED_ON,Target,CHEMBL3714079,measured_on,Associated bioactivity was measured on respective target
Bioactivity,BA_001562,MEASURED_ON,Target,CHEMBL3714079,measured_on,Associated bioactivity was measured on respective target
Bioactivity,BA_001563,MEASURED_ON,Target,CHEMBL3714079,measured_on,Associated bioactivity was measured on respective target
Bioactivity,BA_001564,MEASURED_ON,Target,CHEMBL3714079,measured_on,Associated bioactivity was measured on respective target
Bioactivity,BA_001565,MEASURED_ON,Target,CHEMBL3714079,measured_on,Associated bioactivity was measured on respective target
Bioactivity,BA_001566,MEASURED_ON,Target,CHEMBL1293294,measured_on,Associated bioactivity was measured on respective target
Bioactivity,BA_001567,MEASURED_ON,Target,CHEMBL1293277,measured_on,Associated bioactivity was measured on respective target
Bioactivity,BA_001568,MEASURED_ON,Target,CHEMBL2326,measured_on,Associated bioactivity was measured on respective target
Bioactivity,BA_001569,MEASURED_ON,Target,CHEMBL3912,measured_on,Associated bioactivity was measured on respective target
Bioactivity,BA_001570,MEASURED_ON,Target,CHEMBL3594,measured_on,Associated bioactivity was measured on respective target
Bioactivity,BA_001571,MEASURED_ON,Target,CHEMBL1075138,measured_on,Associated bioactivity was measured on respective target
Bioactivity,BA_001572,MEASURED_ON,Target,CHEMBL6152,measured_on,Associated bioactivity was measured on respective target
Bioactivity,BA_001573,MEASURED_ON,Target,CHEMBL1293278,measured_on,Associated bioactivity was measured on respective target
Bioactivity,BA_001574,MEASURED_ON,Target,CHEMBL1741209,measured_on,Associated bioactivity was measured on respective target
Bioactivity,BA_001575,MEASURED_ON,Target,CHEMBL6136,measured_on,Associated bioactivity was measured on respective target
Bioactivity,BA_001576,MEASURED_ON,Target,CHEMBL340,measured_on,Associated bioactivity was measured on respective target
Bioactivity,BA_001577,MEASURED_ON,Target,CHEMBL1293232,measured_on,Associated bioactivity was measured on respective target
Bioactivity,BA_001578,MEASURED_ON,Target,CHEMBL6136,measured_on,Associated bioactivity was measured on respective target
Bioactivity,BA_001579,MEASURED_ON,Target,CHEMBL1250411,measured_on,Associated bioactivity was measured on respective target
Bioactivity,BA_001580,MEASURED_ON,Target,CHEMBL1293317,measured_on,Associated bioactivity was measured on respective target
Bioactivity,BA_001581,MEASURED_ON,Target,CHEMBL1293235,measured_on,Associated bioactivity was measured on respective target
Bioactivity,BA_001582,MEASURED_ON,Target,CHEMBL220,measured_on,Associated bioactivity was measured on respective target
Bioactivity,BA_001583,MEASURED_ON,Target,CHEMBL3784,measured_on,Associated bioactivity was measured on respective target
Bioactivity,BA_001584,MEASURED_ON,Target,CHEMBL4878,measured_on,Associated bioactivity was measured on respective target
Bioactivity,BA_001585,MEASURED_ON,Target,CHEMBL4377,measured_on,Associated bioactivity was measured on respective target
Bioactivity,BA_001586,MEASURED_ON,Target,CHEMBL4081,measured_on,Associated bioactivity was measured on respective target
Bioactivity,BA_001587,MEASURED_ON,Target,CHEMBL5465263,measured_on,Associated bioactivity was measured on respective target
Bioactivity,BA_001588,MEASURED_ON,Target,CHEMBL5465263,measured_on,Associated bioactivity was measured on respective target
Bioactivity,BA_001589,MEASURED_ON,Target,CHEMBL1741186,measured_on,Associated bioactivity was measured on respective target
Bioactivity,BA_001590,MEASURED_ON,Target,CHEMBL1741186,measured_on,Associated bioactivity was measured on respective target
Bioactivity,BA_001591,MEASURED_ON,Target,CHEMBL5461,measured_on,Associated bioactivity was measured on respective target
Bioactivity,BA_001592,MEASURED_ON,Target,CHEMBL1293232,measured_on,Associated bioactivity was measured on respective target
Bioactivity,BA_001593,MEASURED_ON,Target,CHEMBL1795091,measured_on,Associated bioactivity was measured on respective target
Bioactivity,BA_001594,MEASURED_ON,Target,CHEMBL1293317,measured_on,Associated bioactivity was measured on respective target
Bioactivity,BA_001595,MEASURED_ON,Target,CHEMBL2029197,measured_on,Associated bioactivity was measured on respective target
Bioactivity,BA_001596,MEASURED_ON,Target,CHEMBL1293237,measured_on,Associated bioactivity was measured on respective target
Bioactivity,BA_001597,MEASURED_ON,Target,CHEMBL6032,measured_on,Associated bioactivity was measured on respective target
Bioactivity,BA_001598,MEASURED_ON,Target,CHEMBL2035,measured_on,Associated bioactivity was measured on respective target
Bioactivity,BA_001599,MEASURED_ON,Target,CHEMBL2035,measured_on,Associated bioactivity was measured on respective target
Bioactivity,BA_001600,MEASURED_ON,Target,CHEMBL245,measured_on,Associated bioactivity was measured on respective target
Bioactivity,BA_001601,MEASURED_ON,Target,CHEMBL216,measured_on,Associated bioactivity was measured on respective target
Bioactivity,BA_001602,MEASURED_ON,Target,CHEMBL2035,measured_on,Associated bioactivity was measured on respective target
Bioactivity,BA_001603,MEASURED_ON,Target,CHEMBL245,measured_on,Associated bioactivity was measured on respective target
Bioactivity,BA_001604,MEASURED_ON,Target,CHEMBL216,measured_on,Associated bioactivity was measured on respective target
Bioactivity,BA_001605,MEASURED_ON,Target,CHEMBL211,measured_on,Associated bioactivity was measured on respective target
Bioactivity,BA_001606,MEASURED_ON,Target,CHEMBL211,measured_on,Associated bioactivity was measured on respective target
Bioactivity,BA_001607,MEASURED_ON,Target,CHEMBL211,measured_on,Associated bioactivity was measured on respective target
Bioactivity,BA_001608,MEASURED_ON,Target,CHEMBL211,measured_on,Associated bioactivity was measured on respective target
Bioactivity,BA_001609,MEASURED_ON,Target,CHEMBL211,measured_on,Associated bioactivity was measured on respective target
Bioactivity,BA_001610,MEASURED_ON,Target,CHEMBL2035,measured_on,Associated bioactivity was measured on respective target
Bioactivity,BA_001611,MEASURED_ON,Target,CHEMBL2508,measured_on,Associated bioactivity was measured on respective target
Bioactivity,BA_001612,MEASURED_ON,Target,CHEMBL1978,measured_on,Associated bioactivity was measured on respective target
Bioactivity,BA_001613,MEASURED_ON,Target,CHEMBL1900,measured_on,Associated bioactivity was measured on respective target
Bioactivity,BA_001614,MEASURED_ON,Target,CHEMBL1929,measured_on,Associated bioactivity was measured on respective target
Bioactivity,BA_001615,MEASURED_ON,Target,CHEMBL5586,measured_on,Associated bioactivity was measured on respective target
Bioactivity,BA_001616,MEASURED_ON,Target,CHEMBL5586,measured_on,Associated bioactivity was measured on respective target
Bioactivity,BA_001617,MEASURED_ON,Target,CHEMBL1978,measured_on,Associated bioactivity was measured on respective target
Bioactivity,BA_001618,MEASURED_ON,Target,CHEMBL2231,measured_on,Associated bioactivity was measured on respective target
Bioactivity,BA_001619,MEASURED_ON,Target,CHEMBL3356,measured_on,Associated bioactivity was measured on respective target
Bioactivity,BA_001620,MEASURED_ON,Target,CHEMBL4878,measured_on,Associated bioactivity was measured on respective target
Bioactivity,BA_001621,MEASURED_ON,Target,CHEMBL3397,measured_on,Associated bioactivity was measured on respective target
Bioactivity,BA_001622,MEASURED_ON,Target,CHEMBL3356,measured_on,Associated bioactivity was measured on respective target
Bioactivity,BA_001623,MEASURED_ON,Target,CHEMBL1293232,measured_on,Associated bioactivity was measured on respective target
Bioactivity,BA_001624,MEASURED_ON,Target,CHEMBL3622,measured_on,Associated bioactivity was measured on respective target
Bioactivity,BA_001625,MEASURED_ON,Target,CHEMBL1293224,measured_on,Associated bioactivity was measured on respective target
Bioactivity,BA_001626,MEASURED_ON,Target,CHEMBL4261,measured_on,Associated bioactivity was measured on respective target
Bioactivity,BA_001627,MEASURED_ON,Target,CHEMBL3577,measured_on,Associated bioactivity was measured on respective target
Bioactivity,BA_001628,MEASURED_ON,Target,CHEMBL1293255,measured_on,Associated bioactivity was measured on respective target
Bioactivity,BA_001629,MEASURED_ON,Target,CHEMBL340,measured_on,Associated bioactivity was measured on respective target
Bioactivity,BA_001630,MEASURED_ON,Target,CHEMBL1900,measured_on,Associated bioactivity was measured on respective target
Bioactivity,BA_001631,MEASURED_ON,Target,CHEMBL5393,measured_on,Associated bioactivity was measured on respective target
Bioactivity,BA_001632,MEASURED_ON,Target,CHEMBL5393,measured_on,Associated bioactivity was measured on respective target
Bioactivity,BA_001633,MEASURED_ON,Target,CHEMBL2231,measured_on,Associated bioactivity was measured on respective target
Bioactivity,BA_001634,MEASURED_ON,Target,CHEMBL4878,measured_on,Associated bioactivity was measured on respective target
Bioactivity,BA_001635,MEASURED_ON,Target,CHEMBL4302,measured_on,Associated bioactivity was measured on respective target
Bioactivity,BA_001636,MEASURED_ON,Target,CHEMBL1978,measured_on,Associated bioactivity was measured on respective target
Bioactivity,BA_001637,MEASURED_ON,Target,CHEMBL261,measured_on,Associated bioactivity was measured on respective target
Bioactivity,BA_001638,MEASURED_ON,Target,CHEMBL261,measured_on,Associated bioactivity was measured on respective target
Bioactivity,BA_001639,MEASURED_ON,Target,CHEMBL205,measured_on,Associated bioactivity was measured on respective target
Bioactivity,BA_001640,MEASURED_ON,Target,CHEMBL205,measured_on,Associated bioactivity was measured on respective target
Bioactivity,BA_001641,MEASURED_ON,Target,CHEMBL3594,measured_on,Associated bioactivity was measured on respective target
Bioactivity,BA_001642,MEASURED_ON,Target,CHEMBL3594,measured_on,Associated bioactivity was measured on respective target
Bioactivity,BA_001643,MEASURED_ON,Target,CHEMBL3242,measured_on,Associated bioactivity was measured on respective target
Bioactivity,BA_001644,MEASURED_ON,Target,CHEMBL3242,measured_on,Associated bioactivity was measured on respective target
Bioactivity,BA_001645,MEASURED_ON,Target,CHEMBL3356,measured_on,Associated bioactivity was measured on respective target
Bioactivity,BA_001646,MEASURED_ON,Target,CHEMBL2231,measured_on,Associated bioactivity was measured on respective target
Bioactivity,BA_001647,MEASURED_ON,Target,CHEMBL1075138,measured_on,Associated bioactivity was measured on respective target
Bioactivity,BA_001648,MEASURED_ON,Target,CHEMBL1978,measured_on,Associated bioactivity was measured on respective target
Bioactivity,BA_001649,MEASURED_ON,Target,CHEMBL1793,measured_on,Associated bioactivity was measured on respective target
Bioactivity,BA_001650,MEASURED_ON,Target,CHEMBL1978,measured_on,Associated bioactivity was measured on respective target
Bioactivity,BA_001651,MEASURED_ON,Target,CHEMBL3729,measured_on,Associated bioactivity was measured on respective target
Bioactivity,BA_001652,MEASURED_ON,Target,CHEMBL2326,measured_on,Associated bioactivity was measured on respective target
Bioactivity,BA_001653,MEASURED_ON,Target,CHEMBL3242,measured_on,Associated bioactivity was measured on respective target
Bioactivity,BA_001654,MEASURED_ON,Target,CHEMBL3356,measured_on,Associated bioactivity was measured on respective target
Bioactivity,BA_001655,MEASURED_ON,Target,CHEMBL4878,measured_on,Associated bioactivity was measured on respective target
Bioactivity,BA_001656,MEASURED_ON,Target,CHEMBL4662,measured_on,Associated bioactivity was measured on respective target
Bioactivity,BA_001657,MEASURED_ON,Target,CHEMBL4662,measured_on,Associated bioactivity was measured on respective target
Bioactivity,BA_001658,MEASURED_ON,Target,CHEMBL1865,measured_on,Associated bioactivity was measured on respective target
Bioactivity,BA_001659,MEASURED_ON,Target,CHEMBL235,measured_on,Associated bioactivity was measured on respective target
Bioactivity,BA_001660,MEASURED_ON,Target,CHEMBL1978,measured_on,Associated bioactivity was measured on respective target
Bioactivity,BA_001661,MEASURED_ON,Target,CHEMBL1978,measured_on,Associated bioactivity was measured on respective target
Bioactivity,BA_001662,MEASURED_ON,Target,CHEMBL1929,measured_on,Associated bioactivity was measured on respective target
Bioactivity,BA_001663,MEASURED_ON,Target,CHEMBL5983,measured_on,Associated bioactivity was measured on respective target
Bioactivity,BA_001664,MEASURED_ON,Target,CHEMBL1900,measured_on,Associated bioactivity was measured on respective target
Bioactivity,BA_001665,MEASURED_ON,Target,CHEMBL2331065,measured_on,Associated bioactivity was measured on respective target
Bioactivity,BA_001666,MEASURED_ON,Target,CHEMBL1978,measured_on,Associated bioactivity was measured on respective target
Bioactivity,BA_001667,MEASURED_ON,Target,CHEMBL1978,measured_on,Associated bioactivity was measured on respective target
Bioactivity,BA_001668,MEASURED_ON,Target,CHEMBL1978,measured_on,Associated bioactivity was measured on respective target
Bioactivity,BA_001669,MEASURED_ON,Target,CHEMBL242,measured_on,Associated bioactivity was measured on respective target
Bioactivity,BA_001670,MEASURED_ON,Target,CHEMBL3305,measured_on,Associated bioactivity was measured on respective target
Bioactivity,BA_001671,MEASURED_ON,Target,CHEMBL5586,measured_on,Associated bioactivity was measured on respective target
Bioactivity,BA_001672,MEASURED_ON,Target,CHEMBL3181,measured_on,Associated bioactivity was measured on respective target
Bioactivity,BA_001673,MEASURED_ON,Target,CHEMBL1978,measured_on,Associated bioactivity was measured on respective target
Bioactivity,BA_001674,MEASURED_ON,Target,CHEMBL4878,measured_on,Associated bioactivity was measured on respective target
Bioactivity,BA_001675,MEASURED_ON,Target,CHEMBL1978,measured_on,Associated bioactivity was measured on respective target
Bioactivity,BA_001676,MEASURED_ON,Target,CHEMBL1978,measured_on,Associated bioactivity was measured on respective target
Bioactivity,BA_001677,MEASURED_ON,Target,CHEMBL1978,measured_on,Associated bioactivity was measured on respective target
Bioactivity,BA_001678,MEASURED_ON,Target,CHEMBL3729,measured_on,Associated bioactivity was measured on respective target
Bioactivity,BA_001679,MEASURED_ON,Target,CHEMBL3242,measured_on,Associated bioactivity was measured on respective target
Bioactivity,BA_001680,MEASURED_ON,Target,CHEMBL1978,measured_on,Associated bioactivity was measured on respective target
Bioactivity,BA_001681,MEASURED_ON,Target,CHEMBL1978,measured_on,Associated bioactivity was measured on respective target
Bioactivity,BA_001682,MEASURED_ON,Target,CHEMBL284,measured_on,Associated bioactivity was measured on respective target
Bioactivity,BA_001683,MEASURED_ON,Target,CHEMBL3194,measured_on,Associated bioactivity was measured on respective target
Bioactivity,BA_001684,MEASURED_ON,Target,CHEMBL1978,measured_on,Associated bioactivity was measured on respective target
Bioactivity,BA_001685,MEASURED_ON,Target,CHEMBL3621022,measured_on,Associated bioactivity was measured on respective target
Bioactivity,BA_001686,MEASURED_ON,Target,CHEMBL2007625,measured_on,Associated bioactivity was measured on respective target
Bioactivity,BA_001687,MEASURED_ON,Target,CHEMBL5857,measured_on,Associated bioactivity was measured on respective target
Bioactivity,BA_001688,MEASURED_ON,Target,CHEMBL6032,measured_on,Associated bioactivity was measured on respective target
Bioactivity,BA_001689,MEASURED_ON,Target,CHEMBL1795091,measured_on,Associated bioactivity was measured on respective target
Bioactivity,BA_001690,MEASURED_ON,Target,CHEMBL1795091,measured_on,Associated bioactivity was measured on respective target
Bioactivity,BA_001691,MEASURED_ON,Target,CHEMBL2146302,measured_on,Associated bioactivity was measured on respective target
Bioactivity,BA_001692,MEASURED_ON,Target,CHEMBL2056,measured_on,Associated bioactivity was measured on respective target
Bioactivity,BA_001693,MEASURED_ON,Target,CHEMBL5857,measured_on,Associated bioactivity was measured on respective target
Bioactivity,BA_001694,MEASURED_ON,Target,CHEMBL5857,measured_on,Associated bioactivity was measured on respective target
Bioactivity,BA_001695,MEASURED_ON,Target,CHEMBL5857,measured_on,Associated bioactivity was measured on respective target
Bioactivity,BA_001696,MEASURED_ON,Target,CHEMBL5857,measured_on,Associated bioactivity was measured on respective target
Bioactivity,BA_001697,MEASURED_ON,Target,CHEMBL5857,measured_on,Associated bioactivity was measured on respective target
Bioactivity,BA_001698,MEASURED_ON,Target,CHEMBL5393,measured_on,Associated bioactivity was measured on respective target
Bioactivity,BA_001699,MEASURED_ON,Target,CHEMBL5393,measured_on,Associated bioactivity was measured on respective target
Bioactivity,BA_001700,MEASURED_ON,Target,CHEMBL2231,measured_on,Associated bioactivity was measured on respective target
Bioactivity,BA_001701,MEASURED_ON,Target,CHEMBL4878,measured_on,Associated bioactivity was measured on respective target
Bioactivity,BA_001702,MEASURED_ON,Target,CHEMBL3356,measured_on,Associated bioactivity was measured on respective target
Bioactivity,BA_001703,MEASURED_ON,Target,CHEMBL4377,measured_on,Associated bioactivity was measured on respective target
Bioactivity,BA_001704,MEASURED_ON,Target,CHEMBL1978,measured_on,Associated bioactivity was measured on respective target
Bioactivity,BA_001705,MEASURED_ON,Target,CHEMBL1741217,measured_on,Associated bioactivity was measured on respective target
Bioactivity,BA_001706,MEASURED_ON,Target,CHEMBL5619,measured_on,Associated bioactivity was measured on respective target
Bioactivity,BA_001707,MEASURED_ON,Target,CHEMBL4159,measured_on,Associated bioactivity was measured on respective target
Bioactivity,BA_001708,MEASURED_ON,Target,CHEMBL5896,measured_on,Associated bioactivity was measured on respective target
Bioactivity,BA_001709,MEASURED_ON,Target,CHEMBL5027,measured_on,Associated bioactivity was measured on respective target
Bioactivity,BA_001710,MEASURED_ON,Target,CHEMBL5365,measured_on,Associated bioactivity was measured on respective target
Bioactivity,BA_001711,MEASURED_ON,Target,CHEMBL3912,measured_on,Associated bioactivity was measured on respective target
Bioactivity,BA_001712,MEASURED_ON,Target,CHEMBL3242,measured_on,Associated bioactivity was measured on respective target
Bioactivity,BA_001713,MEASURED_ON,Target,CHEMBL261,measured_on,Associated bioactivity was measured on respective target
Bioactivity,BA_001714,MEASURED_ON,Target,CHEMBL2326,measured_on,Associated bioactivity was measured on respective target
Bioactivity,BA_001715,MEASURED_ON,Target,CHEMBL3594,measured_on,Associated bioactivity was measured on respective target
Bioactivity,BA_001716,MEASURED_ON,Target,CHEMBL5619,measured_on,Associated bioactivity was measured on respective target
Bioactivity,BA_001717,MEASURED_ON,Target,CHEMBL4361,measured_on,Associated bioactivity was measured on respective target
Bioactivity,BA_001718,MEASURED_ON,Target,CHEMBL1287622,measured_on,Associated bioactivity was measured on respective target
Bioactivity,BA_001719,MEASURED_ON,Target,CHEMBL5391,measured_on,Associated bioactivity was measured on respective target
Bioactivity,BA_001720,MEASURED_ON,Target,CHEMBL5542,measured_on,Associated bioactivity was measured on respective target
Bioactivity,BA_001721,MEASURED_ON,Target,CHEMBL5365,measured_on,Associated bioactivity was measured on respective target
Bioactivity,BA_001722,MEASURED_ON,Target,CHEMBL5990,measured_on,Associated bioactivity was measured on respective target
Bioactivity,BA_001723,MEASURED_ON,Target,CHEMBL5880,measured_on,Associated bioactivity was measured on respective target
Bioactivity,BA_001724,MEASURED_ON,Target,CHEMBL1825,measured_on,Associated bioactivity was measured on respective target
Bioactivity,BA_001725,MEASURED_ON,Target,CHEMBL215,measured_on,Associated bioactivity was measured on respective target
Bioactivity,BA_001726,MEASURED_ON,Target,CHEMBL5586,measured_on,Associated bioactivity was measured on respective target
Bioactivity,BA_001727,MEASURED_ON,Target,CHEMBL5586,measured_on,Associated bioactivity was measured on respective target
Bioactivity,BA_001728,MEASURED_ON,Target,CHEMBL5619,measured_on,Associated bioactivity was measured on respective target
Bioactivity,BA_001729,MEASURED_ON,Target,CHEMBL1075138,measured_on,Associated bioactivity was measured on respective target
Bioactivity,BA_001730,MEASURED_ON,Target,CHEMBL1293236,measured_on,Associated bioactivity was measured on respective target
Bioactivity,BA_001731,MEASURED_ON,Target,CHEMBL1293236,measured_on,Associated bioactivity was measured on respective target
Bioactivity,BA_001732,MEASURED_ON,Target,CHEMBL5365,measured_on,Associated bioactivity was measured on respective target
Bioactivity,BA_001733,MEASURED_ON,Target,CHEMBL1781865,measured_on,Associated bioactivity was measured on respective target
Bioactivity,BA_001734,MEASURED_ON,Target,CHEMBL2189117,measured_on,Associated bioactivity was measured on respective target
Bioactivity,BA_001735,MEASURED_ON,Target,CHEMBL5347,measured_on,Associated bioactivity was measured on respective target
Bioactivity,BA_001736,MEASURED_ON,Target,CHEMBL5347,measured_on,Associated bioactivity was measured on respective target
Bioactivity,BA_001737,MEASURED_ON,Target,CHEMBL5347,measured_on,Associated bioactivity was measured on respective target
Bioactivity,BA_001738,MEASURED_ON,Target,CHEMBL5347,measured_on,Associated bioactivity was measured on respective target
Bioactivity,BA_001739,MEASURED_ON,Target,CHEMBL5347,measured_on,Associated bioactivity was measured on respective target
Bioactivity,BA_001740,MEASURED_ON,Target,CHEMBL5347,measured_on,Associated bioactivity was measured on respective target
Bioactivity,BA_001741,MEASURED_ON,Target,CHEMBL2189117,measured_on,Associated bioactivity was measured on respective target
Bioactivity,BA_001742,MEASURED_ON,Target,CHEMBL284,measured_on,Associated bioactivity was measured on respective target
Bioactivity,BA_001743,MEASURED_ON,Target,CHEMBL4081,measured_on,Associated bioactivity was measured on respective target
Bioactivity,BA_001744,MEASURED_ON,Target,CHEMBL3068,measured_on,Associated bioactivity was measured on respective target
Bioactivity,BA_001745,MEASURED_ON,Target,CHEMBL2492,measured_on,Associated bioactivity was measured on respective target
Bioactivity,BA_001746,MEASURED_ON,Target,CHEMBL2492,measured_on,Associated bioactivity was measured on respective target
Bioactivity,BA_001747,MEASURED_ON,Target,CHEMBL5282,measured_on,Associated bioactivity was measured on respective target
Bioactivity,BA_001748,MEASURED_ON,Target,CHEMBL2492,measured_on,Associated bioactivity was measured on respective target
Bioactivity,BA_001749,MEASURED_ON,Target,CHEMBL2492,measured_on,Associated bioactivity was measured on respective target
Bioactivity,BA_001750,MEASURED_ON,Target,CHEMBL2492,measured_on,Associated bioactivity was measured on respective target
Bioactivity,BA_001751,MEASURED_ON,Target,CHEMBL2492,measured_on,Associated bioactivity was measured on respective target
Bioactivity,BA_001752,MEASURED_ON,Target,CHEMBL2492,measured_on,Associated bioactivity was measured on respective target
Bioactivity,BA_001753,MEASURED_ON,Target,CHEMBL2492,measured_on,Associated bioactivity was measured on respective target
Bioactivity,BA_001754,MEASURED_ON,Target,CHEMBL2492,measured_on,Associated bioactivity was measured on respective target
Bioactivity,BA_001755,MEASURED_ON,Target,CHEMBL2056,measured_on,Associated bioactivity was measured on respective target
Bioactivity,BA_001756,MEASURED_ON,Target,CHEMBL1795091,measured_on,Associated bioactivity was measured on respective target
Bioactivity,BA_001757,MEASURED_ON,Target,CHEMBL1795091,measured_on,Associated bioactivity was measured on respective target
Bioactivity,BA_001758,MEASURED_ON,Target,CHEMBL1795091,measured_on,Associated bioactivity was measured on respective target
Bioactivity,BA_001759,MEASURED_ON,Target,CHEMBL1293258,measured_on,Associated bioactivity was measured on respective target
Bioactivity,BA_001760,MEASURED_ON,Target,CHEMBL1293258,measured_on,Associated bioactivity was measured on respective target
Bioactivity,BA_001761,MEASURED_ON,Target,CHEMBL1293278,measured_on,Associated bioactivity was measured on respective target
Bioactivity,BA_001762,MEASURED_ON,Target,CHEMBL1293278,measured_on,Associated bioactivity was measured on respective target
Bioactivity,BA_001763,MEASURED_ON,Target,CHEMBL2492,measured_on,Associated bioactivity was measured on respective target
Bioactivity,BA_001764,MEASURED_ON,Target,CHEMBL3068,measured_on,Associated bioactivity was measured on respective target
Bioactivity,BA_001765,MEASURED_ON,Target,CHEMBL236,measured_on,Associated bioactivity was measured on respective target
Bioactivity,BA_001766,MEASURED_ON,Target,CHEMBL244,measured_on,Associated bioactivity was measured on respective target
Bioactivity,BA_001767,MEASURED_ON,Target,CHEMBL244,measured_on,Associated bioactivity was measured on respective target
Bioactivity,BA_001768,MEASURED_ON,Target,CHEMBL4296326,measured_on,Associated bioactivity was measured on respective target
Bioactivity,BA_001769,MEASURED_ON,Target,CHEMBL4822,measured_on,Associated bioactivity was measured on respective target
Bioactivity,BA_001770,MEASURED_ON,Target,CHEMBL4822,measured_on,Associated bioactivity was measured on respective target
Bioactivity,BA_001771,MEASURED_ON,Target,CHEMBL2478,measured_on,Associated bioactivity was measured on respective target
Bioactivity,BA_001772,MEASURED_ON,Target,CHEMBL2478,measured_on,Associated bioactivity was measured on respective target
Bioactivity,BA_001773,MEASURED_ON,Target,CHEMBL4296326,measured_on,Associated bioactivity was measured on respective target
Bioactivity,BA_001774,MEASURED_ON,Target,CHEMBL2252,measured_on,Associated bioactivity was measured on respective target
Bioactivity,BA_001775,MEASURED_ON,Target,CHEMBL2252,measured_on,Associated bioactivity was measured on respective target
Bioactivity,BA_001776,MEASURED_ON,Target,CHEMBL299,measured_on,Associated bioactivity was measured on respective target
Bioactivity,BA_001777,MEASURED_ON,Target,CHEMBL5619,measured_on,Associated bioactivity was measured on respective target
Bioactivity,BA_001778,MEASURED_ON,Target,CHEMBL1075138,measured_on,Associated bioactivity was measured on respective target
Bioactivity,BA_001779,MEASURED_ON,Target,CHEMBL1293255,measured_on,Associated bioactivity was measured on respective target
Bioactivity,BA_001780,MEASURED_ON,Target,CHEMBL1293236,measured_on,Associated bioactivity was measured on respective target
Bioactivity,BA_001781,MEASURED_ON,Target,CHEMBL1784,measured_on,Associated bioactivity was measured on respective target
Bioactivity,BA_001782,MEASURED_ON,Target,CHEMBL4878,measured_on,Associated bioactivity was measured on respective target
Bioactivity,BA_001783,MEASURED_ON,Target,CHEMBL1293278,measured_on,Associated bioactivity was measured on respective target
Bioactivity,BA_001784,MEASURED_ON,Target,CHEMBL1293191,measured_on,Associated bioactivity was measured on respective target
Bioactivity,BA_001785,MEASURED_ON,Target,CHEMBL335,measured_on,Associated bioactivity was measured on respective target
Bioactivity,BA_001786,MEASURED_ON,Target,CHEMBL2035,measured_on,Associated bioactivity was measured on respective target
Bioactivity,BA_001787,MEASURED_ON,Target,CHEMBL2492,measured_on,Associated bioactivity was measured on respective target
Bioactivity,BA_001788,MEASURED_ON,Target,CHEMBL2492,measured_on,Associated bioactivity was measured on respective target
Bioactivity,BA_001789,MEASURED_ON,Target,CHEMBL211,measured_on,Associated bioactivity was measured on respective target
Bioactivity,BA_001790,MEASURED_ON,Target,CHEMBL245,measured_on,Associated bioactivity was measured on respective target
Bioactivity,BA_001791,MEASURED_ON,Target,CHEMBL1821,measured_on,Associated bioactivity was measured on respective target
Bioactivity,BA_001792,MEASURED_ON,Target,CHEMBL2035,measured_on,Associated bioactivity was measured on respective target
Bioactivity,BA_001793,MEASURED_ON,Target,CHEMBL211,measured_on,Associated bioactivity was measured on respective target
Bioactivity,BA_001794,MEASURED_ON,Target,CHEMBL245,measured_on,Associated bioactivity was measured on respective target
Bioactivity,BA_001795,MEASURED_ON,Target,CHEMBL1821,measured_on,Associated bioactivity was measured on respective target
Bioactivity,BA_001796,MEASURED_ON,Target,CHEMBL2035,measured_on,Associated bioactivity was measured on respective target
Bioactivity,BA_001797,MEASURED_ON,Target,CHEMBL216,measured_on,Associated bioactivity was measured on respective target
Bioactivity,BA_001798,MEASURED_ON,Target,CHEMBL2492,measured_on,Associated bioactivity was measured on respective target
Bioactivity,BA_001799,MEASURED_ON,Target,CHEMBL2492,measured_on,Associated bioactivity was measured on respective target
Bioactivity,BA_001800,MEASURED_ON,Target,CHEMBL216,measured_on,Associated bioactivity was measured on respective target
Bioactivity,BA_001801,MEASURED_ON,Target,CHEMBL216,measured_on,Associated bioactivity was measured on respective target
Bioactivity,BA_001802,MEASURED_ON,Target,CHEMBL211,measured_on,Associated bioactivity was measured on respective target
Bioactivity,BA_001803,MEASURED_ON,Target,CHEMBL245,measured_on,Associated bioactivity was measured on respective target
Bioactivity,BA_001804,MEASURED_ON,Target,CHEMBL1821,measured_on,Associated bioactivity was measured on respective target
Bioactivity,BA_001805,MEASURED_ON,Target,CHEMBL2035,measured_on,Associated bioactivity was measured on respective target
Bioactivity,BA_001806,MEASURED_ON,Target,CHEMBL216,measured_on,Associated bioactivity was measured on respective target
Bioactivity,BA_001807,MEASURED_ON,Target,CHEMBL211,measured_on,Associated bioactivity was measured on respective target
Bioactivity,BA_001808,MEASURED_ON,Target,CHEMBL245,measured_on,Associated bioactivity was measured on respective target
Bioactivity,BA_001809,MEASURED_ON,Target,CHEMBL211,measured_on,Associated bioactivity was measured on respective target
Bioactivity,BA_001810,MEASURED_ON,Target,CHEMBL211,measured_on,Associated bioactivity was measured on respective target
Bioactivity,BA_001811,MEASURED_ON,Target,CHEMBL211,measured_on,Associated bioactivity was measured on respective target
Bioactivity,BA_001812,MEASURED_ON,Target,CHEMBL245,measured_on,Associated bioactivity was measured on respective target
Bioactivity,BA_001813,MEASURED_ON,Target,CHEMBL245,measured_on,Associated bioactivity was measured on respective target
Bioactivity,BA_001814,MEASURED_ON,Target,CHEMBL216,measured_on,Associated bioactivity was measured on respective target
Bioactivity,BA_001815,MEASURED_ON,Target,CHEMBL216,measured_on,Associated bioactivity was measured on respective target
Bioactivity,BA_001816,MEASURED_ON,Target,CHEMBL245,measured_on,Associated bioactivity was measured on respective target
Bioactivity,BA_001817,MEASURED_ON,Target,CHEMBL245,measured_on,Associated bioactivity was measured on respective target
Bioactivity,BA_001818,MEASURED_ON,Target,CHEMBL211,measured_on,Associated bioactivity was measured on respective target
Bioactivity,BA_001819,MEASURED_ON,Target,CHEMBL211,measured_on,Associated bioactivity was measured on respective target
Bioactivity,BA_001820,MEASURED_ON,Target,CHEMBL211,measured_on,Associated bioactivity was measured on respective target
Bioactivity,BA_001821,MEASURED_ON,Target,CHEMBL211,measured_on,Associated bioactivity was measured on respective target
Bioactivity,BA_001822,MEASURED_ON,Target,CHEMBL211,measured_on,Associated bioactivity was measured on respective target
Bioactivity,BA_001823,MEASURED_ON,Target,CHEMBL211,measured_on,Associated bioactivity was measured on respective target
Bioactivity,BA_001824,MEASURED_ON,Target,CHEMBL216,measured_on,Associated bioactivity was measured on respective target
Bioactivity,BA_001825,MEASURED_ON,Target,CHEMBL216,measured_on,Associated bioactivity was measured on respective target
Bioactivity,BA_001826,MEASURED_ON,Target,CHEMBL211,measured_on,Associated bioactivity was measured on respective target
Bioactivity,BA_001827,MEASURED_ON,Target,CHEMBL211,measured_on,Associated bioactivity was measured on respective target
Bioactivity,BA_001828,MEASURED_ON,Target,CHEMBL245,measured_on,Associated bioactivity was measured on respective target
Bioactivity,BA_001829,MEASURED_ON,Target,CHEMBL245,measured_on,Associated bioactivity was measured on respective target
Bioactivity,BA_001830,MEASURED_ON,Target,CHEMBL1821,measured_on,Associated bioactivity was measured on respective target
Bioactivity,BA_001831,MEASURED_ON,Target,CHEMBL1821,measured_on,Associated bioactivity was measured on respective target
Bioactivity,BA_001832,MEASURED_ON,Target,CHEMBL216,measured_on,Associated bioactivity was measured on respective target
Bioactivity,BA_001833,MEASURED_ON,Target,CHEMBL216,measured_on,Associated bioactivity was measured on respective target
Bioactivity,BA_001834,MEASURED_ON,Target,CHEMBL211,measured_on,Associated bioactivity was measured on respective target
Bioactivity,BA_001835,MEASURED_ON,Target,CHEMBL245,measured_on,Associated bioactivity was measured on respective target
Bioactivity,BA_001836,MEASURED_ON,Target,CHEMBL1821,measured_on,Associated bioactivity was measured on respective target
Bioactivity,BA_001837,MEASURED_ON,Target,CHEMBL2035,measured_on,Associated bioactivity was measured on respective target
Bioactivity,BA_001838,MEASURED_ON,Target,CHEMBL231,measured_on,Associated bioactivity was measured on respective target
Bioactivity,BA_001839,MEASURED_ON,Target,CHEMBL1941,measured_on,Associated bioactivity was measured on respective target
Bioactivity,BA_001840,MEASURED_ON,Target,CHEMBL264,measured_on,Associated bioactivity was measured on respective target
Bioactivity,BA_001841,MEASURED_ON,Target,CHEMBL3759,measured_on,Associated bioactivity was measured on respective target
Bioactivity,BA_001842,MEASURED_ON,Target,CHEMBL231,measured_on,Associated bioactivity was measured on respective target
Bioactivity,BA_001843,MEASURED_ON,Target,CHEMBL264,measured_on,Associated bioactivity was measured on respective target
Bioactivity,BA_001844,MEASURED_ON,Target,CHEMBL264,measured_on,Associated bioactivity was measured on respective target
Bioactivity,BA_001845,MEASURED_ON,Target,CHEMBL3759,measured_on,Associated bioactivity was measured on respective target
Bioactivity,BA_001846,MEASURED_ON,Target,CHEMBL3759,measured_on,Associated bioactivity was measured on respective target
Bioactivity,BA_001847,MEASURED_ON,Target,CHEMBL231,measured_on,Associated bioactivity was measured on respective target
Bioactivity,BA_001848,MEASURED_ON,Target,CHEMBL264,measured_on,Associated bioactivity was measured on respective target
Bioactivity,BA_001849,MEASURED_ON,Target,CHEMBL264,measured_on,Associated bioactivity was measured on respective target
Bioactivity,BA_001850,MEASURED_ON,Target,CHEMBL3759,measured_on,Associated bioactivity was measured on respective target
Bioactivity,BA_001851,MEASURED_ON,Target,CHEMBL3759,measured_on,Associated bioactivity was measured on respective target
Bioactivity,BA_001852,MEASURED_ON,Target,CHEMBL1941,measured_on,Associated bioactivity was measured on respective target
Bioactivity,BA_001853,MEASURED_ON,Target,CHEMBL231,measured_on,Associated bioactivity was measured on respective target
Bioactivity,BA_001854,MEASURED_ON,Target,CHEMBL264,measured_on,Associated bioactivity was measured on respective target
Bioactivity,BA_001855,MEASURED_ON,Target,CHEMBL3759,measured_on,Associated bioactivity was measured on respective target
Bioactivity,BA_001856,MEASURED_ON,Target,CHEMBL3759,measured_on,Associated bioactivity was measured on respective target
Bioactivity,BA_001857,MEASURED_ON,Target,CHEMBL3759,measured_on,Associated bioactivity was measured on respective target
Bioactivity,BA_001858,MEASURED_ON,Target,CHEMBL231,measured_on,Associated bioactivity was measured on respective target
Bioactivity,BA_001859,MEASURED_ON,Target,CHEMBL1941,measured_on,Associated bioactivity was measured on respective target
Bioactivity,BA_001860,MEASURED_ON,Target,CHEMBL264,measured_on,Associated bioactivity was measured on respective target
Bioactivity,BA_001861,MEASURED_ON,Target,CHEMBL3759,measured_on,Associated bioactivity was measured on respective target
Bioactivity,BA_001862,MEASURED_ON,Target,CHEMBL231,measured_on,Associated bioactivity was measured on respective target
Bioactivity,BA_001863,MEASURED_ON,Target,CHEMBL1941,measured_on,Associated bioactivity was measured on respective target
Bioactivity,BA_001864,MEASURED_ON,Target,CHEMBL264,measured_on,Associated bioactivity was measured on respective target
Bioactivity,BA_001865,MEASURED_ON,Target,CHEMBL3759,measured_on,Associated bioactivity was measured on respective target
Bioactivity,BA_001866,MEASURED_ON,Target,CHEMBL3759,measured_on,Associated bioactivity was measured on respective target
Bioactivity,BA_001867,MEASURED_ON,Target,CHEMBL3759,measured_on,Associated bioactivity was measured on respective target
Bioactivity,BA_001868,MEASURED_ON,Target,CHEMBL1941,measured_on,Associated bioactivity was measured on respective target
Bioactivity,BA_001869,MEASURED_ON,Target,CHEMBL264,measured_on,Associated bioactivity was measured on respective target
Bioactivity,BA_001870,MEASURED_ON,Target,CHEMBL3759,measured_on,Associated bioactivity was measured on respective target
Bioactivity,BA_001871,MEASURED_ON,Target,CHEMBL264,measured_on,Associated bioactivity was measured on respective target
Bioactivity,BA_001872,MEASURED_ON,Target,CHEMBL264,measured_on,Associated bioactivity was measured on respective target
Bioactivity,BA_001873,MEASURED_ON,Target,CHEMBL3759,measured_on,Associated bioactivity was measured on respective target
Bioactivity,BA_001874,MEASURED_ON,Target,CHEMBL1293235,measured_on,Associated bioactivity was measured on respective target
Bioactivity,BA_001875,MEASURED_ON,Target,CHEMBL231,measured_on,Associated bioactivity was measured on respective target
Bioactivity,BA_001876,MEASURED_ON,Target,CHEMBL3759,measured_on,Associated bioactivity was measured on respective target
Bioactivity,BA_001877,MEASURED_ON,Target,CHEMBL264,measured_on,Associated bioactivity was measured on respective target
Bioactivity,BA_001878,MEASURED_ON,Target,CHEMBL264,measured_on,Associated bioactivity was measured on respective target
Bioactivity,BA_001879,MEASURED_ON,Target,CHEMBL3759,measured_on,Associated bioactivity was measured on respective target
Bioactivity,BA_001880,MEASURED_ON,Target,CHEMBL3759,measured_on,Associated bioactivity was measured on respective target
Bioactivity,BA_001881,MEASURED_ON,Target,CHEMBL3759,measured_on,Associated bioactivity was measured on respective target
Bioactivity,BA_001882,MEASURED_ON,Target,CHEMBL264,measured_on,Associated bioactivity was measured on respective target
Bioactivity,BA_001883,MEASURED_ON,Target,CHEMBL3759,measured_on,Associated bioactivity was measured on respective target
Bioactivity,BA_001884,MEASURED_ON,Target,CHEMBL264,measured_on,Associated bioactivity was measured on respective target
Bioactivity,BA_001885,MEASURED_ON,Target,CHEMBL6032,measured_on,Associated bioactivity was measured on respective target
Bioactivity,BA_001886,MEASURED_ON,Target,CHEMBL264,measured_on,Associated bioactivity was measured on respective target
Bioactivity,BA_001887,MEASURED_ON,Target,CHEMBL3759,measured_on,Associated bioactivity was measured on respective target
Bioactivity,BA_001888,MEASURED_ON,Target,CHEMBL3759,measured_on,Associated bioactivity was measured on respective target
Bioactivity,BA_001889,MEASURED_ON,Target,CHEMBL3759,measured_on,Associated bioactivity was measured on respective target
Bioactivity,BA_001890,MEASURED_ON,Target,CHEMBL3759,measured_on,Associated bioactivity was measured on respective target
Bioactivity,BA_001891,MEASURED_ON,Target,CHEMBL3713095,measured_on,Associated bioactivity was measured on respective target
Bioactivity,BA_001892,MEASURED_ON,Target,CHEMBL3759,measured_on,Associated bioactivity was measured on respective target
Bioactivity,BA_001893,MEASURED_ON,Target,CHEMBL1941,measured_on,Associated bioactivity was measured on respective target
Bioactivity,BA_001894,MEASURED_ON,Target,CHEMBL231,measured_on,Associated bioactivity was measured on respective target
Bioactivity,BA_001895,MEASURED_ON,Target,CHEMBL3759,measured_on,Associated bioactivity was measured on respective target
Bioactivity,BA_001896,MEASURED_ON,Target,CHEMBL264,measured_on,Associated bioactivity was measured on respective target
Bioactivity,BA_001897,MEASURED_ON,Target,CHEMBL3759,measured_on,Associated bioactivity was measured on respective target
Bioactivity,BA_001898,MEASURED_ON,Target,CHEMBL264,measured_on,Associated bioactivity was measured on respective target
Bioactivity,BA_001899,MEASURED_ON,Target,CHEMBL3759,measured_on,Associated bioactivity was measured on respective target
Bioactivity,BA_001900,MEASURED_ON,Target,CHEMBL3759,measured_on,Associated bioactivity was measured on respective target
Bioactivity,BA_001901,MEASURED_ON,Target,CHEMBL264,measured_on,Associated bioactivity was measured on respective target
Bioactivity,BA_001902,MEASURED_ON,Target,CHEMBL3759,measured_on,Associated bioactivity was measured on respective target
Bioactivity,BA_001903,MEASURED_ON,Target,CHEMBL3759,measured_on,Associated bioactivity was measured on respective target
Bioactivity,BA_001904,MEASURED_ON,Target,CHEMBL3759,measured_on,Associated bioactivity was measured on respective target
Bioactivity,BA_001905,MEASURED_ON,Target,CHEMBL3759,measured_on,Associated bioactivity was measured on respective target
Bioactivity,BA_001906,MEASURED_ON,Target,CHEMBL3759,measured_on,Associated bioactivity was measured on respective target
Bioactivity,BA_001907,MEASURED_ON,Target,CHEMBL264,measured_on,Associated bioactivity was measured on respective target
Bioactivity,BA_001908,MEASURED_ON,Target,CHEMBL264,measured_on,Associated bioactivity was measured on respective target
Bioactivity,BA_001909,MEASURED_ON,Target,CHEMBL264,measured_on,Associated bioactivity was measured on respective target
Bioactivity,BA_001910,MEASURED_ON,Target,CHEMBL1941,measured_on,Associated bioactivity was measured on respective target
Bioactivity,BA_001911,MEASURED_ON,Target,CHEMBL1941,measured_on,Associated bioactivity was measured on respective target
Bioactivity,BA_001912,MEASURED_ON,Target,CHEMBL264,measured_on,Associated bioactivity was measured on respective target
Bioactivity,BA_001913,MEASURED_ON,Target,CHEMBL264,measured_on,Associated bioactivity was measured on respective target
Bioactivity,BA_001914,MEASURED_ON,Target,CHEMBL3759,measured_on,Associated bioactivity was measured on respective target
Bioactivity,BA_001915,MEASURED_ON,Target,CHEMBL264,measured_on,Associated bioactivity was measured on respective target
Bioactivity,BA_001916,MEASURED_ON,Target,CHEMBL231,measured_on,Associated bioactivity was measured on respective target
Bioactivity,BA_001917,MEASURED_ON,Target,CHEMBL1941,measured_on,Associated bioactivity was measured on respective target
Bioactivity,BA_001918,MEASURED_ON,Target,CHEMBL264,measured_on,Associated bioactivity was measured on respective target
Bioactivity,BA_001919,MEASURED_ON,Target,CHEMBL3759,measured_on,Associated bioactivity was measured on respective target
Bioactivity,BA_001920,MEASURED_ON,Target,CHEMBL1941,measured_on,Associated bioactivity was measured on respective target
Bioactivity,BA_001921,MEASURED_ON,Target,CHEMBL1941,measured_on,Associated bioactivity was measured on respective target
Bioactivity,BA_001922,MEASURED_ON,Target,CHEMBL264,measured_on,Associated bioactivity was measured on respective target
Bioactivity,BA_001923,MEASURED_ON,Target,CHEMBL264,measured_on,Associated bioactivity was measured on respective target
Bioactivity,BA_001924,MEASURED_ON,Target,CHEMBL1941,measured_on,Associated bioactivity was measured on respective target
Bioactivity,BA_001925,MEASURED_ON,Target,CHEMBL1941,measured_on,Associated bioactivity was measured on respective target
Bioactivity,BA_001926,MEASURED_ON,Target,CHEMBL1941,measured_on,Associated bioactivity was measured on respective target
Bioactivity,BA_001927,MEASURED_ON,Target,CHEMBL231,measured_on,Associated bioactivity was measured on respective target
Bioactivity,BA_001928,MEASURED_ON,Target,CHEMBL1941,measured_on,Associated bioactivity was measured on respective target
Bioactivity,BA_001929,MEASURED_ON,Target,CHEMBL264,measured_on,Associated bioactivity was measured on respective target
Bioactivity,BA_001930,MEASURED_ON,Target,CHEMBL3759,measured_on,Associated bioactivity was measured on respective target
Bioactivity,BA_001931,MEASURED_ON,Target,CHEMBL264,measured_on,Associated bioactivity was measured on respective target
Bioactivity,BA_001932,MEASURED_ON,Target,CHEMBL264,measured_on,Associated bioactivity was measured on respective target
Bioactivity,BA_001933,MEASURED_ON,Target,CHEMBL264,measured_on,Associated bioactivity was measured on respective target
Bioactivity,BA_001934,MEASURED_ON,Target,CHEMBL3426,measured_on,Associated bioactivity was measured on respective target
Bioactivity,BA_001935,MEASURED_ON,Target,CHEMBL3426,measured_on,Associated bioactivity was measured on respective target
Bioactivity,BA_001936,MEASURED_ON,Target,CHEMBL3155,measured_on,Associated bioactivity was measured on respective target
Bioactivity,BA_001937,MEASURED_ON,Target,CHEMBL3371,measured_on,Associated bioactivity was measured on respective target
Bioactivity,BA_001938,MEASURED_ON,Target,CHEMBL3155,measured_on,Associated bioactivity was measured on respective target
Bioactivity,BA_001939,MEASURED_ON,Target,CHEMBL3371,measured_on,Associated bioactivity was measured on respective target
Bioactivity,BA_001940,MEASURED_ON,Target,CHEMBL225,measured_on,Associated bioactivity was measured on respective target
Bioactivity,BA_001941,MEASURED_ON,Target,CHEMBL224,measured_on,Associated bioactivity was measured on respective target
Bioactivity,BA_001942,MEASURED_ON,Target,CHEMBL1833,measured_on,Associated bioactivity was measured on respective target
Bioactivity,BA_001943,MEASURED_ON,Target,CHEMBL225,measured_on,Associated bioactivity was measured on respective target
Bioactivity,BA_001944,MEASURED_ON,Target,CHEMBL224,measured_on,Associated bioactivity was measured on respective target
Bioactivity,BA_001945,MEASURED_ON,Target,CHEMBL1833,measured_on,Associated bioactivity was measured on respective target
Bioactivity,BA_001946,MEASURED_ON,Target,CHEMBL225,measured_on,Associated bioactivity was measured on respective target
Bioactivity,BA_001947,MEASURED_ON,Target,CHEMBL225,measured_on,Associated bioactivity was measured on respective target
Bioactivity,BA_001948,MEASURED_ON,Target,CHEMBL1983,measured_on,Associated bioactivity was measured on respective target
Bioactivity,BA_001949,MEASURED_ON,Target,CHEMBL1898,measured_on,Associated bioactivity was measured on respective target
Bioactivity,BA_001950,MEASURED_ON,Target,CHEMBL214,measured_on,Associated bioactivity was measured on respective target
Bioactivity,BA_001951,MEASURED_ON,Target,CHEMBL1898,measured_on,Associated bioactivity was measured on respective target
Bioactivity,BA_001952,MEASURED_ON,Target,CHEMBL1983,measured_on,Associated bioactivity was measured on respective target
Bioactivity,BA_001953,MEASURED_ON,Target,CHEMBL224,measured_on,Associated bioactivity was measured on respective target
Bioactivity,BA_001954,MEASURED_ON,Target,CHEMBL1983,measured_on,Associated bioactivity was measured on respective target
Bioactivity,BA_001955,MEASURED_ON,Target,CHEMBL1898,measured_on,Associated bioactivity was measured on respective target
Bioactivity,BA_001956,MEASURED_ON,Target,CHEMBL214,measured_on,Associated bioactivity was measured on respective target
Bioactivity,BA_001957,MEASURED_ON,Target,CHEMBL3371,measured_on,Associated bioactivity was measured on respective target
Bioactivity,BA_001958,MEASURED_ON,Target,CHEMBL1983,measured_on,Associated bioactivity was measured on respective target
Bioactivity,BA_001959,MEASURED_ON,Target,CHEMBL1898,measured_on,Associated bioactivity was measured on respective target
Bioactivity,BA_001960,MEASURED_ON,Target,CHEMBL214,measured_on,Associated bioactivity was measured on respective target
Bioactivity,BA_001961,MEASURED_ON,Target,CHEMBL1898,measured_on,Associated bioactivity was measured on respective target
Bioactivity,BA_001962,MEASURED_ON,Target,CHEMBL214,measured_on,Associated bioactivity was measured on respective target
Bioactivity,BA_001963,MEASURED_ON,Target,CHEMBL214,measured_on,Associated bioactivity was measured on respective target
Bioactivity,BA_001964,MEASURED_ON,Target,CHEMBL214,measured_on,Associated bioactivity was measured on respective target
Bioactivity,BA_001965,MEASURED_ON,Target,CHEMBL214,measured_on,Associated bioactivity was measured on respective target
Bioactivity,BA_001966,MEASURED_ON,Target,CHEMBL214,measured_on,Associated bioactivity was measured on respective target
Bioactivity,BA_001967,MEASURED_ON,Target,CHEMBL1983,measured_on,Associated bioactivity was measured on respective target
Bioactivity,BA_001968,MEASURED_ON,Target,CHEMBL2056,measured_on,Associated bioactivity was measured on respective target
Bioactivity,BA_001969,MEASURED_ON,Target,CHEMBL214,measured_on,Associated bioactivity was measured on respective target
Bioactivity,BA_001970,MEASURED_ON,Target,CHEMBL1898,measured_on,Associated bioactivity was measured on respective target
Bioactivity,BA_001971,MEASURED_ON,Target,CHEMBL224,measured_on,Associated bioactivity was measured on respective target
Bioactivity,BA_001972,MEASURED_ON,Target,CHEMBL225,measured_on,Associated bioactivity was measured on respective target
Bioactivity,BA_001973,MEASURED_ON,Target,CHEMBL3371,measured_on,Associated bioactivity was measured on respective target
Bioactivity,BA_001974,MEASURED_ON,Target,CHEMBL3155,measured_on,Associated bioactivity was measured on respective target
Bioactivity,BA_001975,MEASURED_ON,Target,CHEMBL214,measured_on,Associated bioactivity was measured on respective target
Bioactivity,BA_001976,MEASURED_ON,Target,CHEMBL214,measured_on,Associated bioactivity was measured on respective target
Bioactivity,BA_001977,MEASURED_ON,Target,CHEMBL214,measured_on,Associated bioactivity was measured on respective target
Bioactivity,BA_001978,MEASURED_ON,Target,CHEMBL224,measured_on,Associated bioactivity was measured on respective target
Bioactivity,BA_001979,MEASURED_ON,Target,CHEMBL1833,measured_on,Associated bioactivity was measured on respective target
Bioactivity,BA_001980,MEASURED_ON,Target,CHEMBL225,measured_on,Associated bioactivity was measured on respective target
Bioactivity,BA_001981,MEASURED_ON,Target,CHEMBL217,measured_on,Associated bioactivity was measured on respective target
Bioactivity,BA_001982,MEASURED_ON,Target,CHEMBL1983,measured_on,Associated bioactivity was measured on respective target
Bioactivity,BA_001983,MEASURED_ON,Target,CHEMBL214,measured_on,Associated bioactivity was measured on respective target
Bioactivity,BA_001984,MEASURED_ON,Target,CHEMBL1898,measured_on,Associated bioactivity was measured on respective target
Bioactivity,BA_001985,MEASURED_ON,Target,CHEMBL234,measured_on,Associated bioactivity was measured on respective target
Bioactivity,BA_001986,MEASURED_ON,Target,CHEMBL1983,measured_on,Associated bioactivity was measured on respective target
Bioactivity,BA_001987,MEASURED_ON,Target,CHEMBL2182,measured_on,Associated bioactivity was measured on respective target
Bioactivity,BA_001988,MEASURED_ON,Target,CHEMBL1805,measured_on,Associated bioactivity was measured on respective target
Bioactivity,BA_001989,MEASURED_ON,Target,CHEMBL214,measured_on,Associated bioactivity was measured on respective target
Bioactivity,BA_001990,MEASURED_ON,Target,CHEMBL1898,measured_on,Associated bioactivity was measured on respective target
Bioactivity,BA_001991,MEASURED_ON,Target,CHEMBL214,measured_on,Associated bioactivity was measured on respective target
Bioactivity,BA_001992,MEASURED_ON,Target,CHEMBL1898,measured_on,Associated bioactivity was measured on respective target
Bioactivity,BA_001993,MEASURED_ON,Target,CHEMBL3371,measured_on,Associated bioactivity was measured on respective target
Bioactivity,BA_001994,MEASURED_ON,Target,CHEMBL3426,measured_on,Associated bioactivity was measured on respective target
Bioactivity,BA_001995,MEASURED_ON,Target,CHEMBL214,measured_on,Associated bioactivity was measured on respective target
Bioactivity,BA_001996,MEASURED_ON,Target,CHEMBL214,measured_on,Associated bioactivity was measured on respective target
Bioactivity,BA_001997,MEASURED_ON,Target,CHEMBL214,measured_on,Associated bioactivity was measured on respective target
Bioactivity,BA_001998,MEASURED_ON,Target,CHEMBL1899,measured_on,Associated bioactivity was measured on respective target
Bioactivity,BA_001999,MEASURED_ON,Target,CHEMBL1899,measured_on,Associated bioactivity was measured on respective target
Bioactivity,BA_002000,MEASURED_ON,Target,CHEMBL214,measured_on,Associated bioactivity was measured on respective target
Bioactivity,BA_002001,MEASURED_ON,Target,CHEMBL225,measured_on,Associated bioactivity was measured on respective target
Bioactivity,BA_002002,MEASURED_ON,Target,CHEMBL224,measured_on,Associated bioactivity was measured on respective target
Bioactivity,BA_002003,MEASURED_ON,Target,CHEMBL1833,measured_on,Associated bioactivity was measured on respective target
Bioactivity,BA_002004,MEASURED_ON,Target,CHEMBL225,measured_on,Associated bioactivity was measured on respective target
Bioactivity,BA_002005,MEASURED_ON,Target,CHEMBL224,measured_on,Associated bioactivity was measured on respective target
Bioactivity,BA_002006,MEASURED_ON,Target,CHEMBL1833,measured_on,Associated bioactivity was measured on respective target
Bioactivity,BA_002007,MEASURED_ON,Target,CHEMBL1875,measured_on,Associated bioactivity was measured on respective target
Bioactivity,BA_002008,MEASURED_ON,Target,CHEMBL225,measured_on,Associated bioactivity was measured on respective target
Bioactivity,BA_002009,MEASURED_ON,Target,CHEMBL1833,measured_on,Associated bioactivity was measured on respective target
Bioactivity,BA_002010,MEASURED_ON,Target,CHEMBL224,measured_on,Associated bioactivity was measured on respective target
Bioactivity,BA_002011,MEASURED_ON,Target,CHEMBL224,measured_on,Associated bioactivity was measured on respective target
Bioactivity,BA_002012,MEASURED_ON,Target,CHEMBL224,measured_on,Associated bioactivity was measured on respective target
Bioactivity,BA_002013,MEASURED_ON,Target,CHEMBL224,measured_on,Associated bioactivity was measured on respective target
Bioactivity,BA_002014,MEASURED_ON,Target,CHEMBL224,measured_on,Associated bioactivity was measured on respective target
Bioactivity,BA_002015,MEASURED_ON,Target,CHEMBL1983,measured_on,Associated bioactivity was measured on respective target
Bioactivity,BA_002016,MEASURED_ON,Target,CHEMBL1898,measured_on,Associated bioactivity was measured on respective target
Bioactivity,BA_002017,MEASURED_ON,Target,CHEMBL214,measured_on,Associated bioactivity was measured on respective target
Bioactivity,BA_002018,MEASURED_ON,Target,CHEMBL214,measured_on,Associated bioactivity was measured on respective target
Bioactivity,BA_002019,MEASURED_ON,Target,CHEMBL3155,measured_on,Associated bioactivity was measured on respective target
Bioactivity,BA_002020,MEASURED_ON,Target,CHEMBL3155,measured_on,Associated bioactivity was measured on respective target
Bioactivity,BA_002021,MEASURED_ON,Target,CHEMBL3426,measured_on,Associated bioactivity was measured on respective target
Bioactivity,BA_002022,MEASURED_ON,Target,CHEMBL3371,measured_on,Associated bioactivity was measured on respective target
Bioactivity,BA_002023,MEASURED_ON,Target,CHEMBL3426,measured_on,Associated bioactivity was measured on respective target
Bioactivity,BA_002024,MEASURED_ON,Target,CHEMBL1898,measured_on,Associated bioactivity was measured on respective target
Bioactivity,BA_002025,MEASURED_ON,Target,CHEMBL1898,measured_on,Associated bioactivity was measured on respective target
Bioactivity,BA_002026,MEASURED_ON,Target,CHEMBL3371,measured_on,Associated bioactivity was measured on respective target
Bioactivity,BA_002027,MEASURED_ON,Target,CHEMBL3155,measured_on,Associated bioactivity was measured on respective target
Bioactivity,BA_002028,MEASURED_ON,Target,CHEMBL1875,measured_on,Associated bioactivity was measured on respective target
Bioactivity,BA_002029,MEASURED_ON,Target,CHEMBL1875,measured_on,Associated bioactivity was measured on respective target
Bioactivity,BA_002030,MEASURED_ON,Target,CHEMBL3155,measured_on,Associated bioactivity was measured on respective target
Bioactivity,BA_002031,MEASURED_ON,Target,CHEMBL224,measured_on,Associated bioactivity was measured on respective target
Bioactivity,BA_002032,MEASURED_ON,Target,CHEMBL225,measured_on,Associated bioactivity was measured on respective target
Bioactivity,BA_002033,MEASURED_ON,Target,CHEMBL224,measured_on,Associated bioactivity was measured on respective target
Bioactivity,BA_002034,MEASURED_ON,Target,CHEMBL225,measured_on,Associated bioactivity was measured on respective target
Bioactivity,BA_002035,MEASURED_ON,Target,CHEMBL1875,measured_on,Associated bioactivity was measured on respective target
Bioactivity,BA_002036,MEASURED_ON,Target,CHEMBL1898,measured_on,Associated bioactivity was measured on respective target
Bioactivity,BA_002037,MEASURED_ON,Target,CHEMBL3155,measured_on,Associated bioactivity was measured on respective target
Bioactivity,BA_002038,MEASURED_ON,Target,CHEMBL3426,measured_on,Associated bioactivity was measured on respective target
Bioactivity,BA_002039,MEASURED_ON,Target,CHEMBL3371,measured_on,Associated bioactivity was measured on respective target
Bioactivity,BA_002040,MEASURED_ON,Target,CHEMBL1875,measured_on,Associated bioactivity was measured on respective target
Bioactivity,BA_002041,MEASURED_ON,Target,CHEMBL1875,measured_on,Associated bioactivity was measured on respective target
Bioactivity,BA_002042,MEASURED_ON,Target,CHEMBL214,measured_on,Associated bioactivity was measured on respective target
Bioactivity,BA_002043,MEASURED_ON,Target,CHEMBL225,measured_on,Associated bioactivity was measured on respective target
Bioactivity,BA_002044,MEASURED_ON,Target,CHEMBL1833,measured_on,Associated bioactivity was measured on respective target
Bioactivity,BA_002045,MEASURED_ON,Target,CHEMBL214,measured_on,Associated bioactivity was measured on respective target
Bioactivity,BA_002046,MEASURED_ON,Target,CHEMBL3371,measured_on,Associated bioactivity was measured on respective target
Bioactivity,BA_002047,MEASURED_ON,Target,CHEMBL214,measured_on,Associated bioactivity was measured on respective target
Bioactivity,BA_002048,MEASURED_ON,Target,CHEMBL1899,measured_on,Associated bioactivity was measured on respective target
Bioactivity,BA_002049,MEASURED_ON,Target,CHEMBL1899,measured_on,Associated bioactivity was measured on respective target
Bioactivity,BA_002050,MEASURED_ON,Target,CHEMBL1898,measured_on,Associated bioactivity was measured on respective target
Bioactivity,BA_002051,MEASURED_ON,Target,CHEMBL3426,measured_on,Associated bioactivity was measured on respective target
Bioactivity,BA_002052,MEASURED_ON,Target,CHEMBL3371,measured_on,Associated bioactivity was measured on respective target
Bioactivity,BA_002053,MEASURED_ON,Target,CHEMBL3155,measured_on,Associated bioactivity was measured on respective target
Bioactivity,BA_002054,MEASURED_ON,Target,CHEMBL1795091,measured_on,Associated bioactivity was measured on respective target
Bioactivity,BA_002055,MEASURED_ON,Target,CHEMBL225,measured_on,Associated bioactivity was measured on respective target
Bioactivity,BA_002056,MEASURED_ON,Target,CHEMBL225,measured_on,Associated bioactivity was measured on respective target
Bioactivity,BA_002057,MEASURED_ON,Target,CHEMBL225,measured_on,Associated bioactivity was measured on respective target
Bioactivity,BA_002058,MEASURED_ON,Target,CHEMBL224,measured_on,Associated bioactivity was measured on respective target
Bioactivity,BA_002059,MEASURED_ON,Target,CHEMBL1833,measured_on,Associated bioactivity was measured on respective target
Bioactivity,BA_002060,MEASURED_ON,Target,CHEMBL214,measured_on,Associated bioactivity was measured on respective target
Bioactivity,BA_002061,MEASURED_ON,Target,CHEMBL3371,measured_on,Associated bioactivity was measured on respective target
Bioactivity,BA_002062,MEASURED_ON,Target,CHEMBL225,measured_on,Associated bioactivity was measured on respective target
Bioactivity,BA_002063,MEASURED_ON,Target,CHEMBL224,measured_on,Associated bioactivity was measured on respective target
Bioactivity,BA_002064,MEASURED_ON,Target,CHEMBL225,measured_on,Associated bioactivity was measured on respective target
Bioactivity,BA_002065,MEASURED_ON,Target,CHEMBL224,measured_on,Associated bioactivity was measured on respective target
Bioactivity,BA_002066,MEASURED_ON,Target,CHEMBL225,measured_on,Associated bioactivity was measured on respective target
Bioactivity,BA_002067,MEASURED_ON,Target,CHEMBL224,measured_on,Associated bioactivity was measured on respective target
Bioactivity,BA_002068,MEASURED_ON,Target,CHEMBL225,measured_on,Associated bioactivity was measured on respective target
Bioactivity,BA_002069,MEASURED_ON,Target,CHEMBL225,measured_on,Associated bioactivity was measured on respective target
Bioactivity,BA_002070,MEASURED_ON,Target,CHEMBL224,measured_on,Associated bioactivity was measured on respective target
Bioactivity,BA_002071,MEASURED_ON,Target,CHEMBL225,measured_on,Associated bioactivity was measured on respective target
Bioactivity,BA_002072,MEASURED_ON,Target,CHEMBL224,measured_on,Associated bioactivity was measured on respective target
Bioactivity,BA_002073,MEASURED_ON,Target,CHEMBL214,measured_on,Associated bioactivity was measured on respective target
Bioactivity,BA_002074,MEASURED_ON,Target,CHEMBL214,measured_on,Associated bioactivity was measured on respective target
Bioactivity,BA_002075,MEASURED_ON,Target,CHEMBL224,measured_on,Associated bioactivity was measured on respective target
Bioactivity,BA_002076,MEASURED_ON,Target,CHEMBL214,measured_on,Associated bioactivity was measured on respective target
Bioactivity,BA_002077,MEASURED_ON,Target,CHEMBL225,measured_on,Associated bioactivity was measured on respective target
Bioactivity,BA_002078,MEASURED_ON,Target,CHEMBL1833,measured_on,Associated bioactivity was measured on respective target
Bioactivity,BA_002079,MEASURED_ON,Target,CHEMBL224,measured_on,Associated bioactivity was measured on respective target
Bioactivity,BA_002080,MEASURED_ON,Target,CHEMBL225,measured_on,Associated bioactivity was measured on respective target
Bioactivity,BA_002081,MEASURED_ON,Target,CHEMBL1833,measured_on,Associated bioactivity was measured on respective target
Bioactivity,BA_002082,MEASURED_ON,Target,CHEMBL224,measured_on,Associated bioactivity was measured on respective target
Bioactivity,BA_002083,MEASURED_ON,Target,CHEMBL3155,measured_on,Associated bioactivity was measured on respective target
Bioactivity,BA_002084,MEASURED_ON,Target,CHEMBL3371,measured_on,Associated bioactivity was measured on respective target
Bioactivity,BA_002085,MEASURED_ON,Target,CHEMBL3426,measured_on,Associated bioactivity was measured on respective target
Bioactivity,BA_002086,MEASURED_ON,Target,CHEMBL1898,measured_on,Associated bioactivity was measured on respective target
Bioactivity,BA_002087,MEASURED_ON,Target,CHEMBL3155,measured_on,Associated bioactivity was measured on respective target
Bioactivity,BA_002088,MEASURED_ON,Target,CHEMBL3371,measured_on,Associated bioactivity was measured on respective target
Bioactivity,BA_002089,MEASURED_ON,Target,CHEMBL3426,measured_on,Associated bioactivity was measured on respective target
Bioactivity,BA_002090,MEASURED_ON,Target,CHEMBL3155,measured_on,Associated bioactivity was measured on respective target
Bioactivity,BA_002091,MEASURED_ON,Target,CHEMBL3371,measured_on,Associated bioactivity was measured on respective target
Bioactivity,BA_002092,MEASURED_ON,Target,CHEMBL3426,measured_on,Associated bioactivity was measured on respective target
Bioactivity,BA_002093,MEASURED_ON,Target,CHEMBL1898,measured_on,Associated bioactivity was measured on respective target
Bioactivity,BA_002094,MEASURED_ON,Target,CHEMBL214,measured_on,Associated bioactivity was measured on respective target
Bioactivity,BA_002095,MEASURED_ON,Target,CHEMBL2182,measured_on,Associated bioactivity was measured on respective target
Bioactivity,BA_002096,MEASURED_ON,Target,CHEMBL2182,measured_on,Associated bioactivity was measured on respective target
Bioactivity,BA_002097,MEASURED_ON,Target,CHEMBL1833,measured_on,Associated bioactivity was measured on respective target
Bioactivity,BA_002098,MEASURED_ON,Target,CHEMBL2193,measured_on,Associated bioactivity was measured on respective target
Bioactivity,BA_002099,MEASURED_ON,Target,CHEMBL3155,measured_on,Associated bioactivity was measured on respective target
Bioactivity,BA_002100,MEASURED_ON,Target,CHEMBL3371,measured_on,Associated bioactivity was measured on respective target
Bioactivity,BA_002101,MEASURED_ON,Target,CHEMBL3155,measured_on,Associated bioactivity was measured on respective target
Bioactivity,BA_002102,MEASURED_ON,Target,CHEMBL3155,measured_on,Associated bioactivity was measured on respective target
Bioactivity,BA_002103,MEASURED_ON,Target,CHEMBL214,measured_on,Associated bioactivity was measured on respective target
Bioactivity,BA_002104,MEASURED_ON,Target,CHEMBL3155,measured_on,Associated bioactivity was measured on respective target
Bioactivity,BA_002105,MEASURED_ON,Target,CHEMBL214,measured_on,Associated bioactivity was measured on respective target
Bioactivity,BA_002106,MEASURED_ON,Target,CHEMBL225,measured_on,Associated bioactivity was measured on respective target
Bioactivity,BA_002107,MEASURED_ON,Target,CHEMBL1833,measured_on,Associated bioactivity was measured on respective target
Bioactivity,BA_002108,MEASURED_ON,Target,CHEMBL224,measured_on,Associated bioactivity was measured on respective target
Bioactivity,BA_002109,MEASURED_ON,Target,CHEMBL224,measured_on,Associated bioactivity was measured on respective target
Bioactivity,BA_002110,MEASURED_ON,Target,CHEMBL225,measured_on,Associated bioactivity was measured on respective target
Bioactivity,BA_002111,MEASURED_ON,Target,CHEMBL214,measured_on,Associated bioactivity was measured on respective target
Bioactivity,BA_002112,MEASURED_ON,Target,CHEMBL214,measured_on,Associated bioactivity was measured on respective target
Bioactivity,BA_002113,MEASURED_ON,Target,CHEMBL3155,measured_on,Associated bioactivity was measured on respective target
Bioactivity,BA_002114,MEASURED_ON,Target,CHEMBL3371,measured_on,Associated bioactivity was measured on respective target
Bioactivity,BA_002115,MEASURED_ON,Target,CHEMBL3155,measured_on,Associated bioactivity was measured on respective target
Bioactivity,BA_002116,MEASURED_ON,Target,CHEMBL3155,measured_on,Associated bioactivity was measured on respective target
Bioactivity,BA_002117,MEASURED_ON,Target,CHEMBL3155,measured_on,Associated bioactivity was measured on respective target
Bioactivity,BA_002118,MEASURED_ON,Target,CHEMBL214,measured_on,Associated bioactivity was measured on respective target
Bioactivity,BA_002119,MEASURED_ON,Target,CHEMBL224,measured_on,Associated bioactivity was measured on respective target
Bioactivity,BA_002120,MEASURED_ON,Target,CHEMBL225,measured_on,Associated bioactivity was measured on respective target
Bioactivity,BA_002121,MEASURED_ON,Target,CHEMBL224,measured_on,Associated bioactivity was measured on respective target
Bioactivity,BA_002122,MEASURED_ON,Target,CHEMBL3426,measured_on,Associated bioactivity was measured on respective target
Bioactivity,BA_002123,MEASURED_ON,Target,CHEMBL3371,measured_on,Associated bioactivity was measured on respective target
Bioactivity,BA_002124,MEASURED_ON,Target,CHEMBL3155,measured_on,Associated bioactivity was measured on respective target
Bioactivity,BA_002125,MEASURED_ON,Target,CHEMBL3426,measured_on,Associated bioactivity was measured on respective target
Bioactivity,BA_002126,MEASURED_ON,Target,CHEMBL3371,measured_on,Associated bioactivity was measured on respective target
Bioactivity,BA_002127,MEASURED_ON,Target,CHEMBL3155,measured_on,Associated bioactivity was measured on respective target
Bioactivity,BA_002128,MEASURED_ON,Target,CHEMBL225,measured_on,Associated bioactivity was measured on respective target
Bioactivity,BA_002129,MEASURED_ON,Target,CHEMBL225,measured_on,Associated bioactivity was measured on respective target
Bioactivity,BA_002130,MEASURED_ON,Target,CHEMBL224,measured_on,Associated bioactivity was measured on respective target
Bioactivity,BA_002131,MEASURED_ON,Target,CHEMBL224,measured_on,Associated bioactivity was measured on respective target
Bioactivity,BA_002132,MEASURED_ON,Target,CHEMBL225,measured_on,Associated bioactivity was measured on respective target
Bioactivity,BA_002133,MEASURED_ON,Target,CHEMBL225,measured_on,Associated bioactivity was measured on respective target
Bioactivity,BA_002134,MEASURED_ON,Target,CHEMBL1833,measured_on,Associated bioactivity was measured on respective target
Bioactivity,BA_002135,MEASURED_ON,Target,CHEMBL1833,measured_on,Associated bioactivity was measured on respective target
Bioactivity,BA_002136,MEASURED_ON,Target,CHEMBL214,measured_on,Associated bioactivity was measured on respective target
Bioactivity,BA_002137,MEASURED_ON,Target,CHEMBL214,measured_on,Associated bioactivity was measured on respective target
Bioactivity,BA_002138,MEASURED_ON,Target,CHEMBL214,measured_on,Associated bioactivity was measured on respective target
Bioactivity,BA_002139,MEASURED_ON,Target,CHEMBL214,measured_on,Associated bioactivity was measured on respective target
Bioactivity,BA_002140,MEASURED_ON,Target,CHEMBL3155,measured_on,Associated bioactivity was measured on respective target
Bioactivity,BA_002141,MEASURED_ON,Target,CHEMBL3155,measured_on,Associated bioactivity was measured on respective target
Bioactivity,BA_002142,MEASURED_ON,Target,CHEMBL3155,measured_on,Associated bioactivity was measured on respective target
Bioactivity,BA_002143,MEASURED_ON,Target,CHEMBL1893,measured_on,Associated bioactivity was measured on respective target
Bioactivity,BA_002144,MEASURED_ON,Target,CHEMBL1893,measured_on,Associated bioactivity was measured on respective target
Bioactivity,BA_002145,MEASURED_ON,Target,CHEMBL1893,measured_on,Associated bioactivity was measured on respective target
Bioactivity,BA_002146,MEASURED_ON,Target,CHEMBL224,measured_on,Associated bioactivity was measured on respective target
Bioactivity,BA_002147,MEASURED_ON,Target,CHEMBL214,measured_on,Associated bioactivity was measured on respective target
Bioactivity,BA_002148,MEASURED_ON,Target,CHEMBL1833,measured_on,Associated bioactivity was measured on respective target
Bioactivity,BA_002149,MEASURED_ON,Target,CHEMBL214,measured_on,Associated bioactivity was measured on respective target
Bioactivity,BA_002150,MEASURED_ON,Target,CHEMBL214,measured_on,Associated bioactivity was measured on respective target
Bioactivity,BA_002151,MEASURED_ON,Target,CHEMBL224,measured_on,Associated bioactivity was measured on respective target
Bioactivity,BA_002152,MEASURED_ON,Target,CHEMBL3371,measured_on,Associated bioactivity was measured on respective target
Bioactivity,BA_002153,MEASURED_ON,Target,CHEMBL214,measured_on,Associated bioactivity was measured on respective target
Bioactivity,BA_002154,MEASURED_ON,Target,CHEMBL214,measured_on,Associated bioactivity was measured on respective target
Bioactivity,BA_002155,MEASURED_ON,Target,CHEMBL214,measured_on,Associated bioactivity was measured on respective target
Bioactivity,BA_002156,MEASURED_ON,Target,CHEMBL214,measured_on,Associated bioactivity was measured on respective target
Bioactivity,BA_002157,MEASURED_ON,Target,CHEMBL3155,measured_on,Associated bioactivity was measured on respective target
Bioactivity,BA_002158,MEASURED_ON,Target,CHEMBL3155,measured_on,Associated bioactivity was measured on respective target
Bioactivity,BA_002159,MEASURED_ON,Target,CHEMBL3155,measured_on,Associated bioactivity was measured on respective target
Bioactivity,BA_002160,MEASURED_ON,Target,CHEMBL1875,measured_on,Associated bioactivity was measured on respective target
Bioactivity,BA_002161,MEASURED_ON,Target,CHEMBL1875,measured_on,Associated bioactivity was measured on respective target
Bioactivity,BA_002162,MEASURED_ON,Target,CHEMBL225,measured_on,Associated bioactivity was measured on respective target
Bioactivity,BA_002163,MEASURED_ON,Target,CHEMBL1833,measured_on,Associated bioactivity was measured on respective target
Bioactivity,BA_002164,MEASURED_ON,Target,CHEMBL224,measured_on,Associated bioactivity was measured on respective target
Bioactivity,BA_002165,MEASURED_ON,Target,CHEMBL225,measured_on,Associated bioactivity was measured on respective target
Bioactivity,BA_002166,MEASURED_ON,Target,CHEMBL224,measured_on,Associated bioactivity was measured on respective target
Bioactivity,BA_002167,MEASURED_ON,Target,CHEMBL214,measured_on,Associated bioactivity was measured on respective target
Bioactivity,BA_002168,MEASURED_ON,Target,CHEMBL225,measured_on,Associated bioactivity was measured on respective target
Bioactivity,BA_002169,MEASURED_ON,Target,CHEMBL214,measured_on,Associated bioactivity was measured on respective target
Bioactivity,BA_002170,MEASURED_ON,Target,CHEMBL214,measured_on,Associated bioactivity was measured on respective target
Bioactivity,BA_002171,MEASURED_ON,Target,CHEMBL3155,measured_on,Associated bioactivity was measured on respective target
Bioactivity,BA_002172,MEASURED_ON,Target,CHEMBL214,measured_on,Associated bioactivity was measured on respective target
Bioactivity,BA_002173,MEASURED_ON,Target,CHEMBL224,measured_on,Associated bioactivity was measured on respective target
Bioactivity,BA_002174,MEASURED_ON,Target,CHEMBL224,measured_on,Associated bioactivity was measured on respective target
Bioactivity,BA_002175,MEASURED_ON,Target,CHEMBL224,measured_on,Associated bioactivity was measured on respective target
Bioactivity,BA_002176,MEASURED_ON,Target,CHEMBL214,measured_on,Associated bioactivity was measured on respective target
Bioactivity,BA_002177,MEASURED_ON,Target,CHEMBL225,measured_on,Associated bioactivity was measured on respective target
Bioactivity,BA_002178,MEASURED_ON,Target,CHEMBL3155,measured_on,Associated bioactivity was measured on respective target
Bioactivity,BA_002179,MEASURED_ON,Target,CHEMBL1833,measured_on,Associated bioactivity was measured on respective target
Bioactivity,BA_002180,MEASURED_ON,Target,CHEMBL214,measured_on,Associated bioactivity was measured on respective target
Bioactivity,BA_002181,MEASURED_ON,Target,CHEMBL214,measured_on,Associated bioactivity was measured on respective target
Bioactivity,BA_002182,MEASURED_ON,Target,CHEMBL214,measured_on,Associated bioactivity was measured on respective target
Bioactivity,BA_002183,MEASURED_ON,Target,CHEMBL214,measured_on,Associated bioactivity was measured on respective target
Bioactivity,BA_002184,MEASURED_ON,Target,CHEMBL225,measured_on,Associated bioactivity was measured on respective target
Bioactivity,BA_002185,MEASURED_ON,Target,CHEMBL225,measured_on,Associated bioactivity was measured on respective target
Bioactivity,BA_002186,MEASURED_ON,Target,CHEMBL225,measured_on,Associated bioactivity was measured on respective target
Bioactivity,BA_002187,MEASURED_ON,Target,CHEMBL225,measured_on,Associated bioactivity was measured on respective target
Bioactivity,BA_002188,MEASURED_ON,Target,CHEMBL225,measured_on,Associated bioactivity was measured on respective target
Bioactivity,BA_002189,MEASURED_ON,Target,CHEMBL214,measured_on,Associated bioactivity was measured on respective target
Bioactivity,BA_002190,MEASURED_ON,Target,CHEMBL214,measured_on,Associated bioactivity was measured on respective target
Bioactivity,BA_002191,MEASURED_ON,Target,CHEMBL224,measured_on,Associated bioactivity was measured on respective target
Bioactivity,BA_002192,MEASURED_ON,Target,CHEMBL3371,measured_on,Associated bioactivity was measured on respective target
Bioactivity,BA_002193,MEASURED_ON,Target,CHEMBL214,measured_on,Associated bioactivity was measured on respective target
Bioactivity,BA_002194,MEASURED_ON,Target,CHEMBL3155,measured_on,Associated bioactivity was measured on respective target
Bioactivity,BA_002195,MEASURED_ON,Target,CHEMBL3155,measured_on,Associated bioactivity was measured on respective target
Bioactivity,BA_002196,MEASURED_ON,Target,CHEMBL3155,measured_on,Associated bioactivity was measured on respective target
Bioactivity,BA_002197,MEASURED_ON,Target,CHEMBL3155,measured_on,Associated bioactivity was measured on respective target
Bioactivity,BA_002198,MEASURED_ON,Target,CHEMBL3155,measured_on,Associated bioactivity was measured on respective target
Bioactivity,BA_002199,MEASURED_ON,Target,CHEMBL1833,measured_on,Associated bioactivity was measured on respective target
Bioactivity,BA_002200,MEASURED_ON,Target,CHEMBL224,measured_on,Associated bioactivity was measured on respective target
Bioactivity,BA_002201,MEASURED_ON,Target,CHEMBL3155,measured_on,Associated bioactivity was measured on respective target
Bioactivity,BA_002202,MEASURED_ON,Target,CHEMBL214,measured_on,Associated bioactivity was measured on respective target
Bioactivity,BA_002203,MEASURED_ON,Target,CHEMBL5754,measured_on,Associated bioactivity was measured on respective target
Bioactivity,BA_002204,MEASURED_ON,Target,CHEMBL224,measured_on,Associated bioactivity was measured on respective target
Bioactivity,BA_002205,MEASURED_ON,Target,CHEMBL224,measured_on,Associated bioactivity was measured on respective target
Bioactivity,BA_002206,MEASURED_ON,Target,CHEMBL224,measured_on,Associated bioactivity was measured on respective target
Bioactivity,BA_002207,MEASURED_ON,Target,CHEMBL224,measured_on,Associated bioactivity was measured on respective target
Bioactivity,BA_002208,MEASURED_ON,Target,CHEMBL214,measured_on,Associated bioactivity was measured on respective target
Bioactivity,BA_002209,MEASURED_ON,Target,CHEMBL214,measured_on,Associated bioactivity was measured on respective target
Bioactivity,BA_002210,MEASURED_ON,Target,CHEMBL224,measured_on,Associated bioactivity was measured on respective target
Bioactivity,BA_002211,MEASURED_ON,Target,CHEMBL224,measured_on,Associated bioactivity was measured on respective target
Bioactivity,BA_002212,MEASURED_ON,Target,CHEMBL225,measured_on,Associated bioactivity was measured on respective target
Bioactivity,BA_002213,MEASURED_ON,Target,CHEMBL225,measured_on,Associated bioactivity was measured on respective target
Bioactivity,BA_002214,MEASURED_ON,Target,CHEMBL214,measured_on,Associated bioactivity was measured on respective target
Bioactivity,BA_002215,MEASURED_ON,Target,CHEMBL224,measured_on,Associated bioactivity was measured on respective target
Bioactivity,BA_002216,MEASURED_ON,Target,CHEMBL1833,measured_on,Associated bioactivity was measured on respective target
Bioactivity,BA_002217,MEASURED_ON,Target,CHEMBL224,measured_on,Associated bioactivity was measured on respective target
Bioactivity,BA_002218,MEASURED_ON,Target,CHEMBL224,measured_on,Associated bioactivity was measured on respective target
Bioactivity,BA_002219,MEASURED_ON,Target,CHEMBL1833,measured_on,Associated bioactivity was measured on respective target
Bioactivity,BA_002220,MEASURED_ON,Target,CHEMBL1833,measured_on,Associated bioactivity was measured on respective target
Bioactivity,BA_002221,MEASURED_ON,Target,CHEMBL225,measured_on,Associated bioactivity was measured on respective target
Bioactivity,BA_002222,MEASURED_ON,Target,CHEMBL225,measured_on,Associated bioactivity was measured on respective target
Bioactivity,BA_002223,MEASURED_ON,Target,CHEMBL224,measured_on,Associated bioactivity was measured on respective target
Bioactivity,BA_002224,MEASURED_ON,Target,CHEMBL224,measured_on,Associated bioactivity was measured on respective target
Bioactivity,BA_002225,MEASURED_ON,Target,CHEMBL224,measured_on,Associated bioactivity was measured on respective target
Bioactivity,BA_002226,MEASURED_ON,Target,CHEMBL225,measured_on,Associated bioactivity was measured on respective target
Bioactivity,BA_002227,MEASURED_ON,Target,CHEMBL3371,measured_on,Associated bioactivity was measured on respective target
Bioactivity,BA_002228,MEASURED_ON,Target,CHEMBL3155,measured_on,Associated bioactivity was measured on respective target
Bioactivity,BA_002229,MEASURED_ON,Target,CHEMBL3155,measured_on,Associated bioactivity was measured on respective target
Bioactivity,BA_002230,MEASURED_ON,Target,CHEMBL3371,measured_on,Associated bioactivity was measured on respective target
Bioactivity,BA_002231,MEASURED_ON,Target,CHEMBL3155,measured_on,Associated bioactivity was measured on respective target
Bioactivity,BA_002232,MEASURED_ON,Target,CHEMBL1293294,measured_on,Associated bioactivity was measured on respective target
Bioactivity,BA_002233,MEASURED_ON,Target,CHEMBL1293277,measured_on,Associated bioactivity was measured on respective target
Bioactivity,BA_002234,MEASURED_ON,Target,CHEMBL1741209,measured_on,Associated bioactivity was measured on respective target
Bioactivity,BA_002235,MEASURED_ON,Target,CHEMBL1795087,measured_on,Associated bioactivity was measured on respective target
Bioactivity,BA_002236,MEASURED_ON,Target,CHEMBL2147,measured_on,Associated bioactivity was measured on respective target
Bioactivity,BA_002237,MEASURED_ON,Target,CHEMBL4204,measured_on,Associated bioactivity was measured on respective target
Bioactivity,BA_002238,MEASURED_ON,Target,CHEMBL4718,measured_on,Associated bioactivity was measured on respective target
Bioactivity,BA_002239,MEASURED_ON,Target,CHEMBL1974,measured_on,Associated bioactivity was measured on respective target
Bioactivity,BA_002240,MEASURED_ON,Target,CHEMBL1974,measured_on,Associated bioactivity was measured on respective target
Bioactivity,BA_002241,MEASURED_ON,Target,CHEMBL1974,measured_on,Associated bioactivity was measured on respective target
Bioactivity,BA_002242,MEASURED_ON,Target,CHEMBL2478,measured_on,Associated bioactivity was measured on respective target
Bioactivity,BA_002243,MEASURED_ON,Target,CHEMBL2231,measured_on,Associated bioactivity was measured on respective target
Bioactivity,BA_002244,MEASURED_ON,Target,CHEMBL4878,measured_on,Associated bioactivity was measured on respective target
Bioactivity,BA_002245,MEASURED_ON,Target,CHEMBL6144,measured_on,Associated bioactivity was measured on respective target
Bioactivity,BA_002246,MEASURED_ON,Target,CHEMBL2396508,measured_on,Associated bioactivity was measured on respective target
Bioactivity,BA_002247,MEASURED_ON,Target,CHEMBL5523,measured_on,Associated bioactivity was measured on respective target
Bioactivity,BA_002248,MEASURED_ON,Target,CHEMBL2189116,measured_on,Associated bioactivity was measured on respective target
Bioactivity,BA_002249,MEASURED_ON,Target,CHEMBL1293299,measured_on,Associated bioactivity was measured on respective target
Bioactivity,BA_002250,MEASURED_ON,Target,CHEMBL3108645,measured_on,Associated bioactivity was measured on respective target
Bioactivity,BA_002251,MEASURED_ON,Target,CHEMBL1743124,measured_on,Associated bioactivity was measured on respective target
Bioactivity,BA_002252,MEASURED_ON,Target,CHEMBL1743124,measured_on,Associated bioactivity was measured on respective target
Bioactivity,BA_002253,MEASURED_ON,Target,CHEMBL284,measured_on,Associated bioactivity was measured on respective target
Bioactivity,BA_002254,MEASURED_ON,Target,CHEMBL264,measured_on,Associated bioactivity was measured on respective target
Bioactivity,BA_002255,MEASURED_ON,Target,CHEMBL1916,measured_on,Associated bioactivity was measured on respective target
Bioactivity,BA_002256,MEASURED_ON,Target,CHEMBL264,measured_on,Associated bioactivity was measured on respective target
Bioactivity,BA_002257,MEASURED_ON,Target,CHEMBL1916,measured_on,Associated bioactivity was measured on respective target
Bioactivity,BA_002258,MEASURED_ON,Target,CHEMBL1867,measured_on,Associated bioactivity was measured on respective target
Bioactivity,BA_002259,MEASURED_ON,Target,CHEMBL264,measured_on,Associated bioactivity was measured on respective target
Bioactivity,BA_002260,MEASURED_ON,Target,CHEMBL1963,measured_on,Associated bioactivity was measured on respective target
Bioactivity,BA_002261,MEASURED_ON,Target,CHEMBL3201,measured_on,Associated bioactivity was measured on respective target
Bioactivity,BA_002262,MEASURED_ON,Target,CHEMBL6032,measured_on,Associated bioactivity was measured on respective target
Bioactivity,BA_002263,MEASURED_ON,Target,CHEMBL5619,measured_on,Associated bioactivity was measured on respective target
Bioactivity,BA_002264,MEASURED_ON,Target,CHEMBL3201,measured_on,Associated bioactivity was measured on respective target
Bioactivity,BA_002265,MEASURED_ON,Target,CHEMBL3622,measured_on,Associated bioactivity was measured on respective target
Bioactivity,BA_002266,MEASURED_ON,Target,CHEMBL1075138,measured_on,Associated bioactivity was measured on respective target
Bioactivity,BA_002267,MEASURED_ON,Target,CHEMBL1075138,measured_on,Associated bioactivity was measured on respective target
Bioactivity,BA_002268,MEASURED_ON,Target,CHEMBL5619,measured_on,Associated bioactivity was measured on respective target
Bioactivity,BA_002269,MEASURED_ON,Target,CHEMBL3880,measured_on,Associated bioactivity was measured on respective target
Bioactivity,BA_002270,MEASURED_ON,Target,CHEMBL4499,measured_on,Associated bioactivity was measured on respective target
Bioactivity,BA_002271,MEASURED_ON,Target,CHEMBL1293232,measured_on,Associated bioactivity was measured on respective target
Bioactivity,BA_002272,MEASURED_ON,Target,CHEMBL1963,measured_on,Associated bioactivity was measured on respective target
Bioactivity,BA_002273,MEASURED_ON,Target,CHEMBL2842,measured_on,Associated bioactivity was measured on respective target
Bioactivity,BA_002274,MEASURED_ON,Target,CHEMBL1075138,measured_on,Associated bioactivity was measured on respective target
Bioactivity,BA_002275,MEASURED_ON,Target,CHEMBL3622,measured_on,Associated bioactivity was measured on respective target
Bioactivity,BA_002276,MEASURED_ON,Target,CHEMBL1293298,measured_on,Associated bioactivity was measured on respective target
Bioactivity,BA_002277,MEASURED_ON,Target,CHEMBL2842,measured_on,Associated bioactivity was measured on respective target
Bioactivity,BA_002278,MEASURED_ON,Target,CHEMBL1293278,measured_on,Associated bioactivity was measured on respective target
Bioactivity,BA_002279,MEASURED_ON,Target,CHEMBL1293278,measured_on,Associated bioactivity was measured on respective target
Bioactivity,BA_002280,MEASURED_ON,Target,CHEMBL1075094,measured_on,Associated bioactivity was measured on respective target
Bioactivity,BA_002281,MEASURED_ON,Target,CHEMBL1741210,measured_on,Associated bioactivity was measured on respective target
Bioactivity,BA_002282,MEASURED_ON,Target,CHEMBL1293278,measured_on,Associated bioactivity was measured on respective target
Bioactivity,BA_002283,MEASURED_ON,Target,CHEMBL1741209,measured_on,Associated bioactivity was measured on respective target
Bioactivity,BA_002284,MEASURED_ON,Target,CHEMBL2061,measured_on,Associated bioactivity was measured on respective target
Bioactivity,BA_002285,MEASURED_ON,Target,CHEMBL1795085,measured_on,Associated bioactivity was measured on respective target
Bioactivity,BA_002286,MEASURED_ON,Target,CHEMBL1871,measured_on,Associated bioactivity was measured on respective target
Bioactivity,BA_002287,MEASURED_ON,Target,CHEMBL2034,measured_on,Associated bioactivity was measured on respective target
Bioactivity,BA_002288,MEASURED_ON,Target,CHEMBL3622,measured_on,Associated bioactivity was measured on respective target
Bioactivity,BA_002289,MEASURED_ON,Target,CHEMBL3371,measured_on,Associated bioactivity was measured on respective target
Bioactivity,BA_002290,MEASURED_ON,Target,CHEMBL3371,measured_on,Associated bioactivity was measured on respective target
Bioactivity,BA_002291,MEASURED_ON,Target,CHEMBL1293278,measured_on,Associated bioactivity was measured on respective target
Bioactivity,BA_002292,MEASURED_ON,Target,CHEMBL4096,measured_on,Associated bioactivity was measured on respective target
Bioactivity,BA_002293,MEASURED_ON,Target,CHEMBL1293278,measured_on,Associated bioactivity was measured on respective target
Bioactivity,BA_002294,MEASURED_ON,Target,CHEMBL1075138,measured_on,Associated bioactivity was measured on respective target
Bioactivity,BA_002295,MEASURED_ON,Target,CHEMBL1075138,measured_on,Associated bioactivity was measured on respective target
Bioactivity,BA_002296,MEASURED_ON,Target,CHEMBL220,measured_on,Associated bioactivity was measured on respective target
Bioactivity,BA_002297,MEASURED_ON,Target,CHEMBL2047,measured_on,Associated bioactivity was measured on respective target
Bioactivity,BA_002298,MEASURED_ON,Target,CHEMBL2146305,measured_on,Associated bioactivity was measured on respective target
Bioactivity,BA_002299,MEASURED_ON,Target,CHEMBL2047,measured_on,Associated bioactivity was measured on respective target
Bioactivity,BA_002300,MEASURED_ON,Target,CHEMBL1075319,measured_on,Associated bioactivity was measured on respective target
Bioactivity,BA_002301,MEASURED_ON,Target,CHEMBL4822,measured_on,Associated bioactivity was measured on respective target
Bioactivity,BA_002302,MEASURED_ON,Target,CHEMBL6152,measured_on,Associated bioactivity was measured on respective target
Bioactivity,BA_002303,MEASURED_ON,Target,CHEMBL225,measured_on,Associated bioactivity was measured on respective target
Bioactivity,BA_002304,MEASURED_ON,Target,CHEMBL234,measured_on,Associated bioactivity was measured on respective target
Bioactivity,BA_002305,MEASURED_ON,Target,CHEMBL236,measured_on,Associated bioactivity was measured on respective target
Bioactivity,BA_002306,MEASURED_ON,Target,CHEMBL236,measured_on,Associated bioactivity was measured on respective target
Bioactivity,BA_002307,MEASURED_ON,Target,CHEMBL4822,measured_on,Associated bioactivity was measured on respective target
Bioactivity,BA_002308,MEASURED_ON,Target,CHEMBL1075145,measured_on,Associated bioactivity was measured on respective target
Bioactivity,BA_002309,MEASURED_ON,Target,CHEMBL4361,measured_on,Associated bioactivity was measured on respective target
Bioactivity,BA_002310,MEASURED_ON,Target,CHEMBL4377,measured_on,Associated bioactivity was measured on respective target
Bioactivity,BA_002311,MEASURED_ON,Target,CHEMBL1783,measured_on,Associated bioactivity was measured on respective target
Bioactivity,BA_002312,MEASURED_ON,Target,CHEMBL1697671,measured_on,Associated bioactivity was measured on respective target
Bioactivity,BA_002313,MEASURED_ON,Target,CHEMBL335,measured_on,Associated bioactivity was measured on respective target
Bioactivity,BA_002314,MEASURED_ON,Target,CHEMBL335,measured_on,Associated bioactivity was measured on respective target
Bioactivity,BA_002315,MEASURED_ON,Target,CHEMBL248,measured_on,Associated bioactivity was measured on respective target
Bioactivity,BA_002316,MEASURED_ON,Target,CHEMBL321,measured_on,Associated bioactivity was measured on respective target
Bioactivity,BA_002317,MEASURED_ON,Target,CHEMBL321,measured_on,Associated bioactivity was measured on respective target
Bioactivity,BA_002318,MEASURED_ON,Target,CHEMBL2487,measured_on,Associated bioactivity was measured on respective target
Bioactivity,BA_002319,MEASURED_ON,Target,CHEMBL3105,measured_on,Associated bioactivity was measured on respective target
Bioactivity,BA_002320,MEASURED_ON,Target,CHEMBL3105,measured_on,Associated bioactivity was measured on respective target
Bioactivity,BA_002321,MEASURED_ON,Target,CHEMBL3105,measured_on,Associated bioactivity was measured on respective target
Bioactivity,BA_002322,MEASURED_ON,Target,CHEMBL3105,measured_on,Associated bioactivity was measured on respective target
Bioactivity,BA_002323,MEASURED_ON,Target,CHEMBL321,measured_on,Associated bioactivity was measured on respective target
Bioactivity,BA_002324,MEASURED_ON,Target,CHEMBL206,measured_on,Associated bioactivity was measured on respective target
Bioactivity,BA_002325,MEASURED_ON,Target,CHEMBL4999,measured_on,Associated bioactivity was measured on respective target
Bioactivity,BA_002326,MEASURED_ON,Target,CHEMBL4681,measured_on,Associated bioactivity was measured on respective target
Bioactivity,BA_002327,MEASURED_ON,Target,CHEMBL5905,measured_on,Associated bioactivity was measured on respective target
Bioactivity,BA_002328,MEASURED_ON,Target,CHEMBL5847,measured_on,Associated bioactivity was measured on respective target
Bioactivity,BA_002329,MEASURED_ON,Target,CHEMBL206,measured_on,Associated bioactivity was measured on respective target
Bioactivity,BA_002330,MEASURED_ON,Target,CHEMBL2034,measured_on,Associated bioactivity was measured on respective target
Bioactivity,BA_002331,MEASURED_ON,Target,CHEMBL1075094,measured_on,Associated bioactivity was measured on respective target
Bioactivity,BA_002332,MEASURED_ON,Target,CHEMBL2808,measured_on,Associated bioactivity was measured on respective target
Bioactivity,BA_002333,MEASURED_ON,Target,CHEMBL2808,measured_on,Associated bioactivity was measured on respective target
Bioactivity,BA_002334,MEASURED_ON,Target,CHEMBL204,measured_on,Associated bioactivity was measured on respective target
Bioactivity,BA_002335,MEASURED_ON,Target,CHEMBL204,measured_on,Associated bioactivity was measured on respective target
Bioactivity,BA_002336,MEASURED_ON,Target,CHEMBL2508,measured_on,Associated bioactivity was measured on respective target
Bioactivity,BA_002337,MEASURED_ON,Target,CHEMBL301,measured_on,Associated bioactivity was measured on respective target
Bioactivity,BA_002338,MEASURED_ON,Target,CHEMBL3687,measured_on,Associated bioactivity was measured on respective target
Bioactivity,BA_002339,MEASURED_ON,Target,CHEMBL2903,measured_on,Associated bioactivity was measured on respective target
Bioactivity,BA_002340,MEASURED_ON,Target,CHEMBL1929,measured_on,Associated bioactivity was measured on respective target
Bioactivity,BA_002341,MEASURED_ON,Target,CHEMBL5619,measured_on,Associated bioactivity was measured on respective target
Bioactivity,BA_002342,MEASURED_ON,Target,CHEMBL2903,measured_on,Associated bioactivity was measured on respective target
Bioactivity,BA_002343,MEASURED_ON,Target,CHEMBL5747,measured_on,Associated bioactivity was measured on respective target
Bioactivity,BA_002344,MEASURED_ON,Target,CHEMBL5747,measured_on,Associated bioactivity was measured on respective target
Bioactivity,BA_002345,MEASURED_ON,Target,CHEMBL4159,measured_on,Associated bioactivity was measured on respective target
Bioactivity,BA_002346,MEASURED_ON,Target,CHEMBL4096,measured_on,Associated bioactivity was measured on respective target
Bioactivity,BA_002347,MEASURED_ON,Target,CHEMBL4159,measured_on,Associated bioactivity was measured on respective target
Bioactivity,BA_002348,MEASURED_ON,Target,CHEMBL5365,measured_on,Associated bioactivity was measured on respective target
Bioactivity,BA_002349,MEASURED_ON,Target,CHEMBL5365,measured_on,Associated bioactivity was measured on respective target
Bioactivity,BA_002350,MEASURED_ON,Target,CHEMBL1075138,measured_on,Associated bioactivity was measured on respective target
Bioactivity,BA_002351,MEASURED_ON,Target,CHEMBL3629,measured_on,Associated bioactivity was measured on respective target
Bioactivity,BA_002352,MEASURED_ON,Target,CHEMBL1865,measured_on,Associated bioactivity was measured on respective target
Bioactivity,BA_002353,MEASURED_ON,Target,CHEMBL1075189,measured_on,Associated bioactivity was measured on respective target
Bioactivity,BA_002354,MEASURED_ON,Target,CHEMBL1743124,measured_on,Associated bioactivity was measured on respective target
Bioactivity,BA_002355,MEASURED_ON,Target,CHEMBL1743124,measured_on,Associated bioactivity was measured on respective target
Bioactivity,BA_002356,MEASURED_ON,Target,CHEMBL2553,measured_on,Associated bioactivity was measured on respective target
Bioactivity,BA_002357,MEASURED_ON,Target,CHEMBL2345,measured_on,Associated bioactivity was measured on respective target
Bioactivity,BA_002358,MEASURED_ON,Target,CHEMBL3906,measured_on,Associated bioactivity was measured on respective target
Bioactivity,BA_002359,MEASURED_ON,Target,CHEMBL2331065,measured_on,Associated bioactivity was measured on respective target
Bioactivity,BA_002360,MEASURED_ON,Target,CHEMBL3251,measured_on,Associated bioactivity was measured on respective target
Bioactivity,BA_002361,MEASURED_ON,Target,CHEMBL2608,measured_on,Associated bioactivity was measured on respective target
Bioactivity,BA_002362,MEASURED_ON,Target,CHEMBL5979,measured_on,Associated bioactivity was measured on respective target
Bioactivity,BA_002363,MEASURED_ON,Target,CHEMBL5365,measured_on,Associated bioactivity was measured on respective target
Bioactivity,BA_002364,MEASURED_ON,Target,CHEMBL3713095,measured_on,Associated bioactivity was measured on respective target
Bioactivity,BA_002365,MEASURED_ON,Target,CHEMBL2362978,measured_on,Associated bioactivity was measured on respective target
Bioactivity,BA_002366,MEASURED_ON,Target,CHEMBL6152,measured_on,Associated bioactivity was measured on respective target
Bioactivity,BA_002367,MEASURED_ON,Target,CHEMBL1075189,measured_on,Associated bioactivity was measured on respective target
Bioactivity,BA_002368,MEASURED_ON,Target,CHEMBL4822,measured_on,Associated bioactivity was measured on respective target
Bioactivity,BA_002369,MEASURED_ON,Target,CHEMBL2487,measured_on,Associated bioactivity was measured on respective target
Bioactivity,BA_002370,MEASURED_ON,Target,CHEMBL1293235,measured_on,Associated bioactivity was measured on respective target
Bioactivity,BA_002371,MEASURED_ON,Target,CHEMBL1977,measured_on,Associated bioactivity was measured on respective target
Bioactivity,BA_002372,MEASURED_ON,Target,CHEMBL2362981,measured_on,Associated bioactivity was measured on respective target
Bioactivity,BA_002373,MEASURED_ON,Target,CHEMBL1828,measured_on,Associated bioactivity was measured on respective target
Bioactivity,BA_002374,MEASURED_ON,Target,CHEMBL2392,measured_on,Associated bioactivity was measured on respective target
Bioactivity,BA_002375,MEASURED_ON,Target,CHEMBL1947,measured_on,Associated bioactivity was measured on respective target
Bioactivity,BA_002376,MEASURED_ON,Target,CHEMBL3979,measured_on,Associated bioactivity was measured on respective target
Bioactivity,BA_002377,MEASURED_ON,Target,CHEMBL1977,measured_on,Associated bioactivity was measured on respective target
Bioactivity,BA_002378,MEASURED_ON,Target,CHEMBL1900,measured_on,Associated bioactivity was measured on respective target
Bioactivity,BA_002379,MEASURED_ON,Target,CHEMBL220,measured_on,Associated bioactivity was measured on respective target
Bioactivity,BA_002380,MEASURED_ON,Target,CHEMBL5501,measured_on,Associated bioactivity was measured on respective target
Bioactivity,BA_002381,MEASURED_ON,Target,CHEMBL1947,measured_on,Associated bioactivity was measured on respective target
Bioactivity,BA_002382,MEASURED_ON,Target,CHEMBL2424,measured_on,Associated bioactivity was measured on respective target
Bioactivity,BA_002383,MEASURED_ON,Target,CHEMBL279,measured_on,Associated bioactivity was measured on respective target
Bioactivity,BA_002384,MEASURED_ON,Target,CHEMBL203,measured_on,Associated bioactivity was measured on respective target
Bioactivity,BA_002385,MEASURED_ON,Target,CHEMBL6152,measured_on,Associated bioactivity was measured on respective target
Bioactivity,BA_002386,MEASURED_ON,Target,CHEMBL1293235,measured_on,Associated bioactivity was measured on respective target
Bioactivity,BA_002387,MEASURED_ON,Target,CHEMBL1784,measured_on,Associated bioactivity was measured on respective target
Bioactivity,BA_002388,MEASURED_ON,Target,CHEMBL335,measured_on,Associated bioactivity was measured on respective target
Bioactivity,BA_002389,MEASURED_ON,Target,CHEMBL5409,measured_on,Associated bioactivity was measured on respective target
Bioactivity,BA_002390,MEASURED_ON,Target,CHEMBL1293235,measured_on,Associated bioactivity was measured on respective target
Bioactivity,BA_002391,MEASURED_ON,Target,CHEMBL205,measured_on,Associated bioactivity was measured on respective target
Bioactivity,BA_002392,MEASURED_ON,Target,CHEMBL3242,measured_on,Associated bioactivity was measured on respective target
Bioactivity,BA_002393,MEASURED_ON,Target,CHEMBL3969,measured_on,Associated bioactivity was measured on respective target
Bioactivity,BA_002394,MEASURED_ON,Target,CHEMBL4789,measured_on,Associated bioactivity was measured on respective target
Bioactivity,BA_002395,MEASURED_ON,Target,CHEMBL1293235,measured_on,Associated bioactivity was measured on respective target
Bioactivity,BA_002396,MEASURED_ON,Target,CHEMBL5619,measured_on,Associated bioactivity was measured on respective target
Bioactivity,BA_002397,MEASURED_ON,Target,CHEMBL3720,measured_on,Associated bioactivity was measured on respective target
Bioactivity,BA_002398,MEASURED_ON,Target,CHEMBL1951,measured_on,Associated bioactivity was measured on respective target
Bioactivity,BA_002399,MEASURED_ON,Target,CHEMBL3334418,measured_on,Associated bioactivity was measured on respective target
Bioactivity,BA_002400,MEASURED_ON,Target,CHEMBL1951,measured_on,Associated bioactivity was measured on respective target
Bioactivity,BA_002401,MEASURED_ON,Target,CHEMBL1743121,measured_on,Associated bioactivity was measured on respective target
Bioactivity,BA_002402,MEASURED_ON,Target,CHEMBL1743121,measured_on,Associated bioactivity was measured on respective target
Bioactivity,BA_002403,MEASURED_ON,Target,CHEMBL1697668,measured_on,Associated bioactivity was measured on respective target
Bioactivity,BA_002404,MEASURED_ON,Target,CHEMBL1697668,measured_on,Associated bioactivity was measured on respective target
Bioactivity,BA_002405,MEASURED_ON,Target,CHEMBL4081,measured_on,Associated bioactivity was measured on respective target
Bioactivity,BA_002406,MEASURED_ON,Target,CHEMBL335,measured_on,Associated bioactivity was measured on respective target
Bioactivity,BA_002407,MEASURED_ON,Target,CHEMBL1963,measured_on,Associated bioactivity was measured on respective target
Bioactivity,BA_002408,MEASURED_ON,Target,CHEMBL5501,measured_on,Associated bioactivity was measured on respective target
Bioactivity,BA_002409,MEASURED_ON,Target,CHEMBL5282,measured_on,Associated bioactivity was measured on respective target
Bioactivity,BA_002410,MEASURED_ON,Target,CHEMBL5282,measured_on,Associated bioactivity was measured on respective target
Bioactivity,BA_002411,MEASURED_ON,Target,CHEMBL5619,measured_on,Associated bioactivity was measured on respective target
Bioactivity,BA_002412,MEASURED_ON,Target,CHEMBL1963,measured_on,Associated bioactivity was measured on respective target
Bioactivity,BA_002413,MEASURED_ON,Target,CHEMBL4096,measured_on,Associated bioactivity was measured on respective target
Bioactivity,BA_002414,MEASURED_ON,Target,CHEMBL3356,measured_on,Associated bioactivity was measured on respective target
Bioactivity,BA_002415,MEASURED_ON,Target,CHEMBL2231,measured_on,Associated bioactivity was measured on respective target
Bioactivity,BA_002416,MEASURED_ON,Target,CHEMBL4878,measured_on,Associated bioactivity was measured on respective target
Bioactivity,BA_002417,MEASURED_ON,Target,CHEMBL2231,measured_on,Associated bioactivity was measured on respective target
Bioactivity,BA_002418,MEASURED_ON,Target,CHEMBL4523488,measured_on,Associated bioactivity was measured on respective target
Bioactivity,BA_002419,MEASURED_ON,Target,CHEMBL4523401,measured_on,Associated bioactivity was measured on respective target
Bioactivity,BA_002420,MEASURED_ON,Target,CHEMBL1865,measured_on,Associated bioactivity was measured on respective target
Bioactivity,BA_002421,MEASURED_ON,Target,CHEMBL1929,measured_on,Associated bioactivity was measured on respective target
Bioactivity,BA_002422,MEASURED_ON,Target,CHEMBL5391,measured_on,Associated bioactivity was measured on respective target
Bioactivity,BA_002423,MEASURED_ON,Target,CHEMBL5542,measured_on,Associated bioactivity was measured on respective target
Bioactivity,BA_002424,MEASURED_ON,Target,CHEMBL1991,measured_on,Associated bioactivity was measured on respective target
Bioactivity,BA_002425,MEASURED_ON,Target,CHEMBL220,measured_on,Associated bioactivity was measured on respective target
Bioactivity,BA_002426,MEASURED_ON,Target,CHEMBL6007,measured_on,Associated bioactivity was measured on respective target
Bioactivity,BA_002427,MEASURED_ON,Target,CHEMBL2362978,measured_on,Associated bioactivity was measured on respective target
Bioactivity,BA_002428,MEASURED_ON,Target,CHEMBL2362978,measured_on,Associated bioactivity was measured on respective target
Bioactivity,BA_002429,MEASURED_ON,Target,CHEMBL2362978,measured_on,Associated bioactivity was measured on respective target
Bioactivity,BA_002430,MEASURED_ON,Target,CHEMBL2362978,measured_on,Associated bioactivity was measured on respective target
Bioactivity,BA_002431,MEASURED_ON,Target,CHEMBL6152,measured_on,Associated bioactivity was measured on respective target
Bioactivity,BA_002432,MEASURED_ON,Target,CHEMBL3404,measured_on,Associated bioactivity was measured on respective target
Bioactivity,BA_002433,MEASURED_ON,Target,CHEMBL4860,measured_on,Associated bioactivity was measured on respective target
Bioactivity,BA_002434,MEASURED_ON,Target,CHEMBL3869,measured_on,Associated bioactivity was measured on respective target
Bioactivity,BA_002435,MEASURED_ON,Target,CHEMBL333,measured_on,Associated bioactivity was measured on respective target
Bioactivity,BA_002436,MEASURED_ON,Target,CHEMBL3717,measured_on,Associated bioactivity was measured on respective target
Bioactivity,BA_002437,MEASURED_ON,Target,CHEMBL3717,measured_on,Associated bioactivity was measured on respective target
Bioactivity,BA_002438,MEASURED_ON,Target,CHEMBL1075138,measured_on,Associated bioactivity was measured on respective target
Bioactivity,BA_002439,MEASURED_ON,Target,CHEMBL1075189,measured_on,Associated bioactivity was measured on respective target
Bioactivity,BA_002440,MEASURED_ON,Target,CHEMBL2608,measured_on,Associated bioactivity was measured on respective target
Bioactivity,BA_002441,MEASURED_ON,Target,CHEMBL2392,measured_on,Associated bioactivity was measured on respective target
Bioactivity,BA_002442,MEASURED_ON,Target,CHEMBL260,measured_on,Associated bioactivity was measured on respective target
Bioactivity,BA_002443,MEASURED_ON,Target,CHEMBL6032,measured_on,Associated bioactivity was measured on respective target
Bioactivity,BA_002444,MEASURED_ON,Target,CHEMBL1741220,measured_on,Associated bioactivity was measured on respective target
Bioactivity,BA_002445,MEASURED_ON,Target,CHEMBL4822,measured_on,Associated bioactivity was measured on respective target
Bioactivity,BA_002446,MEASURED_ON,Target,CHEMBL4822,measured_on,Associated bioactivity was measured on respective target
Bioactivity,BA_002447,MEASURED_ON,Target,CHEMBL2916,measured_on,Associated bioactivity was measured on respective target
Bioactivity,BA_002448,MEASURED_ON,Target,CHEMBL2916,measured_on,Associated bioactivity was measured on respective target
Bioactivity,BA_002449,MEASURED_ON,Target,CHEMBL2916,measured_on,Associated bioactivity was measured on respective target
Bioactivity,BA_002450,MEASURED_ON,Target,CHEMBL4860,measured_on,Associated bioactivity was measured on respective target
Bioactivity,BA_002451,MEASURED_ON,Target,CHEMBL1293224,measured_on,Associated bioactivity was measured on respective target
Bioactivity,BA_002452,MEASURED_ON,Target,CHEMBL2292,measured_on,Associated bioactivity was measured on respective target
Bioactivity,BA_002453,MEASURED_ON,Target,CHEMBL6101,measured_on,Associated bioactivity was measured on respective target
Bioactivity,BA_002454,MEASURED_ON,Target,CHEMBL2487,measured_on,Associated bioactivity was measured on respective target
Bioactivity,BA_002455,MEASURED_ON,Target,CHEMBL2487,measured_on,Associated bioactivity was measured on respective target
Bioactivity,BA_002456,MEASURED_ON,Target,CHEMBL1993,measured_on,Associated bioactivity was measured on respective target
Bioactivity,BA_002457,MEASURED_ON,Target,CHEMBL2487,measured_on,Associated bioactivity was measured on respective target
Bioactivity,BA_002458,MEASURED_ON,Target,CHEMBL4302,measured_on,Associated bioactivity was measured on respective target
Bioactivity,BA_002459,MEASURED_ON,Target,CHEMBL4302,measured_on,Associated bioactivity was measured on respective target
Bioactivity,BA_002460,MEASURED_ON,Target,CHEMBL3194,measured_on,Associated bioactivity was measured on respective target
Bioactivity,BA_002461,MEASURED_ON,Target,CHEMBL5658,measured_on,Associated bioactivity was measured on respective target
Bioactivity,BA_002462,MEASURED_ON,Target,CHEMBL3334418,measured_on,Associated bioactivity was measured on respective target
Bioactivity,BA_002463,MEASURED_ON,Target,CHEMBL3094,measured_on,Associated bioactivity was measured on respective target
Bioactivity,BA_002464,MEASURED_ON,Target,CHEMBL4295835,measured_on,Associated bioactivity was measured on respective target
Bioactivity,BA_002465,MEASURED_ON,Target,CHEMBL4662,measured_on,Associated bioactivity was measured on respective target
Bioactivity,BA_002466,MEASURED_ON,Target,CHEMBL4662,measured_on,Associated bioactivity was measured on respective target
Bioactivity,BA_002467,MEASURED_ON,Target,CHEMBL2362978,measured_on,Associated bioactivity was measured on respective target
Bioactivity,BA_002468,MEASURED_ON,Target,CHEMBL2362978,measured_on,Associated bioactivity was measured on respective target
Bioactivity,BA_002469,MEASURED_ON,Target,CHEMBL2362978,measured_on,Associated bioactivity was measured on respective target
Bioactivity,BA_002470,MEASURED_ON,Target,CHEMBL6177,measured_on,Associated bioactivity was measured on respective target
Bioactivity,BA_002471,MEASURED_ON,Target,CHEMBL6177,measured_on,Associated bioactivity was measured on respective target
Bioactivity,BA_002472,MEASURED_ON,Target,CHEMBL6177,measured_on,Associated bioactivity was measured on respective target
Bioactivity,BA_002473,MEASURED_ON,Target,CHEMBL2292,measured_on,Associated bioactivity was measured on respective target
Bioactivity,BA_002474,MEASURED_ON,Target,CHEMBL2842,measured_on,Associated bioactivity was measured on respective target
Bioactivity,BA_002475,MEASURED_ON,Target,CHEMBL4005,measured_on,Associated bioactivity was measured on respective target
Bioactivity,BA_002476,MEASURED_ON,Target,CHEMBL2318,measured_on,Associated bioactivity was measured on respective target
Bioactivity,BA_002477,MEASURED_ON,Target,CHEMBL2285,measured_on,Associated bioactivity was measured on respective target
Bioactivity,BA_002478,MEASURED_ON,Target,CHEMBL4937,measured_on,Associated bioactivity was measured on respective target
Bioactivity,BA_002479,MEASURED_ON,Target,CHEMBL4224,measured_on,Associated bioactivity was measured on respective target
Bioactivity,BA_002480,MEASURED_ON,Target,CHEMBL4225,measured_on,Associated bioactivity was measured on respective target
Bioactivity,BA_002481,MEASURED_ON,Target,CHEMBL4226,measured_on,Associated bioactivity was measured on respective target
Bioactivity,BA_002482,MEASURED_ON,Target,CHEMBL4203,measured_on,Associated bioactivity was measured on respective target
Bioactivity,BA_002483,MEASURED_ON,Target,CHEMBL2292,measured_on,Associated bioactivity was measured on respective target
Bioactivity,BA_002484,MEASURED_ON,Target,CHEMBL5543,measured_on,Associated bioactivity was measured on respective target
Bioactivity,BA_002485,MEASURED_ON,Target,CHEMBL4376,measured_on,Associated bioactivity was measured on respective target
Bioactivity,BA_002486,MEASURED_ON,Target,CHEMBL4575,measured_on,Associated bioactivity was measured on respective target
Bioactivity,BA_002487,MEASURED_ON,Target,CHEMBL1075115,measured_on,Associated bioactivity was measured on respective target
Bioactivity,BA_002488,MEASURED_ON,Target,CHEMBL262,measured_on,Associated bioactivity was measured on respective target
Bioactivity,BA_002489,MEASURED_ON,Target,CHEMBL2292,measured_on,Associated bioactivity was measured on respective target
Bioactivity,BA_002490,MEASURED_ON,Target,CHEMBL2487,measured_on,Associated bioactivity was measured on respective target
Bioactivity,BA_002491,MEASURED_ON,Target,CHEMBL2487,measured_on,Associated bioactivity was measured on respective target
Bioactivity,BA_002492,MEASURED_ON,Target,CHEMBL1841,measured_on,Associated bioactivity was measured on respective target
Bioactivity,BA_002493,MEASURED_ON,Target,CHEMBL6119,measured_on,Associated bioactivity was measured on respective target
Bioactivity,BA_002494,MEASURED_ON,Target,CHEMBL6152,measured_on,Associated bioactivity was measured on respective target
Bioactivity,BA_002495,MEASURED_ON,Target,CHEMBL1293226,measured_on,Associated bioactivity was measured on respective target
Bioactivity,BA_002496,MEASURED_ON,Target,CHEMBL5619,measured_on,Associated bioactivity was measured on respective target
Bioactivity,BA_002497,MEASURED_ON,Target,CHEMBL2903,measured_on,Associated bioactivity was measured on respective target
Bioactivity,BA_002498,MEASURED_ON,Target,CHEMBL4295835,measured_on,Associated bioactivity was measured on respective target
Bioactivity,BA_002499,MEASURED_ON,Target,CHEMBL2362978,measured_on,Associated bioactivity was measured on respective target
Bioactivity,BA_002500,MEASURED_ON,Target,CHEMBL2362978,measured_on,Associated bioactivity was measured on respective target
Bioactivity,BA_002501,MEASURED_ON,Target,CHEMBL2231,measured_on,Associated bioactivity was measured on respective target
Bioactivity,BA_002502,MEASURED_ON,Target,CHEMBL4878,measured_on,Associated bioactivity was measured on respective target
Bioactivity,BA_002503,MEASURED_ON,Target,CHEMBL1293294,measured_on,Associated bioactivity was measured on respective target
Bioactivity,BA_002504,MEASURED_ON,Target,CHEMBL4261,measured_on,Associated bioactivity was measured on respective target
Bioactivity,BA_002505,MEASURED_ON,Target,CHEMBL1293277,measured_on,Associated bioactivity was measured on respective target
Bioactivity,BA_002506,MEASURED_ON,Target,CHEMBL4040,measured_on,Associated bioactivity was measured on respective target
Bioactivity,BA_002507,MEASURED_ON,Target,CHEMBL3729,measured_on,Associated bioactivity was measured on respective target
Bioactivity,BA_002508,MEASURED_ON,Target,CHEMBL2326,measured_on,Associated bioactivity was measured on respective target
Bioactivity,BA_002509,MEASURED_ON,Target,CHEMBL3242,measured_on,Associated bioactivity was measured on respective target
Bioactivity,BA_002510,MEASURED_ON,Target,CHEMBL284,measured_on,Associated bioactivity was measured on respective target
Bioactivity,BA_002511,MEASURED_ON,Target,CHEMBL1865,measured_on,Associated bioactivity was measured on respective target
Bioactivity,BA_002512,MEASURED_ON,Target,CHEMBL1929,measured_on,Associated bioactivity was measured on respective target
Bioactivity,BA_002513,MEASURED_ON,Target,CHEMBL1978,measured_on,Associated bioactivity was measured on respective target
Bioactivity,BA_002514,MEASURED_ON,Target,CHEMBL2147,measured_on,Associated bioactivity was measured on respective target
Bioactivity,BA_002515,MEASURED_ON,Target,CHEMBL2193,measured_on,Associated bioactivity was measured on respective target
Bioactivity,BA_002516,MEASURED_ON,Target,CHEMBL4096,measured_on,Associated bioactivity was measured on respective target
Bioactivity,BA_002517,MEASURED_ON,Target,CHEMBL1947,measured_on,Associated bioactivity was measured on respective target
Bioactivity,BA_002518,MEASURED_ON,Target,CHEMBL1795087,measured_on,Associated bioactivity was measured on respective target
Bioactivity,BA_002519,MEASURED_ON,Target,CHEMBL4377,measured_on,Associated bioactivity was measured on respective target
Bioactivity,BA_002520,MEASURED_ON,Target,CHEMBL1741176,measured_on,Associated bioactivity was measured on respective target
Bioactivity,BA_002521,MEASURED_ON,Target,CHEMBL5661,measured_on,Associated bioactivity was measured on respective target
Bioactivity,BA_002522,MEASURED_ON,Target,CHEMBL1784,measured_on,Associated bioactivity was measured on respective target
Bioactivity,BA_002523,MEASURED_ON,Target,CHEMBL5619,measured_on,Associated bioactivity was measured on respective target
Bioactivity,BA_002524,MEASURED_ON,Target,CHEMBL1947,measured_on,Associated bioactivity was measured on respective target
Bioactivity,BA_002525,MEASURED_ON,Target,CHEMBL2326,measured_on,Associated bioactivity was measured on respective target
Bioactivity,BA_002526,MEASURED_ON,Target,CHEMBL3594,measured_on,Associated bioactivity was measured on respective target
Bioactivity,BA_002527,MEASURED_ON,Target,CHEMBL3912,measured_on,Associated bioactivity was measured on respective target
Bioactivity,BA_002528,MEASURED_ON,Target,CHEMBL261,measured_on,Associated bioactivity was measured on respective target
Bioactivity,BA_002529,MEASURED_ON,Target,CHEMBL3242,measured_on,Associated bioactivity was measured on respective target
Bioactivity,BA_002530,MEASURED_ON,Target,CHEMBL3714079,measured_on,Associated bioactivity was measured on respective target
Bioactivity,BA_002531,MEASURED_ON,Target,CHEMBL3714079,measured_on,Associated bioactivity was measured on respective target
Bioactivity,BA_002532,MEASURED_ON,Target,CHEMBL3714079,measured_on,Associated bioactivity was measured on respective target
Bioactivity,BA_002533,MEASURED_ON,Target,CHEMBL1293278,measured_on,Associated bioactivity was measured on respective target
Bioactivity,BA_002534,MEASURED_ON,Target,CHEMBL2392,measured_on,Associated bioactivity was measured on respective target
Bioactivity,BA_002535,MEASURED_ON,Target,CHEMBL1293278,measured_on,Associated bioactivity was measured on respective target
Bioactivity,BA_002536,MEASURED_ON,Target,CHEMBL5619,measured_on,Associated bioactivity was measured on respective target
Bioactivity,BA_002537,MEASURED_ON,Target,CHEMBL4878,measured_on,Associated bioactivity was measured on respective target
Bioactivity,BA_002538,MEASURED_ON,Target,CHEMBL210,measured_on,Associated bioactivity was measured on respective target
Bioactivity,BA_002539,MEASURED_ON,Target,CHEMBL1293232,measured_on,Associated bioactivity was measured on respective target
Bioactivity,BA_002540,MEASURED_ON,Target,CHEMBL4685,measured_on,Associated bioactivity was measured on respective target
Bioactivity,BA_002541,MEASURED_ON,Target,CHEMBL6032,measured_on,Associated bioactivity was measured on respective target
Bioactivity,BA_002542,MEASURED_ON,Target,CHEMBL1741209,measured_on,Associated bioactivity was measured on respective target
Bioactivity,BA_002543,MEASURED_ON,Target,CHEMBL2039,measured_on,Associated bioactivity was measured on respective target
Bioactivity,BA_002544,MEASURED_ON,Target,CHEMBL1991,measured_on,Associated bioactivity was measured on respective target
Bioactivity,BA_002545,MEASURED_ON,Target,CHEMBL2147,measured_on,Associated bioactivity was measured on respective target
Bioactivity,BA_002546,MEASURED_ON,Target,CHEMBL1293278,measured_on,Associated bioactivity was measured on respective target
Bioactivity,BA_002547,MEASURED_ON,Target,CHEMBL5619,measured_on,Associated bioactivity was measured on respective target
Bioactivity,BA_002548,MEASURED_ON,Target,CHEMBL1951,measured_on,Associated bioactivity was measured on respective target
Bioactivity,BA_002549,MEASURED_ON,Target,CHEMBL2039,measured_on,Associated bioactivity was measured on respective target
Bioactivity,BA_002550,MEASURED_ON,Target,CHEMBL2140,measured_on,Associated bioactivity was measured on respective target
Bioactivity,BA_002551,MEASURED_ON,Target,CHEMBL225,measured_on,Associated bioactivity was measured on respective target
Bioactivity,BA_002552,MEASURED_ON,Target,CHEMBL228,measured_on,Associated bioactivity was measured on respective target
Bioactivity,BA_002553,MEASURED_ON,Target,CHEMBL214,measured_on,Associated bioactivity was measured on respective target
Bioactivity,BA_002554,MEASURED_ON,Target,CHEMBL224,measured_on,Associated bioactivity was measured on respective target
Bioactivity,BA_002555,MEASURED_ON,Target,CHEMBL1075138,measured_on,Associated bioactivity was measured on respective target
Bioactivity,BA_002556,MEASURED_ON,Target,CHEMBL4159,measured_on,Associated bioactivity was measured on respective target
Bioactivity,BA_002557,MEASURED_ON,Target,CHEMBL1741210,measured_on,Associated bioactivity was measured on respective target
Bioactivity,BA_002558,MEASURED_ON,Target,CHEMBL6032,measured_on,Associated bioactivity was measured on respective target
Bioactivity,BA_002559,MEASURED_ON,Target,CHEMBL5027,measured_on,Associated bioactivity was measured on respective target
Bioactivity,BA_002560,MEASURED_ON,Target,CHEMBL5365,measured_on,Associated bioactivity was measured on respective target
Bioactivity,BA_002561,MEASURED_ON,Target,CHEMBL5365,measured_on,Associated bioactivity was measured on respective target
Bioactivity,BA_002562,MEASURED_ON,Target,CHEMBL203,measured_on,Associated bioactivity was measured on respective target
Bioactivity,BA_002563,MEASURED_ON,Target,CHEMBL1841,measured_on,Associated bioactivity was measured on respective target
Bioactivity,BA_002564,MEASURED_ON,Target,CHEMBL258,measured_on,Associated bioactivity was measured on respective target
Bioactivity,BA_002565,MEASURED_ON,Target,CHEMBL2146312,measured_on,Associated bioactivity was measured on respective target
Bioactivity,BA_002566,MEASURED_ON,Target,CHEMBL2146312,measured_on,Associated bioactivity was measured on respective target
Bioactivity,BA_002567,MEASURED_ON,Target,CHEMBL5542,measured_on,Associated bioactivity was measured on respective target
Bioactivity,BA_002568,MEASURED_ON,Target,CHEMBL5619,measured_on,Associated bioactivity was measured on respective target
Bioactivity,BA_002569,MEASURED_ON,Target,CHEMBL1293237,measured_on,Associated bioactivity was measured on respective target
Bioactivity,BA_002570,MEASURED_ON,Target,CHEMBL3371,measured_on,Associated bioactivity was measured on respective target
Bioactivity,BA_002571,MEASURED_ON,Target,CHEMBL3155,measured_on,Associated bioactivity was measured on respective target
Bioactivity,BA_002572,MEASURED_ON,Target,CHEMBL224,measured_on,Associated bioactivity was measured on respective target
Bioactivity,BA_002573,MEASURED_ON,Target,CHEMBL224,measured_on,Associated bioactivity was measured on respective target
Bioactivity,BA_002574,MEASURED_ON,Target,CHEMBL3371,measured_on,Associated bioactivity was measured on respective target
Bioactivity,BA_002575,MEASURED_ON,Target,CHEMBL1983,measured_on,Associated bioactivity was measured on respective target
Bioactivity,BA_002576,MEASURED_ON,Target,CHEMBL214,measured_on,Associated bioactivity was measured on respective target
Bioactivity,BA_002577,MEASURED_ON,Target,CHEMBL1898,measured_on,Associated bioactivity was measured on respective target
Bioactivity,BA_002578,MEASURED_ON,Target,CHEMBL1983,measured_on,Associated bioactivity was measured on respective target
Bioactivity,BA_002579,MEASURED_ON,Target,CHEMBL225,measured_on,Associated bioactivity was measured on respective target
Bioactivity,BA_002580,MEASURED_ON,Target,CHEMBL1833,measured_on,Associated bioactivity was measured on respective target
Bioactivity,BA_002581,MEASURED_ON,Target,CHEMBL225,measured_on,Associated bioactivity was measured on respective target
Bioactivity,BA_002582,MEASURED_ON,Target,CHEMBL3371,measured_on,Associated bioactivity was measured on respective target
Bioactivity,BA_002583,MEASURED_ON,Target,CHEMBL214,measured_on,Associated bioactivity was measured on respective target
Bioactivity,BA_002584,MEASURED_ON,Target,CHEMBL214,measured_on,Associated bioactivity was measured on respective target
Bioactivity,BA_002585,MEASURED_ON,Target,CHEMBL1945,measured_on,Associated bioactivity was measured on respective target
Bioactivity,BA_002586,MEASURED_ON,Target,CHEMBL1946,measured_on,Associated bioactivity was measured on respective target
Bioactivity,BA_002587,MEASURED_ON,Target,CHEMBL1945,measured_on,Associated bioactivity was measured on respective target
Bioactivity,BA_002588,MEASURED_ON,Target,CHEMBL1946,measured_on,Associated bioactivity was measured on respective target
Bioactivity,BA_002589,MEASURED_ON,Target,CHEMBL224,measured_on,Associated bioactivity was measured on respective target
Bioactivity,BA_002590,MEASURED_ON,Target,CHEMBL224,measured_on,Associated bioactivity was measured on respective target
Bioactivity,BA_002591,MEASURED_ON,Target,CHEMBL224,measured_on,Associated bioactivity was measured on respective target
Bioactivity,BA_002592,MEASURED_ON,Target,CHEMBL1833,measured_on,Associated bioactivity was measured on respective target
Bioactivity,BA_002593,MEASURED_ON,Target,CHEMBL1833,measured_on,Associated bioactivity was measured on respective target
Bioactivity,BA_002594,MEASURED_ON,Target,CHEMBL225,measured_on,Associated bioactivity was measured on respective target
Bioactivity,BA_002595,MEASURED_ON,Target,CHEMBL225,measured_on,Associated bioactivity was measured on respective target
Bioactivity,BA_002596,MEASURED_ON,Target,CHEMBL224,measured_on,Associated bioactivity was measured on respective target
Bioactivity,BA_002597,MEASURED_ON,Target,CHEMBL224,measured_on,Associated bioactivity was measured on respective target
Bioactivity,BA_002598,MEASURED_ON,Target,CHEMBL1833,measured_on,Associated bioactivity was measured on respective target
Bioactivity,BA_002599,MEASURED_ON,Target,CHEMBL225,measured_on,Associated bioactivity was measured on respective target
Bioactivity,BA_002600,MEASURED_ON,Target,CHEMBL214,measured_on,Associated bioactivity was measured on respective target
Bioactivity,BA_002601,MEASURED_ON,Target,CHEMBL224,measured_on,Associated bioactivity was measured on respective target
Bioactivity,BA_002602,MEASURED_ON,Target,CHEMBL224,measured_on,Associated bioactivity was measured on respective target
Bioactivity,BA_002603,MEASURED_ON,Target,CHEMBL1833,measured_on,Associated bioactivity was measured on respective target
Bioactivity,BA_002604,MEASURED_ON,Target,CHEMBL2056,measured_on,Associated bioactivity was measured on respective target
Bioactivity,BA_002605,MEASURED_ON,Target,CHEMBL217,measured_on,Associated bioactivity was measured on respective target
Bioactivity,BA_002606,MEASURED_ON,Target,CHEMBL217,measured_on,Associated bioactivity was measured on respective target
Bioactivity,BA_002607,MEASURED_ON,Target,CHEMBL217,measured_on,Associated bioactivity was measured on respective target
Bioactivity,BA_002608,MEASURED_ON,Target,CHEMBL234,measured_on,Associated bioactivity was measured on respective target
Bioactivity,BA_002609,MEASURED_ON,Target,CHEMBL238,measured_on,Associated bioactivity was measured on respective target
Bioactivity,BA_002610,MEASURED_ON,Target,CHEMBL238,measured_on,Associated bioactivity was measured on respective target
Bioactivity,BA_002611,MEASURED_ON,Target,CHEMBL222,measured_on,Associated bioactivity was measured on respective target
Bioactivity,BA_002612,MEASURED_ON,Target,CHEMBL217,measured_on,Associated bioactivity was measured on respective target
Bioactivity,BA_002613,MEASURED_ON,Target,CHEMBL217,measured_on,Associated bioactivity was measured on respective target
Bioactivity,BA_002614,MEASURED_ON,Target,CHEMBL217,measured_on,Associated bioactivity was measured on respective target
Bioactivity,BA_002615,MEASURED_ON,Target,CHEMBL234,measured_on,Associated bioactivity was measured on respective target
Bioactivity,BA_002616,MEASURED_ON,Target,CHEMBL219,measured_on,Associated bioactivity was measured on respective target
Bioactivity,BA_002617,MEASURED_ON,Target,CHEMBL217,measured_on,Associated bioactivity was measured on respective target
Bioactivity,BA_002618,MEASURED_ON,Target,CHEMBL217,measured_on,Associated bioactivity was measured on respective target
Bioactivity,BA_002619,MEASURED_ON,Target,CHEMBL234,measured_on,Associated bioactivity was measured on respective target
Bioactivity,BA_002620,MEASURED_ON,Target,CHEMBL219,measured_on,Associated bioactivity was measured on respective target
Bioactivity,BA_002621,MEASURED_ON,Target,CHEMBL217,measured_on,Associated bioactivity was measured on respective target
Bioactivity,BA_002622,MEASURED_ON,Target,CHEMBL217,measured_on,Associated bioactivity was measured on respective target
Bioactivity,BA_002623,MEASURED_ON,Target,CHEMBL234,measured_on,Associated bioactivity was measured on respective target
Bioactivity,BA_002624,MEASURED_ON,Target,CHEMBL219,measured_on,Associated bioactivity was measured on respective target
Bioactivity,BA_002625,MEASURED_ON,Target,CHEMBL234,measured_on,Associated bioactivity was measured on respective target
Bioactivity,BA_002626,MEASURED_ON,Target,CHEMBL219,measured_on,Associated bioactivity was measured on respective target
Bioactivity,BA_002627,MEASURED_ON,Target,CHEMBL2056,measured_on,Associated bioactivity was measured on respective target
Bioactivity,BA_002628,MEASURED_ON,Target,CHEMBL2056,measured_on,Associated bioactivity was measured on respective target
Bioactivity,BA_002629,MEASURED_ON,Target,CHEMBL217,measured_on,Associated bioactivity was measured on respective target
Bioactivity,BA_002630,MEASURED_ON,Target,CHEMBL217,measured_on,Associated bioactivity was measured on respective target
Bioactivity,BA_002631,MEASURED_ON,Target,CHEMBL2056,measured_on,Associated bioactivity was measured on respective target
Bioactivity,BA_002632,MEASURED_ON,Target,CHEMBL1945,measured_on,Associated bioactivity was measured on respective target
Bioactivity,BA_002633,MEASURED_ON,Target,CHEMBL1946,measured_on,Associated bioactivity was measured on respective target
Bioactivity,BA_002634,MEASURED_ON,Target,CHEMBL217,measured_on,Associated bioactivity was measured on respective target
Bioactivity,BA_002635,MEASURED_ON,Target,CHEMBL219,measured_on,Associated bioactivity was measured on respective target
Bioactivity,BA_002636,MEASURED_ON,Target,CHEMBL217,measured_on,Associated bioactivity was measured on respective target
Bioactivity,BA_002637,MEASURED_ON,Target,CHEMBL1850,measured_on,Associated bioactivity was measured on respective target
Bioactivity,BA_002638,MEASURED_ON,Target,CHEMBL2056,measured_on,Associated bioactivity was measured on respective target
Bioactivity,BA_002639,MEASURED_ON,Target,CHEMBL219,measured_on,Associated bioactivity was measured on respective target
Bioactivity,BA_002640,MEASURED_ON,Target,CHEMBL217,measured_on,Associated bioactivity was measured on respective target
Bioactivity,BA_002641,MEASURED_ON,Target,CHEMBL217,measured_on,Associated bioactivity was measured on respective target
Bioactivity,BA_002642,MEASURED_ON,Target,CHEMBL234,measured_on,Associated bioactivity was measured on respective target
Bioactivity,BA_002643,MEASURED_ON,Target,CHEMBL2056,measured_on,Associated bioactivity was measured on respective target
Bioactivity,BA_002644,MEASURED_ON,Target,CHEMBL217,measured_on,Associated bioactivity was measured on respective target
Bioactivity,BA_002645,MEASURED_ON,Target,CHEMBL217,measured_on,Associated bioactivity was measured on respective target
Bioactivity,BA_002646,MEASURED_ON,Target,CHEMBL217,measured_on,Associated bioactivity was measured on respective target
Bioactivity,BA_002647,MEASURED_ON,Target,CHEMBL234,measured_on,Associated bioactivity was measured on respective target
Bioactivity,BA_002648,MEASURED_ON,Target,CHEMBL219,measured_on,Associated bioactivity was measured on respective target
Bioactivity,BA_002649,MEASURED_ON,Target,CHEMBL234,measured_on,Associated bioactivity was measured on respective target
Bioactivity,BA_002650,MEASURED_ON,Target,CHEMBL234,measured_on,Associated bioactivity was measured on respective target
Bioactivity,BA_002651,MEASURED_ON,Target,CHEMBL2056,measured_on,Associated bioactivity was measured on respective target
Bioactivity,BA_002652,MEASURED_ON,Target,CHEMBL217,measured_on,Associated bioactivity was measured on respective target
Bioactivity,BA_002653,MEASURED_ON,Target,CHEMBL217,measured_on,Associated bioactivity was measured on respective target
Bioactivity,BA_002654,MEASURED_ON,Target,CHEMBL234,measured_on,Associated bioactivity was measured on respective target
Bioactivity,BA_002655,MEASURED_ON,Target,CHEMBL2056,measured_on,Associated bioactivity was measured on respective target
Bioactivity,BA_002656,MEASURED_ON,Target,CHEMBL1075138,measured_on,Associated bioactivity was measured on respective target
Bioactivity,BA_002657,MEASURED_ON,Target,CHEMBL1075138,measured_on,Associated bioactivity was measured on respective target
Bioactivity,BA_002658,MEASURED_ON,Target,CHEMBL1293224,measured_on,Associated bioactivity was measured on respective target
Bioactivity,BA_002659,MEASURED_ON,Target,CHEMBL2903,measured_on,Associated bioactivity was measured on respective target
Bioactivity,BA_002660,MEASURED_ON,Target,CHEMBL4159,measured_on,Associated bioactivity was measured on respective target
Bioactivity,BA_002661,MEASURED_ON,Target,CHEMBL1293236,measured_on,Associated bioactivity was measured on respective target
Bioactivity,BA_002662,MEASURED_ON,Target,CHEMBL2056,measured_on,Associated bioactivity was measured on respective target
Bioactivity,BA_002663,MEASURED_ON,Target,CHEMBL1741210,measured_on,Associated bioactivity was measured on respective target
Bioactivity,BA_002664,MEASURED_ON,Target,CHEMBL2056,measured_on,Associated bioactivity was measured on respective target
Bioactivity,BA_002665,MEASURED_ON,Target,CHEMBL6032,measured_on,Associated bioactivity was measured on respective target
Bioactivity,BA_002666,MEASURED_ON,Target,CHEMBL2056,measured_on,Associated bioactivity was measured on respective target
Bioactivity,BA_002667,MEASURED_ON,Target,CHEMBL5027,measured_on,Associated bioactivity was measured on respective target
Bioactivity,BA_002668,MEASURED_ON,Target,CHEMBL234,measured_on,Associated bioactivity was measured on respective target
Bioactivity,BA_002669,MEASURED_ON,Target,CHEMBL2056,measured_on,Associated bioactivity was measured on respective target
Bioactivity,BA_002670,MEASURED_ON,Target,CHEMBL217,measured_on,Associated bioactivity was measured on respective target
Bioactivity,BA_002671,MEASURED_ON,Target,CHEMBL234,measured_on,Associated bioactivity was measured on respective target
Bioactivity,BA_002672,MEASURED_ON,Target,CHEMBL234,measured_on,Associated bioactivity was measured on respective target
Bioactivity,BA_002673,MEASURED_ON,Target,CHEMBL217,measured_on,Associated bioactivity was measured on respective target
Bioactivity,BA_002674,MEASURED_ON,Target,CHEMBL234,measured_on,Associated bioactivity was measured on respective target
Bioactivity,BA_002675,MEASURED_ON,Target,CHEMBL217,measured_on,Associated bioactivity was measured on respective target
Bioactivity,BA_002676,MEASURED_ON,Target,CHEMBL2056,measured_on,Associated bioactivity was measured on respective target
Bioactivity,BA_002677,MEASURED_ON,Target,CHEMBL234,measured_on,Associated bioactivity was measured on respective target
Bioactivity,BA_002678,MEASURED_ON,Target,CHEMBL217,measured_on,Associated bioactivity was measured on respective target
Bioactivity,BA_002679,MEASURED_ON,Target,CHEMBL234,measured_on,Associated bioactivity was measured on respective target
Bioactivity,BA_002680,MEASURED_ON,Target,CHEMBL219,measured_on,Associated bioactivity was measured on respective target
Bioactivity,BA_002681,MEASURED_ON,Target,CHEMBL217,measured_on,Associated bioactivity was measured on respective target
Bioactivity,BA_002682,MEASURED_ON,Target,CHEMBL217,measured_on,Associated bioactivity was measured on respective target
Bioactivity,BA_002683,MEASURED_ON,Target,CHEMBL1075138,measured_on,Associated bioactivity was measured on respective target
Bioactivity,BA_002684,MEASURED_ON,Target,CHEMBL234,measured_on,Associated bioactivity was measured on respective target
Bioactivity,BA_002685,MEASURED_ON,Target,CHEMBL217,measured_on,Associated bioactivity was measured on respective target
Bioactivity,BA_002686,MEASURED_ON,Target,CHEMBL234,measured_on,Associated bioactivity was measured on respective target
Bioactivity,BA_002687,MEASURED_ON,Target,CHEMBL217,measured_on,Associated bioactivity was measured on respective target
Bioactivity,BA_002688,MEASURED_ON,Target,CHEMBL217,measured_on,Associated bioactivity was measured on respective target
Bioactivity,BA_002689,MEASURED_ON,Target,CHEMBL2056,measured_on,Associated bioactivity was measured on respective target
Bioactivity,BA_002690,MEASURED_ON,Target,CHEMBL234,measured_on,Associated bioactivity was measured on respective target
Bioactivity,BA_002691,MEASURED_ON,Target,CHEMBL217,measured_on,Associated bioactivity was measured on respective target
Bioactivity,BA_002692,MEASURED_ON,Target,CHEMBL5619,measured_on,Associated bioactivity was measured on respective target
Bioactivity,BA_002693,MEASURED_ON,Target,CHEMBL217,measured_on,Associated bioactivity was measured on respective target
Bioactivity,BA_002694,MEASURED_ON,Target,CHEMBL217,measured_on,Associated bioactivity was measured on respective target
Bioactivity,BA_002695,MEASURED_ON,Target,CHEMBL234,measured_on,Associated bioactivity was measured on respective target
Bioactivity,BA_002696,MEASURED_ON,Target,CHEMBL234,measured_on,Associated bioactivity was measured on respective target
Bioactivity,BA_002697,MEASURED_ON,Target,CHEMBL1293226,measured_on,Associated bioactivity was measured on respective target
Bioactivity,BA_002698,MEASURED_ON,Target,CHEMBL217,measured_on,Associated bioactivity was measured on respective target
Bioactivity,BA_002699,MEASURED_ON,Target,CHEMBL234,measured_on,Associated bioactivity was measured on respective target
Bioactivity,BA_002700,MEASURED_ON,Target,CHEMBL234,measured_on,Associated bioactivity was measured on respective target
Bioactivity,BA_002701,MEASURED_ON,Target,CHEMBL217,measured_on,Associated bioactivity was measured on respective target
Bioactivity,BA_002702,MEASURED_ON,Target,CHEMBL234,measured_on,Associated bioactivity was measured on respective target
Bioactivity,BA_002703,MEASURED_ON,Target,CHEMBL217,measured_on,Associated bioactivity was measured on respective target
Bioactivity,BA_002704,MEASURED_ON,Target,CHEMBL217,measured_on,Associated bioactivity was measured on respective target
Bioactivity,BA_002705,MEASURED_ON,Target,CHEMBL217,measured_on,Associated bioactivity was measured on respective target
Bioactivity,BA_002706,MEASURED_ON,Target,CHEMBL234,measured_on,Associated bioactivity was measured on respective target
Bioactivity,BA_002707,MEASURED_ON,Target,CHEMBL217,measured_on,Associated bioactivity was measured on respective target
Bioactivity,BA_002708,MEASURED_ON,Target,CHEMBL217,measured_on,Associated bioactivity was measured on respective target
Bioactivity,BA_002709,MEASURED_ON,Target,CHEMBL217,measured_on,Associated bioactivity was measured on respective target
Bioactivity,BA_002710,MEASURED_ON,Target,CHEMBL217,measured_on,Associated bioactivity was measured on respective target
Bioactivity,BA_002711,MEASURED_ON,Target,CHEMBL217,measured_on,Associated bioactivity was measured on respective target
Bioactivity,BA_002712,MEASURED_ON,Target,CHEMBL217,measured_on,Associated bioactivity was measured on respective target
Bioactivity,BA_002713,MEASURED_ON,Target,CHEMBL217,measured_on,Associated bioactivity was measured on respective target
Bioactivity,BA_002714,MEASURED_ON,Target,CHEMBL217,measured_on,Associated bioactivity was measured on respective target
Bioactivity,BA_002715,MEASURED_ON,Target,CHEMBL217,measured_on,Associated bioactivity was measured on respective target
Bioactivity,BA_002716,MEASURED_ON,Target,CHEMBL217,measured_on,Associated bioactivity was measured on respective target
Bioactivity,BA_002717,MEASURED_ON,Target,CHEMBL217,measured_on,Associated bioactivity was measured on respective target
Bioactivity,BA_002718,MEASURED_ON,Target,CHEMBL234,measured_on,Associated bioactivity was measured on respective target
Bioactivity,BA_002719,MEASURED_ON,Target,CHEMBL217,measured_on,Associated bioactivity was measured on respective target
Bioactivity,BA_002720,MEASURED_ON,Target,CHEMBL217,measured_on,Associated bioactivity was measured on respective target
Bioactivity,BA_002721,MEASURED_ON,Target,CHEMBL217,measured_on,Associated bioactivity was measured on respective target
Bioactivity,BA_002722,MEASURED_ON,Target,CHEMBL217,measured_on,Associated bioactivity was measured on respective target
Bioactivity,BA_002723,MEASURED_ON,Target,CHEMBL219,measured_on,Associated bioactivity was measured on respective target
Bioactivity,BA_002724,MEASURED_ON,Target,CHEMBL219,measured_on,Associated bioactivity was measured on respective target
Bioactivity,BA_002725,MEASURED_ON,Target,CHEMBL2056,measured_on,Associated bioactivity was measured on respective target
Bioactivity,BA_002726,MEASURED_ON,Target,CHEMBL2056,measured_on,Associated bioactivity was measured on respective target
Bioactivity,BA_002727,MEASURED_ON,Target,CHEMBL217,measured_on,Associated bioactivity was measured on respective target
Bioactivity,BA_002728,MEASURED_ON,Target,CHEMBL234,measured_on,Associated bioactivity was measured on respective target
Bioactivity,BA_002729,MEASURED_ON,Target,CHEMBL217,measured_on,Associated bioactivity was measured on respective target
Bioactivity,BA_002730,MEASURED_ON,Target,CHEMBL217,measured_on,Associated bioactivity was measured on respective target
Bioactivity,BA_002731,MEASURED_ON,Target,CHEMBL234,measured_on,Associated bioactivity was measured on respective target
Bioactivity,BA_002732,MEASURED_ON,Target,CHEMBL234,measured_on,Associated bioactivity was measured on respective target
Bioactivity,BA_002733,MEASURED_ON,Target,CHEMBL234,measured_on,Associated bioactivity was measured on respective target
Bioactivity,BA_002734,MEASURED_ON,Target,CHEMBL217,measured_on,Associated bioactivity was measured on respective target
Bioactivity,BA_002735,MEASURED_ON,Target,CHEMBL234,measured_on,Associated bioactivity was measured on respective target
Bioactivity,BA_002736,MEASURED_ON,Target,CHEMBL234,measured_on,Associated bioactivity was measured on respective target
Bioactivity,BA_002737,MEASURED_ON,Target,CHEMBL234,measured_on,Associated bioactivity was measured on respective target
Bioactivity,BA_002738,MEASURED_ON,Target,CHEMBL234,measured_on,Associated bioactivity was measured on respective target
Bioactivity,BA_002739,MEASURED_ON,Target,CHEMBL234,measured_on,Associated bioactivity was measured on respective target
Bioactivity,BA_002740,MEASURED_ON,Target,CHEMBL234,measured_on,Associated bioactivity was measured on respective target
Bioactivity,BA_002741,MEASURED_ON,Target,CHEMBL217,measured_on,Associated bioactivity was measured on respective target
Bioactivity,BA_002742,MEASURED_ON,Target,CHEMBL234,measured_on,Associated bioactivity was measured on respective target
Bioactivity,BA_002743,MEASURED_ON,Target,CHEMBL2056,measured_on,Associated bioactivity was measured on respective target
Bioactivity,BA_002744,MEASURED_ON,Target,CHEMBL2056,measured_on,Associated bioactivity was measured on respective target
Bioactivity,BA_002745,MEASURED_ON,Target,CHEMBL217,measured_on,Associated bioactivity was measured on respective target
Bioactivity,BA_002746,MEASURED_ON,Target,CHEMBL219,measured_on,Associated bioactivity was measured on respective target
Bioactivity,BA_002747,MEASURED_ON,Target,CHEMBL1850,measured_on,Associated bioactivity was measured on respective target
Bioactivity,BA_002748,MEASURED_ON,Target,CHEMBL6152,measured_on,Associated bioactivity was measured on respective target
Bioactivity,BA_002749,MEASURED_ON,Target,CHEMBL6152,measured_on,Associated bioactivity was measured on respective target
Bioactivity,BA_002750,MEASURED_ON,Target,CHEMBL217,measured_on,Associated bioactivity was measured on respective target
Bioactivity,BA_002751,MEASURED_ON,Target,CHEMBL5857,measured_on,Associated bioactivity was measured on respective target
Bioactivity,BA_002752,MEASURED_ON,Target,CHEMBL234,measured_on,Associated bioactivity was measured on respective target
Bioactivity,BA_002753,MEASURED_ON,Target,CHEMBL219,measured_on,Associated bioactivity was measured on respective target
Bioactivity,BA_002754,MEASURED_ON,Target,CHEMBL219,measured_on,Associated bioactivity was measured on respective target
Bioactivity,BA_002755,MEASURED_ON,Target,CHEMBL219,measured_on,Associated bioactivity was measured on respective target
Bioactivity,BA_002756,MEASURED_ON,Target,CHEMBL217,measured_on,Associated bioactivity was measured on respective target
Bioactivity,BA_002757,MEASURED_ON,Target,CHEMBL234,measured_on,Associated bioactivity was measured on respective target
Bioactivity,BA_002758,MEASURED_ON,Target,CHEMBL217,measured_on,Associated bioactivity was measured on respective target
Bioactivity,BA_002759,MEASURED_ON,Target,CHEMBL219,measured_on,Associated bioactivity was measured on respective target
Bioactivity,BA_002760,MEASURED_ON,Target,CHEMBL217,measured_on,Associated bioactivity was measured on respective target
Bioactivity,BA_002761,MEASURED_ON,Target,CHEMBL234,measured_on,Associated bioactivity was measured on respective target
Bioactivity,BA_002762,MEASURED_ON,Target,CHEMBL219,measured_on,Associated bioactivity was measured on respective target
Bioactivity,BA_002763,MEASURED_ON,Target,CHEMBL2056,measured_on,Associated bioactivity was measured on respective target
Bioactivity,BA_002764,MEASURED_ON,Target,CHEMBL234,measured_on,Associated bioactivity was measured on respective target
Bioactivity,BA_002765,MEASURED_ON,Target,CHEMBL234,measured_on,Associated bioactivity was measured on respective target
Bioactivity,BA_002766,MEASURED_ON,Target,CHEMBL234,measured_on,Associated bioactivity was measured on respective target
Bioactivity,BA_002767,MEASURED_ON,Target,CHEMBL234,measured_on,Associated bioactivity was measured on respective target
Bioactivity,BA_002768,MEASURED_ON,Target,CHEMBL217,measured_on,Associated bioactivity was measured on respective target
Bioactivity,BA_002769,MEASURED_ON,Target,CHEMBL217,measured_on,Associated bioactivity was measured on respective target
Bioactivity,BA_002770,MEASURED_ON,Target,CHEMBL1850,measured_on,Associated bioactivity was measured on respective target
Bioactivity,BA_002771,MEASURED_ON,Target,CHEMBL2056,measured_on,Associated bioactivity was measured on respective target
Bioactivity,BA_002772,MEASURED_ON,Target,CHEMBL217,measured_on,Associated bioactivity was measured on respective target
Bioactivity,BA_002773,MEASURED_ON,Target,CHEMBL234,measured_on,Associated bioactivity was measured on respective target
Bioactivity,BA_002774,MEASURED_ON,Target,CHEMBL219,measured_on,Associated bioactivity was measured on respective target
Bioactivity,BA_002775,MEASURED_ON,Target,CHEMBL238,measured_on,Associated bioactivity was measured on respective target
Bioactivity,BA_002776,MEASURED_ON,Target,CHEMBL219,measured_on,Associated bioactivity was measured on respective target
Bioactivity,BA_002777,MEASURED_ON,Target,CHEMBL219,measured_on,Associated bioactivity was measured on respective target
Bioactivity,BA_002778,MEASURED_ON,Target,CHEMBL217,measured_on,Associated bioactivity was measured on respective target
Bioactivity,BA_002779,MEASURED_ON,Target,CHEMBL217,measured_on,Associated bioactivity was measured on respective target
Bioactivity,BA_002780,MEASURED_ON,Target,CHEMBL219,measured_on,Associated bioactivity was measured on respective target
Bioactivity,BA_002781,MEASURED_ON,Target,CHEMBL219,measured_on,Associated bioactivity was measured on respective target
Bioactivity,BA_002782,MEASURED_ON,Target,CHEMBL219,measured_on,Associated bioactivity was measured on respective target
Bioactivity,BA_002783,MEASURED_ON,Target,CHEMBL4878,measured_on,Associated bioactivity was measured on respective target
Bioactivity,BA_002784,MEASURED_ON,Target,CHEMBL2231,measured_on,Associated bioactivity was measured on respective target
Bioactivity,BA_002785,MEASURED_ON,Target,CHEMBL3356,measured_on,Associated bioactivity was measured on respective target
Bioactivity,BA_002786,MEASURED_ON,Target,CHEMBL3356,measured_on,Associated bioactivity was measured on respective target
Bioactivity,BA_002787,MEASURED_ON,Target,CHEMBL2231,measured_on,Associated bioactivity was measured on respective target
Bioactivity,BA_002788,MEASURED_ON,Target,CHEMBL4878,measured_on,Associated bioactivity was measured on respective target
Bioactivity,BA_002789,MEASURED_ON,Target,CHEMBL4261,measured_on,Associated bioactivity was measured on respective target
Bioactivity,BA_002790,MEASURED_ON,Target,CHEMBL3397,measured_on,Associated bioactivity was measured on respective target
Bioactivity,BA_002791,MEASURED_ON,Target,CHEMBL1741209,measured_on,Associated bioactivity was measured on respective target
Bioactivity,BA_002792,MEASURED_ON,Target,CHEMBL2231,measured_on,Associated bioactivity was measured on respective target
Bioactivity,BA_002793,MEASURED_ON,Target,CHEMBL4878,measured_on,Associated bioactivity was measured on respective target
Bioactivity,BA_002794,MEASURED_ON,Target,CHEMBL5719,measured_on,Associated bioactivity was measured on respective target
Bioactivity,BA_002795,MEASURED_ON,Target,CHEMBL3116,measured_on,Associated bioactivity was measured on respective target
Bioactivity,BA_002796,MEASURED_ON,Target,CHEMBL1075138,measured_on,Associated bioactivity was measured on respective target
Bioactivity,BA_002797,MEASURED_ON,Target,CHEMBL2362981,measured_on,Associated bioactivity was measured on respective target
Bioactivity,BA_002798,MEASURED_ON,Target,CHEMBL1964,measured_on,Associated bioactivity was measured on respective target
Bioactivity,BA_002799,MEASURED_ON,Target,CHEMBL4306,measured_on,Associated bioactivity was measured on respective target
Bioactivity,BA_002800,MEASURED_ON,Target,CHEMBL4306,measured_on,Associated bioactivity was measured on respective target
Bioactivity,BA_002801,MEASURED_ON,Target,CHEMBL4878,measured_on,Associated bioactivity was measured on respective target
Bioactivity,BA_002802,MEASURED_ON,Target,CHEMBL1951,measured_on,Associated bioactivity was measured on respective target
Bioactivity,BA_002803,MEASURED_ON,Target,CHEMBL2039,measured_on,Associated bioactivity was measured on respective target
Bioactivity,BA_002804,MEASURED_ON,Target,CHEMBL1951,measured_on,Associated bioactivity was measured on respective target
Bioactivity,BA_002805,MEASURED_ON,Target,CHEMBL2039,measured_on,Associated bioactivity was measured on respective target
Bioactivity,BA_002806,MEASURED_ON,Target,CHEMBL1951,measured_on,Associated bioactivity was measured on respective target
Bioactivity,BA_002807,MEASURED_ON,Target,CHEMBL4523488,measured_on,Associated bioactivity was measured on respective target
Bioactivity,BA_002808,MEASURED_ON,Target,CHEMBL1974,measured_on,Associated bioactivity was measured on respective target
Bioactivity,BA_002809,MEASURED_ON,Target,CHEMBL1974,measured_on,Associated bioactivity was measured on respective target
Bioactivity,BA_002810,MEASURED_ON,Target,CHEMBL1974,measured_on,Associated bioactivity was measured on respective target
Bioactivity,BA_002811,MEASURED_ON,Target,CHEMBL5522,measured_on,Associated bioactivity was measured on respective target
Bioactivity,BA_002812,MEASURED_ON,Target,CHEMBL225,measured_on,Associated bioactivity was measured on respective target
Bioactivity,BA_002813,MEASURED_ON,Target,CHEMBL3371,measured_on,Associated bioactivity was measured on respective target
Bioactivity,BA_002814,MEASURED_ON,Target,CHEMBL1983,measured_on,Associated bioactivity was measured on respective target
Bioactivity,BA_002815,MEASURED_ON,Target,CHEMBL1898,measured_on,Associated bioactivity was measured on respective target
Bioactivity,BA_002816,MEASURED_ON,Target,CHEMBL1983,measured_on,Associated bioactivity was measured on respective target
Bioactivity,BA_002817,MEASURED_ON,Target,CHEMBL2056,measured_on,Associated bioactivity was measured on respective target
Bioactivity,BA_002818,MEASURED_ON,Target,CHEMBL2439,measured_on,Associated bioactivity was measured on respective target
Bioactivity,BA_002819,MEASURED_ON,Target,CHEMBL2193,measured_on,Associated bioactivity was measured on respective target
Bioactivity,BA_002820,MEASURED_ON,Target,CHEMBL1293317,measured_on,Associated bioactivity was measured on respective target
Bioactivity,BA_002821,MEASURED_ON,Target,CHEMBL224,measured_on,Associated bioactivity was measured on respective target
Bioactivity,BA_002822,MEASURED_ON,Target,CHEMBL5282,measured_on,Associated bioactivity was measured on respective target
Bioactivity,BA_002823,MEASURED_ON,Target,CHEMBL3542436,measured_on,Associated bioactivity was measured on respective target
Bioactivity,BA_002824,MEASURED_ON,Target,CHEMBL3155,measured_on,Associated bioactivity was measured on respective target
Bioactivity,BA_002825,MEASURED_ON,Target,CHEMBL5857,measured_on,Associated bioactivity was measured on respective target
Bioactivity,BA_002826,MEASURED_ON,Target,CHEMBL261,measured_on,Associated bioactivity was measured on respective target
Bioactivity,BA_002827,MEASURED_ON,Target,CHEMBL205,measured_on,Associated bioactivity was measured on respective target
Bioactivity,BA_002828,MEASURED_ON,Target,CHEMBL3594,measured_on,Associated bioactivity was measured on respective target
Bioactivity,BA_002829,MEASURED_ON,Target,CHEMBL3242,measured_on,Associated bioactivity was measured on respective target
Bioactivity,BA_002830,MEASURED_ON,Target,CHEMBL3510,measured_on,Associated bioactivity was measured on respective target
Bioactivity,BA_002831,MEASURED_ON,Target,CHEMBL2326,measured_on,Associated bioactivity was measured on respective target
Bioactivity,BA_002832,MEASURED_ON,Target,CHEMBL1293235,measured_on,Associated bioactivity was measured on respective target
Bioactivity,BA_002833,MEASURED_ON,Target,CHEMBL1293294,measured_on,Associated bioactivity was measured on respective target
Bioactivity,BA_002834,MEASURED_ON,Target,CHEMBL1293224,measured_on,Associated bioactivity was measured on respective target
Bioactivity,BA_002835,MEASURED_ON,Target,CHEMBL1293277,measured_on,Associated bioactivity was measured on respective target
Bioactivity,BA_002836,MEASURED_ON,Target,CHEMBL5619,measured_on,Associated bioactivity was measured on respective target
Bioactivity,BA_002837,MEASURED_ON,Target,CHEMBL2034,measured_on,Associated bioactivity was measured on respective target
Bioactivity,BA_002838,MEASURED_ON,Target,CHEMBL2392,measured_on,Associated bioactivity was measured on respective target
Bioactivity,BA_002839,MEASURED_ON,Target,CHEMBL5573,measured_on,Associated bioactivity was measured on respective target
Bioactivity,BA_002840,MEASURED_ON,Target,CHEMBL5573,measured_on,Associated bioactivity was measured on respective target
Bioactivity,BA_002841,MEASURED_ON,Target,CHEMBL1900,measured_on,Associated bioactivity was measured on respective target
Bioactivity,BA_002842,MEASURED_ON,Target,CHEMBL205,measured_on,Associated bioactivity was measured on respective target
Bioactivity,BA_002843,MEASURED_ON,Target,CHEMBL3729,measured_on,Associated bioactivity was measured on respective target
Bioactivity,BA_002844,MEASURED_ON,Target,CHEMBL2326,measured_on,Associated bioactivity was measured on respective target
Bioactivity,BA_002845,MEASURED_ON,Target,CHEMBL3242,measured_on,Associated bioactivity was measured on respective target
Bioactivity,BA_002846,MEASURED_ON,Target,CHEMBL205,measured_on,Associated bioactivity was measured on respective target
Bioactivity,BA_002847,MEASURED_ON,Target,CHEMBL3242,measured_on,Associated bioactivity was measured on respective target
Bioactivity,BA_002848,MEASURED_ON,Target,CHEMBL1929,measured_on,Associated bioactivity was measured on respective target
Bioactivity,BA_002849,MEASURED_ON,Target,CHEMBL6136,measured_on,Associated bioactivity was measured on respective target
Bioactivity,BA_002850,MEASURED_ON,Target,CHEMBL6136,measured_on,Associated bioactivity was measured on respective target
Bioactivity,BA_002851,MEASURED_ON,Target,CHEMBL1075189,measured_on,Associated bioactivity was measured on respective target
Bioactivity,BA_002852,MEASURED_ON,Target,CHEMBL5422,measured_on,Associated bioactivity was measured on respective target
Bioactivity,BA_002853,MEASURED_ON,Target,CHEMBL2311236,measured_on,Associated bioactivity was measured on respective target
Bioactivity,BA_002854,MEASURED_ON,Target,CHEMBL5573,measured_on,Associated bioactivity was measured on respective target
Bioactivity,BA_002855,MEASURED_ON,Target,CHEMBL5573,measured_on,Associated bioactivity was measured on respective target
Bioactivity,BA_002856,MEASURED_ON,Target,CHEMBL5542,measured_on,Associated bioactivity was measured on respective target
Bioactivity,BA_002857,MEASURED_ON,Target,CHEMBL2056,measured_on,Associated bioactivity was measured on respective target
Bioactivity,BA_002858,MEASURED_ON,Target,CHEMBL217,measured_on,Associated bioactivity was measured on respective target
Bioactivity,BA_002859,MEASURED_ON,Target,CHEMBL225,measured_on,Associated bioactivity was measured on respective target
Bioactivity,BA_002860,MEASURED_ON,Target,CHEMBL2056,measured_on,Associated bioactivity was measured on respective target
Bioactivity,BA_002861,MEASURED_ON,Target,CHEMBL217,measured_on,Associated bioactivity was measured on respective target
Bioactivity,BA_002862,MEASURED_ON,Target,CHEMBL225,measured_on,Associated bioactivity was measured on respective target
Bioactivity,BA_002863,MEASURED_ON,Target,CHEMBL5619,measured_on,Associated bioactivity was measured on respective target
Bioactivity,BA_002864,MEASURED_ON,Target,CHEMBL3822353,measured_on,Associated bioactivity was measured on respective target
Bioactivity,BA_002865,MEASURED_ON,Target,CHEMBL229,measured_on,Associated bioactivity was measured on respective target
Bioactivity,BA_002866,MEASURED_ON,Target,CHEMBL232,measured_on,Associated bioactivity was measured on respective target
Bioactivity,BA_002867,MEASURED_ON,Target,CHEMBL223,measured_on,Associated bioactivity was measured on respective target
Bioactivity,BA_002868,MEASURED_ON,Target,CHEMBL205,measured_on,Associated bioactivity was measured on respective target
Bioactivity,BA_002869,MEASURED_ON,Target,CHEMBL205,measured_on,Associated bioactivity was measured on respective target
Bioactivity,BA_002870,MEASURED_ON,Target,CHEMBL3969,measured_on,Associated bioactivity was measured on respective target
Bioactivity,BA_002871,MEASURED_ON,Target,CHEMBL3242,measured_on,Associated bioactivity was measured on respective target
Bioactivity,BA_002872,MEASURED_ON,Target,CHEMBL3251,measured_on,Associated bioactivity was measured on respective target
Bioactivity,BA_002873,MEASURED_ON,Target,CHEMBL2842,measured_on,Associated bioactivity was measured on respective target
Bioactivity,BA_002874,MEASURED_ON,Target,CHEMBL1293224,measured_on,Associated bioactivity was measured on respective target
Bioactivity,BA_002875,MEASURED_ON,Target,CHEMBL1293256,measured_on,Associated bioactivity was measured on respective target
Bioactivity,BA_002876,MEASURED_ON,Target,CHEMBL6032,measured_on,Associated bioactivity was measured on respective target
Bioactivity,BA_002877,MEASURED_ON,Target,CHEMBL5027,measured_on,Associated bioactivity was measured on respective target
Bioactivity,BA_002878,MEASURED_ON,Target,CHEMBL206,measured_on,Associated bioactivity was measured on respective target
Bioactivity,BA_002879,MEASURED_ON,Target,CHEMBL1741186,measured_on,Associated bioactivity was measured on respective target
Bioactivity,BA_002880,MEASURED_ON,Target,CHEMBL1947,measured_on,Associated bioactivity was measured on respective target
Bioactivity,BA_002881,MEASURED_ON,Target,CHEMBL1947,measured_on,Associated bioactivity was measured on respective target
Bioactivity,BA_002882,MEASURED_ON,Target,CHEMBL5501,measured_on,Associated bioactivity was measured on respective target
Bioactivity,BA_002883,MEASURED_ON,Target,CHEMBL1977,measured_on,Associated bioactivity was measured on respective target
Bioactivity,BA_002884,MEASURED_ON,Target,CHEMBL2421,measured_on,Associated bioactivity was measured on respective target
Bioactivity,BA_002885,MEASURED_ON,Target,CHEMBL3305,measured_on,Associated bioactivity was measured on respective target
Bioactivity,BA_002886,MEASURED_ON,Target,CHEMBL1795091,measured_on,Associated bioactivity was measured on respective target
Bioactivity,BA_002887,MEASURED_ON,Target,CHEMBL1075094,measured_on,Associated bioactivity was measured on respective target
Bioactivity,BA_002888,MEASURED_ON,Target,CHEMBL1293258,measured_on,Associated bioactivity was measured on respective target
Bioactivity,BA_002889,MEASURED_ON,Target,CHEMBL1293278,measured_on,Associated bioactivity was measured on respective target
Bioactivity,BA_002890,MEASURED_ON,Target,CHEMBL1795085,measured_on,Associated bioactivity was measured on respective target
Bioactivity,BA_002891,MEASURED_ON,Target,CHEMBL1784,measured_on,Associated bioactivity was measured on respective target
Bioactivity,BA_002892,MEASURED_ON,Target,CHEMBL2007625,measured_on,Associated bioactivity was measured on respective target
Bioactivity,BA_002893,MEASURED_ON,Target,CHEMBL1075094,measured_on,Associated bioactivity was measured on respective target
Bioactivity,BA_002894,MEASURED_ON,Target,CHEMBL216,measured_on,Associated bioactivity was measured on respective target
Bioactivity,BA_002895,MEASURED_ON,Target,CHEMBL211,measured_on,Associated bioactivity was measured on respective target
Bioactivity,BA_002896,MEASURED_ON,Target,CHEMBL211,measured_on,Associated bioactivity was measured on respective target
Bioactivity,BA_002897,MEASURED_ON,Target,CHEMBL1821,measured_on,Associated bioactivity was measured on respective target
Bioactivity,BA_002898,MEASURED_ON,Target,CHEMBL1821,measured_on,Associated bioactivity was measured on respective target
Bioactivity,BA_002899,MEASURED_ON,Target,CHEMBL216,measured_on,Associated bioactivity was measured on respective target
Bioactivity,BA_002900,MEASURED_ON,Target,CHEMBL216,measured_on,Associated bioactivity was measured on respective target
Bioactivity,BA_002901,MEASURED_ON,Target,CHEMBL211,measured_on,Associated bioactivity was measured on respective target
Bioactivity,BA_002902,MEASURED_ON,Target,CHEMBL245,measured_on,Associated bioactivity was measured on respective target
Bioactivity,BA_002903,MEASURED_ON,Target,CHEMBL1821,measured_on,Associated bioactivity was measured on respective target
Bioactivity,BA_002904,MEASURED_ON,Target,CHEMBL2035,measured_on,Associated bioactivity was measured on respective target
Bioactivity,BA_002905,MEASURED_ON,Target,CHEMBL216,measured_on,Associated bioactivity was measured on respective target
Bioactivity,BA_002906,MEASURED_ON,Target,CHEMBL216,measured_on,Associated bioactivity was measured on respective target
Bioactivity,BA_002907,MEASURED_ON,Target,CHEMBL211,measured_on,Associated bioactivity was measured on respective target
Bioactivity,BA_002908,MEASURED_ON,Target,CHEMBL1821,measured_on,Associated bioactivity was measured on respective target
Bioactivity,BA_002909,MEASURED_ON,Target,CHEMBL2035,measured_on,Associated bioactivity was measured on respective target
Bioactivity,BA_002910,MEASURED_ON,Target,CHEMBL216,measured_on,Associated bioactivity was measured on respective target
Bioactivity,BA_002911,MEASURED_ON,Target,CHEMBL211,measured_on,Associated bioactivity was measured on respective target
Bioactivity,BA_002912,MEASURED_ON,Target,CHEMBL1075138,measured_on,Associated bioactivity was measured on respective target
Bioactivity,BA_002913,MEASURED_ON,Target,CHEMBL3622,measured_on,Associated bioactivity was measured on respective target
Bioactivity,BA_002914,MEASURED_ON,Target,CHEMBL3397,measured_on,Associated bioactivity was measured on respective target
Bioactivity,BA_002915,MEASURED_ON,Target,CHEMBL3397,measured_on,Associated bioactivity was measured on respective target
Bioactivity,BA_002916,MEASURED_ON,Target,CHEMBL2056,measured_on,Associated bioactivity was measured on respective target
Bioactivity,BA_002917,MEASURED_ON,Target,CHEMBL216,measured_on,Associated bioactivity was measured on respective target
Bioactivity,BA_002918,MEASURED_ON,Target,CHEMBL211,measured_on,Associated bioactivity was measured on respective target
Bioactivity,BA_002919,MEASURED_ON,Target,CHEMBL211,measured_on,Associated bioactivity was measured on respective target
Bioactivity,BA_002920,MEASURED_ON,Target,CHEMBL1821,measured_on,Associated bioactivity was measured on respective target
Bioactivity,BA_002921,MEASURED_ON,Target,CHEMBL1821,measured_on,Associated bioactivity was measured on respective target
Bioactivity,BA_002922,MEASURED_ON,Target,CHEMBL211,measured_on,Associated bioactivity was measured on respective target
Bioactivity,BA_002923,MEASURED_ON,Target,CHEMBL211,measured_on,Associated bioactivity was measured on respective target
Bioactivity,BA_002924,MEASURED_ON,Target,CHEMBL211,measured_on,Associated bioactivity was measured on respective target
Bioactivity,BA_002925,MEASURED_ON,Target,CHEMBL1075094,measured_on,Associated bioactivity was measured on respective target
Bioactivity,BA_002926,MEASURED_ON,Target,CHEMBL1963,measured_on,Associated bioactivity was measured on respective target
Bioactivity,BA_002927,MEASURED_ON,Target,CHEMBL1293278,measured_on,Associated bioactivity was measured on respective target
Bioactivity,BA_002928,MEASURED_ON,Target,CHEMBL1293278,measured_on,Associated bioactivity was measured on respective target
Bioactivity,BA_002929,MEASURED_ON,Target,CHEMBL1795085,measured_on,Associated bioactivity was measured on respective target
Bioactivity,BA_002930,MEASURED_ON,Target,CHEMBL1795085,measured_on,Associated bioactivity was measured on respective target
Bioactivity,BA_002931,MEASURED_ON,Target,CHEMBL1784,measured_on,Associated bioactivity was measured on respective target
Bioactivity,BA_002932,MEASURED_ON,Target,CHEMBL2007625,measured_on,Associated bioactivity was measured on respective target
Bioactivity,BA_002933,MEASURED_ON,Target,CHEMBL2007625,measured_on,Associated bioactivity was measured on respective target
Bioactivity,BA_002934,MEASURED_ON,Target,CHEMBL1075094,measured_on,Associated bioactivity was measured on respective target
Bioactivity,BA_002935,MEASURED_ON,Target,CHEMBL5282,measured_on,Associated bioactivity was measured on respective target
Bioactivity,BA_002936,MEASURED_ON,Target,CHEMBL1793,measured_on,Associated bioactivity was measured on respective target
Bioactivity,BA_002937,MEASURED_ON,Target,CHEMBL3979,measured_on,Associated bioactivity was measured on respective target
Bioactivity,BA_002938,MEASURED_ON,Target,CHEMBL1741186,measured_on,Associated bioactivity was measured on respective target
Bioactivity,BA_002939,MEASURED_ON,Target,CHEMBL299,measured_on,Associated bioactivity was measured on respective target
Bioactivity,BA_002940,MEASURED_ON,Target,CHEMBL335,measured_on,Associated bioactivity was measured on respective target
Bioactivity,BA_002941,MEASURED_ON,Target,CHEMBL205,measured_on,Associated bioactivity was measured on respective target
Bioactivity,BA_002942,MEASURED_ON,Target,CHEMBL3242,measured_on,Associated bioactivity was measured on respective target
Bioactivity,BA_002943,MEASURED_ON,Target,CHEMBL2885,measured_on,Associated bioactivity was measured on respective target
Bioactivity,BA_002944,MEASURED_ON,Target,CHEMBL1293235,measured_on,Associated bioactivity was measured on respective target
Bioactivity,BA_002945,MEASURED_ON,Target,CHEMBL1293237,measured_on,Associated bioactivity was measured on respective target
Bioactivity,BA_002946,MEASURED_ON,Target,CHEMBL1293255,measured_on,Associated bioactivity was measured on respective target
Bioactivity,BA_002947,MEASURED_ON,Target,CHEMBL340,measured_on,Associated bioactivity was measured on respective target
Bioactivity,BA_002948,MEASURED_ON,Target,CHEMBL6032,measured_on,Associated bioactivity was measured on respective target
Bioactivity,BA_002949,MEASURED_ON,Target,CHEMBL2288,measured_on,Associated bioactivity was measured on respective target
Bioactivity,BA_002950,MEASURED_ON,Target,CHEMBL2061,measured_on,Associated bioactivity was measured on respective target
Bioactivity,BA_002951,MEASURED_ON,Target,CHEMBL1293278,measured_on,Associated bioactivity was measured on respective target
Bioactivity,BA_002952,MEASURED_ON,Target,CHEMBL1075094,measured_on,Associated bioactivity was measured on respective target
Bioactivity,BA_002953,MEASURED_ON,Target,CHEMBL1841,measured_on,Associated bioactivity was measured on respective target
Bioactivity,BA_002954,MEASURED_ON,Target,CHEMBL1841,measured_on,Associated bioactivity was measured on respective target
Bioactivity,BA_002955,MEASURED_ON,Target,CHEMBL1841,measured_on,Associated bioactivity was measured on respective target
Bioactivity,BA_002956,MEASURED_ON,Target,CHEMBL1900,measured_on,Associated bioactivity was measured on respective target
Bioactivity,BA_002957,MEASURED_ON,Target,CHEMBL1293236,measured_on,Associated bioactivity was measured on respective target
Bioactivity,BA_002958,MEASURED_ON,Target,CHEMBL5619,measured_on,Associated bioactivity was measured on respective target
Bioactivity,BA_002959,MEASURED_ON,Target,CHEMBL1075138,measured_on,Associated bioactivity was measured on respective target
Bioactivity,BA_002960,MEASURED_ON,Target,CHEMBL1075189,measured_on,Associated bioactivity was measured on respective target
Bioactivity,BA_002961,MEASURED_ON,Target,CHEMBL4361,measured_on,Associated bioactivity was measured on respective target
Bioactivity,BA_002962,MEASURED_ON,Target,CHEMBL2392,measured_on,Associated bioactivity was measured on respective target
Bioactivity,BA_002963,MEASURED_ON,Target,CHEMBL2608,measured_on,Associated bioactivity was measured on respective target
Bioactivity,BA_002964,MEASURED_ON,Target,CHEMBL1741220,measured_on,Associated bioactivity was measured on respective target
Bioactivity,BA_002965,MEASURED_ON,Target,CHEMBL332,measured_on,Associated bioactivity was measured on respective target
Bioactivity,BA_002966,MEASURED_ON,Target,CHEMBL3194,measured_on,Associated bioactivity was measured on respective target
Bioactivity,BA_002967,MEASURED_ON,Target,CHEMBL2789,measured_on,Associated bioactivity was measured on respective target
Bioactivity,BA_002968,MEASURED_ON,Target,CHEMBL6152,measured_on,Associated bioactivity was measured on respective target
Bioactivity,BA_002969,MEASURED_ON,Target,CHEMBL5925,measured_on,Associated bioactivity was measured on respective target
Bioactivity,BA_002970,MEASURED_ON,Target,CHEMBL4096,measured_on,Associated bioactivity was measured on respective target
Bioactivity,BA_002971,MEASURED_ON,Target,CHEMBL1293235,measured_on,Associated bioactivity was measured on respective target
Bioactivity,BA_002972,MEASURED_ON,Target,CHEMBL1293235,measured_on,Associated bioactivity was measured on respective target
Bioactivity,BA_002973,MEASURED_ON,Target,CHEMBL1947,measured_on,Associated bioactivity was measured on respective target
Bioactivity,BA_002974,MEASURED_ON,Target,CHEMBL1871,measured_on,Associated bioactivity was measured on respective target
Bioactivity,BA_002975,MEASURED_ON,Target,CHEMBL3577,measured_on,Associated bioactivity was measured on respective target
Bioactivity,BA_002976,MEASURED_ON,Target,CHEMBL220,measured_on,Associated bioactivity was measured on respective target
Bioactivity,BA_002977,MEASURED_ON,Target,CHEMBL1947,measured_on,Associated bioactivity was measured on respective target
Bioactivity,BA_002978,MEASURED_ON,Target,CHEMBL261,measured_on,Associated bioactivity was measured on respective target
Bioactivity,BA_002979,MEASURED_ON,Target,CHEMBL205,measured_on,Associated bioactivity was measured on respective target
Bioactivity,BA_002980,MEASURED_ON,Target,CHEMBL1075138,measured_on,Associated bioactivity was measured on respective target
Bioactivity,BA_002981,MEASURED_ON,Target,CHEMBL1293255,measured_on,Associated bioactivity was measured on respective target
Bioactivity,BA_002982,MEASURED_ON,Target,CHEMBL1947,measured_on,Associated bioactivity was measured on respective target
Bioactivity,BA_002983,MEASURED_ON,Target,CHEMBL1293235,measured_on,Associated bioactivity was measured on respective target
Bioactivity,BA_002984,MEASURED_ON,Target,CHEMBL4096,measured_on,Associated bioactivity was measured on respective target
Bioactivity,BA_002985,MEASURED_ON,Target,CHEMBL256,measured_on,Associated bioactivity was measured on respective target
Bioactivity,BA_002986,MEASURED_ON,Target,CHEMBL1784,measured_on,Associated bioactivity was measured on respective target
Bioactivity,BA_002987,MEASURED_ON,Target,CHEMBL4377,measured_on,Associated bioactivity was measured on respective target
Bioactivity,BA_002988,MEASURED_ON,Target,CHEMBL233,measured_on,Associated bioactivity was measured on respective target
Bioactivity,BA_002989,MEASURED_ON,Target,CHEMBL233,measured_on,Associated bioactivity was measured on respective target
Bioactivity,BA_002990,MEASURED_ON,Target,CHEMBL233,measured_on,Associated bioactivity was measured on respective target
Bioactivity,BA_002991,MEASURED_ON,Target,CHEMBL233,measured_on,Associated bioactivity was measured on respective target
Bioactivity,BA_002992,MEASURED_ON,Target,CHEMBL5849,measured_on,Associated bioactivity was measured on respective target
Bioactivity,BA_002993,MEASURED_ON,Target,CHEMBL5849,measured_on,Associated bioactivity was measured on respective target
Bioactivity,BA_002994,MEASURED_ON,Target,CHEMBL335,measured_on,Associated bioactivity was measured on respective target
Bioactivity,BA_002995,MEASURED_ON,Target,CHEMBL1909484,measured_on,Associated bioactivity was measured on respective target
Bioactivity,BA_002996,MEASURED_ON,Target,CHEMBL1974,measured_on,Associated bioactivity was measured on respective target
Bioactivity,BA_002997,MEASURED_ON,Target,CHEMBL1974,measured_on,Associated bioactivity was measured on respective target
Bioactivity,BA_002998,MEASURED_ON,Target,CHEMBL1974,measured_on,Associated bioactivity was measured on respective target
Bioactivity,BA_002999,MEASURED_ON,Target,CHEMBL4393,measured_on,Associated bioactivity was measured on respective target
Bioactivity,BA_003000,MEASURED_ON,Target,CHEMBL1293278,measured_on,Associated bioactivity was measured on respective target
Bioactivity,BA_003001,MEASURED_ON,Target,CHEMBL3729,measured_on,Associated bioactivity was measured on respective target
Bioactivity,BA_003002,MEASURED_ON,Target,CHEMBL2326,measured_on,Associated bioactivity was measured on respective target
Bioactivity,BA_003003,MEASURED_ON,Target,CHEMBL3242,measured_on,Associated bioactivity was measured on respective target
Bioactivity,BA_003004,MEASURED_ON,Target,CHEMBL1075189,measured_on,Associated bioactivity was measured on respective target
Bioactivity,BA_003005,MEASURED_ON,Target,CHEMBL1974,measured_on,Associated bioactivity was measured on respective target
Bioactivity,BA_003006,MEASURED_ON,Target,CHEMBL1909484,measured_on,Associated bioactivity was measured on respective target
Bioactivity,BA_003007,MEASURED_ON,Target,CHEMBL1801,measured_on,Associated bioactivity was measured on respective target
Bioactivity,BA_003008,MEASURED_ON,Target,CHEMBL1250375,measured_on,Associated bioactivity was measured on respective target
Bioactivity,BA_003009,MEASURED_ON,Target,CHEMBL2231,measured_on,Associated bioactivity was measured on respective target
Bioactivity,BA_003010,MEASURED_ON,Target,CHEMBL2231,measured_on,Associated bioactivity was measured on respective target
Bioactivity,BA_003011,MEASURED_ON,Target,CHEMBL3356,measured_on,Associated bioactivity was measured on respective target
Bioactivity,BA_003012,MEASURED_ON,Target,CHEMBL3356,measured_on,Associated bioactivity was measured on respective target
Bioactivity,BA_003013,MEASURED_ON,Target,CHEMBL4878,measured_on,Associated bioactivity was measured on respective target
Bioactivity,BA_003014,MEASURED_ON,Target,CHEMBL3356,measured_on,Associated bioactivity was measured on respective target
Bioactivity,BA_003015,MEASURED_ON,Target,CHEMBL4878,measured_on,Associated bioactivity was measured on respective target
Bioactivity,BA_003016,MEASURED_ON,Target,CHEMBL2231,measured_on,Associated bioactivity was measured on respective target
Bioactivity,BA_003017,MEASURED_ON,Target,CHEMBL4878,measured_on,Associated bioactivity was measured on respective target
Bioactivity,BA_003018,MEASURED_ON,Target,CHEMBL2231,measured_on,Associated bioactivity was measured on respective target
Bioactivity,BA_003019,MEASURED_ON,Target,CHEMBL5393,measured_on,Associated bioactivity was measured on respective target
Bioactivity,BA_003020,MEASURED_ON,Target,CHEMBL5393,measured_on,Associated bioactivity was measured on respective target
Bioactivity,BA_003021,MEASURED_ON,Target,CHEMBL1287622,measured_on,Associated bioactivity was measured on respective target
Bioactivity,BA_003022,MEASURED_ON,Target,CHEMBL1784,measured_on,Associated bioactivity was measured on respective target
Bioactivity,BA_003023,MEASURED_ON,Target,CHEMBL5365,measured_on,Associated bioactivity was measured on respective target
Bioactivity,BA_003024,MEASURED_ON,Target,CHEMBL2029198,measured_on,Associated bioactivity was measured on respective target
Bioactivity,BA_003025,MEASURED_ON,Target,CHEMBL4377,measured_on,Associated bioactivity was measured on respective target
Bioactivity,BA_003026,MEASURED_ON,Target,CHEMBL4878,measured_on,Associated bioactivity was measured on respective target
Bioactivity,BA_003027,MEASURED_ON,Target,CHEMBL2231,measured_on,Associated bioactivity was measured on respective target
Bioactivity,BA_003028,MEASURED_ON,Target,CHEMBL4878,measured_on,Associated bioactivity was measured on respective target
Bioactivity,BA_003029,MEASURED_ON,Target,CHEMBL2231,measured_on,Associated bioactivity was measured on respective target
Bioactivity,BA_003030,MEASURED_ON,Target,CHEMBL1293258,measured_on,Associated bioactivity was measured on respective target
Bioactivity,BA_003031,MEASURED_ON,Target,CHEMBL1075138,measured_on,Associated bioactivity was measured on respective target
Bioactivity,BA_003032,MEASURED_ON,Target,CHEMBL1075138,measured_on,Associated bioactivity was measured on respective target
Bioactivity,BA_003033,MEASURED_ON,Target,CHEMBL4878,measured_on,Associated bioactivity was measured on respective target
Bioactivity,BA_003034,MEASURED_ON,Target,CHEMBL2231,measured_on,Associated bioactivity was measured on respective target
Bioactivity,BA_003035,MEASURED_ON,Target,CHEMBL4878,measured_on,Associated bioactivity was measured on respective target
Bioactivity,BA_003036,MEASURED_ON,Target,CHEMBL2231,measured_on,Associated bioactivity was measured on respective target
Bioactivity,BA_003037,MEASURED_ON,Target,CHEMBL3356,measured_on,Associated bioactivity was measured on respective target
Bioactivity,BA_003038,MEASURED_ON,Target,CHEMBL4878,measured_on,Associated bioactivity was measured on respective target
Bioactivity,BA_003039,MEASURED_ON,Target,CHEMBL4878,measured_on,Associated bioactivity was measured on respective target
Bioactivity,BA_003040,MEASURED_ON,Target,CHEMBL2231,measured_on,Associated bioactivity was measured on respective target
Bioactivity,BA_003041,MEASURED_ON,Target,CHEMBL1869,measured_on,Associated bioactivity was measured on respective target
Bioactivity,BA_003042,MEASURED_ON,Target,CHEMBL1947,measured_on,Associated bioactivity was measured on respective target
Bioactivity,BA_003043,MEASURED_ON,Target,CHEMBL2034,measured_on,Associated bioactivity was measured on respective target
Bioactivity,BA_003044,MEASURED_ON,Target,CHEMBL1741186,measured_on,Associated bioactivity was measured on respective target
Bioactivity,BA_003045,MEASURED_ON,Target,CHEMBL1293235,measured_on,Associated bioactivity was measured on respective target
Bioactivity,BA_003046,MEASURED_ON,Target,CHEMBL220,measured_on,Associated bioactivity was measured on respective target
Bioactivity,BA_003047,MEASURED_ON,Target,CHEMBL2034,measured_on,Associated bioactivity was measured on respective target
Bioactivity,BA_003048,MEASURED_ON,Target,CHEMBL1741186,measured_on,Associated bioactivity was measured on respective target
Bioactivity,BA_003049,MEASURED_ON,Target,CHEMBL6007,measured_on,Associated bioactivity was measured on respective target
Bioactivity,BA_003050,MEASURED_ON,Target,CHEMBL3356,measured_on,Associated bioactivity was measured on respective target
Bioactivity,BA_003051,MEASURED_ON,Target,CHEMBL5619,measured_on,Associated bioactivity was measured on respective target
Bioactivity,BA_003052,MEASURED_ON,Target,CHEMBL2034,measured_on,Associated bioactivity was measured on respective target
Bioactivity,BA_003053,MEASURED_ON,Target,CHEMBL1293278,measured_on,Associated bioactivity was measured on respective target
Bioactivity,BA_003054,MEASURED_ON,Target,CHEMBL1075138,measured_on,Associated bioactivity was measured on respective target
Bioactivity,BA_003055,MEASURED_ON,Target,CHEMBL2047,measured_on,Associated bioactivity was measured on respective target
Bioactivity,BA_003056,MEASURED_ON,Target,CHEMBL2083,measured_on,Associated bioactivity was measured on respective target
Bioactivity,BA_003057,MEASURED_ON,Target,CHEMBL5983,measured_on,Associated bioactivity was measured on respective target
Bioactivity,BA_003058,MEASURED_ON,Target,CHEMBL3251,measured_on,Associated bioactivity was measured on respective target
Bioactivity,BA_003059,MEASURED_ON,Target,CHEMBL2362978,measured_on,Associated bioactivity was measured on respective target
Bioactivity,BA_003060,MEASURED_ON,Target,CHEMBL244,measured_on,Associated bioactivity was measured on respective target
Bioactivity,BA_003061,MEASURED_ON,Target,CHEMBL244,measured_on,Associated bioactivity was measured on respective target
Bioactivity,BA_003062,MEASURED_ON,Target,CHEMBL244,measured_on,Associated bioactivity was measured on respective target
Bioactivity,BA_003063,MEASURED_ON,Target,CHEMBL244,measured_on,Associated bioactivity was measured on respective target
Bioactivity,BA_003064,MEASURED_ON,Target,CHEMBL1293232,measured_on,Associated bioactivity was measured on respective target
Bioactivity,BA_003065,MEASURED_ON,Target,CHEMBL1795087,measured_on,Associated bioactivity was measured on respective target
Bioactivity,BA_003066,MEASURED_ON,Target,CHEMBL1293278,measured_on,Associated bioactivity was measured on respective target
Bioactivity,BA_003067,MEASURED_ON,Target,CHEMBL1075138,measured_on,Associated bioactivity was measured on respective target
Bioactivity,BA_003068,MEASURED_ON,Target,CHEMBL242,measured_on,Associated bioactivity was measured on respective target
Bioactivity,BA_003069,MEASURED_ON,Target,CHEMBL206,measured_on,Associated bioactivity was measured on respective target
Bioactivity,BA_003070,MEASURED_ON,Target,CHEMBL242,measured_on,Associated bioactivity was measured on respective target
Bioactivity,BA_003071,MEASURED_ON,Target,CHEMBL206,measured_on,Associated bioactivity was measured on respective target
Bioactivity,BA_003072,MEASURED_ON,Target,CHEMBL2421,measured_on,Associated bioactivity was measured on respective target
Bioactivity,BA_003073,MEASURED_ON,Target,CHEMBL242,measured_on,Associated bioactivity was measured on respective target
Bioactivity,BA_003074,MEASURED_ON,Target,CHEMBL206,measured_on,Associated bioactivity was measured on respective target
Bioactivity,BA_003075,MEASURED_ON,Target,CHEMBL242,measured_on,Associated bioactivity was measured on respective target
Bioactivity,BA_003076,MEASURED_ON,Target,CHEMBL206,measured_on,Associated bioactivity was measured on respective target
Bioactivity,BA_003077,MEASURED_ON,Target,CHEMBL3181,measured_on,Associated bioactivity was measured on respective target
Bioactivity,BA_003078,MEASURED_ON,Target,CHEMBL242,measured_on,Associated bioactivity was measured on respective target
Bioactivity,BA_003079,MEASURED_ON,Target,CHEMBL242,measured_on,Associated bioactivity was measured on respective target
Bioactivity,BA_003080,MEASURED_ON,Target,CHEMBL206,measured_on,Associated bioactivity was measured on respective target
Bioactivity,BA_003081,MEASURED_ON,Target,CHEMBL242,measured_on,Associated bioactivity was measured on respective target
Bioactivity,BA_003082,MEASURED_ON,Target,CHEMBL3181,measured_on,Associated bioactivity was measured on respective target
Bioactivity,BA_003083,MEASURED_ON,Target,CHEMBL3305,measured_on,Associated bioactivity was measured on respective target
Bioactivity,BA_003084,MEASURED_ON,Target,CHEMBL3181,measured_on,Associated bioactivity was measured on respective target
Bioactivity,BA_003085,MEASURED_ON,Target,CHEMBL3181,measured_on,Associated bioactivity was measured on respective target
Bioactivity,BA_003086,MEASURED_ON,Target,CHEMBL3181,measured_on,Associated bioactivity was measured on respective target
Bioactivity,BA_003087,MEASURED_ON,Target,CHEMBL206,measured_on,Associated bioactivity was measured on respective target
Bioactivity,BA_003088,MEASURED_ON,Target,CHEMBL242,measured_on,Associated bioactivity was measured on respective target
Bioactivity,BA_003089,MEASURED_ON,Target,CHEMBL3181,measured_on,Associated bioactivity was measured on respective target
Bioactivity,BA_003090,MEASURED_ON,Target,CHEMBL206,measured_on,Associated bioactivity was measured on respective target
Bioactivity,BA_003091,MEASURED_ON,Target,CHEMBL1293235,measured_on,Associated bioactivity was measured on respective target
Bioactivity,BA_003092,MEASURED_ON,Target,CHEMBL3251,measured_on,Associated bioactivity was measured on respective target
Bioactivity,BA_003093,MEASURED_ON,Target,CHEMBL4261,measured_on,Associated bioactivity was measured on respective target
Bioactivity,BA_003094,MEASURED_ON,Target,CHEMBL1293298,measured_on,Associated bioactivity was measured on respective target
Bioactivity,BA_003095,MEASURED_ON,Target,CHEMBL1293237,measured_on,Associated bioactivity was measured on respective target
Bioactivity,BA_003096,MEASURED_ON,Target,CHEMBL4159,measured_on,Associated bioactivity was measured on respective target
Bioactivity,BA_003097,MEASURED_ON,Target,CHEMBL340,measured_on,Associated bioactivity was measured on respective target
Bioactivity,BA_003098,MEASURED_ON,Target,CHEMBL206,measured_on,Associated bioactivity was measured on respective target
Bioactivity,BA_003099,MEASURED_ON,Target,CHEMBL206,measured_on,Associated bioactivity was measured on respective target
Bioactivity,BA_003100,MEASURED_ON,Target,CHEMBL206,measured_on,Associated bioactivity was measured on respective target
Bioactivity,BA_003101,MEASURED_ON,Target,CHEMBL1833,measured_on,Associated bioactivity was measured on respective target
Bioactivity,BA_003102,MEASURED_ON,Target,CHEMBL228,measured_on,Associated bioactivity was measured on respective target
Bioactivity,BA_003103,MEASURED_ON,Target,CHEMBL228,measured_on,Associated bioactivity was measured on respective target
Bioactivity,BA_003104,MEASURED_ON,Target,CHEMBL5393,measured_on,Associated bioactivity was measured on respective target
Bioactivity,BA_003105,MEASURED_ON,Target,CHEMBL3181,measured_on,Associated bioactivity was measured on respective target
Bioactivity,BA_003106,MEASURED_ON,Target,CHEMBL2362981,measured_on,Associated bioactivity was measured on respective target
Bioactivity,BA_003107,MEASURED_ON,Target,CHEMBL2193,measured_on,Associated bioactivity was measured on respective target
Bioactivity,BA_003108,MEASURED_ON,Target,CHEMBL1978,measured_on,Associated bioactivity was measured on respective target
Bioactivity,BA_003109,MEASURED_ON,Target,CHEMBL242,measured_on,Associated bioactivity was measured on respective target
Bioactivity,BA_003110,MEASURED_ON,Target,CHEMBL206,measured_on,Associated bioactivity was measured on respective target
Bioactivity,BA_003111,MEASURED_ON,Target,CHEMBL242,measured_on,Associated bioactivity was measured on respective target
Bioactivity,BA_003112,MEASURED_ON,Target,CHEMBL206,measured_on,Associated bioactivity was measured on respective target
Bioactivity,BA_003113,MEASURED_ON,Target,CHEMBL5983,measured_on,Associated bioactivity was measured on respective target
Bioactivity,BA_003114,MEASURED_ON,Target,CHEMBL1293294,measured_on,Associated bioactivity was measured on respective target
Bioactivity,BA_003115,MEASURED_ON,Target,CHEMBL1293317,measured_on,Associated bioactivity was measured on respective target
Bioactivity,BA_003116,MEASURED_ON,Target,CHEMBL4040,measured_on,Associated bioactivity was measured on respective target
Bioactivity,BA_003117,MEASURED_ON,Target,CHEMBL1741193,measured_on,Associated bioactivity was measured on respective target
Bioactivity,BA_003118,MEASURED_ON,Target,CHEMBL5027,measured_on,Associated bioactivity was measured on respective target
Bioactivity,BA_003119,MEASURED_ON,Target,CHEMBL4860,measured_on,Associated bioactivity was measured on respective target
Bioactivity,BA_003120,MEASURED_ON,Target,CHEMBL4361,measured_on,Associated bioactivity was measured on respective target
Bioactivity,BA_003121,MEASURED_ON,Target,CHEMBL5027,measured_on,Associated bioactivity was measured on respective target
Bioactivity,BA_003122,MEASURED_ON,Target,CHEMBL4878,measured_on,Associated bioactivity was measured on respective target
Bioactivity,BA_003123,MEASURED_ON,Target,CHEMBL2558,measured_on,Associated bioactivity was measured on respective target
Bioactivity,BA_003124,MEASURED_ON,Target,CHEMBL4804,measured_on,Associated bioactivity was measured on respective target
Bioactivity,BA_003125,MEASURED_ON,Target,CHEMBL1075094,measured_on,Associated bioactivity was measured on respective target
Bioactivity,BA_003126,MEASURED_ON,Target,CHEMBL4685,measured_on,Associated bioactivity was measured on respective target
Bioactivity,BA_003127,MEASURED_ON,Target,CHEMBL248,measured_on,Associated bioactivity was measured on respective target
Bioactivity,BA_003128,MEASURED_ON,Target,CHEMBL3687,measured_on,Associated bioactivity was measured on respective target
Bioactivity,BA_003129,MEASURED_ON,Target,CHEMBL5501,measured_on,Associated bioactivity was measured on respective target
Bioactivity,BA_003130,MEASURED_ON,Target,CHEMBL5365,measured_on,Associated bioactivity was measured on respective target
Bioactivity,BA_003131,MEASURED_ON,Target,CHEMBL5365,measured_on,Associated bioactivity was measured on respective target
Bioactivity,BA_003132,MEASURED_ON,Target,CHEMBL2288,measured_on,Associated bioactivity was measured on respective target
Bioactivity,BA_003133,MEASURED_ON,Target,CHEMBL2007625,measured_on,Associated bioactivity was measured on respective target
Bioactivity,BA_003134,MEASURED_ON,Target,CHEMBL2362981,measured_on,Associated bioactivity was measured on respective target
Bioactivity,BA_003135,MEASURED_ON,Target,CHEMBL1951,measured_on,Associated bioactivity was measured on respective target
Bioactivity,BA_003136,MEASURED_ON,Target,CHEMBL1951,measured_on,Associated bioactivity was measured on respective target
Bioactivity,BA_003137,MEASURED_ON,Target,CHEMBL4878,measured_on,Associated bioactivity was measured on respective target
Bioactivity,BA_003138,MEASURED_ON,Target,CHEMBL4878,measured_on,Associated bioactivity was measured on respective target
Bioactivity,BA_003139,MEASURED_ON,Target,CHEMBL2231,measured_on,Associated bioactivity was measured on respective target
Bioactivity,BA_003140,MEASURED_ON,Target,CHEMBL4295835,measured_on,Associated bioactivity was measured on respective target
Bioactivity,BA_003141,MEASURED_ON,Target,CHEMBL1951,measured_on,Associated bioactivity was measured on respective target
Bioactivity,BA_003142,MEASURED_ON,Target,CHEMBL2558,measured_on,Associated bioactivity was measured on respective target
Bioactivity,BA_003143,MEASURED_ON,Target,CHEMBL220,measured_on,Associated bioactivity was measured on respective target
Bioactivity,BA_003144,MEASURED_ON,Target,CHEMBL4860,measured_on,Associated bioactivity was measured on respective target
Bioactivity,BA_003145,MEASURED_ON,Target,CHEMBL4361,measured_on,Associated bioactivity was measured on respective target
Bioactivity,BA_003146,MEASURED_ON,Target,CHEMBL253,measured_on,Associated bioactivity was measured on respective target
Bioactivity,BA_003147,MEASURED_ON,Target,CHEMBL1867,measured_on,Associated bioactivity was measured on respective target
Bioactivity,BA_003148,MEASURED_ON,Target,CHEMBL1867,measured_on,Associated bioactivity was measured on respective target
Bioactivity,BA_003149,MEASURED_ON,Target,CHEMBL1942,measured_on,Associated bioactivity was measured on respective target
Bioactivity,BA_003150,MEASURED_ON,Target,CHEMBL1942,measured_on,Associated bioactivity was measured on respective target
Bioactivity,BA_003151,MEASURED_ON,Target,CHEMBL2056,measured_on,Associated bioactivity was measured on respective target
Bioactivity,BA_003152,MEASURED_ON,Target,CHEMBL2056,measured_on,Associated bioactivity was measured on respective target
Bioactivity,BA_003153,MEASURED_ON,Target,CHEMBL217,measured_on,Associated bioactivity was measured on respective target
Bioactivity,BA_003154,MEASURED_ON,Target,CHEMBL217,measured_on,Associated bioactivity was measured on respective target
Bioactivity,BA_003155,MEASURED_ON,Target,CHEMBL234,measured_on,Associated bioactivity was measured on respective target
Bioactivity,BA_003156,MEASURED_ON,Target,CHEMBL234,measured_on,Associated bioactivity was measured on respective target
Bioactivity,BA_003157,MEASURED_ON,Target,CHEMBL224,measured_on,Associated bioactivity was measured on respective target
Bioactivity,BA_003158,MEASURED_ON,Target,CHEMBL224,measured_on,Associated bioactivity was measured on respective target
Bioactivity,BA_003159,MEASURED_ON,Target,CHEMBL1833,measured_on,Associated bioactivity was measured on respective target
Bioactivity,BA_003160,MEASURED_ON,Target,CHEMBL1833,measured_on,Associated bioactivity was measured on respective target
Bioactivity,BA_003161,MEASURED_ON,Target,CHEMBL225,measured_on,Associated bioactivity was measured on respective target
Bioactivity,BA_003162,MEASURED_ON,Target,CHEMBL225,measured_on,Associated bioactivity was measured on respective target
Bioactivity,BA_003163,MEASURED_ON,Target,CHEMBL3371,measured_on,Associated bioactivity was measured on respective target
Bioactivity,BA_003164,MEASURED_ON,Target,CHEMBL3371,measured_on,Associated bioactivity was measured on respective target
Bioactivity,BA_003165,MEASURED_ON,Target,CHEMBL6152,measured_on,Associated bioactivity was measured on respective target
Bioactivity,BA_003166,MEASURED_ON,Target,CHEMBL340,measured_on,Associated bioactivity was measured on respective target
Bioactivity,BA_003167,MEASURED_ON,Target,CHEMBL4523129,measured_on,Associated bioactivity was measured on respective target
Bioactivity,BA_003168,MEASURED_ON,Target,CHEMBL6007,measured_on,Associated bioactivity was measured on respective target
Bioactivity,BA_003169,MEASURED_ON,Target,CHEMBL4685,measured_on,Associated bioactivity was measured on respective target
Bioactivity,BA_003170,MEASURED_ON,Target,CHEMBL3587,measured_on,Associated bioactivity was measured on respective target
Bioactivity,BA_003171,MEASURED_ON,Target,CHEMBL4804,measured_on,Associated bioactivity was measured on respective target
Bioactivity,BA_003172,MEASURED_ON,Target,CHEMBL2039,measured_on,Associated bioactivity was measured on respective target
Bioactivity,BA_003173,MEASURED_ON,Target,CHEMBL1951,measured_on,Associated bioactivity was measured on respective target
Bioactivity,BA_003174,MEASURED_ON,Target,CHEMBL4685,measured_on,Associated bioactivity was measured on respective target
Bioactivity,BA_003175,MEASURED_ON,Target,CHEMBL6032,measured_on,Associated bioactivity was measured on respective target
Bioactivity,BA_003176,MEASURED_ON,Target,CHEMBL2288,measured_on,Associated bioactivity was measured on respective target
Bioactivity,BA_003177,MEASURED_ON,Target,CHEMBL3588738,measured_on,Associated bioactivity was measured on respective target
Bioactivity,BA_003178,MEASURED_ON,Target,CHEMBL1293235,measured_on,Associated bioactivity was measured on respective target
Bioactivity,BA_003179,MEASURED_ON,Target,CHEMBL1075138,measured_on,Associated bioactivity was measured on respective target
Bioactivity,BA_003180,MEASURED_ON,Target,CHEMBL1075138,measured_on,Associated bioactivity was measured on respective target
Bioactivity,BA_003181,MEASURED_ON,Target,CHEMBL4040,measured_on,Associated bioactivity was measured on respective target
Bioactivity,BA_003182,MEASURED_ON,Target,CHEMBL1287622,measured_on,Associated bioactivity was measured on respective target
Bioactivity,BA_003183,MEASURED_ON,Target,CHEMBL5896,measured_on,Associated bioactivity was measured on respective target
Bioactivity,BA_003184,MEASURED_ON,Target,CHEMBL1293317,measured_on,Associated bioactivity was measured on respective target
Bioactivity,BA_003185,MEASURED_ON,Target,CHEMBL1293317,measured_on,Associated bioactivity was measured on respective target
Bioactivity,BA_003186,MEASURED_ON,Target,CHEMBL1741220,measured_on,Associated bioactivity was measured on respective target
Bioactivity,BA_003187,MEASURED_ON,Target,CHEMBL1293287,measured_on,Associated bioactivity was measured on respective target
Bioactivity,BA_003188,MEASURED_ON,Target,CHEMBL1741193,measured_on,Associated bioactivity was measured on respective target
Bioactivity,BA_003189,MEASURED_ON,Target,CHEMBL1293287,measured_on,Associated bioactivity was measured on respective target
Bioactivity,BA_003190,MEASURED_ON,Target,CHEMBL1293317,measured_on,Associated bioactivity was measured on respective target
Bioactivity,BA_003191,MEASURED_ON,Target,CHEMBL1293317,measured_on,Associated bioactivity was measured on respective target
Bioactivity,BA_003192,MEASURED_ON,Target,CHEMBL1293278,measured_on,Associated bioactivity was measured on respective target
Bioactivity,BA_003193,MEASURED_ON,Target,CHEMBL2362981,measured_on,Associated bioactivity was measured on respective target
Bioactivity,BA_003194,MEASURED_ON,Target,CHEMBL1784,measured_on,Associated bioactivity was measured on respective target
Bioactivity,BA_003195,MEASURED_ON,Target,CHEMBL6152,measured_on,Associated bioactivity was measured on respective target
Bioactivity,BA_003196,MEASURED_ON,Target,CHEMBL2179,measured_on,Associated bioactivity was measured on respective target
Bioactivity,BA_003197,MEASURED_ON,Target,CHEMBL2179,measured_on,Associated bioactivity was measured on respective target
Bioactivity,BA_003198,MEASURED_ON,Target,CHEMBL2179,measured_on,Associated bioactivity was measured on respective target
Bioactivity,BA_003199,MEASURED_ON,Target,CHEMBL1741209,measured_on,Associated bioactivity was measured on respective target
Bioactivity,BA_003200,MEASURED_ON,Target,CHEMBL2179,measured_on,Associated bioactivity was measured on respective target
Bioactivity,BA_003201,MEASURED_ON,Target,CHEMBL2179,measured_on,Associated bioactivity was measured on respective target
Bioactivity,BA_003202,MEASURED_ON,Target,CHEMBL6032,measured_on,Associated bioactivity was measured on respective target
Bioactivity,BA_003203,MEASURED_ON,Target,CHEMBL1741209,measured_on,Associated bioactivity was measured on respective target
Bioactivity,BA_003204,MEASURED_ON,Target,CHEMBL5027,measured_on,Associated bioactivity was measured on respective target
Bioactivity,BA_003205,MEASURED_ON,Target,CHEMBL240,measured_on,Associated bioactivity was measured on respective target
Bioactivity,BA_003206,MEASURED_ON,Target,CHEMBL1900,measured_on,Associated bioactivity was measured on respective target
Bioactivity,BA_003207,MEASURED_ON,Target,CHEMBL1781865,measured_on,Associated bioactivity was measured on respective target
Bioactivity,BA_003208,MEASURED_ON,Target,CHEMBL1293278,measured_on,Associated bioactivity was measured on respective target
Bioactivity,BA_003209,MEASURED_ON,Target,CHEMBL2789,measured_on,Associated bioactivity was measured on respective target
Bioactivity,BA_003210,MEASURED_ON,Target,CHEMBL3181,measured_on,Associated bioactivity was measured on respective target
Bioactivity,BA_003211,MEASURED_ON,Target,CHEMBL1978,measured_on,Associated bioactivity was measured on respective target
Bioactivity,BA_003212,MEASURED_ON,Target,CHEMBL206,measured_on,Associated bioactivity was measured on respective target
Bioactivity,BA_003213,MEASURED_ON,Target,CHEMBL242,measured_on,Associated bioactivity was measured on respective target
Bioactivity,BA_003214,MEASURED_ON,Target,CHEMBL1741208,measured_on,Associated bioactivity was measured on respective target
Bioactivity,BA_003215,MEASURED_ON,Target,CHEMBL4662,measured_on,Associated bioactivity was measured on respective target
Bioactivity,BA_003216,MEASURED_ON,Target,CHEMBL280,measured_on,Associated bioactivity was measured on respective target
Bioactivity,BA_003217,MEASURED_ON,Target,CHEMBL321,measured_on,Associated bioactivity was measured on respective target
Bioactivity,BA_003218,MEASURED_ON,Target,CHEMBL4073,measured_on,Associated bioactivity was measured on respective target
Bioactivity,BA_003219,MEASURED_ON,Target,CHEMBL283,measured_on,Associated bioactivity was measured on respective target
Bioactivity,BA_003220,MEASURED_ON,Target,CHEMBL333,measured_on,Associated bioactivity was measured on respective target
Bioactivity,BA_003221,MEASURED_ON,Target,CHEMBL332,measured_on,Associated bioactivity was measured on respective target
Bioactivity,BA_003222,MEASURED_ON,Target,CHEMBL1978,measured_on,Associated bioactivity was measured on respective target
Bioactivity,BA_003223,MEASURED_ON,Target,CHEMBL2558,measured_on,Associated bioactivity was measured on respective target
Bioactivity,BA_003224,MEASURED_ON,Target,CHEMBL1743121,measured_on,Associated bioactivity was measured on respective target
Bioactivity,BA_003225,MEASURED_ON,Target,CHEMBL1743121,measured_on,Associated bioactivity was measured on respective target
Bioactivity,BA_003226,MEASURED_ON,Target,CHEMBL1697668,measured_on,Associated bioactivity was measured on respective target
Bioactivity,BA_003227,MEASURED_ON,Target,CHEMBL1697668,measured_on,Associated bioactivity was measured on respective target
Bioactivity,BA_003228,MEASURED_ON,Target,CHEMBL3194,measured_on,Associated bioactivity was measured on respective target
Bioactivity,BA_003229,MEASURED_ON,Target,CHEMBL5393,measured_on,Associated bioactivity was measured on respective target
Bioactivity,BA_003230,MEASURED_ON,Target,CHEMBL5393,measured_on,Associated bioactivity was measured on respective target
Bioactivity,BA_003231,MEASURED_ON,Target,CHEMBL6007,measured_on,Associated bioactivity was measured on respective target
Bioactivity,BA_003232,MEASURED_ON,Target,CHEMBL6007,measured_on,Associated bioactivity was measured on respective target
Bioactivity,BA_003233,MEASURED_ON,Target,CHEMBL6007,measured_on,Associated bioactivity was measured on respective target
Bioactivity,BA_003234,MEASURED_ON,Target,CHEMBL248,measured_on,Associated bioactivity was measured on respective target
Bioactivity,BA_003235,MEASURED_ON,Target,CHEMBL3797,measured_on,Associated bioactivity was measured on respective target
Bioactivity,BA_003236,MEASURED_ON,Target,CHEMBL1741220,measured_on,Associated bioactivity was measured on respective target
Bioactivity,BA_003237,MEASURED_ON,Target,CHEMBL1871,measured_on,Associated bioactivity was measured on respective target
Bioactivity,BA_003238,MEASURED_ON,Target,CHEMBL3979,measured_on,Associated bioactivity was measured on respective target
Bioactivity,BA_003239,MEASURED_ON,Target,CHEMBL2047,measured_on,Associated bioactivity was measured on respective target
Bioactivity,BA_003240,MEASURED_ON,Target,CHEMBL1741186,measured_on,Associated bioactivity was measured on respective target
Bioactivity,BA_003241,MEASURED_ON,Target,CHEMBL1293191,measured_on,Associated bioactivity was measured on respective target
Bioactivity,BA_003242,MEASURED_ON,Target,CHEMBL1075138,measured_on,Associated bioactivity was measured on respective target
Bioactivity,BA_003243,MEASURED_ON,Target,CHEMBL1075138,measured_on,Associated bioactivity was measured on respective target
Bioactivity,BA_003244,MEASURED_ON,Target,CHEMBL5393,measured_on,Associated bioactivity was measured on respective target
Bioactivity,BA_003245,MEASURED_ON,Target,CHEMBL5393,measured_on,Associated bioactivity was measured on respective target
Bioactivity,BA_003246,MEASURED_ON,Target,CHEMBL6032,measured_on,Associated bioactivity was measured on respective target
Bioactivity,BA_003247,MEASURED_ON,Target,CHEMBL1293278,measured_on,Associated bioactivity was measured on respective target
Bioactivity,BA_003248,MEASURED_ON,Target,CHEMBL5393,measured_on,Associated bioactivity was measured on respective target
Bioactivity,BA_003249,MEASURED_ON,Target,CHEMBL5393,measured_on,Associated bioactivity was measured on respective target
Bioactivity,BA_003250,MEASURED_ON,Target,CHEMBL4302,measured_on,Associated bioactivity was measured on respective target
