Source,Source Id,Type,Destination,Destination Id,Label,Description
Bioactivity,BA_000001,REPORTED_IN,Document,CHEMBL1156761,reported_in,Bioactivity is reported in respective document
Bioactivity,BA_000002,REPORTED_IN,Document,CHEMBL5729725,reported_in,Bioactivity is reported in respective document
Bioactivity,BA_000003,REPORTED_IN,Document,CHEMBL4266047,reported_in,Bioactivity is reported in respective document
Bioactivity,BA_000004,REPORTED_IN,Document,CHEMBL4266047,reported_in,Bioactivity is reported in respective document
Bioactivity,BA_000005,REPORTED_IN,Document,CHEMBL1145574,reported_in,Bioactivity is reported in respective document
Bioactivity,BA_000006,REPORTED_IN,Document,CHEMBL1155782,reported_in,Bioactivity is reported in respective document
Bioactivity,BA_000007,REPORTED_IN,Document,CHEMBL1155782,reported_in,Bioactivity is reported in respective document
Bioactivity,BA_000008,REPORTED_IN,Document,CHEMBL1157641,reported_in,Bioactivity is reported in respective document
Bioactivity,BA_000009,REPORTED_IN,Document,CHEMBL1157641,reported_in,Bioactivity is reported in respective document
Bioactivity,BA_000010,REPORTED_IN,Document,CHEMBL1157641,reported_in,Bioactivity is reported in respective document
Bioactivity,BA_000011,REPORTED_IN,Document,CHEMBL1157641,reported_in,Bioactivity is reported in respective document
Bioactivity,BA_000012,REPORTED_IN,Document,CHEMBL1157641,reported_in,Bioactivity is reported in respective document
Bioactivity,BA_000013,REPORTED_IN,Document,CHEMBL1157641,reported_in,Bioactivity is reported in respective document
Bioactivity,BA_000014,REPORTED_IN,Document,CHEMBL1157641,reported_in,Bioactivity is reported in respective document
Bioactivity,BA_000015,REPORTED_IN,Document,CHEMBL1157641,reported_in,Bioactivity is reported in respective document
Bioactivity,BA_000016,REPORTED_IN,Document,CHEMBL1157641,reported_in,Bioactivity is reported in respective document
Bioactivity,BA_000017,REPORTED_IN,Document,CHEMBL1157641,reported_in,Bioactivity is reported in respective document
Bioactivity,BA_000018,REPORTED_IN,Document,CHEMBL1157641,reported_in,Bioactivity is reported in respective document
Bioactivity,BA_000019,REPORTED_IN,Document,CHEMBL4130583,reported_in,Bioactivity is reported in respective document
Bioactivity,BA_000020,REPORTED_IN,Document,CHEMBL4371045,reported_in,Bioactivity is reported in respective document
Bioactivity,BA_000021,REPORTED_IN,Document,CHEMBL1136115,reported_in,Bioactivity is reported in respective document
Bioactivity,BA_000022,REPORTED_IN,Document,CHEMBL1136115,reported_in,Bioactivity is reported in respective document
Bioactivity,BA_000023,REPORTED_IN,Document,CHEMBL1141883,reported_in,Bioactivity is reported in respective document
Bioactivity,BA_000024,REPORTED_IN,Document,CHEMBL1156709,reported_in,Bioactivity is reported in respective document
Bioactivity,BA_000025,REPORTED_IN,Document,CHEMBL1151260,reported_in,Bioactivity is reported in respective document
Bioactivity,BA_000026,REPORTED_IN,Document,CHEMBL1158850,reported_in,Bioactivity is reported in respective document
Bioactivity,BA_000027,REPORTED_IN,Document,CHEMBL1157467,reported_in,Bioactivity is reported in respective document
Bioactivity,BA_000028,REPORTED_IN,Document,CHEMBL1144205,reported_in,Bioactivity is reported in respective document
Bioactivity,BA_000029,REPORTED_IN,Document,CHEMBL1136907,reported_in,Bioactivity is reported in respective document
Bioactivity,BA_000030,REPORTED_IN,Document,CHEMBL1152445,reported_in,Bioactivity is reported in respective document
Bioactivity,BA_000031,REPORTED_IN,Document,CHEMBL1153076,reported_in,Bioactivity is reported in respective document
Bioactivity,BA_000032,REPORTED_IN,Document,CHEMBL1150975,reported_in,Bioactivity is reported in respective document
Bioactivity,BA_000033,REPORTED_IN,Document,CHEMBL1159098,reported_in,Bioactivity is reported in respective document
Bioactivity,BA_000034,REPORTED_IN,Document,CHEMBL1157768,reported_in,Bioactivity is reported in respective document
Bioactivity,BA_000035,REPORTED_IN,Document,CHEMBL1221335,reported_in,Bioactivity is reported in respective document
Bioactivity,BA_000036,REPORTED_IN,Document,CHEMBL1221335,reported_in,Bioactivity is reported in respective document
Bioactivity,BA_000037,REPORTED_IN,Document,CHEMBL1221335,reported_in,Bioactivity is reported in respective document
Bioactivity,BA_000038,REPORTED_IN,Document,CHEMBL1240523,reported_in,Bioactivity is reported in respective document
Bioactivity,BA_000039,REPORTED_IN,Document,CHEMBL1201862,reported_in,Bioactivity is reported in respective document
Bioactivity,BA_000040,REPORTED_IN,Document,CHEMBL1201862,reported_in,Bioactivity is reported in respective document
Bioactivity,BA_000041,REPORTED_IN,Document,CHEMBL1201862,reported_in,Bioactivity is reported in respective document
Bioactivity,BA_000042,REPORTED_IN,Document,CHEMBL1201862,reported_in,Bioactivity is reported in respective document
Bioactivity,BA_000043,REPORTED_IN,Document,CHEMBL1201862,reported_in,Bioactivity is reported in respective document
Bioactivity,BA_000044,REPORTED_IN,Document,CHEMBL1201862,reported_in,Bioactivity is reported in respective document
Bioactivity,BA_000045,REPORTED_IN,Document,CHEMBL1201862,reported_in,Bioactivity is reported in respective document
Bioactivity,BA_000046,REPORTED_IN,Document,CHEMBL1201862,reported_in,Bioactivity is reported in respective document
Bioactivity,BA_000047,REPORTED_IN,Document,CHEMBL1201862,reported_in,Bioactivity is reported in respective document
Bioactivity,BA_000048,REPORTED_IN,Document,CHEMBL1201862,reported_in,Bioactivity is reported in respective document
Bioactivity,BA_000049,REPORTED_IN,Document,CHEMBL1201862,reported_in,Bioactivity is reported in respective document
Bioactivity,BA_000050,REPORTED_IN,Document,CHEMBL1201862,reported_in,Bioactivity is reported in respective document
Bioactivity,BA_000051,REPORTED_IN,Document,CHEMBL1201862,reported_in,Bioactivity is reported in respective document
Bioactivity,BA_000052,REPORTED_IN,Document,CHEMBL1201862,reported_in,Bioactivity is reported in respective document
Bioactivity,BA_000053,REPORTED_IN,Document,CHEMBL1201862,reported_in,Bioactivity is reported in respective document
Bioactivity,BA_000054,REPORTED_IN,Document,CHEMBL1201862,reported_in,Bioactivity is reported in respective document
Bioactivity,BA_000055,REPORTED_IN,Document,CHEMBL1201862,reported_in,Bioactivity is reported in respective document
Bioactivity,BA_000056,REPORTED_IN,Document,CHEMBL1201862,reported_in,Bioactivity is reported in respective document
Bioactivity,BA_000057,REPORTED_IN,Document,CHEMBL1201862,reported_in,Bioactivity is reported in respective document
Bioactivity,BA_000058,REPORTED_IN,Document,CHEMBL1201862,reported_in,Bioactivity is reported in respective document
Bioactivity,BA_000059,REPORTED_IN,Document,CHEMBL1201862,reported_in,Bioactivity is reported in respective document
Bioactivity,BA_000060,REPORTED_IN,Document,CHEMBL1201862,reported_in,Bioactivity is reported in respective document
Bioactivity,BA_000061,REPORTED_IN,Document,CHEMBL1201862,reported_in,Bioactivity is reported in respective document
Bioactivity,BA_000062,REPORTED_IN,Document,CHEMBL1201862,reported_in,Bioactivity is reported in respective document
Bioactivity,BA_000063,REPORTED_IN,Document,CHEMBL1201862,reported_in,Bioactivity is reported in respective document
Bioactivity,BA_000064,REPORTED_IN,Document,CHEMBL1681785,reported_in,Bioactivity is reported in respective document
Bioactivity,BA_000065,REPORTED_IN,Document,CHEMBL1681785,reported_in,Bioactivity is reported in respective document
Bioactivity,BA_000066,REPORTED_IN,Document,CHEMBL1201862,reported_in,Bioactivity is reported in respective document
Bioactivity,BA_000067,REPORTED_IN,Document,CHEMBL1201862,reported_in,Bioactivity is reported in respective document
Bioactivity,BA_000068,REPORTED_IN,Document,CHEMBL1201862,reported_in,Bioactivity is reported in respective document
Bioactivity,BA_000069,REPORTED_IN,Document,CHEMBL1201862,reported_in,Bioactivity is reported in respective document
Bioactivity,BA_000070,REPORTED_IN,Document,CHEMBL1201862,reported_in,Bioactivity is reported in respective document
Bioactivity,BA_000071,REPORTED_IN,Document,CHEMBL1201862,reported_in,Bioactivity is reported in respective document
Bioactivity,BA_000072,REPORTED_IN,Document,CHEMBL1777768,reported_in,Bioactivity is reported in respective document
Bioactivity,BA_000073,REPORTED_IN,Document,CHEMBL1777768,reported_in,Bioactivity is reported in respective document
Bioactivity,BA_000074,REPORTED_IN,Document,CHEMBL1821584,reported_in,Bioactivity is reported in respective document
Bioactivity,BA_000075,REPORTED_IN,Document,CHEMBL1201862,reported_in,Bioactivity is reported in respective document
Bioactivity,BA_000076,REPORTED_IN,Document,CHEMBL1201862,reported_in,Bioactivity is reported in respective document
Bioactivity,BA_000077,REPORTED_IN,Document,CHEMBL1201862,reported_in,Bioactivity is reported in respective document
Bioactivity,BA_000078,REPORTED_IN,Document,CHEMBL1201862,reported_in,Bioactivity is reported in respective document
Bioactivity,BA_000079,REPORTED_IN,Document,CHEMBL1201862,reported_in,Bioactivity is reported in respective document
Bioactivity,BA_000080,REPORTED_IN,Document,CHEMBL2074477,reported_in,Bioactivity is reported in respective document
Bioactivity,BA_000081,REPORTED_IN,Document,CHEMBL1201862,reported_in,Bioactivity is reported in respective document
Bioactivity,BA_000082,REPORTED_IN,Document,CHEMBL2169784,reported_in,Bioactivity is reported in respective document
Bioactivity,BA_000083,REPORTED_IN,Document,CHEMBL2169784,reported_in,Bioactivity is reported in respective document
Bioactivity,BA_000084,REPORTED_IN,Document,CHEMBL3045386,reported_in,Bioactivity is reported in respective document
Bioactivity,BA_000085,REPORTED_IN,Document,CHEMBL3045386,reported_in,Bioactivity is reported in respective document
Bioactivity,BA_000086,REPORTED_IN,Document,CHEMBL2331298,reported_in,Bioactivity is reported in respective document
Bioactivity,BA_000087,REPORTED_IN,Document,CHEMBL2331472,reported_in,Bioactivity is reported in respective document
Bioactivity,BA_000088,REPORTED_IN,Document,CHEMBL2331472,reported_in,Bioactivity is reported in respective document
Bioactivity,BA_000089,REPORTED_IN,Document,CHEMBL2331472,reported_in,Bioactivity is reported in respective document
Bioactivity,BA_000090,REPORTED_IN,Document,CHEMBL2331472,reported_in,Bioactivity is reported in respective document
Bioactivity,BA_000091,REPORTED_IN,Document,CHEMBL1201862,reported_in,Bioactivity is reported in respective document
Bioactivity,BA_000092,REPORTED_IN,Document,CHEMBL1201862,reported_in,Bioactivity is reported in respective document
Bioactivity,BA_000093,REPORTED_IN,Document,CHEMBL1201862,reported_in,Bioactivity is reported in respective document
Bioactivity,BA_000094,REPORTED_IN,Document,CHEMBL3351502,reported_in,Bioactivity is reported in respective document
Bioactivity,BA_000095,REPORTED_IN,Document,CHEMBL3351502,reported_in,Bioactivity is reported in respective document
Bioactivity,BA_000096,REPORTED_IN,Document,CHEMBL3593235,reported_in,Bioactivity is reported in respective document
Bioactivity,BA_000097,REPORTED_IN,Document,CHEMBL3600283,reported_in,Bioactivity is reported in respective document
Bioactivity,BA_000098,REPORTED_IN,Document,CHEMBL3621095,reported_in,Bioactivity is reported in respective document
Bioactivity,BA_000099,REPORTED_IN,Document,CHEMBL3739262,reported_in,Bioactivity is reported in respective document
Bioactivity,BA_000100,REPORTED_IN,Document,CHEMBL3739262,reported_in,Bioactivity is reported in respective document
Bioactivity,BA_000101,REPORTED_IN,Document,CHEMBL3639369,reported_in,Bioactivity is reported in respective document
Bioactivity,BA_000102,REPORTED_IN,Document,CHEMBL4011652,reported_in,Bioactivity is reported in respective document
Bioactivity,BA_000103,REPORTED_IN,Document,CHEMBL4033668,reported_in,Bioactivity is reported in respective document
Bioactivity,BA_000104,REPORTED_IN,Document,CHEMBL4041501,reported_in,Bioactivity is reported in respective document
Bioactivity,BA_000105,REPORTED_IN,Document,CHEMBL4041501,reported_in,Bioactivity is reported in respective document
Bioactivity,BA_000106,REPORTED_IN,Document,CHEMBL4118277,reported_in,Bioactivity is reported in respective document
Bioactivity,BA_000107,REPORTED_IN,Document,CHEMBL1157641,reported_in,Bioactivity is reported in respective document
Bioactivity,BA_000108,REPORTED_IN,Document,CHEMBL1157641,reported_in,Bioactivity is reported in respective document
Bioactivity,BA_000109,REPORTED_IN,Document,CHEMBL1157641,reported_in,Bioactivity is reported in respective document
Bioactivity,BA_000110,REPORTED_IN,Document,CHEMBL1157641,reported_in,Bioactivity is reported in respective document
Bioactivity,BA_000111,REPORTED_IN,Document,CHEMBL1157641,reported_in,Bioactivity is reported in respective document
Bioactivity,BA_000112,REPORTED_IN,Document,CHEMBL1157641,reported_in,Bioactivity is reported in respective document
Bioactivity,BA_000113,REPORTED_IN,Document,CHEMBL1157641,reported_in,Bioactivity is reported in respective document
Bioactivity,BA_000114,REPORTED_IN,Document,CHEMBL1157641,reported_in,Bioactivity is reported in respective document
Bioactivity,BA_000115,REPORTED_IN,Document,CHEMBL1157641,reported_in,Bioactivity is reported in respective document
Bioactivity,BA_000116,REPORTED_IN,Document,CHEMBL1157641,reported_in,Bioactivity is reported in respective document
Bioactivity,BA_000117,REPORTED_IN,Document,CHEMBL1157641,reported_in,Bioactivity is reported in respective document
Bioactivity,BA_000118,REPORTED_IN,Document,CHEMBL1201862,reported_in,Bioactivity is reported in respective document
Bioactivity,BA_000119,REPORTED_IN,Document,CHEMBL1201862,reported_in,Bioactivity is reported in respective document
Bioactivity,BA_000120,REPORTED_IN,Document,CHEMBL1201862,reported_in,Bioactivity is reported in respective document
Bioactivity,BA_000121,REPORTED_IN,Document,CHEMBL1201862,reported_in,Bioactivity is reported in respective document
Bioactivity,BA_000122,REPORTED_IN,Document,CHEMBL1201862,reported_in,Bioactivity is reported in respective document
Bioactivity,BA_000123,REPORTED_IN,Document,CHEMBL1201862,reported_in,Bioactivity is reported in respective document
Bioactivity,BA_000124,REPORTED_IN,Document,CHEMBL1201862,reported_in,Bioactivity is reported in respective document
Bioactivity,BA_000125,REPORTED_IN,Document,CHEMBL1201862,reported_in,Bioactivity is reported in respective document
Bioactivity,BA_000126,REPORTED_IN,Document,CHEMBL1201862,reported_in,Bioactivity is reported in respective document
Bioactivity,BA_000127,REPORTED_IN,Document,CHEMBL1201862,reported_in,Bioactivity is reported in respective document
Bioactivity,BA_000128,REPORTED_IN,Document,CHEMBL1201862,reported_in,Bioactivity is reported in respective document
Bioactivity,BA_000129,REPORTED_IN,Document,CHEMBL1201862,reported_in,Bioactivity is reported in respective document
Bioactivity,BA_000130,REPORTED_IN,Document,CHEMBL1201862,reported_in,Bioactivity is reported in respective document
Bioactivity,BA_000131,REPORTED_IN,Document,CHEMBL1201862,reported_in,Bioactivity is reported in respective document
Bioactivity,BA_000132,REPORTED_IN,Document,CHEMBL1201862,reported_in,Bioactivity is reported in respective document
Bioactivity,BA_000133,REPORTED_IN,Document,CHEMBL1201862,reported_in,Bioactivity is reported in respective document
Bioactivity,BA_000134,REPORTED_IN,Document,CHEMBL1201862,reported_in,Bioactivity is reported in respective document
Bioactivity,BA_000135,REPORTED_IN,Document,CHEMBL1201862,reported_in,Bioactivity is reported in respective document
Bioactivity,BA_000136,REPORTED_IN,Document,CHEMBL1201862,reported_in,Bioactivity is reported in respective document
Bioactivity,BA_000137,REPORTED_IN,Document,CHEMBL3596159,reported_in,Bioactivity is reported in respective document
Bioactivity,BA_000138,REPORTED_IN,Document,CHEMBL4229387,reported_in,Bioactivity is reported in respective document
Bioactivity,BA_000139,REPORTED_IN,Document,CHEMBL4385620,reported_in,Bioactivity is reported in respective document
Bioactivity,BA_000140,REPORTED_IN,Document,CHEMBL4385620,reported_in,Bioactivity is reported in respective document
Bioactivity,BA_000141,REPORTED_IN,Document,CHEMBL4622956,reported_in,Bioactivity is reported in respective document
Bioactivity,BA_000142,REPORTED_IN,Document,CHEMBL1148414,reported_in,Bioactivity is reported in respective document
Bioactivity,BA_000143,REPORTED_IN,Document,CHEMBL1147123,reported_in,Bioactivity is reported in respective document
Bioactivity,BA_000144,REPORTED_IN,Document,CHEMBL1140636,reported_in,Bioactivity is reported in respective document
Bioactivity,BA_000145,REPORTED_IN,Document,CHEMBL1158850,reported_in,Bioactivity is reported in respective document
Bioactivity,BA_000146,REPORTED_IN,Document,CHEMBL1157467,reported_in,Bioactivity is reported in respective document
Bioactivity,BA_000147,REPORTED_IN,Document,CHEMBL1157467,reported_in,Bioactivity is reported in respective document
Bioactivity,BA_000148,REPORTED_IN,Document,CHEMBL1153076,reported_in,Bioactivity is reported in respective document
Bioactivity,BA_000149,REPORTED_IN,Document,CHEMBL1221335,reported_in,Bioactivity is reported in respective document
Bioactivity,BA_000150,REPORTED_IN,Document,CHEMBL1221335,reported_in,Bioactivity is reported in respective document
Bioactivity,BA_000151,REPORTED_IN,Document,CHEMBL1221335,reported_in,Bioactivity is reported in respective document
Bioactivity,BA_000152,REPORTED_IN,Document,CHEMBL1240523,reported_in,Bioactivity is reported in respective document
Bioactivity,BA_000153,REPORTED_IN,Document,CHEMBL1201862,reported_in,Bioactivity is reported in respective document
Bioactivity,BA_000154,REPORTED_IN,Document,CHEMBL1201862,reported_in,Bioactivity is reported in respective document
Bioactivity,BA_000155,REPORTED_IN,Document,CHEMBL1201862,reported_in,Bioactivity is reported in respective document
Bioactivity,BA_000156,REPORTED_IN,Document,CHEMBL1201862,reported_in,Bioactivity is reported in respective document
Bioactivity,BA_000157,REPORTED_IN,Document,CHEMBL1201862,reported_in,Bioactivity is reported in respective document
Bioactivity,BA_000158,REPORTED_IN,Document,CHEMBL1201862,reported_in,Bioactivity is reported in respective document
Bioactivity,BA_000159,REPORTED_IN,Document,CHEMBL1201862,reported_in,Bioactivity is reported in respective document
Bioactivity,BA_000160,REPORTED_IN,Document,CHEMBL1201862,reported_in,Bioactivity is reported in respective document
Bioactivity,BA_000161,REPORTED_IN,Document,CHEMBL1201862,reported_in,Bioactivity is reported in respective document
Bioactivity,BA_000162,REPORTED_IN,Document,CHEMBL1201862,reported_in,Bioactivity is reported in respective document
Bioactivity,BA_000163,REPORTED_IN,Document,CHEMBL1681785,reported_in,Bioactivity is reported in respective document
Bioactivity,BA_000164,REPORTED_IN,Document,CHEMBL1681785,reported_in,Bioactivity is reported in respective document
Bioactivity,BA_000165,REPORTED_IN,Document,CHEMBL1777768,reported_in,Bioactivity is reported in respective document
Bioactivity,BA_000166,REPORTED_IN,Document,CHEMBL1777768,reported_in,Bioactivity is reported in respective document
Bioactivity,BA_000167,REPORTED_IN,Document,CHEMBL1821584,reported_in,Bioactivity is reported in respective document
Bioactivity,BA_000168,REPORTED_IN,Document,CHEMBL1201862,reported_in,Bioactivity is reported in respective document
Bioactivity,BA_000169,REPORTED_IN,Document,CHEMBL1201862,reported_in,Bioactivity is reported in respective document
Bioactivity,BA_000170,REPORTED_IN,Document,CHEMBL1201862,reported_in,Bioactivity is reported in respective document
Bioactivity,BA_000171,REPORTED_IN,Document,CHEMBL1201862,reported_in,Bioactivity is reported in respective document
Bioactivity,BA_000172,REPORTED_IN,Document,CHEMBL1201862,reported_in,Bioactivity is reported in respective document
Bioactivity,BA_000173,REPORTED_IN,Document,CHEMBL1938238,reported_in,Bioactivity is reported in respective document
Bioactivity,BA_000174,REPORTED_IN,Document,CHEMBL2331298,reported_in,Bioactivity is reported in respective document
Bioactivity,BA_000175,REPORTED_IN,Document,CHEMBL2380297,reported_in,Bioactivity is reported in respective document
Bioactivity,BA_000176,REPORTED_IN,Document,CHEMBL1201862,reported_in,Bioactivity is reported in respective document
Bioactivity,BA_000177,REPORTED_IN,Document,CHEMBL3616367,reported_in,Bioactivity is reported in respective document
Bioactivity,BA_000178,REPORTED_IN,Document,CHEMBL3627624,reported_in,Bioactivity is reported in respective document
Bioactivity,BA_000179,REPORTED_IN,Document,CHEMBL3627624,reported_in,Bioactivity is reported in respective document
Bioactivity,BA_000180,REPORTED_IN,Document,CHEMBL3627624,reported_in,Bioactivity is reported in respective document
Bioactivity,BA_000181,REPORTED_IN,Document,CHEMBL3808312,reported_in,Bioactivity is reported in respective document
Bioactivity,BA_000182,REPORTED_IN,Document,CHEMBL3862005,reported_in,Bioactivity is reported in respective document
Bioactivity,BA_000183,REPORTED_IN,Document,CHEMBL3862005,reported_in,Bioactivity is reported in respective document
Bioactivity,BA_000184,REPORTED_IN,Document,CHEMBL3992488,reported_in,Bioactivity is reported in respective document
Bioactivity,BA_000185,REPORTED_IN,Document,CHEMBL4011652,reported_in,Bioactivity is reported in respective document
Bioactivity,BA_000186,REPORTED_IN,Document,CHEMBL4229387,reported_in,Bioactivity is reported in respective document
Bioactivity,BA_000187,REPORTED_IN,Document,CHEMBL4368908,reported_in,Bioactivity is reported in respective document
Bioactivity,BA_000188,REPORTED_IN,Document,CHEMBL4368908,reported_in,Bioactivity is reported in respective document
Bioactivity,BA_000189,REPORTED_IN,Document,CHEMBL4376804,reported_in,Bioactivity is reported in respective document
Bioactivity,BA_000190,REPORTED_IN,Document,CHEMBL4609975,reported_in,Bioactivity is reported in respective document
Bioactivity,BA_000191,REPORTED_IN,Document,CHEMBL4808148,reported_in,Bioactivity is reported in respective document
Bioactivity,BA_000192,REPORTED_IN,Document,CHEMBL5360539,reported_in,Bioactivity is reported in respective document
Bioactivity,BA_000193,REPORTED_IN,Document,CHEMBL5360591,reported_in,Bioactivity is reported in respective document
Bioactivity,BA_000194,REPORTED_IN,Document,CHEMBL1201862,reported_in,Bioactivity is reported in respective document
Bioactivity,BA_000195,REPORTED_IN,Document,CHEMBL1201862,reported_in,Bioactivity is reported in respective document
Bioactivity,BA_000196,REPORTED_IN,Document,CHEMBL1201862,reported_in,Bioactivity is reported in respective document
Bioactivity,BA_000197,REPORTED_IN,Document,CHEMBL1201862,reported_in,Bioactivity is reported in respective document
Bioactivity,BA_000198,REPORTED_IN,Document,CHEMBL3596159,reported_in,Bioactivity is reported in respective document
Bioactivity,BA_000199,REPORTED_IN,Document,CHEMBL1157146,reported_in,Bioactivity is reported in respective document
Bioactivity,BA_000200,REPORTED_IN,Document,CHEMBL1150213,reported_in,Bioactivity is reported in respective document
Bioactivity,BA_000201,REPORTED_IN,Document,CHEMBL1158850,reported_in,Bioactivity is reported in respective document
Bioactivity,BA_000202,REPORTED_IN,Document,CHEMBL1144205,reported_in,Bioactivity is reported in respective document
Bioactivity,BA_000203,REPORTED_IN,Document,CHEMBL1157216,reported_in,Bioactivity is reported in respective document
Bioactivity,BA_000204,REPORTED_IN,Document,CHEMBL1201862,reported_in,Bioactivity is reported in respective document
Bioactivity,BA_000205,REPORTED_IN,Document,CHEMBL1201862,reported_in,Bioactivity is reported in respective document
Bioactivity,BA_000206,REPORTED_IN,Document,CHEMBL1201862,reported_in,Bioactivity is reported in respective document
Bioactivity,BA_000207,REPORTED_IN,Document,CHEMBL1201862,reported_in,Bioactivity is reported in respective document
Bioactivity,BA_000208,REPORTED_IN,Document,CHEMBL1201862,reported_in,Bioactivity is reported in respective document
Bioactivity,BA_000209,REPORTED_IN,Document,CHEMBL1201862,reported_in,Bioactivity is reported in respective document
Bioactivity,BA_000210,REPORTED_IN,Document,CHEMBL1201862,reported_in,Bioactivity is reported in respective document
Bioactivity,BA_000211,REPORTED_IN,Document,CHEMBL1201862,reported_in,Bioactivity is reported in respective document
Bioactivity,BA_000212,REPORTED_IN,Document,CHEMBL1201862,reported_in,Bioactivity is reported in respective document
Bioactivity,BA_000213,REPORTED_IN,Document,CHEMBL1201862,reported_in,Bioactivity is reported in respective document
Bioactivity,BA_000214,REPORTED_IN,Document,CHEMBL1201862,reported_in,Bioactivity is reported in respective document
Bioactivity,BA_000215,REPORTED_IN,Document,CHEMBL1201862,reported_in,Bioactivity is reported in respective document
Bioactivity,BA_000216,REPORTED_IN,Document,CHEMBL1201862,reported_in,Bioactivity is reported in respective document
Bioactivity,BA_000217,REPORTED_IN,Document,CHEMBL1201862,reported_in,Bioactivity is reported in respective document
Bioactivity,BA_000218,REPORTED_IN,Document,CHEMBL1201862,reported_in,Bioactivity is reported in respective document
Bioactivity,BA_000219,REPORTED_IN,Document,CHEMBL1201862,reported_in,Bioactivity is reported in respective document
Bioactivity,BA_000220,REPORTED_IN,Document,CHEMBL1201862,reported_in,Bioactivity is reported in respective document
Bioactivity,BA_000221,REPORTED_IN,Document,CHEMBL1201862,reported_in,Bioactivity is reported in respective document
Bioactivity,BA_000222,REPORTED_IN,Document,CHEMBL1201862,reported_in,Bioactivity is reported in respective document
Bioactivity,BA_000223,REPORTED_IN,Document,CHEMBL1201862,reported_in,Bioactivity is reported in respective document
Bioactivity,BA_000224,REPORTED_IN,Document,CHEMBL1201862,reported_in,Bioactivity is reported in respective document
Bioactivity,BA_000225,REPORTED_IN,Document,CHEMBL1201862,reported_in,Bioactivity is reported in respective document
Bioactivity,BA_000226,REPORTED_IN,Document,CHEMBL1201862,reported_in,Bioactivity is reported in respective document
Bioactivity,BA_000227,REPORTED_IN,Document,CHEMBL1201862,reported_in,Bioactivity is reported in respective document
Bioactivity,BA_000228,REPORTED_IN,Document,CHEMBL1201862,reported_in,Bioactivity is reported in respective document
Bioactivity,BA_000229,REPORTED_IN,Document,CHEMBL1201862,reported_in,Bioactivity is reported in respective document
Bioactivity,BA_000230,REPORTED_IN,Document,CHEMBL1201862,reported_in,Bioactivity is reported in respective document
Bioactivity,BA_000231,REPORTED_IN,Document,CHEMBL1201862,reported_in,Bioactivity is reported in respective document
Bioactivity,BA_000232,REPORTED_IN,Document,CHEMBL1201862,reported_in,Bioactivity is reported in respective document
Bioactivity,BA_000233,REPORTED_IN,Document,CHEMBL1201862,reported_in,Bioactivity is reported in respective document
Bioactivity,BA_000234,REPORTED_IN,Document,CHEMBL1201862,reported_in,Bioactivity is reported in respective document
Bioactivity,BA_000235,REPORTED_IN,Document,CHEMBL1201862,reported_in,Bioactivity is reported in respective document
Bioactivity,BA_000236,REPORTED_IN,Document,CHEMBL1201862,reported_in,Bioactivity is reported in respective document
Bioactivity,BA_000237,REPORTED_IN,Document,CHEMBL1201862,reported_in,Bioactivity is reported in respective document
Bioactivity,BA_000238,REPORTED_IN,Document,CHEMBL1201862,reported_in,Bioactivity is reported in respective document
Bioactivity,BA_000239,REPORTED_IN,Document,CHEMBL1201862,reported_in,Bioactivity is reported in respective document
Bioactivity,BA_000240,REPORTED_IN,Document,CHEMBL1201862,reported_in,Bioactivity is reported in respective document
Bioactivity,BA_000241,REPORTED_IN,Document,CHEMBL1201862,reported_in,Bioactivity is reported in respective document
Bioactivity,BA_000242,REPORTED_IN,Document,CHEMBL1201862,reported_in,Bioactivity is reported in respective document
Bioactivity,BA_000243,REPORTED_IN,Document,CHEMBL1201862,reported_in,Bioactivity is reported in respective document
Bioactivity,BA_000244,REPORTED_IN,Document,CHEMBL1201862,reported_in,Bioactivity is reported in respective document
Bioactivity,BA_000245,REPORTED_IN,Document,CHEMBL1201862,reported_in,Bioactivity is reported in respective document
Bioactivity,BA_000246,REPORTED_IN,Document,CHEMBL1201862,reported_in,Bioactivity is reported in respective document
Bioactivity,BA_000247,REPORTED_IN,Document,CHEMBL1201862,reported_in,Bioactivity is reported in respective document
Bioactivity,BA_000248,REPORTED_IN,Document,CHEMBL1201862,reported_in,Bioactivity is reported in respective document
Bioactivity,BA_000249,REPORTED_IN,Document,CHEMBL1777768,reported_in,Bioactivity is reported in respective document
Bioactivity,BA_000250,REPORTED_IN,Document,CHEMBL1777768,reported_in,Bioactivity is reported in respective document
Bioactivity,BA_000251,REPORTED_IN,Document,CHEMBL1795231,reported_in,Bioactivity is reported in respective document
Bioactivity,BA_000252,REPORTED_IN,Document,CHEMBL1201862,reported_in,Bioactivity is reported in respective document
Bioactivity,BA_000253,REPORTED_IN,Document,CHEMBL1201862,reported_in,Bioactivity is reported in respective document
Bioactivity,BA_000254,REPORTED_IN,Document,CHEMBL1201862,reported_in,Bioactivity is reported in respective document
Bioactivity,BA_000255,REPORTED_IN,Document,CHEMBL1201862,reported_in,Bioactivity is reported in respective document
Bioactivity,BA_000256,REPORTED_IN,Document,CHEMBL1201862,reported_in,Bioactivity is reported in respective document
Bioactivity,BA_000257,REPORTED_IN,Document,CHEMBL1201862,reported_in,Bioactivity is reported in respective document
Bioactivity,BA_000258,REPORTED_IN,Document,CHEMBL1201862,reported_in,Bioactivity is reported in respective document
Bioactivity,BA_000259,REPORTED_IN,Document,CHEMBL1201862,reported_in,Bioactivity is reported in respective document
Bioactivity,BA_000260,REPORTED_IN,Document,CHEMBL1201862,reported_in,Bioactivity is reported in respective document
Bioactivity,BA_000261,REPORTED_IN,Document,CHEMBL1201862,reported_in,Bioactivity is reported in respective document
Bioactivity,BA_000262,REPORTED_IN,Document,CHEMBL1201862,reported_in,Bioactivity is reported in respective document
Bioactivity,BA_000263,REPORTED_IN,Document,CHEMBL1201862,reported_in,Bioactivity is reported in respective document
Bioactivity,BA_000264,REPORTED_IN,Document,CHEMBL1201862,reported_in,Bioactivity is reported in respective document
Bioactivity,BA_000265,REPORTED_IN,Document,CHEMBL1201862,reported_in,Bioactivity is reported in respective document
Bioactivity,BA_000266,REPORTED_IN,Document,CHEMBL1201862,reported_in,Bioactivity is reported in respective document
Bioactivity,BA_000267,REPORTED_IN,Document,CHEMBL1201862,reported_in,Bioactivity is reported in respective document
Bioactivity,BA_000268,REPORTED_IN,Document,CHEMBL1201862,reported_in,Bioactivity is reported in respective document
Bioactivity,BA_000269,REPORTED_IN,Document,CHEMBL1201862,reported_in,Bioactivity is reported in respective document
Bioactivity,BA_000270,REPORTED_IN,Document,CHEMBL1201862,reported_in,Bioactivity is reported in respective document
Bioactivity,BA_000271,REPORTED_IN,Document,CHEMBL2034837,reported_in,Bioactivity is reported in respective document
Bioactivity,BA_000272,REPORTED_IN,Document,CHEMBL2034837,reported_in,Bioactivity is reported in respective document
Bioactivity,BA_000273,REPORTED_IN,Document,CHEMBL1201862,reported_in,Bioactivity is reported in respective document
Bioactivity,BA_000274,REPORTED_IN,Document,CHEMBL1201862,reported_in,Bioactivity is reported in respective document
Bioactivity,BA_000275,REPORTED_IN,Document,CHEMBL2169784,reported_in,Bioactivity is reported in respective document
Bioactivity,BA_000276,REPORTED_IN,Document,CHEMBL3046684,reported_in,Bioactivity is reported in respective document
Bioactivity,BA_000277,REPORTED_IN,Document,CHEMBL3045386,reported_in,Bioactivity is reported in respective document
Bioactivity,BA_000278,REPORTED_IN,Document,CHEMBL2331298,reported_in,Bioactivity is reported in respective document
Bioactivity,BA_000279,REPORTED_IN,Document,CHEMBL2385058,reported_in,Bioactivity is reported in respective document
Bioactivity,BA_000280,REPORTED_IN,Document,CHEMBL1201862,reported_in,Bioactivity is reported in respective document
Bioactivity,BA_000281,REPORTED_IN,Document,CHEMBL1201862,reported_in,Bioactivity is reported in respective document
Bioactivity,BA_000282,REPORTED_IN,Document,CHEMBL1201862,reported_in,Bioactivity is reported in respective document
Bioactivity,BA_000283,REPORTED_IN,Document,CHEMBL1201862,reported_in,Bioactivity is reported in respective document
Bioactivity,BA_000284,REPORTED_IN,Document,CHEMBL1201862,reported_in,Bioactivity is reported in respective document
Bioactivity,BA_000285,REPORTED_IN,Document,CHEMBL1201862,reported_in,Bioactivity is reported in respective document
Bioactivity,BA_000286,REPORTED_IN,Document,CHEMBL1201862,reported_in,Bioactivity is reported in respective document
Bioactivity,BA_000287,REPORTED_IN,Document,CHEMBL1201862,reported_in,Bioactivity is reported in respective document
Bioactivity,BA_000288,REPORTED_IN,Document,CHEMBL1201862,reported_in,Bioactivity is reported in respective document
Bioactivity,BA_000289,REPORTED_IN,Document,CHEMBL3352213,reported_in,Bioactivity is reported in respective document
Bioactivity,BA_000290,REPORTED_IN,Document,CHEMBL3352213,reported_in,Bioactivity is reported in respective document
Bioactivity,BA_000291,REPORTED_IN,Document,CHEMBL3351785,reported_in,Bioactivity is reported in respective document
Bioactivity,BA_000292,REPORTED_IN,Document,CHEMBL3351390,reported_in,Bioactivity is reported in respective document
Bioactivity,BA_000293,REPORTED_IN,Document,CHEMBL4017486,reported_in,Bioactivity is reported in respective document
Bioactivity,BA_000294,REPORTED_IN,Document,CHEMBL4261543,reported_in,Bioactivity is reported in respective document
Bioactivity,BA_000295,REPORTED_IN,Document,CHEMBL4368908,reported_in,Bioactivity is reported in respective document
Bioactivity,BA_000296,REPORTED_IN,Document,CHEMBL4368908,reported_in,Bioactivity is reported in respective document
Bioactivity,BA_000297,REPORTED_IN,Document,CHEMBL4368927,reported_in,Bioactivity is reported in respective document
Bioactivity,BA_000298,REPORTED_IN,Document,CHEMBL4387742,reported_in,Bioactivity is reported in respective document
Bioactivity,BA_000299,REPORTED_IN,Document,CHEMBL4433200,reported_in,Bioactivity is reported in respective document
Bioactivity,BA_000300,REPORTED_IN,Document,CHEMBL4602629,reported_in,Bioactivity is reported in respective document
Bioactivity,BA_000301,REPORTED_IN,Document,CHEMBL4699438,reported_in,Bioactivity is reported in respective document
Bioactivity,BA_000302,REPORTED_IN,Document,CHEMBL4725291,reported_in,Bioactivity is reported in respective document
Bioactivity,BA_000303,REPORTED_IN,Document,CHEMBL4808148,reported_in,Bioactivity is reported in respective document
Bioactivity,BA_000304,REPORTED_IN,Document,CHEMBL4837233,reported_in,Bioactivity is reported in respective document
Bioactivity,BA_000305,REPORTED_IN,Document,CHEMBL4842362,reported_in,Bioactivity is reported in respective document
Bioactivity,BA_000306,REPORTED_IN,Document,CHEMBL5029184,reported_in,Bioactivity is reported in respective document
Bioactivity,BA_000307,REPORTED_IN,Document,CHEMBL5136976,reported_in,Bioactivity is reported in respective document
Bioactivity,BA_000308,REPORTED_IN,Document,CHEMBL5223149,reported_in,Bioactivity is reported in respective document
Bioactivity,BA_000309,REPORTED_IN,Document,CHEMBL5230123,reported_in,Bioactivity is reported in respective document
Bioactivity,BA_000310,REPORTED_IN,Document,CHEMBL5325485,reported_in,Bioactivity is reported in respective document
Bioactivity,BA_000311,REPORTED_IN,Document,CHEMBL5512615,reported_in,Bioactivity is reported in respective document
Bioactivity,BA_000312,REPORTED_IN,Document,CHEMBL5512629,reported_in,Bioactivity is reported in respective document
Bioactivity,BA_000313,REPORTED_IN,Document,CHEMBL5634157,reported_in,Bioactivity is reported in respective document
Bioactivity,BA_000314,REPORTED_IN,Document,CHEMBL6087480,reported_in,Bioactivity is reported in respective document
Bioactivity,BA_000315,REPORTED_IN,Document,CHEMBL6087480,reported_in,Bioactivity is reported in respective document
Bioactivity,BA_000316,REPORTED_IN,Document,CHEMBL6109136,reported_in,Bioactivity is reported in respective document
Bioactivity,BA_000317,REPORTED_IN,Document,CHEMBL1141212,reported_in,Bioactivity is reported in respective document
Bioactivity,BA_000318,REPORTED_IN,Document,CHEMBL1141212,reported_in,Bioactivity is reported in respective document
Bioactivity,BA_000319,REPORTED_IN,Document,CHEMBL1147123,reported_in,Bioactivity is reported in respective document
Bioactivity,BA_000320,REPORTED_IN,Document,CHEMBL1143062,reported_in,Bioactivity is reported in respective document
Bioactivity,BA_000321,REPORTED_IN,Document,CHEMBL1140486,reported_in,Bioactivity is reported in respective document
Bioactivity,BA_000322,REPORTED_IN,Document,CHEMBL1140486,reported_in,Bioactivity is reported in respective document
Bioactivity,BA_000323,REPORTED_IN,Document,CHEMBL1145498,reported_in,Bioactivity is reported in respective document
Bioactivity,BA_000324,REPORTED_IN,Document,CHEMBL1145498,reported_in,Bioactivity is reported in respective document
Bioactivity,BA_000325,REPORTED_IN,Document,CHEMBL1143916,reported_in,Bioactivity is reported in respective document
Bioactivity,BA_000326,REPORTED_IN,Document,CHEMBL1157146,reported_in,Bioactivity is reported in respective document
Bioactivity,BA_000327,REPORTED_IN,Document,CHEMBL1153342,reported_in,Bioactivity is reported in respective document
Bioactivity,BA_000328,REPORTED_IN,Document,CHEMBL1150666,reported_in,Bioactivity is reported in respective document
Bioactivity,BA_000329,REPORTED_IN,Document,CHEMBL1158850,reported_in,Bioactivity is reported in respective document
Bioactivity,BA_000330,REPORTED_IN,Document,CHEMBL1157467,reported_in,Bioactivity is reported in respective document
Bioactivity,BA_000331,REPORTED_IN,Document,CHEMBL1151698,reported_in,Bioactivity is reported in respective document
Bioactivity,BA_000332,REPORTED_IN,Document,CHEMBL1158361,reported_in,Bioactivity is reported in respective document
Bioactivity,BA_000333,REPORTED_IN,Document,CHEMBL1150975,reported_in,Bioactivity is reported in respective document
Bioactivity,BA_000334,REPORTED_IN,Document,CHEMBL1159098,reported_in,Bioactivity is reported in respective document
Bioactivity,BA_000335,REPORTED_IN,Document,CHEMBL1157641,reported_in,Bioactivity is reported in respective document
Bioactivity,BA_000336,REPORTED_IN,Document,CHEMBL1157641,reported_in,Bioactivity is reported in respective document
Bioactivity,BA_000337,REPORTED_IN,Document,CHEMBL1157641,reported_in,Bioactivity is reported in respective document
Bioactivity,BA_000338,REPORTED_IN,Document,CHEMBL1157641,reported_in,Bioactivity is reported in respective document
Bioactivity,BA_000339,REPORTED_IN,Document,CHEMBL1157641,reported_in,Bioactivity is reported in respective document
Bioactivity,BA_000340,REPORTED_IN,Document,CHEMBL1157641,reported_in,Bioactivity is reported in respective document
Bioactivity,BA_000341,REPORTED_IN,Document,CHEMBL1157641,reported_in,Bioactivity is reported in respective document
Bioactivity,BA_000342,REPORTED_IN,Document,CHEMBL1157641,reported_in,Bioactivity is reported in respective document
Bioactivity,BA_000343,REPORTED_IN,Document,CHEMBL1157641,reported_in,Bioactivity is reported in respective document
Bioactivity,BA_000344,REPORTED_IN,Document,CHEMBL1157641,reported_in,Bioactivity is reported in respective document
Bioactivity,BA_000345,REPORTED_IN,Document,CHEMBL1157752,reported_in,Bioactivity is reported in respective document
Bioactivity,BA_000346,REPORTED_IN,Document,CHEMBL1157768,reported_in,Bioactivity is reported in respective document
Bioactivity,BA_000347,REPORTED_IN,Document,CHEMBL1221335,reported_in,Bioactivity is reported in respective document
Bioactivity,BA_000348,REPORTED_IN,Document,CHEMBL1221335,reported_in,Bioactivity is reported in respective document
Bioactivity,BA_000349,REPORTED_IN,Document,CHEMBL1221335,reported_in,Bioactivity is reported in respective document
Bioactivity,BA_000350,REPORTED_IN,Document,CHEMBL1240523,reported_in,Bioactivity is reported in respective document
Bioactivity,BA_000351,REPORTED_IN,Document,CHEMBL1240477,reported_in,Bioactivity is reported in respective document
Bioactivity,BA_000352,REPORTED_IN,Document,CHEMBL1201862,reported_in,Bioactivity is reported in respective document
Bioactivity,BA_000353,REPORTED_IN,Document,CHEMBL1201862,reported_in,Bioactivity is reported in respective document
Bioactivity,BA_000354,REPORTED_IN,Document,CHEMBL1201862,reported_in,Bioactivity is reported in respective document
Bioactivity,BA_000355,REPORTED_IN,Document,CHEMBL1201862,reported_in,Bioactivity is reported in respective document
Bioactivity,BA_000356,REPORTED_IN,Document,CHEMBL1201862,reported_in,Bioactivity is reported in respective document
Bioactivity,BA_000357,REPORTED_IN,Document,CHEMBL1201862,reported_in,Bioactivity is reported in respective document
Bioactivity,BA_000358,REPORTED_IN,Document,CHEMBL1201862,reported_in,Bioactivity is reported in respective document
Bioactivity,BA_000359,REPORTED_IN,Document,CHEMBL1201862,reported_in,Bioactivity is reported in respective document
Bioactivity,BA_000360,REPORTED_IN,Document,CHEMBL1201862,reported_in,Bioactivity is reported in respective document
Bioactivity,BA_000361,REPORTED_IN,Document,CHEMBL1201862,reported_in,Bioactivity is reported in respective document
Bioactivity,BA_000362,REPORTED_IN,Document,CHEMBL1201862,reported_in,Bioactivity is reported in respective document
Bioactivity,BA_000363,REPORTED_IN,Document,CHEMBL1201862,reported_in,Bioactivity is reported in respective document
Bioactivity,BA_000364,REPORTED_IN,Document,CHEMBL1201862,reported_in,Bioactivity is reported in respective document
Bioactivity,BA_000365,REPORTED_IN,Document,CHEMBL1201862,reported_in,Bioactivity is reported in respective document
Bioactivity,BA_000366,REPORTED_IN,Document,CHEMBL1201862,reported_in,Bioactivity is reported in respective document
Bioactivity,BA_000367,REPORTED_IN,Document,CHEMBL1201862,reported_in,Bioactivity is reported in respective document
Bioactivity,BA_000368,REPORTED_IN,Document,CHEMBL1201862,reported_in,Bioactivity is reported in respective document
Bioactivity,BA_000369,REPORTED_IN,Document,CHEMBL1201862,reported_in,Bioactivity is reported in respective document
Bioactivity,BA_000370,REPORTED_IN,Document,CHEMBL1201862,reported_in,Bioactivity is reported in respective document
Bioactivity,BA_000371,REPORTED_IN,Document,CHEMBL1201862,reported_in,Bioactivity is reported in respective document
Bioactivity,BA_000372,REPORTED_IN,Document,CHEMBL1201862,reported_in,Bioactivity is reported in respective document
Bioactivity,BA_000373,REPORTED_IN,Document,CHEMBL1201862,reported_in,Bioactivity is reported in respective document
Bioactivity,BA_000374,REPORTED_IN,Document,CHEMBL1201862,reported_in,Bioactivity is reported in respective document
Bioactivity,BA_000375,REPORTED_IN,Document,CHEMBL1201862,reported_in,Bioactivity is reported in respective document
Bioactivity,BA_000376,REPORTED_IN,Document,CHEMBL1667841,reported_in,Bioactivity is reported in respective document
Bioactivity,BA_000377,REPORTED_IN,Document,CHEMBL1681785,reported_in,Bioactivity is reported in respective document
Bioactivity,BA_000378,REPORTED_IN,Document,CHEMBL1681785,reported_in,Bioactivity is reported in respective document
Bioactivity,BA_000379,REPORTED_IN,Document,CHEMBL1201862,reported_in,Bioactivity is reported in respective document
Bioactivity,BA_000380,REPORTED_IN,Document,CHEMBL1201862,reported_in,Bioactivity is reported in respective document
Bioactivity,BA_000381,REPORTED_IN,Document,CHEMBL1143916,reported_in,Bioactivity is reported in respective document
Bioactivity,BA_000382,REPORTED_IN,Document,CHEMBL1938238,reported_in,Bioactivity is reported in respective document
Bioactivity,BA_000383,REPORTED_IN,Document,CHEMBL1157752,reported_in,Bioactivity is reported in respective document
Bioactivity,BA_000384,REPORTED_IN,Document,CHEMBL1157752,reported_in,Bioactivity is reported in respective document
Bioactivity,BA_000385,REPORTED_IN,Document,CHEMBL1201862,reported_in,Bioactivity is reported in respective document
Bioactivity,BA_000386,REPORTED_IN,Document,CHEMBL1201862,reported_in,Bioactivity is reported in respective document
Bioactivity,BA_000387,REPORTED_IN,Document,CHEMBL1201862,reported_in,Bioactivity is reported in respective document
Bioactivity,BA_000388,REPORTED_IN,Document,CHEMBL1201862,reported_in,Bioactivity is reported in respective document
Bioactivity,BA_000389,REPORTED_IN,Document,CHEMBL1201862,reported_in,Bioactivity is reported in respective document
Bioactivity,BA_000390,REPORTED_IN,Document,CHEMBL1201862,reported_in,Bioactivity is reported in respective document
Bioactivity,BA_000391,REPORTED_IN,Document,CHEMBL3351764,reported_in,Bioactivity is reported in respective document
Bioactivity,BA_000392,REPORTED_IN,Document,CHEMBL4308904,reported_in,Bioactivity is reported in respective document
Bioactivity,BA_000393,REPORTED_IN,Document,CHEMBL5241074,reported_in,Bioactivity is reported in respective document
Bioactivity,BA_000394,REPORTED_IN,Document,CHEMBL5244208,reported_in,Bioactivity is reported in respective document
Bioactivity,BA_000395,REPORTED_IN,Document,CHEMBL6078690,reported_in,Bioactivity is reported in respective document
Bioactivity,BA_000396,REPORTED_IN,Document,CHEMBL1201862,reported_in,Bioactivity is reported in respective document
Bioactivity,BA_000397,REPORTED_IN,Document,CHEMBL1157146,reported_in,Bioactivity is reported in respective document
Bioactivity,BA_000398,REPORTED_IN,Document,CHEMBL1158850,reported_in,Bioactivity is reported in respective document
Bioactivity,BA_000399,REPORTED_IN,Document,CHEMBL1159098,reported_in,Bioactivity is reported in respective document
Bioactivity,BA_000400,REPORTED_IN,Document,CHEMBL1221335,reported_in,Bioactivity is reported in respective document
Bioactivity,BA_000401,REPORTED_IN,Document,CHEMBL1221335,reported_in,Bioactivity is reported in respective document
Bioactivity,BA_000402,REPORTED_IN,Document,CHEMBL1221335,reported_in,Bioactivity is reported in respective document
Bioactivity,BA_000403,REPORTED_IN,Document,CHEMBL1240523,reported_in,Bioactivity is reported in respective document
Bioactivity,BA_000404,REPORTED_IN,Document,CHEMBL1201862,reported_in,Bioactivity is reported in respective document
Bioactivity,BA_000405,REPORTED_IN,Document,CHEMBL1201862,reported_in,Bioactivity is reported in respective document
Bioactivity,BA_000406,REPORTED_IN,Document,CHEMBL1201862,reported_in,Bioactivity is reported in respective document
Bioactivity,BA_000407,REPORTED_IN,Document,CHEMBL1201862,reported_in,Bioactivity is reported in respective document
Bioactivity,BA_000408,REPORTED_IN,Document,CHEMBL1201862,reported_in,Bioactivity is reported in respective document
Bioactivity,BA_000409,REPORTED_IN,Document,CHEMBL1201862,reported_in,Bioactivity is reported in respective document
Bioactivity,BA_000410,REPORTED_IN,Document,CHEMBL1201862,reported_in,Bioactivity is reported in respective document
Bioactivity,BA_000411,REPORTED_IN,Document,CHEMBL1201862,reported_in,Bioactivity is reported in respective document
Bioactivity,BA_000412,REPORTED_IN,Document,CHEMBL1201862,reported_in,Bioactivity is reported in respective document
Bioactivity,BA_000413,REPORTED_IN,Document,CHEMBL1201862,reported_in,Bioactivity is reported in respective document
Bioactivity,BA_000414,REPORTED_IN,Document,CHEMBL1201862,reported_in,Bioactivity is reported in respective document
Bioactivity,BA_000415,REPORTED_IN,Document,CHEMBL1687875,reported_in,Bioactivity is reported in respective document
Bioactivity,BA_000416,REPORTED_IN,Document,CHEMBL1201862,reported_in,Bioactivity is reported in respective document
Bioactivity,BA_000417,REPORTED_IN,Document,CHEMBL1201862,reported_in,Bioactivity is reported in respective document
Bioactivity,BA_000418,REPORTED_IN,Document,CHEMBL1201862,reported_in,Bioactivity is reported in respective document
Bioactivity,BA_000419,REPORTED_IN,Document,CHEMBL1777768,reported_in,Bioactivity is reported in respective document
Bioactivity,BA_000420,REPORTED_IN,Document,CHEMBL1777768,reported_in,Bioactivity is reported in respective document
Bioactivity,BA_000421,REPORTED_IN,Document,CHEMBL1795225,reported_in,Bioactivity is reported in respective document
Bioactivity,BA_000422,REPORTED_IN,Document,CHEMBL1201862,reported_in,Bioactivity is reported in respective document
Bioactivity,BA_000423,REPORTED_IN,Document,CHEMBL1201862,reported_in,Bioactivity is reported in respective document
Bioactivity,BA_000424,REPORTED_IN,Document,CHEMBL1201862,reported_in,Bioactivity is reported in respective document
Bioactivity,BA_000425,REPORTED_IN,Document,CHEMBL1201862,reported_in,Bioactivity is reported in respective document
Bioactivity,BA_000426,REPORTED_IN,Document,CHEMBL1201862,reported_in,Bioactivity is reported in respective document
Bioactivity,BA_000427,REPORTED_IN,Document,CHEMBL1201862,reported_in,Bioactivity is reported in respective document
Bioactivity,BA_000428,REPORTED_IN,Document,CHEMBL1201862,reported_in,Bioactivity is reported in respective document
Bioactivity,BA_000429,REPORTED_IN,Document,CHEMBL2034837,reported_in,Bioactivity is reported in respective document
Bioactivity,BA_000430,REPORTED_IN,Document,CHEMBL2034837,reported_in,Bioactivity is reported in respective document
Bioactivity,BA_000431,REPORTED_IN,Document,CHEMBL2046344,reported_in,Bioactivity is reported in respective document
Bioactivity,BA_000432,REPORTED_IN,Document,CHEMBL2046344,reported_in,Bioactivity is reported in respective document
Bioactivity,BA_000433,REPORTED_IN,Document,CHEMBL2046344,reported_in,Bioactivity is reported in respective document
Bioactivity,BA_000434,REPORTED_IN,Document,CHEMBL1201862,reported_in,Bioactivity is reported in respective document
Bioactivity,BA_000435,REPORTED_IN,Document,CHEMBL1201862,reported_in,Bioactivity is reported in respective document
Bioactivity,BA_000436,REPORTED_IN,Document,CHEMBL1201862,reported_in,Bioactivity is reported in respective document
Bioactivity,BA_000437,REPORTED_IN,Document,CHEMBL2169784,reported_in,Bioactivity is reported in respective document
Bioactivity,BA_000438,REPORTED_IN,Document,CHEMBL3045386,reported_in,Bioactivity is reported in respective document
Bioactivity,BA_000439,REPORTED_IN,Document,CHEMBL2331298,reported_in,Bioactivity is reported in respective document
Bioactivity,BA_000440,REPORTED_IN,Document,CHEMBL2331472,reported_in,Bioactivity is reported in respective document
Bioactivity,BA_000441,REPORTED_IN,Document,CHEMBL2331472,reported_in,Bioactivity is reported in respective document
Bioactivity,BA_000442,REPORTED_IN,Document,CHEMBL2331472,reported_in,Bioactivity is reported in respective document
Bioactivity,BA_000443,REPORTED_IN,Document,CHEMBL2331472,reported_in,Bioactivity is reported in respective document
Bioactivity,BA_000444,REPORTED_IN,Document,CHEMBL2331472,reported_in,Bioactivity is reported in respective document
Bioactivity,BA_000445,REPORTED_IN,Document,CHEMBL2331472,reported_in,Bioactivity is reported in respective document
Bioactivity,BA_000446,REPORTED_IN,Document,CHEMBL2406946,reported_in,Bioactivity is reported in respective document
Bioactivity,BA_000447,REPORTED_IN,Document,CHEMBL3102734,reported_in,Bioactivity is reported in respective document
Bioactivity,BA_000448,REPORTED_IN,Document,CHEMBL3124848,reported_in,Bioactivity is reported in respective document
Bioactivity,BA_000449,REPORTED_IN,Document,CHEMBL1201862,reported_in,Bioactivity is reported in respective document
Bioactivity,BA_000450,REPORTED_IN,Document,CHEMBL1201862,reported_in,Bioactivity is reported in respective document
Bioactivity,BA_000451,REPORTED_IN,Document,CHEMBL1201862,reported_in,Bioactivity is reported in respective document
Bioactivity,BA_000452,REPORTED_IN,Document,CHEMBL1201862,reported_in,Bioactivity is reported in respective document
Bioactivity,BA_000453,REPORTED_IN,Document,CHEMBL1201862,reported_in,Bioactivity is reported in respective document
Bioactivity,BA_000454,REPORTED_IN,Document,CHEMBL1201862,reported_in,Bioactivity is reported in respective document
Bioactivity,BA_000455,REPORTED_IN,Document,CHEMBL3297694,reported_in,Bioactivity is reported in respective document
Bioactivity,BA_000456,REPORTED_IN,Document,CHEMBL3351502,reported_in,Bioactivity is reported in respective document
Bioactivity,BA_000457,REPORTED_IN,Document,CHEMBL3600283,reported_in,Bioactivity is reported in respective document
Bioactivity,BA_000458,REPORTED_IN,Document,CHEMBL3600283,reported_in,Bioactivity is reported in respective document
Bioactivity,BA_000459,REPORTED_IN,Document,CHEMBL3600320,reported_in,Bioactivity is reported in respective document
Bioactivity,BA_000460,REPORTED_IN,Document,CHEMBL3627624,reported_in,Bioactivity is reported in respective document
Bioactivity,BA_000461,REPORTED_IN,Document,CHEMBL3627624,reported_in,Bioactivity is reported in respective document
Bioactivity,BA_000462,REPORTED_IN,Document,CHEMBL3627624,reported_in,Bioactivity is reported in respective document
Bioactivity,BA_000463,REPORTED_IN,Document,CHEMBL3627624,reported_in,Bioactivity is reported in respective document
Bioactivity,BA_000464,REPORTED_IN,Document,CHEMBL3739262,reported_in,Bioactivity is reported in respective document
Bioactivity,BA_000465,REPORTED_IN,Document,CHEMBL3739262,reported_in,Bioactivity is reported in respective document
Bioactivity,BA_000466,REPORTED_IN,Document,CHEMBL3997767,reported_in,Bioactivity is reported in respective document
Bioactivity,BA_000467,REPORTED_IN,Document,CHEMBL4033668,reported_in,Bioactivity is reported in respective document
Bioactivity,BA_000468,REPORTED_IN,Document,CHEMBL4229387,reported_in,Bioactivity is reported in respective document
Bioactivity,BA_000469,REPORTED_IN,Document,CHEMBL4368908,reported_in,Bioactivity is reported in respective document
Bioactivity,BA_000470,REPORTED_IN,Document,CHEMBL4368908,reported_in,Bioactivity is reported in respective document
Bioactivity,BA_000471,REPORTED_IN,Document,CHEMBL4433200,reported_in,Bioactivity is reported in respective document
Bioactivity,BA_000472,REPORTED_IN,Document,CHEMBL4616647,reported_in,Bioactivity is reported in respective document
Bioactivity,BA_000473,REPORTED_IN,Document,CHEMBL1141015,reported_in,Bioactivity is reported in respective document
Bioactivity,BA_000474,REPORTED_IN,Document,CHEMBL1141015,reported_in,Bioactivity is reported in respective document
Bioactivity,BA_000475,REPORTED_IN,Document,CHEMBL1141015,reported_in,Bioactivity is reported in respective document
Bioactivity,BA_000476,REPORTED_IN,Document,CHEMBL1155532,reported_in,Bioactivity is reported in respective document
Bioactivity,BA_000477,REPORTED_IN,Document,CHEMBL1155532,reported_in,Bioactivity is reported in respective document
Bioactivity,BA_000478,REPORTED_IN,Document,CHEMBL1201862,reported_in,Bioactivity is reported in respective document
Bioactivity,BA_000479,REPORTED_IN,Document,CHEMBL1201862,reported_in,Bioactivity is reported in respective document
Bioactivity,BA_000480,REPORTED_IN,Document,CHEMBL1201862,reported_in,Bioactivity is reported in respective document
Bioactivity,BA_000481,REPORTED_IN,Document,CHEMBL3046324,reported_in,Bioactivity is reported in respective document
Bioactivity,BA_000482,REPORTED_IN,Document,CHEMBL3046324,reported_in,Bioactivity is reported in respective document
Bioactivity,BA_000483,REPORTED_IN,Document,CHEMBL3046720,reported_in,Bioactivity is reported in respective document
Bioactivity,BA_000484,REPORTED_IN,Document,CHEMBL3046720,reported_in,Bioactivity is reported in respective document
Bioactivity,BA_000485,REPORTED_IN,Document,CHEMBL3351646,reported_in,Bioactivity is reported in respective document
Bioactivity,BA_000486,REPORTED_IN,Document,CHEMBL3826919,reported_in,Bioactivity is reported in respective document
Bioactivity,BA_000487,REPORTED_IN,Document,CHEMBL3826919,reported_in,Bioactivity is reported in respective document
Bioactivity,BA_000488,REPORTED_IN,Document,CHEMBL4261634,reported_in,Bioactivity is reported in respective document
Bioactivity,BA_000489,REPORTED_IN,Document,CHEMBL4665678,reported_in,Bioactivity is reported in respective document
Bioactivity,BA_000490,REPORTED_IN,Document,CHEMBL5346928,reported_in,Bioactivity is reported in respective document
Bioactivity,BA_000491,REPORTED_IN,Document,CHEMBL1139026,reported_in,Bioactivity is reported in respective document
Bioactivity,BA_000492,REPORTED_IN,Document,CHEMBL1201862,reported_in,Bioactivity is reported in respective document
Bioactivity,BA_000493,REPORTED_IN,Document,CHEMBL1201862,reported_in,Bioactivity is reported in respective document
Bioactivity,BA_000494,REPORTED_IN,Document,CHEMBL1201862,reported_in,Bioactivity is reported in respective document
Bioactivity,BA_000495,REPORTED_IN,Document,CHEMBL3046720,reported_in,Bioactivity is reported in respective document
Bioactivity,BA_000496,REPORTED_IN,Document,CHEMBL1201862,reported_in,Bioactivity is reported in respective document
Bioactivity,BA_000497,REPORTED_IN,Document,CHEMBL1201862,reported_in,Bioactivity is reported in respective document
Bioactivity,BA_000498,REPORTED_IN,Document,CHEMBL4342430,reported_in,Bioactivity is reported in respective document
Bioactivity,BA_000499,REPORTED_IN,Document,CHEMBL4342430,reported_in,Bioactivity is reported in respective document
Bioactivity,BA_000500,REPORTED_IN,Document,CHEMBL6071125,reported_in,Bioactivity is reported in respective document
Bioactivity,BA_000501,REPORTED_IN,Document,CHEMBL1139984,reported_in,Bioactivity is reported in respective document
Bioactivity,BA_000502,REPORTED_IN,Document,CHEMBL1139984,reported_in,Bioactivity is reported in respective document
Bioactivity,BA_000503,REPORTED_IN,Document,CHEMBL1140205,reported_in,Bioactivity is reported in respective document
Bioactivity,BA_000504,REPORTED_IN,Document,CHEMBL1157469,reported_in,Bioactivity is reported in respective document
Bioactivity,BA_000505,REPORTED_IN,Document,CHEMBL1157469,reported_in,Bioactivity is reported in respective document
Bioactivity,BA_000506,REPORTED_IN,Document,CHEMBL1201862,reported_in,Bioactivity is reported in respective document
Bioactivity,BA_000507,REPORTED_IN,Document,CHEMBL3046324,reported_in,Bioactivity is reported in respective document
Bioactivity,BA_000508,REPORTED_IN,Document,CHEMBL3046720,reported_in,Bioactivity is reported in respective document
Bioactivity,BA_000509,REPORTED_IN,Document,CHEMBL3046720,reported_in,Bioactivity is reported in respective document
Bioactivity,BA_000510,REPORTED_IN,Document,CHEMBL1201862,reported_in,Bioactivity is reported in respective document
Bioactivity,BA_000511,REPORTED_IN,Document,CHEMBL1201862,reported_in,Bioactivity is reported in respective document
Bioactivity,BA_000512,REPORTED_IN,Document,CHEMBL1201862,reported_in,Bioactivity is reported in respective document
Bioactivity,BA_000513,REPORTED_IN,Document,CHEMBL3390843,reported_in,Bioactivity is reported in respective document
Bioactivity,BA_000514,REPORTED_IN,Document,CHEMBL3826919,reported_in,Bioactivity is reported in respective document
Bioactivity,BA_000515,REPORTED_IN,Document,CHEMBL4616647,reported_in,Bioactivity is reported in respective document
Bioactivity,BA_000516,REPORTED_IN,Document,CHEMBL6120987,reported_in,Bioactivity is reported in respective document
Bioactivity,BA_000517,REPORTED_IN,Document,CHEMBL1137179,reported_in,Bioactivity is reported in respective document
Bioactivity,BA_000518,REPORTED_IN,Document,CHEMBL1137179,reported_in,Bioactivity is reported in respective document
Bioactivity,BA_000519,REPORTED_IN,Document,CHEMBL1137179,reported_in,Bioactivity is reported in respective document
Bioactivity,BA_000520,REPORTED_IN,Document,CHEMBL1137179,reported_in,Bioactivity is reported in respective document
Bioactivity,BA_000521,REPORTED_IN,Document,CHEMBL1145330,reported_in,Bioactivity is reported in respective document
Bioactivity,BA_000522,REPORTED_IN,Document,CHEMBL1139984,reported_in,Bioactivity is reported in respective document
Bioactivity,BA_000523,REPORTED_IN,Document,CHEMBL1139984,reported_in,Bioactivity is reported in respective document
Bioactivity,BA_000524,REPORTED_IN,Document,CHEMBL1201862,reported_in,Bioactivity is reported in respective document
Bioactivity,BA_000525,REPORTED_IN,Document,CHEMBL1201862,reported_in,Bioactivity is reported in respective document
Bioactivity,BA_000526,REPORTED_IN,Document,CHEMBL1201862,reported_in,Bioactivity is reported in respective document
Bioactivity,BA_000527,REPORTED_IN,Document,CHEMBL3046720,reported_in,Bioactivity is reported in respective document
Bioactivity,BA_000528,REPORTED_IN,Document,CHEMBL3046720,reported_in,Bioactivity is reported in respective document
Bioactivity,BA_000529,REPORTED_IN,Document,CHEMBL4482311,reported_in,Bioactivity is reported in respective document
Bioactivity,BA_000530,REPORTED_IN,Document,CHEMBL4616647,reported_in,Bioactivity is reported in respective document
Bioactivity,BA_000531,REPORTED_IN,Document,CHEMBL6071125,reported_in,Bioactivity is reported in respective document
Bioactivity,BA_000532,REPORTED_IN,Document,CHEMBL1201862,reported_in,Bioactivity is reported in respective document
Bioactivity,BA_000533,REPORTED_IN,Document,CHEMBL1201862,reported_in,Bioactivity is reported in respective document
Bioactivity,BA_000534,REPORTED_IN,Document,CHEMBL1201862,reported_in,Bioactivity is reported in respective document
Bioactivity,BA_000535,REPORTED_IN,Document,CHEMBL3046720,reported_in,Bioactivity is reported in respective document
Bioactivity,BA_000536,REPORTED_IN,Document,CHEMBL3046720,reported_in,Bioactivity is reported in respective document
Bioactivity,BA_000537,REPORTED_IN,Document,CHEMBL4616647,reported_in,Bioactivity is reported in respective document
Bioactivity,BA_000538,REPORTED_IN,Document,CHEMBL6071125,reported_in,Bioactivity is reported in respective document
Bioactivity,BA_000539,REPORTED_IN,Document,CHEMBL1201862,reported_in,Bioactivity is reported in respective document
Bioactivity,BA_000540,REPORTED_IN,Document,CHEMBL1201862,reported_in,Bioactivity is reported in respective document
Bioactivity,BA_000541,REPORTED_IN,Document,CHEMBL1201862,reported_in,Bioactivity is reported in respective document
Bioactivity,BA_000542,REPORTED_IN,Document,CHEMBL1201862,reported_in,Bioactivity is reported in respective document
Bioactivity,BA_000543,REPORTED_IN,Document,CHEMBL1909046,reported_in,Bioactivity is reported in respective document
Bioactivity,BA_000544,REPORTED_IN,Document,CHEMBL1909046,reported_in,Bioactivity is reported in respective document
Bioactivity,BA_000545,REPORTED_IN,Document,CHEMBL1909046,reported_in,Bioactivity is reported in respective document
Bioactivity,BA_000546,REPORTED_IN,Document,CHEMBL1909046,reported_in,Bioactivity is reported in respective document
Bioactivity,BA_000547,REPORTED_IN,Document,CHEMBL1909046,reported_in,Bioactivity is reported in respective document
Bioactivity,BA_000548,REPORTED_IN,Document,CHEMBL1909046,reported_in,Bioactivity is reported in respective document
Bioactivity,BA_000549,REPORTED_IN,Document,CHEMBL1909046,reported_in,Bioactivity is reported in respective document
Bioactivity,BA_000550,REPORTED_IN,Document,CHEMBL1909046,reported_in,Bioactivity is reported in respective document
Bioactivity,BA_000551,REPORTED_IN,Document,CHEMBL1909046,reported_in,Bioactivity is reported in respective document
Bioactivity,BA_000552,REPORTED_IN,Document,CHEMBL1909046,reported_in,Bioactivity is reported in respective document
Bioactivity,BA_000553,REPORTED_IN,Document,CHEMBL1201862,reported_in,Bioactivity is reported in respective document
Bioactivity,BA_000554,REPORTED_IN,Document,CHEMBL1201862,reported_in,Bioactivity is reported in respective document
Bioactivity,BA_000555,REPORTED_IN,Document,CHEMBL3039007,reported_in,Bioactivity is reported in respective document
Bioactivity,BA_000556,REPORTED_IN,Document,CHEMBL3039007,reported_in,Bioactivity is reported in respective document
Bioactivity,BA_000557,REPORTED_IN,Document,CHEMBL3039007,reported_in,Bioactivity is reported in respective document
Bioactivity,BA_000558,REPORTED_IN,Document,CHEMBL3039007,reported_in,Bioactivity is reported in respective document
Bioactivity,BA_000559,REPORTED_IN,Document,CHEMBL1201862,reported_in,Bioactivity is reported in respective document
Bioactivity,BA_000560,REPORTED_IN,Document,CHEMBL1201862,reported_in,Bioactivity is reported in respective document
Bioactivity,BA_000561,REPORTED_IN,Document,CHEMBL1201862,reported_in,Bioactivity is reported in respective document
Bioactivity,BA_000562,REPORTED_IN,Document,CHEMBL1201862,reported_in,Bioactivity is reported in respective document
Bioactivity,BA_000563,REPORTED_IN,Document,CHEMBL1201862,reported_in,Bioactivity is reported in respective document
Bioactivity,BA_000564,REPORTED_IN,Document,CHEMBL1201862,reported_in,Bioactivity is reported in respective document
Bioactivity,BA_000565,REPORTED_IN,Document,CHEMBL1201862,reported_in,Bioactivity is reported in respective document
Bioactivity,BA_000566,REPORTED_IN,Document,CHEMBL1201862,reported_in,Bioactivity is reported in respective document
Bioactivity,BA_000567,REPORTED_IN,Document,CHEMBL1201862,reported_in,Bioactivity is reported in respective document
Bioactivity,BA_000568,REPORTED_IN,Document,CHEMBL1201862,reported_in,Bioactivity is reported in respective document
Bioactivity,BA_000569,REPORTED_IN,Document,CHEMBL1201862,reported_in,Bioactivity is reported in respective document
Bioactivity,BA_000570,REPORTED_IN,Document,CHEMBL1201862,reported_in,Bioactivity is reported in respective document
Bioactivity,BA_000571,REPORTED_IN,Document,CHEMBL1201862,reported_in,Bioactivity is reported in respective document
Bioactivity,BA_000572,REPORTED_IN,Document,CHEMBL1201862,reported_in,Bioactivity is reported in respective document
Bioactivity,BA_000573,REPORTED_IN,Document,CHEMBL1201862,reported_in,Bioactivity is reported in respective document
Bioactivity,BA_000574,REPORTED_IN,Document,CHEMBL1201862,reported_in,Bioactivity is reported in respective document
Bioactivity,BA_000575,REPORTED_IN,Document,CHEMBL1201862,reported_in,Bioactivity is reported in respective document
Bioactivity,BA_000576,REPORTED_IN,Document,CHEMBL1201862,reported_in,Bioactivity is reported in respective document
Bioactivity,BA_000577,REPORTED_IN,Document,CHEMBL1201862,reported_in,Bioactivity is reported in respective document
Bioactivity,BA_000578,REPORTED_IN,Document,CHEMBL1201862,reported_in,Bioactivity is reported in respective document
Bioactivity,BA_000579,REPORTED_IN,Document,CHEMBL1201862,reported_in,Bioactivity is reported in respective document
Bioactivity,BA_000580,REPORTED_IN,Document,CHEMBL1201862,reported_in,Bioactivity is reported in respective document
Bioactivity,BA_000581,REPORTED_IN,Document,CHEMBL1201862,reported_in,Bioactivity is reported in respective document
Bioactivity,BA_000582,REPORTED_IN,Document,CHEMBL1201862,reported_in,Bioactivity is reported in respective document
Bioactivity,BA_000583,REPORTED_IN,Document,CHEMBL1201862,reported_in,Bioactivity is reported in respective document
Bioactivity,BA_000584,REPORTED_IN,Document,CHEMBL1201862,reported_in,Bioactivity is reported in respective document
Bioactivity,BA_000585,REPORTED_IN,Document,CHEMBL1201862,reported_in,Bioactivity is reported in respective document
Bioactivity,BA_000586,REPORTED_IN,Document,CHEMBL4411259,reported_in,Bioactivity is reported in respective document
Bioactivity,BA_000587,REPORTED_IN,Document,CHEMBL4411259,reported_in,Bioactivity is reported in respective document
Bioactivity,BA_000588,REPORTED_IN,Document,CHEMBL5241076,reported_in,Bioactivity is reported in respective document
Bioactivity,BA_000589,REPORTED_IN,Document,CHEMBL1201862,reported_in,Bioactivity is reported in respective document
Bioactivity,BA_000590,REPORTED_IN,Document,CHEMBL1201862,reported_in,Bioactivity is reported in respective document
Bioactivity,BA_000591,REPORTED_IN,Document,CHEMBL1201862,reported_in,Bioactivity is reported in respective document
Bioactivity,BA_000592,REPORTED_IN,Document,CHEMBL1201862,reported_in,Bioactivity is reported in respective document
Bioactivity,BA_000593,REPORTED_IN,Document,CHEMBL1201862,reported_in,Bioactivity is reported in respective document
Bioactivity,BA_000594,REPORTED_IN,Document,CHEMBL1201862,reported_in,Bioactivity is reported in respective document
Bioactivity,BA_000595,REPORTED_IN,Document,CHEMBL1201862,reported_in,Bioactivity is reported in respective document
Bioactivity,BA_000596,REPORTED_IN,Document,CHEMBL5512615,reported_in,Bioactivity is reported in respective document
Bioactivity,BA_000597,REPORTED_IN,Document,CHEMBL1201862,reported_in,Bioactivity is reported in respective document
Bioactivity,BA_000598,REPORTED_IN,Document,CHEMBL1201862,reported_in,Bioactivity is reported in respective document
Bioactivity,BA_000599,REPORTED_IN,Document,CHEMBL1201862,reported_in,Bioactivity is reported in respective document
Bioactivity,BA_000600,REPORTED_IN,Document,CHEMBL1201862,reported_in,Bioactivity is reported in respective document
Bioactivity,BA_000601,REPORTED_IN,Document,CHEMBL4411259,reported_in,Bioactivity is reported in respective document
Bioactivity,BA_000602,REPORTED_IN,Document,CHEMBL1201862,reported_in,Bioactivity is reported in respective document
Bioactivity,BA_000603,REPORTED_IN,Document,CHEMBL1201862,reported_in,Bioactivity is reported in respective document
Bioactivity,BA_000604,REPORTED_IN,Document,CHEMBL1201862,reported_in,Bioactivity is reported in respective document
Bioactivity,BA_000605,REPORTED_IN,Document,CHEMBL1201862,reported_in,Bioactivity is reported in respective document
Bioactivity,BA_000606,REPORTED_IN,Document,CHEMBL1201862,reported_in,Bioactivity is reported in respective document
Bioactivity,BA_000607,REPORTED_IN,Document,CHEMBL1201862,reported_in,Bioactivity is reported in respective document
Bioactivity,BA_000608,REPORTED_IN,Document,CHEMBL1201862,reported_in,Bioactivity is reported in respective document
Bioactivity,BA_000609,REPORTED_IN,Document,CHEMBL1201862,reported_in,Bioactivity is reported in respective document
Bioactivity,BA_000610,REPORTED_IN,Document,CHEMBL1151260,reported_in,Bioactivity is reported in respective document
Bioactivity,BA_000611,REPORTED_IN,Document,CHEMBL1151260,reported_in,Bioactivity is reported in respective document
Bioactivity,BA_000612,REPORTED_IN,Document,CHEMBL1155439,reported_in,Bioactivity is reported in respective document
Bioactivity,BA_000613,REPORTED_IN,Document,CHEMBL1201862,reported_in,Bioactivity is reported in respective document
Bioactivity,BA_000614,REPORTED_IN,Document,CHEMBL1201862,reported_in,Bioactivity is reported in respective document
Bioactivity,BA_000615,REPORTED_IN,Document,CHEMBL1201862,reported_in,Bioactivity is reported in respective document
Bioactivity,BA_000616,REPORTED_IN,Document,CHEMBL1201862,reported_in,Bioactivity is reported in respective document
Bioactivity,BA_000617,REPORTED_IN,Document,CHEMBL1153923,reported_in,Bioactivity is reported in respective document
Bioactivity,BA_000618,REPORTED_IN,Document,CHEMBL1201862,reported_in,Bioactivity is reported in respective document
Bioactivity,BA_000619,REPORTED_IN,Document,CHEMBL1201862,reported_in,Bioactivity is reported in respective document
Bioactivity,BA_000620,REPORTED_IN,Document,CHEMBL1201862,reported_in,Bioactivity is reported in respective document
Bioactivity,BA_000621,REPORTED_IN,Document,CHEMBL1201862,reported_in,Bioactivity is reported in respective document
Bioactivity,BA_000622,REPORTED_IN,Document,CHEMBL1201862,reported_in,Bioactivity is reported in respective document
Bioactivity,BA_000623,REPORTED_IN,Document,CHEMBL1138588,reported_in,Bioactivity is reported in respective document
Bioactivity,BA_000624,REPORTED_IN,Document,CHEMBL1138588,reported_in,Bioactivity is reported in respective document
Bioactivity,BA_000625,REPORTED_IN,Document,CHEMBL1129333,reported_in,Bioactivity is reported in respective document
Bioactivity,BA_000626,REPORTED_IN,Document,CHEMBL1158850,reported_in,Bioactivity is reported in respective document
Bioactivity,BA_000627,REPORTED_IN,Document,CHEMBL1154681,reported_in,Bioactivity is reported in respective document
Bioactivity,BA_000628,REPORTED_IN,Document,CHEMBL1221335,reported_in,Bioactivity is reported in respective document
Bioactivity,BA_000629,REPORTED_IN,Document,CHEMBL1221335,reported_in,Bioactivity is reported in respective document
Bioactivity,BA_000630,REPORTED_IN,Document,CHEMBL1201862,reported_in,Bioactivity is reported in respective document
Bioactivity,BA_000631,REPORTED_IN,Document,CHEMBL1821584,reported_in,Bioactivity is reported in respective document
Bioactivity,BA_000632,REPORTED_IN,Document,CHEMBL3627624,reported_in,Bioactivity is reported in respective document
Bioactivity,BA_000633,REPORTED_IN,Document,CHEMBL3627624,reported_in,Bioactivity is reported in respective document
Bioactivity,BA_000634,REPORTED_IN,Document,CHEMBL3627624,reported_in,Bioactivity is reported in respective document
Bioactivity,BA_000635,REPORTED_IN,Document,CHEMBL4033668,reported_in,Bioactivity is reported in respective document
Bioactivity,BA_000636,REPORTED_IN,Document,CHEMBL4041501,reported_in,Bioactivity is reported in respective document
Bioactivity,BA_000637,REPORTED_IN,Document,CHEMBL4041501,reported_in,Bioactivity is reported in respective document
Bioactivity,BA_000638,REPORTED_IN,Document,CHEMBL4376804,reported_in,Bioactivity is reported in respective document
Bioactivity,BA_000639,REPORTED_IN,Document,CHEMBL5120752,reported_in,Bioactivity is reported in respective document
Bioactivity,BA_000640,REPORTED_IN,Document,CHEMBL5143678,reported_in,Bioactivity is reported in respective document
Bioactivity,BA_000641,REPORTED_IN,Document,CHEMBL1201862,reported_in,Bioactivity is reported in respective document
Bioactivity,BA_000642,REPORTED_IN,Document,CHEMBL5500366,reported_in,Bioactivity is reported in respective document
Bioactivity,BA_000643,REPORTED_IN,Document,CHEMBL5500366,reported_in,Bioactivity is reported in respective document
Bioactivity,BA_000644,REPORTED_IN,Document,CHEMBL4002624,reported_in,Bioactivity is reported in respective document
Bioactivity,BA_000645,REPORTED_IN,Document,CHEMBL2321703,reported_in,Bioactivity is reported in respective document
Bioactivity,BA_000646,REPORTED_IN,Document,CHEMBL2375208,reported_in,Bioactivity is reported in respective document
Bioactivity,BA_000647,REPORTED_IN,Document,CHEMBL2375208,reported_in,Bioactivity is reported in respective document
Bioactivity,BA_000648,REPORTED_IN,Document,CHEMBL2375208,reported_in,Bioactivity is reported in respective document
Bioactivity,BA_000649,REPORTED_IN,Document,CHEMBL2375208,reported_in,Bioactivity is reported in respective document
Bioactivity,BA_000650,REPORTED_IN,Document,CHEMBL2375208,reported_in,Bioactivity is reported in respective document
Bioactivity,BA_000651,REPORTED_IN,Document,CHEMBL4417637,reported_in,Bioactivity is reported in respective document
Bioactivity,BA_000652,REPORTED_IN,Document,CHEMBL1201862,reported_in,Bioactivity is reported in respective document
Bioactivity,BA_000653,REPORTED_IN,Document,CHEMBL1201862,reported_in,Bioactivity is reported in respective document
Bioactivity,BA_000654,REPORTED_IN,Document,CHEMBL1201862,reported_in,Bioactivity is reported in respective document
Bioactivity,BA_000655,REPORTED_IN,Document,CHEMBL1201862,reported_in,Bioactivity is reported in respective document
Bioactivity,BA_000656,REPORTED_IN,Document,CHEMBL1201862,reported_in,Bioactivity is reported in respective document
Bioactivity,BA_000657,REPORTED_IN,Document,CHEMBL1201862,reported_in,Bioactivity is reported in respective document
Bioactivity,BA_000658,REPORTED_IN,Document,CHEMBL1201862,reported_in,Bioactivity is reported in respective document
Bioactivity,BA_000659,REPORTED_IN,Document,CHEMBL1201862,reported_in,Bioactivity is reported in respective document
Bioactivity,BA_000660,REPORTED_IN,Document,CHEMBL1126157,reported_in,Bioactivity is reported in respective document
Bioactivity,BA_000661,REPORTED_IN,Document,CHEMBL1126157,reported_in,Bioactivity is reported in respective document
Bioactivity,BA_000662,REPORTED_IN,Document,CHEMBL1126157,reported_in,Bioactivity is reported in respective document
Bioactivity,BA_000663,REPORTED_IN,Document,CHEMBL4130532,reported_in,Bioactivity is reported in respective document
Bioactivity,BA_000664,REPORTED_IN,Document,CHEMBL4699508,reported_in,Bioactivity is reported in respective document
Bioactivity,BA_000665,REPORTED_IN,Document,CHEMBL4699508,reported_in,Bioactivity is reported in respective document
Bioactivity,BA_000666,REPORTED_IN,Document,CHEMBL4811318,reported_in,Bioactivity is reported in respective document
Bioactivity,BA_000667,REPORTED_IN,Document,CHEMBL5729725,reported_in,Bioactivity is reported in respective document
Bioactivity,BA_000668,REPORTED_IN,Document,CHEMBL1147808,reported_in,Bioactivity is reported in respective document
Bioactivity,BA_000669,REPORTED_IN,Document,CHEMBL1151225,reported_in,Bioactivity is reported in respective document
Bioactivity,BA_000670,REPORTED_IN,Document,CHEMBL1140124,reported_in,Bioactivity is reported in respective document
Bioactivity,BA_000671,REPORTED_IN,Document,CHEMBL1151785,reported_in,Bioactivity is reported in respective document
Bioactivity,BA_000672,REPORTED_IN,Document,CHEMBL1151785,reported_in,Bioactivity is reported in respective document
Bioactivity,BA_000673,REPORTED_IN,Document,CHEMBL1156761,reported_in,Bioactivity is reported in respective document
Bioactivity,BA_000674,REPORTED_IN,Document,CHEMBL1154243,reported_in,Bioactivity is reported in respective document
Bioactivity,BA_000675,REPORTED_IN,Document,CHEMBL1921699,reported_in,Bioactivity is reported in respective document
Bioactivity,BA_000676,REPORTED_IN,Document,CHEMBL2062412,reported_in,Bioactivity is reported in respective document
Bioactivity,BA_000677,REPORTED_IN,Document,CHEMBL1201862,reported_in,Bioactivity is reported in respective document
Bioactivity,BA_000678,REPORTED_IN,Document,CHEMBL2146451,reported_in,Bioactivity is reported in respective document
Bioactivity,BA_000679,REPORTED_IN,Document,CHEMBL2146451,reported_in,Bioactivity is reported in respective document
Bioactivity,BA_000680,REPORTED_IN,Document,CHEMBL2163317,reported_in,Bioactivity is reported in respective document
Bioactivity,BA_000681,REPORTED_IN,Document,CHEMBL2163317,reported_in,Bioactivity is reported in respective document
Bioactivity,BA_000682,REPORTED_IN,Document,CHEMBL2163317,reported_in,Bioactivity is reported in respective document
Bioactivity,BA_000683,REPORTED_IN,Document,CHEMBL2163317,reported_in,Bioactivity is reported in respective document
Bioactivity,BA_000684,REPORTED_IN,Document,CHEMBL2163317,reported_in,Bioactivity is reported in respective document
Bioactivity,BA_000685,REPORTED_IN,Document,CHEMBL2163317,reported_in,Bioactivity is reported in respective document
Bioactivity,BA_000686,REPORTED_IN,Document,CHEMBL2163317,reported_in,Bioactivity is reported in respective document
Bioactivity,BA_000687,REPORTED_IN,Document,CHEMBL2163317,reported_in,Bioactivity is reported in respective document
Bioactivity,BA_000688,REPORTED_IN,Document,CHEMBL2163317,reported_in,Bioactivity is reported in respective document
Bioactivity,BA_000689,REPORTED_IN,Document,CHEMBL3045057,reported_in,Bioactivity is reported in respective document
Bioactivity,BA_000690,REPORTED_IN,Document,CHEMBL2321710,reported_in,Bioactivity is reported in respective document
Bioactivity,BA_000691,REPORTED_IN,Document,CHEMBL2346617,reported_in,Bioactivity is reported in respective document
Bioactivity,BA_000692,REPORTED_IN,Document,CHEMBL2417434,reported_in,Bioactivity is reported in respective document
Bioactivity,BA_000693,REPORTED_IN,Document,CHEMBL2434820,reported_in,Bioactivity is reported in respective document
Bioactivity,BA_000694,REPORTED_IN,Document,CHEMBL3232924,reported_in,Bioactivity is reported in respective document
Bioactivity,BA_000695,REPORTED_IN,Document,CHEMBL3232924,reported_in,Bioactivity is reported in respective document
Bioactivity,BA_000696,REPORTED_IN,Document,CHEMBL3351304,reported_in,Bioactivity is reported in respective document
Bioactivity,BA_000697,REPORTED_IN,Document,CHEMBL3351304,reported_in,Bioactivity is reported in respective document
Bioactivity,BA_000698,REPORTED_IN,Document,CHEMBL3392984,reported_in,Bioactivity is reported in respective document
Bioactivity,BA_000699,REPORTED_IN,Document,CHEMBL3397022,reported_in,Bioactivity is reported in respective document
Bioactivity,BA_000700,REPORTED_IN,Document,CHEMBL3585317,reported_in,Bioactivity is reported in respective document
Bioactivity,BA_000701,REPORTED_IN,Document,CHEMBL3593243,reported_in,Bioactivity is reported in respective document
Bioactivity,BA_000702,REPORTED_IN,Document,CHEMBL3593243,reported_in,Bioactivity is reported in respective document
Bioactivity,BA_000703,REPORTED_IN,Document,CHEMBL3600359,reported_in,Bioactivity is reported in respective document
Bioactivity,BA_000704,REPORTED_IN,Document,CHEMBL3745610,reported_in,Bioactivity is reported in respective document
Bioactivity,BA_000705,REPORTED_IN,Document,CHEMBL3853289,reported_in,Bioactivity is reported in respective document
Bioactivity,BA_000706,REPORTED_IN,Document,CHEMBL3994656,reported_in,Bioactivity is reported in respective document
Bioactivity,BA_000707,REPORTED_IN,Document,CHEMBL3994656,reported_in,Bioactivity is reported in respective document
Bioactivity,BA_000708,REPORTED_IN,Document,CHEMBL3994656,reported_in,Bioactivity is reported in respective document
Bioactivity,BA_000709,REPORTED_IN,Document,CHEMBL4000238,reported_in,Bioactivity is reported in respective document
Bioactivity,BA_000710,REPORTED_IN,Document,CHEMBL4000238,reported_in,Bioactivity is reported in respective document
Bioactivity,BA_000711,REPORTED_IN,Document,CHEMBL4002624,reported_in,Bioactivity is reported in respective document
Bioactivity,BA_000712,REPORTED_IN,Document,CHEMBL4130395,reported_in,Bioactivity is reported in respective document
Bioactivity,BA_000713,REPORTED_IN,Document,CHEMBL4130532,reported_in,Bioactivity is reported in respective document
Bioactivity,BA_000714,REPORTED_IN,Document,CHEMBL4145460,reported_in,Bioactivity is reported in respective document
Bioactivity,BA_000715,REPORTED_IN,Document,CHEMBL4177658,reported_in,Bioactivity is reported in respective document
Bioactivity,BA_000716,REPORTED_IN,Document,CHEMBL4196134,reported_in,Bioactivity is reported in respective document
Bioactivity,BA_000717,REPORTED_IN,Document,CHEMBL4229490,reported_in,Bioactivity is reported in respective document
Bioactivity,BA_000718,REPORTED_IN,Document,CHEMBL4316629,reported_in,Bioactivity is reported in respective document
Bioactivity,BA_000719,REPORTED_IN,Document,CHEMBL4316629,reported_in,Bioactivity is reported in respective document
Bioactivity,BA_000720,REPORTED_IN,Document,CHEMBL4346701,reported_in,Bioactivity is reported in respective document
Bioactivity,BA_000721,REPORTED_IN,Document,CHEMBL4346701,reported_in,Bioactivity is reported in respective document
Bioactivity,BA_000722,REPORTED_IN,Document,CHEMBL4414619,reported_in,Bioactivity is reported in respective document
Bioactivity,BA_000723,REPORTED_IN,Document,CHEMBL4433240,reported_in,Bioactivity is reported in respective document
Bioactivity,BA_000724,REPORTED_IN,Document,CHEMBL4610051,reported_in,Bioactivity is reported in respective document
Bioactivity,BA_000725,REPORTED_IN,Document,CHEMBL5053534,reported_in,Bioactivity is reported in respective document
Bioactivity,BA_000726,REPORTED_IN,Document,CHEMBL5053534,reported_in,Bioactivity is reported in respective document
Bioactivity,BA_000727,REPORTED_IN,Document,CHEMBL5096181,reported_in,Bioactivity is reported in respective document
Bioactivity,BA_000728,REPORTED_IN,Document,CHEMBL5096181,reported_in,Bioactivity is reported in respective document
Bioactivity,BA_000729,REPORTED_IN,Document,CHEMBL5257065,reported_in,Bioactivity is reported in respective document
Bioactivity,BA_000730,REPORTED_IN,Document,CHEMBL5512615,reported_in,Bioactivity is reported in respective document
Bioactivity,BA_000731,REPORTED_IN,Document,CHEMBL5729725,reported_in,Bioactivity is reported in respective document
Bioactivity,BA_000732,REPORTED_IN,Document,CHEMBL6087480,reported_in,Bioactivity is reported in respective document
Bioactivity,BA_000733,REPORTED_IN,Document,CHEMBL1157641,reported_in,Bioactivity is reported in respective document
Bioactivity,BA_000734,REPORTED_IN,Document,CHEMBL1157641,reported_in,Bioactivity is reported in respective document
Bioactivity,BA_000735,REPORTED_IN,Document,CHEMBL1157641,reported_in,Bioactivity is reported in respective document
Bioactivity,BA_000736,REPORTED_IN,Document,CHEMBL1157641,reported_in,Bioactivity is reported in respective document
Bioactivity,BA_000737,REPORTED_IN,Document,CHEMBL1157641,reported_in,Bioactivity is reported in respective document
Bioactivity,BA_000738,REPORTED_IN,Document,CHEMBL1157641,reported_in,Bioactivity is reported in respective document
Bioactivity,BA_000739,REPORTED_IN,Document,CHEMBL1157641,reported_in,Bioactivity is reported in respective document
Bioactivity,BA_000740,REPORTED_IN,Document,CHEMBL1157641,reported_in,Bioactivity is reported in respective document
Bioactivity,BA_000741,REPORTED_IN,Document,CHEMBL1157641,reported_in,Bioactivity is reported in respective document
Bioactivity,BA_000742,REPORTED_IN,Document,CHEMBL1157641,reported_in,Bioactivity is reported in respective document
Bioactivity,BA_000743,REPORTED_IN,Document,CHEMBL1153774,reported_in,Bioactivity is reported in respective document
Bioactivity,BA_000744,REPORTED_IN,Document,CHEMBL1201862,reported_in,Bioactivity is reported in respective document
Bioactivity,BA_000745,REPORTED_IN,Document,CHEMBL1201862,reported_in,Bioactivity is reported in respective document
Bioactivity,BA_000746,REPORTED_IN,Document,CHEMBL1201862,reported_in,Bioactivity is reported in respective document
Bioactivity,BA_000747,REPORTED_IN,Document,CHEMBL1201862,reported_in,Bioactivity is reported in respective document
Bioactivity,BA_000748,REPORTED_IN,Document,CHEMBL1201862,reported_in,Bioactivity is reported in respective document
Bioactivity,BA_000749,REPORTED_IN,Document,CHEMBL1201862,reported_in,Bioactivity is reported in respective document
Bioactivity,BA_000750,REPORTED_IN,Document,CHEMBL1201862,reported_in,Bioactivity is reported in respective document
Bioactivity,BA_000751,REPORTED_IN,Document,CHEMBL1201862,reported_in,Bioactivity is reported in respective document
Bioactivity,BA_000752,REPORTED_IN,Document,CHEMBL1201862,reported_in,Bioactivity is reported in respective document
Bioactivity,BA_000753,REPORTED_IN,Document,CHEMBL2331288,reported_in,Bioactivity is reported in respective document
Bioactivity,BA_000754,REPORTED_IN,Document,CHEMBL2331288,reported_in,Bioactivity is reported in respective document
Bioactivity,BA_000755,REPORTED_IN,Document,CHEMBL2331288,reported_in,Bioactivity is reported in respective document
Bioactivity,BA_000756,REPORTED_IN,Document,CHEMBL2331288,reported_in,Bioactivity is reported in respective document
Bioactivity,BA_000757,REPORTED_IN,Document,CHEMBL1201862,reported_in,Bioactivity is reported in respective document
Bioactivity,BA_000758,REPORTED_IN,Document,CHEMBL3612030,reported_in,Bioactivity is reported in respective document
Bioactivity,BA_000759,REPORTED_IN,Document,CHEMBL4229387,reported_in,Bioactivity is reported in respective document
Bioactivity,BA_000760,REPORTED_IN,Document,CHEMBL5032489,reported_in,Bioactivity is reported in respective document
Bioactivity,BA_000761,REPORTED_IN,Document,CHEMBL5230111,reported_in,Bioactivity is reported in respective document
Bioactivity,BA_000762,REPORTED_IN,Document,CHEMBL1201862,reported_in,Bioactivity is reported in respective document
Bioactivity,BA_000763,REPORTED_IN,Document,CHEMBL1201862,reported_in,Bioactivity is reported in respective document
Bioactivity,BA_000764,REPORTED_IN,Document,CHEMBL1201862,reported_in,Bioactivity is reported in respective document
Bioactivity,BA_000765,REPORTED_IN,Document,CHEMBL1201862,reported_in,Bioactivity is reported in respective document
Bioactivity,BA_000766,REPORTED_IN,Document,CHEMBL1201862,reported_in,Bioactivity is reported in respective document
Bioactivity,BA_000767,REPORTED_IN,Document,CHEMBL1201862,reported_in,Bioactivity is reported in respective document
Bioactivity,BA_000768,REPORTED_IN,Document,CHEMBL1201862,reported_in,Bioactivity is reported in respective document
Bioactivity,BA_000769,REPORTED_IN,Document,CHEMBL1201862,reported_in,Bioactivity is reported in respective document
Bioactivity,BA_000770,REPORTED_IN,Document,CHEMBL5550086,reported_in,Bioactivity is reported in respective document
Bioactivity,BA_000771,REPORTED_IN,Document,CHEMBL1201862,reported_in,Bioactivity is reported in respective document
Bioactivity,BA_000772,REPORTED_IN,Document,CHEMBL1201862,reported_in,Bioactivity is reported in respective document
Bioactivity,BA_000773,REPORTED_IN,Document,CHEMBL1140222,reported_in,Bioactivity is reported in respective document
Bioactivity,BA_000774,REPORTED_IN,Document,CHEMBL1140222,reported_in,Bioactivity is reported in respective document
Bioactivity,BA_000775,REPORTED_IN,Document,CHEMBL1201862,reported_in,Bioactivity is reported in respective document
Bioactivity,BA_000776,REPORTED_IN,Document,CHEMBL1201862,reported_in,Bioactivity is reported in respective document
Bioactivity,BA_000777,REPORTED_IN,Document,CHEMBL1201862,reported_in,Bioactivity is reported in respective document
Bioactivity,BA_000778,REPORTED_IN,Document,CHEMBL1201862,reported_in,Bioactivity is reported in respective document
Bioactivity,BA_000779,REPORTED_IN,Document,CHEMBL1201862,reported_in,Bioactivity is reported in respective document
Bioactivity,BA_000780,REPORTED_IN,Document,CHEMBL1201862,reported_in,Bioactivity is reported in respective document
Bioactivity,BA_000781,REPORTED_IN,Document,CHEMBL1201862,reported_in,Bioactivity is reported in respective document
Bioactivity,BA_000782,REPORTED_IN,Document,CHEMBL1201862,reported_in,Bioactivity is reported in respective document
Bioactivity,BA_000783,REPORTED_IN,Document,CHEMBL2057144,reported_in,Bioactivity is reported in respective document
Bioactivity,BA_000784,REPORTED_IN,Document,CHEMBL2057144,reported_in,Bioactivity is reported in respective document
Bioactivity,BA_000785,REPORTED_IN,Document,CHEMBL2069220,reported_in,Bioactivity is reported in respective document
Bioactivity,BA_000786,REPORTED_IN,Document,CHEMBL1201862,reported_in,Bioactivity is reported in respective document
Bioactivity,BA_000787,REPORTED_IN,Document,CHEMBL3046324,reported_in,Bioactivity is reported in respective document
Bioactivity,BA_000788,REPORTED_IN,Document,CHEMBL3046324,reported_in,Bioactivity is reported in respective document
Bioactivity,BA_000789,REPORTED_IN,Document,CHEMBL3046720,reported_in,Bioactivity is reported in respective document
Bioactivity,BA_000790,REPORTED_IN,Document,CHEMBL3085742,reported_in,Bioactivity is reported in respective document
Bioactivity,BA_000791,REPORTED_IN,Document,CHEMBL1201862,reported_in,Bioactivity is reported in respective document
Bioactivity,BA_000792,REPORTED_IN,Document,CHEMBL3525965,reported_in,Bioactivity is reported in respective document
Bioactivity,BA_000793,REPORTED_IN,Document,CHEMBL3525965,reported_in,Bioactivity is reported in respective document
Bioactivity,BA_000794,REPORTED_IN,Document,CHEMBL3785041,reported_in,Bioactivity is reported in respective document
Bioactivity,BA_000795,REPORTED_IN,Document,CHEMBL3785041,reported_in,Bioactivity is reported in respective document
Bioactivity,BA_000796,REPORTED_IN,Document,CHEMBL1149272,reported_in,Bioactivity is reported in respective document
Bioactivity,BA_000797,REPORTED_IN,Document,CHEMBL1153105,reported_in,Bioactivity is reported in respective document
Bioactivity,BA_000798,REPORTED_IN,Document,CHEMBL1201862,reported_in,Bioactivity is reported in respective document
Bioactivity,BA_000799,REPORTED_IN,Document,CHEMBL1201862,reported_in,Bioactivity is reported in respective document
Bioactivity,BA_000800,REPORTED_IN,Document,CHEMBL4196096,reported_in,Bioactivity is reported in respective document
Bioactivity,BA_000801,REPORTED_IN,Document,CHEMBL1201862,reported_in,Bioactivity is reported in respective document
Bioactivity,BA_000802,REPORTED_IN,Document,CHEMBL1201862,reported_in,Bioactivity is reported in respective document
Bioactivity,BA_000803,REPORTED_IN,Document,CHEMBL4014307,reported_in,Bioactivity is reported in respective document
Bioactivity,BA_000804,REPORTED_IN,Document,CHEMBL4014307,reported_in,Bioactivity is reported in respective document
Bioactivity,BA_000805,REPORTED_IN,Document,CHEMBL4014307,reported_in,Bioactivity is reported in respective document
Bioactivity,BA_000806,REPORTED_IN,Document,CHEMBL4014307,reported_in,Bioactivity is reported in respective document
Bioactivity,BA_000807,REPORTED_IN,Document,CHEMBL4342430,reported_in,Bioactivity is reported in respective document
Bioactivity,BA_000808,REPORTED_IN,Document,CHEMBL4342430,reported_in,Bioactivity is reported in respective document
Bioactivity,BA_000809,REPORTED_IN,Document,CHEMBL4706655,reported_in,Bioactivity is reported in respective document
Bioactivity,BA_000810,REPORTED_IN,Document,CHEMBL1201862,reported_in,Bioactivity is reported in respective document
Bioactivity,BA_000811,REPORTED_IN,Document,CHEMBL1201862,reported_in,Bioactivity is reported in respective document
Bioactivity,BA_000812,REPORTED_IN,Document,CHEMBL1201862,reported_in,Bioactivity is reported in respective document
Bioactivity,BA_000813,REPORTED_IN,Document,CHEMBL1201862,reported_in,Bioactivity is reported in respective document
Bioactivity,BA_000814,REPORTED_IN,Document,CHEMBL1201862,reported_in,Bioactivity is reported in respective document
Bioactivity,BA_000815,REPORTED_IN,Document,CHEMBL3817814,reported_in,Bioactivity is reported in respective document
Bioactivity,BA_000816,REPORTED_IN,Document,CHEMBL3817814,reported_in,Bioactivity is reported in respective document
Bioactivity,BA_000817,REPORTED_IN,Document,CHEMBL4261524,reported_in,Bioactivity is reported in respective document
Bioactivity,BA_000818,REPORTED_IN,Document,CHEMBL4261524,reported_in,Bioactivity is reported in respective document
Bioactivity,BA_000819,REPORTED_IN,Document,CHEMBL4342430,reported_in,Bioactivity is reported in respective document
Bioactivity,BA_000820,REPORTED_IN,Document,CHEMBL4342430,reported_in,Bioactivity is reported in respective document
Bioactivity,BA_000821,REPORTED_IN,Document,CHEMBL4342430,reported_in,Bioactivity is reported in respective document
Bioactivity,BA_000822,REPORTED_IN,Document,CHEMBL4706630,reported_in,Bioactivity is reported in respective document
Bioactivity,BA_000823,REPORTED_IN,Document,CHEMBL1127577,reported_in,Bioactivity is reported in respective document
Bioactivity,BA_000824,REPORTED_IN,Document,CHEMBL1146093,reported_in,Bioactivity is reported in respective document
Bioactivity,BA_000825,REPORTED_IN,Document,CHEMBL1136907,reported_in,Bioactivity is reported in respective document
Bioactivity,BA_000826,REPORTED_IN,Document,CHEMBL1157641,reported_in,Bioactivity is reported in respective document
Bioactivity,BA_000827,REPORTED_IN,Document,CHEMBL1157641,reported_in,Bioactivity is reported in respective document
Bioactivity,BA_000828,REPORTED_IN,Document,CHEMBL1157641,reported_in,Bioactivity is reported in respective document
Bioactivity,BA_000829,REPORTED_IN,Document,CHEMBL1157641,reported_in,Bioactivity is reported in respective document
Bioactivity,BA_000830,REPORTED_IN,Document,CHEMBL1157641,reported_in,Bioactivity is reported in respective document
Bioactivity,BA_000831,REPORTED_IN,Document,CHEMBL1157641,reported_in,Bioactivity is reported in respective document
Bioactivity,BA_000832,REPORTED_IN,Document,CHEMBL1157641,reported_in,Bioactivity is reported in respective document
Bioactivity,BA_000833,REPORTED_IN,Document,CHEMBL1157641,reported_in,Bioactivity is reported in respective document
Bioactivity,BA_000834,REPORTED_IN,Document,CHEMBL1201862,reported_in,Bioactivity is reported in respective document
Bioactivity,BA_000835,REPORTED_IN,Document,CHEMBL1201862,reported_in,Bioactivity is reported in respective document
Bioactivity,BA_000836,REPORTED_IN,Document,CHEMBL1201862,reported_in,Bioactivity is reported in respective document
Bioactivity,BA_000837,REPORTED_IN,Document,CHEMBL1201862,reported_in,Bioactivity is reported in respective document
Bioactivity,BA_000838,REPORTED_IN,Document,CHEMBL1201862,reported_in,Bioactivity is reported in respective document
Bioactivity,BA_000839,REPORTED_IN,Document,CHEMBL1201862,reported_in,Bioactivity is reported in respective document
Bioactivity,BA_000840,REPORTED_IN,Document,CHEMBL1201862,reported_in,Bioactivity is reported in respective document
Bioactivity,BA_000841,REPORTED_IN,Document,CHEMBL1201862,reported_in,Bioactivity is reported in respective document
Bioactivity,BA_000842,REPORTED_IN,Document,CHEMBL1201862,reported_in,Bioactivity is reported in respective document
Bioactivity,BA_000843,REPORTED_IN,Document,CHEMBL1201862,reported_in,Bioactivity is reported in respective document
Bioactivity,BA_000844,REPORTED_IN,Document,CHEMBL1201862,reported_in,Bioactivity is reported in respective document
Bioactivity,BA_000845,REPORTED_IN,Document,CHEMBL1201862,reported_in,Bioactivity is reported in respective document
Bioactivity,BA_000846,REPORTED_IN,Document,CHEMBL1201862,reported_in,Bioactivity is reported in respective document
Bioactivity,BA_000847,REPORTED_IN,Document,CHEMBL1201862,reported_in,Bioactivity is reported in respective document
Bioactivity,BA_000848,REPORTED_IN,Document,CHEMBL1201862,reported_in,Bioactivity is reported in respective document
Bioactivity,BA_000849,REPORTED_IN,Document,CHEMBL1201862,reported_in,Bioactivity is reported in respective document
Bioactivity,BA_000850,REPORTED_IN,Document,CHEMBL1201862,reported_in,Bioactivity is reported in respective document
Bioactivity,BA_000851,REPORTED_IN,Document,CHEMBL1201862,reported_in,Bioactivity is reported in respective document
Bioactivity,BA_000852,REPORTED_IN,Document,CHEMBL1201862,reported_in,Bioactivity is reported in respective document
Bioactivity,BA_000853,REPORTED_IN,Document,CHEMBL1201862,reported_in,Bioactivity is reported in respective document
Bioactivity,BA_000854,REPORTED_IN,Document,CHEMBL1201862,reported_in,Bioactivity is reported in respective document
Bioactivity,BA_000855,REPORTED_IN,Document,CHEMBL1201862,reported_in,Bioactivity is reported in respective document
Bioactivity,BA_000856,REPORTED_IN,Document,CHEMBL1201862,reported_in,Bioactivity is reported in respective document
Bioactivity,BA_000857,REPORTED_IN,Document,CHEMBL1201862,reported_in,Bioactivity is reported in respective document
Bioactivity,BA_000858,REPORTED_IN,Document,CHEMBL1201862,reported_in,Bioactivity is reported in respective document
Bioactivity,BA_000859,REPORTED_IN,Document,CHEMBL1201862,reported_in,Bioactivity is reported in respective document
Bioactivity,BA_000860,REPORTED_IN,Document,CHEMBL1201862,reported_in,Bioactivity is reported in respective document
Bioactivity,BA_000861,REPORTED_IN,Document,CHEMBL1201862,reported_in,Bioactivity is reported in respective document
Bioactivity,BA_000862,REPORTED_IN,Document,CHEMBL1201862,reported_in,Bioactivity is reported in respective document
Bioactivity,BA_000863,REPORTED_IN,Document,CHEMBL1201862,reported_in,Bioactivity is reported in respective document
Bioactivity,BA_000864,REPORTED_IN,Document,CHEMBL1201862,reported_in,Bioactivity is reported in respective document
Bioactivity,BA_000865,REPORTED_IN,Document,CHEMBL1201862,reported_in,Bioactivity is reported in respective document
Bioactivity,BA_000866,REPORTED_IN,Document,CHEMBL1201862,reported_in,Bioactivity is reported in respective document
Bioactivity,BA_000867,REPORTED_IN,Document,CHEMBL1201862,reported_in,Bioactivity is reported in respective document
Bioactivity,BA_000868,REPORTED_IN,Document,CHEMBL1938238,reported_in,Bioactivity is reported in respective document
Bioactivity,BA_000869,REPORTED_IN,Document,CHEMBL1955824,reported_in,Bioactivity is reported in respective document
Bioactivity,BA_000870,REPORTED_IN,Document,CHEMBL1955824,reported_in,Bioactivity is reported in respective document
Bioactivity,BA_000871,REPORTED_IN,Document,CHEMBL1955824,reported_in,Bioactivity is reported in respective document
Bioactivity,BA_000872,REPORTED_IN,Document,CHEMBL1955824,reported_in,Bioactivity is reported in respective document
Bioactivity,BA_000873,REPORTED_IN,Document,CHEMBL1955824,reported_in,Bioactivity is reported in respective document
Bioactivity,BA_000874,REPORTED_IN,Document,CHEMBL1955824,reported_in,Bioactivity is reported in respective document
Bioactivity,BA_000875,REPORTED_IN,Document,CHEMBL1955824,reported_in,Bioactivity is reported in respective document
Bioactivity,BA_000876,REPORTED_IN,Document,CHEMBL1955824,reported_in,Bioactivity is reported in respective document
Bioactivity,BA_000877,REPORTED_IN,Document,CHEMBL1955824,reported_in,Bioactivity is reported in respective document
Bioactivity,BA_000878,REPORTED_IN,Document,CHEMBL1955824,reported_in,Bioactivity is reported in respective document
Bioactivity,BA_000879,REPORTED_IN,Document,CHEMBL1955824,reported_in,Bioactivity is reported in respective document
Bioactivity,BA_000880,REPORTED_IN,Document,CHEMBL1955824,reported_in,Bioactivity is reported in respective document
Bioactivity,BA_000881,REPORTED_IN,Document,CHEMBL1955824,reported_in,Bioactivity is reported in respective document
Bioactivity,BA_000882,REPORTED_IN,Document,CHEMBL1955824,reported_in,Bioactivity is reported in respective document
Bioactivity,BA_000883,REPORTED_IN,Document,CHEMBL1955824,reported_in,Bioactivity is reported in respective document
Bioactivity,BA_000884,REPORTED_IN,Document,CHEMBL1955824,reported_in,Bioactivity is reported in respective document
Bioactivity,BA_000885,REPORTED_IN,Document,CHEMBL1955824,reported_in,Bioactivity is reported in respective document
Bioactivity,BA_000886,REPORTED_IN,Document,CHEMBL1955824,reported_in,Bioactivity is reported in respective document
Bioactivity,BA_000887,REPORTED_IN,Document,CHEMBL1955824,reported_in,Bioactivity is reported in respective document
Bioactivity,BA_000888,REPORTED_IN,Document,CHEMBL1955824,reported_in,Bioactivity is reported in respective document
Bioactivity,BA_000889,REPORTED_IN,Document,CHEMBL2034837,reported_in,Bioactivity is reported in respective document
Bioactivity,BA_000890,REPORTED_IN,Document,CHEMBL2034837,reported_in,Bioactivity is reported in respective document
Bioactivity,BA_000891,REPORTED_IN,Document,CHEMBL2034837,reported_in,Bioactivity is reported in respective document
Bioactivity,BA_000892,REPORTED_IN,Document,CHEMBL2074371,reported_in,Bioactivity is reported in respective document
Bioactivity,BA_000893,REPORTED_IN,Document,CHEMBL1201862,reported_in,Bioactivity is reported in respective document
Bioactivity,BA_000894,REPORTED_IN,Document,CHEMBL1201862,reported_in,Bioactivity is reported in respective document
Bioactivity,BA_000895,REPORTED_IN,Document,CHEMBL1201862,reported_in,Bioactivity is reported in respective document
Bioactivity,BA_000896,REPORTED_IN,Document,CHEMBL2331395,reported_in,Bioactivity is reported in respective document
Bioactivity,BA_000897,REPORTED_IN,Document,CHEMBL2331395,reported_in,Bioactivity is reported in respective document
Bioactivity,BA_000898,REPORTED_IN,Document,CHEMBL2331395,reported_in,Bioactivity is reported in respective document
Bioactivity,BA_000899,REPORTED_IN,Document,CHEMBL1201862,reported_in,Bioactivity is reported in respective document
Bioactivity,BA_000900,REPORTED_IN,Document,CHEMBL1201862,reported_in,Bioactivity is reported in respective document
Bioactivity,BA_000901,REPORTED_IN,Document,CHEMBL1201862,reported_in,Bioactivity is reported in respective document
Bioactivity,BA_000902,REPORTED_IN,Document,CHEMBL1201862,reported_in,Bioactivity is reported in respective document
Bioactivity,BA_000903,REPORTED_IN,Document,CHEMBL1201862,reported_in,Bioactivity is reported in respective document
Bioactivity,BA_000904,REPORTED_IN,Document,CHEMBL3286369,reported_in,Bioactivity is reported in respective document
Bioactivity,BA_000905,REPORTED_IN,Document,CHEMBL3853315,reported_in,Bioactivity is reported in respective document
Bioactivity,BA_000906,REPORTED_IN,Document,CHEMBL3853315,reported_in,Bioactivity is reported in respective document
Bioactivity,BA_000907,REPORTED_IN,Document,CHEMBL3853344,reported_in,Bioactivity is reported in respective document
Bioactivity,BA_000908,REPORTED_IN,Document,CHEMBL3870318,reported_in,Bioactivity is reported in respective document
Bioactivity,BA_000909,REPORTED_IN,Document,CHEMBL4017486,reported_in,Bioactivity is reported in respective document
Bioactivity,BA_000910,REPORTED_IN,Document,CHEMBL4196100,reported_in,Bioactivity is reported in respective document
Bioactivity,BA_000911,REPORTED_IN,Document,CHEMBL4196100,reported_in,Bioactivity is reported in respective document
Bioactivity,BA_000912,REPORTED_IN,Document,CHEMBL4334470,reported_in,Bioactivity is reported in respective document
Bioactivity,BA_000913,REPORTED_IN,Document,CHEMBL4385620,reported_in,Bioactivity is reported in respective document
Bioactivity,BA_000914,REPORTED_IN,Document,CHEMBL4385620,reported_in,Bioactivity is reported in respective document
Bioactivity,BA_000915,REPORTED_IN,Document,CHEMBL4385620,reported_in,Bioactivity is reported in respective document
Bioactivity,BA_000916,REPORTED_IN,Document,CHEMBL4402535,reported_in,Bioactivity is reported in respective document
Bioactivity,BA_000917,REPORTED_IN,Document,CHEMBL4406799,reported_in,Bioactivity is reported in respective document
Bioactivity,BA_000918,REPORTED_IN,Document,CHEMBL4680324,reported_in,Bioactivity is reported in respective document
Bioactivity,BA_000919,REPORTED_IN,Document,CHEMBL4725220,reported_in,Bioactivity is reported in respective document
Bioactivity,BA_000920,REPORTED_IN,Document,CHEMBL5226290,reported_in,Bioactivity is reported in respective document
Bioactivity,BA_000921,REPORTED_IN,Document,CHEMBL5512634,reported_in,Bioactivity is reported in respective document
Bioactivity,BA_000922,REPORTED_IN,Document,CHEMBL1201862,reported_in,Bioactivity is reported in respective document
Bioactivity,BA_000923,REPORTED_IN,Document,CHEMBL1201862,reported_in,Bioactivity is reported in respective document
Bioactivity,BA_000924,REPORTED_IN,Document,CHEMBL1201862,reported_in,Bioactivity is reported in respective document
Bioactivity,BA_000925,REPORTED_IN,Document,CHEMBL1159019,reported_in,Bioactivity is reported in respective document
Bioactivity,BA_000926,REPORTED_IN,Document,CHEMBL1159019,reported_in,Bioactivity is reported in respective document
Bioactivity,BA_000927,REPORTED_IN,Document,CHEMBL4482312,reported_in,Bioactivity is reported in respective document
Bioactivity,BA_000928,REPORTED_IN,Document,CHEMBL4482312,reported_in,Bioactivity is reported in respective document
Bioactivity,BA_000929,REPORTED_IN,Document,CHEMBL1201862,reported_in,Bioactivity is reported in respective document
Bioactivity,BA_000930,REPORTED_IN,Document,CHEMBL1201862,reported_in,Bioactivity is reported in respective document
Bioactivity,BA_000931,REPORTED_IN,Document,CHEMBL1201862,reported_in,Bioactivity is reported in respective document
Bioactivity,BA_000932,REPORTED_IN,Document,CHEMBL1201862,reported_in,Bioactivity is reported in respective document
Bioactivity,BA_000933,REPORTED_IN,Document,CHEMBL1201862,reported_in,Bioactivity is reported in respective document
Bioactivity,BA_000934,REPORTED_IN,Document,CHEMBL1201862,reported_in,Bioactivity is reported in respective document
Bioactivity,BA_000935,REPORTED_IN,Document,CHEMBL1201862,reported_in,Bioactivity is reported in respective document
Bioactivity,BA_000936,REPORTED_IN,Document,CHEMBL1201862,reported_in,Bioactivity is reported in respective document
Bioactivity,BA_000937,REPORTED_IN,Document,CHEMBL1201862,reported_in,Bioactivity is reported in respective document
Bioactivity,BA_000938,REPORTED_IN,Document,CHEMBL4392822,reported_in,Bioactivity is reported in respective document
Bioactivity,BA_000939,REPORTED_IN,Document,CHEMBL1156761,reported_in,Bioactivity is reported in respective document
Bioactivity,BA_000940,REPORTED_IN,Document,CHEMBL1201862,reported_in,Bioactivity is reported in respective document
Bioactivity,BA_000941,REPORTED_IN,Document,CHEMBL1201862,reported_in,Bioactivity is reported in respective document
Bioactivity,BA_000942,REPORTED_IN,Document,CHEMBL1201862,reported_in,Bioactivity is reported in respective document
Bioactivity,BA_000943,REPORTED_IN,Document,CHEMBL1201862,reported_in,Bioactivity is reported in respective document
Bioactivity,BA_000944,REPORTED_IN,Document,CHEMBL1201862,reported_in,Bioactivity is reported in respective document
Bioactivity,BA_000945,REPORTED_IN,Document,CHEMBL1201862,reported_in,Bioactivity is reported in respective document
Bioactivity,BA_000946,REPORTED_IN,Document,CHEMBL1201862,reported_in,Bioactivity is reported in respective document
Bioactivity,BA_000947,REPORTED_IN,Document,CHEMBL2163317,reported_in,Bioactivity is reported in respective document
Bioactivity,BA_000948,REPORTED_IN,Document,CHEMBL1201862,reported_in,Bioactivity is reported in respective document
Bioactivity,BA_000949,REPORTED_IN,Document,CHEMBL1201862,reported_in,Bioactivity is reported in respective document
Bioactivity,BA_000950,REPORTED_IN,Document,CHEMBL1201862,reported_in,Bioactivity is reported in respective document
Bioactivity,BA_000951,REPORTED_IN,Document,CHEMBL3600335,reported_in,Bioactivity is reported in respective document
Bioactivity,BA_000952,REPORTED_IN,Document,CHEMBL3600335,reported_in,Bioactivity is reported in respective document
Bioactivity,BA_000953,REPORTED_IN,Document,CHEMBL3600335,reported_in,Bioactivity is reported in respective document
Bioactivity,BA_000954,REPORTED_IN,Document,CHEMBL1201862,reported_in,Bioactivity is reported in respective document
Bioactivity,BA_000955,REPORTED_IN,Document,CHEMBL1201862,reported_in,Bioactivity is reported in respective document
Bioactivity,BA_000956,REPORTED_IN,Document,CHEMBL1201862,reported_in,Bioactivity is reported in respective document
Bioactivity,BA_000957,REPORTED_IN,Document,CHEMBL1129333,reported_in,Bioactivity is reported in respective document
Bioactivity,BA_000958,REPORTED_IN,Document,CHEMBL1141174,reported_in,Bioactivity is reported in respective document
Bioactivity,BA_000959,REPORTED_IN,Document,CHEMBL1201862,reported_in,Bioactivity is reported in respective document
Bioactivity,BA_000960,REPORTED_IN,Document,CHEMBL1201862,reported_in,Bioactivity is reported in respective document
Bioactivity,BA_000961,REPORTED_IN,Document,CHEMBL1221335,reported_in,Bioactivity is reported in respective document
Bioactivity,BA_000962,REPORTED_IN,Document,CHEMBL3627624,reported_in,Bioactivity is reported in respective document
Bioactivity,BA_000963,REPORTED_IN,Document,CHEMBL3627624,reported_in,Bioactivity is reported in respective document
Bioactivity,BA_000964,REPORTED_IN,Document,CHEMBL3627624,reported_in,Bioactivity is reported in respective document
Bioactivity,BA_000965,REPORTED_IN,Document,CHEMBL5360539,reported_in,Bioactivity is reported in respective document
Bioactivity,BA_000966,REPORTED_IN,Document,CHEMBL6109136,reported_in,Bioactivity is reported in respective document
Bioactivity,BA_000967,REPORTED_IN,Document,CHEMBL6109136,reported_in,Bioactivity is reported in respective document
Bioactivity,BA_000968,REPORTED_IN,Document,CHEMBL6109136,reported_in,Bioactivity is reported in respective document
Bioactivity,BA_000969,REPORTED_IN,Document,CHEMBL1201862,reported_in,Bioactivity is reported in respective document
Bioactivity,BA_000970,REPORTED_IN,Document,CHEMBL1201862,reported_in,Bioactivity is reported in respective document
Bioactivity,BA_000971,REPORTED_IN,Document,CHEMBL1201862,reported_in,Bioactivity is reported in respective document
Bioactivity,BA_000972,REPORTED_IN,Document,CHEMBL1201862,reported_in,Bioactivity is reported in respective document
Bioactivity,BA_000973,REPORTED_IN,Document,CHEMBL2073777,reported_in,Bioactivity is reported in respective document
Bioactivity,BA_000974,REPORTED_IN,Document,CHEMBL2073777,reported_in,Bioactivity is reported in respective document
Bioactivity,BA_000975,REPORTED_IN,Document,CHEMBL1201862,reported_in,Bioactivity is reported in respective document
Bioactivity,BA_000976,REPORTED_IN,Document,CHEMBL1201862,reported_in,Bioactivity is reported in respective document
Bioactivity,BA_000977,REPORTED_IN,Document,CHEMBL1201862,reported_in,Bioactivity is reported in respective document
Bioactivity,BA_000978,REPORTED_IN,Document,CHEMBL1201862,reported_in,Bioactivity is reported in respective document
Bioactivity,BA_000979,REPORTED_IN,Document,CHEMBL3039007,reported_in,Bioactivity is reported in respective document
Bioactivity,BA_000980,REPORTED_IN,Document,CHEMBL3039007,reported_in,Bioactivity is reported in respective document
Bioactivity,BA_000981,REPORTED_IN,Document,CHEMBL3039007,reported_in,Bioactivity is reported in respective document
Bioactivity,BA_000982,REPORTED_IN,Document,CHEMBL3039007,reported_in,Bioactivity is reported in respective document
Bioactivity,BA_000983,REPORTED_IN,Document,CHEMBL4017441,reported_in,Bioactivity is reported in respective document
Bioactivity,BA_000984,REPORTED_IN,Document,CHEMBL4229490,reported_in,Bioactivity is reported in respective document
Bioactivity,BA_000985,REPORTED_IN,Document,CHEMBL5729725,reported_in,Bioactivity is reported in respective document
Bioactivity,BA_000986,REPORTED_IN,Document,CHEMBL1143674,reported_in,Bioactivity is reported in respective document
Bioactivity,BA_000987,REPORTED_IN,Document,CHEMBL1140124,reported_in,Bioactivity is reported in respective document
Bioactivity,BA_000988,REPORTED_IN,Document,CHEMBL1151785,reported_in,Bioactivity is reported in respective document
Bioactivity,BA_000989,REPORTED_IN,Document,CHEMBL1151785,reported_in,Bioactivity is reported in respective document
Bioactivity,BA_000990,REPORTED_IN,Document,CHEMBL1156761,reported_in,Bioactivity is reported in respective document
Bioactivity,BA_000991,REPORTED_IN,Document,CHEMBL1156122,reported_in,Bioactivity is reported in respective document
Bioactivity,BA_000992,REPORTED_IN,Document,CHEMBL1155313,reported_in,Bioactivity is reported in respective document
Bioactivity,BA_000993,REPORTED_IN,Document,CHEMBL1156911,reported_in,Bioactivity is reported in respective document
Bioactivity,BA_000994,REPORTED_IN,Document,CHEMBL1154311,reported_in,Bioactivity is reported in respective document
Bioactivity,BA_000995,REPORTED_IN,Document,CHEMBL1201862,reported_in,Bioactivity is reported in respective document
Bioactivity,BA_000996,REPORTED_IN,Document,CHEMBL1821688,reported_in,Bioactivity is reported in respective document
Bioactivity,BA_000997,REPORTED_IN,Document,CHEMBL1821688,reported_in,Bioactivity is reported in respective document
Bioactivity,BA_000998,REPORTED_IN,Document,CHEMBL2146451,reported_in,Bioactivity is reported in respective document
Bioactivity,BA_000999,REPORTED_IN,Document,CHEMBL2146451,reported_in,Bioactivity is reported in respective document
Bioactivity,BA_001000,REPORTED_IN,Document,CHEMBL2146451,reported_in,Bioactivity is reported in respective document
Bioactivity,BA_001001,REPORTED_IN,Document,CHEMBL2146451,reported_in,Bioactivity is reported in respective document
Bioactivity,BA_001002,REPORTED_IN,Document,CHEMBL2163317,reported_in,Bioactivity is reported in respective document
Bioactivity,BA_001003,REPORTED_IN,Document,CHEMBL2163317,reported_in,Bioactivity is reported in respective document
Bioactivity,BA_001004,REPORTED_IN,Document,CHEMBL2163317,reported_in,Bioactivity is reported in respective document
Bioactivity,BA_001005,REPORTED_IN,Document,CHEMBL2163317,reported_in,Bioactivity is reported in respective document
Bioactivity,BA_001006,REPORTED_IN,Document,CHEMBL2163317,reported_in,Bioactivity is reported in respective document
Bioactivity,BA_001007,REPORTED_IN,Document,CHEMBL2331519,reported_in,Bioactivity is reported in respective document
Bioactivity,BA_001008,REPORTED_IN,Document,CHEMBL2331519,reported_in,Bioactivity is reported in respective document
Bioactivity,BA_001009,REPORTED_IN,Document,CHEMBL3085712,reported_in,Bioactivity is reported in respective document
Bioactivity,BA_001010,REPORTED_IN,Document,CHEMBL3217638,reported_in,Bioactivity is reported in respective document
Bioactivity,BA_001011,REPORTED_IN,Document,CHEMBL3232726,reported_in,Bioactivity is reported in respective document
Bioactivity,BA_001012,REPORTED_IN,Document,CHEMBL3232726,reported_in,Bioactivity is reported in respective document
Bioactivity,BA_001013,REPORTED_IN,Document,CHEMBL3232726,reported_in,Bioactivity is reported in respective document
Bioactivity,BA_001014,REPORTED_IN,Document,CHEMBL3351993,reported_in,Bioactivity is reported in respective document
Bioactivity,BA_001015,REPORTED_IN,Document,CHEMBL3392973,reported_in,Bioactivity is reported in respective document
Bioactivity,BA_001016,REPORTED_IN,Document,CHEMBL3585252,reported_in,Bioactivity is reported in respective document
Bioactivity,BA_001017,REPORTED_IN,Document,CHEMBL3808312,reported_in,Bioactivity is reported in respective document
Bioactivity,BA_001018,REPORTED_IN,Document,CHEMBL4014262,reported_in,Bioactivity is reported in respective document
Bioactivity,BA_001019,REPORTED_IN,Document,CHEMBL4028838,reported_in,Bioactivity is reported in respective document
Bioactivity,BA_001020,REPORTED_IN,Document,CHEMBL4043257,reported_in,Bioactivity is reported in respective document
Bioactivity,BA_001021,REPORTED_IN,Document,CHEMBL4118084,reported_in,Bioactivity is reported in respective document
Bioactivity,BA_001022,REPORTED_IN,Document,CHEMBL4229490,reported_in,Bioactivity is reported in respective document
Bioactivity,BA_001023,REPORTED_IN,Document,CHEMBL4602658,reported_in,Bioactivity is reported in respective document
Bioactivity,BA_001024,REPORTED_IN,Document,CHEMBL4610094,reported_in,Bioactivity is reported in respective document
Bioactivity,BA_001025,REPORTED_IN,Document,CHEMBL5113384,reported_in,Bioactivity is reported in respective document
Bioactivity,BA_001026,REPORTED_IN,Document,CHEMBL5143517,reported_in,Bioactivity is reported in respective document
Bioactivity,BA_001027,REPORTED_IN,Document,CHEMBL5226359,reported_in,Bioactivity is reported in respective document
Bioactivity,BA_001028,REPORTED_IN,Document,CHEMBL5338779,reported_in,Bioactivity is reported in respective document
Bioactivity,BA_001029,REPORTED_IN,Document,CHEMBL5550133,reported_in,Bioactivity is reported in respective document
Bioactivity,BA_001030,REPORTED_IN,Document,CHEMBL5620407,reported_in,Bioactivity is reported in respective document
Bioactivity,BA_001031,REPORTED_IN,Document,CHEMBL5729725,reported_in,Bioactivity is reported in respective document
Bioactivity,BA_001032,REPORTED_IN,Document,CHEMBL6071128,reported_in,Bioactivity is reported in respective document
Bioactivity,BA_001033,REPORTED_IN,Document,CHEMBL6083197,reported_in,Bioactivity is reported in respective document
Bioactivity,BA_001034,REPORTED_IN,Document,CHEMBL6127021,reported_in,Bioactivity is reported in respective document
Bioactivity,BA_001035,REPORTED_IN,Document,CHEMBL4261524,reported_in,Bioactivity is reported in respective document
Bioactivity,BA_001036,REPORTED_IN,Document,CHEMBL1147070,reported_in,Bioactivity is reported in respective document
Bioactivity,BA_001037,REPORTED_IN,Document,CHEMBL1147070,reported_in,Bioactivity is reported in respective document
Bioactivity,BA_001038,REPORTED_IN,Document,CHEMBL1201862,reported_in,Bioactivity is reported in respective document
Bioactivity,BA_001039,REPORTED_IN,Document,CHEMBL1201862,reported_in,Bioactivity is reported in respective document
Bioactivity,BA_001040,REPORTED_IN,Document,CHEMBL1201862,reported_in,Bioactivity is reported in respective document
Bioactivity,BA_001041,REPORTED_IN,Document,CHEMBL1201862,reported_in,Bioactivity is reported in respective document
Bioactivity,BA_001042,REPORTED_IN,Document,CHEMBL1201862,reported_in,Bioactivity is reported in respective document
Bioactivity,BA_001043,REPORTED_IN,Document,CHEMBL1201862,reported_in,Bioactivity is reported in respective document
Bioactivity,BA_001044,REPORTED_IN,Document,CHEMBL1201862,reported_in,Bioactivity is reported in respective document
Bioactivity,BA_001045,REPORTED_IN,Document,CHEMBL1201862,reported_in,Bioactivity is reported in respective document
Bioactivity,BA_001046,REPORTED_IN,Document,CHEMBL1201862,reported_in,Bioactivity is reported in respective document
Bioactivity,BA_001047,REPORTED_IN,Document,CHEMBL1201862,reported_in,Bioactivity is reported in respective document
Bioactivity,BA_001048,REPORTED_IN,Document,CHEMBL1201862,reported_in,Bioactivity is reported in respective document
Bioactivity,BA_001049,REPORTED_IN,Document,CHEMBL1201862,reported_in,Bioactivity is reported in respective document
Bioactivity,BA_001050,REPORTED_IN,Document,CHEMBL1201862,reported_in,Bioactivity is reported in respective document
Bioactivity,BA_001051,REPORTED_IN,Document,CHEMBL1201862,reported_in,Bioactivity is reported in respective document
Bioactivity,BA_001052,REPORTED_IN,Document,CHEMBL1201862,reported_in,Bioactivity is reported in respective document
Bioactivity,BA_001053,REPORTED_IN,Document,CHEMBL2034837,reported_in,Bioactivity is reported in respective document
Bioactivity,BA_001054,REPORTED_IN,Document,CHEMBL2034837,reported_in,Bioactivity is reported in respective document
Bioactivity,BA_001055,REPORTED_IN,Document,CHEMBL1201862,reported_in,Bioactivity is reported in respective document
Bioactivity,BA_001056,REPORTED_IN,Document,CHEMBL3616367,reported_in,Bioactivity is reported in respective document
Bioactivity,BA_001057,REPORTED_IN,Document,CHEMBL3739351,reported_in,Bioactivity is reported in respective document
Bioactivity,BA_001058,REPORTED_IN,Document,CHEMBL4609975,reported_in,Bioactivity is reported in respective document
Bioactivity,BA_001059,REPORTED_IN,Document,CHEMBL4627299,reported_in,Bioactivity is reported in respective document
Bioactivity,BA_001060,REPORTED_IN,Document,CHEMBL4680220,reported_in,Bioactivity is reported in respective document
Bioactivity,BA_001061,REPORTED_IN,Document,CHEMBL4725228,reported_in,Bioactivity is reported in respective document
Bioactivity,BA_001062,REPORTED_IN,Document,CHEMBL4808148,reported_in,Bioactivity is reported in respective document
Bioactivity,BA_001063,REPORTED_IN,Document,CHEMBL4834398,reported_in,Bioactivity is reported in respective document
Bioactivity,BA_001064,REPORTED_IN,Document,CHEMBL5226352,reported_in,Bioactivity is reported in respective document
Bioactivity,BA_001065,REPORTED_IN,Document,CHEMBL5226352,reported_in,Bioactivity is reported in respective document
Bioactivity,BA_001066,REPORTED_IN,Document,CHEMBL5252548,reported_in,Bioactivity is reported in respective document
Bioactivity,BA_001067,REPORTED_IN,Document,CHEMBL5370574,reported_in,Bioactivity is reported in respective document
Bioactivity,BA_001068,REPORTED_IN,Document,CHEMBL5512616,reported_in,Bioactivity is reported in respective document
Bioactivity,BA_001069,REPORTED_IN,Document,CHEMBL6096642,reported_in,Bioactivity is reported in respective document
Bioactivity,BA_001070,REPORTED_IN,Document,CHEMBL6096642,reported_in,Bioactivity is reported in respective document
Bioactivity,BA_001071,REPORTED_IN,Document,CHEMBL6182842,reported_in,Bioactivity is reported in respective document
Bioactivity,BA_001072,REPORTED_IN,Document,CHEMBL4130583,reported_in,Bioactivity is reported in respective document
Bioactivity,BA_001073,REPORTED_IN,Document,CHEMBL4251612,reported_in,Bioactivity is reported in respective document
Bioactivity,BA_001074,REPORTED_IN,Document,CHEMBL3632590,reported_in,Bioactivity is reported in respective document
Bioactivity,BA_001075,REPORTED_IN,Document,CHEMBL1201862,reported_in,Bioactivity is reported in respective document
Bioactivity,BA_001076,REPORTED_IN,Document,CHEMBL1201862,reported_in,Bioactivity is reported in respective document
Bioactivity,BA_001077,REPORTED_IN,Document,CHEMBL1201862,reported_in,Bioactivity is reported in respective document
Bioactivity,BA_001078,REPORTED_IN,Document,CHEMBL3585347,reported_in,Bioactivity is reported in respective document
Bioactivity,BA_001079,REPORTED_IN,Document,CHEMBL3585347,reported_in,Bioactivity is reported in respective document
Bioactivity,BA_001080,REPORTED_IN,Document,CHEMBL4033668,reported_in,Bioactivity is reported in respective document
Bioactivity,BA_001081,REPORTED_IN,Document,CHEMBL4033668,reported_in,Bioactivity is reported in respective document
Bioactivity,BA_001082,REPORTED_IN,Document,CHEMBL4311934,reported_in,Bioactivity is reported in respective document
Bioactivity,BA_001083,REPORTED_IN,Document,CHEMBL4311934,reported_in,Bioactivity is reported in respective document
Bioactivity,BA_001084,REPORTED_IN,Document,CHEMBL4330064,reported_in,Bioactivity is reported in respective document
Bioactivity,BA_001085,REPORTED_IN,Document,CHEMBL4330064,reported_in,Bioactivity is reported in respective document
Bioactivity,BA_001086,REPORTED_IN,Document,CHEMBL4330159,reported_in,Bioactivity is reported in respective document
Bioactivity,BA_001087,REPORTED_IN,Document,CHEMBL4665678,reported_in,Bioactivity is reported in respective document
Bioactivity,BA_001088,REPORTED_IN,Document,CHEMBL5096159,reported_in,Bioactivity is reported in respective document
Bioactivity,BA_001089,REPORTED_IN,Document,CHEMBL5241074,reported_in,Bioactivity is reported in respective document
Bioactivity,BA_001090,REPORTED_IN,Document,CHEMBL5241076,reported_in,Bioactivity is reported in respective document
Bioactivity,BA_001091,REPORTED_IN,Document,CHEMBL5241076,reported_in,Bioactivity is reported in respective document
Bioactivity,BA_001092,REPORTED_IN,Document,CHEMBL5614442,reported_in,Bioactivity is reported in respective document
Bioactivity,BA_001093,REPORTED_IN,Document,CHEMBL5614442,reported_in,Bioactivity is reported in respective document
Bioactivity,BA_001094,REPORTED_IN,Document,CHEMBL6083186,reported_in,Bioactivity is reported in respective document
Bioactivity,BA_001095,REPORTED_IN,Document,CHEMBL1201862,reported_in,Bioactivity is reported in respective document
Bioactivity,BA_001096,REPORTED_IN,Document,CHEMBL1201862,reported_in,Bioactivity is reported in respective document
Bioactivity,BA_001097,REPORTED_IN,Document,CHEMBL1201862,reported_in,Bioactivity is reported in respective document
Bioactivity,BA_001098,REPORTED_IN,Document,CHEMBL1201862,reported_in,Bioactivity is reported in respective document
Bioactivity,BA_001099,REPORTED_IN,Document,CHEMBL1201862,reported_in,Bioactivity is reported in respective document
Bioactivity,BA_001100,REPORTED_IN,Document,CHEMBL1201862,reported_in,Bioactivity is reported in respective document
Bioactivity,BA_001101,REPORTED_IN,Document,CHEMBL4118277,reported_in,Bioactivity is reported in respective document
Bioactivity,BA_001102,REPORTED_IN,Document,CHEMBL4118277,reported_in,Bioactivity is reported in respective document
Bioactivity,BA_001103,REPORTED_IN,Document,CHEMBL4477262,reported_in,Bioactivity is reported in respective document
Bioactivity,BA_001104,REPORTED_IN,Document,CHEMBL4765338,reported_in,Bioactivity is reported in respective document
Bioactivity,BA_001105,REPORTED_IN,Document,CHEMBL4765338,reported_in,Bioactivity is reported in respective document
Bioactivity,BA_001106,REPORTED_IN,Document,CHEMBL5346917,reported_in,Bioactivity is reported in respective document
Bioactivity,BA_001107,REPORTED_IN,Document,CHEMBL1201862,reported_in,Bioactivity is reported in respective document
Bioactivity,BA_001108,REPORTED_IN,Document,CHEMBL1201862,reported_in,Bioactivity is reported in respective document
Bioactivity,BA_001109,REPORTED_IN,Document,CHEMBL1201862,reported_in,Bioactivity is reported in respective document
Bioactivity,BA_001110,REPORTED_IN,Document,CHEMBL1201862,reported_in,Bioactivity is reported in respective document
Bioactivity,BA_001111,REPORTED_IN,Document,CHEMBL1201862,reported_in,Bioactivity is reported in respective document
Bioactivity,BA_001112,REPORTED_IN,Document,CHEMBL1201862,reported_in,Bioactivity is reported in respective document
Bioactivity,BA_001113,REPORTED_IN,Document,CHEMBL1201862,reported_in,Bioactivity is reported in respective document
Bioactivity,BA_001114,REPORTED_IN,Document,CHEMBL1201862,reported_in,Bioactivity is reported in respective document
Bioactivity,BA_001115,REPORTED_IN,Document,CHEMBL1201862,reported_in,Bioactivity is reported in respective document
Bioactivity,BA_001116,REPORTED_IN,Document,CHEMBL1201862,reported_in,Bioactivity is reported in respective document
Bioactivity,BA_001117,REPORTED_IN,Document,CHEMBL1201862,reported_in,Bioactivity is reported in respective document
Bioactivity,BA_001118,REPORTED_IN,Document,CHEMBL1201862,reported_in,Bioactivity is reported in respective document
Bioactivity,BA_001119,REPORTED_IN,Document,CHEMBL1201862,reported_in,Bioactivity is reported in respective document
Bioactivity,BA_001120,REPORTED_IN,Document,CHEMBL1201862,reported_in,Bioactivity is reported in respective document
Bioactivity,BA_001121,REPORTED_IN,Document,CHEMBL1201862,reported_in,Bioactivity is reported in respective document
Bioactivity,BA_001122,REPORTED_IN,Document,CHEMBL1201862,reported_in,Bioactivity is reported in respective document
Bioactivity,BA_001123,REPORTED_IN,Document,CHEMBL1201862,reported_in,Bioactivity is reported in respective document
Bioactivity,BA_001124,REPORTED_IN,Document,CHEMBL1201862,reported_in,Bioactivity is reported in respective document
Bioactivity,BA_001125,REPORTED_IN,Document,CHEMBL1201862,reported_in,Bioactivity is reported in respective document
Bioactivity,BA_001126,REPORTED_IN,Document,CHEMBL1201862,reported_in,Bioactivity is reported in respective document
Bioactivity,BA_001127,REPORTED_IN,Document,CHEMBL1201862,reported_in,Bioactivity is reported in respective document
Bioactivity,BA_001128,REPORTED_IN,Document,CHEMBL1201862,reported_in,Bioactivity is reported in respective document
Bioactivity,BA_001129,REPORTED_IN,Document,CHEMBL1201862,reported_in,Bioactivity is reported in respective document
Bioactivity,BA_001130,REPORTED_IN,Document,CHEMBL1201862,reported_in,Bioactivity is reported in respective document
Bioactivity,BA_001131,REPORTED_IN,Document,CHEMBL1201862,reported_in,Bioactivity is reported in respective document
Bioactivity,BA_001132,REPORTED_IN,Document,CHEMBL1201862,reported_in,Bioactivity is reported in respective document
Bioactivity,BA_001133,REPORTED_IN,Document,CHEMBL1201862,reported_in,Bioactivity is reported in respective document
Bioactivity,BA_001134,REPORTED_IN,Document,CHEMBL1201862,reported_in,Bioactivity is reported in respective document
Bioactivity,BA_001135,REPORTED_IN,Document,CHEMBL1201862,reported_in,Bioactivity is reported in respective document
Bioactivity,BA_001136,REPORTED_IN,Document,CHEMBL1201862,reported_in,Bioactivity is reported in respective document
Bioactivity,BA_001137,REPORTED_IN,Document,CHEMBL1201862,reported_in,Bioactivity is reported in respective document
Bioactivity,BA_001138,REPORTED_IN,Document,CHEMBL4190223,reported_in,Bioactivity is reported in respective document
Bioactivity,BA_001139,REPORTED_IN,Document,CHEMBL4765338,reported_in,Bioactivity is reported in respective document
Bioactivity,BA_001140,REPORTED_IN,Document,CHEMBL4765338,reported_in,Bioactivity is reported in respective document
Bioactivity,BA_001141,REPORTED_IN,Document,CHEMBL5620371,reported_in,Bioactivity is reported in respective document
Bioactivity,BA_001142,REPORTED_IN,Document,CHEMBL6103546,reported_in,Bioactivity is reported in respective document
Bioactivity,BA_001143,REPORTED_IN,Document,CHEMBL1158850,reported_in,Bioactivity is reported in respective document
Bioactivity,BA_001144,REPORTED_IN,Document,CHEMBL1221335,reported_in,Bioactivity is reported in respective document
Bioactivity,BA_001145,REPORTED_IN,Document,CHEMBL1221335,reported_in,Bioactivity is reported in respective document
Bioactivity,BA_001146,REPORTED_IN,Document,CHEMBL1221335,reported_in,Bioactivity is reported in respective document
Bioactivity,BA_001147,REPORTED_IN,Document,CHEMBL3627624,reported_in,Bioactivity is reported in respective document
Bioactivity,BA_001148,REPORTED_IN,Document,CHEMBL3627624,reported_in,Bioactivity is reported in respective document
Bioactivity,BA_001149,REPORTED_IN,Document,CHEMBL3627624,reported_in,Bioactivity is reported in respective document
Bioactivity,BA_001150,REPORTED_IN,Document,CHEMBL3627624,reported_in,Bioactivity is reported in respective document
Bioactivity,BA_001151,REPORTED_IN,Document,CHEMBL3627624,reported_in,Bioactivity is reported in respective document
Bioactivity,BA_001152,REPORTED_IN,Document,CHEMBL4033668,reported_in,Bioactivity is reported in respective document
Bioactivity,BA_001153,REPORTED_IN,Document,CHEMBL4330064,reported_in,Bioactivity is reported in respective document
Bioactivity,BA_001154,REPORTED_IN,Document,CHEMBL4368908,reported_in,Bioactivity is reported in respective document
Bioactivity,BA_001155,REPORTED_IN,Document,CHEMBL4368908,reported_in,Bioactivity is reported in respective document
Bioactivity,BA_001156,REPORTED_IN,Document,CHEMBL5241076,reported_in,Bioactivity is reported in respective document
Bioactivity,BA_001157,REPORTED_IN,Document,CHEMBL1201862,reported_in,Bioactivity is reported in respective document
Bioactivity,BA_001158,REPORTED_IN,Document,CHEMBL1201862,reported_in,Bioactivity is reported in respective document
Bioactivity,BA_001159,REPORTED_IN,Document,CHEMBL1201862,reported_in,Bioactivity is reported in respective document
Bioactivity,BA_001160,REPORTED_IN,Document,CHEMBL1201862,reported_in,Bioactivity is reported in respective document
Bioactivity,BA_001161,REPORTED_IN,Document,CHEMBL1201862,reported_in,Bioactivity is reported in respective document
Bioactivity,BA_001162,REPORTED_IN,Document,CHEMBL1201862,reported_in,Bioactivity is reported in respective document
Bioactivity,BA_001163,REPORTED_IN,Document,CHEMBL1201862,reported_in,Bioactivity is reported in respective document
Bioactivity,BA_001164,REPORTED_IN,Document,CHEMBL1201862,reported_in,Bioactivity is reported in respective document
Bioactivity,BA_001165,REPORTED_IN,Document,CHEMBL1201862,reported_in,Bioactivity is reported in respective document
Bioactivity,BA_001166,REPORTED_IN,Document,CHEMBL1201862,reported_in,Bioactivity is reported in respective document
Bioactivity,BA_001167,REPORTED_IN,Document,CHEMBL1201862,reported_in,Bioactivity is reported in respective document
Bioactivity,BA_001168,REPORTED_IN,Document,CHEMBL1201862,reported_in,Bioactivity is reported in respective document
Bioactivity,BA_001169,REPORTED_IN,Document,CHEMBL2176938,reported_in,Bioactivity is reported in respective document
Bioactivity,BA_001170,REPORTED_IN,Document,CHEMBL4196100,reported_in,Bioactivity is reported in respective document
Bioactivity,BA_001171,REPORTED_IN,Document,CHEMBL1201862,reported_in,Bioactivity is reported in respective document
Bioactivity,BA_001172,REPORTED_IN,Document,CHEMBL1201862,reported_in,Bioactivity is reported in respective document
Bioactivity,BA_001173,REPORTED_IN,Document,CHEMBL1201862,reported_in,Bioactivity is reported in respective document
Bioactivity,BA_001174,REPORTED_IN,Document,CHEMBL1201862,reported_in,Bioactivity is reported in respective document
Bioactivity,BA_001175,REPORTED_IN,Document,CHEMBL1201862,reported_in,Bioactivity is reported in respective document
Bioactivity,BA_001176,REPORTED_IN,Document,CHEMBL1201862,reported_in,Bioactivity is reported in respective document
Bioactivity,BA_001177,REPORTED_IN,Document,CHEMBL3627624,reported_in,Bioactivity is reported in respective document
Bioactivity,BA_001178,REPORTED_IN,Document,CHEMBL3627624,reported_in,Bioactivity is reported in respective document
Bioactivity,BA_001179,REPORTED_IN,Document,CHEMBL3627624,reported_in,Bioactivity is reported in respective document
Bioactivity,BA_001180,REPORTED_IN,Document,CHEMBL3627624,reported_in,Bioactivity is reported in respective document
Bioactivity,BA_001181,REPORTED_IN,Document,CHEMBL1201862,reported_in,Bioactivity is reported in respective document
Bioactivity,BA_001182,REPORTED_IN,Document,CHEMBL2073853,reported_in,Bioactivity is reported in respective document
Bioactivity,BA_001183,REPORTED_IN,Document,CHEMBL4130622,reported_in,Bioactivity is reported in respective document
Bioactivity,BA_001184,REPORTED_IN,Document,CHEMBL4417626,reported_in,Bioactivity is reported in respective document
Bioactivity,BA_001185,REPORTED_IN,Document,CHEMBL4706717,reported_in,Bioactivity is reported in respective document
Bioactivity,BA_001186,REPORTED_IN,Document,CHEMBL5316358,reported_in,Bioactivity is reported in respective document
Bioactivity,BA_001187,REPORTED_IN,Document,CHEMBL5316358,reported_in,Bioactivity is reported in respective document
Bioactivity,BA_001188,REPORTED_IN,Document,CHEMBL1201862,reported_in,Bioactivity is reported in respective document
Bioactivity,BA_001189,REPORTED_IN,Document,CHEMBL1201862,reported_in,Bioactivity is reported in respective document
Bioactivity,BA_001190,REPORTED_IN,Document,CHEMBL1201862,reported_in,Bioactivity is reported in respective document
Bioactivity,BA_001191,REPORTED_IN,Document,CHEMBL1938238,reported_in,Bioactivity is reported in respective document
Bioactivity,BA_001192,REPORTED_IN,Document,CHEMBL5042491,reported_in,Bioactivity is reported in respective document
Bioactivity,BA_001193,REPORTED_IN,Document,CHEMBL5042491,reported_in,Bioactivity is reported in respective document
Bioactivity,BA_001194,REPORTED_IN,Document,CHEMBL5042491,reported_in,Bioactivity is reported in respective document
Bioactivity,BA_001195,REPORTED_IN,Document,CHEMBL5042491,reported_in,Bioactivity is reported in respective document
Bioactivity,BA_001196,REPORTED_IN,Document,CHEMBL5042491,reported_in,Bioactivity is reported in respective document
Bioactivity,BA_001197,REPORTED_IN,Document,CHEMBL3120057,reported_in,Bioactivity is reported in respective document
Bioactivity,BA_001198,REPORTED_IN,Document,CHEMBL1201862,reported_in,Bioactivity is reported in respective document
Bioactivity,BA_001199,REPORTED_IN,Document,CHEMBL1201862,reported_in,Bioactivity is reported in respective document
Bioactivity,BA_001200,REPORTED_IN,Document,CHEMBL1201862,reported_in,Bioactivity is reported in respective document
Bioactivity,BA_001201,REPORTED_IN,Document,CHEMBL1151785,reported_in,Bioactivity is reported in respective document
Bioactivity,BA_001202,REPORTED_IN,Document,CHEMBL1156911,reported_in,Bioactivity is reported in respective document
Bioactivity,BA_001203,REPORTED_IN,Document,CHEMBL2086257,reported_in,Bioactivity is reported in respective document
Bioactivity,BA_001204,REPORTED_IN,Document,CHEMBL5550133,reported_in,Bioactivity is reported in respective document
Bioactivity,BA_001205,REPORTED_IN,Document,CHEMBL1201862,reported_in,Bioactivity is reported in respective document
Bioactivity,BA_001206,REPORTED_IN,Document,CHEMBL1201862,reported_in,Bioactivity is reported in respective document
Bioactivity,BA_001207,REPORTED_IN,Document,CHEMBL1201862,reported_in,Bioactivity is reported in respective document
Bioactivity,BA_001208,REPORTED_IN,Document,CHEMBL1201862,reported_in,Bioactivity is reported in respective document
Bioactivity,BA_001209,REPORTED_IN,Document,CHEMBL1201862,reported_in,Bioactivity is reported in respective document
Bioactivity,BA_001210,REPORTED_IN,Document,CHEMBL1201862,reported_in,Bioactivity is reported in respective document
Bioactivity,BA_001211,REPORTED_IN,Document,CHEMBL1201862,reported_in,Bioactivity is reported in respective document
Bioactivity,BA_001212,REPORTED_IN,Document,CHEMBL1201862,reported_in,Bioactivity is reported in respective document
Bioactivity,BA_001213,REPORTED_IN,Document,CHEMBL1201862,reported_in,Bioactivity is reported in respective document
Bioactivity,BA_001214,REPORTED_IN,Document,CHEMBL1201862,reported_in,Bioactivity is reported in respective document
Bioactivity,BA_001215,REPORTED_IN,Document,CHEMBL1201862,reported_in,Bioactivity is reported in respective document
Bioactivity,BA_001216,REPORTED_IN,Document,CHEMBL1201862,reported_in,Bioactivity is reported in respective document
Bioactivity,BA_001217,REPORTED_IN,Document,CHEMBL2331395,reported_in,Bioactivity is reported in respective document
Bioactivity,BA_001218,REPORTED_IN,Document,CHEMBL2331395,reported_in,Bioactivity is reported in respective document
Bioactivity,BA_001219,REPORTED_IN,Document,CHEMBL2331395,reported_in,Bioactivity is reported in respective document
Bioactivity,BA_001220,REPORTED_IN,Document,CHEMBL1770096,reported_in,Bioactivity is reported in respective document
Bioactivity,BA_001221,REPORTED_IN,Document,CHEMBL1201862,reported_in,Bioactivity is reported in respective document
Bioactivity,BA_001222,REPORTED_IN,Document,CHEMBL1201862,reported_in,Bioactivity is reported in respective document
Bioactivity,BA_001223,REPORTED_IN,Document,CHEMBL4418499,reported_in,Bioactivity is reported in respective document
Bioactivity,BA_001224,REPORTED_IN,Document,CHEMBL4418499,reported_in,Bioactivity is reported in respective document
Bioactivity,BA_001225,REPORTED_IN,Document,CHEMBL1147209,reported_in,Bioactivity is reported in respective document
Bioactivity,BA_001226,REPORTED_IN,Document,CHEMBL1201862,reported_in,Bioactivity is reported in respective document
Bioactivity,BA_001227,REPORTED_IN,Document,CHEMBL1201862,reported_in,Bioactivity is reported in respective document
Bioactivity,BA_001228,REPORTED_IN,Document,CHEMBL1201862,reported_in,Bioactivity is reported in respective document
Bioactivity,BA_001229,REPORTED_IN,Document,CHEMBL1201862,reported_in,Bioactivity is reported in respective document
Bioactivity,BA_001230,REPORTED_IN,Document,CHEMBL1201862,reported_in,Bioactivity is reported in respective document
Bioactivity,BA_001231,REPORTED_IN,Document,CHEMBL4138209,reported_in,Bioactivity is reported in respective document
Bioactivity,BA_001232,REPORTED_IN,Document,CHEMBL4138209,reported_in,Bioactivity is reported in respective document
Bioactivity,BA_001233,REPORTED_IN,Document,CHEMBL4699656,reported_in,Bioactivity is reported in respective document
Bioactivity,BA_001234,REPORTED_IN,Document,CHEMBL4699656,reported_in,Bioactivity is reported in respective document
Bioactivity,BA_001235,REPORTED_IN,Document,CHEMBL5230111,reported_in,Bioactivity is reported in respective document
Bioactivity,BA_001236,REPORTED_IN,Document,CHEMBL6083186,reported_in,Bioactivity is reported in respective document
Bioactivity,BA_001237,REPORTED_IN,Document,CHEMBL6083186,reported_in,Bioactivity is reported in respective document
Bioactivity,BA_001238,REPORTED_IN,Document,CHEMBL6083186,reported_in,Bioactivity is reported in respective document
Bioactivity,BA_001239,REPORTED_IN,Document,CHEMBL2331395,reported_in,Bioactivity is reported in respective document
Bioactivity,BA_001240,REPORTED_IN,Document,CHEMBL2331395,reported_in,Bioactivity is reported in respective document
Bioactivity,BA_001241,REPORTED_IN,Document,CHEMBL2331395,reported_in,Bioactivity is reported in respective document
Bioactivity,BA_001242,REPORTED_IN,Document,CHEMBL3639020,reported_in,Bioactivity is reported in respective document
Bioactivity,BA_001243,REPORTED_IN,Document,CHEMBL1157641,reported_in,Bioactivity is reported in respective document
Bioactivity,BA_001244,REPORTED_IN,Document,CHEMBL1157641,reported_in,Bioactivity is reported in respective document
Bioactivity,BA_001245,REPORTED_IN,Document,CHEMBL1157641,reported_in,Bioactivity is reported in respective document
Bioactivity,BA_001246,REPORTED_IN,Document,CHEMBL1157641,reported_in,Bioactivity is reported in respective document
Bioactivity,BA_001247,REPORTED_IN,Document,CHEMBL1157641,reported_in,Bioactivity is reported in respective document
Bioactivity,BA_001248,REPORTED_IN,Document,CHEMBL1157641,reported_in,Bioactivity is reported in respective document
Bioactivity,BA_001249,REPORTED_IN,Document,CHEMBL1157641,reported_in,Bioactivity is reported in respective document
Bioactivity,BA_001250,REPORTED_IN,Document,CHEMBL1157641,reported_in,Bioactivity is reported in respective document
Bioactivity,BA_001251,REPORTED_IN,Document,CHEMBL1157641,reported_in,Bioactivity is reported in respective document
Bioactivity,BA_001252,REPORTED_IN,Document,CHEMBL1157641,reported_in,Bioactivity is reported in respective document
Bioactivity,BA_001253,REPORTED_IN,Document,CHEMBL1157641,reported_in,Bioactivity is reported in respective document
Bioactivity,BA_001254,REPORTED_IN,Document,CHEMBL3045846,reported_in,Bioactivity is reported in respective document
Bioactivity,BA_001255,REPORTED_IN,Document,CHEMBL2380210,reported_in,Bioactivity is reported in respective document
Bioactivity,BA_001256,REPORTED_IN,Document,CHEMBL4411257,reported_in,Bioactivity is reported in respective document
Bioactivity,BA_001257,REPORTED_IN,Document,CHEMBL4715852,reported_in,Bioactivity is reported in respective document
Bioactivity,BA_001258,REPORTED_IN,Document,CHEMBL1938354,reported_in,Bioactivity is reported in respective document
Bioactivity,BA_001259,REPORTED_IN,Document,CHEMBL1938354,reported_in,Bioactivity is reported in respective document
Bioactivity,BA_001260,REPORTED_IN,Document,CHEMBL1938238,reported_in,Bioactivity is reported in respective document
Bioactivity,BA_001261,REPORTED_IN,Document,CHEMBL1201862,reported_in,Bioactivity is reported in respective document
Bioactivity,BA_001262,REPORTED_IN,Document,CHEMBL4811318,reported_in,Bioactivity is reported in respective document
Bioactivity,BA_001263,REPORTED_IN,Document,CHEMBL6083246,reported_in,Bioactivity is reported in respective document
Bioactivity,BA_001264,REPORTED_IN,Document,CHEMBL1156762,reported_in,Bioactivity is reported in respective document
Bioactivity,BA_001265,REPORTED_IN,Document,CHEMBL1156762,reported_in,Bioactivity is reported in respective document
Bioactivity,BA_001266,REPORTED_IN,Document,CHEMBL1156762,reported_in,Bioactivity is reported in respective document
Bioactivity,BA_001267,REPORTED_IN,Document,CHEMBL1156762,reported_in,Bioactivity is reported in respective document
Bioactivity,BA_001268,REPORTED_IN,Document,CHEMBL1156762,reported_in,Bioactivity is reported in respective document
Bioactivity,BA_001269,REPORTED_IN,Document,CHEMBL1156762,reported_in,Bioactivity is reported in respective document
Bioactivity,BA_001270,REPORTED_IN,Document,CHEMBL1156762,reported_in,Bioactivity is reported in respective document
Bioactivity,BA_001271,REPORTED_IN,Document,CHEMBL1156762,reported_in,Bioactivity is reported in respective document
Bioactivity,BA_001272,REPORTED_IN,Document,CHEMBL1156762,reported_in,Bioactivity is reported in respective document
Bioactivity,BA_001273,REPORTED_IN,Document,CHEMBL1156762,reported_in,Bioactivity is reported in respective document
Bioactivity,BA_001274,REPORTED_IN,Document,CHEMBL1287777,reported_in,Bioactivity is reported in respective document
Bioactivity,BA_001275,REPORTED_IN,Document,CHEMBL1201862,reported_in,Bioactivity is reported in respective document
Bioactivity,BA_001276,REPORTED_IN,Document,CHEMBL1201862,reported_in,Bioactivity is reported in respective document
Bioactivity,BA_001277,REPORTED_IN,Document,CHEMBL1201862,reported_in,Bioactivity is reported in respective document
Bioactivity,BA_001278,REPORTED_IN,Document,CHEMBL1201862,reported_in,Bioactivity is reported in respective document
Bioactivity,BA_001279,REPORTED_IN,Document,CHEMBL1201862,reported_in,Bioactivity is reported in respective document
Bioactivity,BA_001280,REPORTED_IN,Document,CHEMBL1145574,reported_in,Bioactivity is reported in respective document
Bioactivity,BA_001281,REPORTED_IN,Document,CHEMBL1145574,reported_in,Bioactivity is reported in respective document
Bioactivity,BA_001282,REPORTED_IN,Document,CHEMBL1155782,reported_in,Bioactivity is reported in respective document
Bioactivity,BA_001283,REPORTED_IN,Document,CHEMBL1155782,reported_in,Bioactivity is reported in respective document
Bioactivity,BA_001284,REPORTED_IN,Document,CHEMBL1155782,reported_in,Bioactivity is reported in respective document
Bioactivity,BA_001285,REPORTED_IN,Document,CHEMBL1201862,reported_in,Bioactivity is reported in respective document
Bioactivity,BA_001286,REPORTED_IN,Document,CHEMBL1153930,reported_in,Bioactivity is reported in respective document
Bioactivity,BA_001287,REPORTED_IN,Document,CHEMBL1201862,reported_in,Bioactivity is reported in respective document
Bioactivity,BA_001288,REPORTED_IN,Document,CHEMBL1800068,reported_in,Bioactivity is reported in respective document
Bioactivity,BA_001289,REPORTED_IN,Document,CHEMBL1201862,reported_in,Bioactivity is reported in respective document
Bioactivity,BA_001290,REPORTED_IN,Document,CHEMBL1201862,reported_in,Bioactivity is reported in respective document
Bioactivity,BA_001291,REPORTED_IN,Document,CHEMBL1201862,reported_in,Bioactivity is reported in respective document
Bioactivity,BA_001292,REPORTED_IN,Document,CHEMBL1135460,reported_in,Bioactivity is reported in respective document
Bioactivity,BA_001293,REPORTED_IN,Document,CHEMBL1201862,reported_in,Bioactivity is reported in respective document
Bioactivity,BA_001294,REPORTED_IN,Document,CHEMBL1201862,reported_in,Bioactivity is reported in respective document
Bioactivity,BA_001295,REPORTED_IN,Document,CHEMBL1201862,reported_in,Bioactivity is reported in respective document
Bioactivity,BA_001296,REPORTED_IN,Document,CHEMBL1201862,reported_in,Bioactivity is reported in respective document
Bioactivity,BA_001297,REPORTED_IN,Document,CHEMBL1201862,reported_in,Bioactivity is reported in respective document
Bioactivity,BA_001298,REPORTED_IN,Document,CHEMBL1201862,reported_in,Bioactivity is reported in respective document
Bioactivity,BA_001299,REPORTED_IN,Document,CHEMBL1201862,reported_in,Bioactivity is reported in respective document
Bioactivity,BA_001300,REPORTED_IN,Document,CHEMBL3046720,reported_in,Bioactivity is reported in respective document
Bioactivity,BA_001301,REPORTED_IN,Document,CHEMBL3046720,reported_in,Bioactivity is reported in respective document
Bioactivity,BA_001302,REPORTED_IN,Document,CHEMBL3039007,reported_in,Bioactivity is reported in respective document
Bioactivity,BA_001303,REPORTED_IN,Document,CHEMBL3039007,reported_in,Bioactivity is reported in respective document
Bioactivity,BA_001304,REPORTED_IN,Document,CHEMBL3039007,reported_in,Bioactivity is reported in respective document
Bioactivity,BA_001305,REPORTED_IN,Document,CHEMBL3039007,reported_in,Bioactivity is reported in respective document
Bioactivity,BA_001306,REPORTED_IN,Document,CHEMBL5107983,reported_in,Bioactivity is reported in respective document
Bioactivity,BA_001307,REPORTED_IN,Document,CHEMBL5260812,reported_in,Bioactivity is reported in respective document
Bioactivity,BA_001308,REPORTED_IN,Document,CHEMBL1142997,reported_in,Bioactivity is reported in respective document
Bioactivity,BA_001309,REPORTED_IN,Document,CHEMBL1137460,reported_in,Bioactivity is reported in respective document
Bioactivity,BA_001310,REPORTED_IN,Document,CHEMBL1138322,reported_in,Bioactivity is reported in respective document
Bioactivity,BA_001311,REPORTED_IN,Document,CHEMBL1138322,reported_in,Bioactivity is reported in respective document
Bioactivity,BA_001312,REPORTED_IN,Document,CHEMBL1147980,reported_in,Bioactivity is reported in respective document
Bioactivity,BA_001313,REPORTED_IN,Document,CHEMBL1156568,reported_in,Bioactivity is reported in respective document
Bioactivity,BA_001314,REPORTED_IN,Document,CHEMBL1144168,reported_in,Bioactivity is reported in respective document
Bioactivity,BA_001315,REPORTED_IN,Document,CHEMBL1144179,reported_in,Bioactivity is reported in respective document
Bioactivity,BA_001316,REPORTED_IN,Document,CHEMBL1144179,reported_in,Bioactivity is reported in respective document
Bioactivity,BA_001317,REPORTED_IN,Document,CHEMBL1152375,reported_in,Bioactivity is reported in respective document
Bioactivity,BA_001318,REPORTED_IN,Document,CHEMBL1155429,reported_in,Bioactivity is reported in respective document
Bioactivity,BA_001319,REPORTED_IN,Document,CHEMBL1155429,reported_in,Bioactivity is reported in respective document
Bioactivity,BA_001320,REPORTED_IN,Document,CHEMBL1155429,reported_in,Bioactivity is reported in respective document
Bioactivity,BA_001321,REPORTED_IN,Document,CHEMBL1155464,reported_in,Bioactivity is reported in respective document
Bioactivity,BA_001322,REPORTED_IN,Document,CHEMBL1201862,reported_in,Bioactivity is reported in respective document
Bioactivity,BA_001323,REPORTED_IN,Document,CHEMBL1671841,reported_in,Bioactivity is reported in respective document
Bioactivity,BA_001324,REPORTED_IN,Document,CHEMBL2034879,reported_in,Bioactivity is reported in respective document
Bioactivity,BA_001325,REPORTED_IN,Document,CHEMBL2057168,reported_in,Bioactivity is reported in respective document
Bioactivity,BA_001326,REPORTED_IN,Document,CHEMBL1201862,reported_in,Bioactivity is reported in respective document
Bioactivity,BA_001327,REPORTED_IN,Document,CHEMBL2146390,reported_in,Bioactivity is reported in respective document
Bioactivity,BA_001328,REPORTED_IN,Document,CHEMBL3588814,reported_in,Bioactivity is reported in respective document
Bioactivity,BA_001329,REPORTED_IN,Document,CHEMBL3588814,reported_in,Bioactivity is reported in respective document
Bioactivity,BA_001330,REPORTED_IN,Document,CHEMBL3785029,reported_in,Bioactivity is reported in respective document
Bioactivity,BA_001331,REPORTED_IN,Document,CHEMBL3046684,reported_in,Bioactivity is reported in respective document
Bioactivity,BA_001332,REPORTED_IN,Document,CHEMBL4043202,reported_in,Bioactivity is reported in respective document
Bioactivity,BA_001333,REPORTED_IN,Document,CHEMBL3286146,reported_in,Bioactivity is reported in respective document
Bioactivity,BA_001334,REPORTED_IN,Document,CHEMBL1154642,reported_in,Bioactivity is reported in respective document
Bioactivity,BA_001335,REPORTED_IN,Document,CHEMBL2163317,reported_in,Bioactivity is reported in respective document
Bioactivity,BA_001336,REPORTED_IN,Document,CHEMBL5550133,reported_in,Bioactivity is reported in respective document
Bioactivity,BA_001337,REPORTED_IN,Document,CHEMBL6087480,reported_in,Bioactivity is reported in respective document
Bioactivity,BA_001338,REPORTED_IN,Document,CHEMBL1201862,reported_in,Bioactivity is reported in respective document
Bioactivity,BA_001339,REPORTED_IN,Document,CHEMBL1201862,reported_in,Bioactivity is reported in respective document
Bioactivity,BA_001340,REPORTED_IN,Document,CHEMBL1201862,reported_in,Bioactivity is reported in respective document
Bioactivity,BA_001341,REPORTED_IN,Document,CHEMBL1201862,reported_in,Bioactivity is reported in respective document
Bioactivity,BA_001342,REPORTED_IN,Document,CHEMBL1201862,reported_in,Bioactivity is reported in respective document
Bioactivity,BA_001343,REPORTED_IN,Document,CHEMBL1799986,reported_in,Bioactivity is reported in respective document
Bioactivity,BA_001344,REPORTED_IN,Document,CHEMBL1799986,reported_in,Bioactivity is reported in respective document
Bioactivity,BA_001345,REPORTED_IN,Document,CHEMBL1799986,reported_in,Bioactivity is reported in respective document
Bioactivity,BA_001346,REPORTED_IN,Document,CHEMBL1201862,reported_in,Bioactivity is reported in respective document
Bioactivity,BA_001347,REPORTED_IN,Document,CHEMBL1201862,reported_in,Bioactivity is reported in respective document
Bioactivity,BA_001348,REPORTED_IN,Document,CHEMBL1909046,reported_in,Bioactivity is reported in respective document
Bioactivity,BA_001349,REPORTED_IN,Document,CHEMBL1909046,reported_in,Bioactivity is reported in respective document
Bioactivity,BA_001350,REPORTED_IN,Document,CHEMBL1201862,reported_in,Bioactivity is reported in respective document
Bioactivity,BA_001351,REPORTED_IN,Document,CHEMBL1201862,reported_in,Bioactivity is reported in respective document
Bioactivity,BA_001352,REPORTED_IN,Document,CHEMBL1201862,reported_in,Bioactivity is reported in respective document
Bioactivity,BA_001353,REPORTED_IN,Document,CHEMBL5236577,reported_in,Bioactivity is reported in respective document
Bioactivity,BA_001354,REPORTED_IN,Document,CHEMBL5236577,reported_in,Bioactivity is reported in respective document
Bioactivity,BA_001355,REPORTED_IN,Document,CHEMBL5236577,reported_in,Bioactivity is reported in respective document
Bioactivity,BA_001356,REPORTED_IN,Document,CHEMBL5236577,reported_in,Bioactivity is reported in respective document
Bioactivity,BA_001357,REPORTED_IN,Document,CHEMBL5236577,reported_in,Bioactivity is reported in respective document
Bioactivity,BA_001358,REPORTED_IN,Document,CHEMBL5236577,reported_in,Bioactivity is reported in respective document
Bioactivity,BA_001359,REPORTED_IN,Document,CHEMBL5380784,reported_in,Bioactivity is reported in respective document
Bioactivity,BA_001360,REPORTED_IN,Document,CHEMBL5380784,reported_in,Bioactivity is reported in respective document
Bioactivity,BA_001361,REPORTED_IN,Document,CHEMBL1201862,reported_in,Bioactivity is reported in respective document
Bioactivity,BA_001362,REPORTED_IN,Document,CHEMBL1909046,reported_in,Bioactivity is reported in respective document
Bioactivity,BA_001363,REPORTED_IN,Document,CHEMBL1155439,reported_in,Bioactivity is reported in respective document
Bioactivity,BA_001364,REPORTED_IN,Document,CHEMBL1201862,reported_in,Bioactivity is reported in respective document
Bioactivity,BA_001365,REPORTED_IN,Document,CHEMBL1201862,reported_in,Bioactivity is reported in respective document
Bioactivity,BA_001366,REPORTED_IN,Document,CHEMBL1201862,reported_in,Bioactivity is reported in respective document
Bioactivity,BA_001367,REPORTED_IN,Document,CHEMBL1201862,reported_in,Bioactivity is reported in respective document
Bioactivity,BA_001368,REPORTED_IN,Document,CHEMBL1201862,reported_in,Bioactivity is reported in respective document
Bioactivity,BA_001369,REPORTED_IN,Document,CHEMBL1155439,reported_in,Bioactivity is reported in respective document
Bioactivity,BA_001370,REPORTED_IN,Document,CHEMBL1255565,reported_in,Bioactivity is reported in respective document
Bioactivity,BA_001371,REPORTED_IN,Document,CHEMBL1255565,reported_in,Bioactivity is reported in respective document
Bioactivity,BA_001372,REPORTED_IN,Document,CHEMBL1817669,reported_in,Bioactivity is reported in respective document
Bioactivity,BA_001373,REPORTED_IN,Document,CHEMBL1201862,reported_in,Bioactivity is reported in respective document
Bioactivity,BA_001374,REPORTED_IN,Document,CHEMBL3108739,reported_in,Bioactivity is reported in respective document
Bioactivity,BA_001375,REPORTED_IN,Document,CHEMBL3407419,reported_in,Bioactivity is reported in respective document
Bioactivity,BA_001376,REPORTED_IN,Document,CHEMBL3407419,reported_in,Bioactivity is reported in respective document
Bioactivity,BA_001377,REPORTED_IN,Document,CHEMBL3593170,reported_in,Bioactivity is reported in respective document
Bioactivity,BA_001378,REPORTED_IN,Document,CHEMBL4346663,reported_in,Bioactivity is reported in respective document
Bioactivity,BA_001379,REPORTED_IN,Document,CHEMBL4346663,reported_in,Bioactivity is reported in respective document
Bioactivity,BA_001380,REPORTED_IN,Document,CHEMBL4425086,reported_in,Bioactivity is reported in respective document
Bioactivity,BA_001381,REPORTED_IN,Document,CHEMBL4619731,reported_in,Bioactivity is reported in respective document
Bioactivity,BA_001382,REPORTED_IN,Document,CHEMBL1155439,reported_in,Bioactivity is reported in respective document
Bioactivity,BA_001383,REPORTED_IN,Document,CHEMBL1743341,reported_in,Bioactivity is reported in respective document
Bioactivity,BA_001384,REPORTED_IN,Document,CHEMBL3407419,reported_in,Bioactivity is reported in respective document
Bioactivity,BA_001385,REPORTED_IN,Document,CHEMBL3526117,reported_in,Bioactivity is reported in respective document
Bioactivity,BA_001386,REPORTED_IN,Document,CHEMBL3526117,reported_in,Bioactivity is reported in respective document
Bioactivity,BA_001387,REPORTED_IN,Document,CHEMBL3526117,reported_in,Bioactivity is reported in respective document
Bioactivity,BA_001388,REPORTED_IN,Document,CHEMBL3526117,reported_in,Bioactivity is reported in respective document
Bioactivity,BA_001389,REPORTED_IN,Document,CHEMBL3593170,reported_in,Bioactivity is reported in respective document
Bioactivity,BA_001390,REPORTED_IN,Document,CHEMBL3593170,reported_in,Bioactivity is reported in respective document
Bioactivity,BA_001391,REPORTED_IN,Document,CHEMBL1155439,reported_in,Bioactivity is reported in respective document
Bioactivity,BA_001392,REPORTED_IN,Document,CHEMBL3407419,reported_in,Bioactivity is reported in respective document
Bioactivity,BA_001393,REPORTED_IN,Document,CHEMBL3407419,reported_in,Bioactivity is reported in respective document
Bioactivity,BA_001394,REPORTED_IN,Document,CHEMBL3593170,reported_in,Bioactivity is reported in respective document
Bioactivity,BA_001395,REPORTED_IN,Document,CHEMBL4196100,reported_in,Bioactivity is reported in respective document
Bioactivity,BA_001396,REPORTED_IN,Document,CHEMBL4699504,reported_in,Bioactivity is reported in respective document
Bioactivity,BA_001397,REPORTED_IN,Document,CHEMBL4699504,reported_in,Bioactivity is reported in respective document
Bioactivity,BA_001398,REPORTED_IN,Document,CHEMBL1201862,reported_in,Bioactivity is reported in respective document
Bioactivity,BA_001399,REPORTED_IN,Document,CHEMBL3593170,reported_in,Bioactivity is reported in respective document
Bioactivity,BA_001400,REPORTED_IN,Document,CHEMBL3593170,reported_in,Bioactivity is reported in respective document
Bioactivity,BA_001401,REPORTED_IN,Document,CHEMBL1201862,reported_in,Bioactivity is reported in respective document
Bioactivity,BA_001402,REPORTED_IN,Document,CHEMBL1201862,reported_in,Bioactivity is reported in respective document
Bioactivity,BA_001403,REPORTED_IN,Document,CHEMBL1667861,reported_in,Bioactivity is reported in respective document
Bioactivity,BA_001404,REPORTED_IN,Document,CHEMBL1667861,reported_in,Bioactivity is reported in respective document
Bioactivity,BA_001405,REPORTED_IN,Document,CHEMBL1667861,reported_in,Bioactivity is reported in respective document
Bioactivity,BA_001406,REPORTED_IN,Document,CHEMBL2331404,reported_in,Bioactivity is reported in respective document
Bioactivity,BA_001407,REPORTED_IN,Document,CHEMBL2331404,reported_in,Bioactivity is reported in respective document
Bioactivity,BA_001408,REPORTED_IN,Document,CHEMBL1201862,reported_in,Bioactivity is reported in respective document
Bioactivity,BA_001409,REPORTED_IN,Document,CHEMBL1201862,reported_in,Bioactivity is reported in respective document
Bioactivity,BA_001410,REPORTED_IN,Document,CHEMBL1201862,reported_in,Bioactivity is reported in respective document
Bioactivity,BA_001411,REPORTED_IN,Document,CHEMBL1141174,reported_in,Bioactivity is reported in respective document
Bioactivity,BA_001412,REPORTED_IN,Document,CHEMBL1201862,reported_in,Bioactivity is reported in respective document
Bioactivity,BA_001413,REPORTED_IN,Document,CHEMBL1671826,reported_in,Bioactivity is reported in respective document
Bioactivity,BA_001414,REPORTED_IN,Document,CHEMBL1944554,reported_in,Bioactivity is reported in respective document
Bioactivity,BA_001415,REPORTED_IN,Document,CHEMBL1944554,reported_in,Bioactivity is reported in respective document
Bioactivity,BA_001416,REPORTED_IN,Document,CHEMBL1201862,reported_in,Bioactivity is reported in respective document
Bioactivity,BA_001417,REPORTED_IN,Document,CHEMBL1201862,reported_in,Bioactivity is reported in respective document
Bioactivity,BA_001418,REPORTED_IN,Document,CHEMBL1201862,reported_in,Bioactivity is reported in respective document
Bioactivity,BA_001419,REPORTED_IN,Document,CHEMBL1201862,reported_in,Bioactivity is reported in respective document
Bioactivity,BA_001420,REPORTED_IN,Document,CHEMBL3046324,reported_in,Bioactivity is reported in respective document
Bioactivity,BA_001421,REPORTED_IN,Document,CHEMBL3046720,reported_in,Bioactivity is reported in respective document
Bioactivity,BA_001422,REPORTED_IN,Document,CHEMBL3046720,reported_in,Bioactivity is reported in respective document
Bioactivity,BA_001423,REPORTED_IN,Document,CHEMBL4616647,reported_in,Bioactivity is reported in respective document
Bioactivity,BA_001424,REPORTED_IN,Document,CHEMBL1201862,reported_in,Bioactivity is reported in respective document
Bioactivity,BA_001425,REPORTED_IN,Document,CHEMBL1201862,reported_in,Bioactivity is reported in respective document
Bioactivity,BA_001426,REPORTED_IN,Document,CHEMBL1201862,reported_in,Bioactivity is reported in respective document
Bioactivity,BA_001427,REPORTED_IN,Document,CHEMBL1201862,reported_in,Bioactivity is reported in respective document
Bioactivity,BA_001428,REPORTED_IN,Document,CHEMBL1201862,reported_in,Bioactivity is reported in respective document
Bioactivity,BA_001429,REPORTED_IN,Document,CHEMBL1131606,reported_in,Bioactivity is reported in respective document
Bioactivity,BA_001430,REPORTED_IN,Document,CHEMBL1201862,reported_in,Bioactivity is reported in respective document
Bioactivity,BA_001431,REPORTED_IN,Document,CHEMBL1201862,reported_in,Bioactivity is reported in respective document
Bioactivity,BA_001432,REPORTED_IN,Document,CHEMBL1201862,reported_in,Bioactivity is reported in respective document
Bioactivity,BA_001433,REPORTED_IN,Document,CHEMBL1201862,reported_in,Bioactivity is reported in respective document
Bioactivity,BA_001434,REPORTED_IN,Document,CHEMBL1201862,reported_in,Bioactivity is reported in respective document
Bioactivity,BA_001435,REPORTED_IN,Document,CHEMBL1201862,reported_in,Bioactivity is reported in respective document
Bioactivity,BA_001436,REPORTED_IN,Document,CHEMBL1201862,reported_in,Bioactivity is reported in respective document
Bioactivity,BA_001437,REPORTED_IN,Document,CHEMBL1201862,reported_in,Bioactivity is reported in respective document
Bioactivity,BA_001438,REPORTED_IN,Document,CHEMBL1201862,reported_in,Bioactivity is reported in respective document
Bioactivity,BA_001439,REPORTED_IN,Document,CHEMBL1201862,reported_in,Bioactivity is reported in respective document
Bioactivity,BA_001440,REPORTED_IN,Document,CHEMBL1201862,reported_in,Bioactivity is reported in respective document
Bioactivity,BA_001441,REPORTED_IN,Document,CHEMBL1201862,reported_in,Bioactivity is reported in respective document
Bioactivity,BA_001442,REPORTED_IN,Document,CHEMBL1201862,reported_in,Bioactivity is reported in respective document
Bioactivity,BA_001443,REPORTED_IN,Document,CHEMBL1667861,reported_in,Bioactivity is reported in respective document
Bioactivity,BA_001444,REPORTED_IN,Document,CHEMBL1667861,reported_in,Bioactivity is reported in respective document
Bioactivity,BA_001445,REPORTED_IN,Document,CHEMBL1667861,reported_in,Bioactivity is reported in respective document
Bioactivity,BA_001446,REPORTED_IN,Document,CHEMBL1667861,reported_in,Bioactivity is reported in respective document
Bioactivity,BA_001447,REPORTED_IN,Document,CHEMBL1799986,reported_in,Bioactivity is reported in respective document
Bioactivity,BA_001448,REPORTED_IN,Document,CHEMBL2040787,reported_in,Bioactivity is reported in respective document
Bioactivity,BA_001449,REPORTED_IN,Document,CHEMBL2331404,reported_in,Bioactivity is reported in respective document
Bioactivity,BA_001450,REPORTED_IN,Document,CHEMBL2331404,reported_in,Bioactivity is reported in respective document
Bioactivity,BA_001451,REPORTED_IN,Document,CHEMBL1157641,reported_in,Bioactivity is reported in respective document
Bioactivity,BA_001452,REPORTED_IN,Document,CHEMBL1157641,reported_in,Bioactivity is reported in respective document
Bioactivity,BA_001453,REPORTED_IN,Document,CHEMBL1157641,reported_in,Bioactivity is reported in respective document
Bioactivity,BA_001454,REPORTED_IN,Document,CHEMBL1157641,reported_in,Bioactivity is reported in respective document
Bioactivity,BA_001455,REPORTED_IN,Document,CHEMBL1157641,reported_in,Bioactivity is reported in respective document
Bioactivity,BA_001456,REPORTED_IN,Document,CHEMBL1157641,reported_in,Bioactivity is reported in respective document
Bioactivity,BA_001457,REPORTED_IN,Document,CHEMBL1157641,reported_in,Bioactivity is reported in respective document
Bioactivity,BA_001458,REPORTED_IN,Document,CHEMBL1157641,reported_in,Bioactivity is reported in respective document
Bioactivity,BA_001459,REPORTED_IN,Document,CHEMBL1201862,reported_in,Bioactivity is reported in respective document
Bioactivity,BA_001460,REPORTED_IN,Document,CHEMBL1201862,reported_in,Bioactivity is reported in respective document
Bioactivity,BA_001461,REPORTED_IN,Document,CHEMBL1157641,reported_in,Bioactivity is reported in respective document
Bioactivity,BA_001462,REPORTED_IN,Document,CHEMBL1157641,reported_in,Bioactivity is reported in respective document
Bioactivity,BA_001463,REPORTED_IN,Document,CHEMBL1157641,reported_in,Bioactivity is reported in respective document
Bioactivity,BA_001464,REPORTED_IN,Document,CHEMBL1157641,reported_in,Bioactivity is reported in respective document
Bioactivity,BA_001465,REPORTED_IN,Document,CHEMBL1157641,reported_in,Bioactivity is reported in respective document
Bioactivity,BA_001466,REPORTED_IN,Document,CHEMBL1157641,reported_in,Bioactivity is reported in respective document
Bioactivity,BA_001467,REPORTED_IN,Document,CHEMBL1157641,reported_in,Bioactivity is reported in respective document
Bioactivity,BA_001468,REPORTED_IN,Document,CHEMBL1157641,reported_in,Bioactivity is reported in respective document
Bioactivity,BA_001469,REPORTED_IN,Document,CHEMBL1157641,reported_in,Bioactivity is reported in respective document
Bioactivity,BA_001470,REPORTED_IN,Document,CHEMBL1201862,reported_in,Bioactivity is reported in respective document
Bioactivity,BA_001471,REPORTED_IN,Document,CHEMBL3045846,reported_in,Bioactivity is reported in respective document
Bioactivity,BA_001472,REPORTED_IN,Document,CHEMBL1221287,reported_in,Bioactivity is reported in respective document
Bioactivity,BA_001473,REPORTED_IN,Document,CHEMBL1221287,reported_in,Bioactivity is reported in respective document
Bioactivity,BA_001474,REPORTED_IN,Document,CHEMBL1932973,reported_in,Bioactivity is reported in respective document
Bioactivity,BA_001475,REPORTED_IN,Document,CHEMBL1932973,reported_in,Bioactivity is reported in respective document
Bioactivity,BA_001476,REPORTED_IN,Document,CHEMBL4130386,reported_in,Bioactivity is reported in respective document
Bioactivity,BA_001477,REPORTED_IN,Document,CHEMBL4130386,reported_in,Bioactivity is reported in respective document
Bioactivity,BA_001478,REPORTED_IN,Document,CHEMBL1131258,reported_in,Bioactivity is reported in respective document
Bioactivity,BA_001479,REPORTED_IN,Document,CHEMBL4130386,reported_in,Bioactivity is reported in respective document
Bioactivity,BA_001480,REPORTED_IN,Document,CHEMBL1201862,reported_in,Bioactivity is reported in respective document
Bioactivity,BA_001481,REPORTED_IN,Document,CHEMBL1201862,reported_in,Bioactivity is reported in respective document
Bioactivity,BA_001482,REPORTED_IN,Document,CHEMBL1201862,reported_in,Bioactivity is reported in respective document
Bioactivity,BA_001483,REPORTED_IN,Document,CHEMBL1201862,reported_in,Bioactivity is reported in respective document
Bioactivity,BA_001484,REPORTED_IN,Document,CHEMBL1201862,reported_in,Bioactivity is reported in respective document
Bioactivity,BA_001485,REPORTED_IN,Document,CHEMBL1201862,reported_in,Bioactivity is reported in respective document
Bioactivity,BA_001486,REPORTED_IN,Document,CHEMBL1201862,reported_in,Bioactivity is reported in respective document
Bioactivity,BA_001487,REPORTED_IN,Document,CHEMBL3091317,reported_in,Bioactivity is reported in respective document
Bioactivity,BA_001488,REPORTED_IN,Document,CHEMBL1201862,reported_in,Bioactivity is reported in respective document
Bioactivity,BA_001489,REPORTED_IN,Document,CHEMBL1201862,reported_in,Bioactivity is reported in respective document
Bioactivity,BA_001490,REPORTED_IN,Document,CHEMBL1201862,reported_in,Bioactivity is reported in respective document
Bioactivity,BA_001491,REPORTED_IN,Document,CHEMBL1201862,reported_in,Bioactivity is reported in respective document
Bioactivity,BA_001492,REPORTED_IN,Document,CHEMBL1201862,reported_in,Bioactivity is reported in respective document
Bioactivity,BA_001493,REPORTED_IN,Document,CHEMBL1201862,reported_in,Bioactivity is reported in respective document
Bioactivity,BA_001494,REPORTED_IN,Document,CHEMBL1201862,reported_in,Bioactivity is reported in respective document
Bioactivity,BA_001495,REPORTED_IN,Document,CHEMBL1201862,reported_in,Bioactivity is reported in respective document
Bioactivity,BA_001496,REPORTED_IN,Document,CHEMBL1201862,reported_in,Bioactivity is reported in respective document
Bioactivity,BA_001497,REPORTED_IN,Document,CHEMBL4699656,reported_in,Bioactivity is reported in respective document
Bioactivity,BA_001498,REPORTED_IN,Document,CHEMBL1201862,reported_in,Bioactivity is reported in respective document
Bioactivity,BA_001499,REPORTED_IN,Document,CHEMBL1154233,reported_in,Bioactivity is reported in respective document
Bioactivity,BA_001500,REPORTED_IN,Document,CHEMBL1201862,reported_in,Bioactivity is reported in respective document
Bioactivity,BA_001501,REPORTED_IN,Document,CHEMBL1201862,reported_in,Bioactivity is reported in respective document
Bioactivity,BA_001502,REPORTED_IN,Document,CHEMBL1201862,reported_in,Bioactivity is reported in respective document
Bioactivity,BA_001503,REPORTED_IN,Document,CHEMBL1743341,reported_in,Bioactivity is reported in respective document
Bioactivity,BA_001504,REPORTED_IN,Document,CHEMBL1743341,reported_in,Bioactivity is reported in respective document
Bioactivity,BA_001505,REPORTED_IN,Document,CHEMBL1932923,reported_in,Bioactivity is reported in respective document
Bioactivity,BA_001506,REPORTED_IN,Document,CHEMBL1201862,reported_in,Bioactivity is reported in respective document
Bioactivity,BA_001507,REPORTED_IN,Document,CHEMBL4257453,reported_in,Bioactivity is reported in respective document
Bioactivity,BA_001508,REPORTED_IN,Document,CHEMBL4257453,reported_in,Bioactivity is reported in respective document
Bioactivity,BA_001509,REPORTED_IN,Document,CHEMBL4257453,reported_in,Bioactivity is reported in respective document
Bioactivity,BA_001510,REPORTED_IN,Document,CHEMBL4257453,reported_in,Bioactivity is reported in respective document
Bioactivity,BA_001511,REPORTED_IN,Document,CHEMBL1152445,reported_in,Bioactivity is reported in respective document
Bioactivity,BA_001512,REPORTED_IN,Document,CHEMBL1221335,reported_in,Bioactivity is reported in respective document
Bioactivity,BA_001513,REPORTED_IN,Document,CHEMBL1221335,reported_in,Bioactivity is reported in respective document
Bioactivity,BA_001514,REPORTED_IN,Document,CHEMBL1221335,reported_in,Bioactivity is reported in respective document
Bioactivity,BA_001515,REPORTED_IN,Document,CHEMBL1201862,reported_in,Bioactivity is reported in respective document
Bioactivity,BA_001516,REPORTED_IN,Document,CHEMBL4033668,reported_in,Bioactivity is reported in respective document
Bioactivity,BA_001517,REPORTED_IN,Document,CHEMBL4033668,reported_in,Bioactivity is reported in respective document
Bioactivity,BA_001518,REPORTED_IN,Document,CHEMBL1201862,reported_in,Bioactivity is reported in respective document
Bioactivity,BA_001519,REPORTED_IN,Document,CHEMBL1201862,reported_in,Bioactivity is reported in respective document
Bioactivity,BA_001520,REPORTED_IN,Document,CHEMBL1201862,reported_in,Bioactivity is reported in respective document
Bioactivity,BA_001521,REPORTED_IN,Document,CHEMBL1148457,reported_in,Bioactivity is reported in respective document
Bioactivity,BA_001522,REPORTED_IN,Document,CHEMBL1142400,reported_in,Bioactivity is reported in respective document
Bioactivity,BA_001523,REPORTED_IN,Document,CHEMBL1201862,reported_in,Bioactivity is reported in respective document
Bioactivity,BA_001524,REPORTED_IN,Document,CHEMBL1201862,reported_in,Bioactivity is reported in respective document
Bioactivity,BA_001525,REPORTED_IN,Document,CHEMBL1201862,reported_in,Bioactivity is reported in respective document
Bioactivity,BA_001526,REPORTED_IN,Document,CHEMBL1201862,reported_in,Bioactivity is reported in respective document
Bioactivity,BA_001527,REPORTED_IN,Document,CHEMBL1909046,reported_in,Bioactivity is reported in respective document
Bioactivity,BA_001528,REPORTED_IN,Document,CHEMBL1909046,reported_in,Bioactivity is reported in respective document
Bioactivity,BA_001529,REPORTED_IN,Document,CHEMBL1201862,reported_in,Bioactivity is reported in respective document
Bioactivity,BA_001530,REPORTED_IN,Document,CHEMBL1201862,reported_in,Bioactivity is reported in respective document
Bioactivity,BA_001531,REPORTED_IN,Document,CHEMBL1201862,reported_in,Bioactivity is reported in respective document
Bioactivity,BA_001532,REPORTED_IN,Document,CHEMBL1201862,reported_in,Bioactivity is reported in respective document
Bioactivity,BA_001533,REPORTED_IN,Document,CHEMBL1201862,reported_in,Bioactivity is reported in respective document
Bioactivity,BA_001534,REPORTED_IN,Document,CHEMBL1201862,reported_in,Bioactivity is reported in respective document
Bioactivity,BA_001535,REPORTED_IN,Document,CHEMBL1201862,reported_in,Bioactivity is reported in respective document
Bioactivity,BA_001536,REPORTED_IN,Document,CHEMBL1201862,reported_in,Bioactivity is reported in respective document
Bioactivity,BA_001537,REPORTED_IN,Document,CHEMBL1157393,reported_in,Bioactivity is reported in respective document
Bioactivity,BA_001538,REPORTED_IN,Document,CHEMBL1201862,reported_in,Bioactivity is reported in respective document
Bioactivity,BA_001539,REPORTED_IN,Document,CHEMBL1201862,reported_in,Bioactivity is reported in respective document
Bioactivity,BA_001540,REPORTED_IN,Document,CHEMBL1201862,reported_in,Bioactivity is reported in respective document
Bioactivity,BA_001541,REPORTED_IN,Document,CHEMBL1201862,reported_in,Bioactivity is reported in respective document
Bioactivity,BA_001542,REPORTED_IN,Document,CHEMBL1201862,reported_in,Bioactivity is reported in respective document
Bioactivity,BA_001543,REPORTED_IN,Document,CHEMBL1201862,reported_in,Bioactivity is reported in respective document
Bioactivity,BA_001544,REPORTED_IN,Document,CHEMBL5380843,reported_in,Bioactivity is reported in respective document
Bioactivity,BA_001545,REPORTED_IN,Document,CHEMBL4033668,reported_in,Bioactivity is reported in respective document
Bioactivity,BA_001546,REPORTED_IN,Document,CHEMBL1287707,reported_in,Bioactivity is reported in respective document
Bioactivity,BA_001547,REPORTED_IN,Document,CHEMBL1743341,reported_in,Bioactivity is reported in respective document
Bioactivity,BA_001548,REPORTED_IN,Document,CHEMBL1201862,reported_in,Bioactivity is reported in respective document
Bioactivity,BA_001549,REPORTED_IN,Document,CHEMBL2401632,reported_in,Bioactivity is reported in respective document
Bioactivity,BA_001550,REPORTED_IN,Document,CHEMBL1201862,reported_in,Bioactivity is reported in respective document
Bioactivity,BA_001551,REPORTED_IN,Document,CHEMBL1201862,reported_in,Bioactivity is reported in respective document
Bioactivity,BA_001552,REPORTED_IN,Document,CHEMBL1201862,reported_in,Bioactivity is reported in respective document
Bioactivity,BA_001553,REPORTED_IN,Document,CHEMBL1287777,reported_in,Bioactivity is reported in respective document
Bioactivity,BA_001554,REPORTED_IN,Document,CHEMBL1938342,reported_in,Bioactivity is reported in respective document
Bioactivity,BA_001555,REPORTED_IN,Document,CHEMBL1938342,reported_in,Bioactivity is reported in respective document
Bioactivity,BA_001556,REPORTED_IN,Document,CHEMBL3758094,reported_in,Bioactivity is reported in respective document
Bioactivity,BA_001557,REPORTED_IN,Document,CHEMBL3758094,reported_in,Bioactivity is reported in respective document
Bioactivity,BA_001558,REPORTED_IN,Document,CHEMBL4138209,reported_in,Bioactivity is reported in respective document
Bioactivity,BA_001559,REPORTED_IN,Document,CHEMBL4138209,reported_in,Bioactivity is reported in respective document
Bioactivity,BA_001560,REPORTED_IN,Document,CHEMBL4699656,reported_in,Bioactivity is reported in respective document
Bioactivity,BA_001561,REPORTED_IN,Document,CHEMBL4342430,reported_in,Bioactivity is reported in respective document
Bioactivity,BA_001562,REPORTED_IN,Document,CHEMBL4342430,reported_in,Bioactivity is reported in respective document
Bioactivity,BA_001563,REPORTED_IN,Document,CHEMBL4342430,reported_in,Bioactivity is reported in respective document
Bioactivity,BA_001564,REPORTED_IN,Document,CHEMBL4706630,reported_in,Bioactivity is reported in respective document
Bioactivity,BA_001565,REPORTED_IN,Document,CHEMBL4706630,reported_in,Bioactivity is reported in respective document
Bioactivity,BA_001566,REPORTED_IN,Document,CHEMBL1201862,reported_in,Bioactivity is reported in respective document
Bioactivity,BA_001567,REPORTED_IN,Document,CHEMBL1201862,reported_in,Bioactivity is reported in respective document
Bioactivity,BA_001568,REPORTED_IN,Document,CHEMBL2331395,reported_in,Bioactivity is reported in respective document
Bioactivity,BA_001569,REPORTED_IN,Document,CHEMBL2331395,reported_in,Bioactivity is reported in respective document
Bioactivity,BA_001570,REPORTED_IN,Document,CHEMBL2331395,reported_in,Bioactivity is reported in respective document
Bioactivity,BA_001571,REPORTED_IN,Document,CHEMBL1201862,reported_in,Bioactivity is reported in respective document
Bioactivity,BA_001572,REPORTED_IN,Document,CHEMBL1201862,reported_in,Bioactivity is reported in respective document
Bioactivity,BA_001573,REPORTED_IN,Document,CHEMBL1201862,reported_in,Bioactivity is reported in respective document
Bioactivity,BA_001574,REPORTED_IN,Document,CHEMBL1201862,reported_in,Bioactivity is reported in respective document
Bioactivity,BA_001575,REPORTED_IN,Document,CHEMBL5096159,reported_in,Bioactivity is reported in respective document
Bioactivity,BA_001576,REPORTED_IN,Document,CHEMBL1141349,reported_in,Bioactivity is reported in respective document
Bioactivity,BA_001577,REPORTED_IN,Document,CHEMBL1201862,reported_in,Bioactivity is reported in respective document
Bioactivity,BA_001578,REPORTED_IN,Document,CHEMBL5096159,reported_in,Bioactivity is reported in respective document
Bioactivity,BA_001579,REPORTED_IN,Document,CHEMBL5584227,reported_in,Bioactivity is reported in respective document
Bioactivity,BA_001580,REPORTED_IN,Document,CHEMBL1201862,reported_in,Bioactivity is reported in respective document
Bioactivity,BA_001581,REPORTED_IN,Document,CHEMBL1201862,reported_in,Bioactivity is reported in respective document
Bioactivity,BA_001582,REPORTED_IN,Document,CHEMBL4330159,reported_in,Bioactivity is reported in respective document
Bioactivity,BA_001583,REPORTED_IN,Document,CHEMBL4732056,reported_in,Bioactivity is reported in respective document
Bioactivity,BA_001584,REPORTED_IN,Document,CHEMBL4033668,reported_in,Bioactivity is reported in respective document
Bioactivity,BA_001585,REPORTED_IN,Document,CHEMBL1201862,reported_in,Bioactivity is reported in respective document
Bioactivity,BA_001586,REPORTED_IN,Document,CHEMBL2311485,reported_in,Bioactivity is reported in respective document
Bioactivity,BA_001587,REPORTED_IN,Document,CHEMBL5365466,reported_in,Bioactivity is reported in respective document
Bioactivity,BA_001588,REPORTED_IN,Document,CHEMBL5500327,reported_in,Bioactivity is reported in respective document
Bioactivity,BA_001589,REPORTED_IN,Document,CHEMBL4130622,reported_in,Bioactivity is reported in respective document
Bioactivity,BA_001590,REPORTED_IN,Document,CHEMBL4706717,reported_in,Bioactivity is reported in respective document
Bioactivity,BA_001591,REPORTED_IN,Document,CHEMBL5247632,reported_in,Bioactivity is reported in respective document
Bioactivity,BA_001592,REPORTED_IN,Document,CHEMBL1201862,reported_in,Bioactivity is reported in respective document
Bioactivity,BA_001593,REPORTED_IN,Document,CHEMBL1201862,reported_in,Bioactivity is reported in respective document
Bioactivity,BA_001594,REPORTED_IN,Document,CHEMBL1201862,reported_in,Bioactivity is reported in respective document
Bioactivity,BA_001595,REPORTED_IN,Document,CHEMBL1201862,reported_in,Bioactivity is reported in respective document
Bioactivity,BA_001596,REPORTED_IN,Document,CHEMBL1201862,reported_in,Bioactivity is reported in respective document
Bioactivity,BA_001597,REPORTED_IN,Document,CHEMBL1201862,reported_in,Bioactivity is reported in respective document
Bioactivity,BA_001598,REPORTED_IN,Document,CHEMBL2401658,reported_in,Bioactivity is reported in respective document
Bioactivity,BA_001599,REPORTED_IN,Document,CHEMBL3102773,reported_in,Bioactivity is reported in respective document
Bioactivity,BA_001600,REPORTED_IN,Document,CHEMBL3102773,reported_in,Bioactivity is reported in respective document
Bioactivity,BA_001601,REPORTED_IN,Document,CHEMBL3102773,reported_in,Bioactivity is reported in respective document
Bioactivity,BA_001602,REPORTED_IN,Document,CHEMBL3102773,reported_in,Bioactivity is reported in respective document
Bioactivity,BA_001603,REPORTED_IN,Document,CHEMBL3102773,reported_in,Bioactivity is reported in respective document
Bioactivity,BA_001604,REPORTED_IN,Document,CHEMBL3102773,reported_in,Bioactivity is reported in respective document
Bioactivity,BA_001605,REPORTED_IN,Document,CHEMBL3352008,reported_in,Bioactivity is reported in respective document
Bioactivity,BA_001606,REPORTED_IN,Document,CHEMBL3352008,reported_in,Bioactivity is reported in respective document
Bioactivity,BA_001607,REPORTED_IN,Document,CHEMBL3352008,reported_in,Bioactivity is reported in respective document
Bioactivity,BA_001608,REPORTED_IN,Document,CHEMBL3352008,reported_in,Bioactivity is reported in respective document
Bioactivity,BA_001609,REPORTED_IN,Document,CHEMBL3352008,reported_in,Bioactivity is reported in respective document
Bioactivity,BA_001610,REPORTED_IN,Document,CHEMBL3352008,reported_in,Bioactivity is reported in respective document
Bioactivity,BA_001611,REPORTED_IN,Document,CHEMBL1141883,reported_in,Bioactivity is reported in respective document
Bioactivity,BA_001612,REPORTED_IN,Document,CHEMBL1138663,reported_in,Bioactivity is reported in respective document
Bioactivity,BA_001613,REPORTED_IN,Document,CHEMBL1143916,reported_in,Bioactivity is reported in respective document
Bioactivity,BA_001614,REPORTED_IN,Document,CHEMBL1158850,reported_in,Bioactivity is reported in respective document
Bioactivity,BA_001615,REPORTED_IN,Document,CHEMBL1140872,reported_in,Bioactivity is reported in respective document
Bioactivity,BA_001616,REPORTED_IN,Document,CHEMBL1140872,reported_in,Bioactivity is reported in respective document
Bioactivity,BA_001617,REPORTED_IN,Document,CHEMBL1157768,reported_in,Bioactivity is reported in respective document
Bioactivity,BA_001618,REPORTED_IN,Document,CHEMBL1221335,reported_in,Bioactivity is reported in respective document
Bioactivity,BA_001619,REPORTED_IN,Document,CHEMBL1221335,reported_in,Bioactivity is reported in respective document
Bioactivity,BA_001620,REPORTED_IN,Document,CHEMBL1221335,reported_in,Bioactivity is reported in respective document
Bioactivity,BA_001621,REPORTED_IN,Document,CHEMBL1255203,reported_in,Bioactivity is reported in respective document
Bioactivity,BA_001622,REPORTED_IN,Document,CHEMBL1255203,reported_in,Bioactivity is reported in respective document
Bioactivity,BA_001623,REPORTED_IN,Document,CHEMBL1201862,reported_in,Bioactivity is reported in respective document
Bioactivity,BA_001624,REPORTED_IN,Document,CHEMBL1201862,reported_in,Bioactivity is reported in respective document
Bioactivity,BA_001625,REPORTED_IN,Document,CHEMBL1201862,reported_in,Bioactivity is reported in respective document
Bioactivity,BA_001626,REPORTED_IN,Document,CHEMBL1201862,reported_in,Bioactivity is reported in respective document
Bioactivity,BA_001627,REPORTED_IN,Document,CHEMBL1201862,reported_in,Bioactivity is reported in respective document
Bioactivity,BA_001628,REPORTED_IN,Document,CHEMBL1201862,reported_in,Bioactivity is reported in respective document
Bioactivity,BA_001629,REPORTED_IN,Document,CHEMBL1201862,reported_in,Bioactivity is reported in respective document
Bioactivity,BA_001630,REPORTED_IN,Document,CHEMBL1667841,reported_in,Bioactivity is reported in respective document
Bioactivity,BA_001631,REPORTED_IN,Document,CHEMBL1681785,reported_in,Bioactivity is reported in respective document
Bioactivity,BA_001632,REPORTED_IN,Document,CHEMBL1681785,reported_in,Bioactivity is reported in respective document
Bioactivity,BA_001633,REPORTED_IN,Document,CHEMBL1777768,reported_in,Bioactivity is reported in respective document
Bioactivity,BA_001634,REPORTED_IN,Document,CHEMBL1777768,reported_in,Bioactivity is reported in respective document
Bioactivity,BA_001635,REPORTED_IN,Document,CHEMBL1821584,reported_in,Bioactivity is reported in respective document
Bioactivity,BA_001636,REPORTED_IN,Document,CHEMBL2010679,reported_in,Bioactivity is reported in respective document
Bioactivity,BA_001637,REPORTED_IN,Document,CHEMBL2016452,reported_in,Bioactivity is reported in respective document
Bioactivity,BA_001638,REPORTED_IN,Document,CHEMBL2016452,reported_in,Bioactivity is reported in respective document
Bioactivity,BA_001639,REPORTED_IN,Document,CHEMBL2016452,reported_in,Bioactivity is reported in respective document
Bioactivity,BA_001640,REPORTED_IN,Document,CHEMBL2016452,reported_in,Bioactivity is reported in respective document
Bioactivity,BA_001641,REPORTED_IN,Document,CHEMBL2016452,reported_in,Bioactivity is reported in respective document
Bioactivity,BA_001642,REPORTED_IN,Document,CHEMBL2016452,reported_in,Bioactivity is reported in respective document
Bioactivity,BA_001643,REPORTED_IN,Document,CHEMBL2016452,reported_in,Bioactivity is reported in respective document
Bioactivity,BA_001644,REPORTED_IN,Document,CHEMBL2016452,reported_in,Bioactivity is reported in respective document
Bioactivity,BA_001645,REPORTED_IN,Document,CHEMBL2346505,reported_in,Bioactivity is reported in respective document
Bioactivity,BA_001646,REPORTED_IN,Document,CHEMBL2346505,reported_in,Bioactivity is reported in respective document
Bioactivity,BA_001647,REPORTED_IN,Document,CHEMBL1201862,reported_in,Bioactivity is reported in respective document
Bioactivity,BA_001648,REPORTED_IN,Document,CHEMBL3132766,reported_in,Bioactivity is reported in respective document
Bioactivity,BA_001649,REPORTED_IN,Document,CHEMBL1201862,reported_in,Bioactivity is reported in respective document
Bioactivity,BA_001650,REPORTED_IN,Document,CHEMBL3621095,reported_in,Bioactivity is reported in respective document
Bioactivity,BA_001651,REPORTED_IN,Document,CHEMBL3627624,reported_in,Bioactivity is reported in respective document
Bioactivity,BA_001652,REPORTED_IN,Document,CHEMBL3627624,reported_in,Bioactivity is reported in respective document
Bioactivity,BA_001653,REPORTED_IN,Document,CHEMBL3627624,reported_in,Bioactivity is reported in respective document
Bioactivity,BA_001654,REPORTED_IN,Document,CHEMBL4033668,reported_in,Bioactivity is reported in respective document
Bioactivity,BA_001655,REPORTED_IN,Document,CHEMBL4033668,reported_in,Bioactivity is reported in respective document
Bioactivity,BA_001656,REPORTED_IN,Document,CHEMBL4433200,reported_in,Bioactivity is reported in respective document
Bioactivity,BA_001657,REPORTED_IN,Document,CHEMBL4433200,reported_in,Bioactivity is reported in respective document
Bioactivity,BA_001658,REPORTED_IN,Document,CHEMBL4808148,reported_in,Bioactivity is reported in respective document
Bioactivity,BA_001659,REPORTED_IN,Document,CHEMBL5252661,reported_in,Bioactivity is reported in respective document
Bioactivity,BA_001660,REPORTED_IN,Document,CHEMBL5375941,reported_in,Bioactivity is reported in respective document
Bioactivity,BA_001661,REPORTED_IN,Document,CHEMBL5375941,reported_in,Bioactivity is reported in respective document
Bioactivity,BA_001662,REPORTED_IN,Document,CHEMBL5390261,reported_in,Bioactivity is reported in respective document
Bioactivity,BA_001663,REPORTED_IN,Document,CHEMBL6087480,reported_in,Bioactivity is reported in respective document
Bioactivity,BA_001664,REPORTED_IN,Document,CHEMBL6087480,reported_in,Bioactivity is reported in respective document
Bioactivity,BA_001665,REPORTED_IN,Document,CHEMBL6109136,reported_in,Bioactivity is reported in respective document
Bioactivity,BA_001666,REPORTED_IN,Document,CHEMBL6114981,reported_in,Bioactivity is reported in respective document
Bioactivity,BA_001667,REPORTED_IN,Document,CHEMBL1143207,reported_in,Bioactivity is reported in respective document
Bioactivity,BA_001668,REPORTED_IN,Document,CHEMBL1144205,reported_in,Bioactivity is reported in respective document
Bioactivity,BA_001669,REPORTED_IN,Document,CHEMBL5108026,reported_in,Bioactivity is reported in respective document
Bioactivity,BA_001670,REPORTED_IN,Document,CHEMBL1142400,reported_in,Bioactivity is reported in respective document
Bioactivity,BA_001671,REPORTED_IN,Document,CHEMBL1140872,reported_in,Bioactivity is reported in respective document
Bioactivity,BA_001672,REPORTED_IN,Document,CHEMBL1157467,reported_in,Bioactivity is reported in respective document
Bioactivity,BA_001673,REPORTED_IN,Document,CHEMBL1157768,reported_in,Bioactivity is reported in respective document
Bioactivity,BA_001674,REPORTED_IN,Document,CHEMBL1221335,reported_in,Bioactivity is reported in respective document
Bioactivity,BA_001675,REPORTED_IN,Document,CHEMBL1914395,reported_in,Bioactivity is reported in respective document
Bioactivity,BA_001676,REPORTED_IN,Document,CHEMBL2429861,reported_in,Bioactivity is reported in respective document
Bioactivity,BA_001677,REPORTED_IN,Document,CHEMBL2429769,reported_in,Bioactivity is reported in respective document
Bioactivity,BA_001678,REPORTED_IN,Document,CHEMBL3627624,reported_in,Bioactivity is reported in respective document
Bioactivity,BA_001679,REPORTED_IN,Document,CHEMBL3627624,reported_in,Bioactivity is reported in respective document
Bioactivity,BA_001680,REPORTED_IN,Document,CHEMBL3826918,reported_in,Bioactivity is reported in respective document
Bioactivity,BA_001681,REPORTED_IN,Document,CHEMBL3826918,reported_in,Bioactivity is reported in respective document
Bioactivity,BA_001682,REPORTED_IN,Document,CHEMBL4229387,reported_in,Bioactivity is reported in respective document
Bioactivity,BA_001683,REPORTED_IN,Document,CHEMBL5236616,reported_in,Bioactivity is reported in respective document
Bioactivity,BA_001684,REPORTED_IN,Document,CHEMBL6114981,reported_in,Bioactivity is reported in respective document
Bioactivity,BA_001685,REPORTED_IN,Document,CHEMBL4196177,reported_in,Bioactivity is reported in respective document
Bioactivity,BA_001686,REPORTED_IN,Document,CHEMBL1201862,reported_in,Bioactivity is reported in respective document
Bioactivity,BA_001687,REPORTED_IN,Document,CHEMBL1155814,reported_in,Bioactivity is reported in respective document
Bioactivity,BA_001688,REPORTED_IN,Document,CHEMBL1201862,reported_in,Bioactivity is reported in respective document
Bioactivity,BA_001689,REPORTED_IN,Document,CHEMBL1201862,reported_in,Bioactivity is reported in respective document
Bioactivity,BA_001690,REPORTED_IN,Document,CHEMBL1201862,reported_in,Bioactivity is reported in respective document
Bioactivity,BA_001691,REPORTED_IN,Document,CHEMBL1201862,reported_in,Bioactivity is reported in respective document
Bioactivity,BA_001692,REPORTED_IN,Document,CHEMBL1201862,reported_in,Bioactivity is reported in respective document
Bioactivity,BA_001693,REPORTED_IN,Document,CHEMBL1201862,reported_in,Bioactivity is reported in respective document
Bioactivity,BA_001694,REPORTED_IN,Document,CHEMBL1201862,reported_in,Bioactivity is reported in respective document
Bioactivity,BA_001695,REPORTED_IN,Document,CHEMBL5034042,reported_in,Bioactivity is reported in respective document
Bioactivity,BA_001696,REPORTED_IN,Document,CHEMBL5149999,reported_in,Bioactivity is reported in respective document
Bioactivity,BA_001697,REPORTED_IN,Document,CHEMBL6109139,reported_in,Bioactivity is reported in respective document
Bioactivity,BA_001698,REPORTED_IN,Document,CHEMBL1681785,reported_in,Bioactivity is reported in respective document
Bioactivity,BA_001699,REPORTED_IN,Document,CHEMBL1681785,reported_in,Bioactivity is reported in respective document
Bioactivity,BA_001700,REPORTED_IN,Document,CHEMBL1221335,reported_in,Bioactivity is reported in respective document
Bioactivity,BA_001701,REPORTED_IN,Document,CHEMBL1221335,reported_in,Bioactivity is reported in respective document
Bioactivity,BA_001702,REPORTED_IN,Document,CHEMBL1221335,reported_in,Bioactivity is reported in respective document
Bioactivity,BA_001703,REPORTED_IN,Document,CHEMBL1201862,reported_in,Bioactivity is reported in respective document
Bioactivity,BA_001704,REPORTED_IN,Document,CHEMBL3132766,reported_in,Bioactivity is reported in respective document
Bioactivity,BA_001705,REPORTED_IN,Document,CHEMBL1201862,reported_in,Bioactivity is reported in respective document
Bioactivity,BA_001706,REPORTED_IN,Document,CHEMBL1201862,reported_in,Bioactivity is reported in respective document
Bioactivity,BA_001707,REPORTED_IN,Document,CHEMBL1201862,reported_in,Bioactivity is reported in respective document
Bioactivity,BA_001708,REPORTED_IN,Document,CHEMBL1201862,reported_in,Bioactivity is reported in respective document
Bioactivity,BA_001709,REPORTED_IN,Document,CHEMBL1201862,reported_in,Bioactivity is reported in respective document
Bioactivity,BA_001710,REPORTED_IN,Document,CHEMBL1201862,reported_in,Bioactivity is reported in respective document
Bioactivity,BA_001711,REPORTED_IN,Document,CHEMBL2331395,reported_in,Bioactivity is reported in respective document
Bioactivity,BA_001712,REPORTED_IN,Document,CHEMBL2331395,reported_in,Bioactivity is reported in respective document
Bioactivity,BA_001713,REPORTED_IN,Document,CHEMBL2331395,reported_in,Bioactivity is reported in respective document
Bioactivity,BA_001714,REPORTED_IN,Document,CHEMBL2331395,reported_in,Bioactivity is reported in respective document
Bioactivity,BA_001715,REPORTED_IN,Document,CHEMBL2331395,reported_in,Bioactivity is reported in respective document
Bioactivity,BA_001716,REPORTED_IN,Document,CHEMBL1201862,reported_in,Bioactivity is reported in respective document
Bioactivity,BA_001717,REPORTED_IN,Document,CHEMBL4699656,reported_in,Bioactivity is reported in respective document
Bioactivity,BA_001718,REPORTED_IN,Document,CHEMBL1201862,reported_in,Bioactivity is reported in respective document
Bioactivity,BA_001719,REPORTED_IN,Document,CHEMBL1201862,reported_in,Bioactivity is reported in respective document
Bioactivity,BA_001720,REPORTED_IN,Document,CHEMBL1201862,reported_in,Bioactivity is reported in respective document
Bioactivity,BA_001721,REPORTED_IN,Document,CHEMBL1201862,reported_in,Bioactivity is reported in respective document
Bioactivity,BA_001722,REPORTED_IN,Document,CHEMBL1201862,reported_in,Bioactivity is reported in respective document
Bioactivity,BA_001723,REPORTED_IN,Document,CHEMBL3286146,reported_in,Bioactivity is reported in respective document
Bioactivity,BA_001724,REPORTED_IN,Document,CHEMBL3286146,reported_in,Bioactivity is reported in respective document
Bioactivity,BA_001725,REPORTED_IN,Document,CHEMBL1134741,reported_in,Bioactivity is reported in respective document
Bioactivity,BA_001726,REPORTED_IN,Document,CHEMBL1140872,reported_in,Bioactivity is reported in respective document
Bioactivity,BA_001727,REPORTED_IN,Document,CHEMBL1140872,reported_in,Bioactivity is reported in respective document
Bioactivity,BA_001728,REPORTED_IN,Document,CHEMBL1201862,reported_in,Bioactivity is reported in respective document
Bioactivity,BA_001729,REPORTED_IN,Document,CHEMBL1201862,reported_in,Bioactivity is reported in respective document
Bioactivity,BA_001730,REPORTED_IN,Document,CHEMBL1201862,reported_in,Bioactivity is reported in respective document
Bioactivity,BA_001731,REPORTED_IN,Document,CHEMBL1201862,reported_in,Bioactivity is reported in respective document
Bioactivity,BA_001732,REPORTED_IN,Document,CHEMBL1201862,reported_in,Bioactivity is reported in respective document
Bioactivity,BA_001733,REPORTED_IN,Document,CHEMBL1201862,reported_in,Bioactivity is reported in respective document
Bioactivity,BA_001734,REPORTED_IN,Document,CHEMBL4732117,reported_in,Bioactivity is reported in respective document
Bioactivity,BA_001735,REPORTED_IN,Document,CHEMBL4813975,reported_in,Bioactivity is reported in respective document
Bioactivity,BA_001736,REPORTED_IN,Document,CHEMBL4813975,reported_in,Bioactivity is reported in respective document
Bioactivity,BA_001737,REPORTED_IN,Document,CHEMBL4813975,reported_in,Bioactivity is reported in respective document
Bioactivity,BA_001738,REPORTED_IN,Document,CHEMBL4813975,reported_in,Bioactivity is reported in respective document
Bioactivity,BA_001739,REPORTED_IN,Document,CHEMBL4813975,reported_in,Bioactivity is reported in respective document
Bioactivity,BA_001740,REPORTED_IN,Document,CHEMBL4813975,reported_in,Bioactivity is reported in respective document
Bioactivity,BA_001741,REPORTED_IN,Document,CHEMBL5107967,reported_in,Bioactivity is reported in respective document
Bioactivity,BA_001742,REPORTED_IN,Document,CHEMBL3351808,reported_in,Bioactivity is reported in respective document
Bioactivity,BA_001743,REPORTED_IN,Document,CHEMBL4002624,reported_in,Bioactivity is reported in respective document
Bioactivity,BA_001744,REPORTED_IN,Document,CHEMBL1134160,reported_in,Bioactivity is reported in respective document
Bioactivity,BA_001745,REPORTED_IN,Document,CHEMBL1129931,reported_in,Bioactivity is reported in respective document
Bioactivity,BA_001746,REPORTED_IN,Document,CHEMBL1132338,reported_in,Bioactivity is reported in respective document
Bioactivity,BA_001747,REPORTED_IN,Document,CHEMBL1145288,reported_in,Bioactivity is reported in respective document
Bioactivity,BA_001748,REPORTED_IN,Document,CHEMBL1139609,reported_in,Bioactivity is reported in respective document
Bioactivity,BA_001749,REPORTED_IN,Document,CHEMBL1143481,reported_in,Bioactivity is reported in respective document
Bioactivity,BA_001750,REPORTED_IN,Document,CHEMBL1148788,reported_in,Bioactivity is reported in respective document
Bioactivity,BA_001751,REPORTED_IN,Document,CHEMBL1153277,reported_in,Bioactivity is reported in respective document
Bioactivity,BA_001752,REPORTED_IN,Document,CHEMBL1153819,reported_in,Bioactivity is reported in respective document
Bioactivity,BA_001753,REPORTED_IN,Document,CHEMBL1208792,reported_in,Bioactivity is reported in respective document
Bioactivity,BA_001754,REPORTED_IN,Document,CHEMBL1255197,reported_in,Bioactivity is reported in respective document
Bioactivity,BA_001755,REPORTED_IN,Document,CHEMBL1201862,reported_in,Bioactivity is reported in respective document
Bioactivity,BA_001756,REPORTED_IN,Document,CHEMBL1201862,reported_in,Bioactivity is reported in respective document
Bioactivity,BA_001757,REPORTED_IN,Document,CHEMBL1201862,reported_in,Bioactivity is reported in respective document
Bioactivity,BA_001758,REPORTED_IN,Document,CHEMBL1201862,reported_in,Bioactivity is reported in respective document
Bioactivity,BA_001759,REPORTED_IN,Document,CHEMBL1201862,reported_in,Bioactivity is reported in respective document
Bioactivity,BA_001760,REPORTED_IN,Document,CHEMBL1201862,reported_in,Bioactivity is reported in respective document
Bioactivity,BA_001761,REPORTED_IN,Document,CHEMBL1201862,reported_in,Bioactivity is reported in respective document
Bioactivity,BA_001762,REPORTED_IN,Document,CHEMBL1201862,reported_in,Bioactivity is reported in respective document
Bioactivity,BA_001763,REPORTED_IN,Document,CHEMBL2176988,reported_in,Bioactivity is reported in respective document
Bioactivity,BA_001764,REPORTED_IN,Document,CHEMBL3045796,reported_in,Bioactivity is reported in respective document
Bioactivity,BA_001765,REPORTED_IN,Document,CHEMBL1158055,reported_in,Bioactivity is reported in respective document
Bioactivity,BA_001766,REPORTED_IN,Document,CHEMBL1151307,reported_in,Bioactivity is reported in respective document
Bioactivity,BA_001767,REPORTED_IN,Document,CHEMBL1151307,reported_in,Bioactivity is reported in respective document
Bioactivity,BA_001768,REPORTED_IN,Document,CHEMBL2321858,reported_in,Bioactivity is reported in respective document
Bioactivity,BA_001769,REPORTED_IN,Document,CHEMBL3286369,reported_in,Bioactivity is reported in respective document
Bioactivity,BA_001770,REPORTED_IN,Document,CHEMBL3286369,reported_in,Bioactivity is reported in respective document
Bioactivity,BA_001771,REPORTED_IN,Document,CHEMBL3616379,reported_in,Bioactivity is reported in respective document
Bioactivity,BA_001772,REPORTED_IN,Document,CHEMBL3616379,reported_in,Bioactivity is reported in respective document
Bioactivity,BA_001773,REPORTED_IN,Document,CHEMBL4387713,reported_in,Bioactivity is reported in respective document
Bioactivity,BA_001774,REPORTED_IN,Document,CHEMBL6109067,reported_in,Bioactivity is reported in respective document
Bioactivity,BA_001775,REPORTED_IN,Document,CHEMBL6109067,reported_in,Bioactivity is reported in respective document
Bioactivity,BA_001776,REPORTED_IN,Document,CHEMBL1127207,reported_in,Bioactivity is reported in respective document
Bioactivity,BA_001777,REPORTED_IN,Document,CHEMBL1201862,reported_in,Bioactivity is reported in respective document
Bioactivity,BA_001778,REPORTED_IN,Document,CHEMBL1201862,reported_in,Bioactivity is reported in respective document
Bioactivity,BA_001779,REPORTED_IN,Document,CHEMBL1201862,reported_in,Bioactivity is reported in respective document
Bioactivity,BA_001780,REPORTED_IN,Document,CHEMBL1201862,reported_in,Bioactivity is reported in respective document
Bioactivity,BA_001781,REPORTED_IN,Document,CHEMBL1201862,reported_in,Bioactivity is reported in respective document
Bioactivity,BA_001782,REPORTED_IN,Document,CHEMBL4033668,reported_in,Bioactivity is reported in respective document
Bioactivity,BA_001783,REPORTED_IN,Document,CHEMBL1201862,reported_in,Bioactivity is reported in respective document
Bioactivity,BA_001784,REPORTED_IN,Document,CHEMBL1201862,reported_in,Bioactivity is reported in respective document
Bioactivity,BA_001785,REPORTED_IN,Document,CHEMBL1151785,reported_in,Bioactivity is reported in respective document
Bioactivity,BA_001786,REPORTED_IN,Document,CHEMBL1134318,reported_in,Bioactivity is reported in respective document
Bioactivity,BA_001787,REPORTED_IN,Document,CHEMBL1148788,reported_in,Bioactivity is reported in respective document
Bioactivity,BA_001788,REPORTED_IN,Document,CHEMBL1148788,reported_in,Bioactivity is reported in respective document
Bioactivity,BA_001789,REPORTED_IN,Document,CHEMBL1140814,reported_in,Bioactivity is reported in respective document
Bioactivity,BA_001790,REPORTED_IN,Document,CHEMBL1140814,reported_in,Bioactivity is reported in respective document
Bioactivity,BA_001791,REPORTED_IN,Document,CHEMBL1140814,reported_in,Bioactivity is reported in respective document
Bioactivity,BA_001792,REPORTED_IN,Document,CHEMBL1140814,reported_in,Bioactivity is reported in respective document
Bioactivity,BA_001793,REPORTED_IN,Document,CHEMBL1240489,reported_in,Bioactivity is reported in respective document
Bioactivity,BA_001794,REPORTED_IN,Document,CHEMBL1240489,reported_in,Bioactivity is reported in respective document
Bioactivity,BA_001795,REPORTED_IN,Document,CHEMBL1240489,reported_in,Bioactivity is reported in respective document
Bioactivity,BA_001796,REPORTED_IN,Document,CHEMBL1240489,reported_in,Bioactivity is reported in respective document
Bioactivity,BA_001797,REPORTED_IN,Document,CHEMBL1240489,reported_in,Bioactivity is reported in respective document
Bioactivity,BA_001798,REPORTED_IN,Document,CHEMBL1828593,reported_in,Bioactivity is reported in respective document
Bioactivity,BA_001799,REPORTED_IN,Document,CHEMBL2146361,reported_in,Bioactivity is reported in respective document
Bioactivity,BA_001800,REPORTED_IN,Document,CHEMBL3414563,reported_in,Bioactivity is reported in respective document
Bioactivity,BA_001801,REPORTED_IN,Document,CHEMBL3616390,reported_in,Bioactivity is reported in respective document
Bioactivity,BA_001802,REPORTED_IN,Document,CHEMBL3616390,reported_in,Bioactivity is reported in respective document
Bioactivity,BA_001803,REPORTED_IN,Document,CHEMBL3616390,reported_in,Bioactivity is reported in respective document
Bioactivity,BA_001804,REPORTED_IN,Document,CHEMBL3616390,reported_in,Bioactivity is reported in respective document
Bioactivity,BA_001805,REPORTED_IN,Document,CHEMBL3616390,reported_in,Bioactivity is reported in respective document
Bioactivity,BA_001806,REPORTED_IN,Document,CHEMBL4024758,reported_in,Bioactivity is reported in respective document
Bioactivity,BA_001807,REPORTED_IN,Document,CHEMBL4024758,reported_in,Bioactivity is reported in respective document
Bioactivity,BA_001808,REPORTED_IN,Document,CHEMBL4024758,reported_in,Bioactivity is reported in respective document
Bioactivity,BA_001809,REPORTED_IN,Document,CHEMBL4024758,reported_in,Bioactivity is reported in respective document
Bioactivity,BA_001810,REPORTED_IN,Document,CHEMBL4024758,reported_in,Bioactivity is reported in respective document
Bioactivity,BA_001811,REPORTED_IN,Document,CHEMBL4024758,reported_in,Bioactivity is reported in respective document
Bioactivity,BA_001812,REPORTED_IN,Document,CHEMBL4024758,reported_in,Bioactivity is reported in respective document
Bioactivity,BA_001813,REPORTED_IN,Document,CHEMBL4024758,reported_in,Bioactivity is reported in respective document
Bioactivity,BA_001814,REPORTED_IN,Document,CHEMBL4024758,reported_in,Bioactivity is reported in respective document
Bioactivity,BA_001815,REPORTED_IN,Document,CHEMBL4024758,reported_in,Bioactivity is reported in respective document
Bioactivity,BA_001816,REPORTED_IN,Document,CHEMBL4024758,reported_in,Bioactivity is reported in respective document
Bioactivity,BA_001817,REPORTED_IN,Document,CHEMBL4024758,reported_in,Bioactivity is reported in respective document
Bioactivity,BA_001818,REPORTED_IN,Document,CHEMBL4024758,reported_in,Bioactivity is reported in respective document
Bioactivity,BA_001819,REPORTED_IN,Document,CHEMBL4024758,reported_in,Bioactivity is reported in respective document
Bioactivity,BA_001820,REPORTED_IN,Document,CHEMBL4024758,reported_in,Bioactivity is reported in respective document
Bioactivity,BA_001821,REPORTED_IN,Document,CHEMBL4024758,reported_in,Bioactivity is reported in respective document
Bioactivity,BA_001822,REPORTED_IN,Document,CHEMBL4024758,reported_in,Bioactivity is reported in respective document
Bioactivity,BA_001823,REPORTED_IN,Document,CHEMBL4024758,reported_in,Bioactivity is reported in respective document
Bioactivity,BA_001824,REPORTED_IN,Document,CHEMBL4024758,reported_in,Bioactivity is reported in respective document
Bioactivity,BA_001825,REPORTED_IN,Document,CHEMBL4024758,reported_in,Bioactivity is reported in respective document
Bioactivity,BA_001826,REPORTED_IN,Document,CHEMBL4024758,reported_in,Bioactivity is reported in respective document
Bioactivity,BA_001827,REPORTED_IN,Document,CHEMBL4024758,reported_in,Bioactivity is reported in respective document
Bioactivity,BA_001828,REPORTED_IN,Document,CHEMBL4024758,reported_in,Bioactivity is reported in respective document
Bioactivity,BA_001829,REPORTED_IN,Document,CHEMBL4024758,reported_in,Bioactivity is reported in respective document
Bioactivity,BA_001830,REPORTED_IN,Document,CHEMBL4304767,reported_in,Bioactivity is reported in respective document
Bioactivity,BA_001831,REPORTED_IN,Document,CHEMBL4304767,reported_in,Bioactivity is reported in respective document
Bioactivity,BA_001832,REPORTED_IN,Document,CHEMBL4316603,reported_in,Bioactivity is reported in respective document
Bioactivity,BA_001833,REPORTED_IN,Document,CHEMBL5257088,reported_in,Bioactivity is reported in respective document
Bioactivity,BA_001834,REPORTED_IN,Document,CHEMBL5257088,reported_in,Bioactivity is reported in respective document
Bioactivity,BA_001835,REPORTED_IN,Document,CHEMBL5257088,reported_in,Bioactivity is reported in respective document
Bioactivity,BA_001836,REPORTED_IN,Document,CHEMBL5257088,reported_in,Bioactivity is reported in respective document
Bioactivity,BA_001837,REPORTED_IN,Document,CHEMBL5257088,reported_in,Bioactivity is reported in respective document
Bioactivity,BA_001838,REPORTED_IN,Document,CHEMBL1145038,reported_in,Bioactivity is reported in respective document
Bioactivity,BA_001839,REPORTED_IN,Document,CHEMBL1145038,reported_in,Bioactivity is reported in respective document
Bioactivity,BA_001840,REPORTED_IN,Document,CHEMBL1145038,reported_in,Bioactivity is reported in respective document
Bioactivity,BA_001841,REPORTED_IN,Document,CHEMBL1145038,reported_in,Bioactivity is reported in respective document
Bioactivity,BA_001842,REPORTED_IN,Document,CHEMBL1145948,reported_in,Bioactivity is reported in respective document
Bioactivity,BA_001843,REPORTED_IN,Document,CHEMBL1144885,reported_in,Bioactivity is reported in respective document
Bioactivity,BA_001844,REPORTED_IN,Document,CHEMBL1144885,reported_in,Bioactivity is reported in respective document
Bioactivity,BA_001845,REPORTED_IN,Document,CHEMBL1144885,reported_in,Bioactivity is reported in respective document
Bioactivity,BA_001846,REPORTED_IN,Document,CHEMBL1144885,reported_in,Bioactivity is reported in respective document
Bioactivity,BA_001847,REPORTED_IN,Document,CHEMBL1150559,reported_in,Bioactivity is reported in respective document
Bioactivity,BA_001848,REPORTED_IN,Document,CHEMBL1145842,reported_in,Bioactivity is reported in respective document
Bioactivity,BA_001849,REPORTED_IN,Document,CHEMBL1145842,reported_in,Bioactivity is reported in respective document
Bioactivity,BA_001850,REPORTED_IN,Document,CHEMBL1145842,reported_in,Bioactivity is reported in respective document
Bioactivity,BA_001851,REPORTED_IN,Document,CHEMBL1137049,reported_in,Bioactivity is reported in respective document
Bioactivity,BA_001852,REPORTED_IN,Document,CHEMBL1146915,reported_in,Bioactivity is reported in respective document
Bioactivity,BA_001853,REPORTED_IN,Document,CHEMBL1146915,reported_in,Bioactivity is reported in respective document
Bioactivity,BA_001854,REPORTED_IN,Document,CHEMBL1146915,reported_in,Bioactivity is reported in respective document
Bioactivity,BA_001855,REPORTED_IN,Document,CHEMBL1146915,reported_in,Bioactivity is reported in respective document
Bioactivity,BA_001856,REPORTED_IN,Document,CHEMBL1144727,reported_in,Bioactivity is reported in respective document
Bioactivity,BA_001857,REPORTED_IN,Document,CHEMBL1150345,reported_in,Bioactivity is reported in respective document
Bioactivity,BA_001858,REPORTED_IN,Document,CHEMBL1152279,reported_in,Bioactivity is reported in respective document
Bioactivity,BA_001859,REPORTED_IN,Document,CHEMBL1152279,reported_in,Bioactivity is reported in respective document
Bioactivity,BA_001860,REPORTED_IN,Document,CHEMBL1152279,reported_in,Bioactivity is reported in respective document
Bioactivity,BA_001861,REPORTED_IN,Document,CHEMBL1152279,reported_in,Bioactivity is reported in respective document
Bioactivity,BA_001862,REPORTED_IN,Document,CHEMBL1153419,reported_in,Bioactivity is reported in respective document
Bioactivity,BA_001863,REPORTED_IN,Document,CHEMBL1153419,reported_in,Bioactivity is reported in respective document
Bioactivity,BA_001864,REPORTED_IN,Document,CHEMBL1153419,reported_in,Bioactivity is reported in respective document
Bioactivity,BA_001865,REPORTED_IN,Document,CHEMBL1153419,reported_in,Bioactivity is reported in respective document
Bioactivity,BA_001866,REPORTED_IN,Document,CHEMBL1152622,reported_in,Bioactivity is reported in respective document
Bioactivity,BA_001867,REPORTED_IN,Document,CHEMBL1152622,reported_in,Bioactivity is reported in respective document
Bioactivity,BA_001868,REPORTED_IN,Document,CHEMBL1157755,reported_in,Bioactivity is reported in respective document
Bioactivity,BA_001869,REPORTED_IN,Document,CHEMBL1157755,reported_in,Bioactivity is reported in respective document
Bioactivity,BA_001870,REPORTED_IN,Document,CHEMBL1157755,reported_in,Bioactivity is reported in respective document
Bioactivity,BA_001871,REPORTED_IN,Document,CHEMBL1158577,reported_in,Bioactivity is reported in respective document
Bioactivity,BA_001872,REPORTED_IN,Document,CHEMBL1158577,reported_in,Bioactivity is reported in respective document
Bioactivity,BA_001873,REPORTED_IN,Document,CHEMBL1155499,reported_in,Bioactivity is reported in respective document
Bioactivity,BA_001874,REPORTED_IN,Document,CHEMBL1201862,reported_in,Bioactivity is reported in respective document
Bioactivity,BA_001875,REPORTED_IN,Document,CHEMBL1629428,reported_in,Bioactivity is reported in respective document
Bioactivity,BA_001876,REPORTED_IN,Document,CHEMBL1629428,reported_in,Bioactivity is reported in respective document
Bioactivity,BA_001877,REPORTED_IN,Document,CHEMBL1629428,reported_in,Bioactivity is reported in respective document
Bioactivity,BA_001878,REPORTED_IN,Document,CHEMBL1629428,reported_in,Bioactivity is reported in respective document
Bioactivity,BA_001879,REPORTED_IN,Document,CHEMBL1629428,reported_in,Bioactivity is reported in respective document
Bioactivity,BA_001880,REPORTED_IN,Document,CHEMBL1629428,reported_in,Bioactivity is reported in respective document
Bioactivity,BA_001881,REPORTED_IN,Document,CHEMBL1629428,reported_in,Bioactivity is reported in respective document
Bioactivity,BA_001882,REPORTED_IN,Document,CHEMBL1687932,reported_in,Bioactivity is reported in respective document
Bioactivity,BA_001883,REPORTED_IN,Document,CHEMBL1687932,reported_in,Bioactivity is reported in respective document
Bioactivity,BA_001884,REPORTED_IN,Document,CHEMBL1687932,reported_in,Bioactivity is reported in respective document
Bioactivity,BA_001885,REPORTED_IN,Document,CHEMBL1201862,reported_in,Bioactivity is reported in respective document
Bioactivity,BA_001886,REPORTED_IN,Document,CHEMBL1921707,reported_in,Bioactivity is reported in respective document
Bioactivity,BA_001887,REPORTED_IN,Document,CHEMBL1921707,reported_in,Bioactivity is reported in respective document
Bioactivity,BA_001888,REPORTED_IN,Document,CHEMBL1933038,reported_in,Bioactivity is reported in respective document
Bioactivity,BA_001889,REPORTED_IN,Document,CHEMBL3132790,reported_in,Bioactivity is reported in respective document
Bioactivity,BA_001890,REPORTED_IN,Document,CHEMBL3217456,reported_in,Bioactivity is reported in respective document
Bioactivity,BA_001891,REPORTED_IN,Document,CHEMBL1201862,reported_in,Bioactivity is reported in respective document
Bioactivity,BA_001892,REPORTED_IN,Document,CHEMBL3621061,reported_in,Bioactivity is reported in respective document
Bioactivity,BA_001893,REPORTED_IN,Document,CHEMBL3621061,reported_in,Bioactivity is reported in respective document
Bioactivity,BA_001894,REPORTED_IN,Document,CHEMBL3621061,reported_in,Bioactivity is reported in respective document
Bioactivity,BA_001895,REPORTED_IN,Document,CHEMBL3621061,reported_in,Bioactivity is reported in respective document
Bioactivity,BA_001896,REPORTED_IN,Document,CHEMBL3621061,reported_in,Bioactivity is reported in respective document
Bioactivity,BA_001897,REPORTED_IN,Document,CHEMBL3751732,reported_in,Bioactivity is reported in respective document
Bioactivity,BA_001898,REPORTED_IN,Document,CHEMBL3804756,reported_in,Bioactivity is reported in respective document
Bioactivity,BA_001899,REPORTED_IN,Document,CHEMBL3804756,reported_in,Bioactivity is reported in respective document
Bioactivity,BA_001900,REPORTED_IN,Document,CHEMBL3804756,reported_in,Bioactivity is reported in respective document
Bioactivity,BA_001901,REPORTED_IN,Document,CHEMBL3862009,reported_in,Bioactivity is reported in respective document
Bioactivity,BA_001902,REPORTED_IN,Document,CHEMBL3862009,reported_in,Bioactivity is reported in respective document
Bioactivity,BA_001903,REPORTED_IN,Document,CHEMBL4334488,reported_in,Bioactivity is reported in respective document
Bioactivity,BA_001904,REPORTED_IN,Document,CHEMBL4334488,reported_in,Bioactivity is reported in respective document
Bioactivity,BA_001905,REPORTED_IN,Document,CHEMBL4334488,reported_in,Bioactivity is reported in respective document
Bioactivity,BA_001906,REPORTED_IN,Document,CHEMBL4334488,reported_in,Bioactivity is reported in respective document
Bioactivity,BA_001907,REPORTED_IN,Document,CHEMBL4354817,reported_in,Bioactivity is reported in respective document
Bioactivity,BA_001908,REPORTED_IN,Document,CHEMBL4354817,reported_in,Bioactivity is reported in respective document
Bioactivity,BA_001909,REPORTED_IN,Document,CHEMBL4354817,reported_in,Bioactivity is reported in respective document
Bioactivity,BA_001910,REPORTED_IN,Document,CHEMBL4619810,reported_in,Bioactivity is reported in respective document
Bioactivity,BA_001911,REPORTED_IN,Document,CHEMBL4619810,reported_in,Bioactivity is reported in respective document
Bioactivity,BA_001912,REPORTED_IN,Document,CHEMBL4680206,reported_in,Bioactivity is reported in respective document
Bioactivity,BA_001913,REPORTED_IN,Document,CHEMBL4680206,reported_in,Bioactivity is reported in respective document
Bioactivity,BA_001914,REPORTED_IN,Document,CHEMBL4680312,reported_in,Bioactivity is reported in respective document
Bioactivity,BA_001915,REPORTED_IN,Document,CHEMBL4680312,reported_in,Bioactivity is reported in respective document
Bioactivity,BA_001916,REPORTED_IN,Document,CHEMBL4813951,reported_in,Bioactivity is reported in respective document
Bioactivity,BA_001917,REPORTED_IN,Document,CHEMBL4813951,reported_in,Bioactivity is reported in respective document
Bioactivity,BA_001918,REPORTED_IN,Document,CHEMBL4813951,reported_in,Bioactivity is reported in respective document
Bioactivity,BA_001919,REPORTED_IN,Document,CHEMBL4813951,reported_in,Bioactivity is reported in respective document
Bioactivity,BA_001920,REPORTED_IN,Document,CHEMBL4813951,reported_in,Bioactivity is reported in respective document
Bioactivity,BA_001921,REPORTED_IN,Document,CHEMBL4813951,reported_in,Bioactivity is reported in respective document
Bioactivity,BA_001922,REPORTED_IN,Document,CHEMBL5053495,reported_in,Bioactivity is reported in respective document
Bioactivity,BA_001923,REPORTED_IN,Document,CHEMBL5053495,reported_in,Bioactivity is reported in respective document
Bioactivity,BA_001924,REPORTED_IN,Document,CHEMBL5053521,reported_in,Bioactivity is reported in respective document
Bioactivity,BA_001925,REPORTED_IN,Document,CHEMBL5053521,reported_in,Bioactivity is reported in respective document
Bioactivity,BA_001926,REPORTED_IN,Document,CHEMBL5053521,reported_in,Bioactivity is reported in respective document
Bioactivity,BA_001927,REPORTED_IN,Document,CHEMBL5149991,reported_in,Bioactivity is reported in respective document
Bioactivity,BA_001928,REPORTED_IN,Document,CHEMBL5149991,reported_in,Bioactivity is reported in respective document
Bioactivity,BA_001929,REPORTED_IN,Document,CHEMBL5149991,reported_in,Bioactivity is reported in respective document
Bioactivity,BA_001930,REPORTED_IN,Document,CHEMBL5149991,reported_in,Bioactivity is reported in respective document
Bioactivity,BA_001931,REPORTED_IN,Document,CHEMBL5390287,reported_in,Bioactivity is reported in respective document
Bioactivity,BA_001932,REPORTED_IN,Document,CHEMBL5390287,reported_in,Bioactivity is reported in respective document
Bioactivity,BA_001933,REPORTED_IN,Document,CHEMBL5390287,reported_in,Bioactivity is reported in respective document
Bioactivity,BA_001934,REPORTED_IN,Document,CHEMBL1145819,reported_in,Bioactivity is reported in respective document
Bioactivity,BA_001935,REPORTED_IN,Document,CHEMBL1145819,reported_in,Bioactivity is reported in respective document
Bioactivity,BA_001936,REPORTED_IN,Document,CHEMBL1145819,reported_in,Bioactivity is reported in respective document
Bioactivity,BA_001937,REPORTED_IN,Document,CHEMBL1145819,reported_in,Bioactivity is reported in respective document
Bioactivity,BA_001938,REPORTED_IN,Document,CHEMBL1145819,reported_in,Bioactivity is reported in respective document
Bioactivity,BA_001939,REPORTED_IN,Document,CHEMBL1132775,reported_in,Bioactivity is reported in respective document
Bioactivity,BA_001940,REPORTED_IN,Document,CHEMBL1123653,reported_in,Bioactivity is reported in respective document
Bioactivity,BA_001941,REPORTED_IN,Document,CHEMBL1148243,reported_in,Bioactivity is reported in respective document
Bioactivity,BA_001942,REPORTED_IN,Document,CHEMBL1148243,reported_in,Bioactivity is reported in respective document
Bioactivity,BA_001943,REPORTED_IN,Document,CHEMBL1148243,reported_in,Bioactivity is reported in respective document
Bioactivity,BA_001944,REPORTED_IN,Document,CHEMBL1148243,reported_in,Bioactivity is reported in respective document
Bioactivity,BA_001945,REPORTED_IN,Document,CHEMBL1148243,reported_in,Bioactivity is reported in respective document
Bioactivity,BA_001946,REPORTED_IN,Document,CHEMBL1148243,reported_in,Bioactivity is reported in respective document
Bioactivity,BA_001947,REPORTED_IN,Document,CHEMBL1124862,reported_in,Bioactivity is reported in respective document
Bioactivity,BA_001948,REPORTED_IN,Document,CHEMBL1124862,reported_in,Bioactivity is reported in respective document
Bioactivity,BA_001949,REPORTED_IN,Document,CHEMBL1124862,reported_in,Bioactivity is reported in respective document
Bioactivity,BA_001950,REPORTED_IN,Document,CHEMBL1127443,reported_in,Bioactivity is reported in respective document
Bioactivity,BA_001951,REPORTED_IN,Document,CHEMBL1127443,reported_in,Bioactivity is reported in respective document
Bioactivity,BA_001952,REPORTED_IN,Document,CHEMBL1127443,reported_in,Bioactivity is reported in respective document
Bioactivity,BA_001953,REPORTED_IN,Document,CHEMBL1127443,reported_in,Bioactivity is reported in respective document
Bioactivity,BA_001954,REPORTED_IN,Document,CHEMBL1128546,reported_in,Bioactivity is reported in respective document
Bioactivity,BA_001955,REPORTED_IN,Document,CHEMBL1128546,reported_in,Bioactivity is reported in respective document
Bioactivity,BA_001956,REPORTED_IN,Document,CHEMBL1128546,reported_in,Bioactivity is reported in respective document
Bioactivity,BA_001957,REPORTED_IN,Document,CHEMBL1133711,reported_in,Bioactivity is reported in respective document
Bioactivity,BA_001958,REPORTED_IN,Document,CHEMBL1129591,reported_in,Bioactivity is reported in respective document
Bioactivity,BA_001959,REPORTED_IN,Document,CHEMBL1129591,reported_in,Bioactivity is reported in respective document
Bioactivity,BA_001960,REPORTED_IN,Document,CHEMBL1129591,reported_in,Bioactivity is reported in respective document
Bioactivity,BA_001961,REPORTED_IN,Document,CHEMBL1129591,reported_in,Bioactivity is reported in respective document
Bioactivity,BA_001962,REPORTED_IN,Document,CHEMBL1124409,reported_in,Bioactivity is reported in respective document
Bioactivity,BA_001963,REPORTED_IN,Document,CHEMBL1124409,reported_in,Bioactivity is reported in respective document
Bioactivity,BA_001964,REPORTED_IN,Document,CHEMBL1124409,reported_in,Bioactivity is reported in respective document
Bioactivity,BA_001965,REPORTED_IN,Document,CHEMBL1124409,reported_in,Bioactivity is reported in respective document
Bioactivity,BA_001966,REPORTED_IN,Document,CHEMBL1124409,reported_in,Bioactivity is reported in respective document
Bioactivity,BA_001967,REPORTED_IN,Document,CHEMBL1129297,reported_in,Bioactivity is reported in respective document
Bioactivity,BA_001968,REPORTED_IN,Document,CHEMBL1129489,reported_in,Bioactivity is reported in respective document
Bioactivity,BA_001969,REPORTED_IN,Document,CHEMBL1145901,reported_in,Bioactivity is reported in respective document
Bioactivity,BA_001970,REPORTED_IN,Document,CHEMBL1145901,reported_in,Bioactivity is reported in respective document
Bioactivity,BA_001971,REPORTED_IN,Document,CHEMBL1145901,reported_in,Bioactivity is reported in respective document
Bioactivity,BA_001972,REPORTED_IN,Document,CHEMBL1145901,reported_in,Bioactivity is reported in respective document
Bioactivity,BA_001973,REPORTED_IN,Document,CHEMBL1145901,reported_in,Bioactivity is reported in respective document
Bioactivity,BA_001974,REPORTED_IN,Document,CHEMBL1145901,reported_in,Bioactivity is reported in respective document
Bioactivity,BA_001975,REPORTED_IN,Document,CHEMBL1145901,reported_in,Bioactivity is reported in respective document
Bioactivity,BA_001976,REPORTED_IN,Document,CHEMBL1145094,reported_in,Bioactivity is reported in respective document
Bioactivity,BA_001977,REPORTED_IN,Document,CHEMBL1145094,reported_in,Bioactivity is reported in respective document
Bioactivity,BA_001978,REPORTED_IN,Document,CHEMBL1145094,reported_in,Bioactivity is reported in respective document
Bioactivity,BA_001979,REPORTED_IN,Document,CHEMBL1145094,reported_in,Bioactivity is reported in respective document
Bioactivity,BA_001980,REPORTED_IN,Document,CHEMBL1145094,reported_in,Bioactivity is reported in respective document
Bioactivity,BA_001981,REPORTED_IN,Document,CHEMBL1122967,reported_in,Bioactivity is reported in respective document
Bioactivity,BA_001982,REPORTED_IN,Document,CHEMBL1132575,reported_in,Bioactivity is reported in respective document
Bioactivity,BA_001983,REPORTED_IN,Document,CHEMBL1128049,reported_in,Bioactivity is reported in respective document
Bioactivity,BA_001984,REPORTED_IN,Document,CHEMBL1131387,reported_in,Bioactivity is reported in respective document
Bioactivity,BA_001985,REPORTED_IN,Document,CHEMBL1145068,reported_in,Bioactivity is reported in respective document
Bioactivity,BA_001986,REPORTED_IN,Document,CHEMBL1124834,reported_in,Bioactivity is reported in respective document
Bioactivity,BA_001987,REPORTED_IN,Document,CHEMBL1124834,reported_in,Bioactivity is reported in respective document
Bioactivity,BA_001988,REPORTED_IN,Document,CHEMBL1134277,reported_in,Bioactivity is reported in respective document
Bioactivity,BA_001989,REPORTED_IN,Document,CHEMBL1126097,reported_in,Bioactivity is reported in respective document
Bioactivity,BA_001990,REPORTED_IN,Document,CHEMBL1126097,reported_in,Bioactivity is reported in respective document
Bioactivity,BA_001991,REPORTED_IN,Document,CHEMBL1126097,reported_in,Bioactivity is reported in respective document
Bioactivity,BA_001992,REPORTED_IN,Document,CHEMBL1145103,reported_in,Bioactivity is reported in respective document
Bioactivity,BA_001993,REPORTED_IN,Document,CHEMBL1137194,reported_in,Bioactivity is reported in respective document
Bioactivity,BA_001994,REPORTED_IN,Document,CHEMBL1140374,reported_in,Bioactivity is reported in respective document
Bioactivity,BA_001995,REPORTED_IN,Document,CHEMBL1148600,reported_in,Bioactivity is reported in respective document
Bioactivity,BA_001996,REPORTED_IN,Document,CHEMBL1148600,reported_in,Bioactivity is reported in respective document
Bioactivity,BA_001997,REPORTED_IN,Document,CHEMBL1146943,reported_in,Bioactivity is reported in respective document
Bioactivity,BA_001998,REPORTED_IN,Document,CHEMBL1148788,reported_in,Bioactivity is reported in respective document
Bioactivity,BA_001999,REPORTED_IN,Document,CHEMBL1148788,reported_in,Bioactivity is reported in respective document
Bioactivity,BA_002000,REPORTED_IN,Document,CHEMBL1148798,reported_in,Bioactivity is reported in respective document
Bioactivity,BA_002001,REPORTED_IN,Document,CHEMBL1140712,reported_in,Bioactivity is reported in respective document
Bioactivity,BA_002002,REPORTED_IN,Document,CHEMBL1140712,reported_in,Bioactivity is reported in respective document
Bioactivity,BA_002003,REPORTED_IN,Document,CHEMBL1140712,reported_in,Bioactivity is reported in respective document
Bioactivity,BA_002004,REPORTED_IN,Document,CHEMBL1143993,reported_in,Bioactivity is reported in respective document
Bioactivity,BA_002005,REPORTED_IN,Document,CHEMBL1143993,reported_in,Bioactivity is reported in respective document
Bioactivity,BA_002006,REPORTED_IN,Document,CHEMBL1143993,reported_in,Bioactivity is reported in respective document
Bioactivity,BA_002007,REPORTED_IN,Document,CHEMBL1147087,reported_in,Bioactivity is reported in respective document
Bioactivity,BA_002008,REPORTED_IN,Document,CHEMBL1153382,reported_in,Bioactivity is reported in respective document
Bioactivity,BA_002009,REPORTED_IN,Document,CHEMBL1153382,reported_in,Bioactivity is reported in respective document
Bioactivity,BA_002010,REPORTED_IN,Document,CHEMBL1153382,reported_in,Bioactivity is reported in respective document
Bioactivity,BA_002011,REPORTED_IN,Document,CHEMBL1150367,reported_in,Bioactivity is reported in respective document
Bioactivity,BA_002012,REPORTED_IN,Document,CHEMBL1150367,reported_in,Bioactivity is reported in respective document
Bioactivity,BA_002013,REPORTED_IN,Document,CHEMBL1150367,reported_in,Bioactivity is reported in respective document
Bioactivity,BA_002014,REPORTED_IN,Document,CHEMBL1150367,reported_in,Bioactivity is reported in respective document
Bioactivity,BA_002015,REPORTED_IN,Document,CHEMBL1150432,reported_in,Bioactivity is reported in respective document
Bioactivity,BA_002016,REPORTED_IN,Document,CHEMBL1150432,reported_in,Bioactivity is reported in respective document
Bioactivity,BA_002017,REPORTED_IN,Document,CHEMBL1150291,reported_in,Bioactivity is reported in respective document
Bioactivity,BA_002018,REPORTED_IN,Document,CHEMBL1150291,reported_in,Bioactivity is reported in respective document
Bioactivity,BA_002019,REPORTED_IN,Document,CHEMBL1140203,reported_in,Bioactivity is reported in respective document
Bioactivity,BA_002020,REPORTED_IN,Document,CHEMBL1140203,reported_in,Bioactivity is reported in respective document
Bioactivity,BA_002021,REPORTED_IN,Document,CHEMBL1140203,reported_in,Bioactivity is reported in respective document
Bioactivity,BA_002022,REPORTED_IN,Document,CHEMBL1140203,reported_in,Bioactivity is reported in respective document
Bioactivity,BA_002023,REPORTED_IN,Document,CHEMBL1140203,reported_in,Bioactivity is reported in respective document
Bioactivity,BA_002024,REPORTED_IN,Document,CHEMBL1140203,reported_in,Bioactivity is reported in respective document
Bioactivity,BA_002025,REPORTED_IN,Document,CHEMBL1140203,reported_in,Bioactivity is reported in respective document
Bioactivity,BA_002026,REPORTED_IN,Document,CHEMBL1140203,reported_in,Bioactivity is reported in respective document
Bioactivity,BA_002027,REPORTED_IN,Document,CHEMBL1153441,reported_in,Bioactivity is reported in respective document
Bioactivity,BA_002028,REPORTED_IN,Document,CHEMBL1153823,reported_in,Bioactivity is reported in respective document
Bioactivity,BA_002029,REPORTED_IN,Document,CHEMBL1153823,reported_in,Bioactivity is reported in respective document
Bioactivity,BA_002030,REPORTED_IN,Document,CHEMBL1159364,reported_in,Bioactivity is reported in respective document
Bioactivity,BA_002031,REPORTED_IN,Document,CHEMBL1148114,reported_in,Bioactivity is reported in respective document
Bioactivity,BA_002032,REPORTED_IN,Document,CHEMBL1148114,reported_in,Bioactivity is reported in respective document
Bioactivity,BA_002033,REPORTED_IN,Document,CHEMBL1158075,reported_in,Bioactivity is reported in respective document
Bioactivity,BA_002034,REPORTED_IN,Document,CHEMBL1158075,reported_in,Bioactivity is reported in respective document
Bioactivity,BA_002035,REPORTED_IN,Document,CHEMBL1158075,reported_in,Bioactivity is reported in respective document
Bioactivity,BA_002036,REPORTED_IN,Document,CHEMBL1155111,reported_in,Bioactivity is reported in respective document
Bioactivity,BA_002037,REPORTED_IN,Document,CHEMBL1155111,reported_in,Bioactivity is reported in respective document
Bioactivity,BA_002038,REPORTED_IN,Document,CHEMBL1155111,reported_in,Bioactivity is reported in respective document
Bioactivity,BA_002039,REPORTED_IN,Document,CHEMBL1155111,reported_in,Bioactivity is reported in respective document
Bioactivity,BA_002040,REPORTED_IN,Document,CHEMBL1152899,reported_in,Bioactivity is reported in respective document
Bioactivity,BA_002041,REPORTED_IN,Document,CHEMBL1152899,reported_in,Bioactivity is reported in respective document
Bioactivity,BA_002042,REPORTED_IN,Document,CHEMBL1154108,reported_in,Bioactivity is reported in respective document
Bioactivity,BA_002043,REPORTED_IN,Document,CHEMBL1155340,reported_in,Bioactivity is reported in respective document
Bioactivity,BA_002044,REPORTED_IN,Document,CHEMBL1155340,reported_in,Bioactivity is reported in respective document
Bioactivity,BA_002045,REPORTED_IN,Document,CHEMBL1159064,reported_in,Bioactivity is reported in respective document
Bioactivity,BA_002046,REPORTED_IN,Document,CHEMBL1157614,reported_in,Bioactivity is reported in respective document
Bioactivity,BA_002047,REPORTED_IN,Document,CHEMBL1157931,reported_in,Bioactivity is reported in respective document
Bioactivity,BA_002048,REPORTED_IN,Document,CHEMBL1641372,reported_in,Bioactivity is reported in respective document
Bioactivity,BA_002049,REPORTED_IN,Document,CHEMBL1641372,reported_in,Bioactivity is reported in respective document
Bioactivity,BA_002050,REPORTED_IN,Document,CHEMBL1811872,reported_in,Bioactivity is reported in respective document
Bioactivity,BA_002051,REPORTED_IN,Document,CHEMBL1811872,reported_in,Bioactivity is reported in respective document
Bioactivity,BA_002052,REPORTED_IN,Document,CHEMBL1811872,reported_in,Bioactivity is reported in respective document
Bioactivity,BA_002053,REPORTED_IN,Document,CHEMBL1811872,reported_in,Bioactivity is reported in respective document
Bioactivity,BA_002054,REPORTED_IN,Document,CHEMBL1201862,reported_in,Bioactivity is reported in respective document
Bioactivity,BA_002055,REPORTED_IN,Document,CHEMBL2010681,reported_in,Bioactivity is reported in respective document
Bioactivity,BA_002056,REPORTED_IN,Document,CHEMBL2010681,reported_in,Bioactivity is reported in respective document
Bioactivity,BA_002057,REPORTED_IN,Document,CHEMBL2010681,reported_in,Bioactivity is reported in respective document
Bioactivity,BA_002058,REPORTED_IN,Document,CHEMBL2021856,reported_in,Bioactivity is reported in respective document
Bioactivity,BA_002059,REPORTED_IN,Document,CHEMBL2021856,reported_in,Bioactivity is reported in respective document
Bioactivity,BA_002060,REPORTED_IN,Document,CHEMBL2057072,reported_in,Bioactivity is reported in respective document
Bioactivity,BA_002061,REPORTED_IN,Document,CHEMBL3045250,reported_in,Bioactivity is reported in respective document
Bioactivity,BA_002062,REPORTED_IN,Document,CHEMBL2331121,reported_in,Bioactivity is reported in respective document
Bioactivity,BA_002063,REPORTED_IN,Document,CHEMBL2331121,reported_in,Bioactivity is reported in respective document
Bioactivity,BA_002064,REPORTED_IN,Document,CHEMBL2331121,reported_in,Bioactivity is reported in respective document
Bioactivity,BA_002065,REPORTED_IN,Document,CHEMBL2331121,reported_in,Bioactivity is reported in respective document
Bioactivity,BA_002066,REPORTED_IN,Document,CHEMBL2331121,reported_in,Bioactivity is reported in respective document
Bioactivity,BA_002067,REPORTED_IN,Document,CHEMBL2331121,reported_in,Bioactivity is reported in respective document
Bioactivity,BA_002068,REPORTED_IN,Document,CHEMBL2331121,reported_in,Bioactivity is reported in respective document
Bioactivity,BA_002069,REPORTED_IN,Document,CHEMBL2331121,reported_in,Bioactivity is reported in respective document
Bioactivity,BA_002070,REPORTED_IN,Document,CHEMBL2331121,reported_in,Bioactivity is reported in respective document
Bioactivity,BA_002071,REPORTED_IN,Document,CHEMBL2331121,reported_in,Bioactivity is reported in respective document
Bioactivity,BA_002072,REPORTED_IN,Document,CHEMBL2331121,reported_in,Bioactivity is reported in respective document
Bioactivity,BA_002073,REPORTED_IN,Document,CHEMBL2331343,reported_in,Bioactivity is reported in respective document
Bioactivity,BA_002074,REPORTED_IN,Document,CHEMBL2331343,reported_in,Bioactivity is reported in respective document
Bioactivity,BA_002075,REPORTED_IN,Document,CHEMBL2385071,reported_in,Bioactivity is reported in respective document
Bioactivity,BA_002076,REPORTED_IN,Document,CHEMBL2385071,reported_in,Bioactivity is reported in respective document
Bioactivity,BA_002077,REPORTED_IN,Document,CHEMBL2390840,reported_in,Bioactivity is reported in respective document
Bioactivity,BA_002078,REPORTED_IN,Document,CHEMBL2390840,reported_in,Bioactivity is reported in respective document
Bioactivity,BA_002079,REPORTED_IN,Document,CHEMBL2390840,reported_in,Bioactivity is reported in respective document
Bioactivity,BA_002080,REPORTED_IN,Document,CHEMBL2390840,reported_in,Bioactivity is reported in respective document
Bioactivity,BA_002081,REPORTED_IN,Document,CHEMBL2390840,reported_in,Bioactivity is reported in respective document
Bioactivity,BA_002082,REPORTED_IN,Document,CHEMBL2390840,reported_in,Bioactivity is reported in respective document
Bioactivity,BA_002083,REPORTED_IN,Document,CHEMBL2390917,reported_in,Bioactivity is reported in respective document
Bioactivity,BA_002084,REPORTED_IN,Document,CHEMBL2390917,reported_in,Bioactivity is reported in respective document
Bioactivity,BA_002085,REPORTED_IN,Document,CHEMBL2390917,reported_in,Bioactivity is reported in respective document
Bioactivity,BA_002086,REPORTED_IN,Document,CHEMBL2390917,reported_in,Bioactivity is reported in respective document
Bioactivity,BA_002087,REPORTED_IN,Document,CHEMBL2390830,reported_in,Bioactivity is reported in respective document
Bioactivity,BA_002088,REPORTED_IN,Document,CHEMBL2390830,reported_in,Bioactivity is reported in respective document
Bioactivity,BA_002089,REPORTED_IN,Document,CHEMBL2390830,reported_in,Bioactivity is reported in respective document
Bioactivity,BA_002090,REPORTED_IN,Document,CHEMBL2390830,reported_in,Bioactivity is reported in respective document
Bioactivity,BA_002091,REPORTED_IN,Document,CHEMBL2390830,reported_in,Bioactivity is reported in respective document
Bioactivity,BA_002092,REPORTED_IN,Document,CHEMBL2390830,reported_in,Bioactivity is reported in respective document
Bioactivity,BA_002093,REPORTED_IN,Document,CHEMBL2390830,reported_in,Bioactivity is reported in respective document
Bioactivity,BA_002094,REPORTED_IN,Document,CHEMBL2434886,reported_in,Bioactivity is reported in respective document
Bioactivity,BA_002095,REPORTED_IN,Document,CHEMBL3102773,reported_in,Bioactivity is reported in respective document
Bioactivity,BA_002096,REPORTED_IN,Document,CHEMBL3102773,reported_in,Bioactivity is reported in respective document
Bioactivity,BA_002097,REPORTED_IN,Document,CHEMBL3124907,reported_in,Bioactivity is reported in respective document
Bioactivity,BA_002098,REPORTED_IN,Document,CHEMBL1201862,reported_in,Bioactivity is reported in respective document
Bioactivity,BA_002099,REPORTED_IN,Document,CHEMBL3259775,reported_in,Bioactivity is reported in respective document
Bioactivity,BA_002100,REPORTED_IN,Document,CHEMBL3286108,reported_in,Bioactivity is reported in respective document
Bioactivity,BA_002101,REPORTED_IN,Document,CHEMBL3286108,reported_in,Bioactivity is reported in respective document
Bioactivity,BA_002102,REPORTED_IN,Document,CHEMBL3351619,reported_in,Bioactivity is reported in respective document
Bioactivity,BA_002103,REPORTED_IN,Document,CHEMBL3351714,reported_in,Bioactivity is reported in respective document
Bioactivity,BA_002104,REPORTED_IN,Document,CHEMBL3351620,reported_in,Bioactivity is reported in respective document
Bioactivity,BA_002105,REPORTED_IN,Document,CHEMBL3351620,reported_in,Bioactivity is reported in respective document
Bioactivity,BA_002106,REPORTED_IN,Document,CHEMBL3414471,reported_in,Bioactivity is reported in respective document
Bioactivity,BA_002107,REPORTED_IN,Document,CHEMBL3414471,reported_in,Bioactivity is reported in respective document
Bioactivity,BA_002108,REPORTED_IN,Document,CHEMBL3414471,reported_in,Bioactivity is reported in respective document
Bioactivity,BA_002109,REPORTED_IN,Document,CHEMBL3588775,reported_in,Bioactivity is reported in respective document
Bioactivity,BA_002110,REPORTED_IN,Document,CHEMBL3588775,reported_in,Bioactivity is reported in respective document
Bioactivity,BA_002111,REPORTED_IN,Document,CHEMBL3593225,reported_in,Bioactivity is reported in respective document
Bioactivity,BA_002112,REPORTED_IN,Document,CHEMBL3593225,reported_in,Bioactivity is reported in respective document
Bioactivity,BA_002113,REPORTED_IN,Document,CHEMBL3774372,reported_in,Bioactivity is reported in respective document
Bioactivity,BA_002114,REPORTED_IN,Document,CHEMBL3774372,reported_in,Bioactivity is reported in respective document
Bioactivity,BA_002115,REPORTED_IN,Document,CHEMBL3870307,reported_in,Bioactivity is reported in respective document
Bioactivity,BA_002116,REPORTED_IN,Document,CHEMBL3870307,reported_in,Bioactivity is reported in respective document
Bioactivity,BA_002117,REPORTED_IN,Document,CHEMBL3870307,reported_in,Bioactivity is reported in respective document
Bioactivity,BA_002118,REPORTED_IN,Document,CHEMBL3872208,reported_in,Bioactivity is reported in respective document
Bioactivity,BA_002119,REPORTED_IN,Document,CHEMBL3872208,reported_in,Bioactivity is reported in respective document
Bioactivity,BA_002120,REPORTED_IN,Document,CHEMBL3880399,reported_in,Bioactivity is reported in respective document
Bioactivity,BA_002121,REPORTED_IN,Document,CHEMBL3880399,reported_in,Bioactivity is reported in respective document
Bioactivity,BA_002122,REPORTED_IN,Document,CHEMBL4000185,reported_in,Bioactivity is reported in respective document
Bioactivity,BA_002123,REPORTED_IN,Document,CHEMBL4000185,reported_in,Bioactivity is reported in respective document
Bioactivity,BA_002124,REPORTED_IN,Document,CHEMBL4000185,reported_in,Bioactivity is reported in respective document
Bioactivity,BA_002125,REPORTED_IN,Document,CHEMBL4000185,reported_in,Bioactivity is reported in respective document
Bioactivity,BA_002126,REPORTED_IN,Document,CHEMBL4000185,reported_in,Bioactivity is reported in respective document
Bioactivity,BA_002127,REPORTED_IN,Document,CHEMBL4000185,reported_in,Bioactivity is reported in respective document
Bioactivity,BA_002128,REPORTED_IN,Document,CHEMBL4011649,reported_in,Bioactivity is reported in respective document
Bioactivity,BA_002129,REPORTED_IN,Document,CHEMBL4011649,reported_in,Bioactivity is reported in respective document
Bioactivity,BA_002130,REPORTED_IN,Document,CHEMBL4011649,reported_in,Bioactivity is reported in respective document
Bioactivity,BA_002131,REPORTED_IN,Document,CHEMBL4011649,reported_in,Bioactivity is reported in respective document
Bioactivity,BA_002132,REPORTED_IN,Document,CHEMBL4011649,reported_in,Bioactivity is reported in respective document
Bioactivity,BA_002133,REPORTED_IN,Document,CHEMBL4011649,reported_in,Bioactivity is reported in respective document
Bioactivity,BA_002134,REPORTED_IN,Document,CHEMBL4011649,reported_in,Bioactivity is reported in respective document
Bioactivity,BA_002135,REPORTED_IN,Document,CHEMBL4011649,reported_in,Bioactivity is reported in respective document
Bioactivity,BA_002136,REPORTED_IN,Document,CHEMBL4038339,reported_in,Bioactivity is reported in respective document
Bioactivity,BA_002137,REPORTED_IN,Document,CHEMBL4118064,reported_in,Bioactivity is reported in respective document
Bioactivity,BA_002138,REPORTED_IN,Document,CHEMBL4184192,reported_in,Bioactivity is reported in respective document
Bioactivity,BA_002139,REPORTED_IN,Document,CHEMBL4190389,reported_in,Bioactivity is reported in respective document
Bioactivity,BA_002140,REPORTED_IN,Document,CHEMBL4190389,reported_in,Bioactivity is reported in respective document
Bioactivity,BA_002141,REPORTED_IN,Document,CHEMBL4196105,reported_in,Bioactivity is reported in respective document
Bioactivity,BA_002142,REPORTED_IN,Document,CHEMBL4196105,reported_in,Bioactivity is reported in respective document
Bioactivity,BA_002143,REPORTED_IN,Document,CHEMBL4196220,reported_in,Bioactivity is reported in respective document
Bioactivity,BA_002144,REPORTED_IN,Document,CHEMBL4196220,reported_in,Bioactivity is reported in respective document
Bioactivity,BA_002145,REPORTED_IN,Document,CHEMBL4196220,reported_in,Bioactivity is reported in respective document
Bioactivity,BA_002146,REPORTED_IN,Document,CHEMBL4196220,reported_in,Bioactivity is reported in respective document
Bioactivity,BA_002147,REPORTED_IN,Document,CHEMBL4229332,reported_in,Bioactivity is reported in respective document
Bioactivity,BA_002148,REPORTED_IN,Document,CHEMBL4229332,reported_in,Bioactivity is reported in respective document
Bioactivity,BA_002149,REPORTED_IN,Document,CHEMBL4261553,reported_in,Bioactivity is reported in respective document
Bioactivity,BA_002150,REPORTED_IN,Document,CHEMBL4270672,reported_in,Bioactivity is reported in respective document
Bioactivity,BA_002151,REPORTED_IN,Document,CHEMBL4270672,reported_in,Bioactivity is reported in respective document
Bioactivity,BA_002152,REPORTED_IN,Document,CHEMBL4270672,reported_in,Bioactivity is reported in respective document
Bioactivity,BA_002153,REPORTED_IN,Document,CHEMBL4311986,reported_in,Bioactivity is reported in respective document
Bioactivity,BA_002154,REPORTED_IN,Document,CHEMBL4342411,reported_in,Bioactivity is reported in respective document
Bioactivity,BA_002155,REPORTED_IN,Document,CHEMBL4342411,reported_in,Bioactivity is reported in respective document
Bioactivity,BA_002156,REPORTED_IN,Document,CHEMBL4342411,reported_in,Bioactivity is reported in respective document
Bioactivity,BA_002157,REPORTED_IN,Document,CHEMBL4342411,reported_in,Bioactivity is reported in respective document
Bioactivity,BA_002158,REPORTED_IN,Document,CHEMBL4342411,reported_in,Bioactivity is reported in respective document
Bioactivity,BA_002159,REPORTED_IN,Document,CHEMBL4342419,reported_in,Bioactivity is reported in respective document
Bioactivity,BA_002160,REPORTED_IN,Document,CHEMBL4359885,reported_in,Bioactivity is reported in respective document
Bioactivity,BA_002161,REPORTED_IN,Document,CHEMBL4359885,reported_in,Bioactivity is reported in respective document
Bioactivity,BA_002162,REPORTED_IN,Document,CHEMBL4359900,reported_in,Bioactivity is reported in respective document
Bioactivity,BA_002163,REPORTED_IN,Document,CHEMBL4359900,reported_in,Bioactivity is reported in respective document
Bioactivity,BA_002164,REPORTED_IN,Document,CHEMBL4359900,reported_in,Bioactivity is reported in respective document
Bioactivity,BA_002165,REPORTED_IN,Document,CHEMBL4359900,reported_in,Bioactivity is reported in respective document
Bioactivity,BA_002166,REPORTED_IN,Document,CHEMBL4359900,reported_in,Bioactivity is reported in respective document
Bioactivity,BA_002167,REPORTED_IN,Document,CHEMBL4364313,reported_in,Bioactivity is reported in respective document
Bioactivity,BA_002168,REPORTED_IN,Document,CHEMBL4402598,reported_in,Bioactivity is reported in respective document
Bioactivity,BA_002169,REPORTED_IN,Document,CHEMBL4406867,reported_in,Bioactivity is reported in respective document
Bioactivity,BA_002170,REPORTED_IN,Document,CHEMBL4414667,reported_in,Bioactivity is reported in respective document
Bioactivity,BA_002171,REPORTED_IN,Document,CHEMBL4425143,reported_in,Bioactivity is reported in respective document
Bioactivity,BA_002172,REPORTED_IN,Document,CHEMBL4425143,reported_in,Bioactivity is reported in respective document
Bioactivity,BA_002173,REPORTED_IN,Document,CHEMBL4602692,reported_in,Bioactivity is reported in respective document
Bioactivity,BA_002174,REPORTED_IN,Document,CHEMBL4602692,reported_in,Bioactivity is reported in respective document
Bioactivity,BA_002175,REPORTED_IN,Document,CHEMBL4622953,reported_in,Bioactivity is reported in respective document
Bioactivity,BA_002176,REPORTED_IN,Document,CHEMBL4622953,reported_in,Bioactivity is reported in respective document
Bioactivity,BA_002177,REPORTED_IN,Document,CHEMBL4622953,reported_in,Bioactivity is reported in respective document
Bioactivity,BA_002178,REPORTED_IN,Document,CHEMBL4622954,reported_in,Bioactivity is reported in respective document
Bioactivity,BA_002179,REPORTED_IN,Document,CHEMBL4665773,reported_in,Bioactivity is reported in respective document
Bioactivity,BA_002180,REPORTED_IN,Document,CHEMBL4665789,reported_in,Bioactivity is reported in respective document
Bioactivity,BA_002181,REPORTED_IN,Document,CHEMBL4665789,reported_in,Bioactivity is reported in respective document
Bioactivity,BA_002182,REPORTED_IN,Document,CHEMBL4665789,reported_in,Bioactivity is reported in respective document
Bioactivity,BA_002183,REPORTED_IN,Document,CHEMBL4665789,reported_in,Bioactivity is reported in respective document
Bioactivity,BA_002184,REPORTED_IN,Document,CHEMBL4680082,reported_in,Bioactivity is reported in respective document
Bioactivity,BA_002185,REPORTED_IN,Document,CHEMBL4680082,reported_in,Bioactivity is reported in respective document
Bioactivity,BA_002186,REPORTED_IN,Document,CHEMBL4680082,reported_in,Bioactivity is reported in respective document
Bioactivity,BA_002187,REPORTED_IN,Document,CHEMBL4680082,reported_in,Bioactivity is reported in respective document
Bioactivity,BA_002188,REPORTED_IN,Document,CHEMBL4680082,reported_in,Bioactivity is reported in respective document
Bioactivity,BA_002189,REPORTED_IN,Document,CHEMBL4706479,reported_in,Bioactivity is reported in respective document
Bioactivity,BA_002190,REPORTED_IN,Document,CHEMBL4706549,reported_in,Bioactivity is reported in respective document
Bioactivity,BA_002191,REPORTED_IN,Document,CHEMBL4706549,reported_in,Bioactivity is reported in respective document
Bioactivity,BA_002192,REPORTED_IN,Document,CHEMBL4706549,reported_in,Bioactivity is reported in respective document
Bioactivity,BA_002193,REPORTED_IN,Document,CHEMBL4813955,reported_in,Bioactivity is reported in respective document
Bioactivity,BA_002194,REPORTED_IN,Document,CHEMBL4813955,reported_in,Bioactivity is reported in respective document
Bioactivity,BA_002195,REPORTED_IN,Document,CHEMBL5038590,reported_in,Bioactivity is reported in respective document
Bioactivity,BA_002196,REPORTED_IN,Document,CHEMBL5038590,reported_in,Bioactivity is reported in respective document
Bioactivity,BA_002197,REPORTED_IN,Document,CHEMBL5038590,reported_in,Bioactivity is reported in respective document
Bioactivity,BA_002198,REPORTED_IN,Document,CHEMBL5038590,reported_in,Bioactivity is reported in respective document
Bioactivity,BA_002199,REPORTED_IN,Document,CHEMBL5053503,reported_in,Bioactivity is reported in respective document
Bioactivity,BA_002200,REPORTED_IN,Document,CHEMBL5053503,reported_in,Bioactivity is reported in respective document
Bioactivity,BA_002201,REPORTED_IN,Document,CHEMBL5053503,reported_in,Bioactivity is reported in respective document
Bioactivity,BA_002202,REPORTED_IN,Document,CHEMBL5053503,reported_in,Bioactivity is reported in respective document
Bioactivity,BA_002203,REPORTED_IN,Document,CHEMBL5107977,reported_in,Bioactivity is reported in respective document
Bioactivity,BA_002204,REPORTED_IN,Document,CHEMBL5113537,reported_in,Bioactivity is reported in respective document
Bioactivity,BA_002205,REPORTED_IN,Document,CHEMBL5113537,reported_in,Bioactivity is reported in respective document
Bioactivity,BA_002206,REPORTED_IN,Document,CHEMBL5113537,reported_in,Bioactivity is reported in respective document
Bioactivity,BA_002207,REPORTED_IN,Document,CHEMBL5113537,reported_in,Bioactivity is reported in respective document
Bioactivity,BA_002208,REPORTED_IN,Document,CHEMBL5143617,reported_in,Bioactivity is reported in respective document
Bioactivity,BA_002209,REPORTED_IN,Document,CHEMBL5143617,reported_in,Bioactivity is reported in respective document
Bioactivity,BA_002210,REPORTED_IN,Document,CHEMBL5252620,reported_in,Bioactivity is reported in respective document
Bioactivity,BA_002211,REPORTED_IN,Document,CHEMBL5252620,reported_in,Bioactivity is reported in respective document
Bioactivity,BA_002212,REPORTED_IN,Document,CHEMBL5252620,reported_in,Bioactivity is reported in respective document
Bioactivity,BA_002213,REPORTED_IN,Document,CHEMBL5252620,reported_in,Bioactivity is reported in respective document
Bioactivity,BA_002214,REPORTED_IN,Document,CHEMBL5321291,reported_in,Bioactivity is reported in respective document
Bioactivity,BA_002215,REPORTED_IN,Document,CHEMBL5321291,reported_in,Bioactivity is reported in respective document
Bioactivity,BA_002216,REPORTED_IN,Document,CHEMBL5321291,reported_in,Bioactivity is reported in respective document
Bioactivity,BA_002217,REPORTED_IN,Document,CHEMBL5344469,reported_in,Bioactivity is reported in respective document
Bioactivity,BA_002218,REPORTED_IN,Document,CHEMBL5344469,reported_in,Bioactivity is reported in respective document
Bioactivity,BA_002219,REPORTED_IN,Document,CHEMBL5357013,reported_in,Bioactivity is reported in respective document
Bioactivity,BA_002220,REPORTED_IN,Document,CHEMBL5357013,reported_in,Bioactivity is reported in respective document
Bioactivity,BA_002221,REPORTED_IN,Document,CHEMBL5357013,reported_in,Bioactivity is reported in respective document
Bioactivity,BA_002222,REPORTED_IN,Document,CHEMBL5357013,reported_in,Bioactivity is reported in respective document
Bioactivity,BA_002223,REPORTED_IN,Document,CHEMBL5357013,reported_in,Bioactivity is reported in respective document
Bioactivity,BA_002224,REPORTED_IN,Document,CHEMBL5357013,reported_in,Bioactivity is reported in respective document
Bioactivity,BA_002225,REPORTED_IN,Document,CHEMBL5506019,reported_in,Bioactivity is reported in respective document
Bioactivity,BA_002226,REPORTED_IN,Document,CHEMBL5506019,reported_in,Bioactivity is reported in respective document
Bioactivity,BA_002227,REPORTED_IN,Document,CHEMBL5543140,reported_in,Bioactivity is reported in respective document
Bioactivity,BA_002228,REPORTED_IN,Document,CHEMBL5543140,reported_in,Bioactivity is reported in respective document
Bioactivity,BA_002229,REPORTED_IN,Document,CHEMBL5584220,reported_in,Bioactivity is reported in respective document
Bioactivity,BA_002230,REPORTED_IN,Document,CHEMBL5625226,reported_in,Bioactivity is reported in respective document
Bioactivity,BA_002231,REPORTED_IN,Document,CHEMBL5715956,reported_in,Bioactivity is reported in respective document
Bioactivity,BA_002232,REPORTED_IN,Document,CHEMBL1201862,reported_in,Bioactivity is reported in respective document
Bioactivity,BA_002233,REPORTED_IN,Document,CHEMBL1201862,reported_in,Bioactivity is reported in respective document
Bioactivity,BA_002234,REPORTED_IN,Document,CHEMBL1201862,reported_in,Bioactivity is reported in respective document
Bioactivity,BA_002235,REPORTED_IN,Document,CHEMBL1201862,reported_in,Bioactivity is reported in respective document
Bioactivity,BA_002236,REPORTED_IN,Document,CHEMBL3600377,reported_in,Bioactivity is reported in respective document
Bioactivity,BA_002237,REPORTED_IN,Document,CHEMBL4699554,reported_in,Bioactivity is reported in respective document
Bioactivity,BA_002238,REPORTED_IN,Document,CHEMBL4699554,reported_in,Bioactivity is reported in respective document
Bioactivity,BA_002239,REPORTED_IN,Document,CHEMBL4813934,reported_in,Bioactivity is reported in respective document
Bioactivity,BA_002240,REPORTED_IN,Document,CHEMBL4813934,reported_in,Bioactivity is reported in respective document
Bioactivity,BA_002241,REPORTED_IN,Document,CHEMBL4813934,reported_in,Bioactivity is reported in respective document
Bioactivity,BA_002242,REPORTED_IN,Document,CHEMBL1150430,reported_in,Bioactivity is reported in respective document
Bioactivity,BA_002243,REPORTED_IN,Document,CHEMBL1777768,reported_in,Bioactivity is reported in respective document
Bioactivity,BA_002244,REPORTED_IN,Document,CHEMBL1777768,reported_in,Bioactivity is reported in respective document
Bioactivity,BA_002245,REPORTED_IN,Document,CHEMBL3714720,reported_in,Bioactivity is reported in respective document
Bioactivity,BA_002246,REPORTED_IN,Document,CHEMBL3739351,reported_in,Bioactivity is reported in respective document
Bioactivity,BA_002247,REPORTED_IN,Document,CHEMBL4627299,reported_in,Bioactivity is reported in respective document
Bioactivity,BA_002248,REPORTED_IN,Document,CHEMBL4627299,reported_in,Bioactivity is reported in respective document
Bioactivity,BA_002249,REPORTED_IN,Document,CHEMBL4627299,reported_in,Bioactivity is reported in respective document
Bioactivity,BA_002250,REPORTED_IN,Document,CHEMBL4627299,reported_in,Bioactivity is reported in respective document
Bioactivity,BA_002251,REPORTED_IN,Document,CHEMBL5257155,reported_in,Bioactivity is reported in respective document
Bioactivity,BA_002252,REPORTED_IN,Document,CHEMBL5257155,reported_in,Bioactivity is reported in respective document
Bioactivity,BA_002253,REPORTED_IN,Document,CHEMBL4229387,reported_in,Bioactivity is reported in respective document
Bioactivity,BA_002254,REPORTED_IN,Document,CHEMBL1157348,reported_in,Bioactivity is reported in respective document
Bioactivity,BA_002255,REPORTED_IN,Document,CHEMBL1157348,reported_in,Bioactivity is reported in respective document
Bioactivity,BA_002256,REPORTED_IN,Document,CHEMBL1157348,reported_in,Bioactivity is reported in respective document
Bioactivity,BA_002257,REPORTED_IN,Document,CHEMBL1157348,reported_in,Bioactivity is reported in respective document
Bioactivity,BA_002258,REPORTED_IN,Document,CHEMBL1157348,reported_in,Bioactivity is reported in respective document
Bioactivity,BA_002259,REPORTED_IN,Document,CHEMBL1152124,reported_in,Bioactivity is reported in respective document
Bioactivity,BA_002260,REPORTED_IN,Document,CHEMBL1201862,reported_in,Bioactivity is reported in respective document
Bioactivity,BA_002261,REPORTED_IN,Document,CHEMBL1159127,reported_in,Bioactivity is reported in respective document
Bioactivity,BA_002262,REPORTED_IN,Document,CHEMBL1201862,reported_in,Bioactivity is reported in respective document
Bioactivity,BA_002263,REPORTED_IN,Document,CHEMBL1201862,reported_in,Bioactivity is reported in respective document
Bioactivity,BA_002264,REPORTED_IN,Document,CHEMBL5247614,reported_in,Bioactivity is reported in respective document
Bioactivity,BA_002265,REPORTED_IN,Document,CHEMBL1201862,reported_in,Bioactivity is reported in respective document
Bioactivity,BA_002266,REPORTED_IN,Document,CHEMBL1201862,reported_in,Bioactivity is reported in respective document
Bioactivity,BA_002267,REPORTED_IN,Document,CHEMBL1201862,reported_in,Bioactivity is reported in respective document
Bioactivity,BA_002268,REPORTED_IN,Document,CHEMBL1201862,reported_in,Bioactivity is reported in respective document
Bioactivity,BA_002269,REPORTED_IN,Document,CHEMBL4340510,reported_in,Bioactivity is reported in respective document
Bioactivity,BA_002270,REPORTED_IN,Document,CHEMBL1151000,reported_in,Bioactivity is reported in respective document
Bioactivity,BA_002271,REPORTED_IN,Document,CHEMBL1201862,reported_in,Bioactivity is reported in respective document
Bioactivity,BA_002272,REPORTED_IN,Document,CHEMBL1201862,reported_in,Bioactivity is reported in respective document
Bioactivity,BA_002273,REPORTED_IN,Document,CHEMBL1201862,reported_in,Bioactivity is reported in respective document
Bioactivity,BA_002274,REPORTED_IN,Document,CHEMBL1201862,reported_in,Bioactivity is reported in respective document
Bioactivity,BA_002275,REPORTED_IN,Document,CHEMBL1201862,reported_in,Bioactivity is reported in respective document
Bioactivity,BA_002276,REPORTED_IN,Document,CHEMBL1201862,reported_in,Bioactivity is reported in respective document
Bioactivity,BA_002277,REPORTED_IN,Document,CHEMBL1201862,reported_in,Bioactivity is reported in respective document
Bioactivity,BA_002278,REPORTED_IN,Document,CHEMBL1201862,reported_in,Bioactivity is reported in respective document
Bioactivity,BA_002279,REPORTED_IN,Document,CHEMBL1201862,reported_in,Bioactivity is reported in respective document
Bioactivity,BA_002280,REPORTED_IN,Document,CHEMBL1201862,reported_in,Bioactivity is reported in respective document
Bioactivity,BA_002281,REPORTED_IN,Document,CHEMBL1201862,reported_in,Bioactivity is reported in respective document
Bioactivity,BA_002282,REPORTED_IN,Document,CHEMBL1201862,reported_in,Bioactivity is reported in respective document
Bioactivity,BA_002283,REPORTED_IN,Document,CHEMBL1201862,reported_in,Bioactivity is reported in respective document
Bioactivity,BA_002284,REPORTED_IN,Document,CHEMBL1201862,reported_in,Bioactivity is reported in respective document
Bioactivity,BA_002285,REPORTED_IN,Document,CHEMBL1201862,reported_in,Bioactivity is reported in respective document
Bioactivity,BA_002286,REPORTED_IN,Document,CHEMBL1201862,reported_in,Bioactivity is reported in respective document
Bioactivity,BA_002287,REPORTED_IN,Document,CHEMBL1201862,reported_in,Bioactivity is reported in respective document
Bioactivity,BA_002288,REPORTED_IN,Document,CHEMBL1909046,reported_in,Bioactivity is reported in respective document
Bioactivity,BA_002289,REPORTED_IN,Document,CHEMBL1909046,reported_in,Bioactivity is reported in respective document
Bioactivity,BA_002290,REPORTED_IN,Document,CHEMBL1909046,reported_in,Bioactivity is reported in respective document
Bioactivity,BA_002291,REPORTED_IN,Document,CHEMBL1201862,reported_in,Bioactivity is reported in respective document
Bioactivity,BA_002292,REPORTED_IN,Document,CHEMBL1201862,reported_in,Bioactivity is reported in respective document
Bioactivity,BA_002293,REPORTED_IN,Document,CHEMBL1201862,reported_in,Bioactivity is reported in respective document
Bioactivity,BA_002294,REPORTED_IN,Document,CHEMBL1201862,reported_in,Bioactivity is reported in respective document
Bioactivity,BA_002295,REPORTED_IN,Document,CHEMBL1201862,reported_in,Bioactivity is reported in respective document
Bioactivity,BA_002296,REPORTED_IN,Document,CHEMBL1126157,reported_in,Bioactivity is reported in respective document
Bioactivity,BA_002297,REPORTED_IN,Document,CHEMBL1201862,reported_in,Bioactivity is reported in respective document
Bioactivity,BA_002298,REPORTED_IN,Document,CHEMBL1201862,reported_in,Bioactivity is reported in respective document
Bioactivity,BA_002299,REPORTED_IN,Document,CHEMBL1201862,reported_in,Bioactivity is reported in respective document
Bioactivity,BA_002300,REPORTED_IN,Document,CHEMBL2439990,reported_in,Bioactivity is reported in respective document
Bioactivity,BA_002301,REPORTED_IN,Document,CHEMBL1136344,reported_in,Bioactivity is reported in respective document
Bioactivity,BA_002302,REPORTED_IN,Document,CHEMBL4699438,reported_in,Bioactivity is reported in respective document
Bioactivity,BA_002303,REPORTED_IN,Document,CHEMBL1136098,reported_in,Bioactivity is reported in respective document
Bioactivity,BA_002304,REPORTED_IN,Document,CHEMBL1136098,reported_in,Bioactivity is reported in respective document
Bioactivity,BA_002305,REPORTED_IN,Document,CHEMBL1141265,reported_in,Bioactivity is reported in respective document
Bioactivity,BA_002306,REPORTED_IN,Document,CHEMBL1157752,reported_in,Bioactivity is reported in respective document
Bioactivity,BA_002307,REPORTED_IN,Document,CHEMBL1208740,reported_in,Bioactivity is reported in respective document
Bioactivity,BA_002308,REPORTED_IN,Document,CHEMBL1201862,reported_in,Bioactivity is reported in respective document
Bioactivity,BA_002309,REPORTED_IN,Document,CHEMBL1201862,reported_in,Bioactivity is reported in respective document
Bioactivity,BA_002310,REPORTED_IN,Document,CHEMBL1201862,reported_in,Bioactivity is reported in respective document
Bioactivity,BA_002311,REPORTED_IN,Document,CHEMBL2331357,reported_in,Bioactivity is reported in respective document
Bioactivity,BA_002312,REPORTED_IN,Document,CHEMBL2331357,reported_in,Bioactivity is reported in respective document
Bioactivity,BA_002313,REPORTED_IN,Document,CHEMBL3585252,reported_in,Bioactivity is reported in respective document
Bioactivity,BA_002314,REPORTED_IN,Document,CHEMBL3585252,reported_in,Bioactivity is reported in respective document
Bioactivity,BA_002315,REPORTED_IN,Document,CHEMBL4138279,reported_in,Bioactivity is reported in respective document
Bioactivity,BA_002316,REPORTED_IN,Document,CHEMBL4190401,reported_in,Bioactivity is reported in respective document
Bioactivity,BA_002317,REPORTED_IN,Document,CHEMBL4190401,reported_in,Bioactivity is reported in respective document
Bioactivity,BA_002318,REPORTED_IN,Document,CHEMBL4387742,reported_in,Bioactivity is reported in respective document
Bioactivity,BA_002319,REPORTED_IN,Document,CHEMBL4842357,reported_in,Bioactivity is reported in respective document
Bioactivity,BA_002320,REPORTED_IN,Document,CHEMBL4842357,reported_in,Bioactivity is reported in respective document
Bioactivity,BA_002321,REPORTED_IN,Document,CHEMBL5131411,reported_in,Bioactivity is reported in respective document
Bioactivity,BA_002322,REPORTED_IN,Document,CHEMBL5236633,reported_in,Bioactivity is reported in respective document
Bioactivity,BA_002323,REPORTED_IN,Document,CHEMBL5126637,reported_in,Bioactivity is reported in respective document
Bioactivity,BA_002324,REPORTED_IN,Document,CHEMBL4130620,reported_in,Bioactivity is reported in respective document
Bioactivity,BA_002325,REPORTED_IN,Document,CHEMBL4665678,reported_in,Bioactivity is reported in respective document
Bioactivity,BA_002326,REPORTED_IN,Document,CHEMBL4665678,reported_in,Bioactivity is reported in respective document
Bioactivity,BA_002327,REPORTED_IN,Document,CHEMBL4665678,reported_in,Bioactivity is reported in respective document
Bioactivity,BA_002328,REPORTED_IN,Document,CHEMBL4665678,reported_in,Bioactivity is reported in respective document
Bioactivity,BA_002329,REPORTED_IN,Document,CHEMBL1201862,reported_in,Bioactivity is reported in respective document
Bioactivity,BA_002330,REPORTED_IN,Document,CHEMBL1201862,reported_in,Bioactivity is reported in respective document
Bioactivity,BA_002331,REPORTED_IN,Document,CHEMBL1201862,reported_in,Bioactivity is reported in respective document
Bioactivity,BA_002332,REPORTED_IN,Document,CHEMBL2401661,reported_in,Bioactivity is reported in respective document
Bioactivity,BA_002333,REPORTED_IN,Document,CHEMBL2401661,reported_in,Bioactivity is reported in respective document
Bioactivity,BA_002334,REPORTED_IN,Document,CHEMBL2424526,reported_in,Bioactivity is reported in respective document
Bioactivity,BA_002335,REPORTED_IN,Document,CHEMBL2424526,reported_in,Bioactivity is reported in respective document
Bioactivity,BA_002336,REPORTED_IN,Document,CHEMBL1141883,reported_in,Bioactivity is reported in respective document
Bioactivity,BA_002337,REPORTED_IN,Document,CHEMBL1148833,reported_in,Bioactivity is reported in respective document
Bioactivity,BA_002338,REPORTED_IN,Document,CHEMBL1140486,reported_in,Bioactivity is reported in respective document
Bioactivity,BA_002339,REPORTED_IN,Document,CHEMBL1140486,reported_in,Bioactivity is reported in respective document
Bioactivity,BA_002340,REPORTED_IN,Document,CHEMBL1158850,reported_in,Bioactivity is reported in respective document
Bioactivity,BA_002341,REPORTED_IN,Document,CHEMBL1201862,reported_in,Bioactivity is reported in respective document
Bioactivity,BA_002342,REPORTED_IN,Document,CHEMBL1201862,reported_in,Bioactivity is reported in respective document
Bioactivity,BA_002343,REPORTED_IN,Document,CHEMBL1201862,reported_in,Bioactivity is reported in respective document
Bioactivity,BA_002344,REPORTED_IN,Document,CHEMBL1201862,reported_in,Bioactivity is reported in respective document
Bioactivity,BA_002345,REPORTED_IN,Document,CHEMBL1201862,reported_in,Bioactivity is reported in respective document
Bioactivity,BA_002346,REPORTED_IN,Document,CHEMBL1201862,reported_in,Bioactivity is reported in respective document
Bioactivity,BA_002347,REPORTED_IN,Document,CHEMBL1201862,reported_in,Bioactivity is reported in respective document
Bioactivity,BA_002348,REPORTED_IN,Document,CHEMBL1201862,reported_in,Bioactivity is reported in respective document
Bioactivity,BA_002349,REPORTED_IN,Document,CHEMBL1201862,reported_in,Bioactivity is reported in respective document
Bioactivity,BA_002350,REPORTED_IN,Document,CHEMBL1201862,reported_in,Bioactivity is reported in respective document
Bioactivity,BA_002351,REPORTED_IN,Document,CHEMBL4334470,reported_in,Bioactivity is reported in respective document
Bioactivity,BA_002352,REPORTED_IN,Document,CHEMBL4808148,reported_in,Bioactivity is reported in respective document
Bioactivity,BA_002353,REPORTED_IN,Document,CHEMBL5136976,reported_in,Bioactivity is reported in respective document
Bioactivity,BA_002354,REPORTED_IN,Document,CHEMBL5257155,reported_in,Bioactivity is reported in respective document
Bioactivity,BA_002355,REPORTED_IN,Document,CHEMBL5257155,reported_in,Bioactivity is reported in respective document
Bioactivity,BA_002356,REPORTED_IN,Document,CHEMBL5360539,reported_in,Bioactivity is reported in respective document
Bioactivity,BA_002357,REPORTED_IN,Document,CHEMBL5360539,reported_in,Bioactivity is reported in respective document
Bioactivity,BA_002358,REPORTED_IN,Document,CHEMBL5360539,reported_in,Bioactivity is reported in respective document
Bioactivity,BA_002359,REPORTED_IN,Document,CHEMBL6109136,reported_in,Bioactivity is reported in respective document
Bioactivity,BA_002360,REPORTED_IN,Document,CHEMBL1201862,reported_in,Bioactivity is reported in respective document
Bioactivity,BA_002361,REPORTED_IN,Document,CHEMBL1201862,reported_in,Bioactivity is reported in respective document
Bioactivity,BA_002362,REPORTED_IN,Document,CHEMBL1201862,reported_in,Bioactivity is reported in respective document
Bioactivity,BA_002363,REPORTED_IN,Document,CHEMBL1201862,reported_in,Bioactivity is reported in respective document
Bioactivity,BA_002364,REPORTED_IN,Document,CHEMBL1201862,reported_in,Bioactivity is reported in respective document
Bioactivity,BA_002365,REPORTED_IN,Document,CHEMBL4482312,reported_in,Bioactivity is reported in respective document
Bioactivity,BA_002366,REPORTED_IN,Document,CHEMBL4699438,reported_in,Bioactivity is reported in respective document
Bioactivity,BA_002367,REPORTED_IN,Document,CHEMBL5136976,reported_in,Bioactivity is reported in respective document
Bioactivity,BA_002368,REPORTED_IN,Document,CHEMBL5252548,reported_in,Bioactivity is reported in respective document
Bioactivity,BA_002369,REPORTED_IN,Document,CHEMBL5252548,reported_in,Bioactivity is reported in respective document
Bioactivity,BA_002370,REPORTED_IN,Document,CHEMBL1201862,reported_in,Bioactivity is reported in respective document
Bioactivity,BA_002371,REPORTED_IN,Document,CHEMBL1201862,reported_in,Bioactivity is reported in respective document
Bioactivity,BA_002372,REPORTED_IN,Document,CHEMBL1201862,reported_in,Bioactivity is reported in respective document
Bioactivity,BA_002373,REPORTED_IN,Document,CHEMBL1137797,reported_in,Bioactivity is reported in respective document
Bioactivity,BA_002374,REPORTED_IN,Document,CHEMBL1137797,reported_in,Bioactivity is reported in respective document
Bioactivity,BA_002375,REPORTED_IN,Document,CHEMBL1201862,reported_in,Bioactivity is reported in respective document
Bioactivity,BA_002376,REPORTED_IN,Document,CHEMBL1201862,reported_in,Bioactivity is reported in respective document
Bioactivity,BA_002377,REPORTED_IN,Document,CHEMBL1201862,reported_in,Bioactivity is reported in respective document
Bioactivity,BA_002378,REPORTED_IN,Document,CHEMBL3108697,reported_in,Bioactivity is reported in respective document
Bioactivity,BA_002379,REPORTED_IN,Document,CHEMBL1126157,reported_in,Bioactivity is reported in respective document
Bioactivity,BA_002380,REPORTED_IN,Document,CHEMBL1201862,reported_in,Bioactivity is reported in respective document
Bioactivity,BA_002381,REPORTED_IN,Document,CHEMBL1201862,reported_in,Bioactivity is reported in respective document
Bioactivity,BA_002382,REPORTED_IN,Document,CHEMBL1250526,reported_in,Bioactivity is reported in respective document
Bioactivity,BA_002383,REPORTED_IN,Document,CHEMBL3870309,reported_in,Bioactivity is reported in respective document
Bioactivity,BA_002384,REPORTED_IN,Document,CHEMBL3870309,reported_in,Bioactivity is reported in respective document
Bioactivity,BA_002385,REPORTED_IN,Document,CHEMBL4699438,reported_in,Bioactivity is reported in respective document
Bioactivity,BA_002386,REPORTED_IN,Document,CHEMBL1201862,reported_in,Bioactivity is reported in respective document
Bioactivity,BA_002387,REPORTED_IN,Document,CHEMBL1201862,reported_in,Bioactivity is reported in respective document
Bioactivity,BA_002388,REPORTED_IN,Document,CHEMBL3352127,reported_in,Bioactivity is reported in respective document
Bioactivity,BA_002389,REPORTED_IN,Document,CHEMBL1144009,reported_in,Bioactivity is reported in respective document
Bioactivity,BA_002390,REPORTED_IN,Document,CHEMBL1201862,reported_in,Bioactivity is reported in respective document
Bioactivity,BA_002391,REPORTED_IN,Document,CHEMBL1145574,reported_in,Bioactivity is reported in respective document
Bioactivity,BA_002392,REPORTED_IN,Document,CHEMBL1155782,reported_in,Bioactivity is reported in respective document
Bioactivity,BA_002393,REPORTED_IN,Document,CHEMBL1155782,reported_in,Bioactivity is reported in respective document
Bioactivity,BA_002394,REPORTED_IN,Document,CHEMBL1155782,reported_in,Bioactivity is reported in respective document
Bioactivity,BA_002395,REPORTED_IN,Document,CHEMBL1201862,reported_in,Bioactivity is reported in respective document
Bioactivity,BA_002396,REPORTED_IN,Document,CHEMBL1201862,reported_in,Bioactivity is reported in respective document
Bioactivity,BA_002397,REPORTED_IN,Document,CHEMBL5325451,reported_in,Bioactivity is reported in respective document
Bioactivity,BA_002398,REPORTED_IN,Document,CHEMBL1137053,reported_in,Bioactivity is reported in respective document
Bioactivity,BA_002399,REPORTED_IN,Document,CHEMBL4706677,reported_in,Bioactivity is reported in respective document
Bioactivity,BA_002400,REPORTED_IN,Document,CHEMBL5143549,reported_in,Bioactivity is reported in respective document
Bioactivity,BA_002401,REPORTED_IN,Document,CHEMBL3039007,reported_in,Bioactivity is reported in respective document
Bioactivity,BA_002402,REPORTED_IN,Document,CHEMBL3039007,reported_in,Bioactivity is reported in respective document
Bioactivity,BA_002403,REPORTED_IN,Document,CHEMBL3039007,reported_in,Bioactivity is reported in respective document
Bioactivity,BA_002404,REPORTED_IN,Document,CHEMBL3039007,reported_in,Bioactivity is reported in respective document
Bioactivity,BA_002405,REPORTED_IN,Document,CHEMBL4002624,reported_in,Bioactivity is reported in respective document
Bioactivity,BA_002406,REPORTED_IN,Document,CHEMBL5729725,reported_in,Bioactivity is reported in respective document
Bioactivity,BA_002407,REPORTED_IN,Document,CHEMBL1201862,reported_in,Bioactivity is reported in respective document
Bioactivity,BA_002408,REPORTED_IN,Document,CHEMBL1201862,reported_in,Bioactivity is reported in respective document
Bioactivity,BA_002409,REPORTED_IN,Document,CHEMBL1743341,reported_in,Bioactivity is reported in respective document
Bioactivity,BA_002410,REPORTED_IN,Document,CHEMBL1743341,reported_in,Bioactivity is reported in respective document
Bioactivity,BA_002411,REPORTED_IN,Document,CHEMBL1201862,reported_in,Bioactivity is reported in respective document
Bioactivity,BA_002412,REPORTED_IN,Document,CHEMBL1201862,reported_in,Bioactivity is reported in respective document
Bioactivity,BA_002413,REPORTED_IN,Document,CHEMBL1201862,reported_in,Bioactivity is reported in respective document
Bioactivity,BA_002414,REPORTED_IN,Document,CHEMBL1221335,reported_in,Bioactivity is reported in respective document
Bioactivity,BA_002415,REPORTED_IN,Document,CHEMBL1221335,reported_in,Bioactivity is reported in respective document
Bioactivity,BA_002416,REPORTED_IN,Document,CHEMBL1221335,reported_in,Bioactivity is reported in respective document
Bioactivity,BA_002417,REPORTED_IN,Document,CHEMBL1777768,reported_in,Bioactivity is reported in respective document
Bioactivity,BA_002418,REPORTED_IN,Document,CHEMBL4368908,reported_in,Bioactivity is reported in respective document
Bioactivity,BA_002419,REPORTED_IN,Document,CHEMBL4368908,reported_in,Bioactivity is reported in respective document
Bioactivity,BA_002420,REPORTED_IN,Document,CHEMBL4808148,reported_in,Bioactivity is reported in respective document
Bioactivity,BA_002421,REPORTED_IN,Document,CHEMBL5390261,reported_in,Bioactivity is reported in respective document
Bioactivity,BA_002422,REPORTED_IN,Document,CHEMBL1201862,reported_in,Bioactivity is reported in respective document
Bioactivity,BA_002423,REPORTED_IN,Document,CHEMBL1201862,reported_in,Bioactivity is reported in respective document
Bioactivity,BA_002424,REPORTED_IN,Document,CHEMBL4725220,reported_in,Bioactivity is reported in respective document
Bioactivity,BA_002425,REPORTED_IN,Document,CHEMBL1126157,reported_in,Bioactivity is reported in respective document
Bioactivity,BA_002426,REPORTED_IN,Document,CHEMBL3593170,reported_in,Bioactivity is reported in respective document
Bioactivity,BA_002427,REPORTED_IN,Document,CHEMBL4482312,reported_in,Bioactivity is reported in respective document
Bioactivity,BA_002428,REPORTED_IN,Document,CHEMBL4482312,reported_in,Bioactivity is reported in respective document
Bioactivity,BA_002429,REPORTED_IN,Document,CHEMBL4482312,reported_in,Bioactivity is reported in respective document
Bioactivity,BA_002430,REPORTED_IN,Document,CHEMBL4482312,reported_in,Bioactivity is reported in respective document
Bioactivity,BA_002431,REPORTED_IN,Document,CHEMBL5579795,reported_in,Bioactivity is reported in respective document
Bioactivity,BA_002432,REPORTED_IN,Document,CHEMBL1143070,reported_in,Bioactivity is reported in respective document
Bioactivity,BA_002433,REPORTED_IN,Document,CHEMBL1147088,reported_in,Bioactivity is reported in respective document
Bioactivity,BA_002434,REPORTED_IN,Document,CHEMBL1152374,reported_in,Bioactivity is reported in respective document
Bioactivity,BA_002435,REPORTED_IN,Document,CHEMBL1152374,reported_in,Bioactivity is reported in respective document
Bioactivity,BA_002436,REPORTED_IN,Document,CHEMBL1154634,reported_in,Bioactivity is reported in respective document
Bioactivity,BA_002437,REPORTED_IN,Document,CHEMBL1154634,reported_in,Bioactivity is reported in respective document
Bioactivity,BA_002438,REPORTED_IN,Document,CHEMBL1201862,reported_in,Bioactivity is reported in respective document
Bioactivity,BA_002439,REPORTED_IN,Document,CHEMBL1201862,reported_in,Bioactivity is reported in respective document
Bioactivity,BA_002440,REPORTED_IN,Document,CHEMBL1201862,reported_in,Bioactivity is reported in respective document
Bioactivity,BA_002441,REPORTED_IN,Document,CHEMBL1201862,reported_in,Bioactivity is reported in respective document
Bioactivity,BA_002442,REPORTED_IN,Document,CHEMBL1649352,reported_in,Bioactivity is reported in respective document
Bioactivity,BA_002443,REPORTED_IN,Document,CHEMBL1201862,reported_in,Bioactivity is reported in respective document
Bioactivity,BA_002444,REPORTED_IN,Document,CHEMBL1201862,reported_in,Bioactivity is reported in respective document
Bioactivity,BA_002445,REPORTED_IN,Document,CHEMBL1949659,reported_in,Bioactivity is reported in respective document
Bioactivity,BA_002446,REPORTED_IN,Document,CHEMBL1949659,reported_in,Bioactivity is reported in respective document
Bioactivity,BA_002447,REPORTED_IN,Document,CHEMBL2169802,reported_in,Bioactivity is reported in respective document
Bioactivity,BA_002448,REPORTED_IN,Document,CHEMBL2169802,reported_in,Bioactivity is reported in respective document
Bioactivity,BA_002449,REPORTED_IN,Document,CHEMBL2169802,reported_in,Bioactivity is reported in respective document
Bioactivity,BA_002450,REPORTED_IN,Document,CHEMBL3046684,reported_in,Bioactivity is reported in respective document
Bioactivity,BA_002451,REPORTED_IN,Document,CHEMBL2385058,reported_in,Bioactivity is reported in respective document
Bioactivity,BA_002452,REPORTED_IN,Document,CHEMBL3102826,reported_in,Bioactivity is reported in respective document
Bioactivity,BA_002453,REPORTED_IN,Document,CHEMBL3120108,reported_in,Bioactivity is reported in respective document
Bioactivity,BA_002454,REPORTED_IN,Document,CHEMBL3297694,reported_in,Bioactivity is reported in respective document
Bioactivity,BA_002455,REPORTED_IN,Document,CHEMBL3297694,reported_in,Bioactivity is reported in respective document
Bioactivity,BA_002456,REPORTED_IN,Document,CHEMBL3414469,reported_in,Bioactivity is reported in respective document
Bioactivity,BA_002457,REPORTED_IN,Document,CHEMBL3580580,reported_in,Bioactivity is reported in respective document
Bioactivity,BA_002458,REPORTED_IN,Document,CHEMBL3580553,reported_in,Bioactivity is reported in respective document
Bioactivity,BA_002459,REPORTED_IN,Document,CHEMBL3580553,reported_in,Bioactivity is reported in respective document
Bioactivity,BA_002460,REPORTED_IN,Document,CHEMBL4028846,reported_in,Bioactivity is reported in respective document
Bioactivity,BA_002461,REPORTED_IN,Document,CHEMBL4152187,reported_in,Bioactivity is reported in respective document
Bioactivity,BA_002462,REPORTED_IN,Document,CHEMBL4219134,reported_in,Bioactivity is reported in respective document
Bioactivity,BA_002463,REPORTED_IN,Document,CHEMBL4265878,reported_in,Bioactivity is reported in respective document
Bioactivity,BA_002464,REPORTED_IN,Document,CHEMBL4392822,reported_in,Bioactivity is reported in respective document
Bioactivity,BA_002465,REPORTED_IN,Document,CHEMBL4433200,reported_in,Bioactivity is reported in respective document
Bioactivity,BA_002466,REPORTED_IN,Document,CHEMBL4433200,reported_in,Bioactivity is reported in respective document
Bioactivity,BA_002467,REPORTED_IN,Document,CHEMBL4482312,reported_in,Bioactivity is reported in respective document
Bioactivity,BA_002468,REPORTED_IN,Document,CHEMBL4482312,reported_in,Bioactivity is reported in respective document
Bioactivity,BA_002469,REPORTED_IN,Document,CHEMBL4482312,reported_in,Bioactivity is reported in respective document
Bioactivity,BA_002470,REPORTED_IN,Document,CHEMBL5113552,reported_in,Bioactivity is reported in respective document
Bioactivity,BA_002471,REPORTED_IN,Document,CHEMBL5113552,reported_in,Bioactivity is reported in respective document
Bioactivity,BA_002472,REPORTED_IN,Document,CHEMBL5113552,reported_in,Bioactivity is reported in respective document
Bioactivity,BA_002473,REPORTED_IN,Document,CHEMBL5143627,reported_in,Bioactivity is reported in respective document
Bioactivity,BA_002474,REPORTED_IN,Document,CHEMBL5230127,reported_in,Bioactivity is reported in respective document
Bioactivity,BA_002475,REPORTED_IN,Document,CHEMBL5230127,reported_in,Bioactivity is reported in respective document
Bioactivity,BA_002476,REPORTED_IN,Document,CHEMBL5236577,reported_in,Bioactivity is reported in respective document
Bioactivity,BA_002477,REPORTED_IN,Document,CHEMBL5236577,reported_in,Bioactivity is reported in respective document
Bioactivity,BA_002478,REPORTED_IN,Document,CHEMBL5247649,reported_in,Bioactivity is reported in respective document
Bioactivity,BA_002479,REPORTED_IN,Document,CHEMBL5247649,reported_in,Bioactivity is reported in respective document
Bioactivity,BA_002480,REPORTED_IN,Document,CHEMBL5247649,reported_in,Bioactivity is reported in respective document
Bioactivity,BA_002481,REPORTED_IN,Document,CHEMBL5247649,reported_in,Bioactivity is reported in respective document
Bioactivity,BA_002482,REPORTED_IN,Document,CHEMBL5247649,reported_in,Bioactivity is reported in respective document
Bioactivity,BA_002483,REPORTED_IN,Document,CHEMBL5247649,reported_in,Bioactivity is reported in respective document
Bioactivity,BA_002484,REPORTED_IN,Document,CHEMBL5247649,reported_in,Bioactivity is reported in respective document
Bioactivity,BA_002485,REPORTED_IN,Document,CHEMBL5247649,reported_in,Bioactivity is reported in respective document
Bioactivity,BA_002486,REPORTED_IN,Document,CHEMBL5247649,reported_in,Bioactivity is reported in respective document
Bioactivity,BA_002487,REPORTED_IN,Document,CHEMBL5247649,reported_in,Bioactivity is reported in respective document
Bioactivity,BA_002488,REPORTED_IN,Document,CHEMBL5247649,reported_in,Bioactivity is reported in respective document
Bioactivity,BA_002489,REPORTED_IN,Document,CHEMBL5247649,reported_in,Bioactivity is reported in respective document
Bioactivity,BA_002490,REPORTED_IN,Document,CHEMBL5252548,reported_in,Bioactivity is reported in respective document
Bioactivity,BA_002491,REPORTED_IN,Document,CHEMBL5252600,reported_in,Bioactivity is reported in respective document
Bioactivity,BA_002492,REPORTED_IN,Document,CHEMBL5329203,reported_in,Bioactivity is reported in respective document
Bioactivity,BA_002493,REPORTED_IN,Document,CHEMBL5329203,reported_in,Bioactivity is reported in respective document
Bioactivity,BA_002494,REPORTED_IN,Document,CHEMBL5505980,reported_in,Bioactivity is reported in respective document
Bioactivity,BA_002495,REPORTED_IN,Document,CHEMBL1201862,reported_in,Bioactivity is reported in respective document
Bioactivity,BA_002496,REPORTED_IN,Document,CHEMBL1201862,reported_in,Bioactivity is reported in respective document
Bioactivity,BA_002497,REPORTED_IN,Document,CHEMBL1201862,reported_in,Bioactivity is reported in respective document
Bioactivity,BA_002498,REPORTED_IN,Document,CHEMBL4392822,reported_in,Bioactivity is reported in respective document
Bioactivity,BA_002499,REPORTED_IN,Document,CHEMBL4482312,reported_in,Bioactivity is reported in respective document
Bioactivity,BA_002500,REPORTED_IN,Document,CHEMBL4482312,reported_in,Bioactivity is reported in respective document
Bioactivity,BA_002501,REPORTED_IN,Document,CHEMBL1221335,reported_in,Bioactivity is reported in respective document
Bioactivity,BA_002502,REPORTED_IN,Document,CHEMBL1221335,reported_in,Bioactivity is reported in respective document
Bioactivity,BA_002503,REPORTED_IN,Document,CHEMBL1201862,reported_in,Bioactivity is reported in respective document
Bioactivity,BA_002504,REPORTED_IN,Document,CHEMBL1201862,reported_in,Bioactivity is reported in respective document
Bioactivity,BA_002505,REPORTED_IN,Document,CHEMBL1201862,reported_in,Bioactivity is reported in respective document
Bioactivity,BA_002506,REPORTED_IN,Document,CHEMBL1201862,reported_in,Bioactivity is reported in respective document
Bioactivity,BA_002507,REPORTED_IN,Document,CHEMBL3627624,reported_in,Bioactivity is reported in respective document
Bioactivity,BA_002508,REPORTED_IN,Document,CHEMBL3627624,reported_in,Bioactivity is reported in respective document
Bioactivity,BA_002509,REPORTED_IN,Document,CHEMBL3627624,reported_in,Bioactivity is reported in respective document
Bioactivity,BA_002510,REPORTED_IN,Document,CHEMBL4229387,reported_in,Bioactivity is reported in respective document
Bioactivity,BA_002511,REPORTED_IN,Document,CHEMBL4808148,reported_in,Bioactivity is reported in respective document
Bioactivity,BA_002512,REPORTED_IN,Document,CHEMBL5390261,reported_in,Bioactivity is reported in respective document
Bioactivity,BA_002513,REPORTED_IN,Document,CHEMBL6114981,reported_in,Bioactivity is reported in respective document
Bioactivity,BA_002514,REPORTED_IN,Document,CHEMBL1141253,reported_in,Bioactivity is reported in respective document
Bioactivity,BA_002515,REPORTED_IN,Document,CHEMBL1201862,reported_in,Bioactivity is reported in respective document
Bioactivity,BA_002516,REPORTED_IN,Document,CHEMBL1201862,reported_in,Bioactivity is reported in respective document
Bioactivity,BA_002517,REPORTED_IN,Document,CHEMBL1201862,reported_in,Bioactivity is reported in respective document
Bioactivity,BA_002518,REPORTED_IN,Document,CHEMBL1201862,reported_in,Bioactivity is reported in respective document
Bioactivity,BA_002519,REPORTED_IN,Document,CHEMBL1201862,reported_in,Bioactivity is reported in respective document
Bioactivity,BA_002520,REPORTED_IN,Document,CHEMBL1201862,reported_in,Bioactivity is reported in respective document
Bioactivity,BA_002521,REPORTED_IN,Document,CHEMBL1158624,reported_in,Bioactivity is reported in respective document
Bioactivity,BA_002522,REPORTED_IN,Document,CHEMBL1201862,reported_in,Bioactivity is reported in respective document
Bioactivity,BA_002523,REPORTED_IN,Document,CHEMBL1201862,reported_in,Bioactivity is reported in respective document
Bioactivity,BA_002524,REPORTED_IN,Document,CHEMBL1201862,reported_in,Bioactivity is reported in respective document
Bioactivity,BA_002525,REPORTED_IN,Document,CHEMBL2331395,reported_in,Bioactivity is reported in respective document
Bioactivity,BA_002526,REPORTED_IN,Document,CHEMBL2331395,reported_in,Bioactivity is reported in respective document
Bioactivity,BA_002527,REPORTED_IN,Document,CHEMBL2331395,reported_in,Bioactivity is reported in respective document
Bioactivity,BA_002528,REPORTED_IN,Document,CHEMBL2331395,reported_in,Bioactivity is reported in respective document
Bioactivity,BA_002529,REPORTED_IN,Document,CHEMBL2331395,reported_in,Bioactivity is reported in respective document
Bioactivity,BA_002530,REPORTED_IN,Document,CHEMBL4342430,reported_in,Bioactivity is reported in respective document
Bioactivity,BA_002531,REPORTED_IN,Document,CHEMBL4342430,reported_in,Bioactivity is reported in respective document
Bioactivity,BA_002532,REPORTED_IN,Document,CHEMBL4342430,reported_in,Bioactivity is reported in respective document
Bioactivity,BA_002533,REPORTED_IN,Document,CHEMBL1201862,reported_in,Bioactivity is reported in respective document
Bioactivity,BA_002534,REPORTED_IN,Document,CHEMBL1201862,reported_in,Bioactivity is reported in respective document
Bioactivity,BA_002535,REPORTED_IN,Document,CHEMBL1201862,reported_in,Bioactivity is reported in respective document
Bioactivity,BA_002536,REPORTED_IN,Document,CHEMBL1201862,reported_in,Bioactivity is reported in respective document
Bioactivity,BA_002537,REPORTED_IN,Document,CHEMBL4033668,reported_in,Bioactivity is reported in respective document
Bioactivity,BA_002538,REPORTED_IN,Document,CHEMBL1201862,reported_in,Bioactivity is reported in respective document
Bioactivity,BA_002539,REPORTED_IN,Document,CHEMBL1201862,reported_in,Bioactivity is reported in respective document
Bioactivity,BA_002540,REPORTED_IN,Document,CHEMBL1667850,reported_in,Bioactivity is reported in respective document
Bioactivity,BA_002541,REPORTED_IN,Document,CHEMBL1201862,reported_in,Bioactivity is reported in respective document
Bioactivity,BA_002542,REPORTED_IN,Document,CHEMBL1201862,reported_in,Bioactivity is reported in respective document
Bioactivity,BA_002543,REPORTED_IN,Document,CHEMBL1926587,reported_in,Bioactivity is reported in respective document
Bioactivity,BA_002544,REPORTED_IN,Document,CHEMBL1201862,reported_in,Bioactivity is reported in respective document
Bioactivity,BA_002545,REPORTED_IN,Document,CHEMBL1201862,reported_in,Bioactivity is reported in respective document
Bioactivity,BA_002546,REPORTED_IN,Document,CHEMBL1201862,reported_in,Bioactivity is reported in respective document
Bioactivity,BA_002547,REPORTED_IN,Document,CHEMBL1201862,reported_in,Bioactivity is reported in respective document
Bioactivity,BA_002548,REPORTED_IN,Document,CHEMBL4118277,reported_in,Bioactivity is reported in respective document
Bioactivity,BA_002549,REPORTED_IN,Document,CHEMBL4431386,reported_in,Bioactivity is reported in respective document
Bioactivity,BA_002550,REPORTED_IN,Document,CHEMBL5137086,reported_in,Bioactivity is reported in respective document
Bioactivity,BA_002551,REPORTED_IN,Document,CHEMBL1123653,reported_in,Bioactivity is reported in respective document
Bioactivity,BA_002552,REPORTED_IN,Document,CHEMBL1142039,reported_in,Bioactivity is reported in respective document
Bioactivity,BA_002553,REPORTED_IN,Document,CHEMBL1155229,reported_in,Bioactivity is reported in respective document
Bioactivity,BA_002554,REPORTED_IN,Document,CHEMBL6087419,reported_in,Bioactivity is reported in respective document
Bioactivity,BA_002555,REPORTED_IN,Document,CHEMBL1201862,reported_in,Bioactivity is reported in respective document
Bioactivity,BA_002556,REPORTED_IN,Document,CHEMBL1201862,reported_in,Bioactivity is reported in respective document
Bioactivity,BA_002557,REPORTED_IN,Document,CHEMBL1201862,reported_in,Bioactivity is reported in respective document
Bioactivity,BA_002558,REPORTED_IN,Document,CHEMBL1201862,reported_in,Bioactivity is reported in respective document
Bioactivity,BA_002559,REPORTED_IN,Document,CHEMBL1201862,reported_in,Bioactivity is reported in respective document
Bioactivity,BA_002560,REPORTED_IN,Document,CHEMBL1201862,reported_in,Bioactivity is reported in respective document
Bioactivity,BA_002561,REPORTED_IN,Document,CHEMBL1201862,reported_in,Bioactivity is reported in respective document
Bioactivity,BA_002562,REPORTED_IN,Document,CHEMBL1909046,reported_in,Bioactivity is reported in respective document
Bioactivity,BA_002563,REPORTED_IN,Document,CHEMBL1909046,reported_in,Bioactivity is reported in respective document
Bioactivity,BA_002564,REPORTED_IN,Document,CHEMBL1909046,reported_in,Bioactivity is reported in respective document
Bioactivity,BA_002565,REPORTED_IN,Document,CHEMBL1201862,reported_in,Bioactivity is reported in respective document
Bioactivity,BA_002566,REPORTED_IN,Document,CHEMBL1201862,reported_in,Bioactivity is reported in respective document
Bioactivity,BA_002567,REPORTED_IN,Document,CHEMBL1201862,reported_in,Bioactivity is reported in respective document
Bioactivity,BA_002568,REPORTED_IN,Document,CHEMBL1201862,reported_in,Bioactivity is reported in respective document
Bioactivity,BA_002569,REPORTED_IN,Document,CHEMBL1201862,reported_in,Bioactivity is reported in respective document
Bioactivity,BA_002570,REPORTED_IN,Document,CHEMBL1145819,reported_in,Bioactivity is reported in respective document
Bioactivity,BA_002571,REPORTED_IN,Document,CHEMBL1145819,reported_in,Bioactivity is reported in respective document
Bioactivity,BA_002572,REPORTED_IN,Document,CHEMBL1127846,reported_in,Bioactivity is reported in respective document
Bioactivity,BA_002573,REPORTED_IN,Document,CHEMBL1127846,reported_in,Bioactivity is reported in respective document
Bioactivity,BA_002574,REPORTED_IN,Document,CHEMBL1133711,reported_in,Bioactivity is reported in respective document
Bioactivity,BA_002575,REPORTED_IN,Document,CHEMBL1129297,reported_in,Bioactivity is reported in respective document
Bioactivity,BA_002576,REPORTED_IN,Document,CHEMBL1126097,reported_in,Bioactivity is reported in respective document
Bioactivity,BA_002577,REPORTED_IN,Document,CHEMBL1126097,reported_in,Bioactivity is reported in respective document
Bioactivity,BA_002578,REPORTED_IN,Document,CHEMBL1125301,reported_in,Bioactivity is reported in respective document
Bioactivity,BA_002579,REPORTED_IN,Document,CHEMBL1125301,reported_in,Bioactivity is reported in respective document
Bioactivity,BA_002580,REPORTED_IN,Document,CHEMBL1148572,reported_in,Bioactivity is reported in respective document
Bioactivity,BA_002581,REPORTED_IN,Document,CHEMBL1148572,reported_in,Bioactivity is reported in respective document
Bioactivity,BA_002582,REPORTED_IN,Document,CHEMBL1139712,reported_in,Bioactivity is reported in respective document
Bioactivity,BA_002583,REPORTED_IN,Document,CHEMBL1158318,reported_in,Bioactivity is reported in respective document
Bioactivity,BA_002584,REPORTED_IN,Document,CHEMBL1201862,reported_in,Bioactivity is reported in respective document
Bioactivity,BA_002585,REPORTED_IN,Document,CHEMBL3580567,reported_in,Bioactivity is reported in respective document
Bioactivity,BA_002586,REPORTED_IN,Document,CHEMBL3580567,reported_in,Bioactivity is reported in respective document
Bioactivity,BA_002587,REPORTED_IN,Document,CHEMBL3580567,reported_in,Bioactivity is reported in respective document
Bioactivity,BA_002588,REPORTED_IN,Document,CHEMBL3580567,reported_in,Bioactivity is reported in respective document
Bioactivity,BA_002589,REPORTED_IN,Document,CHEMBL4840380,reported_in,Bioactivity is reported in respective document
Bioactivity,BA_002590,REPORTED_IN,Document,CHEMBL5357083,reported_in,Bioactivity is reported in respective document
Bioactivity,BA_002591,REPORTED_IN,Document,CHEMBL5357083,reported_in,Bioactivity is reported in respective document
Bioactivity,BA_002592,REPORTED_IN,Document,CHEMBL5357083,reported_in,Bioactivity is reported in respective document
Bioactivity,BA_002593,REPORTED_IN,Document,CHEMBL5357083,reported_in,Bioactivity is reported in respective document
Bioactivity,BA_002594,REPORTED_IN,Document,CHEMBL5357083,reported_in,Bioactivity is reported in respective document
Bioactivity,BA_002595,REPORTED_IN,Document,CHEMBL5357083,reported_in,Bioactivity is reported in respective document
Bioactivity,BA_002596,REPORTED_IN,Document,CHEMBL6153160,reported_in,Bioactivity is reported in respective document
Bioactivity,BA_002597,REPORTED_IN,Document,CHEMBL1132613,reported_in,Bioactivity is reported in respective document
Bioactivity,BA_002598,REPORTED_IN,Document,CHEMBL1132613,reported_in,Bioactivity is reported in respective document
Bioactivity,BA_002599,REPORTED_IN,Document,CHEMBL1132613,reported_in,Bioactivity is reported in respective document
Bioactivity,BA_002600,REPORTED_IN,Document,CHEMBL1158318,reported_in,Bioactivity is reported in respective document
Bioactivity,BA_002601,REPORTED_IN,Document,CHEMBL4840380,reported_in,Bioactivity is reported in respective document
Bioactivity,BA_002602,REPORTED_IN,Document,CHEMBL6109170,reported_in,Bioactivity is reported in respective document
Bioactivity,BA_002603,REPORTED_IN,Document,CHEMBL6109170,reported_in,Bioactivity is reported in respective document
Bioactivity,BA_002604,REPORTED_IN,Document,CHEMBL1125095,reported_in,Bioactivity is reported in respective document
Bioactivity,BA_002605,REPORTED_IN,Document,CHEMBL1131815,reported_in,Bioactivity is reported in respective document
Bioactivity,BA_002606,REPORTED_IN,Document,CHEMBL1131815,reported_in,Bioactivity is reported in respective document
Bioactivity,BA_002607,REPORTED_IN,Document,CHEMBL1129381,reported_in,Bioactivity is reported in respective document
Bioactivity,BA_002608,REPORTED_IN,Document,CHEMBL1129381,reported_in,Bioactivity is reported in respective document
Bioactivity,BA_002609,REPORTED_IN,Document,CHEMBL1136450,reported_in,Bioactivity is reported in respective document
Bioactivity,BA_002610,REPORTED_IN,Document,CHEMBL1136450,reported_in,Bioactivity is reported in respective document
Bioactivity,BA_002611,REPORTED_IN,Document,CHEMBL1136450,reported_in,Bioactivity is reported in respective document
Bioactivity,BA_002612,REPORTED_IN,Document,CHEMBL1131163,reported_in,Bioactivity is reported in respective document
Bioactivity,BA_002613,REPORTED_IN,Document,CHEMBL1133710,reported_in,Bioactivity is reported in respective document
Bioactivity,BA_002614,REPORTED_IN,Document,CHEMBL1133710,reported_in,Bioactivity is reported in respective document
Bioactivity,BA_002615,REPORTED_IN,Document,CHEMBL1133710,reported_in,Bioactivity is reported in respective document
Bioactivity,BA_002616,REPORTED_IN,Document,CHEMBL1133710,reported_in,Bioactivity is reported in respective document
Bioactivity,BA_002617,REPORTED_IN,Document,CHEMBL1133710,reported_in,Bioactivity is reported in respective document
Bioactivity,BA_002618,REPORTED_IN,Document,CHEMBL1133710,reported_in,Bioactivity is reported in respective document
Bioactivity,BA_002619,REPORTED_IN,Document,CHEMBL1133710,reported_in,Bioactivity is reported in respective document
Bioactivity,BA_002620,REPORTED_IN,Document,CHEMBL1133710,reported_in,Bioactivity is reported in respective document
Bioactivity,BA_002621,REPORTED_IN,Document,CHEMBL1133710,reported_in,Bioactivity is reported in respective document
Bioactivity,BA_002622,REPORTED_IN,Document,CHEMBL1133710,reported_in,Bioactivity is reported in respective document
Bioactivity,BA_002623,REPORTED_IN,Document,CHEMBL1133710,reported_in,Bioactivity is reported in respective document
Bioactivity,BA_002624,REPORTED_IN,Document,CHEMBL1133710,reported_in,Bioactivity is reported in respective document
Bioactivity,BA_002625,REPORTED_IN,Document,CHEMBL1133710,reported_in,Bioactivity is reported in respective document
Bioactivity,BA_002626,REPORTED_IN,Document,CHEMBL1133710,reported_in,Bioactivity is reported in respective document
Bioactivity,BA_002627,REPORTED_IN,Document,CHEMBL1128531,reported_in,Bioactivity is reported in respective document
Bioactivity,BA_002628,REPORTED_IN,Document,CHEMBL1128531,reported_in,Bioactivity is reported in respective document
Bioactivity,BA_002629,REPORTED_IN,Document,CHEMBL1128531,reported_in,Bioactivity is reported in respective document
Bioactivity,BA_002630,REPORTED_IN,Document,CHEMBL1128531,reported_in,Bioactivity is reported in respective document
Bioactivity,BA_002631,REPORTED_IN,Document,CHEMBL1129489,reported_in,Bioactivity is reported in respective document
Bioactivity,BA_002632,REPORTED_IN,Document,CHEMBL1130532,reported_in,Bioactivity is reported in respective document
Bioactivity,BA_002633,REPORTED_IN,Document,CHEMBL1130532,reported_in,Bioactivity is reported in respective document
Bioactivity,BA_002634,REPORTED_IN,Document,CHEMBL1122967,reported_in,Bioactivity is reported in respective document
Bioactivity,BA_002635,REPORTED_IN,Document,CHEMBL1148372,reported_in,Bioactivity is reported in respective document
Bioactivity,BA_002636,REPORTED_IN,Document,CHEMBL1148372,reported_in,Bioactivity is reported in respective document
Bioactivity,BA_002637,REPORTED_IN,Document,CHEMBL1143580,reported_in,Bioactivity is reported in respective document
Bioactivity,BA_002638,REPORTED_IN,Document,CHEMBL1137342,reported_in,Bioactivity is reported in respective document
Bioactivity,BA_002639,REPORTED_IN,Document,CHEMBL1137342,reported_in,Bioactivity is reported in respective document
Bioactivity,BA_002640,REPORTED_IN,Document,CHEMBL1137302,reported_in,Bioactivity is reported in respective document
Bioactivity,BA_002641,REPORTED_IN,Document,CHEMBL1140704,reported_in,Bioactivity is reported in respective document
Bioactivity,BA_002642,REPORTED_IN,Document,CHEMBL1140704,reported_in,Bioactivity is reported in respective document
Bioactivity,BA_002643,REPORTED_IN,Document,CHEMBL1142439,reported_in,Bioactivity is reported in respective document
Bioactivity,BA_002644,REPORTED_IN,Document,CHEMBL1142439,reported_in,Bioactivity is reported in respective document
Bioactivity,BA_002645,REPORTED_IN,Document,CHEMBL1142495,reported_in,Bioactivity is reported in respective document
Bioactivity,BA_002646,REPORTED_IN,Document,CHEMBL1142495,reported_in,Bioactivity is reported in respective document
Bioactivity,BA_002647,REPORTED_IN,Document,CHEMBL1142495,reported_in,Bioactivity is reported in respective document
Bioactivity,BA_002648,REPORTED_IN,Document,CHEMBL1142495,reported_in,Bioactivity is reported in respective document
Bioactivity,BA_002649,REPORTED_IN,Document,CHEMBL1142495,reported_in,Bioactivity is reported in respective document
Bioactivity,BA_002650,REPORTED_IN,Document,CHEMBL1142495,reported_in,Bioactivity is reported in respective document
Bioactivity,BA_002651,REPORTED_IN,Document,CHEMBL1152940,reported_in,Bioactivity is reported in respective document
Bioactivity,BA_002652,REPORTED_IN,Document,CHEMBL1157594,reported_in,Bioactivity is reported in respective document
Bioactivity,BA_002653,REPORTED_IN,Document,CHEMBL1157594,reported_in,Bioactivity is reported in respective document
Bioactivity,BA_002654,REPORTED_IN,Document,CHEMBL1157569,reported_in,Bioactivity is reported in respective document
Bioactivity,BA_002655,REPORTED_IN,Document,CHEMBL1221364,reported_in,Bioactivity is reported in respective document
Bioactivity,BA_002656,REPORTED_IN,Document,CHEMBL1201862,reported_in,Bioactivity is reported in respective document
Bioactivity,BA_002657,REPORTED_IN,Document,CHEMBL1201862,reported_in,Bioactivity is reported in respective document
Bioactivity,BA_002658,REPORTED_IN,Document,CHEMBL1201862,reported_in,Bioactivity is reported in respective document
Bioactivity,BA_002659,REPORTED_IN,Document,CHEMBL1201862,reported_in,Bioactivity is reported in respective document
Bioactivity,BA_002660,REPORTED_IN,Document,CHEMBL1201862,reported_in,Bioactivity is reported in respective document
Bioactivity,BA_002661,REPORTED_IN,Document,CHEMBL1201862,reported_in,Bioactivity is reported in respective document
Bioactivity,BA_002662,REPORTED_IN,Document,CHEMBL1201862,reported_in,Bioactivity is reported in respective document
Bioactivity,BA_002663,REPORTED_IN,Document,CHEMBL1201862,reported_in,Bioactivity is reported in respective document
Bioactivity,BA_002664,REPORTED_IN,Document,CHEMBL1201862,reported_in,Bioactivity is reported in respective document
Bioactivity,BA_002665,REPORTED_IN,Document,CHEMBL1201862,reported_in,Bioactivity is reported in respective document
Bioactivity,BA_002666,REPORTED_IN,Document,CHEMBL1201862,reported_in,Bioactivity is reported in respective document
Bioactivity,BA_002667,REPORTED_IN,Document,CHEMBL1201862,reported_in,Bioactivity is reported in respective document
Bioactivity,BA_002668,REPORTED_IN,Document,CHEMBL2062374,reported_in,Bioactivity is reported in respective document
Bioactivity,BA_002669,REPORTED_IN,Document,CHEMBL1201862,reported_in,Bioactivity is reported in respective document
Bioactivity,BA_002670,REPORTED_IN,Document,CHEMBL2151002,reported_in,Bioactivity is reported in respective document
Bioactivity,BA_002671,REPORTED_IN,Document,CHEMBL2151002,reported_in,Bioactivity is reported in respective document
Bioactivity,BA_002672,REPORTED_IN,Document,CHEMBL2177058,reported_in,Bioactivity is reported in respective document
Bioactivity,BA_002673,REPORTED_IN,Document,CHEMBL2177058,reported_in,Bioactivity is reported in respective document
Bioactivity,BA_002674,REPORTED_IN,Document,CHEMBL2177058,reported_in,Bioactivity is reported in respective document
Bioactivity,BA_002675,REPORTED_IN,Document,CHEMBL2177058,reported_in,Bioactivity is reported in respective document
Bioactivity,BA_002676,REPORTED_IN,Document,CHEMBL2177058,reported_in,Bioactivity is reported in respective document
Bioactivity,BA_002677,REPORTED_IN,Document,CHEMBL2203042,reported_in,Bioactivity is reported in respective document
Bioactivity,BA_002678,REPORTED_IN,Document,CHEMBL2203042,reported_in,Bioactivity is reported in respective document
Bioactivity,BA_002679,REPORTED_IN,Document,CHEMBL2331212,reported_in,Bioactivity is reported in respective document
Bioactivity,BA_002680,REPORTED_IN,Document,CHEMBL2331212,reported_in,Bioactivity is reported in respective document
Bioactivity,BA_002681,REPORTED_IN,Document,CHEMBL2331212,reported_in,Bioactivity is reported in respective document
Bioactivity,BA_002682,REPORTED_IN,Document,CHEMBL2331212,reported_in,Bioactivity is reported in respective document
Bioactivity,BA_002683,REPORTED_IN,Document,CHEMBL1201862,reported_in,Bioactivity is reported in respective document
Bioactivity,BA_002684,REPORTED_IN,Document,CHEMBL2385071,reported_in,Bioactivity is reported in respective document
Bioactivity,BA_002685,REPORTED_IN,Document,CHEMBL2385071,reported_in,Bioactivity is reported in respective document
Bioactivity,BA_002686,REPORTED_IN,Document,CHEMBL2384946,reported_in,Bioactivity is reported in respective document
Bioactivity,BA_002687,REPORTED_IN,Document,CHEMBL3085627,reported_in,Bioactivity is reported in respective document
Bioactivity,BA_002688,REPORTED_IN,Document,CHEMBL3098045,reported_in,Bioactivity is reported in respective document
Bioactivity,BA_002689,REPORTED_IN,Document,CHEMBL3098045,reported_in,Bioactivity is reported in respective document
Bioactivity,BA_002690,REPORTED_IN,Document,CHEMBL3124863,reported_in,Bioactivity is reported in respective document
Bioactivity,BA_002691,REPORTED_IN,Document,CHEMBL3124863,reported_in,Bioactivity is reported in respective document
Bioactivity,BA_002692,REPORTED_IN,Document,CHEMBL1201862,reported_in,Bioactivity is reported in respective document
Bioactivity,BA_002693,REPORTED_IN,Document,CHEMBL3286313,reported_in,Bioactivity is reported in respective document
Bioactivity,BA_002694,REPORTED_IN,Document,CHEMBL3286313,reported_in,Bioactivity is reported in respective document
Bioactivity,BA_002695,REPORTED_IN,Document,CHEMBL3286313,reported_in,Bioactivity is reported in respective document
Bioactivity,BA_002696,REPORTED_IN,Document,CHEMBL3286313,reported_in,Bioactivity is reported in respective document
Bioactivity,BA_002697,REPORTED_IN,Document,CHEMBL3390834,reported_in,Bioactivity is reported in respective document
Bioactivity,BA_002698,REPORTED_IN,Document,CHEMBL3739358,reported_in,Bioactivity is reported in respective document
Bioactivity,BA_002699,REPORTED_IN,Document,CHEMBL3739358,reported_in,Bioactivity is reported in respective document
Bioactivity,BA_002700,REPORTED_IN,Document,CHEMBL3797097,reported_in,Bioactivity is reported in respective document
Bioactivity,BA_002701,REPORTED_IN,Document,CHEMBL3797097,reported_in,Bioactivity is reported in respective document
Bioactivity,BA_002702,REPORTED_IN,Document,CHEMBL3797097,reported_in,Bioactivity is reported in respective document
Bioactivity,BA_002703,REPORTED_IN,Document,CHEMBL3797097,reported_in,Bioactivity is reported in respective document
Bioactivity,BA_002704,REPORTED_IN,Document,CHEMBL3797097,reported_in,Bioactivity is reported in respective document
Bioactivity,BA_002705,REPORTED_IN,Document,CHEMBL3797097,reported_in,Bioactivity is reported in respective document
Bioactivity,BA_002706,REPORTED_IN,Document,CHEMBL3797097,reported_in,Bioactivity is reported in respective document
Bioactivity,BA_002707,REPORTED_IN,Document,CHEMBL3797035,reported_in,Bioactivity is reported in respective document
Bioactivity,BA_002708,REPORTED_IN,Document,CHEMBL3872208,reported_in,Bioactivity is reported in respective document
Bioactivity,BA_002709,REPORTED_IN,Document,CHEMBL3880399,reported_in,Bioactivity is reported in respective document
Bioactivity,BA_002710,REPORTED_IN,Document,CHEMBL4007455,reported_in,Bioactivity is reported in respective document
Bioactivity,BA_002711,REPORTED_IN,Document,CHEMBL4007455,reported_in,Bioactivity is reported in respective document
Bioactivity,BA_002712,REPORTED_IN,Document,CHEMBL4007455,reported_in,Bioactivity is reported in respective document
Bioactivity,BA_002713,REPORTED_IN,Document,CHEMBL4007455,reported_in,Bioactivity is reported in respective document
Bioactivity,BA_002714,REPORTED_IN,Document,CHEMBL4007455,reported_in,Bioactivity is reported in respective document
Bioactivity,BA_002715,REPORTED_IN,Document,CHEMBL4007455,reported_in,Bioactivity is reported in respective document
Bioactivity,BA_002716,REPORTED_IN,Document,CHEMBL4007455,reported_in,Bioactivity is reported in respective document
Bioactivity,BA_002717,REPORTED_IN,Document,CHEMBL4007455,reported_in,Bioactivity is reported in respective document
Bioactivity,BA_002718,REPORTED_IN,Document,CHEMBL4007493,reported_in,Bioactivity is reported in respective document
Bioactivity,BA_002719,REPORTED_IN,Document,CHEMBL4007493,reported_in,Bioactivity is reported in respective document
Bioactivity,BA_002720,REPORTED_IN,Document,CHEMBL4014323,reported_in,Bioactivity is reported in respective document
Bioactivity,BA_002721,REPORTED_IN,Document,CHEMBL4014323,reported_in,Bioactivity is reported in respective document
Bioactivity,BA_002722,REPORTED_IN,Document,CHEMBL4014323,reported_in,Bioactivity is reported in respective document
Bioactivity,BA_002723,REPORTED_IN,Document,CHEMBL4043296,reported_in,Bioactivity is reported in respective document
Bioactivity,BA_002724,REPORTED_IN,Document,CHEMBL4043296,reported_in,Bioactivity is reported in respective document
Bioactivity,BA_002725,REPORTED_IN,Document,CHEMBL4257582,reported_in,Bioactivity is reported in respective document
Bioactivity,BA_002726,REPORTED_IN,Document,CHEMBL4257582,reported_in,Bioactivity is reported in respective document
Bioactivity,BA_002727,REPORTED_IN,Document,CHEMBL4270672,reported_in,Bioactivity is reported in respective document
Bioactivity,BA_002728,REPORTED_IN,Document,CHEMBL4270672,reported_in,Bioactivity is reported in respective document
Bioactivity,BA_002729,REPORTED_IN,Document,CHEMBL4339211,reported_in,Bioactivity is reported in respective document
Bioactivity,BA_002730,REPORTED_IN,Document,CHEMBL4364325,reported_in,Bioactivity is reported in respective document
Bioactivity,BA_002731,REPORTED_IN,Document,CHEMBL4402598,reported_in,Bioactivity is reported in respective document
Bioactivity,BA_002732,REPORTED_IN,Document,CHEMBL4402608,reported_in,Bioactivity is reported in respective document
Bioactivity,BA_002733,REPORTED_IN,Document,CHEMBL4402608,reported_in,Bioactivity is reported in respective document
Bioactivity,BA_002734,REPORTED_IN,Document,CHEMBL4402608,reported_in,Bioactivity is reported in respective document
Bioactivity,BA_002735,REPORTED_IN,Document,CHEMBL4402608,reported_in,Bioactivity is reported in respective document
Bioactivity,BA_002736,REPORTED_IN,Document,CHEMBL4402608,reported_in,Bioactivity is reported in respective document
Bioactivity,BA_002737,REPORTED_IN,Document,CHEMBL4402608,reported_in,Bioactivity is reported in respective document
Bioactivity,BA_002738,REPORTED_IN,Document,CHEMBL4402608,reported_in,Bioactivity is reported in respective document
Bioactivity,BA_002739,REPORTED_IN,Document,CHEMBL4402608,reported_in,Bioactivity is reported in respective document
Bioactivity,BA_002740,REPORTED_IN,Document,CHEMBL4402608,reported_in,Bioactivity is reported in respective document
Bioactivity,BA_002741,REPORTED_IN,Document,CHEMBL4428089,reported_in,Bioactivity is reported in respective document
Bioactivity,BA_002742,REPORTED_IN,Document,CHEMBL4428089,reported_in,Bioactivity is reported in respective document
Bioactivity,BA_002743,REPORTED_IN,Document,CHEMBL4433225,reported_in,Bioactivity is reported in respective document
Bioactivity,BA_002744,REPORTED_IN,Document,CHEMBL4433225,reported_in,Bioactivity is reported in respective document
Bioactivity,BA_002745,REPORTED_IN,Document,CHEMBL4433225,reported_in,Bioactivity is reported in respective document
Bioactivity,BA_002746,REPORTED_IN,Document,CHEMBL4433225,reported_in,Bioactivity is reported in respective document
Bioactivity,BA_002747,REPORTED_IN,Document,CHEMBL4433225,reported_in,Bioactivity is reported in respective document
Bioactivity,BA_002748,REPORTED_IN,Document,CHEMBL4699438,reported_in,Bioactivity is reported in respective document
Bioactivity,BA_002749,REPORTED_IN,Document,CHEMBL4699438,reported_in,Bioactivity is reported in respective document
Bioactivity,BA_002750,REPORTED_IN,Document,CHEMBL4706549,reported_in,Bioactivity is reported in respective document
Bioactivity,BA_002751,REPORTED_IN,Document,CHEMBL5034042,reported_in,Bioactivity is reported in respective document
Bioactivity,BA_002752,REPORTED_IN,Document,CHEMBL5046218,reported_in,Bioactivity is reported in respective document
Bioactivity,BA_002753,REPORTED_IN,Document,CHEMBL5104176,reported_in,Bioactivity is reported in respective document
Bioactivity,BA_002754,REPORTED_IN,Document,CHEMBL5104176,reported_in,Bioactivity is reported in respective document
Bioactivity,BA_002755,REPORTED_IN,Document,CHEMBL5104176,reported_in,Bioactivity is reported in respective document
Bioactivity,BA_002756,REPORTED_IN,Document,CHEMBL5236649,reported_in,Bioactivity is reported in respective document
Bioactivity,BA_002757,REPORTED_IN,Document,CHEMBL5236649,reported_in,Bioactivity is reported in respective document
Bioactivity,BA_002758,REPORTED_IN,Document,CHEMBL5321291,reported_in,Bioactivity is reported in respective document
Bioactivity,BA_002759,REPORTED_IN,Document,CHEMBL5321291,reported_in,Bioactivity is reported in respective document
Bioactivity,BA_002760,REPORTED_IN,Document,CHEMBL5321291,reported_in,Bioactivity is reported in respective document
Bioactivity,BA_002761,REPORTED_IN,Document,CHEMBL5321291,reported_in,Bioactivity is reported in respective document
Bioactivity,BA_002762,REPORTED_IN,Document,CHEMBL5321291,reported_in,Bioactivity is reported in respective document
Bioactivity,BA_002763,REPORTED_IN,Document,CHEMBL5331137,reported_in,Bioactivity is reported in respective document
Bioactivity,BA_002764,REPORTED_IN,Document,CHEMBL5331137,reported_in,Bioactivity is reported in respective document
Bioactivity,BA_002765,REPORTED_IN,Document,CHEMBL5331137,reported_in,Bioactivity is reported in respective document
Bioactivity,BA_002766,REPORTED_IN,Document,CHEMBL5360615,reported_in,Bioactivity is reported in respective document
Bioactivity,BA_002767,REPORTED_IN,Document,CHEMBL5360615,reported_in,Bioactivity is reported in respective document
Bioactivity,BA_002768,REPORTED_IN,Document,CHEMBL5380776,reported_in,Bioactivity is reported in respective document
Bioactivity,BA_002769,REPORTED_IN,Document,CHEMBL5380776,reported_in,Bioactivity is reported in respective document
Bioactivity,BA_002770,REPORTED_IN,Document,CHEMBL5523761,reported_in,Bioactivity is reported in respective document
Bioactivity,BA_002771,REPORTED_IN,Document,CHEMBL5523761,reported_in,Bioactivity is reported in respective document
Bioactivity,BA_002772,REPORTED_IN,Document,CHEMBL5523761,reported_in,Bioactivity is reported in respective document
Bioactivity,BA_002773,REPORTED_IN,Document,CHEMBL5523761,reported_in,Bioactivity is reported in respective document
Bioactivity,BA_002774,REPORTED_IN,Document,CHEMBL5523761,reported_in,Bioactivity is reported in respective document
Bioactivity,BA_002775,REPORTED_IN,Document,CHEMBL5537153,reported_in,Bioactivity is reported in respective document
Bioactivity,BA_002776,REPORTED_IN,Document,CHEMBL5715957,reported_in,Bioactivity is reported in respective document
Bioactivity,BA_002777,REPORTED_IN,Document,CHEMBL5715957,reported_in,Bioactivity is reported in respective document
Bioactivity,BA_002778,REPORTED_IN,Document,CHEMBL5715957,reported_in,Bioactivity is reported in respective document
Bioactivity,BA_002779,REPORTED_IN,Document,CHEMBL5715957,reported_in,Bioactivity is reported in respective document
Bioactivity,BA_002780,REPORTED_IN,Document,CHEMBL6109138,reported_in,Bioactivity is reported in respective document
Bioactivity,BA_002781,REPORTED_IN,Document,CHEMBL6109138,reported_in,Bioactivity is reported in respective document
Bioactivity,BA_002782,REPORTED_IN,Document,CHEMBL6109138,reported_in,Bioactivity is reported in respective document
Bioactivity,BA_002783,REPORTED_IN,Document,CHEMBL1140636,reported_in,Bioactivity is reported in respective document
Bioactivity,BA_002784,REPORTED_IN,Document,CHEMBL1140636,reported_in,Bioactivity is reported in respective document
Bioactivity,BA_002785,REPORTED_IN,Document,CHEMBL1140636,reported_in,Bioactivity is reported in respective document
Bioactivity,BA_002786,REPORTED_IN,Document,CHEMBL1221335,reported_in,Bioactivity is reported in respective document
Bioactivity,BA_002787,REPORTED_IN,Document,CHEMBL1221335,reported_in,Bioactivity is reported in respective document
Bioactivity,BA_002788,REPORTED_IN,Document,CHEMBL1221335,reported_in,Bioactivity is reported in respective document
Bioactivity,BA_002789,REPORTED_IN,Document,CHEMBL1201862,reported_in,Bioactivity is reported in respective document
Bioactivity,BA_002790,REPORTED_IN,Document,CHEMBL1201862,reported_in,Bioactivity is reported in respective document
Bioactivity,BA_002791,REPORTED_IN,Document,CHEMBL1201862,reported_in,Bioactivity is reported in respective document
Bioactivity,BA_002792,REPORTED_IN,Document,CHEMBL1777768,reported_in,Bioactivity is reported in respective document
Bioactivity,BA_002793,REPORTED_IN,Document,CHEMBL1777768,reported_in,Bioactivity is reported in respective document
Bioactivity,BA_002794,REPORTED_IN,Document,CHEMBL1201862,reported_in,Bioactivity is reported in respective document
Bioactivity,BA_002795,REPORTED_IN,Document,CHEMBL1201862,reported_in,Bioactivity is reported in respective document
Bioactivity,BA_002796,REPORTED_IN,Document,CHEMBL1201862,reported_in,Bioactivity is reported in respective document
Bioactivity,BA_002797,REPORTED_IN,Document,CHEMBL1201862,reported_in,Bioactivity is reported in respective document
Bioactivity,BA_002798,REPORTED_IN,Document,CHEMBL3879906,reported_in,Bioactivity is reported in respective document
Bioactivity,BA_002799,REPORTED_IN,Document,CHEMBL3879906,reported_in,Bioactivity is reported in respective document
Bioactivity,BA_002800,REPORTED_IN,Document,CHEMBL3879906,reported_in,Bioactivity is reported in respective document
Bioactivity,BA_002801,REPORTED_IN,Document,CHEMBL4033668,reported_in,Bioactivity is reported in respective document
Bioactivity,BA_002802,REPORTED_IN,Document,CHEMBL4041501,reported_in,Bioactivity is reported in respective document
Bioactivity,BA_002803,REPORTED_IN,Document,CHEMBL4041501,reported_in,Bioactivity is reported in respective document
Bioactivity,BA_002804,REPORTED_IN,Document,CHEMBL4041501,reported_in,Bioactivity is reported in respective document
Bioactivity,BA_002805,REPORTED_IN,Document,CHEMBL4041501,reported_in,Bioactivity is reported in respective document
Bioactivity,BA_002806,REPORTED_IN,Document,CHEMBL4118277,reported_in,Bioactivity is reported in respective document
Bioactivity,BA_002807,REPORTED_IN,Document,CHEMBL4368908,reported_in,Bioactivity is reported in respective document
Bioactivity,BA_002808,REPORTED_IN,Document,CHEMBL4813934,reported_in,Bioactivity is reported in respective document
Bioactivity,BA_002809,REPORTED_IN,Document,CHEMBL4813934,reported_in,Bioactivity is reported in respective document
Bioactivity,BA_002810,REPORTED_IN,Document,CHEMBL4813934,reported_in,Bioactivity is reported in respective document
Bioactivity,BA_002811,REPORTED_IN,Document,CHEMBL5356963,reported_in,Bioactivity is reported in respective document
Bioactivity,BA_002812,REPORTED_IN,Document,CHEMBL1123653,reported_in,Bioactivity is reported in respective document
Bioactivity,BA_002813,REPORTED_IN,Document,CHEMBL1133711,reported_in,Bioactivity is reported in respective document
Bioactivity,BA_002814,REPORTED_IN,Document,CHEMBL1129297,reported_in,Bioactivity is reported in respective document
Bioactivity,BA_002815,REPORTED_IN,Document,CHEMBL1129297,reported_in,Bioactivity is reported in respective document
Bioactivity,BA_002816,REPORTED_IN,Document,CHEMBL1129297,reported_in,Bioactivity is reported in respective document
Bioactivity,BA_002817,REPORTED_IN,Document,CHEMBL1201862,reported_in,Bioactivity is reported in respective document
Bioactivity,BA_002818,REPORTED_IN,Document,CHEMBL2346663,reported_in,Bioactivity is reported in respective document
Bioactivity,BA_002819,REPORTED_IN,Document,CHEMBL1201862,reported_in,Bioactivity is reported in respective document
Bioactivity,BA_002820,REPORTED_IN,Document,CHEMBL1201862,reported_in,Bioactivity is reported in respective document
Bioactivity,BA_002821,REPORTED_IN,Document,CHEMBL3351908,reported_in,Bioactivity is reported in respective document
Bioactivity,BA_002822,REPORTED_IN,Document,CHEMBL3526117,reported_in,Bioactivity is reported in respective document
Bioactivity,BA_002823,REPORTED_IN,Document,CHEMBL3526117,reported_in,Bioactivity is reported in respective document
Bioactivity,BA_002824,REPORTED_IN,Document,CHEMBL4342419,reported_in,Bioactivity is reported in respective document
Bioactivity,BA_002825,REPORTED_IN,Document,CHEMBL5034042,reported_in,Bioactivity is reported in respective document
Bioactivity,BA_002826,REPORTED_IN,Document,CHEMBL1667861,reported_in,Bioactivity is reported in respective document
Bioactivity,BA_002827,REPORTED_IN,Document,CHEMBL1667861,reported_in,Bioactivity is reported in respective document
Bioactivity,BA_002828,REPORTED_IN,Document,CHEMBL1667861,reported_in,Bioactivity is reported in respective document
Bioactivity,BA_002829,REPORTED_IN,Document,CHEMBL1667861,reported_in,Bioactivity is reported in respective document
Bioactivity,BA_002830,REPORTED_IN,Document,CHEMBL2331404,reported_in,Bioactivity is reported in respective document
Bioactivity,BA_002831,REPORTED_IN,Document,CHEMBL2331404,reported_in,Bioactivity is reported in respective document
Bioactivity,BA_002832,REPORTED_IN,Document,CHEMBL1201862,reported_in,Bioactivity is reported in respective document
Bioactivity,BA_002833,REPORTED_IN,Document,CHEMBL1201862,reported_in,Bioactivity is reported in respective document
Bioactivity,BA_002834,REPORTED_IN,Document,CHEMBL1201862,reported_in,Bioactivity is reported in respective document
Bioactivity,BA_002835,REPORTED_IN,Document,CHEMBL1201862,reported_in,Bioactivity is reported in respective document
Bioactivity,BA_002836,REPORTED_IN,Document,CHEMBL1201862,reported_in,Bioactivity is reported in respective document
Bioactivity,BA_002837,REPORTED_IN,Document,CHEMBL1201862,reported_in,Bioactivity is reported in respective document
Bioactivity,BA_002838,REPORTED_IN,Document,CHEMBL1201862,reported_in,Bioactivity is reported in respective document
Bioactivity,BA_002839,REPORTED_IN,Document,CHEMBL1201862,reported_in,Bioactivity is reported in respective document
Bioactivity,BA_002840,REPORTED_IN,Document,CHEMBL1201862,reported_in,Bioactivity is reported in respective document
Bioactivity,BA_002841,REPORTED_IN,Document,CHEMBL1938238,reported_in,Bioactivity is reported in respective document
Bioactivity,BA_002842,REPORTED_IN,Document,CHEMBL3627624,reported_in,Bioactivity is reported in respective document
Bioactivity,BA_002843,REPORTED_IN,Document,CHEMBL3627624,reported_in,Bioactivity is reported in respective document
Bioactivity,BA_002844,REPORTED_IN,Document,CHEMBL3627624,reported_in,Bioactivity is reported in respective document
Bioactivity,BA_002845,REPORTED_IN,Document,CHEMBL3627624,reported_in,Bioactivity is reported in respective document
Bioactivity,BA_002846,REPORTED_IN,Document,CHEMBL3627624,reported_in,Bioactivity is reported in respective document
Bioactivity,BA_002847,REPORTED_IN,Document,CHEMBL3627624,reported_in,Bioactivity is reported in respective document
Bioactivity,BA_002848,REPORTED_IN,Document,CHEMBL4033690,reported_in,Bioactivity is reported in respective document
Bioactivity,BA_002849,REPORTED_IN,Document,CHEMBL4308904,reported_in,Bioactivity is reported in respective document
Bioactivity,BA_002850,REPORTED_IN,Document,CHEMBL4308904,reported_in,Bioactivity is reported in respective document
Bioactivity,BA_002851,REPORTED_IN,Document,CHEMBL5136976,reported_in,Bioactivity is reported in respective document
Bioactivity,BA_002852,REPORTED_IN,Document,CHEMBL5385922,reported_in,Bioactivity is reported in respective document
Bioactivity,BA_002853,REPORTED_IN,Document,CHEMBL6078690,reported_in,Bioactivity is reported in respective document
Bioactivity,BA_002854,REPORTED_IN,Document,CHEMBL1201862,reported_in,Bioactivity is reported in respective document
Bioactivity,BA_002855,REPORTED_IN,Document,CHEMBL1201862,reported_in,Bioactivity is reported in respective document
Bioactivity,BA_002856,REPORTED_IN,Document,CHEMBL1201862,reported_in,Bioactivity is reported in respective document
Bioactivity,BA_002857,REPORTED_IN,Document,CHEMBL5523761,reported_in,Bioactivity is reported in respective document
Bioactivity,BA_002858,REPORTED_IN,Document,CHEMBL5523761,reported_in,Bioactivity is reported in respective document
Bioactivity,BA_002859,REPORTED_IN,Document,CHEMBL5357013,reported_in,Bioactivity is reported in respective document
Bioactivity,BA_002860,REPORTED_IN,Document,CHEMBL5370537,reported_in,Bioactivity is reported in respective document
Bioactivity,BA_002861,REPORTED_IN,Document,CHEMBL5370537,reported_in,Bioactivity is reported in respective document
Bioactivity,BA_002862,REPORTED_IN,Document,CHEMBL5370537,reported_in,Bioactivity is reported in respective document
Bioactivity,BA_002863,REPORTED_IN,Document,CHEMBL1201862,reported_in,Bioactivity is reported in respective document
Bioactivity,BA_002864,REPORTED_IN,Document,CHEMBL5512615,reported_in,Bioactivity is reported in respective document
Bioactivity,BA_002865,REPORTED_IN,Document,CHEMBL4257488,reported_in,Bioactivity is reported in respective document
Bioactivity,BA_002866,REPORTED_IN,Document,CHEMBL4257488,reported_in,Bioactivity is reported in respective document
Bioactivity,BA_002867,REPORTED_IN,Document,CHEMBL4257488,reported_in,Bioactivity is reported in respective document
Bioactivity,BA_002868,REPORTED_IN,Document,CHEMBL1145574,reported_in,Bioactivity is reported in respective document
Bioactivity,BA_002869,REPORTED_IN,Document,CHEMBL1155782,reported_in,Bioactivity is reported in respective document
Bioactivity,BA_002870,REPORTED_IN,Document,CHEMBL1155782,reported_in,Bioactivity is reported in respective document
Bioactivity,BA_002871,REPORTED_IN,Document,CHEMBL1155782,reported_in,Bioactivity is reported in respective document
Bioactivity,BA_002872,REPORTED_IN,Document,CHEMBL1201862,reported_in,Bioactivity is reported in respective document
Bioactivity,BA_002873,REPORTED_IN,Document,CHEMBL1201862,reported_in,Bioactivity is reported in respective document
Bioactivity,BA_002874,REPORTED_IN,Document,CHEMBL1201862,reported_in,Bioactivity is reported in respective document
Bioactivity,BA_002875,REPORTED_IN,Document,CHEMBL1201862,reported_in,Bioactivity is reported in respective document
Bioactivity,BA_002876,REPORTED_IN,Document,CHEMBL1201862,reported_in,Bioactivity is reported in respective document
Bioactivity,BA_002877,REPORTED_IN,Document,CHEMBL1201862,reported_in,Bioactivity is reported in respective document
Bioactivity,BA_002878,REPORTED_IN,Document,CHEMBL1201862,reported_in,Bioactivity is reported in respective document
Bioactivity,BA_002879,REPORTED_IN,Document,CHEMBL1201862,reported_in,Bioactivity is reported in respective document
Bioactivity,BA_002880,REPORTED_IN,Document,CHEMBL1201862,reported_in,Bioactivity is reported in respective document
Bioactivity,BA_002881,REPORTED_IN,Document,CHEMBL1201862,reported_in,Bioactivity is reported in respective document
Bioactivity,BA_002882,REPORTED_IN,Document,CHEMBL1201862,reported_in,Bioactivity is reported in respective document
Bioactivity,BA_002883,REPORTED_IN,Document,CHEMBL1201862,reported_in,Bioactivity is reported in respective document
Bioactivity,BA_002884,REPORTED_IN,Document,CHEMBL1148457,reported_in,Bioactivity is reported in respective document
Bioactivity,BA_002885,REPORTED_IN,Document,CHEMBL1142400,reported_in,Bioactivity is reported in respective document
Bioactivity,BA_002886,REPORTED_IN,Document,CHEMBL1201862,reported_in,Bioactivity is reported in respective document
Bioactivity,BA_002887,REPORTED_IN,Document,CHEMBL1201862,reported_in,Bioactivity is reported in respective document
Bioactivity,BA_002888,REPORTED_IN,Document,CHEMBL1201862,reported_in,Bioactivity is reported in respective document
Bioactivity,BA_002889,REPORTED_IN,Document,CHEMBL1201862,reported_in,Bioactivity is reported in respective document
Bioactivity,BA_002890,REPORTED_IN,Document,CHEMBL1201862,reported_in,Bioactivity is reported in respective document
Bioactivity,BA_002891,REPORTED_IN,Document,CHEMBL1201862,reported_in,Bioactivity is reported in respective document
Bioactivity,BA_002892,REPORTED_IN,Document,CHEMBL1201862,reported_in,Bioactivity is reported in respective document
Bioactivity,BA_002893,REPORTED_IN,Document,CHEMBL1201862,reported_in,Bioactivity is reported in respective document
Bioactivity,BA_002894,REPORTED_IN,Document,CHEMBL1133759,reported_in,Bioactivity is reported in respective document
Bioactivity,BA_002895,REPORTED_IN,Document,CHEMBL1133759,reported_in,Bioactivity is reported in respective document
Bioactivity,BA_002896,REPORTED_IN,Document,CHEMBL1133759,reported_in,Bioactivity is reported in respective document
Bioactivity,BA_002897,REPORTED_IN,Document,CHEMBL1133759,reported_in,Bioactivity is reported in respective document
Bioactivity,BA_002898,REPORTED_IN,Document,CHEMBL1133759,reported_in,Bioactivity is reported in respective document
Bioactivity,BA_002899,REPORTED_IN,Document,CHEMBL1133831,reported_in,Bioactivity is reported in respective document
Bioactivity,BA_002900,REPORTED_IN,Document,CHEMBL1128399,reported_in,Bioactivity is reported in respective document
Bioactivity,BA_002901,REPORTED_IN,Document,CHEMBL1128399,reported_in,Bioactivity is reported in respective document
Bioactivity,BA_002902,REPORTED_IN,Document,CHEMBL1128399,reported_in,Bioactivity is reported in respective document
Bioactivity,BA_002903,REPORTED_IN,Document,CHEMBL1128399,reported_in,Bioactivity is reported in respective document
Bioactivity,BA_002904,REPORTED_IN,Document,CHEMBL1128399,reported_in,Bioactivity is reported in respective document
Bioactivity,BA_002905,REPORTED_IN,Document,CHEMBL1126443,reported_in,Bioactivity is reported in respective document
Bioactivity,BA_002906,REPORTED_IN,Document,CHEMBL1131636,reported_in,Bioactivity is reported in respective document
Bioactivity,BA_002907,REPORTED_IN,Document,CHEMBL1131636,reported_in,Bioactivity is reported in respective document
Bioactivity,BA_002908,REPORTED_IN,Document,CHEMBL1131636,reported_in,Bioactivity is reported in respective document
Bioactivity,BA_002909,REPORTED_IN,Document,CHEMBL1131636,reported_in,Bioactivity is reported in respective document
Bioactivity,BA_002910,REPORTED_IN,Document,CHEMBL1143946,reported_in,Bioactivity is reported in respective document
Bioactivity,BA_002911,REPORTED_IN,Document,CHEMBL1143946,reported_in,Bioactivity is reported in respective document
Bioactivity,BA_002912,REPORTED_IN,Document,CHEMBL1201862,reported_in,Bioactivity is reported in respective document
Bioactivity,BA_002913,REPORTED_IN,Document,CHEMBL1201862,reported_in,Bioactivity is reported in respective document
Bioactivity,BA_002914,REPORTED_IN,Document,CHEMBL1201862,reported_in,Bioactivity is reported in respective document
Bioactivity,BA_002915,REPORTED_IN,Document,CHEMBL1201862,reported_in,Bioactivity is reported in respective document
Bioactivity,BA_002916,REPORTED_IN,Document,CHEMBL1201862,reported_in,Bioactivity is reported in respective document
Bioactivity,BA_002917,REPORTED_IN,Document,CHEMBL3399973,reported_in,Bioactivity is reported in respective document
Bioactivity,BA_002918,REPORTED_IN,Document,CHEMBL4049434,reported_in,Bioactivity is reported in respective document
Bioactivity,BA_002919,REPORTED_IN,Document,CHEMBL4049434,reported_in,Bioactivity is reported in respective document
Bioactivity,BA_002920,REPORTED_IN,Document,CHEMBL4304767,reported_in,Bioactivity is reported in respective document
Bioactivity,BA_002921,REPORTED_IN,Document,CHEMBL4304767,reported_in,Bioactivity is reported in respective document
Bioactivity,BA_002922,REPORTED_IN,Document,CHEMBL4602702,reported_in,Bioactivity is reported in respective document
Bioactivity,BA_002923,REPORTED_IN,Document,CHEMBL4602702,reported_in,Bioactivity is reported in respective document
Bioactivity,BA_002924,REPORTED_IN,Document,CHEMBL4602702,reported_in,Bioactivity is reported in respective document
Bioactivity,BA_002925,REPORTED_IN,Document,CHEMBL1201862,reported_in,Bioactivity is reported in respective document
Bioactivity,BA_002926,REPORTED_IN,Document,CHEMBL1201862,reported_in,Bioactivity is reported in respective document
Bioactivity,BA_002927,REPORTED_IN,Document,CHEMBL1201862,reported_in,Bioactivity is reported in respective document
Bioactivity,BA_002928,REPORTED_IN,Document,CHEMBL1201862,reported_in,Bioactivity is reported in respective document
Bioactivity,BA_002929,REPORTED_IN,Document,CHEMBL1201862,reported_in,Bioactivity is reported in respective document
Bioactivity,BA_002930,REPORTED_IN,Document,CHEMBL1201862,reported_in,Bioactivity is reported in respective document
Bioactivity,BA_002931,REPORTED_IN,Document,CHEMBL1201862,reported_in,Bioactivity is reported in respective document
Bioactivity,BA_002932,REPORTED_IN,Document,CHEMBL1201862,reported_in,Bioactivity is reported in respective document
Bioactivity,BA_002933,REPORTED_IN,Document,CHEMBL1201862,reported_in,Bioactivity is reported in respective document
Bioactivity,BA_002934,REPORTED_IN,Document,CHEMBL1201862,reported_in,Bioactivity is reported in respective document
Bioactivity,BA_002935,REPORTED_IN,Document,CHEMBL1141174,reported_in,Bioactivity is reported in respective document
Bioactivity,BA_002936,REPORTED_IN,Document,CHEMBL1201862,reported_in,Bioactivity is reported in respective document
Bioactivity,BA_002937,REPORTED_IN,Document,CHEMBL1201862,reported_in,Bioactivity is reported in respective document
Bioactivity,BA_002938,REPORTED_IN,Document,CHEMBL1201862,reported_in,Bioactivity is reported in respective document
Bioactivity,BA_002939,REPORTED_IN,Document,CHEMBL1151314,reported_in,Bioactivity is reported in respective document
Bioactivity,BA_002940,REPORTED_IN,Document,CHEMBL4616647,reported_in,Bioactivity is reported in respective document
Bioactivity,BA_002941,REPORTED_IN,Document,CHEMBL1145574,reported_in,Bioactivity is reported in respective document
Bioactivity,BA_002942,REPORTED_IN,Document,CHEMBL1155782,reported_in,Bioactivity is reported in respective document
Bioactivity,BA_002943,REPORTED_IN,Document,CHEMBL1155782,reported_in,Bioactivity is reported in respective document
Bioactivity,BA_002944,REPORTED_IN,Document,CHEMBL1201862,reported_in,Bioactivity is reported in respective document
Bioactivity,BA_002945,REPORTED_IN,Document,CHEMBL1201862,reported_in,Bioactivity is reported in respective document
Bioactivity,BA_002946,REPORTED_IN,Document,CHEMBL1201862,reported_in,Bioactivity is reported in respective document
Bioactivity,BA_002947,REPORTED_IN,Document,CHEMBL1201862,reported_in,Bioactivity is reported in respective document
Bioactivity,BA_002948,REPORTED_IN,Document,CHEMBL1201862,reported_in,Bioactivity is reported in respective document
Bioactivity,BA_002949,REPORTED_IN,Document,CHEMBL1201862,reported_in,Bioactivity is reported in respective document
Bioactivity,BA_002950,REPORTED_IN,Document,CHEMBL1201862,reported_in,Bioactivity is reported in respective document
Bioactivity,BA_002951,REPORTED_IN,Document,CHEMBL1201862,reported_in,Bioactivity is reported in respective document
Bioactivity,BA_002952,REPORTED_IN,Document,CHEMBL1201862,reported_in,Bioactivity is reported in respective document
Bioactivity,BA_002953,REPORTED_IN,Document,CHEMBL1142943,reported_in,Bioactivity is reported in respective document
Bioactivity,BA_002954,REPORTED_IN,Document,CHEMBL1142943,reported_in,Bioactivity is reported in respective document
Bioactivity,BA_002955,REPORTED_IN,Document,CHEMBL1142943,reported_in,Bioactivity is reported in respective document
Bioactivity,BA_002956,REPORTED_IN,Document,CHEMBL1157025,reported_in,Bioactivity is reported in respective document
Bioactivity,BA_002957,REPORTED_IN,Document,CHEMBL1201862,reported_in,Bioactivity is reported in respective document
Bioactivity,BA_002958,REPORTED_IN,Document,CHEMBL1201862,reported_in,Bioactivity is reported in respective document
Bioactivity,BA_002959,REPORTED_IN,Document,CHEMBL1201862,reported_in,Bioactivity is reported in respective document
Bioactivity,BA_002960,REPORTED_IN,Document,CHEMBL1201862,reported_in,Bioactivity is reported in respective document
Bioactivity,BA_002961,REPORTED_IN,Document,CHEMBL1201862,reported_in,Bioactivity is reported in respective document
Bioactivity,BA_002962,REPORTED_IN,Document,CHEMBL1201862,reported_in,Bioactivity is reported in respective document
Bioactivity,BA_002963,REPORTED_IN,Document,CHEMBL1201862,reported_in,Bioactivity is reported in respective document
Bioactivity,BA_002964,REPORTED_IN,Document,CHEMBL1201862,reported_in,Bioactivity is reported in respective document
Bioactivity,BA_002965,REPORTED_IN,Document,CHEMBL2331379,reported_in,Bioactivity is reported in respective document
Bioactivity,BA_002966,REPORTED_IN,Document,CHEMBL3351774,reported_in,Bioactivity is reported in respective document
Bioactivity,BA_002967,REPORTED_IN,Document,CHEMBL4177545,reported_in,Bioactivity is reported in respective document
Bioactivity,BA_002968,REPORTED_IN,Document,CHEMBL4699438,reported_in,Bioactivity is reported in respective document
Bioactivity,BA_002969,REPORTED_IN,Document,CHEMBL5512629,reported_in,Bioactivity is reported in respective document
Bioactivity,BA_002970,REPORTED_IN,Document,CHEMBL1201862,reported_in,Bioactivity is reported in respective document
Bioactivity,BA_002971,REPORTED_IN,Document,CHEMBL1201862,reported_in,Bioactivity is reported in respective document
Bioactivity,BA_002972,REPORTED_IN,Document,CHEMBL1201862,reported_in,Bioactivity is reported in respective document
Bioactivity,BA_002973,REPORTED_IN,Document,CHEMBL1201862,reported_in,Bioactivity is reported in respective document
Bioactivity,BA_002974,REPORTED_IN,Document,CHEMBL1201862,reported_in,Bioactivity is reported in respective document
Bioactivity,BA_002975,REPORTED_IN,Document,CHEMBL1201862,reported_in,Bioactivity is reported in respective document
Bioactivity,BA_002976,REPORTED_IN,Document,CHEMBL1126157,reported_in,Bioactivity is reported in respective document
Bioactivity,BA_002977,REPORTED_IN,Document,CHEMBL1201862,reported_in,Bioactivity is reported in respective document
Bioactivity,BA_002978,REPORTED_IN,Document,CHEMBL1759976,reported_in,Bioactivity is reported in respective document
Bioactivity,BA_002979,REPORTED_IN,Document,CHEMBL1759976,reported_in,Bioactivity is reported in respective document
Bioactivity,BA_002980,REPORTED_IN,Document,CHEMBL1201862,reported_in,Bioactivity is reported in respective document
Bioactivity,BA_002981,REPORTED_IN,Document,CHEMBL1201862,reported_in,Bioactivity is reported in respective document
Bioactivity,BA_002982,REPORTED_IN,Document,CHEMBL1201862,reported_in,Bioactivity is reported in respective document
Bioactivity,BA_002983,REPORTED_IN,Document,CHEMBL1201862,reported_in,Bioactivity is reported in respective document
Bioactivity,BA_002984,REPORTED_IN,Document,CHEMBL1201862,reported_in,Bioactivity is reported in respective document
Bioactivity,BA_002985,REPORTED_IN,Document,CHEMBL1129481,reported_in,Bioactivity is reported in respective document
Bioactivity,BA_002986,REPORTED_IN,Document,CHEMBL1201862,reported_in,Bioactivity is reported in respective document
Bioactivity,BA_002987,REPORTED_IN,Document,CHEMBL1201862,reported_in,Bioactivity is reported in respective document
Bioactivity,BA_002988,REPORTED_IN,Document,CHEMBL1145019,reported_in,Bioactivity is reported in respective document
Bioactivity,BA_002989,REPORTED_IN,Document,CHEMBL1147037,reported_in,Bioactivity is reported in respective document
Bioactivity,BA_002990,REPORTED_IN,Document,CHEMBL1147037,reported_in,Bioactivity is reported in respective document
Bioactivity,BA_002991,REPORTED_IN,Document,CHEMBL1144851,reported_in,Bioactivity is reported in respective document
Bioactivity,BA_002992,REPORTED_IN,Document,CHEMBL5661985,reported_in,Bioactivity is reported in respective document
Bioactivity,BA_002993,REPORTED_IN,Document,CHEMBL5661985,reported_in,Bioactivity is reported in respective document
Bioactivity,BA_002994,REPORTED_IN,Document,CHEMBL1140124,reported_in,Bioactivity is reported in respective document
Bioactivity,BA_002995,REPORTED_IN,Document,CHEMBL5120854,reported_in,Bioactivity is reported in respective document
Bioactivity,BA_002996,REPORTED_IN,Document,CHEMBL4813934,reported_in,Bioactivity is reported in respective document
Bioactivity,BA_002997,REPORTED_IN,Document,CHEMBL4813934,reported_in,Bioactivity is reported in respective document
Bioactivity,BA_002998,REPORTED_IN,Document,CHEMBL4813934,reported_in,Bioactivity is reported in respective document
Bioactivity,BA_002999,REPORTED_IN,Document,CHEMBL2046344,reported_in,Bioactivity is reported in respective document
Bioactivity,BA_003000,REPORTED_IN,Document,CHEMBL1201862,reported_in,Bioactivity is reported in respective document
Bioactivity,BA_003001,REPORTED_IN,Document,CHEMBL3627624,reported_in,Bioactivity is reported in respective document
Bioactivity,BA_003002,REPORTED_IN,Document,CHEMBL3627624,reported_in,Bioactivity is reported in respective document
Bioactivity,BA_003003,REPORTED_IN,Document,CHEMBL3627624,reported_in,Bioactivity is reported in respective document
Bioactivity,BA_003004,REPORTED_IN,Document,CHEMBL5136976,reported_in,Bioactivity is reported in respective document
Bioactivity,BA_003005,REPORTED_IN,Document,CHEMBL5512615,reported_in,Bioactivity is reported in respective document
Bioactivity,BA_003006,REPORTED_IN,Document,CHEMBL5120854,reported_in,Bioactivity is reported in respective document
Bioactivity,BA_003007,REPORTED_IN,Document,CHEMBL1158716,reported_in,Bioactivity is reported in respective document
Bioactivity,BA_003008,REPORTED_IN,Document,CHEMBL1240523,reported_in,Bioactivity is reported in respective document
Bioactivity,BA_003009,REPORTED_IN,Document,CHEMBL4257453,reported_in,Bioactivity is reported in respective document
Bioactivity,BA_003010,REPORTED_IN,Document,CHEMBL4257453,reported_in,Bioactivity is reported in respective document
Bioactivity,BA_003011,REPORTED_IN,Document,CHEMBL4257453,reported_in,Bioactivity is reported in respective document
Bioactivity,BA_003012,REPORTED_IN,Document,CHEMBL4257453,reported_in,Bioactivity is reported in respective document
Bioactivity,BA_003013,REPORTED_IN,Document,CHEMBL4257453,reported_in,Bioactivity is reported in respective document
Bioactivity,BA_003014,REPORTED_IN,Document,CHEMBL4673221,reported_in,Bioactivity is reported in respective document
Bioactivity,BA_003015,REPORTED_IN,Document,CHEMBL4673221,reported_in,Bioactivity is reported in respective document
Bioactivity,BA_003016,REPORTED_IN,Document,CHEMBL4673221,reported_in,Bioactivity is reported in respective document
Bioactivity,BA_003017,REPORTED_IN,Document,CHEMBL4673221,reported_in,Bioactivity is reported in respective document
Bioactivity,BA_003018,REPORTED_IN,Document,CHEMBL4673221,reported_in,Bioactivity is reported in respective document
Bioactivity,BA_003019,REPORTED_IN,Document,CHEMBL2417408,reported_in,Bioactivity is reported in respective document
Bioactivity,BA_003020,REPORTED_IN,Document,CHEMBL2417408,reported_in,Bioactivity is reported in respective document
Bioactivity,BA_003021,REPORTED_IN,Document,CHEMBL1201862,reported_in,Bioactivity is reported in respective document
Bioactivity,BA_003022,REPORTED_IN,Document,CHEMBL1201862,reported_in,Bioactivity is reported in respective document
Bioactivity,BA_003023,REPORTED_IN,Document,CHEMBL1201862,reported_in,Bioactivity is reported in respective document
Bioactivity,BA_003024,REPORTED_IN,Document,CHEMBL1201862,reported_in,Bioactivity is reported in respective document
Bioactivity,BA_003025,REPORTED_IN,Document,CHEMBL1201862,reported_in,Bioactivity is reported in respective document
Bioactivity,BA_003026,REPORTED_IN,Document,CHEMBL4673221,reported_in,Bioactivity is reported in respective document
Bioactivity,BA_003027,REPORTED_IN,Document,CHEMBL4673221,reported_in,Bioactivity is reported in respective document
Bioactivity,BA_003028,REPORTED_IN,Document,CHEMBL4673221,reported_in,Bioactivity is reported in respective document
Bioactivity,BA_003029,REPORTED_IN,Document,CHEMBL4673221,reported_in,Bioactivity is reported in respective document
Bioactivity,BA_003030,REPORTED_IN,Document,CHEMBL1201862,reported_in,Bioactivity is reported in respective document
Bioactivity,BA_003031,REPORTED_IN,Document,CHEMBL1201862,reported_in,Bioactivity is reported in respective document
Bioactivity,BA_003032,REPORTED_IN,Document,CHEMBL1201862,reported_in,Bioactivity is reported in respective document
Bioactivity,BA_003033,REPORTED_IN,Document,CHEMBL4673221,reported_in,Bioactivity is reported in respective document
Bioactivity,BA_003034,REPORTED_IN,Document,CHEMBL4673221,reported_in,Bioactivity is reported in respective document
Bioactivity,BA_003035,REPORTED_IN,Document,CHEMBL4673221,reported_in,Bioactivity is reported in respective document
Bioactivity,BA_003036,REPORTED_IN,Document,CHEMBL4673221,reported_in,Bioactivity is reported in respective document
Bioactivity,BA_003037,REPORTED_IN,Document,CHEMBL4673221,reported_in,Bioactivity is reported in respective document
Bioactivity,BA_003038,REPORTED_IN,Document,CHEMBL4673221,reported_in,Bioactivity is reported in respective document
Bioactivity,BA_003039,REPORTED_IN,Document,CHEMBL4673221,reported_in,Bioactivity is reported in respective document
Bioactivity,BA_003040,REPORTED_IN,Document,CHEMBL4673221,reported_in,Bioactivity is reported in respective document
Bioactivity,BA_003041,REPORTED_IN,Document,CHEMBL1158008,reported_in,Bioactivity is reported in respective document
Bioactivity,BA_003042,REPORTED_IN,Document,CHEMBL1201862,reported_in,Bioactivity is reported in respective document
Bioactivity,BA_003043,REPORTED_IN,Document,CHEMBL1201862,reported_in,Bioactivity is reported in respective document
Bioactivity,BA_003044,REPORTED_IN,Document,CHEMBL1201862,reported_in,Bioactivity is reported in respective document
Bioactivity,BA_003045,REPORTED_IN,Document,CHEMBL1201862,reported_in,Bioactivity is reported in respective document
Bioactivity,BA_003046,REPORTED_IN,Document,CHEMBL1126157,reported_in,Bioactivity is reported in respective document
Bioactivity,BA_003047,REPORTED_IN,Document,CHEMBL1201862,reported_in,Bioactivity is reported in respective document
Bioactivity,BA_003048,REPORTED_IN,Document,CHEMBL1201862,reported_in,Bioactivity is reported in respective document
Bioactivity,BA_003049,REPORTED_IN,Document,CHEMBL1147055,reported_in,Bioactivity is reported in respective document
Bioactivity,BA_003050,REPORTED_IN,Document,CHEMBL1144444,reported_in,Bioactivity is reported in respective document
Bioactivity,BA_003051,REPORTED_IN,Document,CHEMBL1201862,reported_in,Bioactivity is reported in respective document
Bioactivity,BA_003052,REPORTED_IN,Document,CHEMBL1201862,reported_in,Bioactivity is reported in respective document
Bioactivity,BA_003053,REPORTED_IN,Document,CHEMBL1201862,reported_in,Bioactivity is reported in respective document
Bioactivity,BA_003054,REPORTED_IN,Document,CHEMBL1201862,reported_in,Bioactivity is reported in respective document
Bioactivity,BA_003055,REPORTED_IN,Document,CHEMBL4350994,reported_in,Bioactivity is reported in respective document
Bioactivity,BA_003056,REPORTED_IN,Document,CHEMBL5518239,reported_in,Bioactivity is reported in respective document
Bioactivity,BA_003057,REPORTED_IN,Document,CHEMBL2163317,reported_in,Bioactivity is reported in respective document
Bioactivity,BA_003058,REPORTED_IN,Document,CHEMBL4725436,reported_in,Bioactivity is reported in respective document
Bioactivity,BA_003059,REPORTED_IN,Document,CHEMBL4765462,reported_in,Bioactivity is reported in respective document
Bioactivity,BA_003060,REPORTED_IN,Document,CHEMBL1151307,reported_in,Bioactivity is reported in respective document
Bioactivity,BA_003061,REPORTED_IN,Document,CHEMBL1151307,reported_in,Bioactivity is reported in respective document
Bioactivity,BA_003062,REPORTED_IN,Document,CHEMBL1151307,reported_in,Bioactivity is reported in respective document
Bioactivity,BA_003063,REPORTED_IN,Document,CHEMBL1151307,reported_in,Bioactivity is reported in respective document
Bioactivity,BA_003064,REPORTED_IN,Document,CHEMBL1201862,reported_in,Bioactivity is reported in respective document
Bioactivity,BA_003065,REPORTED_IN,Document,CHEMBL1201862,reported_in,Bioactivity is reported in respective document
Bioactivity,BA_003066,REPORTED_IN,Document,CHEMBL1201862,reported_in,Bioactivity is reported in respective document
Bioactivity,BA_003067,REPORTED_IN,Document,CHEMBL1201862,reported_in,Bioactivity is reported in respective document
Bioactivity,BA_003068,REPORTED_IN,Document,CHEMBL1135900,reported_in,Bioactivity is reported in respective document
Bioactivity,BA_003069,REPORTED_IN,Document,CHEMBL1135900,reported_in,Bioactivity is reported in respective document
Bioactivity,BA_003070,REPORTED_IN,Document,CHEMBL1135900,reported_in,Bioactivity is reported in respective document
Bioactivity,BA_003071,REPORTED_IN,Document,CHEMBL1135900,reported_in,Bioactivity is reported in respective document
Bioactivity,BA_003072,REPORTED_IN,Document,CHEMBL1148457,reported_in,Bioactivity is reported in respective document
Bioactivity,BA_003073,REPORTED_IN,Document,CHEMBL1148236,reported_in,Bioactivity is reported in respective document
Bioactivity,BA_003074,REPORTED_IN,Document,CHEMBL1148236,reported_in,Bioactivity is reported in respective document
Bioactivity,BA_003075,REPORTED_IN,Document,CHEMBL1148236,reported_in,Bioactivity is reported in respective document
Bioactivity,BA_003076,REPORTED_IN,Document,CHEMBL1148236,reported_in,Bioactivity is reported in respective document
Bioactivity,BA_003077,REPORTED_IN,Document,CHEMBL1149452,reported_in,Bioactivity is reported in respective document
Bioactivity,BA_003078,REPORTED_IN,Document,CHEMBL1146098,reported_in,Bioactivity is reported in respective document
Bioactivity,BA_003079,REPORTED_IN,Document,CHEMBL1146098,reported_in,Bioactivity is reported in respective document
Bioactivity,BA_003080,REPORTED_IN,Document,CHEMBL1146098,reported_in,Bioactivity is reported in respective document
Bioactivity,BA_003081,REPORTED_IN,Document,CHEMBL1146098,reported_in,Bioactivity is reported in respective document
Bioactivity,BA_003082,REPORTED_IN,Document,CHEMBL1143127,reported_in,Bioactivity is reported in respective document
Bioactivity,BA_003083,REPORTED_IN,Document,CHEMBL1142400,reported_in,Bioactivity is reported in respective document
Bioactivity,BA_003084,REPORTED_IN,Document,CHEMBL1154469,reported_in,Bioactivity is reported in respective document
Bioactivity,BA_003085,REPORTED_IN,Document,CHEMBL1154469,reported_in,Bioactivity is reported in respective document
Bioactivity,BA_003086,REPORTED_IN,Document,CHEMBL1154469,reported_in,Bioactivity is reported in respective document
Bioactivity,BA_003087,REPORTED_IN,Document,CHEMBL1154617,reported_in,Bioactivity is reported in respective document
Bioactivity,BA_003088,REPORTED_IN,Document,CHEMBL1154617,reported_in,Bioactivity is reported in respective document
Bioactivity,BA_003089,REPORTED_IN,Document,CHEMBL1154365,reported_in,Bioactivity is reported in respective document
Bioactivity,BA_003090,REPORTED_IN,Document,CHEMBL1154365,reported_in,Bioactivity is reported in respective document
Bioactivity,BA_003091,REPORTED_IN,Document,CHEMBL1201862,reported_in,Bioactivity is reported in respective document
Bioactivity,BA_003092,REPORTED_IN,Document,CHEMBL1201862,reported_in,Bioactivity is reported in respective document
Bioactivity,BA_003093,REPORTED_IN,Document,CHEMBL1201862,reported_in,Bioactivity is reported in respective document
Bioactivity,BA_003094,REPORTED_IN,Document,CHEMBL1201862,reported_in,Bioactivity is reported in respective document
Bioactivity,BA_003095,REPORTED_IN,Document,CHEMBL1201862,reported_in,Bioactivity is reported in respective document
Bioactivity,BA_003096,REPORTED_IN,Document,CHEMBL1201862,reported_in,Bioactivity is reported in respective document
Bioactivity,BA_003097,REPORTED_IN,Document,CHEMBL1201862,reported_in,Bioactivity is reported in respective document
Bioactivity,BA_003098,REPORTED_IN,Document,CHEMBL1201862,reported_in,Bioactivity is reported in respective document
Bioactivity,BA_003099,REPORTED_IN,Document,CHEMBL1909046,reported_in,Bioactivity is reported in respective document
Bioactivity,BA_003100,REPORTED_IN,Document,CHEMBL1909046,reported_in,Bioactivity is reported in respective document
Bioactivity,BA_003101,REPORTED_IN,Document,CHEMBL1909046,reported_in,Bioactivity is reported in respective document
Bioactivity,BA_003102,REPORTED_IN,Document,CHEMBL1909046,reported_in,Bioactivity is reported in respective document
Bioactivity,BA_003103,REPORTED_IN,Document,CHEMBL1909046,reported_in,Bioactivity is reported in respective document
Bioactivity,BA_003104,REPORTED_IN,Document,CHEMBL2074130,reported_in,Bioactivity is reported in respective document
Bioactivity,BA_003105,REPORTED_IN,Document,CHEMBL2203023,reported_in,Bioactivity is reported in respective document
Bioactivity,BA_003106,REPORTED_IN,Document,CHEMBL1201862,reported_in,Bioactivity is reported in respective document
Bioactivity,BA_003107,REPORTED_IN,Document,CHEMBL1201862,reported_in,Bioactivity is reported in respective document
Bioactivity,BA_003108,REPORTED_IN,Document,CHEMBL3751755,reported_in,Bioactivity is reported in respective document
Bioactivity,BA_003109,REPORTED_IN,Document,CHEMBL4725405,reported_in,Bioactivity is reported in respective document
Bioactivity,BA_003110,REPORTED_IN,Document,CHEMBL4725405,reported_in,Bioactivity is reported in respective document
Bioactivity,BA_003111,REPORTED_IN,Document,CHEMBL4725405,reported_in,Bioactivity is reported in respective document
Bioactivity,BA_003112,REPORTED_IN,Document,CHEMBL5335823,reported_in,Bioactivity is reported in respective document
Bioactivity,BA_003113,REPORTED_IN,Document,CHEMBL6087480,reported_in,Bioactivity is reported in respective document
Bioactivity,BA_003114,REPORTED_IN,Document,CHEMBL1201862,reported_in,Bioactivity is reported in respective document
Bioactivity,BA_003115,REPORTED_IN,Document,CHEMBL1201862,reported_in,Bioactivity is reported in respective document
Bioactivity,BA_003116,REPORTED_IN,Document,CHEMBL1201862,reported_in,Bioactivity is reported in respective document
Bioactivity,BA_003117,REPORTED_IN,Document,CHEMBL1201862,reported_in,Bioactivity is reported in respective document
Bioactivity,BA_003118,REPORTED_IN,Document,CHEMBL1201862,reported_in,Bioactivity is reported in respective document
Bioactivity,BA_003119,REPORTED_IN,Document,CHEMBL2176946,reported_in,Bioactivity is reported in respective document
Bioactivity,BA_003120,REPORTED_IN,Document,CHEMBL2176946,reported_in,Bioactivity is reported in respective document
Bioactivity,BA_003121,REPORTED_IN,Document,CHEMBL1201862,reported_in,Bioactivity is reported in respective document
Bioactivity,BA_003122,REPORTED_IN,Document,CHEMBL4033668,reported_in,Bioactivity is reported in respective document
Bioactivity,BA_003123,REPORTED_IN,Document,CHEMBL5316319,reported_in,Bioactivity is reported in respective document
Bioactivity,BA_003124,REPORTED_IN,Document,CHEMBL1153892,reported_in,Bioactivity is reported in respective document
Bioactivity,BA_003125,REPORTED_IN,Document,CHEMBL1201862,reported_in,Bioactivity is reported in respective document
Bioactivity,BA_003126,REPORTED_IN,Document,CHEMBL1144666,reported_in,Bioactivity is reported in respective document
Bioactivity,BA_003127,REPORTED_IN,Document,CHEMBL1125455,reported_in,Bioactivity is reported in respective document
Bioactivity,BA_003128,REPORTED_IN,Document,CHEMBL1201862,reported_in,Bioactivity is reported in respective document
Bioactivity,BA_003129,REPORTED_IN,Document,CHEMBL1201862,reported_in,Bioactivity is reported in respective document
Bioactivity,BA_003130,REPORTED_IN,Document,CHEMBL1201862,reported_in,Bioactivity is reported in respective document
Bioactivity,BA_003131,REPORTED_IN,Document,CHEMBL1201862,reported_in,Bioactivity is reported in respective document
Bioactivity,BA_003132,REPORTED_IN,Document,CHEMBL1201862,reported_in,Bioactivity is reported in respective document
Bioactivity,BA_003133,REPORTED_IN,Document,CHEMBL1201862,reported_in,Bioactivity is reported in respective document
Bioactivity,BA_003134,REPORTED_IN,Document,CHEMBL1201862,reported_in,Bioactivity is reported in respective document
Bioactivity,BA_003135,REPORTED_IN,Document,CHEMBL3997813,reported_in,Bioactivity is reported in respective document
Bioactivity,BA_003136,REPORTED_IN,Document,CHEMBL3997813,reported_in,Bioactivity is reported in respective document
Bioactivity,BA_003137,REPORTED_IN,Document,CHEMBL4033668,reported_in,Bioactivity is reported in respective document
Bioactivity,BA_003138,REPORTED_IN,Document,CHEMBL4033668,reported_in,Bioactivity is reported in respective document
Bioactivity,BA_003139,REPORTED_IN,Document,CHEMBL4033668,reported_in,Bioactivity is reported in respective document
Bioactivity,BA_003140,REPORTED_IN,Document,CHEMBL4392822,reported_in,Bioactivity is reported in respective document
Bioactivity,BA_003141,REPORTED_IN,Document,CHEMBL5143549,reported_in,Bioactivity is reported in respective document
Bioactivity,BA_003142,REPORTED_IN,Document,CHEMBL5316319,reported_in,Bioactivity is reported in respective document
Bioactivity,BA_003143,REPORTED_IN,Document,CHEMBL5356934,reported_in,Bioactivity is reported in respective document
Bioactivity,BA_003144,REPORTED_IN,Document,CHEMBL2176946,reported_in,Bioactivity is reported in respective document
Bioactivity,BA_003145,REPORTED_IN,Document,CHEMBL2176946,reported_in,Bioactivity is reported in respective document
Bioactivity,BA_003146,REPORTED_IN,Document,CHEMBL5390202,reported_in,Bioactivity is reported in respective document
Bioactivity,BA_003147,REPORTED_IN,Document,CHEMBL1909046,reported_in,Bioactivity is reported in respective document
Bioactivity,BA_003148,REPORTED_IN,Document,CHEMBL1909046,reported_in,Bioactivity is reported in respective document
Bioactivity,BA_003149,REPORTED_IN,Document,CHEMBL1909046,reported_in,Bioactivity is reported in respective document
Bioactivity,BA_003150,REPORTED_IN,Document,CHEMBL1909046,reported_in,Bioactivity is reported in respective document
Bioactivity,BA_003151,REPORTED_IN,Document,CHEMBL1909046,reported_in,Bioactivity is reported in respective document
Bioactivity,BA_003152,REPORTED_IN,Document,CHEMBL1909046,reported_in,Bioactivity is reported in respective document
Bioactivity,BA_003153,REPORTED_IN,Document,CHEMBL1909046,reported_in,Bioactivity is reported in respective document
Bioactivity,BA_003154,REPORTED_IN,Document,CHEMBL1909046,reported_in,Bioactivity is reported in respective document
Bioactivity,BA_003155,REPORTED_IN,Document,CHEMBL1909046,reported_in,Bioactivity is reported in respective document
Bioactivity,BA_003156,REPORTED_IN,Document,CHEMBL1909046,reported_in,Bioactivity is reported in respective document
Bioactivity,BA_003157,REPORTED_IN,Document,CHEMBL1909046,reported_in,Bioactivity is reported in respective document
Bioactivity,BA_003158,REPORTED_IN,Document,CHEMBL1909046,reported_in,Bioactivity is reported in respective document
Bioactivity,BA_003159,REPORTED_IN,Document,CHEMBL1909046,reported_in,Bioactivity is reported in respective document
Bioactivity,BA_003160,REPORTED_IN,Document,CHEMBL1909046,reported_in,Bioactivity is reported in respective document
Bioactivity,BA_003161,REPORTED_IN,Document,CHEMBL1909046,reported_in,Bioactivity is reported in respective document
Bioactivity,BA_003162,REPORTED_IN,Document,CHEMBL1909046,reported_in,Bioactivity is reported in respective document
Bioactivity,BA_003163,REPORTED_IN,Document,CHEMBL1909046,reported_in,Bioactivity is reported in respective document
Bioactivity,BA_003164,REPORTED_IN,Document,CHEMBL1909046,reported_in,Bioactivity is reported in respective document
Bioactivity,BA_003165,REPORTED_IN,Document,CHEMBL4699438,reported_in,Bioactivity is reported in respective document
Bioactivity,BA_003166,REPORTED_IN,Document,CHEMBL1201862,reported_in,Bioactivity is reported in respective document
Bioactivity,BA_003167,REPORTED_IN,Document,CHEMBL4420065,reported_in,Bioactivity is reported in respective document
Bioactivity,BA_003168,REPORTED_IN,Document,CHEMBL3108739,reported_in,Bioactivity is reported in respective document
Bioactivity,BA_003169,REPORTED_IN,Document,CHEMBL1144666,reported_in,Bioactivity is reported in respective document
Bioactivity,BA_003170,REPORTED_IN,Document,CHEMBL1145498,reported_in,Bioactivity is reported in respective document
Bioactivity,BA_003171,REPORTED_IN,Document,CHEMBL1153892,reported_in,Bioactivity is reported in respective document
Bioactivity,BA_003172,REPORTED_IN,Document,CHEMBL1926587,reported_in,Bioactivity is reported in respective document
Bioactivity,BA_003173,REPORTED_IN,Document,CHEMBL1926587,reported_in,Bioactivity is reported in respective document
Bioactivity,BA_003174,REPORTED_IN,Document,CHEMBL4007389,reported_in,Bioactivity is reported in respective document
Bioactivity,BA_003175,REPORTED_IN,Document,CHEMBL4184305,reported_in,Bioactivity is reported in respective document
Bioactivity,BA_003176,REPORTED_IN,Document,CHEMBL4680296,reported_in,Bioactivity is reported in respective document
Bioactivity,BA_003177,REPORTED_IN,Document,CHEMBL6074654,reported_in,Bioactivity is reported in respective document
Bioactivity,BA_003178,REPORTED_IN,Document,CHEMBL1201862,reported_in,Bioactivity is reported in respective document
Bioactivity,BA_003179,REPORTED_IN,Document,CHEMBL1201862,reported_in,Bioactivity is reported in respective document
Bioactivity,BA_003180,REPORTED_IN,Document,CHEMBL1201862,reported_in,Bioactivity is reported in respective document
Bioactivity,BA_003181,REPORTED_IN,Document,CHEMBL1201862,reported_in,Bioactivity is reported in respective document
Bioactivity,BA_003182,REPORTED_IN,Document,CHEMBL1201862,reported_in,Bioactivity is reported in respective document
Bioactivity,BA_003183,REPORTED_IN,Document,CHEMBL1201862,reported_in,Bioactivity is reported in respective document
Bioactivity,BA_003184,REPORTED_IN,Document,CHEMBL1201862,reported_in,Bioactivity is reported in respective document
Bioactivity,BA_003185,REPORTED_IN,Document,CHEMBL1201862,reported_in,Bioactivity is reported in respective document
Bioactivity,BA_003186,REPORTED_IN,Document,CHEMBL1201862,reported_in,Bioactivity is reported in respective document
Bioactivity,BA_003187,REPORTED_IN,Document,CHEMBL1201862,reported_in,Bioactivity is reported in respective document
Bioactivity,BA_003188,REPORTED_IN,Document,CHEMBL1201862,reported_in,Bioactivity is reported in respective document
Bioactivity,BA_003189,REPORTED_IN,Document,CHEMBL1201862,reported_in,Bioactivity is reported in respective document
Bioactivity,BA_003190,REPORTED_IN,Document,CHEMBL1201862,reported_in,Bioactivity is reported in respective document
Bioactivity,BA_003191,REPORTED_IN,Document,CHEMBL1201862,reported_in,Bioactivity is reported in respective document
Bioactivity,BA_003192,REPORTED_IN,Document,CHEMBL1201862,reported_in,Bioactivity is reported in respective document
Bioactivity,BA_003193,REPORTED_IN,Document,CHEMBL1201862,reported_in,Bioactivity is reported in respective document
Bioactivity,BA_003194,REPORTED_IN,Document,CHEMBL1201862,reported_in,Bioactivity is reported in respective document
Bioactivity,BA_003195,REPORTED_IN,Document,CHEMBL1201862,reported_in,Bioactivity is reported in respective document
Bioactivity,BA_003196,REPORTED_IN,Document,CHEMBL1201862,reported_in,Bioactivity is reported in respective document
Bioactivity,BA_003197,REPORTED_IN,Document,CHEMBL1201862,reported_in,Bioactivity is reported in respective document
Bioactivity,BA_003198,REPORTED_IN,Document,CHEMBL1201862,reported_in,Bioactivity is reported in respective document
Bioactivity,BA_003199,REPORTED_IN,Document,CHEMBL1201862,reported_in,Bioactivity is reported in respective document
Bioactivity,BA_003200,REPORTED_IN,Document,CHEMBL1201862,reported_in,Bioactivity is reported in respective document
Bioactivity,BA_003201,REPORTED_IN,Document,CHEMBL1201862,reported_in,Bioactivity is reported in respective document
Bioactivity,BA_003202,REPORTED_IN,Document,CHEMBL1201862,reported_in,Bioactivity is reported in respective document
Bioactivity,BA_003203,REPORTED_IN,Document,CHEMBL1201862,reported_in,Bioactivity is reported in respective document
Bioactivity,BA_003204,REPORTED_IN,Document,CHEMBL1201862,reported_in,Bioactivity is reported in respective document
Bioactivity,BA_003205,REPORTED_IN,Document,CHEMBL1201862,reported_in,Bioactivity is reported in respective document
Bioactivity,BA_003206,REPORTED_IN,Document,CHEMBL1938238,reported_in,Bioactivity is reported in respective document
Bioactivity,BA_003207,REPORTED_IN,Document,CHEMBL1201862,reported_in,Bioactivity is reported in respective document
Bioactivity,BA_003208,REPORTED_IN,Document,CHEMBL1201862,reported_in,Bioactivity is reported in respective document
Bioactivity,BA_003209,REPORTED_IN,Document,CHEMBL4177545,reported_in,Bioactivity is reported in respective document
Bioactivity,BA_003210,REPORTED_IN,Document,CHEMBL4177545,reported_in,Bioactivity is reported in respective document
Bioactivity,BA_003211,REPORTED_IN,Document,CHEMBL4177545,reported_in,Bioactivity is reported in respective document
Bioactivity,BA_003212,REPORTED_IN,Document,CHEMBL4177545,reported_in,Bioactivity is reported in respective document
Bioactivity,BA_003213,REPORTED_IN,Document,CHEMBL4177545,reported_in,Bioactivity is reported in respective document
Bioactivity,BA_003214,REPORTED_IN,Document,CHEMBL4219086,reported_in,Bioactivity is reported in respective document
Bioactivity,BA_003215,REPORTED_IN,Document,CHEMBL4433200,reported_in,Bioactivity is reported in respective document
Bioactivity,BA_003216,REPORTED_IN,Document,CHEMBL5126637,reported_in,Bioactivity is reported in respective document
Bioactivity,BA_003217,REPORTED_IN,Document,CHEMBL5126637,reported_in,Bioactivity is reported in respective document
Bioactivity,BA_003218,REPORTED_IN,Document,CHEMBL5126637,reported_in,Bioactivity is reported in respective document
Bioactivity,BA_003219,REPORTED_IN,Document,CHEMBL5126637,reported_in,Bioactivity is reported in respective document
Bioactivity,BA_003220,REPORTED_IN,Document,CHEMBL5126637,reported_in,Bioactivity is reported in respective document
Bioactivity,BA_003221,REPORTED_IN,Document,CHEMBL5126637,reported_in,Bioactivity is reported in respective document
Bioactivity,BA_003222,REPORTED_IN,Document,CHEMBL5634106,reported_in,Bioactivity is reported in respective document
Bioactivity,BA_003223,REPORTED_IN,Document,CHEMBL6127040,reported_in,Bioactivity is reported in respective document
Bioactivity,BA_003224,REPORTED_IN,Document,CHEMBL3039007,reported_in,Bioactivity is reported in respective document
Bioactivity,BA_003225,REPORTED_IN,Document,CHEMBL3039007,reported_in,Bioactivity is reported in respective document
Bioactivity,BA_003226,REPORTED_IN,Document,CHEMBL3039007,reported_in,Bioactivity is reported in respective document
Bioactivity,BA_003227,REPORTED_IN,Document,CHEMBL3039007,reported_in,Bioactivity is reported in respective document
Bioactivity,BA_003228,REPORTED_IN,Document,CHEMBL4411329,reported_in,Bioactivity is reported in respective document
Bioactivity,BA_003229,REPORTED_IN,Document,CHEMBL1681785,reported_in,Bioactivity is reported in respective document
Bioactivity,BA_003230,REPORTED_IN,Document,CHEMBL1681785,reported_in,Bioactivity is reported in respective document
Bioactivity,BA_003231,REPORTED_IN,Document,CHEMBL1155439,reported_in,Bioactivity is reported in respective document
Bioactivity,BA_003232,REPORTED_IN,Document,CHEMBL4346663,reported_in,Bioactivity is reported in respective document
Bioactivity,BA_003233,REPORTED_IN,Document,CHEMBL4346663,reported_in,Bioactivity is reported in respective document
Bioactivity,BA_003234,REPORTED_IN,Document,CHEMBL5543059,reported_in,Bioactivity is reported in respective document
Bioactivity,BA_003235,REPORTED_IN,Document,CHEMBL1201862,reported_in,Bioactivity is reported in respective document
Bioactivity,BA_003236,REPORTED_IN,Document,CHEMBL1201862,reported_in,Bioactivity is reported in respective document
Bioactivity,BA_003237,REPORTED_IN,Document,CHEMBL1201862,reported_in,Bioactivity is reported in respective document
Bioactivity,BA_003238,REPORTED_IN,Document,CHEMBL1201862,reported_in,Bioactivity is reported in respective document
Bioactivity,BA_003239,REPORTED_IN,Document,CHEMBL1201862,reported_in,Bioactivity is reported in respective document
Bioactivity,BA_003240,REPORTED_IN,Document,CHEMBL1201862,reported_in,Bioactivity is reported in respective document
Bioactivity,BA_003241,REPORTED_IN,Document,CHEMBL1201862,reported_in,Bioactivity is reported in respective document
Bioactivity,BA_003242,REPORTED_IN,Document,CHEMBL1201862,reported_in,Bioactivity is reported in respective document
Bioactivity,BA_003243,REPORTED_IN,Document,CHEMBL1201862,reported_in,Bioactivity is reported in respective document
Bioactivity,BA_003244,REPORTED_IN,Document,CHEMBL1681785,reported_in,Bioactivity is reported in respective document
Bioactivity,BA_003245,REPORTED_IN,Document,CHEMBL1681785,reported_in,Bioactivity is reported in respective document
Bioactivity,BA_003246,REPORTED_IN,Document,CHEMBL1201862,reported_in,Bioactivity is reported in respective document
Bioactivity,BA_003247,REPORTED_IN,Document,CHEMBL1201862,reported_in,Bioactivity is reported in respective document
Bioactivity,BA_003248,REPORTED_IN,Document,CHEMBL1681785,reported_in,Bioactivity is reported in respective document
Bioactivity,BA_003249,REPORTED_IN,Document,CHEMBL1681785,reported_in,Bioactivity is reported in respective document
Bioactivity,BA_003250,REPORTED_IN,Document,CHEMBL2074200,reported_in,Bioactivity is reported in respective document
