Source,Source Id,Type,Destination,Destination Id,Label,Description
PlantPart,AC-LE-AE,USED_FOR,TherapeuticUse,D002492,used_for,Plant part is associated with the respective therapeutic use
PlantPart,AC-LE-AE,USED_FOR,TherapeuticUse,D007022,used_for,Plant part is associated with the respective therapeutic use
PlantPart,AC-LE-BA,USED_FOR,TherapeuticUse,D000982,used_for,Plant part is associated with the respective therapeutic use
PlantPart,AC-LE-BA,USED_FOR,TherapeuticUse,D001249,used_for,Plant part is associated with the respective therapeutic use
PlantPart,AC-LE-BA,USED_FOR,TherapeuticUse,D001252,used_for,Plant part is associated with the respective therapeutic use
PlantPart,AC-LE-BA,USED_FOR,TherapeuticUse,D001991,used_for,Plant part is associated with the respective therapeutic use
PlantPart,AC-LE-BA,USED_FOR,TherapeuticUse,D003967,used_for,Plant part is associated with the respective therapeutic use
PlantPart,AC-LE-BA,USED_FOR,TherapeuticUse,D004403,used_for,Plant part is associated with the respective therapeutic use
PlantPart,AC-LE-BA,USED_FOR,TherapeuticUse,D004886,used_for,Plant part is associated with the respective therapeutic use
PlantPart,AC-LE-BA,USED_FOR,TherapeuticUse,D005667,used_for,Plant part is associated with the respective therapeutic use
PlantPart,AC-LE-BA,USED_FOR,TherapeuticUse,D006402,used_for,Plant part is associated with the respective therapeutic use
PlantPart,AC-LE-BA,USED_FOR,TherapeuticUse,D006490,used_for,Plant part is associated with the respective therapeutic use
PlantPart,AC-LE-BA,USED_FOR,TherapeuticUse,D007918,used_for,Plant part is associated with the respective therapeutic use
PlantPart,AC-LE-BA,USED_FOR,TherapeuticUse,D010510,used_for,Plant part is associated with the respective therapeutic use
PlantPart,AC-LE-BA,USED_FOR,TherapeuticUse,D012005,used_for,Plant part is associated with the respective therapeutic use
PlantPart,AC-LE-BA,USED_FOR,TherapeuticUse,D012532,used_for,Plant part is associated with the respective therapeutic use
PlantPart,AC-LE-BA,USED_FOR,TherapeuticUse,D012871,used_for,Plant part is associated with the respective therapeutic use
PlantPart,AC-LE-BA,USED_FOR,TherapeuticUse,D012909,used_for,Plant part is associated with the respective therapeutic use
PlantPart,AC-LE-BA,USED_FOR,TherapeuticUse,D013280,used_for,Plant part is associated with the respective therapeutic use
PlantPart,AC-LE-BA,USED_FOR,TherapeuticUse,D013587,used_for,Plant part is associated with the respective therapeutic use
PlantPart,AC-LE-BA,USED_FOR,TherapeuticUse,D014098,used_for,Plant part is associated with the respective therapeutic use
PlantPart,AC-LE-BA,USED_FOR,TherapeuticUse,D014456,used_for,Plant part is associated with the respective therapeutic use
PlantPart,AC-LE-BA,USED_FOR,TherapeuticUse,D014839,used_for,Plant part is associated with the respective therapeutic use
PlantPart,AC-LE-BA,USED_FOR,TherapeuticUse,D014945,used_for,Plant part is associated with the respective therapeutic use
PlantPart,AC-LE-BA,USED_FOR,TherapeuticUse,D019226,used_for,Plant part is associated with the respective therapeutic use
PlantPart,AC-LE-LE,USED_FOR,TherapeuticUse,D013587,used_for,Plant part is associated with the respective therapeutic use
PlantPart,AC-LE-PL,USED_FOR,TherapeuticUse,D005667,used_for,Plant part is associated with the respective therapeutic use
PlantPart,AC-LE-PL,USED_FOR,TherapeuticUse,D014456,used_for,Plant part is associated with the respective therapeutic use
PlantPart,AC-LE-PL,USED_FOR,TherapeuticUse,D065106,used_for,Plant part is associated with the respective therapeutic use
PlantPart,AC-LE-RO,USED_FOR,TherapeuticUse,D000019,used_for,Plant part is associated with the respective therapeutic use
PlantPart,AC-LE-RO,USED_FOR,TherapeuticUse,D012060,used_for,Plant part is associated with the respective therapeutic use
PlantPart,AC-LE-SE,USED_FOR,TherapeuticUse,D006384,used_for,Plant part is associated with the respective therapeutic use
PlantPart,AC-LE-WO,USED_FOR,TherapeuticUse,D000900,used_for,Plant part is associated with the respective therapeutic use
PlantPart,AL-GA-RH,USED_FOR,TherapeuticUse,D000900,used_for,Plant part is associated with the respective therapeutic use
PlantPart,AL-GA-RH,USED_FOR,TherapeuticUse,D000960,used_for,Plant part is associated with the respective therapeutic use
PlantPart,AL-GA-RH,USED_FOR,TherapeuticUse,D000969,used_for,Plant part is associated with the respective therapeutic use
PlantPart,AL-GA-RH,USED_FOR,TherapeuticUse,D000975,used_for,Plant part is associated with the respective therapeutic use
PlantPart,AL-GA-RH,USED_FOR,TherapeuticUse,D001046,used_for,Plant part is associated with the respective therapeutic use
PlantPart,AL-GA-RH,USED_FOR,TherapeuticUse,D001982,used_for,Plant part is associated with the respective therapeutic use
PlantPart,AL-GA-RH,USED_FOR,TherapeuticUse,D001991,used_for,Plant part is associated with the respective therapeutic use
PlantPart,AL-GA-RH,USED_FOR,TherapeuticUse,D002319,used_for,Plant part is associated with the respective therapeutic use
PlantPart,AL-GA-RH,USED_FOR,TherapeuticUse,D002492,used_for,Plant part is associated with the respective therapeutic use
PlantPart,AL-GA-RH,USED_FOR,TherapeuticUse,D003139,used_for,Plant part is associated with the respective therapeutic use
PlantPart,AL-GA-RH,USED_FOR,TherapeuticUse,D003371,used_for,Plant part is associated with the respective therapeutic use
PlantPart,AL-GA-RH,USED_FOR,TherapeuticUse,D004066,used_for,Plant part is associated with the respective therapeutic use
PlantPart,AL-GA-RH,USED_FOR,TherapeuticUse,D004232,used_for,Plant part is associated with the respective therapeutic use
PlantPart,AL-GA-RH,USED_FOR,TherapeuticUse,D004415,used_for,Plant part is associated with the respective therapeutic use
PlantPart,AL-GA-RH,USED_FOR,TherapeuticUse,D005100,used_for,Plant part is associated with the respective therapeutic use
PlantPart,AL-GA-RH,USED_FOR,TherapeuticUse,D005334,used_for,Plant part is associated with the respective therapeutic use
PlantPart,AL-GA-RH,USED_FOR,TherapeuticUse,D005414,used_for,Plant part is associated with the respective therapeutic use
PlantPart,AL-GA-RH,USED_FOR,TherapeuticUse,D007306,used_for,Plant part is associated with the respective therapeutic use
PlantPart,AL-GA-RH,USED_FOR,TherapeuticUse,D012060,used_for,Plant part is associated with the respective therapeutic use
PlantPart,AL-GA-RH,USED_FOR,TherapeuticUse,D012871,used_for,Plant part is associated with the respective therapeutic use
PlantPart,AL-GA-RH,USED_FOR,TherapeuticUse,D015746,used_for,Plant part is associated with the respective therapeutic use
PlantPart,AL-GA-RH,USED_FOR,TherapeuticUse,D018501,used_for,Plant part is associated with the respective therapeutic use
PlantPart,AL-GA-RH,USED_FOR,TherapeuticUse,D019167,used_for,Plant part is associated with the respective therapeutic use
PlantPart,AL-GA-RO,USED_FOR,TherapeuticUse,D000970,used_for,Plant part is associated with the respective therapeutic use
PlantPart,AL-GA-SE,USED_FOR,TherapeuticUse,D000970,used_for,Plant part is associated with the respective therapeutic use
PlantPart,AL-GA-SE,USED_FOR,TherapeuticUse,D012912,used_for,Plant part is associated with the respective therapeutic use
PlantPart,AL-GA-SE,USED_FOR,TherapeuticUse,D019167,used_for,Plant part is associated with the respective therapeutic use
PlantPart,AL-GA-ST,USED_FOR,TherapeuticUse,D000900,used_for,Plant part is associated with the respective therapeutic use
PlantPart,AL-GA-TU,USED_FOR,TherapeuticUse,D000928,used_for,Plant part is associated with the respective therapeutic use
PlantPart,AL-GA-TU,USED_FOR,TherapeuticUse,D007172,used_for,Plant part is associated with the respective therapeutic use
PlantPart,AL-GA-WH,USED_FOR,TherapeuticUse,D014456,used_for,Plant part is associated with the respective therapeutic use
PlantPart,AL-LE-BA,USED_FOR,TherapeuticUse,D000700,used_for,Plant part is associated with the respective therapeutic use
PlantPart,AL-LE-BA,USED_FOR,TherapeuticUse,D000871,used_for,Plant part is associated with the respective therapeutic use
PlantPart,AL-LE-BA,USED_FOR,TherapeuticUse,D000893,used_for,Plant part is associated with the respective therapeutic use
PlantPart,AL-LE-BA,USED_FOR,TherapeuticUse,D000900,used_for,Plant part is associated with the respective therapeutic use
PlantPart,AL-LE-BA,USED_FOR,TherapeuticUse,D000931,used_for,Plant part is associated with the respective therapeutic use
PlantPart,AL-LE-BA,USED_FOR,TherapeuticUse,D000982,used_for,Plant part is associated with the respective therapeutic use
PlantPart,AL-LE-BA,USED_FOR,TherapeuticUse,D001046,used_for,Plant part is associated with the respective therapeutic use
PlantPart,AL-LE-BA,USED_FOR,TherapeuticUse,D001249,used_for,Plant part is associated with the respective therapeutic use
PlantPart,AL-LE-BA,USED_FOR,TherapeuticUse,D001252,used_for,Plant part is associated with the respective therapeutic use
PlantPart,AL-LE-BA,USED_FOR,TherapeuticUse,D001991,used_for,Plant part is associated with the respective therapeutic use
PlantPart,AL-LE-BA,USED_FOR,TherapeuticUse,D003139,used_for,Plant part is associated with the respective therapeutic use
PlantPart,AL-LE-BA,USED_FOR,TherapeuticUse,D003231,used_for,Plant part is associated with the respective therapeutic use
PlantPart,AL-LE-BA,USED_FOR,TherapeuticUse,D003233,used_for,Plant part is associated with the respective therapeutic use
PlantPart,AL-LE-BA,USED_FOR,TherapeuticUse,D003371,used_for,Plant part is associated with the respective therapeutic use
PlantPart,AL-LE-BA,USED_FOR,TherapeuticUse,D003881,used_for,Plant part is associated with the respective therapeutic use
PlantPart,AL-LE-BA,USED_FOR,TherapeuticUse,D003967,used_for,Plant part is associated with the respective therapeutic use
PlantPart,AL-LE-BA,USED_FOR,TherapeuticUse,D004417,used_for,Plant part is associated with the respective therapeutic use
PlantPart,AL-LE-BA,USED_FOR,TherapeuticUse,D004485,used_for,Plant part is associated with the respective therapeutic use
PlantPart,AL-LE-BA,USED_FOR,TherapeuticUse,D004487,used_for,Plant part is associated with the respective therapeutic use
PlantPart,AL-LE-BA,USED_FOR,TherapeuticUse,D004886,used_for,Plant part is associated with the respective therapeutic use
PlantPart,AL-LE-BA,USED_FOR,TherapeuticUse,D005076,used_for,Plant part is associated with the respective therapeutic use
PlantPart,AL-LE-BA,USED_FOR,TherapeuticUse,D005100,used_for,Plant part is associated with the respective therapeutic use
PlantPart,AL-LE-BA,USED_FOR,TherapeuticUse,D005128,used_for,Plant part is associated with the respective therapeutic use
PlantPart,AL-LE-BA,USED_FOR,TherapeuticUse,D005334,used_for,Plant part is associated with the respective therapeutic use
PlantPart,AL-LE-BA,USED_FOR,TherapeuticUse,D006069,used_for,Plant part is associated with the respective therapeutic use
PlantPart,AL-LE-BA,USED_FOR,TherapeuticUse,D006255,used_for,Plant part is associated with the respective therapeutic use
PlantPart,AL-LE-BA,USED_FOR,TherapeuticUse,D006261,used_for,Plant part is associated with the respective therapeutic use
PlantPart,AL-LE-BA,USED_FOR,TherapeuticUse,D006402,used_for,Plant part is associated with the respective therapeutic use
PlantPart,AL-LE-BA,USED_FOR,TherapeuticUse,D006470,used_for,Plant part is associated with the respective therapeutic use
PlantPart,AL-LE-BA,USED_FOR,TherapeuticUse,D006484,used_for,Plant part is associated with the respective therapeutic use
PlantPart,AL-LE-BA,USED_FOR,TherapeuticUse,D006967,used_for,Plant part is associated with the respective therapeutic use
PlantPart,AL-LE-BA,USED_FOR,TherapeuticUse,D007004,used_for,Plant part is associated with the respective therapeutic use
PlantPart,AL-LE-BA,USED_FOR,TherapeuticUse,D007249,used_for,Plant part is associated with the respective therapeutic use
PlantPart,AL-LE-BA,USED_FOR,TherapeuticUse,D007918,used_for,Plant part is associated with the respective therapeutic use
PlantPart,AL-LE-BA,USED_FOR,TherapeuticUse,D008288,used_for,Plant part is associated with the respective therapeutic use
PlantPart,AL-LE-BA,USED_FOR,TherapeuticUse,D008881,used_for,Plant part is associated with the respective therapeutic use
PlantPart,AL-LE-BA,USED_FOR,TherapeuticUse,D009437,used_for,Plant part is associated with the respective therapeutic use
PlantPart,AL-LE-BA,USED_FOR,TherapeuticUse,D009755,used_for,Plant part is associated with the respective therapeutic use
PlantPart,AL-LE-BA,USED_FOR,TherapeuticUse,D011041,used_for,Plant part is associated with the respective therapeutic use
PlantPart,AL-LE-BA,USED_FOR,TherapeuticUse,D011537,used_for,Plant part is associated with the respective therapeutic use
PlantPart,AL-LE-BA,USED_FOR,TherapeuticUse,D012060,used_for,Plant part is associated with the respective therapeutic use
PlantPart,AL-LE-BA,USED_FOR,TherapeuticUse,D012220,used_for,Plant part is associated with the respective therapeutic use
PlantPart,AL-LE-BA,USED_FOR,TherapeuticUse,D012852,used_for,Plant part is associated with the respective therapeutic use
PlantPart,AL-LE-BA,USED_FOR,TherapeuticUse,D012871,used_for,Plant part is associated with the respective therapeutic use
PlantPart,AL-LE-BA,USED_FOR,TherapeuticUse,D012909,used_for,Plant part is associated with the respective therapeutic use
PlantPart,AL-LE-BA,USED_FOR,TherapeuticUse,D013180,used_for,Plant part is associated with the respective therapeutic use
PlantPart,AL-LE-BA,USED_FOR,TherapeuticUse,D014388,used_for,Plant part is associated with the respective therapeutic use
PlantPart,AL-LE-BA,USED_FOR,TherapeuticUse,D014456,used_for,Plant part is associated with the respective therapeutic use
PlantPart,AL-LE-BA,USED_FOR,TherapeuticUse,D014581,used_for,Plant part is associated with the respective therapeutic use
PlantPart,AL-LE-BA,USED_FOR,TherapeuticUse,D014665,used_for,Plant part is associated with the respective therapeutic use
PlantPart,AL-LE-BA,USED_FOR,TherapeuticUse,D014820,used_for,Plant part is associated with the respective therapeutic use
PlantPart,AL-LE-BA,USED_FOR,TherapeuticUse,D014947,used_for,Plant part is associated with the respective therapeutic use
PlantPart,AL-LE-BA,USED_FOR,TherapeuticUse,D049970,used_for,Plant part is associated with the respective therapeutic use
PlantPart,AL-LE-BA,USED_FOR,TherapeuticUse,D065008,used_for,Plant part is associated with the respective therapeutic use
PlantPart,AL-LE-FL,USED_FOR,TherapeuticUse,D001249,used_for,Plant part is associated with the respective therapeutic use
PlantPart,AL-LE-FL,USED_FOR,TherapeuticUse,D001991,used_for,Plant part is associated with the respective therapeutic use
PlantPart,AL-LE-FL,USED_FOR,TherapeuticUse,D003371,used_for,Plant part is associated with the respective therapeutic use
PlantPart,AL-LE-FL,USED_FOR,TherapeuticUse,D011657,used_for,Plant part is associated with the respective therapeutic use
PlantPart,AL-LE-FR,USED_FOR,TherapeuticUse,D000970,used_for,Plant part is associated with the respective therapeutic use
PlantPart,AL-LE-FR,USED_FOR,TherapeuticUse,D000981,used_for,Plant part is associated with the respective therapeutic use
PlantPart,AL-LE-FR,USED_FOR,TherapeuticUse,D007004,used_for,Plant part is associated with the respective therapeutic use
PlantPart,AL-LE-FR,USED_FOR,TherapeuticUse,D013089,used_for,Plant part is associated with the respective therapeutic use
PlantPart,AL-LE-LE,USED_FOR,TherapeuticUse,D001766,used_for,Plant part is associated with the respective therapeutic use
PlantPart,AL-LE-LE,USED_FOR,TherapeuticUse,D001768,used_for,Plant part is associated with the respective therapeutic use
PlantPart,AL-LE-LE,USED_FOR,TherapeuticUse,D003967,used_for,Plant part is associated with the respective therapeutic use
PlantPart,AL-LE-LE,USED_FOR,TherapeuticUse,D004487,used_for,Plant part is associated with the respective therapeutic use
PlantPart,AL-LE-LE,USED_FOR,TherapeuticUse,D005667,used_for,Plant part is associated with the respective therapeutic use
PlantPart,AL-LE-LE,USED_FOR,TherapeuticUse,D006484,used_for,Plant part is associated with the respective therapeutic use
PlantPart,AL-LE-LE,USED_FOR,TherapeuticUse,D007592,used_for,Plant part is associated with the respective therapeutic use
PlantPart,AL-LE-LE,USED_FOR,TherapeuticUse,D009755,used_for,Plant part is associated with the respective therapeutic use
PlantPart,AL-LE-LE,USED_FOR,TherapeuticUse,D009877,used_for,Plant part is associated with the respective therapeutic use
PlantPart,AL-LE-LE,USED_FOR,TherapeuticUse,D012060,used_for,Plant part is associated with the respective therapeutic use
PlantPart,AL-LE-RO,USED_FOR,TherapeuticUse,D000935,used_for,Plant part is associated with the respective therapeutic use
PlantPart,AL-LE-RO,USED_FOR,TherapeuticUse,D000970,used_for,Plant part is associated with the respective therapeutic use
PlantPart,AL-LE-RO,USED_FOR,TherapeuticUse,D002319,used_for,Plant part is associated with the respective therapeutic use
PlantPart,AL-LE-RO,USED_FOR,TherapeuticUse,D007004,used_for,Plant part is associated with the respective therapeutic use
PlantPart,AL-LE-RO,USED_FOR,TherapeuticUse,D008881,used_for,Plant part is associated with the respective therapeutic use
PlantPart,AL-LE-RO,USED_FOR,TherapeuticUse,D009877,used_for,Plant part is associated with the respective therapeutic use
PlantPart,AL-LE-RO,USED_FOR,TherapeuticUse,D010276,used_for,Plant part is associated with the respective therapeutic use
PlantPart,AL-LE-RO,USED_FOR,TherapeuticUse,D010510,used_for,Plant part is associated with the respective therapeutic use
PlantPart,AL-LE-RO,USED_FOR,TherapeuticUse,D013089,used_for,Plant part is associated with the respective therapeutic use
PlantPart,AL-LE-RO,USED_FOR,TherapeuticUse,D015440,used_for,Plant part is associated with the respective therapeutic use
PlantPart,AL-LE-SE,USED_FOR,TherapeuticUse,D000019,used_for,Plant part is associated with the respective therapeutic use
PlantPart,AL-LE-SE,USED_FOR,TherapeuticUse,D000893,used_for,Plant part is associated with the respective therapeutic use
PlantPart,AL-LE-SE,USED_FOR,TherapeuticUse,D000927,used_for,Plant part is associated with the respective therapeutic use
PlantPart,AL-LE-SE,USED_FOR,TherapeuticUse,D000970,used_for,Plant part is associated with the respective therapeutic use
PlantPart,AL-LE-SE,USED_FOR,TherapeuticUse,D001046,used_for,Plant part is associated with the respective therapeutic use
PlantPart,AL-LE-SE,USED_FOR,TherapeuticUse,D001252,used_for,Plant part is associated with the respective therapeutic use
PlantPart,AL-LE-SE,USED_FOR,TherapeuticUse,D003139,used_for,Plant part is associated with the respective therapeutic use
PlantPart,AL-LE-SE,USED_FOR,TherapeuticUse,D003270,used_for,Plant part is associated with the respective therapeutic use
PlantPart,AL-LE-SE,USED_FOR,TherapeuticUse,D003371,used_for,Plant part is associated with the respective therapeutic use
PlantPart,AL-LE-SE,USED_FOR,TherapeuticUse,D003967,used_for,Plant part is associated with the respective therapeutic use
PlantPart,AL-LE-SE,USED_FOR,TherapeuticUse,D004232,used_for,Plant part is associated with the respective therapeutic use
PlantPart,AL-LE-SE,USED_FOR,TherapeuticUse,D005299,used_for,Plant part is associated with the respective therapeutic use
PlantPart,AL-LE-SE,USED_FOR,TherapeuticUse,D006069,used_for,Plant part is associated with the respective therapeutic use
PlantPart,AL-LE-SE,USED_FOR,TherapeuticUse,D006402,used_for,Plant part is associated with the respective therapeutic use
PlantPart,AL-LE-SE,USED_FOR,TherapeuticUse,D006484,used_for,Plant part is associated with the respective therapeutic use
PlantPart,AL-LE-SE,USED_FOR,TherapeuticUse,D007004,used_for,Plant part is associated with the respective therapeutic use
PlantPart,AL-LE-SE,USED_FOR,TherapeuticUse,D007022,used_for,Plant part is associated with the respective therapeutic use
PlantPart,AL-LE-SE,USED_FOR,TherapeuticUse,D007046,used_for,Plant part is associated with the respective therapeutic use
PlantPart,AL-LE-SE,USED_FOR,TherapeuticUse,D007249,used_for,Plant part is associated with the respective therapeutic use
PlantPart,AL-LE-SE,USED_FOR,TherapeuticUse,D007918,used_for,Plant part is associated with the respective therapeutic use
PlantPart,AL-LE-SE,USED_FOR,TherapeuticUse,D009755,used_for,Plant part is associated with the respective therapeutic use
PlantPart,AL-LE-SE,USED_FOR,TherapeuticUse,D011041,used_for,Plant part is associated with the respective therapeutic use
PlantPart,AL-LE-SE,USED_FOR,TherapeuticUse,D012060,used_for,Plant part is associated with the respective therapeutic use
PlantPart,AL-LE-SE,USED_FOR,TherapeuticUse,D012852,used_for,Plant part is associated with the respective therapeutic use
PlantPart,AL-LE-SE,USED_FOR,TherapeuticUse,D012871,used_for,Plant part is associated with the respective therapeutic use
PlantPart,AL-LE-SE,USED_FOR,TherapeuticUse,D013089,used_for,Plant part is associated with the respective therapeutic use
PlantPart,AL-LE-SE,USED_FOR,TherapeuticUse,D014388,used_for,Plant part is associated with the respective therapeutic use
PlantPart,AL-LE-SE,USED_FOR,TherapeuticUse,D014820,used_for,Plant part is associated with the respective therapeutic use
PlantPart,AL-LE-SE,USED_FOR,TherapeuticUse,D049970,used_for,Plant part is associated with the respective therapeutic use
PlantPart,AL-LE-ST,USED_FOR,TherapeuticUse,D003270,used_for,Plant part is associated with the respective therapeutic use
PlantPart,AL-LE-ST,USED_FOR,TherapeuticUse,D018115,used_for,Plant part is associated with the respective therapeutic use
PlantPart,AL-LE-WH,USED_FOR,TherapeuticUse,D000900,used_for,Plant part is associated with the respective therapeutic use
PlantPart,AL-LE-WH,USED_FOR,TherapeuticUse,D000981,used_for,Plant part is associated with the respective therapeutic use
PlantPart,AL-LE-WH,USED_FOR,TherapeuticUse,D001249,used_for,Plant part is associated with the respective therapeutic use
PlantPart,AL-LE-WH,USED_FOR,TherapeuticUse,D001991,used_for,Plant part is associated with the respective therapeutic use
PlantPart,AL-LE-WH,USED_FOR,TherapeuticUse,D003371,used_for,Plant part is associated with the respective therapeutic use
PlantPart,AL-LE-WH,USED_FOR,TherapeuticUse,D003872,used_for,Plant part is associated with the respective therapeutic use
PlantPart,AL-LE-WH,USED_FOR,TherapeuticUse,D004403,used_for,Plant part is associated with the respective therapeutic use
PlantPart,AL-LE-WH,USED_FOR,TherapeuticUse,D006484,used_for,Plant part is associated with the respective therapeutic use
PlantPart,AL-LE-WH,USED_FOR,TherapeuticUse,D006967,used_for,Plant part is associated with the respective therapeutic use
PlantPart,AL-LE-WH,USED_FOR,TherapeuticUse,D011657,used_for,Plant part is associated with the respective therapeutic use
PlantPart,AL-SE-LE,USED_FOR,TherapeuticUse,D000970,used_for,Plant part is associated with the respective therapeutic use
PlantPart,AL-SE-LE,USED_FOR,TherapeuticUse,D000975,used_for,Plant part is associated with the respective therapeutic use
PlantPart,AL-SE-LE,USED_FOR,TherapeuticUse,D005128,used_for,Plant part is associated with the respective therapeutic use
PlantPart,AL-SE-LE,USED_FOR,TherapeuticUse,D006402,used_for,Plant part is associated with the respective therapeutic use
PlantPart,AL-SE-LE,USED_FOR,TherapeuticUse,D012871,used_for,Plant part is associated with the respective therapeutic use
PlantPart,AL-SE-LE,USED_FOR,TherapeuticUse,D012909,used_for,Plant part is associated with the respective therapeutic use
PlantPart,AL-SE-LE,USED_FOR,TherapeuticUse,D014947,used_for,Plant part is associated with the respective therapeutic use
PlantPart,AL-SE-LE,USED_FOR,TherapeuticUse,D065008,used_for,Plant part is associated with the respective therapeutic use
PlantPart,AL-SE-RO,USED_FOR,TherapeuticUse,D000893,used_for,Plant part is associated with the respective therapeutic use
PlantPart,AL-SE-SE,USED_FOR,TherapeuticUse,D000900,used_for,Plant part is associated with the respective therapeutic use
PlantPart,AL-SE-ST,USED_FOR,TherapeuticUse,D005128,used_for,Plant part is associated with the respective therapeutic use
PlantPart,AL-SE-ST,USED_FOR,TherapeuticUse,D012909,used_for,Plant part is associated with the respective therapeutic use
PlantPart,AL-SE-WH,USED_FOR,TherapeuticUse,D000019,used_for,Plant part is associated with the respective therapeutic use
PlantPart,AL-SE-WH,USED_FOR,TherapeuticUse,D001252,used_for,Plant part is associated with the respective therapeutic use
PlantPart,AL-SE-WH,USED_FOR,TherapeuticUse,D002756,used_for,Plant part is associated with the respective therapeutic use
PlantPart,AL-SE-WH,USED_FOR,TherapeuticUse,D003248,used_for,Plant part is associated with the respective therapeutic use
PlantPart,AL-SE-WH,USED_FOR,TherapeuticUse,D003967,used_for,Plant part is associated with the respective therapeutic use
PlantPart,AL-SE-WH,USED_FOR,TherapeuticUse,D004066,used_for,Plant part is associated with the respective therapeutic use
PlantPart,AL-SE-WH,USED_FOR,TherapeuticUse,D004415,used_for,Plant part is associated with the respective therapeutic use
PlantPart,AL-SE-WH,USED_FOR,TherapeuticUse,D005334,used_for,Plant part is associated with the respective therapeutic use
PlantPart,AL-SE-WH,USED_FOR,TherapeuticUse,D006069,used_for,Plant part is associated with the respective therapeutic use
PlantPart,AL-SE-WH,USED_FOR,TherapeuticUse,D006402,used_for,Plant part is associated with the respective therapeutic use
PlantPart,AL-SE-WH,USED_FOR,TherapeuticUse,D007918,used_for,Plant part is associated with the respective therapeutic use
PlantPart,AL-SE-WH,USED_FOR,TherapeuticUse,D012871,used_for,Plant part is associated with the respective therapeutic use
PlantPart,AL-SE-WH,USED_FOR,TherapeuticUse,D014456,used_for,Plant part is associated with the respective therapeutic use
PlantPart,AL-SE-WH,USED_FOR,TherapeuticUse,D056669,used_for,Plant part is associated with the respective therapeutic use
PlantPart,AL-SE-WH,USED_FOR,TherapeuticUse,D058633,used_for,Plant part is associated with the respective therapeutic use
PlantPart,AM-VI-LE,USED_FOR,TherapeuticUse,D003967,used_for,Plant part is associated with the respective therapeutic use
PlantPart,AM-VI-LE,USED_FOR,TherapeuticUse,D004643,used_for,Plant part is associated with the respective therapeutic use
PlantPart,AM-VI-LE,USED_FOR,TherapeuticUse,D007249,used_for,Plant part is associated with the respective therapeutic use
PlantPart,AM-VI-LE,USED_FOR,TherapeuticUse,D007306,used_for,Plant part is associated with the respective therapeutic use
PlantPart,AM-VI-LE,USED_FOR,TherapeuticUse,D054368,used_for,Plant part is associated with the respective therapeutic use
PlantPart,AM-VI-LE,USED_FOR,TherapeuticUse,D065008,used_for,Plant part is associated with the respective therapeutic use
PlantPart,AM-VI-RO,USED_FOR,TherapeuticUse,D000935,used_for,Plant part is associated with the respective therapeutic use
PlantPart,AM-VI-RO,USED_FOR,TherapeuticUse,D003270,used_for,Plant part is associated with the respective therapeutic use
PlantPart,AM-VI-RO,USED_FOR,TherapeuticUse,D004485,used_for,Plant part is associated with the respective therapeutic use
PlantPart,AM-VI-RO,USED_FOR,TherapeuticUse,D014947,used_for,Plant part is associated with the respective therapeutic use
PlantPart,AM-VI-WH,USED_FOR,TherapeuticUse,D000871,used_for,Plant part is associated with the respective therapeutic use
PlantPart,AM-VI-WH,USED_FOR,TherapeuticUse,D012909,used_for,Plant part is associated with the respective therapeutic use
PlantPart,AM-VI-WH,USED_FOR,TherapeuticUse,D058633,used_for,Plant part is associated with the respective therapeutic use
PlantPart,AN-LA-BA,USED_FOR,TherapeuticUse,D000740,used_for,Plant part is associated with the respective therapeutic use
PlantPart,AN-LA-BA,USED_FOR,TherapeuticUse,D000893,used_for,Plant part is associated with the respective therapeutic use
PlantPart,AN-LA-BA,USED_FOR,TherapeuticUse,D001247,used_for,Plant part is associated with the respective therapeutic use
PlantPart,AN-LA-BA,USED_FOR,TherapeuticUse,D001252,used_for,Plant part is associated with the respective therapeutic use
PlantPart,AN-LA-BA,USED_FOR,TherapeuticUse,D001289,used_for,Plant part is associated with the respective therapeutic use
PlantPart,AN-LA-BA,USED_FOR,TherapeuticUse,D001745,used_for,Plant part is associated with the respective therapeutic use
PlantPart,AN-LA-BA,USED_FOR,TherapeuticUse,D002137,used_for,Plant part is associated with the respective therapeutic use
PlantPart,AN-LA-BA,USED_FOR,TherapeuticUse,D002492,used_for,Plant part is associated with the respective therapeutic use
PlantPart,AN-LA-BA,USED_FOR,TherapeuticUse,D003248,used_for,Plant part is associated with the respective therapeutic use
PlantPart,AN-LA-BA,USED_FOR,TherapeuticUse,D003371,used_for,Plant part is associated with the respective therapeutic use
PlantPart,AN-LA-BA,USED_FOR,TherapeuticUse,D003920,used_for,Plant part is associated with the respective therapeutic use
PlantPart,AN-LA-BA,USED_FOR,TherapeuticUse,D003967,used_for,Plant part is associated with the respective therapeutic use
PlantPart,AN-LA-BA,USED_FOR,TherapeuticUse,D004403,used_for,Plant part is associated with the respective therapeutic use
PlantPart,AN-LA-BA,USED_FOR,TherapeuticUse,D004886,used_for,Plant part is associated with the respective therapeutic use
PlantPart,AN-LA-BA,USED_FOR,TherapeuticUse,D006402,used_for,Plant part is associated with the respective therapeutic use
PlantPart,AN-LA-BA,USED_FOR,TherapeuticUse,D006469,used_for,Plant part is associated with the respective therapeutic use
PlantPart,AN-LA-BA,USED_FOR,TherapeuticUse,D006470,used_for,Plant part is associated with the respective therapeutic use
PlantPart,AN-LA-BA,USED_FOR,TherapeuticUse,D006484,used_for,Plant part is associated with the respective therapeutic use
PlantPart,AN-LA-BA,USED_FOR,TherapeuticUse,D006487,used_for,Plant part is associated with the respective therapeutic use
PlantPart,AN-LA-BA,USED_FOR,TherapeuticUse,D007035,used_for,Plant part is associated with the respective therapeutic use
PlantPart,AN-LA-BA,USED_FOR,TherapeuticUse,D007249,used_for,Plant part is associated with the respective therapeutic use
PlantPart,AN-LA-BA,USED_FOR,TherapeuticUse,D007411,used_for,Plant part is associated with the respective therapeutic use
PlantPart,AN-LA-BA,USED_FOR,TherapeuticUse,D007918,used_for,Plant part is associated with the respective therapeutic use
PlantPart,AN-LA-BA,USED_FOR,TherapeuticUse,D008107,used_for,Plant part is associated with the respective therapeutic use
PlantPart,AN-LA-BA,USED_FOR,TherapeuticUse,D008660,used_for,Plant part is associated with the respective therapeutic use
PlantPart,AN-LA-BA,USED_FOR,TherapeuticUse,D009877,used_for,Plant part is associated with the respective therapeutic use
PlantPart,AN-LA-BA,USED_FOR,TherapeuticUse,D010031,used_for,Plant part is associated with the respective therapeutic use
PlantPart,AN-LA-BA,USED_FOR,TherapeuticUse,D012060,used_for,Plant part is associated with the respective therapeutic use
PlantPart,AN-LA-BA,USED_FOR,TherapeuticUse,D012871,used_for,Plant part is associated with the respective therapeutic use
PlantPart,AN-LA-BA,USED_FOR,TherapeuticUse,D013587,used_for,Plant part is associated with the respective therapeutic use
PlantPart,AN-LA-BA,USED_FOR,TherapeuticUse,D014456,used_for,Plant part is associated with the respective therapeutic use
PlantPart,AN-LA-BA,USED_FOR,TherapeuticUse,D014839,used_for,Plant part is associated with the respective therapeutic use
PlantPart,AN-LA-BA,USED_FOR,TherapeuticUse,D014945,used_for,Plant part is associated with the respective therapeutic use
PlantPart,AN-LA-BA,USED_FOR,TherapeuticUse,D014947,used_for,Plant part is associated with the respective therapeutic use
PlantPart,AN-LA-BA,USED_FOR,TherapeuticUse,D015212,used_for,Plant part is associated with the respective therapeutic use
PlantPart,AN-LA-BA,USED_FOR,TherapeuticUse,D015440,used_for,Plant part is associated with the respective therapeutic use
PlantPart,AN-LA-BA,USED_FOR,TherapeuticUse,D015817,used_for,Plant part is associated with the respective therapeutic use
PlantPart,AN-LA-BA,USED_FOR,TherapeuticUse,D019167,used_for,Plant part is associated with the respective therapeutic use
PlantPart,AN-LA-BA,USED_FOR,TherapeuticUse,D019440,used_for,Plant part is associated with the respective therapeutic use
PlantPart,AN-LA-BA,USED_FOR,TherapeuticUse,D053159,used_for,Plant part is associated with the respective therapeutic use
PlantPart,AN-LA-FL,USED_FOR,TherapeuticUse,D003967,used_for,Plant part is associated with the respective therapeutic use
PlantPart,AN-LA-FL,USED_FOR,TherapeuticUse,D004403,used_for,Plant part is associated with the respective therapeutic use
PlantPart,AN-LA-FR,USED_FOR,TherapeuticUse,D000740,used_for,Plant part is associated with the respective therapeutic use
PlantPart,AN-LA-FR,USED_FOR,TherapeuticUse,D001252,used_for,Plant part is associated with the respective therapeutic use
PlantPart,AN-LA-FR,USED_FOR,TherapeuticUse,D002137,used_for,Plant part is associated with the respective therapeutic use
PlantPart,AN-LA-FR,USED_FOR,TherapeuticUse,D003967,used_for,Plant part is associated with the respective therapeutic use
PlantPart,AN-LA-FR,USED_FOR,TherapeuticUse,D004403,used_for,Plant part is associated with the respective therapeutic use
PlantPart,AN-LA-FR,USED_FOR,TherapeuticUse,D006402,used_for,Plant part is associated with the respective therapeutic use
PlantPart,AN-LA-FR,USED_FOR,TherapeuticUse,D006484,used_for,Plant part is associated with the respective therapeutic use
PlantPart,AN-LA-FR,USED_FOR,TherapeuticUse,D008660,used_for,Plant part is associated with the respective therapeutic use
PlantPart,AN-LA-FR,USED_FOR,TherapeuticUse,D012909,used_for,Plant part is associated with the respective therapeutic use
PlantPart,AN-LA-FR,USED_FOR,TherapeuticUse,D013587,used_for,Plant part is associated with the respective therapeutic use
PlantPart,AN-LA-FR,USED_FOR,TherapeuticUse,D014839,used_for,Plant part is associated with the respective therapeutic use
PlantPart,AN-LA-FR,USED_FOR,TherapeuticUse,D019440,used_for,Plant part is associated with the respective therapeutic use
PlantPart,AN-LA-FR,USED_FOR,TherapeuticUse,D053159,used_for,Plant part is associated with the respective therapeutic use
PlantPart,AN-LA-LE,USED_FOR,TherapeuticUse,D000935,used_for,Plant part is associated with the respective therapeutic use
PlantPart,AN-LA-LE,USED_FOR,TherapeuticUse,D004427,used_for,Plant part is associated with the respective therapeutic use
PlantPart,AN-LA-PL,USED_FOR,TherapeuticUse,D001168,used_for,Plant part is associated with the respective therapeutic use
PlantPart,AN-LA-PL,USED_FOR,TherapeuticUse,D001252,used_for,Plant part is associated with the respective therapeutic use
PlantPart,AN-LA-PL,USED_FOR,TherapeuticUse,D011181,used_for,Plant part is associated with the respective therapeutic use
PlantPart,AN-LA-PL,USED_FOR,TherapeuticUse,D012060,used_for,Plant part is associated with the respective therapeutic use
PlantPart,AN-LA-PL,USED_FOR,TherapeuticUse,D053580,used_for,Plant part is associated with the respective therapeutic use
PlantPart,AN-LA-RO,USED_FOR,TherapeuticUse,D000740,used_for,Plant part is associated with the respective therapeutic use
PlantPart,AN-LA-RO,USED_FOR,TherapeuticUse,D001249,used_for,Plant part is associated with the respective therapeutic use
PlantPart,AN-LA-RO,USED_FOR,TherapeuticUse,D001745,used_for,Plant part is associated with the respective therapeutic use
PlantPart,AN-LA-RO,USED_FOR,TherapeuticUse,D003371,used_for,Plant part is associated with the respective therapeutic use
PlantPart,AN-LA-RO,USED_FOR,TherapeuticUse,D004639,used_for,Plant part is associated with the respective therapeutic use
PlantPart,AN-LA-RO,USED_FOR,TherapeuticUse,D006261,used_for,Plant part is associated with the respective therapeutic use
PlantPart,AN-LA-RO,USED_FOR,TherapeuticUse,D007973,used_for,Plant part is associated with the respective therapeutic use
PlantPart,AN-LA-RO,USED_FOR,TherapeuticUse,D008107,used_for,Plant part is associated with the respective therapeutic use
PlantPart,AN-LA-RO,USED_FOR,TherapeuticUse,D012909,used_for,Plant part is associated with the respective therapeutic use
PlantPart,AN-LA-RO,USED_FOR,TherapeuticUse,D014947,used_for,Plant part is associated with the respective therapeutic use
PlantPart,AN-LA-RO,USED_FOR,TherapeuticUse,D015746,used_for,Plant part is associated with the respective therapeutic use
PlantPart,AN-LA-RO,USED_FOR,TherapeuticUse,D019167,used_for,Plant part is associated with the respective therapeutic use
PlantPart,AN-LA-RO,USED_FOR,TherapeuticUse,D065008,used_for,Plant part is associated with the respective therapeutic use
PlantPart,AN-LA-WO,USED_FOR,TherapeuticUse,D003920,used_for,Plant part is associated with the respective therapeutic use
PlantPart,AR-HE-BA,USED_FOR,TherapeuticUse,D004485,used_for,Plant part is associated with the respective therapeutic use
PlantPart,AR-HE-BA,USED_FOR,TherapeuticUse,D004827,used_for,Plant part is associated with the respective therapeutic use
PlantPart,AR-HE-BA,USED_FOR,TherapeuticUse,D008199,used_for,Plant part is associated with the respective therapeutic use
PlantPart,AR-HE-BA,USED_FOR,TherapeuticUse,D056669,used_for,Plant part is associated with the respective therapeutic use
PlantPart,AR-HE-FR,USED_FOR,TherapeuticUse,D000893,used_for,Plant part is associated with the respective therapeutic use
PlantPart,AR-HE-FR,USED_FOR,TherapeuticUse,D000900,used_for,Plant part is associated with the respective therapeutic use
PlantPart,AR-HE-FR,USED_FOR,TherapeuticUse,D000935,used_for,Plant part is associated with the respective therapeutic use
PlantPart,AR-HE-FR,USED_FOR,TherapeuticUse,D000970,used_for,Plant part is associated with the respective therapeutic use
PlantPart,AR-HE-FR,USED_FOR,TherapeuticUse,D000975,used_for,Plant part is associated with the respective therapeutic use
PlantPart,AR-HE-FR,USED_FOR,TherapeuticUse,D001046,used_for,Plant part is associated with the respective therapeutic use
PlantPart,AR-HE-FR,USED_FOR,TherapeuticUse,D001247,used_for,Plant part is associated with the respective therapeutic use
PlantPart,AR-HE-FR,USED_FOR,TherapeuticUse,D001252,used_for,Plant part is associated with the respective therapeutic use
PlantPart,AR-HE-FR,USED_FOR,TherapeuticUse,D002756,used_for,Plant part is associated with the respective therapeutic use
PlantPart,AR-HE-FR,USED_FOR,TherapeuticUse,D004403,used_for,Plant part is associated with the respective therapeutic use
PlantPart,AR-HE-FR,USED_FOR,TherapeuticUse,D004415,used_for,Plant part is associated with the respective therapeutic use
PlantPart,AR-HE-FR,USED_FOR,TherapeuticUse,D005414,used_for,Plant part is associated with the respective therapeutic use
PlantPart,AR-HE-FR,USED_FOR,TherapeuticUse,D005767,used_for,Plant part is associated with the respective therapeutic use
PlantPart,AR-HE-FR,USED_FOR,TherapeuticUse,D007003,used_for,Plant part is associated with the respective therapeutic use
PlantPart,AR-HE-FR,USED_FOR,TherapeuticUse,D007172,used_for,Plant part is associated with the respective therapeutic use
PlantPart,AR-HE-FR,USED_FOR,TherapeuticUse,D012060,used_for,Plant part is associated with the respective therapeutic use
PlantPart,AR-HE-FR,USED_FOR,TherapeuticUse,D014456,used_for,Plant part is associated with the respective therapeutic use
PlantPart,AR-HE-FR,USED_FOR,TherapeuticUse,D014839,used_for,Plant part is associated with the respective therapeutic use
PlantPart,AR-HE-FR,USED_FOR,TherapeuticUse,D014945,used_for,Plant part is associated with the respective therapeutic use
PlantPart,AR-HE-FR,USED_FOR,TherapeuticUse,D019440,used_for,Plant part is associated with the respective therapeutic use
PlantPart,AR-HE-FR,USED_FOR,TherapeuticUse,D054368,used_for,Plant part is associated with the respective therapeutic use
PlantPart,AR-HE-FR,USED_FOR,TherapeuticUse,D065106,used_for,Plant part is associated with the respective therapeutic use
PlantPart,AR-HE-LE,USED_FOR,TherapeuticUse,D000893,used_for,Plant part is associated with the respective therapeutic use
PlantPart,AR-HE-LE,USED_FOR,TherapeuticUse,D000900,used_for,Plant part is associated with the respective therapeutic use
PlantPart,AR-HE-LE,USED_FOR,TherapeuticUse,D000931,used_for,Plant part is associated with the respective therapeutic use
PlantPart,AR-HE-LE,USED_FOR,TherapeuticUse,D000935,used_for,Plant part is associated with the respective therapeutic use
PlantPart,AR-HE-LE,USED_FOR,TherapeuticUse,D000970,used_for,Plant part is associated with the respective therapeutic use
PlantPart,AR-HE-LE,USED_FOR,TherapeuticUse,D000975,used_for,Plant part is associated with the respective therapeutic use
PlantPart,AR-HE-LE,USED_FOR,TherapeuticUse,D003270,used_for,Plant part is associated with the respective therapeutic use
PlantPart,AR-HE-LE,USED_FOR,TherapeuticUse,D003731,used_for,Plant part is associated with the respective therapeutic use
PlantPart,AR-HE-LE,USED_FOR,TherapeuticUse,D005334,used_for,Plant part is associated with the respective therapeutic use
PlantPart,AR-HE-LE,USED_FOR,TherapeuticUse,D005667,used_for,Plant part is associated with the respective therapeutic use
PlantPart,AR-HE-LE,USED_FOR,TherapeuticUse,D007003,used_for,Plant part is associated with the respective therapeutic use
PlantPart,AR-HE-LE,USED_FOR,TherapeuticUse,D007004,used_for,Plant part is associated with the respective therapeutic use
PlantPart,AR-HE-LE,USED_FOR,TherapeuticUse,D007172,used_for,Plant part is associated with the respective therapeutic use
PlantPart,AR-HE-LE,USED_FOR,TherapeuticUse,D012871,used_for,Plant part is associated with the respective therapeutic use
PlantPart,AR-HE-LE,USED_FOR,TherapeuticUse,D012909,used_for,Plant part is associated with the respective therapeutic use
PlantPart,AR-HE-LE,USED_FOR,TherapeuticUse,D014456,used_for,Plant part is associated with the respective therapeutic use
PlantPart,AR-HE-LE,USED_FOR,TherapeuticUse,D014945,used_for,Plant part is associated with the respective therapeutic use
PlantPart,AR-HE-LE,USED_FOR,TherapeuticUse,D014947,used_for,Plant part is associated with the respective therapeutic use
PlantPart,AR-HE-LE,USED_FOR,TherapeuticUse,D020847,used_for,Plant part is associated with the respective therapeutic use
PlantPart,AR-HE-LE,USED_FOR,TherapeuticUse,D056669,used_for,Plant part is associated with the respective therapeutic use
PlantPart,AR-HE-LE,USED_FOR,TherapeuticUse,D065008,used_for,Plant part is associated with the respective therapeutic use
PlantPart,AR-HE-PL,USED_FOR,TherapeuticUse,D000038,used_for,Plant part is associated with the respective therapeutic use
PlantPart,AR-HE-PL,USED_FOR,TherapeuticUse,D000900,used_for,Plant part is associated with the respective therapeutic use
PlantPart,AR-HE-PL,USED_FOR,TherapeuticUse,D004415,used_for,Plant part is associated with the respective therapeutic use
PlantPart,AR-HE-PL,USED_FOR,TherapeuticUse,D008199,used_for,Plant part is associated with the respective therapeutic use
PlantPart,AR-HE-PL,USED_FOR,TherapeuticUse,D009877,used_for,Plant part is associated with the respective therapeutic use
PlantPart,AR-HE-PL,USED_FOR,TherapeuticUse,D010612,used_for,Plant part is associated with the respective therapeutic use
PlantPart,AR-HE-RO,USED_FOR,TherapeuticUse,D001249,used_for,Plant part is associated with the respective therapeutic use
PlantPart,AR-HE-RO,USED_FOR,TherapeuticUse,D003967,used_for,Plant part is associated with the respective therapeutic use
PlantPart,AR-HE-RO,USED_FOR,TherapeuticUse,D006470,used_for,Plant part is associated with the respective therapeutic use
PlantPart,AR-HE-RO,USED_FOR,TherapeuticUse,D007249,used_for,Plant part is associated with the respective therapeutic use
PlantPart,AR-HE-RO,USED_FOR,TherapeuticUse,D010146,used_for,Plant part is associated with the respective therapeutic use
PlantPart,AR-HE-RO,USED_FOR,TherapeuticUse,D012871,used_for,Plant part is associated with the respective therapeutic use
PlantPart,AR-HE-RO,USED_FOR,TherapeuticUse,D054368,used_for,Plant part is associated with the respective therapeutic use
PlantPart,AR-HE-SE,USED_FOR,TherapeuticUse,D000970,used_for,Plant part is associated with the respective therapeutic use
PlantPart,AR-HE-SE,USED_FOR,TherapeuticUse,D001046,used_for,Plant part is associated with the respective therapeutic use
PlantPart,AR-HE-SE,USED_FOR,TherapeuticUse,D002316,used_for,Plant part is associated with the respective therapeutic use
PlantPart,AR-HE-SE,USED_FOR,TherapeuticUse,D004232,used_for,Plant part is associated with the respective therapeutic use
PlantPart,AR-HE-SE,USED_FOR,TherapeuticUse,D006384,used_for,Plant part is associated with the respective therapeutic use
PlantPart,AR-HE-SE,USED_FOR,TherapeuticUse,D018678,used_for,Plant part is associated with the respective therapeutic use
PlantPart,AR-HE-WH,USED_FOR,TherapeuticUse,D000038,used_for,Plant part is associated with the respective therapeutic use
PlantPart,AR-HE-WH,USED_FOR,TherapeuticUse,D008199,used_for,Plant part is associated with the respective therapeutic use
PlantPart,AR-HE-WH,USED_FOR,TherapeuticUse,D012909,used_for,Plant part is associated with the respective therapeutic use
PlantPart,AR-HE-WH,USED_FOR,TherapeuticUse,D013492,used_for,Plant part is associated with the respective therapeutic use
PlantPart,AR-HE-WO,USED_FOR,TherapeuticUse,D000927,used_for,Plant part is associated with the respective therapeutic use
PlantPart,AR-HE-WO,USED_FOR,TherapeuticUse,D006993,used_for,Plant part is associated with the respective therapeutic use
PlantPart,AR-ME-BA,USED_FOR,TherapeuticUse,D000998,used_for,Plant part is associated with the respective therapeutic use
PlantPart,AR-ME-FL,USED_FOR,TherapeuticUse,D000758,used_for,Plant part is associated with the respective therapeutic use
PlantPart,AR-ME-FL,USED_FOR,TherapeuticUse,D000893,used_for,Plant part is associated with the respective therapeutic use
PlantPart,AR-ME-FL,USED_FOR,TherapeuticUse,D004485,used_for,Plant part is associated with the respective therapeutic use
PlantPart,AR-ME-FL,USED_FOR,TherapeuticUse,D004639,used_for,Plant part is associated with the respective therapeutic use
PlantPart,AR-ME-FL,USED_FOR,TherapeuticUse,D004827,used_for,Plant part is associated with the respective therapeutic use
PlantPart,AR-ME-FL,USED_FOR,TherapeuticUse,D005100,used_for,Plant part is associated with the respective therapeutic use
PlantPart,AR-ME-FL,USED_FOR,TherapeuticUse,D008288,used_for,Plant part is associated with the respective therapeutic use
PlantPart,AR-ME-FL,USED_FOR,TherapeuticUse,D012909,used_for,Plant part is associated with the respective therapeutic use
PlantPart,AR-ME-FL,USED_FOR,TherapeuticUse,D014917,used_for,Plant part is associated with the respective therapeutic use
PlantPart,AR-ME-FL,USED_FOR,TherapeuticUse,D018501,used_for,Plant part is associated with the respective therapeutic use
PlantPart,AR-ME-FL,USED_FOR,TherapeuticUse,D019380,used_for,Plant part is associated with the respective therapeutic use
PlantPart,AR-ME-FL,USED_FOR,TherapeuticUse,D054368,used_for,Plant part is associated with the respective therapeutic use
PlantPart,AR-ME-FR,USED_FOR,TherapeuticUse,D000900,used_for,Plant part is associated with the respective therapeutic use
PlantPart,AR-ME-FR,USED_FOR,TherapeuticUse,D005667,used_for,Plant part is associated with the respective therapeutic use
PlantPart,AR-ME-LE,USED_FOR,TherapeuticUse,D000893,used_for,Plant part is associated with the respective therapeutic use
PlantPart,AR-ME-LE,USED_FOR,TherapeuticUse,D001733,used_for,Plant part is associated with the respective therapeutic use
PlantPart,AR-ME-LE,USED_FOR,TherapeuticUse,D003231,used_for,Plant part is associated with the respective therapeutic use
PlantPart,AR-ME-LE,USED_FOR,TherapeuticUse,D003270,used_for,Plant part is associated with the respective therapeutic use
PlantPart,AR-ME-LE,USED_FOR,TherapeuticUse,D003371,used_for,Plant part is associated with the respective therapeutic use
PlantPart,AR-ME-LE,USED_FOR,TherapeuticUse,D004485,used_for,Plant part is associated with the respective therapeutic use
PlantPart,AR-ME-LE,USED_FOR,TherapeuticUse,D004487,used_for,Plant part is associated with the respective therapeutic use
PlantPart,AR-ME-LE,USED_FOR,TherapeuticUse,D006069,used_for,Plant part is associated with the respective therapeutic use
PlantPart,AR-ME-LE,USED_FOR,TherapeuticUse,D007565,used_for,Plant part is associated with the respective therapeutic use
PlantPart,AR-ME-LE,USED_FOR,TherapeuticUse,D007918,used_for,Plant part is associated with the respective therapeutic use
PlantPart,AR-ME-LE,USED_FOR,TherapeuticUse,D007973,used_for,Plant part is associated with the respective therapeutic use
PlantPart,AR-ME-LE,USED_FOR,TherapeuticUse,D012532,used_for,Plant part is associated with the respective therapeutic use
PlantPart,AR-ME-LE,USED_FOR,TherapeuticUse,D012871,used_for,Plant part is associated with the respective therapeutic use
PlantPart,AR-ME-LE,USED_FOR,TherapeuticUse,D014076,used_for,Plant part is associated with the respective therapeutic use
PlantPart,AR-ME-LE,USED_FOR,TherapeuticUse,D014098,used_for,Plant part is associated with the respective therapeutic use
PlantPart,AR-ME-LE,USED_FOR,TherapeuticUse,D014456,used_for,Plant part is associated with the respective therapeutic use
PlantPart,AR-ME-LE,USED_FOR,TherapeuticUse,D014555,used_for,Plant part is associated with the respective therapeutic use
PlantPart,AR-ME-LE,USED_FOR,TherapeuticUse,D014860,used_for,Plant part is associated with the respective therapeutic use
PlantPart,AR-ME-LE,USED_FOR,TherapeuticUse,D014947,used_for,Plant part is associated with the respective therapeutic use
PlantPart,AR-ME-LE,USED_FOR,TherapeuticUse,D015746,used_for,Plant part is associated with the respective therapeutic use
PlantPart,AR-ME-PL,USED_FOR,TherapeuticUse,D000871,used_for,Plant part is associated with the respective therapeutic use
PlantPart,AR-ME-PL,USED_FOR,TherapeuticUse,D000893,used_for,Plant part is associated with the respective therapeutic use
PlantPart,AR-ME-PL,USED_FOR,TherapeuticUse,D001768,used_for,Plant part is associated with the respective therapeutic use
PlantPart,AR-ME-PL,USED_FOR,TherapeuticUse,D002400,used_for,Plant part is associated with the respective therapeutic use
PlantPart,AR-ME-PL,USED_FOR,TherapeuticUse,D003231,used_for,Plant part is associated with the respective therapeutic use
PlantPart,AR-ME-PL,USED_FOR,TherapeuticUse,D004485,used_for,Plant part is associated with the respective therapeutic use
PlantPart,AR-ME-PL,USED_FOR,TherapeuticUse,D004487,used_for,Plant part is associated with the respective therapeutic use
PlantPart,AR-ME-PL,USED_FOR,TherapeuticUse,D004639,used_for,Plant part is associated with the respective therapeutic use
PlantPart,AR-ME-PL,USED_FOR,TherapeuticUse,D005100,used_for,Plant part is associated with the respective therapeutic use
PlantPart,AR-ME-PL,USED_FOR,TherapeuticUse,D005128,used_for,Plant part is associated with the respective therapeutic use
PlantPart,AR-ME-PL,USED_FOR,TherapeuticUse,D006069,used_for,Plant part is associated with the respective therapeutic use
PlantPart,AR-ME-PL,USED_FOR,TherapeuticUse,D007249,used_for,Plant part is associated with the respective therapeutic use
PlantPart,AR-ME-PL,USED_FOR,TherapeuticUse,D007565,used_for,Plant part is associated with the respective therapeutic use
PlantPart,AR-ME-PL,USED_FOR,TherapeuticUse,D007918,used_for,Plant part is associated with the respective therapeutic use
PlantPart,AR-ME-PL,USED_FOR,TherapeuticUse,D008288,used_for,Plant part is associated with the respective therapeutic use
PlantPart,AR-ME-PL,USED_FOR,TherapeuticUse,D009369,used_for,Plant part is associated with the respective therapeutic use
PlantPart,AR-ME-PL,USED_FOR,TherapeuticUse,D010146,used_for,Plant part is associated with the respective therapeutic use
PlantPart,AR-ME-PL,USED_FOR,TherapeuticUse,D012532,used_for,Plant part is associated with the respective therapeutic use
PlantPart,AR-ME-PL,USED_FOR,TherapeuticUse,D012871,used_for,Plant part is associated with the respective therapeutic use
PlantPart,AR-ME-PL,USED_FOR,TherapeuticUse,D012909,used_for,Plant part is associated with the respective therapeutic use
PlantPart,AR-ME-PL,USED_FOR,TherapeuticUse,D013587,used_for,Plant part is associated with the respective therapeutic use
PlantPart,AR-ME-PL,USED_FOR,TherapeuticUse,D014456,used_for,Plant part is associated with the respective therapeutic use
PlantPart,AR-ME-PL,USED_FOR,TherapeuticUse,D014860,used_for,Plant part is associated with the respective therapeutic use
PlantPart,AR-ME-PL,USED_FOR,TherapeuticUse,D014947,used_for,Plant part is associated with the respective therapeutic use
PlantPart,AR-ME-RO,USED_FOR,TherapeuticUse,D000700,used_for,Plant part is associated with the respective therapeutic use
PlantPart,AR-ME-RO,USED_FOR,TherapeuticUse,D000871,used_for,Plant part is associated with the respective therapeutic use
PlantPart,AR-ME-RO,USED_FOR,TherapeuticUse,D000889,used_for,Plant part is associated with the respective therapeutic use
PlantPart,AR-ME-RO,USED_FOR,TherapeuticUse,D000893,used_for,Plant part is associated with the respective therapeutic use
PlantPart,AR-ME-RO,USED_FOR,TherapeuticUse,D000935,used_for,Plant part is associated with the respective therapeutic use
PlantPart,AR-ME-RO,USED_FOR,TherapeuticUse,D000982,used_for,Plant part is associated with the respective therapeutic use
PlantPart,AR-ME-RO,USED_FOR,TherapeuticUse,D000996,used_for,Plant part is associated with the respective therapeutic use
PlantPart,AR-ME-RO,USED_FOR,TherapeuticUse,D001046,used_for,Plant part is associated with the respective therapeutic use
PlantPart,AR-ME-RO,USED_FOR,TherapeuticUse,D001733,used_for,Plant part is associated with the respective therapeutic use
PlantPart,AR-ME-RO,USED_FOR,TherapeuticUse,D001744,used_for,Plant part is associated with the respective therapeutic use
PlantPart,AR-ME-RO,USED_FOR,TherapeuticUse,D002400,used_for,Plant part is associated with the respective therapeutic use
PlantPart,AR-ME-RO,USED_FOR,TherapeuticUse,D003085,used_for,Plant part is associated with the respective therapeutic use
PlantPart,AR-ME-RO,USED_FOR,TherapeuticUse,D003316,used_for,Plant part is associated with the respective therapeutic use
PlantPart,AR-ME-RO,USED_FOR,TherapeuticUse,D003920,used_for,Plant part is associated with the respective therapeutic use
PlantPart,AR-ME-RO,USED_FOR,TherapeuticUse,D004232,used_for,Plant part is associated with the respective therapeutic use
PlantPart,AR-ME-RO,USED_FOR,TherapeuticUse,D004320,used_for,Plant part is associated with the respective therapeutic use
PlantPart,AR-ME-RO,USED_FOR,TherapeuticUse,D004485,used_for,Plant part is associated with the respective therapeutic use
PlantPart,AR-ME-RO,USED_FOR,TherapeuticUse,D005100,used_for,Plant part is associated with the respective therapeutic use
PlantPart,AR-ME-RO,USED_FOR,TherapeuticUse,D005128,used_for,Plant part is associated with the respective therapeutic use
PlantPart,AR-ME-RO,USED_FOR,TherapeuticUse,D005414,used_for,Plant part is associated with the respective therapeutic use
PlantPart,AR-ME-RO,USED_FOR,TherapeuticUse,D006069,used_for,Plant part is associated with the respective therapeutic use
PlantPart,AR-ME-RO,USED_FOR,TherapeuticUse,D006484,used_for,Plant part is associated with the respective therapeutic use
PlantPart,AR-ME-RO,USED_FOR,TherapeuticUse,D006993,used_for,Plant part is associated with the respective therapeutic use
PlantPart,AR-ME-RO,USED_FOR,TherapeuticUse,D007249,used_for,Plant part is associated with the respective therapeutic use
PlantPart,AR-ME-RO,USED_FOR,TherapeuticUse,D007565,used_for,Plant part is associated with the respective therapeutic use
PlantPart,AR-ME-RO,USED_FOR,TherapeuticUse,D007918,used_for,Plant part is associated with the respective therapeutic use
PlantPart,AR-ME-RO,USED_FOR,TherapeuticUse,D007973,used_for,Plant part is associated with the respective therapeutic use
PlantPart,AR-ME-RO,USED_FOR,TherapeuticUse,D008288,used_for,Plant part is associated with the respective therapeutic use
PlantPart,AR-ME-RO,USED_FOR,TherapeuticUse,D009877,used_for,Plant part is associated with the respective therapeutic use
PlantPart,AR-ME-RO,USED_FOR,TherapeuticUse,D011041,used_for,Plant part is associated with the respective therapeutic use
PlantPart,AR-ME-RO,USED_FOR,TherapeuticUse,D011537,used_for,Plant part is associated with the respective therapeutic use
PlantPart,AR-ME-RO,USED_FOR,TherapeuticUse,D012060,used_for,Plant part is associated with the respective therapeutic use
PlantPart,AR-ME-RO,USED_FOR,TherapeuticUse,D012532,used_for,Plant part is associated with the respective therapeutic use
PlantPart,AR-ME-RO,USED_FOR,TherapeuticUse,D012871,used_for,Plant part is associated with the respective therapeutic use
PlantPart,AR-ME-RO,USED_FOR,TherapeuticUse,D013587,used_for,Plant part is associated with the respective therapeutic use
PlantPart,AR-ME-RO,USED_FOR,TherapeuticUse,D014456,used_for,Plant part is associated with the respective therapeutic use
PlantPart,AR-ME-RO,USED_FOR,TherapeuticUse,D014555,used_for,Plant part is associated with the respective therapeutic use
PlantPart,AR-ME-RO,USED_FOR,TherapeuticUse,D014820,used_for,Plant part is associated with the respective therapeutic use
PlantPart,AR-ME-RO,USED_FOR,TherapeuticUse,D014947,used_for,Plant part is associated with the respective therapeutic use
PlantPart,AR-ME-RO,USED_FOR,TherapeuticUse,D015746,used_for,Plant part is associated with the respective therapeutic use
PlantPart,AR-ME-RO,USED_FOR,TherapeuticUse,D019380,used_for,Plant part is associated with the respective therapeutic use
PlantPart,AR-ME-RO,USED_FOR,TherapeuticUse,D054368,used_for,Plant part is associated with the respective therapeutic use
PlantPart,AR-ME-SE,USED_FOR,TherapeuticUse,D000152,used_for,Plant part is associated with the respective therapeutic use
PlantPart,AR-ME-SE,USED_FOR,TherapeuticUse,D000871,used_for,Plant part is associated with the respective therapeutic use
PlantPart,AR-ME-SE,USED_FOR,TherapeuticUse,D000893,used_for,Plant part is associated with the respective therapeutic use
PlantPart,AR-ME-SE,USED_FOR,TherapeuticUse,D000931,used_for,Plant part is associated with the respective therapeutic use
PlantPart,AR-ME-SE,USED_FOR,TherapeuticUse,D000932,used_for,Plant part is associated with the respective therapeutic use
PlantPart,AR-ME-SE,USED_FOR,TherapeuticUse,D000969,used_for,Plant part is associated with the respective therapeutic use
PlantPart,AR-ME-SE,USED_FOR,TherapeuticUse,D000988,used_for,Plant part is associated with the respective therapeutic use
PlantPart,AR-ME-SE,USED_FOR,TherapeuticUse,D001249,used_for,Plant part is associated with the respective therapeutic use
PlantPart,AR-ME-SE,USED_FOR,TherapeuticUse,D001252,used_for,Plant part is associated with the respective therapeutic use
PlantPart,AR-ME-SE,USED_FOR,TherapeuticUse,D002400,used_for,Plant part is associated with the respective therapeutic use
PlantPart,AR-ME-SE,USED_FOR,TherapeuticUse,D003085,used_for,Plant part is associated with the respective therapeutic use
PlantPart,AR-ME-SE,USED_FOR,TherapeuticUse,D003270,used_for,Plant part is associated with the respective therapeutic use
PlantPart,AR-ME-SE,USED_FOR,TherapeuticUse,D003371,used_for,Plant part is associated with the respective therapeutic use
PlantPart,AR-ME-SE,USED_FOR,TherapeuticUse,D003731,used_for,Plant part is associated with the respective therapeutic use
PlantPart,AR-ME-SE,USED_FOR,TherapeuticUse,D003967,used_for,Plant part is associated with the respective therapeutic use
PlantPart,AR-ME-SE,USED_FOR,TherapeuticUse,D004403,used_for,Plant part is associated with the respective therapeutic use
PlantPart,AR-ME-SE,USED_FOR,TherapeuticUse,D004485,used_for,Plant part is associated with the respective therapeutic use
PlantPart,AR-ME-SE,USED_FOR,TherapeuticUse,D004487,used_for,Plant part is associated with the respective therapeutic use
PlantPart,AR-ME-SE,USED_FOR,TherapeuticUse,D004639,used_for,Plant part is associated with the respective therapeutic use
PlantPart,AR-ME-SE,USED_FOR,TherapeuticUse,D005100,used_for,Plant part is associated with the respective therapeutic use
PlantPart,AR-ME-SE,USED_FOR,TherapeuticUse,D005414,used_for,Plant part is associated with the respective therapeutic use
PlantPart,AR-ME-SE,USED_FOR,TherapeuticUse,D005667,used_for,Plant part is associated with the respective therapeutic use
PlantPart,AR-ME-SE,USED_FOR,TherapeuticUse,D007918,used_for,Plant part is associated with the respective therapeutic use
PlantPart,AR-ME-SE,USED_FOR,TherapeuticUse,D008288,used_for,Plant part is associated with the respective therapeutic use
PlantPart,AR-ME-SE,USED_FOR,TherapeuticUse,D009325,used_for,Plant part is associated with the respective therapeutic use
PlantPart,AR-ME-SE,USED_FOR,TherapeuticUse,D009369,used_for,Plant part is associated with the respective therapeutic use
PlantPart,AR-ME-SE,USED_FOR,TherapeuticUse,D011537,used_for,Plant part is associated with the respective therapeutic use
PlantPart,AR-ME-SE,USED_FOR,TherapeuticUse,D012871,used_for,Plant part is associated with the respective therapeutic use
PlantPart,AR-ME-SE,USED_FOR,TherapeuticUse,D014098,used_for,Plant part is associated with the respective therapeutic use
PlantPart,AR-ME-SE,USED_FOR,TherapeuticUse,D014456,used_for,Plant part is associated with the respective therapeutic use
PlantPart,AR-ME-SE,USED_FOR,TherapeuticUse,D014839,used_for,Plant part is associated with the respective therapeutic use
PlantPart,AR-ME-SE,USED_FOR,TherapeuticUse,D014917,used_for,Plant part is associated with the respective therapeutic use
PlantPart,AR-ME-SE,USED_FOR,TherapeuticUse,D014945,used_for,Plant part is associated with the respective therapeutic use
PlantPart,AR-ME-SE,USED_FOR,TherapeuticUse,D014947,used_for,Plant part is associated with the respective therapeutic use
PlantPart,AR-ME-SE,USED_FOR,TherapeuticUse,D015746,used_for,Plant part is associated with the respective therapeutic use
PlantPart,AR-ME-SE,USED_FOR,TherapeuticUse,D018501,used_for,Plant part is associated with the respective therapeutic use
PlantPart,AR-ME-SE,USED_FOR,TherapeuticUse,D019380,used_for,Plant part is associated with the respective therapeutic use
PlantPart,AR-ME-SE,USED_FOR,TherapeuticUse,D054368,used_for,Plant part is associated with the respective therapeutic use
PlantPart,AR-ME-SE,USED_FOR,TherapeuticUse,D065106,used_for,Plant part is associated with the respective therapeutic use
PlantPart,AR-ME-ST,USED_FOR,TherapeuticUse,D000889,used_for,Plant part is associated with the respective therapeutic use
PlantPart,AR-ME-ST,USED_FOR,TherapeuticUse,D001049,used_for,Plant part is associated with the respective therapeutic use
PlantPart,AR-ME-ST,USED_FOR,TherapeuticUse,D003270,used_for,Plant part is associated with the respective therapeutic use
PlantPart,AR-ME-ST,USED_FOR,TherapeuticUse,D012871,used_for,Plant part is associated with the respective therapeutic use
PlantPart,AR-ME-WH,USED_FOR,TherapeuticUse,D002400,used_for,Plant part is associated with the respective therapeutic use
PlantPart,AR-ME-WH,USED_FOR,TherapeuticUse,D004487,used_for,Plant part is associated with the respective therapeutic use
PlantPart,AR-ME-WH,USED_FOR,TherapeuticUse,D007565,used_for,Plant part is associated with the respective therapeutic use
PlantPart,AR-ME-WH,USED_FOR,TherapeuticUse,D007918,used_for,Plant part is associated with the respective therapeutic use
PlantPart,AR-ME-WH,USED_FOR,TherapeuticUse,D012871,used_for,Plant part is associated with the respective therapeutic use
PlantPart,AR-TA-LE,USED_FOR,TherapeuticUse,D006261,used_for,Plant part is associated with the respective therapeutic use
PlantPart,AR-TA-LE,USED_FOR,TherapeuticUse,D015746,used_for,Plant part is associated with the respective therapeutic use
PlantPart,AR-TA-RO,USED_FOR,TherapeuticUse,D000932,used_for,Plant part is associated with the respective therapeutic use
PlantPart,AR-TA-RO,USED_FOR,TherapeuticUse,D003270,used_for,Plant part is associated with the respective therapeutic use
PlantPart,AR-TA-RO,USED_FOR,TherapeuticUse,D005414,used_for,Plant part is associated with the respective therapeutic use
PlantPart,AR-TA-RO,USED_FOR,TherapeuticUse,D008600,used_for,Plant part is associated with the respective therapeutic use
PlantPart,AR-TA-RO,USED_FOR,TherapeuticUse,D011041,used_for,Plant part is associated with the respective therapeutic use
PlantPart,AR-TA-RO,USED_FOR,TherapeuticUse,D012060,used_for,Plant part is associated with the respective therapeutic use
PlantPart,AT-HO-LE,USED_FOR,TherapeuticUse,D004232,used_for,Plant part is associated with the respective therapeutic use
PlantPart,AT-HO-LE,USED_FOR,TherapeuticUse,D004643,used_for,Plant part is associated with the respective therapeutic use
PlantPart,AT-HO-LE,USED_FOR,TherapeuticUse,D008171,used_for,Plant part is associated with the respective therapeutic use
PlantPart,AT-HO-SE,USED_FOR,TherapeuticUse,D004232,used_for,Plant part is associated with the respective therapeutic use
PlantPart,AT-HO-SE,USED_FOR,TherapeuticUse,D004643,used_for,Plant part is associated with the respective therapeutic use
PlantPart,AT-HO-SE,USED_FOR,TherapeuticUse,D008171,used_for,Plant part is associated with the respective therapeutic use
PlantPart,AT-HO-SE,USED_FOR,TherapeuticUse,D014802,used_for,Plant part is associated with the respective therapeutic use
PlantPart,AZ-IN-BA,USED_FOR,TherapeuticUse,D000568,used_for,Plant part is associated with the respective therapeutic use
PlantPart,AZ-IN-BA,USED_FOR,TherapeuticUse,D000855,used_for,Plant part is associated with the respective therapeutic use
PlantPart,AZ-IN-BA,USED_FOR,TherapeuticUse,D000871,used_for,Plant part is associated with the respective therapeutic use
PlantPart,AZ-IN-BA,USED_FOR,TherapeuticUse,D000891,used_for,Plant part is associated with the respective therapeutic use
PlantPart,AZ-IN-BA,USED_FOR,TherapeuticUse,D000900,used_for,Plant part is associated with the respective therapeutic use
PlantPart,AZ-IN-BA,USED_FOR,TherapeuticUse,D000927,used_for,Plant part is associated with the respective therapeutic use
PlantPart,AZ-IN-BA,USED_FOR,TherapeuticUse,D000932,used_for,Plant part is associated with the respective therapeutic use
PlantPart,AZ-IN-BA,USED_FOR,TherapeuticUse,D000935,used_for,Plant part is associated with the respective therapeutic use
PlantPart,AZ-IN-BA,USED_FOR,TherapeuticUse,D000960,used_for,Plant part is associated with the respective therapeutic use
PlantPart,AZ-IN-BA,USED_FOR,TherapeuticUse,D000969,used_for,Plant part is associated with the respective therapeutic use
PlantPart,AZ-IN-BA,USED_FOR,TherapeuticUse,D000970,used_for,Plant part is associated with the respective therapeutic use
PlantPart,AZ-IN-BA,USED_FOR,TherapeuticUse,D000977,used_for,Plant part is associated with the respective therapeutic use
PlantPart,AZ-IN-BA,USED_FOR,TherapeuticUse,D000982,used_for,Plant part is associated with the respective therapeutic use
PlantPart,AZ-IN-BA,USED_FOR,TherapeuticUse,D000998,used_for,Plant part is associated with the respective therapeutic use
PlantPart,AZ-IN-BA,USED_FOR,TherapeuticUse,D001252,used_for,Plant part is associated with the respective therapeutic use
PlantPart,AZ-IN-BA,USED_FOR,TherapeuticUse,D001768,used_for,Plant part is associated with the respective therapeutic use
PlantPart,AZ-IN-BA,USED_FOR,TherapeuticUse,D001991,used_for,Plant part is associated with the respective therapeutic use
PlantPart,AZ-IN-BA,USED_FOR,TherapeuticUse,D003139,used_for,Plant part is associated with the respective therapeutic use
PlantPart,AZ-IN-BA,USED_FOR,TherapeuticUse,D003270,used_for,Plant part is associated with the respective therapeutic use
PlantPart,AZ-IN-BA,USED_FOR,TherapeuticUse,D003371,used_for,Plant part is associated with the respective therapeutic use
PlantPart,AZ-IN-BA,USED_FOR,TherapeuticUse,D003920,used_for,Plant part is associated with the respective therapeutic use
PlantPart,AZ-IN-BA,USED_FOR,TherapeuticUse,D004232,used_for,Plant part is associated with the respective therapeutic use
PlantPart,AZ-IN-BA,USED_FOR,TherapeuticUse,D004415,used_for,Plant part is associated with the respective therapeutic use
PlantPart,AZ-IN-BA,USED_FOR,TherapeuticUse,D004433,used_for,Plant part is associated with the respective therapeutic use
PlantPart,AZ-IN-BA,USED_FOR,TherapeuticUse,D004485,used_for,Plant part is associated with the respective therapeutic use
PlantPart,AZ-IN-BA,USED_FOR,TherapeuticUse,D005100,used_for,Plant part is associated with the respective therapeutic use
PlantPart,AZ-IN-BA,USED_FOR,TherapeuticUse,D005221,used_for,Plant part is associated with the respective therapeutic use
PlantPart,AZ-IN-BA,USED_FOR,TherapeuticUse,D005334,used_for,Plant part is associated with the respective therapeutic use
PlantPart,AZ-IN-BA,USED_FOR,TherapeuticUse,D005368,used_for,Plant part is associated with the respective therapeutic use
PlantPart,AZ-IN-BA,USED_FOR,TherapeuticUse,D005667,used_for,Plant part is associated with the respective therapeutic use
PlantPart,AZ-IN-BA,USED_FOR,TherapeuticUse,D005891,used_for,Plant part is associated with the respective therapeutic use
PlantPart,AZ-IN-BA,USED_FOR,TherapeuticUse,D006402,used_for,Plant part is associated with the respective therapeutic use
PlantPart,AZ-IN-BA,USED_FOR,TherapeuticUse,D006470,used_for,Plant part is associated with the respective therapeutic use
PlantPart,AZ-IN-BA,USED_FOR,TherapeuticUse,D007004,used_for,Plant part is associated with the respective therapeutic use
PlantPart,AZ-IN-BA,USED_FOR,TherapeuticUse,D007249,used_for,Plant part is associated with the respective therapeutic use
PlantPart,AZ-IN-BA,USED_FOR,TherapeuticUse,D007306,used_for,Plant part is associated with the respective therapeutic use
PlantPart,AZ-IN-BA,USED_FOR,TherapeuticUse,D007411,used_for,Plant part is associated with the respective therapeutic use
PlantPart,AZ-IN-BA,USED_FOR,TherapeuticUse,D007918,used_for,Plant part is associated with the respective therapeutic use
PlantPart,AZ-IN-BA,USED_FOR,TherapeuticUse,D008107,used_for,Plant part is associated with the respective therapeutic use
PlantPart,AZ-IN-BA,USED_FOR,TherapeuticUse,D008288,used_for,Plant part is associated with the respective therapeutic use
PlantPart,AZ-IN-BA,USED_FOR,TherapeuticUse,D008457,used_for,Plant part is associated with the respective therapeutic use
PlantPart,AZ-IN-BA,USED_FOR,TherapeuticUse,D008600,used_for,Plant part is associated with the respective therapeutic use
PlantPart,AZ-IN-BA,USED_FOR,TherapeuticUse,D008975,used_for,Plant part is associated with the respective therapeutic use
PlantPart,AZ-IN-BA,USED_FOR,TherapeuticUse,D009369,used_for,Plant part is associated with the respective therapeutic use
PlantPart,AZ-IN-BA,USED_FOR,TherapeuticUse,D010146,used_for,Plant part is associated with the respective therapeutic use
PlantPart,AZ-IN-BA,USED_FOR,TherapeuticUse,D010369,used_for,Plant part is associated with the respective therapeutic use
PlantPart,AZ-IN-BA,USED_FOR,TherapeuticUse,D010518,used_for,Plant part is associated with the respective therapeutic use
PlantPart,AZ-IN-BA,USED_FOR,TherapeuticUse,D011537,used_for,Plant part is associated with the respective therapeutic use
PlantPart,AZ-IN-BA,USED_FOR,TherapeuticUse,D012060,used_for,Plant part is associated with the respective therapeutic use
PlantPart,AZ-IN-BA,USED_FOR,TherapeuticUse,D012871,used_for,Plant part is associated with the respective therapeutic use
PlantPart,AZ-IN-BA,USED_FOR,TherapeuticUse,D012899,used_for,Plant part is associated with the respective therapeutic use
PlantPart,AZ-IN-BA,USED_FOR,TherapeuticUse,D012909,used_for,Plant part is associated with the respective therapeutic use
PlantPart,AZ-IN-BA,USED_FOR,TherapeuticUse,D013035,used_for,Plant part is associated with the respective therapeutic use
PlantPart,AZ-IN-BA,USED_FOR,TherapeuticUse,D013163,used_for,Plant part is associated with the respective therapeutic use
PlantPart,AZ-IN-BA,USED_FOR,TherapeuticUse,D013587,used_for,Plant part is associated with the respective therapeutic use
PlantPart,AZ-IN-BA,USED_FOR,TherapeuticUse,D013894,used_for,Plant part is associated with the respective therapeutic use
PlantPart,AZ-IN-BA,USED_FOR,TherapeuticUse,D014388,used_for,Plant part is associated with the respective therapeutic use
PlantPart,AZ-IN-BA,USED_FOR,TherapeuticUse,D014456,used_for,Plant part is associated with the respective therapeutic use
PlantPart,AZ-IN-BA,USED_FOR,TherapeuticUse,D014549,used_for,Plant part is associated with the respective therapeutic use
PlantPart,AZ-IN-BA,USED_FOR,TherapeuticUse,D014555,used_for,Plant part is associated with the respective therapeutic use
PlantPart,AZ-IN-BA,USED_FOR,TherapeuticUse,D014820,used_for,Plant part is associated with the respective therapeutic use
PlantPart,AZ-IN-BA,USED_FOR,TherapeuticUse,D014839,used_for,Plant part is associated with the respective therapeutic use
PlantPart,AZ-IN-BA,USED_FOR,TherapeuticUse,D014945,used_for,Plant part is associated with the respective therapeutic use
PlantPart,AZ-IN-BA,USED_FOR,TherapeuticUse,D014947,used_for,Plant part is associated with the respective therapeutic use
PlantPart,AZ-IN-BA,USED_FOR,TherapeuticUse,D015746,used_for,Plant part is associated with the respective therapeutic use
PlantPart,AZ-IN-BA,USED_FOR,TherapeuticUse,D017116,used_for,Plant part is associated with the respective therapeutic use
PlantPart,AZ-IN-BA,USED_FOR,TherapeuticUse,D017592,used_for,Plant part is associated with the respective therapeutic use
PlantPart,AZ-IN-BA,USED_FOR,TherapeuticUse,D019167,used_for,Plant part is associated with the respective therapeutic use
PlantPart,AZ-IN-BA,USED_FOR,TherapeuticUse,D065008,used_for,Plant part is associated with the respective therapeutic use
PlantPart,AZ-IN-BA,USED_FOR,TherapeuticUse,D065106,used_for,Plant part is associated with the respective therapeutic use
PlantPart,AZ-IN-FL,USED_FOR,TherapeuticUse,D000485,used_for,Plant part is associated with the respective therapeutic use
PlantPart,AZ-IN-FL,USED_FOR,TherapeuticUse,D000871,used_for,Plant part is associated with the respective therapeutic use
PlantPart,AZ-IN-FL,USED_FOR,TherapeuticUse,D000891,used_for,Plant part is associated with the respective therapeutic use
PlantPart,AZ-IN-FL,USED_FOR,TherapeuticUse,D000900,used_for,Plant part is associated with the respective therapeutic use
PlantPart,AZ-IN-FL,USED_FOR,TherapeuticUse,D000960,used_for,Plant part is associated with the respective therapeutic use
PlantPart,AZ-IN-FL,USED_FOR,TherapeuticUse,D000969,used_for,Plant part is associated with the respective therapeutic use
PlantPart,AZ-IN-FL,USED_FOR,TherapeuticUse,D001247,used_for,Plant part is associated with the respective therapeutic use
PlantPart,AZ-IN-FL,USED_FOR,TherapeuticUse,D002400,used_for,Plant part is associated with the respective therapeutic use
PlantPart,AZ-IN-FL,USED_FOR,TherapeuticUse,D003920,used_for,Plant part is associated with the respective therapeutic use
PlantPart,AZ-IN-FL,USED_FOR,TherapeuticUse,D004415,used_for,Plant part is associated with the respective therapeutic use
PlantPart,AZ-IN-FL,USED_FOR,TherapeuticUse,D005128,used_for,Plant part is associated with the respective therapeutic use
PlantPart,AZ-IN-FL,USED_FOR,TherapeuticUse,D007306,used_for,Plant part is associated with the respective therapeutic use
PlantPart,AZ-IN-FL,USED_FOR,TherapeuticUse,D007411,used_for,Plant part is associated with the respective therapeutic use
PlantPart,AZ-IN-FL,USED_FOR,TherapeuticUse,D007565,used_for,Plant part is associated with the respective therapeutic use
PlantPart,AZ-IN-FL,USED_FOR,TherapeuticUse,D007918,used_for,Plant part is associated with the respective therapeutic use
PlantPart,AZ-IN-FL,USED_FOR,TherapeuticUse,D010146,used_for,Plant part is associated with the respective therapeutic use
PlantPart,AZ-IN-FL,USED_FOR,TherapeuticUse,D012060,used_for,Plant part is associated with the respective therapeutic use
PlantPart,AZ-IN-FL,USED_FOR,TherapeuticUse,D017592,used_for,Plant part is associated with the respective therapeutic use
PlantPart,AZ-IN-FL,USED_FOR,TherapeuticUse,D018501,used_for,Plant part is associated with the respective therapeutic use
PlantPart,AZ-IN-FL,USED_FOR,TherapeuticUse,D019167,used_for,Plant part is associated with the respective therapeutic use
PlantPart,AZ-IN-FL,USED_FOR,TherapeuticUse,D049970,used_for,Plant part is associated with the respective therapeutic use
PlantPart,AZ-IN-FR,USED_FOR,TherapeuticUse,D000871,used_for,Plant part is associated with the respective therapeutic use
PlantPart,AZ-IN-FR,USED_FOR,TherapeuticUse,D000969,used_for,Plant part is associated with the respective therapeutic use
PlantPart,AZ-IN-FR,USED_FOR,TherapeuticUse,D001252,used_for,Plant part is associated with the respective therapeutic use
PlantPart,AZ-IN-FR,USED_FOR,TherapeuticUse,D002199,used_for,Plant part is associated with the respective therapeutic use
PlantPart,AZ-IN-FR,USED_FOR,TherapeuticUse,D002400,used_for,Plant part is associated with the respective therapeutic use
PlantPart,AZ-IN-FR,USED_FOR,TherapeuticUse,D003967,used_for,Plant part is associated with the respective therapeutic use
PlantPart,AZ-IN-FR,USED_FOR,TherapeuticUse,D004643,used_for,Plant part is associated with the respective therapeutic use
PlantPart,AZ-IN-FR,USED_FOR,TherapeuticUse,D006470,used_for,Plant part is associated with the respective therapeutic use
PlantPart,AZ-IN-FR,USED_FOR,TherapeuticUse,D006484,used_for,Plant part is associated with the respective therapeutic use
PlantPart,AZ-IN-FR,USED_FOR,TherapeuticUse,D007306,used_for,Plant part is associated with the respective therapeutic use
PlantPart,AZ-IN-FR,USED_FOR,TherapeuticUse,D007918,used_for,Plant part is associated with the respective therapeutic use
PlantPart,AZ-IN-FR,USED_FOR,TherapeuticUse,D009877,used_for,Plant part is associated with the respective therapeutic use
PlantPart,AZ-IN-FR,USED_FOR,TherapeuticUse,D010146,used_for,Plant part is associated with the respective therapeutic use
PlantPart,AZ-IN-FR,USED_FOR,TherapeuticUse,D010276,used_for,Plant part is associated with the respective therapeutic use
PlantPart,AZ-IN-FR,USED_FOR,TherapeuticUse,D012060,used_for,Plant part is associated with the respective therapeutic use
PlantPart,AZ-IN-FR,USED_FOR,TherapeuticUse,D012871,used_for,Plant part is associated with the respective therapeutic use
PlantPart,AZ-IN-FR,USED_FOR,TherapeuticUse,D013272,used_for,Plant part is associated with the respective therapeutic use
PlantPart,AZ-IN-FR,USED_FOR,TherapeuticUse,D014456,used_for,Plant part is associated with the respective therapeutic use
PlantPart,AZ-IN-FR,USED_FOR,TherapeuticUse,D014839,used_for,Plant part is associated with the respective therapeutic use
PlantPart,AZ-IN-FR,USED_FOR,TherapeuticUse,D015746,used_for,Plant part is associated with the respective therapeutic use
PlantPart,AZ-IN-FR,USED_FOR,TherapeuticUse,D018501,used_for,Plant part is associated with the respective therapeutic use
PlantPart,AZ-IN-LE,USED_FOR,TherapeuticUse,D000019,used_for,Plant part is associated with the respective therapeutic use
PlantPart,AZ-IN-LE,USED_FOR,TherapeuticUse,D000038,used_for,Plant part is associated with the respective therapeutic use
PlantPart,AZ-IN-LE,USED_FOR,TherapeuticUse,D000700,used_for,Plant part is associated with the respective therapeutic use
PlantPart,AZ-IN-LE,USED_FOR,TherapeuticUse,D000871,used_for,Plant part is associated with the respective therapeutic use
PlantPart,AZ-IN-LE,USED_FOR,TherapeuticUse,D000889,used_for,Plant part is associated with the respective therapeutic use
PlantPart,AZ-IN-LE,USED_FOR,TherapeuticUse,D000890,used_for,Plant part is associated with the respective therapeutic use
PlantPart,AZ-IN-LE,USED_FOR,TherapeuticUse,D000891,used_for,Plant part is associated with the respective therapeutic use
PlantPart,AZ-IN-LE,USED_FOR,TherapeuticUse,D000893,used_for,Plant part is associated with the respective therapeutic use
PlantPart,AZ-IN-LE,USED_FOR,TherapeuticUse,D000900,used_for,Plant part is associated with the respective therapeutic use
PlantPart,AZ-IN-LE,USED_FOR,TherapeuticUse,D000935,used_for,Plant part is associated with the respective therapeutic use
PlantPart,AZ-IN-LE,USED_FOR,TherapeuticUse,D000960,used_for,Plant part is associated with the respective therapeutic use
PlantPart,AZ-IN-LE,USED_FOR,TherapeuticUse,D000969,used_for,Plant part is associated with the respective therapeutic use
PlantPart,AZ-IN-LE,USED_FOR,TherapeuticUse,D000970,used_for,Plant part is associated with the respective therapeutic use
PlantPart,AZ-IN-LE,USED_FOR,TherapeuticUse,D000977,used_for,Plant part is associated with the respective therapeutic use
PlantPart,AZ-IN-LE,USED_FOR,TherapeuticUse,D000982,used_for,Plant part is associated with the respective therapeutic use
PlantPart,AZ-IN-LE,USED_FOR,TherapeuticUse,D000998,used_for,Plant part is associated with the respective therapeutic use
PlantPart,AZ-IN-LE,USED_FOR,TherapeuticUse,D001196,used_for,Plant part is associated with the respective therapeutic use
PlantPart,AZ-IN-LE,USED_FOR,TherapeuticUse,D001252,used_for,Plant part is associated with the respective therapeutic use
PlantPart,AZ-IN-LE,USED_FOR,TherapeuticUse,D002199,used_for,Plant part is associated with the respective therapeutic use
PlantPart,AZ-IN-LE,USED_FOR,TherapeuticUse,D003231,used_for,Plant part is associated with the respective therapeutic use
PlantPart,AZ-IN-LE,USED_FOR,TherapeuticUse,D003270,used_for,Plant part is associated with the respective therapeutic use
PlantPart,AZ-IN-LE,USED_FOR,TherapeuticUse,D003920,used_for,Plant part is associated with the respective therapeutic use
PlantPart,AZ-IN-LE,USED_FOR,TherapeuticUse,D003967,used_for,Plant part is associated with the respective therapeutic use
PlantPart,AZ-IN-LE,USED_FOR,TherapeuticUse,D004232,used_for,Plant part is associated with the respective therapeutic use
PlantPart,AZ-IN-LE,USED_FOR,TherapeuticUse,D004415,used_for,Plant part is associated with the respective therapeutic use
PlantPart,AZ-IN-LE,USED_FOR,TherapeuticUse,D004485,used_for,Plant part is associated with the respective therapeutic use
PlantPart,AZ-IN-LE,USED_FOR,TherapeuticUse,D005128,used_for,Plant part is associated with the respective therapeutic use
PlantPart,AZ-IN-LE,USED_FOR,TherapeuticUse,D005334,used_for,Plant part is associated with the respective therapeutic use
PlantPart,AZ-IN-LE,USED_FOR,TherapeuticUse,D005667,used_for,Plant part is associated with the respective therapeutic use
PlantPart,AZ-IN-LE,USED_FOR,TherapeuticUse,D005891,used_for,Plant part is associated with the respective therapeutic use
PlantPart,AZ-IN-LE,USED_FOR,TherapeuticUse,D006402,used_for,Plant part is associated with the respective therapeutic use
PlantPart,AZ-IN-LE,USED_FOR,TherapeuticUse,D006471,used_for,Plant part is associated with the respective therapeutic use
PlantPart,AZ-IN-LE,USED_FOR,TherapeuticUse,D006484,used_for,Plant part is associated with the respective therapeutic use
PlantPart,AZ-IN-LE,USED_FOR,TherapeuticUse,D006633,used_for,Plant part is associated with the respective therapeutic use
PlantPart,AZ-IN-LE,USED_FOR,TherapeuticUse,D006967,used_for,Plant part is associated with the respective therapeutic use
PlantPart,AZ-IN-LE,USED_FOR,TherapeuticUse,D006993,used_for,Plant part is associated with the respective therapeutic use
PlantPart,AZ-IN-LE,USED_FOR,TherapeuticUse,D007003,used_for,Plant part is associated with the respective therapeutic use
PlantPart,AZ-IN-LE,USED_FOR,TherapeuticUse,D007022,used_for,Plant part is associated with the respective therapeutic use
PlantPart,AZ-IN-LE,USED_FOR,TherapeuticUse,D007239,used_for,Plant part is associated with the respective therapeutic use
PlantPart,AZ-IN-LE,USED_FOR,TherapeuticUse,D007306,used_for,Plant part is associated with the respective therapeutic use
PlantPart,AZ-IN-LE,USED_FOR,TherapeuticUse,D007411,used_for,Plant part is associated with the respective therapeutic use
PlantPart,AZ-IN-LE,USED_FOR,TherapeuticUse,D007918,used_for,Plant part is associated with the respective therapeutic use
PlantPart,AZ-IN-LE,USED_FOR,TherapeuticUse,D008107,used_for,Plant part is associated with the respective therapeutic use
PlantPart,AZ-IN-LE,USED_FOR,TherapeuticUse,D008288,used_for,Plant part is associated with the respective therapeutic use
PlantPart,AZ-IN-LE,USED_FOR,TherapeuticUse,D008457,used_for,Plant part is associated with the respective therapeutic use
PlantPart,AZ-IN-LE,USED_FOR,TherapeuticUse,D008593,used_for,Plant part is associated with the respective therapeutic use
PlantPart,AZ-IN-LE,USED_FOR,TherapeuticUse,D008975,used_for,Plant part is associated with the respective therapeutic use
PlantPart,AZ-IN-LE,USED_FOR,TherapeuticUse,D009422,used_for,Plant part is associated with the respective therapeutic use
PlantPart,AZ-IN-LE,USED_FOR,TherapeuticUse,D009877,used_for,Plant part is associated with the respective therapeutic use
PlantPart,AZ-IN-LE,USED_FOR,TherapeuticUse,D010146,used_for,Plant part is associated with the respective therapeutic use
PlantPart,AZ-IN-LE,USED_FOR,TherapeuticUse,D010276,used_for,Plant part is associated with the respective therapeutic use
PlantPart,AZ-IN-LE,USED_FOR,TherapeuticUse,D010510,used_for,Plant part is associated with the respective therapeutic use
PlantPart,AZ-IN-LE,USED_FOR,TherapeuticUse,D010518,used_for,Plant part is associated with the respective therapeutic use
PlantPart,AZ-IN-LE,USED_FOR,TherapeuticUse,D010612,used_for,Plant part is associated with the respective therapeutic use
PlantPart,AZ-IN-LE,USED_FOR,TherapeuticUse,D011041,used_for,Plant part is associated with the respective therapeutic use
PlantPart,AZ-IN-LE,USED_FOR,TherapeuticUse,D011181,used_for,Plant part is associated with the respective therapeutic use
PlantPart,AZ-IN-LE,USED_FOR,TherapeuticUse,D011293,used_for,Plant part is associated with the respective therapeutic use
PlantPart,AZ-IN-LE,USED_FOR,TherapeuticUse,D012532,used_for,Plant part is associated with the respective therapeutic use
PlantPart,AZ-IN-LE,USED_FOR,TherapeuticUse,D012871,used_for,Plant part is associated with the respective therapeutic use
PlantPart,AZ-IN-LE,USED_FOR,TherapeuticUse,D012899,used_for,Plant part is associated with the respective therapeutic use
PlantPart,AZ-IN-LE,USED_FOR,TherapeuticUse,D012909,used_for,Plant part is associated with the respective therapeutic use
PlantPart,AZ-IN-LE,USED_FOR,TherapeuticUse,D013089,used_for,Plant part is associated with the respective therapeutic use
PlantPart,AZ-IN-LE,USED_FOR,TherapeuticUse,D013163,used_for,Plant part is associated with the respective therapeutic use
PlantPart,AZ-IN-LE,USED_FOR,TherapeuticUse,D014376,used_for,Plant part is associated with the respective therapeutic use
PlantPart,AZ-IN-LE,USED_FOR,TherapeuticUse,D014456,used_for,Plant part is associated with the respective therapeutic use
PlantPart,AZ-IN-LE,USED_FOR,TherapeuticUse,D014555,used_for,Plant part is associated with the respective therapeutic use
PlantPart,AZ-IN-LE,USED_FOR,TherapeuticUse,D014820,used_for,Plant part is associated with the respective therapeutic use
PlantPart,AZ-IN-LE,USED_FOR,TherapeuticUse,D014839,used_for,Plant part is associated with the respective therapeutic use
PlantPart,AZ-IN-LE,USED_FOR,TherapeuticUse,D014945,used_for,Plant part is associated with the respective therapeutic use
PlantPart,AZ-IN-LE,USED_FOR,TherapeuticUse,D014947,used_for,Plant part is associated with the respective therapeutic use
PlantPart,AZ-IN-LE,USED_FOR,TherapeuticUse,D015746,used_for,Plant part is associated with the respective therapeutic use
PlantPart,AZ-IN-LE,USED_FOR,TherapeuticUse,D017592,used_for,Plant part is associated with the respective therapeutic use
PlantPart,AZ-IN-LE,USED_FOR,TherapeuticUse,D018501,used_for,Plant part is associated with the respective therapeutic use
PlantPart,AZ-IN-LE,USED_FOR,TherapeuticUse,D018674,used_for,Plant part is associated with the respective therapeutic use
PlantPart,AZ-IN-LE,USED_FOR,TherapeuticUse,D019167,used_for,Plant part is associated with the respective therapeutic use
PlantPart,AZ-IN-LE,USED_FOR,TherapeuticUse,D049970,used_for,Plant part is associated with the respective therapeutic use
PlantPart,AZ-IN-LE,USED_FOR,TherapeuticUse,D056669,used_for,Plant part is associated with the respective therapeutic use
PlantPart,AZ-IN-LE,USED_FOR,TherapeuticUse,D058633,used_for,Plant part is associated with the respective therapeutic use
PlantPart,AZ-IN-LE,USED_FOR,TherapeuticUse,D065008,used_for,Plant part is associated with the respective therapeutic use
PlantPart,AZ-IN-LE,USED_FOR,TherapeuticUse,D065106,used_for,Plant part is associated with the respective therapeutic use
PlantPart,AZ-IN-PL,USED_FOR,TherapeuticUse,D000969,used_for,Plant part is associated with the respective therapeutic use
PlantPart,AZ-IN-PL,USED_FOR,TherapeuticUse,D003139,used_for,Plant part is associated with the respective therapeutic use
PlantPart,AZ-IN-PL,USED_FOR,TherapeuticUse,D003967,used_for,Plant part is associated with the respective therapeutic use
PlantPart,AZ-IN-PL,USED_FOR,TherapeuticUse,D012060,used_for,Plant part is associated with the respective therapeutic use
PlantPart,AZ-IN-PL,USED_FOR,TherapeuticUse,D012909,used_for,Plant part is associated with the respective therapeutic use
PlantPart,AZ-IN-PL,USED_FOR,TherapeuticUse,D014570,used_for,Plant part is associated with the respective therapeutic use
PlantPart,AZ-IN-PL,USED_FOR,TherapeuticUse,D065008,used_for,Plant part is associated with the respective therapeutic use
PlantPart,AZ-IN-PL,USED_FOR,TherapeuticUse,D065106,used_for,Plant part is associated with the respective therapeutic use
PlantPart,AZ-IN-RO,USED_FOR,TherapeuticUse,D000871,used_for,Plant part is associated with the respective therapeutic use
PlantPart,AZ-IN-RO,USED_FOR,TherapeuticUse,D000900,used_for,Plant part is associated with the respective therapeutic use
PlantPart,AZ-IN-RO,USED_FOR,TherapeuticUse,D000932,used_for,Plant part is associated with the respective therapeutic use
PlantPart,AZ-IN-RO,USED_FOR,TherapeuticUse,D000969,used_for,Plant part is associated with the respective therapeutic use
PlantPart,AZ-IN-RO,USED_FOR,TherapeuticUse,D000970,used_for,Plant part is associated with the respective therapeutic use
PlantPart,AZ-IN-RO,USED_FOR,TherapeuticUse,D001252,used_for,Plant part is associated with the respective therapeutic use
PlantPart,AZ-IN-RO,USED_FOR,TherapeuticUse,D007004,used_for,Plant part is associated with the respective therapeutic use
PlantPart,AZ-IN-RO,USED_FOR,TherapeuticUse,D012060,used_for,Plant part is associated with the respective therapeutic use
PlantPart,AZ-IN-RO,USED_FOR,TherapeuticUse,D017592,used_for,Plant part is associated with the respective therapeutic use
PlantPart,AZ-IN-SE,USED_FOR,TherapeuticUse,D000505,used_for,Plant part is associated with the respective therapeutic use
PlantPart,AZ-IN-SE,USED_FOR,TherapeuticUse,D000700,used_for,Plant part is associated with the respective therapeutic use
PlantPart,AZ-IN-SE,USED_FOR,TherapeuticUse,D000871,used_for,Plant part is associated with the respective therapeutic use
PlantPart,AZ-IN-SE,USED_FOR,TherapeuticUse,D000890,used_for,Plant part is associated with the respective therapeutic use
PlantPart,AZ-IN-SE,USED_FOR,TherapeuticUse,D000891,used_for,Plant part is associated with the respective therapeutic use
PlantPart,AZ-IN-SE,USED_FOR,TherapeuticUse,D000893,used_for,Plant part is associated with the respective therapeutic use
PlantPart,AZ-IN-SE,USED_FOR,TherapeuticUse,D000900,used_for,Plant part is associated with the respective therapeutic use
PlantPart,AZ-IN-SE,USED_FOR,TherapeuticUse,D000935,used_for,Plant part is associated with the respective therapeutic use
PlantPart,AZ-IN-SE,USED_FOR,TherapeuticUse,D000960,used_for,Plant part is associated with the respective therapeutic use
PlantPart,AZ-IN-SE,USED_FOR,TherapeuticUse,D000969,used_for,Plant part is associated with the respective therapeutic use
PlantPart,AZ-IN-SE,USED_FOR,TherapeuticUse,D000998,used_for,Plant part is associated with the respective therapeutic use
PlantPart,AZ-IN-SE,USED_FOR,TherapeuticUse,D001252,used_for,Plant part is associated with the respective therapeutic use
PlantPart,AZ-IN-SE,USED_FOR,TherapeuticUse,D003270,used_for,Plant part is associated with the respective therapeutic use
PlantPart,AZ-IN-SE,USED_FOR,TherapeuticUse,D003920,used_for,Plant part is associated with the respective therapeutic use
PlantPart,AZ-IN-SE,USED_FOR,TherapeuticUse,D004232,used_for,Plant part is associated with the respective therapeutic use
PlantPart,AZ-IN-SE,USED_FOR,TherapeuticUse,D004420,used_for,Plant part is associated with the respective therapeutic use
PlantPart,AZ-IN-SE,USED_FOR,TherapeuticUse,D004485,used_for,Plant part is associated with the respective therapeutic use
PlantPart,AZ-IN-SE,USED_FOR,TherapeuticUse,D004487,used_for,Plant part is associated with the respective therapeutic use
PlantPart,AZ-IN-SE,USED_FOR,TherapeuticUse,D004643,used_for,Plant part is associated with the respective therapeutic use
PlantPart,AZ-IN-SE,USED_FOR,TherapeuticUse,D005334,used_for,Plant part is associated with the respective therapeutic use
PlantPart,AZ-IN-SE,USED_FOR,TherapeuticUse,D005414,used_for,Plant part is associated with the respective therapeutic use
PlantPart,AZ-IN-SE,USED_FOR,TherapeuticUse,D006331,used_for,Plant part is associated with the respective therapeutic use
PlantPart,AZ-IN-SE,USED_FOR,TherapeuticUse,D006402,used_for,Plant part is associated with the respective therapeutic use
PlantPart,AZ-IN-SE,USED_FOR,TherapeuticUse,D006470,used_for,Plant part is associated with the respective therapeutic use
PlantPart,AZ-IN-SE,USED_FOR,TherapeuticUse,D006484,used_for,Plant part is associated with the respective therapeutic use
PlantPart,AZ-IN-SE,USED_FOR,TherapeuticUse,D006487,used_for,Plant part is associated with the respective therapeutic use
PlantPart,AZ-IN-SE,USED_FOR,TherapeuticUse,D007004,used_for,Plant part is associated with the respective therapeutic use
PlantPart,AZ-IN-SE,USED_FOR,TherapeuticUse,D007249,used_for,Plant part is associated with the respective therapeutic use
PlantPart,AZ-IN-SE,USED_FOR,TherapeuticUse,D007306,used_for,Plant part is associated with the respective therapeutic use
PlantPart,AZ-IN-SE,USED_FOR,TherapeuticUse,D007411,used_for,Plant part is associated with the respective therapeutic use
PlantPart,AZ-IN-SE,USED_FOR,TherapeuticUse,D007918,used_for,Plant part is associated with the respective therapeutic use
PlantPart,AZ-IN-SE,USED_FOR,TherapeuticUse,D008288,used_for,Plant part is associated with the respective therapeutic use
PlantPart,AZ-IN-SE,USED_FOR,TherapeuticUse,D009369,used_for,Plant part is associated with the respective therapeutic use
PlantPart,AZ-IN-SE,USED_FOR,TherapeuticUse,D011295,used_for,Plant part is associated with the respective therapeutic use
PlantPart,AZ-IN-SE,USED_FOR,TherapeuticUse,D011537,used_for,Plant part is associated with the respective therapeutic use
PlantPart,AZ-IN-SE,USED_FOR,TherapeuticUse,D011565,used_for,Plant part is associated with the respective therapeutic use
PlantPart,AZ-IN-SE,USED_FOR,TherapeuticUse,D012871,used_for,Plant part is associated with the respective therapeutic use
PlantPart,AZ-IN-SE,USED_FOR,TherapeuticUse,D012909,used_for,Plant part is associated with the respective therapeutic use
PlantPart,AZ-IN-SE,USED_FOR,TherapeuticUse,D013089,used_for,Plant part is associated with the respective therapeutic use
PlantPart,AZ-IN-SE,USED_FOR,TherapeuticUse,D014098,used_for,Plant part is associated with the respective therapeutic use
PlantPart,AZ-IN-SE,USED_FOR,TherapeuticUse,D014388,used_for,Plant part is associated with the respective therapeutic use
PlantPart,AZ-IN-SE,USED_FOR,TherapeuticUse,D014397,used_for,Plant part is associated with the respective therapeutic use
PlantPart,AZ-IN-SE,USED_FOR,TherapeuticUse,D014456,used_for,Plant part is associated with the respective therapeutic use
PlantPart,AZ-IN-SE,USED_FOR,TherapeuticUse,D014549,used_for,Plant part is associated with the respective therapeutic use
PlantPart,AZ-IN-SE,USED_FOR,TherapeuticUse,D014570,used_for,Plant part is associated with the respective therapeutic use
PlantPart,AZ-IN-SE,USED_FOR,TherapeuticUse,D014590,used_for,Plant part is associated with the respective therapeutic use
PlantPart,AZ-IN-SE,USED_FOR,TherapeuticUse,D014945,used_for,Plant part is associated with the respective therapeutic use
PlantPart,AZ-IN-SE,USED_FOR,TherapeuticUse,D014947,used_for,Plant part is associated with the respective therapeutic use
PlantPart,AZ-IN-SE,USED_FOR,TherapeuticUse,D015004,used_for,Plant part is associated with the respective therapeutic use
PlantPart,AZ-IN-SE,USED_FOR,TherapeuticUse,D018501,used_for,Plant part is associated with the respective therapeutic use
PlantPart,AZ-IN-SE,USED_FOR,TherapeuticUse,D049970,used_for,Plant part is associated with the respective therapeutic use
PlantPart,AZ-IN-SE,USED_FOR,TherapeuticUse,D058633,used_for,Plant part is associated with the respective therapeutic use
PlantPart,AZ-IN-SE,USED_FOR,TherapeuticUse,D065008,used_for,Plant part is associated with the respective therapeutic use
PlantPart,AZ-IN-SE,USED_FOR,TherapeuticUse,D065106,used_for,Plant part is associated with the respective therapeutic use
PlantPart,AZ-IN-ST,USED_FOR,TherapeuticUse,D000871,used_for,Plant part is associated with the respective therapeutic use
PlantPart,AZ-IN-ST,USED_FOR,TherapeuticUse,D000998,used_for,Plant part is associated with the respective therapeutic use
PlantPart,AZ-IN-ST,USED_FOR,TherapeuticUse,D001247,used_for,Plant part is associated with the respective therapeutic use
PlantPart,AZ-IN-ST,USED_FOR,TherapeuticUse,D001249,used_for,Plant part is associated with the respective therapeutic use
PlantPart,AZ-IN-ST,USED_FOR,TherapeuticUse,D001252,used_for,Plant part is associated with the respective therapeutic use
PlantPart,AZ-IN-ST,USED_FOR,TherapeuticUse,D001745,used_for,Plant part is associated with the respective therapeutic use
PlantPart,AZ-IN-ST,USED_FOR,TherapeuticUse,D003371,used_for,Plant part is associated with the respective therapeutic use
PlantPart,AZ-IN-ST,USED_FOR,TherapeuticUse,D004066,used_for,Plant part is associated with the respective therapeutic use
PlantPart,AZ-IN-ST,USED_FOR,TherapeuticUse,D004415,used_for,Plant part is associated with the respective therapeutic use
PlantPart,AZ-IN-ST,USED_FOR,TherapeuticUse,D005334,used_for,Plant part is associated with the respective therapeutic use
PlantPart,AZ-IN-ST,USED_FOR,TherapeuticUse,D005414,used_for,Plant part is associated with the respective therapeutic use
PlantPart,AZ-IN-ST,USED_FOR,TherapeuticUse,D006402,used_for,Plant part is associated with the respective therapeutic use
PlantPart,AZ-IN-ST,USED_FOR,TherapeuticUse,D006484,used_for,Plant part is associated with the respective therapeutic use
PlantPart,AZ-IN-ST,USED_FOR,TherapeuticUse,D007411,used_for,Plant part is associated with the respective therapeutic use
PlantPart,AZ-IN-ST,USED_FOR,TherapeuticUse,D007565,used_for,Plant part is associated with the respective therapeutic use
PlantPart,AZ-IN-ST,USED_FOR,TherapeuticUse,D007674,used_for,Plant part is associated with the respective therapeutic use
PlantPart,AZ-IN-ST,USED_FOR,TherapeuticUse,D008288,used_for,Plant part is associated with the respective therapeutic use
PlantPart,AZ-IN-ST,USED_FOR,TherapeuticUse,D010518,used_for,Plant part is associated with the respective therapeutic use
PlantPart,AZ-IN-ST,USED_FOR,TherapeuticUse,D012871,used_for,Plant part is associated with the respective therapeutic use
PlantPart,AZ-IN-ST,USED_FOR,TherapeuticUse,D012909,used_for,Plant part is associated with the respective therapeutic use
PlantPart,AZ-IN-ST,USED_FOR,TherapeuticUse,D014076,used_for,Plant part is associated with the respective therapeutic use
PlantPart,AZ-IN-ST,USED_FOR,TherapeuticUse,D014376,used_for,Plant part is associated with the respective therapeutic use
PlantPart,AZ-IN-ST,USED_FOR,TherapeuticUse,D014945,used_for,Plant part is associated with the respective therapeutic use
PlantPart,AZ-IN-ST,USED_FOR,TherapeuticUse,D017592,used_for,Plant part is associated with the respective therapeutic use
PlantPart,AZ-IN-ST,USED_FOR,TherapeuticUse,D058633,used_for,Plant part is associated with the respective therapeutic use
PlantPart,AZ-IN-ST,USED_FOR,TherapeuticUse,D065008,used_for,Plant part is associated with the respective therapeutic use
PlantPart,AZ-IN-WH,USED_FOR,TherapeuticUse,D000871,used_for,Plant part is associated with the respective therapeutic use
PlantPart,AZ-IN-WH,USED_FOR,TherapeuticUse,D000890,used_for,Plant part is associated with the respective therapeutic use
PlantPart,AZ-IN-WH,USED_FOR,TherapeuticUse,D000893,used_for,Plant part is associated with the respective therapeutic use
PlantPart,AZ-IN-WH,USED_FOR,TherapeuticUse,D000935,used_for,Plant part is associated with the respective therapeutic use
PlantPart,AZ-IN-WH,USED_FOR,TherapeuticUse,D000998,used_for,Plant part is associated with the respective therapeutic use
PlantPart,AZ-IN-WH,USED_FOR,TherapeuticUse,D005334,used_for,Plant part is associated with the respective therapeutic use
PlantPart,AZ-IN-WH,USED_FOR,TherapeuticUse,D007306,used_for,Plant part is associated with the respective therapeutic use
PlantPart,AZ-IN-WH,USED_FOR,TherapeuticUse,D007565,used_for,Plant part is associated with the respective therapeutic use
PlantPart,AZ-IN-WH,USED_FOR,TherapeuticUse,D008288,used_for,Plant part is associated with the respective therapeutic use
PlantPart,AZ-IN-WH,USED_FOR,TherapeuticUse,D008457,used_for,Plant part is associated with the respective therapeutic use
PlantPart,AZ-IN-WH,USED_FOR,TherapeuticUse,D012536,used_for,Plant part is associated with the respective therapeutic use
PlantPart,AZ-IN-WH,USED_FOR,TherapeuticUse,D012871,used_for,Plant part is associated with the respective therapeutic use
PlantPart,AZ-IN-WH,USED_FOR,TherapeuticUse,D012899,used_for,Plant part is associated with the respective therapeutic use
PlantPart,AZ-IN-WH,USED_FOR,TherapeuticUse,D013163,used_for,Plant part is associated with the respective therapeutic use
PlantPart,AZ-IN-WH,USED_FOR,TherapeuticUse,D013587,used_for,Plant part is associated with the respective therapeutic use
PlantPart,AZ-IN-WH,USED_FOR,TherapeuticUse,D014456,used_for,Plant part is associated with the respective therapeutic use
PlantPart,AZ-IN-WH,USED_FOR,TherapeuticUse,D058633,used_for,Plant part is associated with the respective therapeutic use
PlantPart,AZ-IN-WO,USED_FOR,TherapeuticUse,D005891,used_for,Plant part is associated with the respective therapeutic use
PlantPart,AZ-IN-WO,USED_FOR,TherapeuticUse,D007302,used_for,Plant part is associated with the respective therapeutic use
PlantPart,AZ-IN-WO,USED_FOR,TherapeuticUse,D010518,used_for,Plant part is associated with the respective therapeutic use
PlantPart,AZ-TE-AE,USED_FOR,TherapeuticUse,D013035,used_for,Plant part is associated with the respective therapeutic use
PlantPart,AZ-TE-BA,USED_FOR,TherapeuticUse,D001249,used_for,Plant part is associated with the respective therapeutic use
PlantPart,AZ-TE-BA,USED_FOR,TherapeuticUse,D001252,used_for,Plant part is associated with the respective therapeutic use
PlantPart,AZ-TE-BA,USED_FOR,TherapeuticUse,D003967,used_for,Plant part is associated with the respective therapeutic use
PlantPart,AZ-TE-BA,USED_FOR,TherapeuticUse,D004232,used_for,Plant part is associated with the respective therapeutic use
PlantPart,AZ-TE-BA,USED_FOR,TherapeuticUse,D005100,used_for,Plant part is associated with the respective therapeutic use
PlantPart,AZ-TE-BA,USED_FOR,TherapeuticUse,D010276,used_for,Plant part is associated with the respective therapeutic use
PlantPart,AZ-TE-BA,USED_FOR,TherapeuticUse,D018501,used_for,Plant part is associated with the respective therapeutic use
PlantPart,AZ-TE-LE,USED_FOR,TherapeuticUse,D001249,used_for,Plant part is associated with the respective therapeutic use
PlantPart,AZ-TE-LE,USED_FOR,TherapeuticUse,D001252,used_for,Plant part is associated with the respective therapeutic use
PlantPart,AZ-TE-LE,USED_FOR,TherapeuticUse,D001991,used_for,Plant part is associated with the respective therapeutic use
PlantPart,AZ-TE-LE,USED_FOR,TherapeuticUse,D002319,used_for,Plant part is associated with the respective therapeutic use
PlantPart,AZ-TE-LE,USED_FOR,TherapeuticUse,D003371,used_for,Plant part is associated with the respective therapeutic use
PlantPart,AZ-TE-LE,USED_FOR,TherapeuticUse,D004232,used_for,Plant part is associated with the respective therapeutic use
PlantPart,AZ-TE-LE,USED_FOR,TherapeuticUse,D005100,used_for,Plant part is associated with the respective therapeutic use
PlantPart,AZ-TE-LE,USED_FOR,TherapeuticUse,D010276,used_for,Plant part is associated with the respective therapeutic use
PlantPart,AZ-TE-LE,USED_FOR,TherapeuticUse,D012060,used_for,Plant part is associated with the respective therapeutic use
PlantPart,AZ-TE-LE,USED_FOR,TherapeuticUse,D014397,used_for,Plant part is associated with the respective therapeutic use
PlantPart,AZ-TE-LE,USED_FOR,TherapeuticUse,D014456,used_for,Plant part is associated with the respective therapeutic use
PlantPart,AZ-TE-LE,USED_FOR,TherapeuticUse,D018501,used_for,Plant part is associated with the respective therapeutic use
PlantPart,AZ-TE-LE,USED_FOR,TherapeuticUse,D058633,used_for,Plant part is associated with the respective therapeutic use
PlantPart,AZ-TE-RO,USED_FOR,TherapeuticUse,D001249,used_for,Plant part is associated with the respective therapeutic use
PlantPart,AZ-TE-RO,USED_FOR,TherapeuticUse,D001252,used_for,Plant part is associated with the respective therapeutic use
PlantPart,AZ-TE-RO,USED_FOR,TherapeuticUse,D004232,used_for,Plant part is associated with the respective therapeutic use
PlantPart,AZ-TE-RO,USED_FOR,TherapeuticUse,D004487,used_for,Plant part is associated with the respective therapeutic use
PlantPart,AZ-TE-RO,USED_FOR,TherapeuticUse,D005100,used_for,Plant part is associated with the respective therapeutic use
PlantPart,AZ-TE-RO,USED_FOR,TherapeuticUse,D010276,used_for,Plant part is associated with the respective therapeutic use
PlantPart,AZ-TE-RO,USED_FOR,TherapeuticUse,D018501,used_for,Plant part is associated with the respective therapeutic use
PlantPart,AZ-TE-SE,USED_FOR,TherapeuticUse,D003085,used_for,Plant part is associated with the respective therapeutic use
PlantPart,AZ-TE-ST,USED_FOR,TherapeuticUse,D001249,used_for,Plant part is associated with the respective therapeutic use
PlantPart,BA-AL-BA,USED_FOR,TherapeuticUse,D000959,used_for,Plant part is associated with the respective therapeutic use
PlantPart,BA-AL-FR,USED_FOR,TherapeuticUse,D000855,used_for,Plant part is associated with the respective therapeutic use
PlantPart,BA-AL-FR,USED_FOR,TherapeuticUse,D004403,used_for,Plant part is associated with the respective therapeutic use
PlantPart,BA-AL-FR,USED_FOR,TherapeuticUse,D005128,used_for,Plant part is associated with the respective therapeutic use
PlantPart,BA-AL-FR,USED_FOR,TherapeuticUse,D006469,used_for,Plant part is associated with the respective therapeutic use
PlantPart,BA-AL-FR,USED_FOR,TherapeuticUse,D007938,used_for,Plant part is associated with the respective therapeutic use
PlantPart,BA-AL-FR,USED_FOR,TherapeuticUse,D008288,used_for,Plant part is associated with the respective therapeutic use
PlantPart,BA-AL-FR,USED_FOR,TherapeuticUse,D008545,used_for,Plant part is associated with the respective therapeutic use
PlantPart,BA-AL-FR,USED_FOR,TherapeuticUse,D008599,used_for,Plant part is associated with the respective therapeutic use
PlantPart,BA-AL-FR,USED_FOR,TherapeuticUse,D009062,used_for,Plant part is associated with the respective therapeutic use
PlantPart,BA-AL-FR,USED_FOR,TherapeuticUse,D012735,used_for,Plant part is associated with the respective therapeutic use
PlantPart,BA-AL-FR,USED_FOR,TherapeuticUse,D015746,used_for,Plant part is associated with the respective therapeutic use
PlantPart,BA-AL-FR,USED_FOR,TherapeuticUse,D019226,used_for,Plant part is associated with the respective therapeutic use
PlantPart,BA-AL-FR,USED_FOR,TherapeuticUse,D056669,used_for,Plant part is associated with the respective therapeutic use
PlantPart,BA-AL-LE,USED_FOR,TherapeuticUse,D000152,used_for,Plant part is associated with the respective therapeutic use
PlantPart,BA-AL-LE,USED_FOR,TherapeuticUse,D000855,used_for,Plant part is associated with the respective therapeutic use
PlantPart,BA-AL-LE,USED_FOR,TherapeuticUse,D000982,used_for,Plant part is associated with the respective therapeutic use
PlantPart,BA-AL-LE,USED_FOR,TherapeuticUse,D000998,used_for,Plant part is associated with the respective therapeutic use
PlantPart,BA-AL-LE,USED_FOR,TherapeuticUse,D001046,used_for,Plant part is associated with the respective therapeutic use
PlantPart,BA-AL-LE,USED_FOR,TherapeuticUse,D001247,used_for,Plant part is associated with the respective therapeutic use
PlantPart,BA-AL-LE,USED_FOR,TherapeuticUse,D001446,used_for,Plant part is associated with the respective therapeutic use
PlantPart,BA-AL-LE,USED_FOR,TherapeuticUse,D001768,used_for,Plant part is associated with the respective therapeutic use
PlantPart,BA-AL-LE,USED_FOR,TherapeuticUse,D002056,used_for,Plant part is associated with the respective therapeutic use
PlantPart,BA-AL-LE,USED_FOR,TherapeuticUse,D003139,used_for,Plant part is associated with the respective therapeutic use
PlantPart,BA-AL-LE,USED_FOR,TherapeuticUse,D003248,used_for,Plant part is associated with the respective therapeutic use
PlantPart,BA-AL-LE,USED_FOR,TherapeuticUse,D003967,used_for,Plant part is associated with the respective therapeutic use
PlantPart,BA-AL-LE,USED_FOR,TherapeuticUse,D004232,used_for,Plant part is associated with the respective therapeutic use
PlantPart,BA-AL-LE,USED_FOR,TherapeuticUse,D004403,used_for,Plant part is associated with the respective therapeutic use
PlantPart,BA-AL-LE,USED_FOR,TherapeuticUse,D004643,used_for,Plant part is associated with the respective therapeutic use
PlantPart,BA-AL-LE,USED_FOR,TherapeuticUse,D005221,used_for,Plant part is associated with the respective therapeutic use
PlantPart,BA-AL-LE,USED_FOR,TherapeuticUse,D005414,used_for,Plant part is associated with the respective therapeutic use
PlantPart,BA-AL-LE,USED_FOR,TherapeuticUse,D005667,used_for,Plant part is associated with the respective therapeutic use
PlantPart,BA-AL-LE,USED_FOR,TherapeuticUse,D006069,used_for,Plant part is associated with the respective therapeutic use
PlantPart,BA-AL-LE,USED_FOR,TherapeuticUse,D006469,used_for,Plant part is associated with the respective therapeutic use
PlantPart,BA-AL-LE,USED_FOR,TherapeuticUse,D006470,used_for,Plant part is associated with the respective therapeutic use
PlantPart,BA-AL-LE,USED_FOR,TherapeuticUse,D006487,used_for,Plant part is associated with the respective therapeutic use
PlantPart,BA-AL-LE,USED_FOR,TherapeuticUse,D006993,used_for,Plant part is associated with the respective therapeutic use
PlantPart,BA-AL-LE,USED_FOR,TherapeuticUse,D007319,used_for,Plant part is associated with the respective therapeutic use
PlantPart,BA-AL-LE,USED_FOR,TherapeuticUse,D007918,used_for,Plant part is associated with the respective therapeutic use
PlantPart,BA-AL-LE,USED_FOR,TherapeuticUse,D007938,used_for,Plant part is associated with the respective therapeutic use
PlantPart,BA-AL-LE,USED_FOR,TherapeuticUse,D008288,used_for,Plant part is associated with the respective therapeutic use
PlantPart,BA-AL-LE,USED_FOR,TherapeuticUse,D008545,used_for,Plant part is associated with the respective therapeutic use
PlantPart,BA-AL-LE,USED_FOR,TherapeuticUse,D008599,used_for,Plant part is associated with the respective therapeutic use
PlantPart,BA-AL-LE,USED_FOR,TherapeuticUse,D009062,used_for,Plant part is associated with the respective therapeutic use
PlantPart,BA-AL-LE,USED_FOR,TherapeuticUse,D010146,used_for,Plant part is associated with the respective therapeutic use
PlantPart,BA-AL-LE,USED_FOR,TherapeuticUse,D012735,used_for,Plant part is associated with the respective therapeutic use
PlantPart,BA-AL-LE,USED_FOR,TherapeuticUse,D013492,used_for,Plant part is associated with the respective therapeutic use
PlantPart,BA-AL-LE,USED_FOR,TherapeuticUse,D014456,used_for,Plant part is associated with the respective therapeutic use
PlantPart,BA-AL-LE,USED_FOR,TherapeuticUse,D014555,used_for,Plant part is associated with the respective therapeutic use
PlantPart,BA-AL-LE,USED_FOR,TherapeuticUse,D014581,used_for,Plant part is associated with the respective therapeutic use
PlantPart,BA-AL-LE,USED_FOR,TherapeuticUse,D014860,used_for,Plant part is associated with the respective therapeutic use
PlantPart,BA-AL-LE,USED_FOR,TherapeuticUse,D014947,used_for,Plant part is associated with the respective therapeutic use
PlantPart,BA-AL-LE,USED_FOR,TherapeuticUse,D015746,used_for,Plant part is associated with the respective therapeutic use
PlantPart,BA-AL-LE,USED_FOR,TherapeuticUse,D019167,used_for,Plant part is associated with the respective therapeutic use
PlantPart,BA-AL-LE,USED_FOR,TherapeuticUse,D019226,used_for,Plant part is associated with the respective therapeutic use
PlantPart,BA-AL-LE,USED_FOR,TherapeuticUse,D054368,used_for,Plant part is associated with the respective therapeutic use
PlantPart,BA-AL-LE,USED_FOR,TherapeuticUse,D056669,used_for,Plant part is associated with the respective therapeutic use
PlantPart,BA-AL-LE,USED_FOR,TherapeuticUse,D065106,used_for,Plant part is associated with the respective therapeutic use
PlantPart,BA-AL-PL,USED_FOR,TherapeuticUse,D000152,used_for,Plant part is associated with the respective therapeutic use
PlantPart,BA-AL-RO,USED_FOR,TherapeuticUse,D000871,used_for,Plant part is associated with the respective therapeutic use
PlantPart,BA-AL-RO,USED_FOR,TherapeuticUse,D003872,used_for,Plant part is associated with the respective therapeutic use
PlantPart,BA-AL-RO,USED_FOR,TherapeuticUse,D005767,used_for,Plant part is associated with the respective therapeutic use
PlantPart,BA-AL-RO,USED_FOR,TherapeuticUse,D014839,used_for,Plant part is associated with the respective therapeutic use
PlantPart,BA-AL-SE,USED_FOR,TherapeuticUse,D000019,used_for,Plant part is associated with the respective therapeutic use
PlantPart,BA-AL-ST,USED_FOR,TherapeuticUse,D000855,used_for,Plant part is associated with the respective therapeutic use
PlantPart,BA-AL-ST,USED_FOR,TherapeuticUse,D000982,used_for,Plant part is associated with the respective therapeutic use
PlantPart,BA-AL-ST,USED_FOR,TherapeuticUse,D001046,used_for,Plant part is associated with the respective therapeutic use
PlantPart,BA-AL-ST,USED_FOR,TherapeuticUse,D001247,used_for,Plant part is associated with the respective therapeutic use
PlantPart,BA-AL-ST,USED_FOR,TherapeuticUse,D001446,used_for,Plant part is associated with the respective therapeutic use
PlantPart,BA-AL-ST,USED_FOR,TherapeuticUse,D004232,used_for,Plant part is associated with the respective therapeutic use
PlantPart,BA-AL-ST,USED_FOR,TherapeuticUse,D004403,used_for,Plant part is associated with the respective therapeutic use
PlantPart,BA-AL-ST,USED_FOR,TherapeuticUse,D004643,used_for,Plant part is associated with the respective therapeutic use
PlantPart,BA-AL-ST,USED_FOR,TherapeuticUse,D005221,used_for,Plant part is associated with the respective therapeutic use
PlantPart,BA-AL-ST,USED_FOR,TherapeuticUse,D005414,used_for,Plant part is associated with the respective therapeutic use
PlantPart,BA-AL-ST,USED_FOR,TherapeuticUse,D006069,used_for,Plant part is associated with the respective therapeutic use
PlantPart,BA-AL-ST,USED_FOR,TherapeuticUse,D006469,used_for,Plant part is associated with the respective therapeutic use
PlantPart,BA-AL-ST,USED_FOR,TherapeuticUse,D006470,used_for,Plant part is associated with the respective therapeutic use
PlantPart,BA-AL-ST,USED_FOR,TherapeuticUse,D006487,used_for,Plant part is associated with the respective therapeutic use
PlantPart,BA-AL-ST,USED_FOR,TherapeuticUse,D006993,used_for,Plant part is associated with the respective therapeutic use
PlantPart,BA-AL-ST,USED_FOR,TherapeuticUse,D007319,used_for,Plant part is associated with the respective therapeutic use
PlantPart,BA-AL-ST,USED_FOR,TherapeuticUse,D007918,used_for,Plant part is associated with the respective therapeutic use
PlantPart,BA-AL-ST,USED_FOR,TherapeuticUse,D010146,used_for,Plant part is associated with the respective therapeutic use
PlantPart,BA-AL-ST,USED_FOR,TherapeuticUse,D014456,used_for,Plant part is associated with the respective therapeutic use
PlantPart,BA-AL-ST,USED_FOR,TherapeuticUse,D014555,used_for,Plant part is associated with the respective therapeutic use
PlantPart,BA-AL-ST,USED_FOR,TherapeuticUse,D014581,used_for,Plant part is associated with the respective therapeutic use
PlantPart,BA-AL-ST,USED_FOR,TherapeuticUse,D019167,used_for,Plant part is associated with the respective therapeutic use
PlantPart,BA-AL-ST,USED_FOR,TherapeuticUse,D054368,used_for,Plant part is associated with the respective therapeutic use
PlantPart,BA-AL-ST,USED_FOR,TherapeuticUse,D065106,used_for,Plant part is associated with the respective therapeutic use
PlantPart,BA-AL-WH,USED_FOR,TherapeuticUse,D000998,used_for,Plant part is associated with the respective therapeutic use
PlantPart,BA-VU-BA,USED_FOR,TherapeuticUse,D001252,used_for,Plant part is associated with the respective therapeutic use
PlantPart,BA-VU-BA,USED_FOR,TherapeuticUse,D004232,used_for,Plant part is associated with the respective therapeutic use
PlantPart,BA-VU-BA,USED_FOR,TherapeuticUse,D004643,used_for,Plant part is associated with the respective therapeutic use
PlantPart,BA-VU-BA,USED_FOR,TherapeuticUse,D006470,used_for,Plant part is associated with the respective therapeutic use
PlantPart,BA-VU-BA,USED_FOR,TherapeuticUse,D008599,used_for,Plant part is associated with the respective therapeutic use
PlantPart,BA-VU-BA,USED_FOR,TherapeuticUse,D009325,used_for,Plant part is associated with the respective therapeutic use
PlantPart,BA-VU-BA,USED_FOR,TherapeuticUse,D014839,used_for,Plant part is associated with the respective therapeutic use
PlantPart,BA-VU-LE,USED_FOR,TherapeuticUse,D000890,used_for,Plant part is associated with the respective therapeutic use
PlantPart,BA-VU-LE,USED_FOR,TherapeuticUse,D002056,used_for,Plant part is associated with the respective therapeutic use
PlantPart,BA-VU-LE,USED_FOR,TherapeuticUse,D003371,used_for,Plant part is associated with the respective therapeutic use
PlantPart,BA-VU-LE,USED_FOR,TherapeuticUse,D004232,used_for,Plant part is associated with the respective therapeutic use
PlantPart,BA-VU-LE,USED_FOR,TherapeuticUse,D004643,used_for,Plant part is associated with the respective therapeutic use
PlantPart,BA-VU-LE,USED_FOR,TherapeuticUse,D005334,used_for,Plant part is associated with the respective therapeutic use
PlantPart,BA-VU-LE,USED_FOR,TherapeuticUse,D010612,used_for,Plant part is associated with the respective therapeutic use
PlantPart,BA-VU-LE,USED_FOR,TherapeuticUse,D014945,used_for,Plant part is associated with the respective therapeutic use
PlantPart,BA-VU-LE,USED_FOR,TherapeuticUse,D014947,used_for,Plant part is associated with the respective therapeutic use
PlantPart,BA-VU-RO,USED_FOR,TherapeuticUse,D004232,used_for,Plant part is associated with the respective therapeutic use
PlantPart,BA-VU-RO,USED_FOR,TherapeuticUse,D004643,used_for,Plant part is associated with the respective therapeutic use
PlantPart,BE-CI-LE,USED_FOR,TherapeuticUse,D000893,used_for,Plant part is associated with the respective therapeutic use
PlantPart,BE-CI-LE,USED_FOR,TherapeuticUse,D003371,used_for,Plant part is associated with the respective therapeutic use
PlantPart,BE-CI-LE,USED_FOR,TherapeuticUse,D003967,used_for,Plant part is associated with the respective therapeutic use
PlantPart,BE-CI-LE,USED_FOR,TherapeuticUse,D006487,used_for,Plant part is associated with the respective therapeutic use
PlantPart,BE-CI-LE,USED_FOR,TherapeuticUse,D007669,used_for,Plant part is associated with the respective therapeutic use
PlantPart,BE-CI-LE,USED_FOR,TherapeuticUse,D008595,used_for,Plant part is associated with the respective therapeutic use
PlantPart,BE-CI-LE,USED_FOR,TherapeuticUse,D013163,used_for,Plant part is associated with the respective therapeutic use
PlantPart,BE-CI-LE,USED_FOR,TherapeuticUse,D014570,used_for,Plant part is associated with the respective therapeutic use
PlantPart,BE-CI-LE,USED_FOR,TherapeuticUse,D014945,used_for,Plant part is associated with the respective therapeutic use
PlantPart,BE-CI-RH,USED_FOR,TherapeuticUse,D000700,used_for,Plant part is associated with the respective therapeutic use
PlantPart,BE-CI-RH,USED_FOR,TherapeuticUse,D000900,used_for,Plant part is associated with the respective therapeutic use
PlantPart,BE-CI-RH,USED_FOR,TherapeuticUse,D000970,used_for,Plant part is associated with the respective therapeutic use
PlantPart,BE-CI-RH,USED_FOR,TherapeuticUse,D000981,used_for,Plant part is associated with the respective therapeutic use
PlantPart,BE-CI-RH,USED_FOR,TherapeuticUse,D000998,used_for,Plant part is associated with the respective therapeutic use
PlantPart,BE-CI-RH,USED_FOR,TherapeuticUse,D001252,used_for,Plant part is associated with the respective therapeutic use
PlantPart,BE-CI-RH,USED_FOR,TherapeuticUse,D001745,used_for,Plant part is associated with the respective therapeutic use
PlantPart,BE-CI-RH,USED_FOR,TherapeuticUse,D002319,used_for,Plant part is associated with the respective therapeutic use
PlantPart,BE-CI-RH,USED_FOR,TherapeuticUse,D002493,used_for,Plant part is associated with the respective therapeutic use
PlantPart,BE-CI-RH,USED_FOR,TherapeuticUse,D003371,used_for,Plant part is associated with the respective therapeutic use
PlantPart,BE-CI-RH,USED_FOR,TherapeuticUse,D003920,used_for,Plant part is associated with the respective therapeutic use
PlantPart,BE-CI-RH,USED_FOR,TherapeuticUse,D003967,used_for,Plant part is associated with the respective therapeutic use
PlantPart,BE-CI-RH,USED_FOR,TherapeuticUse,D004403,used_for,Plant part is associated with the respective therapeutic use
PlantPart,BE-CI-RH,USED_FOR,TherapeuticUse,D007669,used_for,Plant part is associated with the respective therapeutic use
PlantPart,BE-CI-RH,USED_FOR,TherapeuticUse,D008107,used_for,Plant part is associated with the respective therapeutic use
PlantPart,BE-CI-RH,USED_FOR,TherapeuticUse,D008171,used_for,Plant part is associated with the respective therapeutic use
PlantPart,BE-CI-RH,USED_FOR,TherapeuticUse,D008595,used_for,Plant part is associated with the respective therapeutic use
PlantPart,BE-CI-RH,USED_FOR,TherapeuticUse,D009877,used_for,Plant part is associated with the respective therapeutic use
PlantPart,BE-CI-RH,USED_FOR,TherapeuticUse,D012060,used_for,Plant part is associated with the respective therapeutic use
PlantPart,BE-CI-RH,USED_FOR,TherapeuticUse,D012614,used_for,Plant part is associated with the respective therapeutic use
PlantPart,BE-CI-RH,USED_FOR,TherapeuticUse,D013035,used_for,Plant part is associated with the respective therapeutic use
PlantPart,BE-CI-RH,USED_FOR,TherapeuticUse,D013163,used_for,Plant part is associated with the respective therapeutic use
PlantPart,BE-CI-RH,USED_FOR,TherapeuticUse,D014456,used_for,Plant part is associated with the respective therapeutic use
PlantPart,BE-CI-RH,USED_FOR,TherapeuticUse,D014545,used_for,Plant part is associated with the respective therapeutic use
PlantPart,BE-CI-RH,USED_FOR,TherapeuticUse,D014555,used_for,Plant part is associated with the respective therapeutic use
PlantPart,BE-CI-RH,USED_FOR,TherapeuticUse,D014570,used_for,Plant part is associated with the respective therapeutic use
PlantPart,BE-CI-RH,USED_FOR,TherapeuticUse,D014592,used_for,Plant part is associated with the respective therapeutic use
PlantPart,BE-CI-RH,USED_FOR,TherapeuticUse,D020347,used_for,Plant part is associated with the respective therapeutic use
PlantPart,BE-CI-RH,USED_FOR,TherapeuticUse,D053159,used_for,Plant part is associated with the respective therapeutic use
PlantPart,BE-CI-RH,USED_FOR,TherapeuticUse,D054368,used_for,Plant part is associated with the respective therapeutic use
PlantPart,BE-CI-RH,USED_FOR,TherapeuticUse,D054715,used_for,Plant part is associated with the respective therapeutic use
PlantPart,BE-CI-RH,USED_FOR,TherapeuticUse,D058633,used_for,Plant part is associated with the respective therapeutic use
PlantPart,BE-CI-RH,USED_FOR,TherapeuticUse,D063806,used_for,Plant part is associated with the respective therapeutic use
PlantPart,BE-CI-RO,USED_FOR,TherapeuticUse,D000019,used_for,Plant part is associated with the respective therapeutic use
PlantPart,BE-CI-RO,USED_FOR,TherapeuticUse,D000871,used_for,Plant part is associated with the respective therapeutic use
PlantPart,BE-CI-RO,USED_FOR,TherapeuticUse,D000893,used_for,Plant part is associated with the respective therapeutic use
PlantPart,BE-CI-RO,USED_FOR,TherapeuticUse,D001249,used_for,Plant part is associated with the respective therapeutic use
PlantPart,BE-CI-RO,USED_FOR,TherapeuticUse,D001252,used_for,Plant part is associated with the respective therapeutic use
PlantPart,BE-CI-RO,USED_FOR,TherapeuticUse,D002056,used_for,Plant part is associated with the respective therapeutic use
PlantPart,BE-CI-RO,USED_FOR,TherapeuticUse,D003371,used_for,Plant part is associated with the respective therapeutic use
PlantPart,BE-CI-RO,USED_FOR,TherapeuticUse,D003920,used_for,Plant part is associated with the respective therapeutic use
PlantPart,BE-CI-RO,USED_FOR,TherapeuticUse,D003967,used_for,Plant part is associated with the respective therapeutic use
PlantPart,BE-CI-RO,USED_FOR,TherapeuticUse,D004232,used_for,Plant part is associated with the respective therapeutic use
PlantPart,BE-CI-RO,USED_FOR,TherapeuticUse,D004403,used_for,Plant part is associated with the respective therapeutic use
PlantPart,BE-CI-RO,USED_FOR,TherapeuticUse,D004433,used_for,Plant part is associated with the respective therapeutic use
PlantPart,BE-CI-RO,USED_FOR,TherapeuticUse,D004487,used_for,Plant part is associated with the respective therapeutic use
PlantPart,BE-CI-RO,USED_FOR,TherapeuticUse,D005128,used_for,Plant part is associated with the respective therapeutic use
PlantPart,BE-CI-RO,USED_FOR,TherapeuticUse,D005334,used_for,Plant part is associated with the respective therapeutic use
PlantPart,BE-CI-RO,USED_FOR,TherapeuticUse,D005667,used_for,Plant part is associated with the respective therapeutic use
PlantPart,BE-CI-RO,USED_FOR,TherapeuticUse,D006331,used_for,Plant part is associated with the respective therapeutic use
PlantPart,BE-CI-RO,USED_FOR,TherapeuticUse,D006470,used_for,Plant part is associated with the respective therapeutic use
PlantPart,BE-CI-RO,USED_FOR,TherapeuticUse,D006473,used_for,Plant part is associated with the respective therapeutic use
PlantPart,BE-CI-RO,USED_FOR,TherapeuticUse,D007249,used_for,Plant part is associated with the respective therapeutic use
PlantPart,BE-CI-RO,USED_FOR,TherapeuticUse,D007669,used_for,Plant part is associated with the respective therapeutic use
PlantPart,BE-CI-RO,USED_FOR,TherapeuticUse,D008107,used_for,Plant part is associated with the respective therapeutic use
PlantPart,BE-CI-RO,USED_FOR,TherapeuticUse,D008171,used_for,Plant part is associated with the respective therapeutic use
PlantPart,BE-CI-RO,USED_FOR,TherapeuticUse,D008595,used_for,Plant part is associated with the respective therapeutic use
PlantPart,BE-CI-RO,USED_FOR,TherapeuticUse,D009877,used_for,Plant part is associated with the respective therapeutic use
PlantPart,BE-CI-RO,USED_FOR,TherapeuticUse,D012060,used_for,Plant part is associated with the respective therapeutic use
PlantPart,BE-CI-RO,USED_FOR,TherapeuticUse,D012614,used_for,Plant part is associated with the respective therapeutic use
PlantPart,BE-CI-RO,USED_FOR,TherapeuticUse,D012871,used_for,Plant part is associated with the respective therapeutic use
PlantPart,BE-CI-RO,USED_FOR,TherapeuticUse,D013163,used_for,Plant part is associated with the respective therapeutic use
PlantPart,BE-CI-RO,USED_FOR,TherapeuticUse,D013492,used_for,Plant part is associated with the respective therapeutic use
PlantPart,BE-CI-RO,USED_FOR,TherapeuticUse,D014098,used_for,Plant part is associated with the respective therapeutic use
PlantPart,BE-CI-RO,USED_FOR,TherapeuticUse,D014376,used_for,Plant part is associated with the respective therapeutic use
PlantPart,BE-CI-RO,USED_FOR,TherapeuticUse,D014456,used_for,Plant part is associated with the respective therapeutic use
PlantPart,BE-CI-RO,USED_FOR,TherapeuticUse,D014545,used_for,Plant part is associated with the respective therapeutic use
PlantPart,BE-CI-RO,USED_FOR,TherapeuticUse,D014555,used_for,Plant part is associated with the respective therapeutic use
PlantPart,BE-CI-RO,USED_FOR,TherapeuticUse,D014570,used_for,Plant part is associated with the respective therapeutic use
PlantPart,BE-CI-RO,USED_FOR,TherapeuticUse,D014945,used_for,Plant part is associated with the respective therapeutic use
PlantPart,BE-CI-RO,USED_FOR,TherapeuticUse,D014947,used_for,Plant part is associated with the respective therapeutic use
PlantPart,BE-CI-RO,USED_FOR,TherapeuticUse,D015746,used_for,Plant part is associated with the respective therapeutic use
PlantPart,BE-CI-RO,USED_FOR,TherapeuticUse,D020347,used_for,Plant part is associated with the respective therapeutic use
PlantPart,BE-CI-RO,USED_FOR,TherapeuticUse,D053159,used_for,Plant part is associated with the respective therapeutic use
PlantPart,BE-CI-RO,USED_FOR,TherapeuticUse,D054368,used_for,Plant part is associated with the respective therapeutic use
PlantPart,BE-CI-RO,USED_FOR,TherapeuticUse,D056669,used_for,Plant part is associated with the respective therapeutic use
PlantPart,BE-CI-RO,USED_FOR,TherapeuticUse,D058633,used_for,Plant part is associated with the respective therapeutic use
PlantPart,BE-CI-ST,USED_FOR,TherapeuticUse,D004232,used_for,Plant part is associated with the respective therapeutic use
PlantPart,BI-OR-FR,USED_FOR,TherapeuticUse,D000900,used_for,Plant part is associated with the respective therapeutic use
PlantPart,BI-OR-FR,USED_FOR,TherapeuticUse,D000981,used_for,Plant part is associated with the respective therapeutic use
PlantPart,BI-OR-FR,USED_FOR,TherapeuticUse,D000998,used_for,Plant part is associated with the respective therapeutic use
PlantPart,BI-OR-FR,USED_FOR,TherapeuticUse,D001252,used_for,Plant part is associated with the respective therapeutic use
PlantPart,BI-OR-FR,USED_FOR,TherapeuticUse,D002400,used_for,Plant part is associated with the respective therapeutic use
PlantPart,BI-OR-FR,USED_FOR,TherapeuticUse,D002493,used_for,Plant part is associated with the respective therapeutic use
PlantPart,BI-OR-FR,USED_FOR,TherapeuticUse,D004485,used_for,Plant part is associated with the respective therapeutic use
PlantPart,BI-OR-FR,USED_FOR,TherapeuticUse,D012532,used_for,Plant part is associated with the respective therapeutic use
PlantPart,BI-OR-LE,USED_FOR,TherapeuticUse,D000900,used_for,Plant part is associated with the respective therapeutic use
PlantPart,BI-OR-LE,USED_FOR,TherapeuticUse,D000981,used_for,Plant part is associated with the respective therapeutic use
PlantPart,BI-OR-LE,USED_FOR,TherapeuticUse,D004232,used_for,Plant part is associated with the respective therapeutic use
PlantPart,BI-OR-LE,USED_FOR,TherapeuticUse,D004403,used_for,Plant part is associated with the respective therapeutic use
PlantPart,BI-OR-LE,USED_FOR,TherapeuticUse,D006069,used_for,Plant part is associated with the respective therapeutic use
PlantPart,BI-OR-LE,USED_FOR,TherapeuticUse,D007565,used_for,Plant part is associated with the respective therapeutic use
PlantPart,BI-OR-LE,USED_FOR,TherapeuticUse,D010612,used_for,Plant part is associated with the respective therapeutic use
PlantPart,BI-OR-LE,USED_FOR,TherapeuticUse,D012909,used_for,Plant part is associated with the respective therapeutic use
PlantPart,BI-OR-LE,USED_FOR,TherapeuticUse,D014947,used_for,Plant part is associated with the respective therapeutic use
PlantPart,BI-OR-LE,USED_FOR,TherapeuticUse,D058633,used_for,Plant part is associated with the respective therapeutic use
PlantPart,BI-OR-RO,USED_FOR,TherapeuticUse,D000890,used_for,Plant part is associated with the respective therapeutic use
PlantPart,BI-OR-RO,USED_FOR,TherapeuticUse,D002492,used_for,Plant part is associated with the respective therapeutic use
PlantPart,BI-OR-RO,USED_FOR,TherapeuticUse,D005334,used_for,Plant part is associated with the respective therapeutic use
PlantPart,BI-OR-RO,USED_FOR,TherapeuticUse,D005744,used_for,Plant part is associated with the respective therapeutic use
PlantPart,BI-OR-RO,USED_FOR,TherapeuticUse,D006069,used_for,Plant part is associated with the respective therapeutic use
PlantPart,BI-OR-RO,USED_FOR,TherapeuticUse,D007022,used_for,Plant part is associated with the respective therapeutic use
PlantPart,BI-OR-RO,USED_FOR,TherapeuticUse,D007306,used_for,Plant part is associated with the respective therapeutic use
PlantPart,BI-OR-RO,USED_FOR,TherapeuticUse,D010276,used_for,Plant part is associated with the respective therapeutic use
PlantPart,BI-OR-RO,USED_FOR,TherapeuticUse,D013035,used_for,Plant part is associated with the respective therapeutic use
PlantPart,BI-OR-RO,USED_FOR,TherapeuticUse,D058633,used_for,Plant part is associated with the respective therapeutic use
PlantPart,BI-OR-SE,USED_FOR,TherapeuticUse,D001252,used_for,Plant part is associated with the respective therapeutic use
PlantPart,BI-OR-SE,USED_FOR,TherapeuticUse,D001768,used_for,Plant part is associated with the respective therapeutic use
PlantPart,BI-OR-SE,USED_FOR,TherapeuticUse,D002921,used_for,Plant part is associated with the respective therapeutic use
PlantPart,BI-OR-SE,USED_FOR,TherapeuticUse,D004232,used_for,Plant part is associated with the respective therapeutic use
PlantPart,BI-OR-SE,USED_FOR,TherapeuticUse,D004403,used_for,Plant part is associated with the respective therapeutic use
PlantPart,BI-OR-SE,USED_FOR,TherapeuticUse,D004827,used_for,Plant part is associated with the respective therapeutic use
PlantPart,BI-OR-SE,USED_FOR,TherapeuticUse,D006069,used_for,Plant part is associated with the respective therapeutic use
PlantPart,BI-OR-SE,USED_FOR,TherapeuticUse,D006487,used_for,Plant part is associated with the respective therapeutic use
PlantPart,BI-OR-SE,USED_FOR,TherapeuticUse,D007674,used_for,Plant part is associated with the respective therapeutic use
PlantPart,BI-OR-SE,USED_FOR,TherapeuticUse,D007918,used_for,Plant part is associated with the respective therapeutic use
PlantPart,BI-OR-SE,USED_FOR,TherapeuticUse,D011041,used_for,Plant part is associated with the respective therapeutic use
PlantPart,BI-OR-SE,USED_FOR,TherapeuticUse,D012749,used_for,Plant part is associated with the respective therapeutic use
PlantPart,BI-OR-SE,USED_FOR,TherapeuticUse,D012871,used_for,Plant part is associated with the respective therapeutic use
PlantPart,BI-OR-SE,USED_FOR,TherapeuticUse,D054368,used_for,Plant part is associated with the respective therapeutic use
PlantPart,BI-OR-SE,USED_FOR,TherapeuticUse,D058633,used_for,Plant part is associated with the respective therapeutic use
PlantPart,BI-OR-ST,USED_FOR,TherapeuticUse,D000970,used_for,Plant part is associated with the respective therapeutic use
PlantPart,BI-OR-ST,USED_FOR,TherapeuticUse,D001046,used_for,Plant part is associated with the respective therapeutic use
PlantPart,BI-OR-ST,USED_FOR,TherapeuticUse,D002921,used_for,Plant part is associated with the respective therapeutic use
PlantPart,BI-OR-ST,USED_FOR,TherapeuticUse,D004643,used_for,Plant part is associated with the respective therapeutic use
PlantPart,BI-OR-ST,USED_FOR,TherapeuticUse,D007306,used_for,Plant part is associated with the respective therapeutic use
PlantPart,BI-OR-ST,USED_FOR,TherapeuticUse,D008107,used_for,Plant part is associated with the respective therapeutic use
PlantPart,BI-OR-WO,USED_FOR,TherapeuticUse,D006402,used_for,Plant part is associated with the respective therapeutic use
PlantPart,BI-OR-WO,USED_FOR,TherapeuticUse,D013281,used_for,Plant part is associated with the respective therapeutic use
PlantPart,BI-OR-WO,USED_FOR,TherapeuticUse,D013575,used_for,Plant part is associated with the respective therapeutic use
PlantPart,BR-JU-LE,USED_FOR,TherapeuticUse,D000871,used_for,Plant part is associated with the respective therapeutic use
PlantPart,BR-JU-LE,USED_FOR,TherapeuticUse,D001145,used_for,Plant part is associated with the respective therapeutic use
PlantPart,BR-JU-LE,USED_FOR,TherapeuticUse,D001249,used_for,Plant part is associated with the respective therapeutic use
PlantPart,BR-JU-LE,USED_FOR,TherapeuticUse,D001745,used_for,Plant part is associated with the respective therapeutic use
PlantPart,BR-JU-LE,USED_FOR,TherapeuticUse,D003371,used_for,Plant part is associated with the respective therapeutic use
PlantPart,BR-JU-LE,USED_FOR,TherapeuticUse,D004403,used_for,Plant part is associated with the respective therapeutic use
PlantPart,BR-JU-LE,USED_FOR,TherapeuticUse,D005767,used_for,Plant part is associated with the respective therapeutic use
PlantPart,BR-JU-LE,USED_FOR,TherapeuticUse,D006484,used_for,Plant part is associated with the respective therapeutic use
PlantPart,BR-JU-LE,USED_FOR,TherapeuticUse,D007306,used_for,Plant part is associated with the respective therapeutic use
PlantPart,BR-JU-SE,USED_FOR,TherapeuticUse,D000700,used_for,Plant part is associated with the respective therapeutic use
PlantPart,BR-JU-SE,USED_FOR,TherapeuticUse,D000855,used_for,Plant part is associated with the respective therapeutic use
PlantPart,BR-JU-SE,USED_FOR,TherapeuticUse,D000871,used_for,Plant part is associated with the respective therapeutic use
PlantPart,BR-JU-SE,USED_FOR,TherapeuticUse,D000893,used_for,Plant part is associated with the respective therapeutic use
PlantPart,BR-JU-SE,USED_FOR,TherapeuticUse,D000900,used_for,Plant part is associated with the respective therapeutic use
PlantPart,BR-JU-SE,USED_FOR,TherapeuticUse,D000935,used_for,Plant part is associated with the respective therapeutic use
PlantPart,BR-JU-SE,USED_FOR,TherapeuticUse,D003371,used_for,Plant part is associated with the respective therapeutic use
PlantPart,BR-JU-SE,USED_FOR,TherapeuticUse,D003716,used_for,Plant part is associated with the respective therapeutic use
PlantPart,BR-JU-SE,USED_FOR,TherapeuticUse,D004415,used_for,Plant part is associated with the respective therapeutic use
PlantPart,BR-JU-SE,USED_FOR,TherapeuticUse,D005414,used_for,Plant part is associated with the respective therapeutic use
PlantPart,BR-JU-SE,USED_FOR,TherapeuticUse,D007007,used_for,Plant part is associated with the respective therapeutic use
PlantPart,BR-JU-SE,USED_FOR,TherapeuticUse,D007249,used_for,Plant part is associated with the respective therapeutic use
PlantPart,BR-JU-SE,USED_FOR,TherapeuticUse,D007411,used_for,Plant part is associated with the respective therapeutic use
PlantPart,BR-JU-SE,USED_FOR,TherapeuticUse,D009437,used_for,Plant part is associated with the respective therapeutic use
PlantPart,BR-JU-SE,USED_FOR,TherapeuticUse,D012871,used_for,Plant part is associated with the respective therapeutic use
PlantPart,BR-JU-SE,USED_FOR,TherapeuticUse,D013035,used_for,Plant part is associated with the respective therapeutic use
PlantPart,BR-JU-SE,USED_FOR,TherapeuticUse,D013163,used_for,Plant part is associated with the respective therapeutic use
PlantPart,BR-JU-SE,USED_FOR,TherapeuticUse,D014456,used_for,Plant part is associated with the respective therapeutic use
PlantPart,BR-JU-SE,USED_FOR,TherapeuticUse,D014839,used_for,Plant part is associated with the respective therapeutic use
PlantPart,BR-JU-SE,USED_FOR,TherapeuticUse,D015746,used_for,Plant part is associated with the respective therapeutic use
PlantPart,BR-JU-SE,USED_FOR,TherapeuticUse,D017116,used_for,Plant part is associated with the respective therapeutic use
PlantPart,BR-JU-SE,USED_FOR,TherapeuticUse,D018501,used_for,Plant part is associated with the respective therapeutic use
PlantPart,BR-JU-SE,USED_FOR,TherapeuticUse,D054368,used_for,Plant part is associated with the respective therapeutic use
PlantPart,BR-ST-AE,USED_FOR,TherapeuticUse,D004232,used_for,Plant part is associated with the respective therapeutic use
PlantPart,BR-ST-AE,USED_FOR,TherapeuticUse,D007022,used_for,Plant part is associated with the respective therapeutic use
PlantPart,BR-ST-BA,USED_FOR,TherapeuticUse,D001249,used_for,Plant part is associated with the respective therapeutic use
PlantPart,BR-ST-BA,USED_FOR,TherapeuticUse,D003371,used_for,Plant part is associated with the respective therapeutic use
PlantPart,BR-ST-BA,USED_FOR,TherapeuticUse,D005334,used_for,Plant part is associated with the respective therapeutic use
PlantPart,BR-ST-BA,USED_FOR,TherapeuticUse,D013281,used_for,Plant part is associated with the respective therapeutic use
PlantPart,BR-ST-LE,USED_FOR,TherapeuticUse,D000740,used_for,Plant part is associated with the respective therapeutic use
PlantPart,BR-ST-LE,USED_FOR,TherapeuticUse,D007565,used_for,Plant part is associated with the respective therapeutic use
PlantPart,BR-ST-LE,USED_FOR,TherapeuticUse,D011248,used_for,Plant part is associated with the respective therapeutic use
PlantPart,BR-ST-LE,USED_FOR,TherapeuticUse,D014947,used_for,Plant part is associated with the respective therapeutic use
PlantPart,BR-ST-SE,USED_FOR,TherapeuticUse,D006384,used_for,Plant part is associated with the respective therapeutic use
PlantPart,BR-ST-SE,USED_FOR,TherapeuticUse,D014945,used_for,Plant part is associated with the respective therapeutic use
PlantPart,BR-ST-WH,USED_FOR,TherapeuticUse,D000935,used_for,Plant part is associated with the respective therapeutic use
PlantPart,CA-AR-BA,USED_FOR,TherapeuticUse,D000019,used_for,Plant part is associated with the respective therapeutic use
PlantPart,CA-AR-BA,USED_FOR,TherapeuticUse,D000038,used_for,Plant part is associated with the respective therapeutic use
PlantPart,CA-AR-BA,USED_FOR,TherapeuticUse,D000871,used_for,Plant part is associated with the respective therapeutic use
PlantPart,CA-AR-BA,USED_FOR,TherapeuticUse,D000982,used_for,Plant part is associated with the respective therapeutic use
PlantPart,CA-AR-BA,USED_FOR,TherapeuticUse,D001249,used_for,Plant part is associated with the respective therapeutic use
PlantPart,CA-AR-BA,USED_FOR,TherapeuticUse,D001252,used_for,Plant part is associated with the respective therapeutic use
PlantPart,CA-AR-BA,USED_FOR,TherapeuticUse,D001991,used_for,Plant part is associated with the respective therapeutic use
PlantPart,CA-AR-BA,USED_FOR,TherapeuticUse,D003085,used_for,Plant part is associated with the respective therapeutic use
PlantPart,CA-AR-BA,USED_FOR,TherapeuticUse,D003139,used_for,Plant part is associated with the respective therapeutic use
PlantPart,CA-AR-BA,USED_FOR,TherapeuticUse,D003248,used_for,Plant part is associated with the respective therapeutic use
PlantPart,CA-AR-BA,USED_FOR,TherapeuticUse,D003371,used_for,Plant part is associated with the respective therapeutic use
PlantPart,CA-AR-BA,USED_FOR,TherapeuticUse,D003731,used_for,Plant part is associated with the respective therapeutic use
PlantPart,CA-AR-BA,USED_FOR,TherapeuticUse,D003967,used_for,Plant part is associated with the respective therapeutic use
PlantPart,CA-AR-BA,USED_FOR,TherapeuticUse,D004232,used_for,Plant part is associated with the respective therapeutic use
PlantPart,CA-AR-BA,USED_FOR,TherapeuticUse,D004403,used_for,Plant part is associated with the respective therapeutic use
PlantPart,CA-AR-BA,USED_FOR,TherapeuticUse,D004415,used_for,Plant part is associated with the respective therapeutic use
PlantPart,CA-AR-BA,USED_FOR,TherapeuticUse,D004433,used_for,Plant part is associated with the respective therapeutic use
PlantPart,CA-AR-BA,USED_FOR,TherapeuticUse,D004827,used_for,Plant part is associated with the respective therapeutic use
PlantPart,CA-AR-BA,USED_FOR,TherapeuticUse,D005100,used_for,Plant part is associated with the respective therapeutic use
PlantPart,CA-AR-BA,USED_FOR,TherapeuticUse,D005128,used_for,Plant part is associated with the respective therapeutic use
PlantPart,CA-AR-BA,USED_FOR,TherapeuticUse,D005334,used_for,Plant part is associated with the respective therapeutic use
PlantPart,CA-AR-BA,USED_FOR,TherapeuticUse,D005667,used_for,Plant part is associated with the respective therapeutic use
PlantPart,CA-AR-BA,USED_FOR,TherapeuticUse,D006470,used_for,Plant part is associated with the respective therapeutic use
PlantPart,CA-AR-BA,USED_FOR,TherapeuticUse,D007239,used_for,Plant part is associated with the respective therapeutic use
PlantPart,CA-AR-BA,USED_FOR,TherapeuticUse,D007411,used_for,Plant part is associated with the respective therapeutic use
PlantPart,CA-AR-BA,USED_FOR,TherapeuticUse,D007565,used_for,Plant part is associated with the respective therapeutic use
PlantPart,CA-AR-BA,USED_FOR,TherapeuticUse,D008595,used_for,Plant part is associated with the respective therapeutic use
PlantPart,CA-AR-BA,USED_FOR,TherapeuticUse,D009369,used_for,Plant part is associated with the respective therapeutic use
PlantPart,CA-AR-BA,USED_FOR,TherapeuticUse,D010146,used_for,Plant part is associated with the respective therapeutic use
PlantPart,CA-AR-BA,USED_FOR,TherapeuticUse,D011181,used_for,Plant part is associated with the respective therapeutic use
PlantPart,CA-AR-BA,USED_FOR,TherapeuticUse,D012871,used_for,Plant part is associated with the respective therapeutic use
PlantPart,CA-AR-BA,USED_FOR,TherapeuticUse,D012899,used_for,Plant part is associated with the respective therapeutic use
PlantPart,CA-AR-BA,USED_FOR,TherapeuticUse,D012909,used_for,Plant part is associated with the respective therapeutic use
PlantPart,CA-AR-BA,USED_FOR,TherapeuticUse,D013180,used_for,Plant part is associated with the respective therapeutic use
PlantPart,CA-AR-BA,USED_FOR,TherapeuticUse,D013272,used_for,Plant part is associated with the respective therapeutic use
PlantPart,CA-AR-BA,USED_FOR,TherapeuticUse,D014060,used_for,Plant part is associated with the respective therapeutic use
PlantPart,CA-AR-BA,USED_FOR,TherapeuticUse,D014456,used_for,Plant part is associated with the respective therapeutic use
PlantPart,CA-AR-BA,USED_FOR,TherapeuticUse,D014549,used_for,Plant part is associated with the respective therapeutic use
PlantPart,CA-AR-BA,USED_FOR,TherapeuticUse,D014555,used_for,Plant part is associated with the respective therapeutic use
PlantPart,CA-AR-BA,USED_FOR,TherapeuticUse,D014820,used_for,Plant part is associated with the respective therapeutic use
PlantPart,CA-AR-BA,USED_FOR,TherapeuticUse,D014945,used_for,Plant part is associated with the respective therapeutic use
PlantPart,CA-AR-BA,USED_FOR,TherapeuticUse,D014947,used_for,Plant part is associated with the respective therapeutic use
PlantPart,CA-AR-BA,USED_FOR,TherapeuticUse,D018771,used_for,Plant part is associated with the respective therapeutic use
PlantPart,CA-AR-BA,USED_FOR,TherapeuticUse,D058633,used_for,Plant part is associated with the respective therapeutic use
PlantPart,CA-AR-BA,USED_FOR,TherapeuticUse,D063806,used_for,Plant part is associated with the respective therapeutic use
PlantPart,CA-AR-BA,USED_FOR,TherapeuticUse,D065106,used_for,Plant part is associated with the respective therapeutic use
PlantPart,CA-AR-FL,USED_FOR,TherapeuticUse,D001046,used_for,Plant part is associated with the respective therapeutic use
PlantPart,CA-AR-FL,USED_FOR,TherapeuticUse,D003085,used_for,Plant part is associated with the respective therapeutic use
PlantPart,CA-AR-FL,USED_FOR,TherapeuticUse,D003139,used_for,Plant part is associated with the respective therapeutic use
PlantPart,CA-AR-FL,USED_FOR,TherapeuticUse,D003371,used_for,Plant part is associated with the respective therapeutic use
PlantPart,CA-AR-FL,USED_FOR,TherapeuticUse,D003967,used_for,Plant part is associated with the respective therapeutic use
PlantPart,CA-AR-FL,USED_FOR,TherapeuticUse,D011181,used_for,Plant part is associated with the respective therapeutic use
PlantPart,CA-AR-FL,USED_FOR,TherapeuticUse,D012060,used_for,Plant part is associated with the respective therapeutic use
PlantPart,CA-AR-FL,USED_FOR,TherapeuticUse,D014623,used_for,Plant part is associated with the respective therapeutic use
PlantPart,CA-AR-FL,USED_FOR,TherapeuticUse,D065106,used_for,Plant part is associated with the respective therapeutic use
PlantPart,CA-AR-FR,USED_FOR,TherapeuticUse,D000038,used_for,Plant part is associated with the respective therapeutic use
PlantPart,CA-AR-FR,USED_FOR,TherapeuticUse,D000871,used_for,Plant part is associated with the respective therapeutic use
PlantPart,CA-AR-FR,USED_FOR,TherapeuticUse,D000982,used_for,Plant part is associated with the respective therapeutic use
PlantPart,CA-AR-FR,USED_FOR,TherapeuticUse,D001046,used_for,Plant part is associated with the respective therapeutic use
PlantPart,CA-AR-FR,USED_FOR,TherapeuticUse,D001252,used_for,Plant part is associated with the respective therapeutic use
PlantPart,CA-AR-FR,USED_FOR,TherapeuticUse,D003139,used_for,Plant part is associated with the respective therapeutic use
PlantPart,CA-AR-FR,USED_FOR,TherapeuticUse,D003371,used_for,Plant part is associated with the respective therapeutic use
PlantPart,CA-AR-FR,USED_FOR,TherapeuticUse,D003967,used_for,Plant part is associated with the respective therapeutic use
PlantPart,CA-AR-FR,USED_FOR,TherapeuticUse,D004066,used_for,Plant part is associated with the respective therapeutic use
PlantPart,CA-AR-FR,USED_FOR,TherapeuticUse,D004403,used_for,Plant part is associated with the respective therapeutic use
PlantPart,CA-AR-FR,USED_FOR,TherapeuticUse,D004415,used_for,Plant part is associated with the respective therapeutic use
PlantPart,CA-AR-FR,USED_FOR,TherapeuticUse,D005334,used_for,Plant part is associated with the respective therapeutic use
PlantPart,CA-AR-FR,USED_FOR,TherapeuticUse,D010146,used_for,Plant part is associated with the respective therapeutic use
PlantPart,CA-AR-FR,USED_FOR,TherapeuticUse,D012909,used_for,Plant part is associated with the respective therapeutic use
PlantPart,CA-AR-FR,USED_FOR,TherapeuticUse,D014456,used_for,Plant part is associated with the respective therapeutic use
PlantPart,CA-AR-FR,USED_FOR,TherapeuticUse,D014820,used_for,Plant part is associated with the respective therapeutic use
PlantPart,CA-AR-FR,USED_FOR,TherapeuticUse,D014945,used_for,Plant part is associated with the respective therapeutic use
PlantPart,CA-AR-FR,USED_FOR,TherapeuticUse,D058633,used_for,Plant part is associated with the respective therapeutic use
PlantPart,CA-AR-FR,USED_FOR,TherapeuticUse,D065106,used_for,Plant part is associated with the respective therapeutic use
PlantPart,CA-AR-LE,USED_FOR,TherapeuticUse,D000038,used_for,Plant part is associated with the respective therapeutic use
PlantPart,CA-AR-LE,USED_FOR,TherapeuticUse,D000871,used_for,Plant part is associated with the respective therapeutic use
PlantPart,CA-AR-LE,USED_FOR,TherapeuticUse,D000982,used_for,Plant part is associated with the respective therapeutic use
PlantPart,CA-AR-LE,USED_FOR,TherapeuticUse,D003085,used_for,Plant part is associated with the respective therapeutic use
PlantPart,CA-AR-LE,USED_FOR,TherapeuticUse,D003139,used_for,Plant part is associated with the respective therapeutic use
PlantPart,CA-AR-LE,USED_FOR,TherapeuticUse,D003967,used_for,Plant part is associated with the respective therapeutic use
PlantPart,CA-AR-LE,USED_FOR,TherapeuticUse,D004403,used_for,Plant part is associated with the respective therapeutic use
PlantPart,CA-AR-LE,USED_FOR,TherapeuticUse,D004487,used_for,Plant part is associated with the respective therapeutic use
PlantPart,CA-AR-LE,USED_FOR,TherapeuticUse,D005334,used_for,Plant part is associated with the respective therapeutic use
PlantPart,CA-AR-LE,USED_FOR,TherapeuticUse,D010146,used_for,Plant part is associated with the respective therapeutic use
PlantPart,CA-AR-LE,USED_FOR,TherapeuticUse,D012909,used_for,Plant part is associated with the respective therapeutic use
PlantPart,CA-AR-LE,USED_FOR,TherapeuticUse,D014456,used_for,Plant part is associated with the respective therapeutic use
PlantPart,CA-AR-LE,USED_FOR,TherapeuticUse,D014820,used_for,Plant part is associated with the respective therapeutic use
PlantPart,CA-AR-LE,USED_FOR,TherapeuticUse,D014945,used_for,Plant part is associated with the respective therapeutic use
PlantPart,CA-AR-LE,USED_FOR,TherapeuticUse,D058633,used_for,Plant part is associated with the respective therapeutic use
PlantPart,CA-AR-LE,USED_FOR,TherapeuticUse,D065106,used_for,Plant part is associated with the respective therapeutic use
PlantPart,CA-AR-PL,USED_FOR,TherapeuticUse,D007865,used_for,Plant part is associated with the respective therapeutic use
PlantPart,CA-AR-RO,USED_FOR,TherapeuticUse,D008595,used_for,Plant part is associated with the respective therapeutic use
PlantPart,CA-AR-RO,USED_FOR,TherapeuticUse,D014376,used_for,Plant part is associated with the respective therapeutic use
PlantPart,CA-AR-RO,USED_FOR,TherapeuticUse,D050723,used_for,Plant part is associated with the respective therapeutic use
PlantPart,CA-AR-SE,USED_FOR,TherapeuticUse,D000038,used_for,Plant part is associated with the respective therapeutic use
PlantPart,CA-AR-SE,USED_FOR,TherapeuticUse,D000871,used_for,Plant part is associated with the respective therapeutic use
PlantPart,CA-AR-SE,USED_FOR,TherapeuticUse,D000982,used_for,Plant part is associated with the respective therapeutic use
PlantPart,CA-AR-SE,USED_FOR,TherapeuticUse,D003139,used_for,Plant part is associated with the respective therapeutic use
PlantPart,CA-AR-SE,USED_FOR,TherapeuticUse,D003967,used_for,Plant part is associated with the respective therapeutic use
PlantPart,CA-AR-SE,USED_FOR,TherapeuticUse,D004403,used_for,Plant part is associated with the respective therapeutic use
PlantPart,CA-AR-SE,USED_FOR,TherapeuticUse,D005334,used_for,Plant part is associated with the respective therapeutic use
PlantPart,CA-AR-SE,USED_FOR,TherapeuticUse,D005368,used_for,Plant part is associated with the respective therapeutic use
PlantPart,CA-AR-SE,USED_FOR,TherapeuticUse,D010146,used_for,Plant part is associated with the respective therapeutic use
PlantPart,CA-AR-SE,USED_FOR,TherapeuticUse,D012909,used_for,Plant part is associated with the respective therapeutic use
PlantPart,CA-AR-SE,USED_FOR,TherapeuticUse,D014456,used_for,Plant part is associated with the respective therapeutic use
PlantPart,CA-AR-SE,USED_FOR,TherapeuticUse,D014820,used_for,Plant part is associated with the respective therapeutic use
PlantPart,CA-AR-SE,USED_FOR,TherapeuticUse,D014945,used_for,Plant part is associated with the respective therapeutic use
PlantPart,CA-AR-SE,USED_FOR,TherapeuticUse,D058633,used_for,Plant part is associated with the respective therapeutic use
PlantPart,CA-AR-SE,USED_FOR,TherapeuticUse,D065106,used_for,Plant part is associated with the respective therapeutic use
PlantPart,CA-AR-ST,USED_FOR,TherapeuticUse,D001249,used_for,Plant part is associated with the respective therapeutic use
PlantPart,CA-AR-ST,USED_FOR,TherapeuticUse,D003731,used_for,Plant part is associated with the respective therapeutic use
PlantPart,CA-AR-ST,USED_FOR,TherapeuticUse,D012871,used_for,Plant part is associated with the respective therapeutic use
PlantPart,CA-AR-ST,USED_FOR,TherapeuticUse,D012909,used_for,Plant part is associated with the respective therapeutic use
PlantPart,CA-CA-BA,USED_FOR,TherapeuticUse,D007918,used_for,Plant part is associated with the respective therapeutic use
PlantPart,CA-CA-FR,USED_FOR,TherapeuticUse,D000855,used_for,Plant part is associated with the respective therapeutic use
PlantPart,CA-CA-FR,USED_FOR,TherapeuticUse,D000927,used_for,Plant part is associated with the respective therapeutic use
PlantPart,CA-CA-FR,USED_FOR,TherapeuticUse,D000982,used_for,Plant part is associated with the respective therapeutic use
PlantPart,CA-CA-FR,USED_FOR,TherapeuticUse,D001046,used_for,Plant part is associated with the respective therapeutic use
PlantPart,CA-CA-FR,USED_FOR,TherapeuticUse,D001252,used_for,Plant part is associated with the respective therapeutic use
PlantPart,CA-CA-FR,USED_FOR,TherapeuticUse,D001523,used_for,Plant part is associated with the respective therapeutic use
PlantPart,CA-CA-FR,USED_FOR,TherapeuticUse,D001733,used_for,Plant part is associated with the respective therapeutic use
PlantPart,CA-CA-FR,USED_FOR,TherapeuticUse,D003967,used_for,Plant part is associated with the respective therapeutic use
PlantPart,CA-CA-FR,USED_FOR,TherapeuticUse,D004066,used_for,Plant part is associated with the respective therapeutic use
PlantPart,CA-CA-FR,USED_FOR,TherapeuticUse,D004487,used_for,Plant part is associated with the respective therapeutic use
PlantPart,CA-CA-FR,USED_FOR,TherapeuticUse,D004827,used_for,Plant part is associated with the respective therapeutic use
PlantPart,CA-CA-FR,USED_FOR,TherapeuticUse,D005334,used_for,Plant part is associated with the respective therapeutic use
PlantPart,CA-CA-FR,USED_FOR,TherapeuticUse,D006429,used_for,Plant part is associated with the respective therapeutic use
PlantPart,CA-CA-FR,USED_FOR,TherapeuticUse,D010146,used_for,Plant part is associated with the respective therapeutic use
PlantPart,CA-CA-FR,USED_FOR,TherapeuticUse,D011181,used_for,Plant part is associated with the respective therapeutic use
PlantPart,CA-CA-FR,USED_FOR,TherapeuticUse,D012532,used_for,Plant part is associated with the respective therapeutic use
PlantPart,CA-CA-FR,USED_FOR,TherapeuticUse,D012614,used_for,Plant part is associated with the respective therapeutic use
PlantPart,CA-CA-FR,USED_FOR,TherapeuticUse,D012871,used_for,Plant part is associated with the respective therapeutic use
PlantPart,CA-CA-FR,USED_FOR,TherapeuticUse,D013894,used_for,Plant part is associated with the respective therapeutic use
PlantPart,CA-CA-FR,USED_FOR,TherapeuticUse,D014947,used_for,Plant part is associated with the respective therapeutic use
PlantPart,CA-CA-FR,USED_FOR,TherapeuticUse,D018501,used_for,Plant part is associated with the respective therapeutic use
PlantPart,CA-CA-FR,USED_FOR,TherapeuticUse,D019167,used_for,Plant part is associated with the respective therapeutic use
PlantPart,CA-CA-FR,USED_FOR,TherapeuticUse,D058633,used_for,Plant part is associated with the respective therapeutic use
PlantPart,CA-CA-FR,USED_FOR,TherapeuticUse,D065106,used_for,Plant part is associated with the respective therapeutic use
PlantPart,CA-CA-LE,USED_FOR,TherapeuticUse,D000935,used_for,Plant part is associated with the respective therapeutic use
PlantPart,CA-CA-LE,USED_FOR,TherapeuticUse,D005334,used_for,Plant part is associated with the respective therapeutic use
PlantPart,CA-CA-LE,USED_FOR,TherapeuticUse,D007022,used_for,Plant part is associated with the respective therapeutic use
PlantPart,CA-CA-RO,USED_FOR,TherapeuticUse,D000871,used_for,Plant part is associated with the respective therapeutic use
PlantPart,CA-CA-RO,USED_FOR,TherapeuticUse,D000982,used_for,Plant part is associated with the respective therapeutic use
PlantPart,CA-CA-RO,USED_FOR,TherapeuticUse,D002316,used_for,Plant part is associated with the respective therapeutic use
PlantPart,CA-CA-RO,USED_FOR,TherapeuticUse,D002317,used_for,Plant part is associated with the respective therapeutic use
PlantPart,CA-CA-RO,USED_FOR,TherapeuticUse,D002400,used_for,Plant part is associated with the respective therapeutic use
PlantPart,CA-CA-RO,USED_FOR,TherapeuticUse,D004403,used_for,Plant part is associated with the respective therapeutic use
PlantPart,CA-CA-RO,USED_FOR,TherapeuticUse,D005076,used_for,Plant part is associated with the respective therapeutic use
PlantPart,CA-CA-RO,USED_FOR,TherapeuticUse,D005734,used_for,Plant part is associated with the respective therapeutic use
PlantPart,CA-CA-RO,USED_FOR,TherapeuticUse,D006636,used_for,Plant part is associated with the respective therapeutic use
PlantPart,CA-CA-RO,USED_FOR,TherapeuticUse,D006973,used_for,Plant part is associated with the respective therapeutic use
PlantPart,CA-CA-RO,USED_FOR,TherapeuticUse,D007022,used_for,Plant part is associated with the respective therapeutic use
PlantPart,CA-CA-RO,USED_FOR,TherapeuticUse,D007411,used_for,Plant part is associated with the respective therapeutic use
PlantPart,CA-CA-RO,USED_FOR,TherapeuticUse,D012532,used_for,Plant part is associated with the respective therapeutic use
PlantPart,CA-CA-RO,USED_FOR,TherapeuticUse,D012614,used_for,Plant part is associated with the respective therapeutic use
PlantPart,CA-CA-RO,USED_FOR,TherapeuticUse,D013272,used_for,Plant part is associated with the respective therapeutic use
PlantPart,CA-CA-RO,USED_FOR,TherapeuticUse,D014456,used_for,Plant part is associated with the respective therapeutic use
PlantPart,CA-CA-RO,USED_FOR,TherapeuticUse,D014552,used_for,Plant part is associated with the respective therapeutic use
PlantPart,CA-CA-RO,USED_FOR,TherapeuticUse,D014570,used_for,Plant part is associated with the respective therapeutic use
PlantPart,CA-CA-RO,USED_FOR,TherapeuticUse,D014947,used_for,Plant part is associated with the respective therapeutic use
PlantPart,CA-CA-RO,USED_FOR,TherapeuticUse,D017719,used_for,Plant part is associated with the respective therapeutic use
PlantPart,CA-CA-RO,USED_FOR,TherapeuticUse,D019167,used_for,Plant part is associated with the respective therapeutic use
PlantPart,CA-CA-SE,USED_FOR,TherapeuticUse,D004403,used_for,Plant part is associated with the respective therapeutic use
PlantPart,CA-CA-SE,USED_FOR,TherapeuticUse,D007302,used_for,Plant part is associated with the respective therapeutic use
PlantPart,CA-CA-SE,USED_FOR,TherapeuticUse,D011537,used_for,Plant part is associated with the respective therapeutic use
PlantPart,CA-CA-SE,USED_FOR,TherapeuticUse,D012909,used_for,Plant part is associated with the respective therapeutic use
PlantPart,CA-CA-SE,USED_FOR,TherapeuticUse,D013180,used_for,Plant part is associated with the respective therapeutic use
PlantPart,CA-CA-ST,USED_FOR,TherapeuticUse,D007306,used_for,Plant part is associated with the respective therapeutic use
PlantPart,CA-DI-FL,USED_FOR,TherapeuticUse,D009422,used_for,Plant part is associated with the respective therapeutic use
PlantPart,CA-DI-LE,USED_FOR,TherapeuticUse,D001523,used_for,Plant part is associated with the respective therapeutic use
PlantPart,CA-DI-LE,USED_FOR,TherapeuticUse,D004827,used_for,Plant part is associated with the respective therapeutic use
PlantPart,CA-DI-LE,USED_FOR,TherapeuticUse,D009422,used_for,Plant part is associated with the respective therapeutic use
PlantPart,CA-DI-LE,USED_FOR,TherapeuticUse,D054368,used_for,Plant part is associated with the respective therapeutic use
PlantPart,CA-DI-RH,USED_FOR,TherapeuticUse,D000871,used_for,Plant part is associated with the respective therapeutic use
PlantPart,CA-DI-RO,USED_FOR,TherapeuticUse,D009422,used_for,Plant part is associated with the respective therapeutic use
PlantPart,CA-DI-SE,USED_FOR,TherapeuticUse,D003638,used_for,Plant part is associated with the respective therapeutic use
PlantPart,CA-DI-WH,USED_FOR,TherapeuticUse,D005765,used_for,Plant part is associated with the respective therapeutic use
PlantPart,CA-DI-WH,USED_FOR,TherapeuticUse,D012060,used_for,Plant part is associated with the respective therapeutic use
PlantPart,CA-FR-BA,USED_FOR,TherapeuticUse,D005414,used_for,Plant part is associated with the respective therapeutic use
PlantPart,CA-FR-LE,USED_FOR,TherapeuticUse,D000871,used_for,Plant part is associated with the respective therapeutic use
PlantPart,CA-FR-LE,USED_FOR,TherapeuticUse,D002400,used_for,Plant part is associated with the respective therapeutic use
PlantPart,CA-FR-LE,USED_FOR,TherapeuticUse,D003139,used_for,Plant part is associated with the respective therapeutic use
PlantPart,CA-FR-LE,USED_FOR,TherapeuticUse,D007249,used_for,Plant part is associated with the respective therapeutic use
PlantPart,CA-FR-LE,USED_FOR,TherapeuticUse,D008600,used_for,Plant part is associated with the respective therapeutic use
PlantPart,CA-FR-LE,USED_FOR,TherapeuticUse,D014555,used_for,Plant part is associated with the respective therapeutic use
PlantPart,CA-FR-LE,USED_FOR,TherapeuticUse,D014820,used_for,Plant part is associated with the respective therapeutic use
PlantPart,CA-FR-LE,USED_FOR,TherapeuticUse,D014947,used_for,Plant part is associated with the respective therapeutic use
PlantPart,CA-FR-LE,USED_FOR,TherapeuticUse,D018501,used_for,Plant part is associated with the respective therapeutic use
PlantPart,CA-FR-LE,USED_FOR,TherapeuticUse,D054368,used_for,Plant part is associated with the respective therapeutic use
PlantPart,CA-FR-RO,USED_FOR,TherapeuticUse,D000871,used_for,Plant part is associated with the respective therapeutic use
PlantPart,CA-FR-RO,USED_FOR,TherapeuticUse,D002400,used_for,Plant part is associated with the respective therapeutic use
PlantPart,CA-FR-RO,USED_FOR,TherapeuticUse,D005334,used_for,Plant part is associated with the respective therapeutic use
PlantPart,CA-FR-RO,USED_FOR,TherapeuticUse,D008600,used_for,Plant part is associated with the respective therapeutic use
PlantPart,CA-FR-RO,USED_FOR,TherapeuticUse,D010276,used_for,Plant part is associated with the respective therapeutic use
PlantPart,CA-FR-RO,USED_FOR,TherapeuticUse,D013587,used_for,Plant part is associated with the respective therapeutic use
PlantPart,CA-FR-RO,USED_FOR,TherapeuticUse,D014555,used_for,Plant part is associated with the respective therapeutic use
PlantPart,CA-FR-RO,USED_FOR,TherapeuticUse,D014591,used_for,Plant part is associated with the respective therapeutic use
PlantPart,CA-FR-RO,USED_FOR,TherapeuticUse,D054368,used_for,Plant part is associated with the respective therapeutic use
PlantPart,CA-FR-SE,USED_FOR,TherapeuticUse,D000871,used_for,Plant part is associated with the respective therapeutic use
PlantPart,CA-FR-SE,USED_FOR,TherapeuticUse,D004403,used_for,Plant part is associated with the respective therapeutic use
PlantPart,CA-FR-ST,USED_FOR,TherapeuticUse,D000900,used_for,Plant part is associated with the respective therapeutic use
PlantPart,CA-GI-AE,USED_FOR,TherapeuticUse,D003967,used_for,Plant part is associated with the respective therapeutic use
PlantPart,CA-GI-BA,USED_FOR,TherapeuticUse,D000893,used_for,Plant part is associated with the respective therapeutic use
PlantPart,CA-GI-BA,USED_FOR,TherapeuticUse,D001249,used_for,Plant part is associated with the respective therapeutic use
PlantPart,CA-GI-BA,USED_FOR,TherapeuticUse,D001733,used_for,Plant part is associated with the respective therapeutic use
PlantPart,CA-GI-BA,USED_FOR,TherapeuticUse,D003967,used_for,Plant part is associated with the respective therapeutic use
PlantPart,CA-GI-BA,USED_FOR,TherapeuticUse,D004403,used_for,Plant part is associated with the respective therapeutic use
PlantPart,CA-GI-BA,USED_FOR,TherapeuticUse,D004485,used_for,Plant part is associated with the respective therapeutic use
PlantPart,CA-GI-BA,USED_FOR,TherapeuticUse,D004604,used_for,Plant part is associated with the respective therapeutic use
PlantPart,CA-GI-BA,USED_FOR,TherapeuticUse,D004827,used_for,Plant part is associated with the respective therapeutic use
PlantPart,CA-GI-BA,USED_FOR,TherapeuticUse,D005334,used_for,Plant part is associated with the respective therapeutic use
PlantPart,CA-GI-BA,USED_FOR,TherapeuticUse,D007918,used_for,Plant part is associated with the respective therapeutic use
PlantPart,CA-GI-BA,USED_FOR,TherapeuticUse,D011818,used_for,Plant part is associated with the respective therapeutic use
PlantPart,CA-GI-BA,USED_FOR,TherapeuticUse,D012871,used_for,Plant part is associated with the respective therapeutic use
PlantPart,CA-GI-BA,USED_FOR,TherapeuticUse,D012909,used_for,Plant part is associated with the respective therapeutic use
PlantPart,CA-GI-BA,USED_FOR,TherapeuticUse,D013587,used_for,Plant part is associated with the respective therapeutic use
PlantPart,CA-GI-BA,USED_FOR,TherapeuticUse,D014098,used_for,Plant part is associated with the respective therapeutic use
PlantPart,CA-GI-BA,USED_FOR,TherapeuticUse,D014555,used_for,Plant part is associated with the respective therapeutic use
PlantPart,CA-GI-BA,USED_FOR,TherapeuticUse,D015746,used_for,Plant part is associated with the respective therapeutic use
PlantPart,CA-GI-BA,USED_FOR,TherapeuticUse,D050723,used_for,Plant part is associated with the respective therapeutic use
PlantPart,CA-GI-BA,USED_FOR,TherapeuticUse,D054368,used_for,Plant part is associated with the respective therapeutic use
PlantPart,CA-GI-FL,USED_FOR,TherapeuticUse,D000700,used_for,Plant part is associated with the respective therapeutic use
PlantPart,CA-GI-FL,USED_FOR,TherapeuticUse,D000855,used_for,Plant part is associated with the respective therapeutic use
PlantPart,CA-GI-FL,USED_FOR,TherapeuticUse,D000871,used_for,Plant part is associated with the respective therapeutic use
PlantPart,CA-GI-FL,USED_FOR,TherapeuticUse,D000969,used_for,Plant part is associated with the respective therapeutic use
PlantPart,CA-GI-FL,USED_FOR,TherapeuticUse,D001249,used_for,Plant part is associated with the respective therapeutic use
PlantPart,CA-GI-FL,USED_FOR,TherapeuticUse,D001252,used_for,Plant part is associated with the respective therapeutic use
PlantPart,CA-GI-FL,USED_FOR,TherapeuticUse,D001523,used_for,Plant part is associated with the respective therapeutic use
PlantPart,CA-GI-FL,USED_FOR,TherapeuticUse,D001733,used_for,Plant part is associated with the respective therapeutic use
PlantPart,CA-GI-FL,USED_FOR,TherapeuticUse,D002400,used_for,Plant part is associated with the respective therapeutic use
PlantPart,CA-GI-FL,USED_FOR,TherapeuticUse,D002771,used_for,Plant part is associated with the respective therapeutic use
PlantPart,CA-GI-FL,USED_FOR,TherapeuticUse,D003139,used_for,Plant part is associated with the respective therapeutic use
PlantPart,CA-GI-FL,USED_FOR,TherapeuticUse,D003371,used_for,Plant part is associated with the respective therapeutic use
PlantPart,CA-GI-FL,USED_FOR,TherapeuticUse,D004066,used_for,Plant part is associated with the respective therapeutic use
PlantPart,CA-GI-FL,USED_FOR,TherapeuticUse,D004415,used_for,Plant part is associated with the respective therapeutic use
PlantPart,CA-GI-FL,USED_FOR,TherapeuticUse,D004485,used_for,Plant part is associated with the respective therapeutic use
PlantPart,CA-GI-FL,USED_FOR,TherapeuticUse,D006470,used_for,Plant part is associated with the respective therapeutic use
PlantPart,CA-GI-FL,USED_FOR,TherapeuticUse,D007249,used_for,Plant part is associated with the respective therapeutic use
PlantPart,CA-GI-FL,USED_FOR,TherapeuticUse,D008107,used_for,Plant part is associated with the respective therapeutic use
PlantPart,CA-GI-FL,USED_FOR,TherapeuticUse,D009093,used_for,Plant part is associated with the respective therapeutic use
PlantPart,CA-GI-FL,USED_FOR,TherapeuticUse,D009369,used_for,Plant part is associated with the respective therapeutic use
PlantPart,CA-GI-FL,USED_FOR,TherapeuticUse,D010146,used_for,Plant part is associated with the respective therapeutic use
PlantPart,CA-GI-FL,USED_FOR,TherapeuticUse,D011818,used_for,Plant part is associated with the respective therapeutic use
PlantPart,CA-GI-FL,USED_FOR,TherapeuticUse,D012060,used_for,Plant part is associated with the respective therapeutic use
PlantPart,CA-GI-FL,USED_FOR,TherapeuticUse,D012871,used_for,Plant part is associated with the respective therapeutic use
PlantPart,CA-GI-FL,USED_FOR,TherapeuticUse,D012909,used_for,Plant part is associated with the respective therapeutic use
PlantPart,CA-GI-FL,USED_FOR,TherapeuticUse,D013272,used_for,Plant part is associated with the respective therapeutic use
PlantPart,CA-GI-FL,USED_FOR,TherapeuticUse,D014376,used_for,Plant part is associated with the respective therapeutic use
PlantPart,CA-GI-FL,USED_FOR,TherapeuticUse,D014945,used_for,Plant part is associated with the respective therapeutic use
PlantPart,CA-GI-FL,USED_FOR,TherapeuticUse,D019167,used_for,Plant part is associated with the respective therapeutic use
PlantPart,CA-GI-FR,USED_FOR,TherapeuticUse,D009369,used_for,Plant part is associated with the respective therapeutic use
PlantPart,CA-GI-FR,USED_FOR,TherapeuticUse,D014820,used_for,Plant part is associated with the respective therapeutic use
PlantPart,CA-GI-LE,USED_FOR,TherapeuticUse,D000871,used_for,Plant part is associated with the respective therapeutic use
PlantPart,CA-GI-LE,USED_FOR,TherapeuticUse,D000893,used_for,Plant part is associated with the respective therapeutic use
PlantPart,CA-GI-LE,USED_FOR,TherapeuticUse,D000900,used_for,Plant part is associated with the respective therapeutic use
PlantPart,CA-GI-LE,USED_FOR,TherapeuticUse,D000927,used_for,Plant part is associated with the respective therapeutic use
PlantPart,CA-GI-LE,USED_FOR,TherapeuticUse,D000931,used_for,Plant part is associated with the respective therapeutic use
PlantPart,CA-GI-LE,USED_FOR,TherapeuticUse,D000935,used_for,Plant part is associated with the respective therapeutic use
PlantPart,CA-GI-LE,USED_FOR,TherapeuticUse,D000970,used_for,Plant part is associated with the respective therapeutic use
PlantPart,CA-GI-LE,USED_FOR,TherapeuticUse,D001172,used_for,Plant part is associated with the respective therapeutic use
PlantPart,CA-GI-LE,USED_FOR,TherapeuticUse,D001249,used_for,Plant part is associated with the respective therapeutic use
PlantPart,CA-GI-LE,USED_FOR,TherapeuticUse,D001733,used_for,Plant part is associated with the respective therapeutic use
PlantPart,CA-GI-LE,USED_FOR,TherapeuticUse,D002316,used_for,Plant part is associated with the respective therapeutic use
PlantPart,CA-GI-LE,USED_FOR,TherapeuticUse,D002319,used_for,Plant part is associated with the respective therapeutic use
PlantPart,CA-GI-LE,USED_FOR,TherapeuticUse,D004433,used_for,Plant part is associated with the respective therapeutic use
PlantPart,CA-GI-LE,USED_FOR,TherapeuticUse,D004487,used_for,Plant part is associated with the respective therapeutic use
PlantPart,CA-GI-LE,USED_FOR,TherapeuticUse,D004827,used_for,Plant part is associated with the respective therapeutic use
PlantPart,CA-GI-LE,USED_FOR,TherapeuticUse,D005334,used_for,Plant part is associated with the respective therapeutic use
PlantPart,CA-GI-LE,USED_FOR,TherapeuticUse,D005667,used_for,Plant part is associated with the respective therapeutic use
PlantPart,CA-GI-LE,USED_FOR,TherapeuticUse,D006073,used_for,Plant part is associated with the respective therapeutic use
PlantPart,CA-GI-LE,USED_FOR,TherapeuticUse,D006484,used_for,Plant part is associated with the respective therapeutic use
PlantPart,CA-GI-LE,USED_FOR,TherapeuticUse,D007299,used_for,Plant part is associated with the respective therapeutic use
PlantPart,CA-GI-LE,USED_FOR,TherapeuticUse,D008288,used_for,Plant part is associated with the respective therapeutic use
PlantPart,CA-GI-LE,USED_FOR,TherapeuticUse,D008881,used_for,Plant part is associated with the respective therapeutic use
PlantPart,CA-GI-LE,USED_FOR,TherapeuticUse,D009877,used_for,Plant part is associated with the respective therapeutic use
PlantPart,CA-GI-LE,USED_FOR,TherapeuticUse,D009920,used_for,Plant part is associated with the respective therapeutic use
PlantPart,CA-GI-LE,USED_FOR,TherapeuticUse,D010146,used_for,Plant part is associated with the respective therapeutic use
PlantPart,CA-GI-LE,USED_FOR,TherapeuticUse,D010243,used_for,Plant part is associated with the respective therapeutic use
PlantPart,CA-GI-LE,USED_FOR,TherapeuticUse,D011014,used_for,Plant part is associated with the respective therapeutic use
PlantPart,CA-GI-LE,USED_FOR,TherapeuticUse,D011628,used_for,Plant part is associated with the respective therapeutic use
PlantPart,CA-GI-LE,USED_FOR,TherapeuticUse,D011818,used_for,Plant part is associated with the respective therapeutic use
PlantPart,CA-GI-LE,USED_FOR,TherapeuticUse,D012532,used_for,Plant part is associated with the respective therapeutic use
PlantPart,CA-GI-LE,USED_FOR,TherapeuticUse,D012871,used_for,Plant part is associated with the respective therapeutic use
PlantPart,CA-GI-LE,USED_FOR,TherapeuticUse,D012909,used_for,Plant part is associated with the respective therapeutic use
PlantPart,CA-GI-LE,USED_FOR,TherapeuticUse,D013272,used_for,Plant part is associated with the respective therapeutic use
PlantPart,CA-GI-LE,USED_FOR,TherapeuticUse,D013927,used_for,Plant part is associated with the respective therapeutic use
PlantPart,CA-GI-LE,USED_FOR,TherapeuticUse,D014069,used_for,Plant part is associated with the respective therapeutic use
PlantPart,CA-GI-LE,USED_FOR,TherapeuticUse,D014098,used_for,Plant part is associated with the respective therapeutic use
PlantPart,CA-GI-LE,USED_FOR,TherapeuticUse,D014456,used_for,Plant part is associated with the respective therapeutic use
PlantPart,CA-GI-LE,USED_FOR,TherapeuticUse,D014947,used_for,Plant part is associated with the respective therapeutic use
PlantPart,CA-GI-LE,USED_FOR,TherapeuticUse,D015746,used_for,Plant part is associated with the respective therapeutic use
PlantPart,CA-GI-LE,USED_FOR,TherapeuticUse,D018501,used_for,Plant part is associated with the respective therapeutic use
PlantPart,CA-GI-LE,USED_FOR,TherapeuticUse,D018771,used_for,Plant part is associated with the respective therapeutic use
PlantPart,CA-GI-LE,USED_FOR,TherapeuticUse,D050723,used_for,Plant part is associated with the respective therapeutic use
PlantPart,CA-GI-LE,USED_FOR,TherapeuticUse,D054368,used_for,Plant part is associated with the respective therapeutic use
PlantPart,CA-GI-PL,USED_FOR,TherapeuticUse,D000019,used_for,Plant part is associated with the respective therapeutic use
PlantPart,CA-GI-PL,USED_FOR,TherapeuticUse,D000871,used_for,Plant part is associated with the respective therapeutic use
PlantPart,CA-GI-PL,USED_FOR,TherapeuticUse,D000891,used_for,Plant part is associated with the respective therapeutic use
PlantPart,CA-GI-PL,USED_FOR,TherapeuticUse,D000893,used_for,Plant part is associated with the respective therapeutic use
PlantPart,CA-GI-PL,USED_FOR,TherapeuticUse,D000925,used_for,Plant part is associated with the respective therapeutic use
PlantPart,CA-GI-PL,USED_FOR,TherapeuticUse,D000935,used_for,Plant part is associated with the respective therapeutic use
PlantPart,CA-GI-PL,USED_FOR,TherapeuticUse,D001201,used_for,Plant part is associated with the respective therapeutic use
PlantPart,CA-GI-PL,USED_FOR,TherapeuticUse,D001249,used_for,Plant part is associated with the respective therapeutic use
PlantPart,CA-GI-PL,USED_FOR,TherapeuticUse,D001733,used_for,Plant part is associated with the respective therapeutic use
PlantPart,CA-GI-PL,USED_FOR,TherapeuticUse,D002400,used_for,Plant part is associated with the respective therapeutic use
PlantPart,CA-GI-PL,USED_FOR,TherapeuticUse,D002637,used_for,Plant part is associated with the respective therapeutic use
PlantPart,CA-GI-PL,USED_FOR,TherapeuticUse,D003139,used_for,Plant part is associated with the respective therapeutic use
PlantPart,CA-GI-PL,USED_FOR,TherapeuticUse,D003371,used_for,Plant part is associated with the respective therapeutic use
PlantPart,CA-GI-PL,USED_FOR,TherapeuticUse,D004320,used_for,Plant part is associated with the respective therapeutic use
PlantPart,CA-GI-PL,USED_FOR,TherapeuticUse,D004403,used_for,Plant part is associated with the respective therapeutic use
PlantPart,CA-GI-PL,USED_FOR,TherapeuticUse,D004485,used_for,Plant part is associated with the respective therapeutic use
PlantPart,CA-GI-PL,USED_FOR,TherapeuticUse,D004639,used_for,Plant part is associated with the respective therapeutic use
PlantPart,CA-GI-PL,USED_FOR,TherapeuticUse,D004660,used_for,Plant part is associated with the respective therapeutic use
PlantPart,CA-GI-PL,USED_FOR,TherapeuticUse,D005076,used_for,Plant part is associated with the respective therapeutic use
PlantPart,CA-GI-PL,USED_FOR,TherapeuticUse,D005100,used_for,Plant part is associated with the respective therapeutic use
PlantPart,CA-GI-PL,USED_FOR,TherapeuticUse,D005667,used_for,Plant part is associated with the respective therapeutic use
PlantPart,CA-GI-PL,USED_FOR,TherapeuticUse,D006261,used_for,Plant part is associated with the respective therapeutic use
PlantPart,CA-GI-PL,USED_FOR,TherapeuticUse,D006384,used_for,Plant part is associated with the respective therapeutic use
PlantPart,CA-GI-PL,USED_FOR,TherapeuticUse,D006490,used_for,Plant part is associated with the respective therapeutic use
PlantPart,CA-GI-PL,USED_FOR,TherapeuticUse,D006529,used_for,Plant part is associated with the respective therapeutic use
PlantPart,CA-GI-PL,USED_FOR,TherapeuticUse,D007022,used_for,Plant part is associated with the respective therapeutic use
PlantPart,CA-GI-PL,USED_FOR,TherapeuticUse,D007918,used_for,Plant part is associated with the respective therapeutic use
PlantPart,CA-GI-PL,USED_FOR,TherapeuticUse,D008881,used_for,Plant part is associated with the respective therapeutic use
PlantPart,CA-GI-PL,USED_FOR,TherapeuticUse,D009369,used_for,Plant part is associated with the respective therapeutic use
PlantPart,CA-GI-PL,USED_FOR,TherapeuticUse,D010146,used_for,Plant part is associated with the respective therapeutic use
PlantPart,CA-GI-PL,USED_FOR,TherapeuticUse,D010276,used_for,Plant part is associated with the respective therapeutic use
PlantPart,CA-GI-PL,USED_FOR,TherapeuticUse,D011041,used_for,Plant part is associated with the respective therapeutic use
PlantPart,CA-GI-PL,USED_FOR,TherapeuticUse,D011181,used_for,Plant part is associated with the respective therapeutic use
PlantPart,CA-GI-PL,USED_FOR,TherapeuticUse,D011537,used_for,Plant part is associated with the respective therapeutic use
PlantPart,CA-GI-PL,USED_FOR,TherapeuticUse,D011818,used_for,Plant part is associated with the respective therapeutic use
PlantPart,CA-GI-PL,USED_FOR,TherapeuticUse,D012532,used_for,Plant part is associated with the respective therapeutic use
PlantPart,CA-GI-PL,USED_FOR,TherapeuticUse,D012871,used_for,Plant part is associated with the respective therapeutic use
PlantPart,CA-GI-PL,USED_FOR,TherapeuticUse,D012909,used_for,Plant part is associated with the respective therapeutic use
PlantPart,CA-GI-PL,USED_FOR,TherapeuticUse,D013927,used_for,Plant part is associated with the respective therapeutic use
PlantPart,CA-GI-PL,USED_FOR,TherapeuticUse,D014076,used_for,Plant part is associated with the respective therapeutic use
PlantPart,CA-GI-PL,USED_FOR,TherapeuticUse,D014098,used_for,Plant part is associated with the respective therapeutic use
PlantPart,CA-GI-PL,USED_FOR,TherapeuticUse,D014376,used_for,Plant part is associated with the respective therapeutic use
PlantPart,CA-GI-PL,USED_FOR,TherapeuticUse,D014555,used_for,Plant part is associated with the respective therapeutic use
PlantPart,CA-GI-PL,USED_FOR,TherapeuticUse,D014590,used_for,Plant part is associated with the respective therapeutic use
PlantPart,CA-GI-PL,USED_FOR,TherapeuticUse,D014820,used_for,Plant part is associated with the respective therapeutic use
PlantPart,CA-GI-PL,USED_FOR,TherapeuticUse,D014947,used_for,Plant part is associated with the respective therapeutic use
PlantPart,CA-GI-PL,USED_FOR,TherapeuticUse,D015746,used_for,Plant part is associated with the respective therapeutic use
PlantPart,CA-GI-PL,USED_FOR,TherapeuticUse,D018501,used_for,Plant part is associated with the respective therapeutic use
PlantPart,CA-GI-PL,USED_FOR,TherapeuticUse,D050723,used_for,Plant part is associated with the respective therapeutic use
PlantPart,CA-GI-PL,USED_FOR,TherapeuticUse,D054368,used_for,Plant part is associated with the respective therapeutic use
PlantPart,CA-GI-PL,USED_FOR,TherapeuticUse,D056669,used_for,Plant part is associated with the respective therapeutic use
PlantPart,CA-GI-PL,USED_FOR,TherapeuticUse,D065008,used_for,Plant part is associated with the respective therapeutic use
PlantPart,CA-GI-RO,USED_FOR,TherapeuticUse,D000008,used_for,Plant part is associated with the respective therapeutic use
PlantPart,CA-GI-RO,USED_FOR,TherapeuticUse,D000019,used_for,Plant part is associated with the respective therapeutic use
PlantPart,CA-GI-RO,USED_FOR,TherapeuticUse,D000871,used_for,Plant part is associated with the respective therapeutic use
PlantPart,CA-GI-RO,USED_FOR,TherapeuticUse,D000927,used_for,Plant part is associated with the respective therapeutic use
PlantPart,CA-GI-RO,USED_FOR,TherapeuticUse,D000932,used_for,Plant part is associated with the respective therapeutic use
PlantPart,CA-GI-RO,USED_FOR,TherapeuticUse,D000935,used_for,Plant part is associated with the respective therapeutic use
PlantPart,CA-GI-RO,USED_FOR,TherapeuticUse,D000970,used_for,Plant part is associated with the respective therapeutic use
PlantPart,CA-GI-RO,USED_FOR,TherapeuticUse,D001201,used_for,Plant part is associated with the respective therapeutic use
PlantPart,CA-GI-RO,USED_FOR,TherapeuticUse,D001249,used_for,Plant part is associated with the respective therapeutic use
PlantPart,CA-GI-RO,USED_FOR,TherapeuticUse,D001733,used_for,Plant part is associated with the respective therapeutic use
PlantPart,CA-GI-RO,USED_FOR,TherapeuticUse,D001991,used_for,Plant part is associated with the respective therapeutic use
PlantPart,CA-GI-RO,USED_FOR,TherapeuticUse,D002319,used_for,Plant part is associated with the respective therapeutic use
PlantPart,CA-GI-RO,USED_FOR,TherapeuticUse,D002400,used_for,Plant part is associated with the respective therapeutic use
PlantPart,CA-GI-RO,USED_FOR,TherapeuticUse,D003371,used_for,Plant part is associated with the respective therapeutic use
PlantPart,CA-GI-RO,USED_FOR,TherapeuticUse,D003879,used_for,Plant part is associated with the respective therapeutic use
PlantPart,CA-GI-RO,USED_FOR,TherapeuticUse,D003967,used_for,Plant part is associated with the respective therapeutic use
PlantPart,CA-GI-RO,USED_FOR,TherapeuticUse,D004320,used_for,Plant part is associated with the respective therapeutic use
PlantPart,CA-GI-RO,USED_FOR,TherapeuticUse,D004403,used_for,Plant part is associated with the respective therapeutic use
PlantPart,CA-GI-RO,USED_FOR,TherapeuticUse,D004415,used_for,Plant part is associated with the respective therapeutic use
PlantPart,CA-GI-RO,USED_FOR,TherapeuticUse,D004427,used_for,Plant part is associated with the respective therapeutic use
PlantPart,CA-GI-RO,USED_FOR,TherapeuticUse,D004485,used_for,Plant part is associated with the respective therapeutic use
PlantPart,CA-GI-RO,USED_FOR,TherapeuticUse,D004487,used_for,Plant part is associated with the respective therapeutic use
PlantPart,CA-GI-RO,USED_FOR,TherapeuticUse,D004604,used_for,Plant part is associated with the respective therapeutic use
PlantPart,CA-GI-RO,USED_FOR,TherapeuticUse,D004639,used_for,Plant part is associated with the respective therapeutic use
PlantPart,CA-GI-RO,USED_FOR,TherapeuticUse,D005100,used_for,Plant part is associated with the respective therapeutic use
PlantPart,CA-GI-RO,USED_FOR,TherapeuticUse,D005414,used_for,Plant part is associated with the respective therapeutic use
PlantPart,CA-GI-RO,USED_FOR,TherapeuticUse,D005667,used_for,Plant part is associated with the respective therapeutic use
PlantPart,CA-GI-RO,USED_FOR,TherapeuticUse,D006261,used_for,Plant part is associated with the respective therapeutic use
PlantPart,CA-GI-RO,USED_FOR,TherapeuticUse,D006973,used_for,Plant part is associated with the respective therapeutic use
PlantPart,CA-GI-RO,USED_FOR,TherapeuticUse,D007306,used_for,Plant part is associated with the respective therapeutic use
PlantPart,CA-GI-RO,USED_FOR,TherapeuticUse,D007411,used_for,Plant part is associated with the respective therapeutic use
PlantPart,CA-GI-RO,USED_FOR,TherapeuticUse,D007486,used_for,Plant part is associated with the respective therapeutic use
PlantPart,CA-GI-RO,USED_FOR,TherapeuticUse,D007918,used_for,Plant part is associated with the respective therapeutic use
PlantPart,CA-GI-RO,USED_FOR,TherapeuticUse,D008107,used_for,Plant part is associated with the respective therapeutic use
PlantPart,CA-GI-RO,USED_FOR,TherapeuticUse,D008180,used_for,Plant part is associated with the respective therapeutic use
PlantPart,CA-GI-RO,USED_FOR,TherapeuticUse,D008288,used_for,Plant part is associated with the respective therapeutic use
PlantPart,CA-GI-RO,USED_FOR,TherapeuticUse,D008599,used_for,Plant part is associated with the respective therapeutic use
PlantPart,CA-GI-RO,USED_FOR,TherapeuticUse,D009755,used_for,Plant part is associated with the respective therapeutic use
PlantPart,CA-GI-RO,USED_FOR,TherapeuticUse,D010146,used_for,Plant part is associated with the respective therapeutic use
PlantPart,CA-GI-RO,USED_FOR,TherapeuticUse,D010276,used_for,Plant part is associated with the respective therapeutic use
PlantPart,CA-GI-RO,USED_FOR,TherapeuticUse,D012060,used_for,Plant part is associated with the respective therapeutic use
PlantPart,CA-GI-RO,USED_FOR,TherapeuticUse,D012532,used_for,Plant part is associated with the respective therapeutic use
PlantPart,CA-GI-RO,USED_FOR,TherapeuticUse,D012871,used_for,Plant part is associated with the respective therapeutic use
PlantPart,CA-GI-RO,USED_FOR,TherapeuticUse,D012909,used_for,Plant part is associated with the respective therapeutic use
PlantPart,CA-GI-RO,USED_FOR,TherapeuticUse,D013587,used_for,Plant part is associated with the respective therapeutic use
PlantPart,CA-GI-RO,USED_FOR,TherapeuticUse,D014098,used_for,Plant part is associated with the respective therapeutic use
PlantPart,CA-GI-RO,USED_FOR,TherapeuticUse,D014456,used_for,Plant part is associated with the respective therapeutic use
PlantPart,CA-GI-RO,USED_FOR,TherapeuticUse,D014781,used_for,Plant part is associated with the respective therapeutic use
PlantPart,CA-GI-RO,USED_FOR,TherapeuticUse,D014947,used_for,Plant part is associated with the respective therapeutic use
PlantPart,CA-GI-RO,USED_FOR,TherapeuticUse,D015746,used_for,Plant part is associated with the respective therapeutic use
PlantPart,CA-GI-RO,USED_FOR,TherapeuticUse,D018501,used_for,Plant part is associated with the respective therapeutic use
PlantPart,CA-GI-RO,USED_FOR,TherapeuticUse,D018771,used_for,Plant part is associated with the respective therapeutic use
PlantPart,CA-GI-RO,USED_FOR,TherapeuticUse,D048949,used_for,Plant part is associated with the respective therapeutic use
PlantPart,CA-GI-RO,USED_FOR,TherapeuticUse,D054368,used_for,Plant part is associated with the respective therapeutic use
PlantPart,CA-GI-RO,USED_FOR,TherapeuticUse,D058633,used_for,Plant part is associated with the respective therapeutic use
PlantPart,CA-GI-RO,USED_FOR,TherapeuticUse,D065008,used_for,Plant part is associated with the respective therapeutic use
PlantPart,CA-GI-SE,USED_FOR,TherapeuticUse,D004433,used_for,Plant part is associated with the respective therapeutic use
PlantPart,CA-GI-ST,USED_FOR,TherapeuticUse,D000019,used_for,Plant part is associated with the respective therapeutic use
PlantPart,CA-GI-ST,USED_FOR,TherapeuticUse,D002637,used_for,Plant part is associated with the respective therapeutic use
PlantPart,CA-GI-ST,USED_FOR,TherapeuticUse,D003139,used_for,Plant part is associated with the respective therapeutic use
PlantPart,CA-GI-ST,USED_FOR,TherapeuticUse,D003371,used_for,Plant part is associated with the respective therapeutic use
PlantPart,CA-GI-ST,USED_FOR,TherapeuticUse,D007565,used_for,Plant part is associated with the respective therapeutic use
PlantPart,CA-GI-ST,USED_FOR,TherapeuticUse,D008288,used_for,Plant part is associated with the respective therapeutic use
PlantPart,CA-GI-ST,USED_FOR,TherapeuticUse,D014098,used_for,Plant part is associated with the respective therapeutic use
PlantPart,CA-GI-ST,USED_FOR,TherapeuticUse,D018771,used_for,Plant part is associated with the respective therapeutic use
PlantPart,CA-GI-WH,USED_FOR,TherapeuticUse,D000871,used_for,Plant part is associated with the respective therapeutic use
PlantPart,CA-GI-WH,USED_FOR,TherapeuticUse,D000935,used_for,Plant part is associated with the respective therapeutic use
PlantPart,CA-GI-WH,USED_FOR,TherapeuticUse,D001249,used_for,Plant part is associated with the respective therapeutic use
PlantPart,CA-GI-WH,USED_FOR,TherapeuticUse,D001991,used_for,Plant part is associated with the respective therapeutic use
PlantPart,CA-GI-WH,USED_FOR,TherapeuticUse,D003139,used_for,Plant part is associated with the respective therapeutic use
PlantPart,CA-GI-WH,USED_FOR,TherapeuticUse,D003371,used_for,Plant part is associated with the respective therapeutic use
PlantPart,CA-GI-WH,USED_FOR,TherapeuticUse,D003731,used_for,Plant part is associated with the respective therapeutic use
PlantPart,CA-GI-WH,USED_FOR,TherapeuticUse,D004403,used_for,Plant part is associated with the respective therapeutic use
PlantPart,CA-GI-WH,USED_FOR,TherapeuticUse,D004604,used_for,Plant part is associated with the respective therapeutic use
PlantPart,CA-GI-WH,USED_FOR,TherapeuticUse,D005100,used_for,Plant part is associated with the respective therapeutic use
PlantPart,CA-GI-WH,USED_FOR,TherapeuticUse,D007299,used_for,Plant part is associated with the respective therapeutic use
PlantPart,CA-GI-WH,USED_FOR,TherapeuticUse,D007918,used_for,Plant part is associated with the respective therapeutic use
PlantPart,CA-GI-WH,USED_FOR,TherapeuticUse,D009369,used_for,Plant part is associated with the respective therapeutic use
PlantPart,CA-GI-WH,USED_FOR,TherapeuticUse,D013158,used_for,Plant part is associated with the respective therapeutic use
PlantPart,CA-GI-WH,USED_FOR,TherapeuticUse,D013587,used_for,Plant part is associated with the respective therapeutic use
PlantPart,CA-GI-WH,USED_FOR,TherapeuticUse,D014098,used_for,Plant part is associated with the respective therapeutic use
PlantPart,CA-GI-WH,USED_FOR,TherapeuticUse,D018501,used_for,Plant part is associated with the respective therapeutic use
PlantPart,CA-PU-BA,USED_FOR,TherapeuticUse,D000019,used_for,Plant part is associated with the respective therapeutic use
PlantPart,CA-PU-BA,USED_FOR,TherapeuticUse,D002400,used_for,Plant part is associated with the respective therapeutic use
PlantPart,CA-PU-BA,USED_FOR,TherapeuticUse,D003270,used_for,Plant part is associated with the respective therapeutic use
PlantPart,CA-PU-BA,USED_FOR,TherapeuticUse,D008600,used_for,Plant part is associated with the respective therapeutic use
PlantPart,CA-PU-BA,USED_FOR,TherapeuticUse,D012060,used_for,Plant part is associated with the respective therapeutic use
PlantPart,CA-PU-BA,USED_FOR,TherapeuticUse,D058633,used_for,Plant part is associated with the respective therapeutic use
PlantPart,CA-PU-FL,USED_FOR,TherapeuticUse,D000019,used_for,Plant part is associated with the respective therapeutic use
PlantPart,CA-PU-FL,USED_FOR,TherapeuticUse,D000871,used_for,Plant part is associated with the respective therapeutic use
PlantPart,CA-PU-FL,USED_FOR,TherapeuticUse,D000893,used_for,Plant part is associated with the respective therapeutic use
PlantPart,CA-PU-FL,USED_FOR,TherapeuticUse,D000975,used_for,Plant part is associated with the respective therapeutic use
PlantPart,CA-PU-FL,USED_FOR,TherapeuticUse,D001249,used_for,Plant part is associated with the respective therapeutic use
PlantPart,CA-PU-FL,USED_FOR,TherapeuticUse,D001991,used_for,Plant part is associated with the respective therapeutic use
PlantPart,CA-PU-FL,USED_FOR,TherapeuticUse,D003139,used_for,Plant part is associated with the respective therapeutic use
PlantPart,CA-PU-FL,USED_FOR,TherapeuticUse,D003371,used_for,Plant part is associated with the respective therapeutic use
PlantPart,CA-PU-FL,USED_FOR,TherapeuticUse,D004886,used_for,Plant part is associated with the respective therapeutic use
PlantPart,CA-PU-FL,USED_FOR,TherapeuticUse,D005334,used_for,Plant part is associated with the respective therapeutic use
PlantPart,CA-PU-FL,USED_FOR,TherapeuticUse,D007411,used_for,Plant part is associated with the respective therapeutic use
PlantPart,CA-PU-FL,USED_FOR,TherapeuticUse,D008288,used_for,Plant part is associated with the respective therapeutic use
PlantPart,CA-PU-FL,USED_FOR,TherapeuticUse,D010369,used_for,Plant part is associated with the respective therapeutic use
PlantPart,CA-PU-FL,USED_FOR,TherapeuticUse,D014456,used_for,Plant part is associated with the respective therapeutic use
PlantPart,CA-PU-FL,USED_FOR,TherapeuticUse,D054368,used_for,Plant part is associated with the respective therapeutic use
PlantPart,CA-PU-FL,USED_FOR,TherapeuticUse,D058633,used_for,Plant part is associated with the respective therapeutic use
PlantPart,CA-PU-LE,USED_FOR,TherapeuticUse,D000019,used_for,Plant part is associated with the respective therapeutic use
PlantPart,CA-PU-LE,USED_FOR,TherapeuticUse,D000871,used_for,Plant part is associated with the respective therapeutic use
PlantPart,CA-PU-LE,USED_FOR,TherapeuticUse,D000889,used_for,Plant part is associated with the respective therapeutic use
PlantPart,CA-PU-LE,USED_FOR,TherapeuticUse,D000893,used_for,Plant part is associated with the respective therapeutic use
PlantPart,CA-PU-LE,USED_FOR,TherapeuticUse,D000935,used_for,Plant part is associated with the respective therapeutic use
PlantPart,CA-PU-LE,USED_FOR,TherapeuticUse,D000970,used_for,Plant part is associated with the respective therapeutic use
PlantPart,CA-PU-LE,USED_FOR,TherapeuticUse,D002400,used_for,Plant part is associated with the respective therapeutic use
PlantPart,CA-PU-LE,USED_FOR,TherapeuticUse,D003139,used_for,Plant part is associated with the respective therapeutic use
PlantPart,CA-PU-LE,USED_FOR,TherapeuticUse,D003371,used_for,Plant part is associated with the respective therapeutic use
PlantPart,CA-PU-LE,USED_FOR,TherapeuticUse,D004886,used_for,Plant part is associated with the respective therapeutic use
PlantPart,CA-PU-LE,USED_FOR,TherapeuticUse,D005334,used_for,Plant part is associated with the respective therapeutic use
PlantPart,CA-PU-LE,USED_FOR,TherapeuticUse,D006973,used_for,Plant part is associated with the respective therapeutic use
PlantPart,CA-PU-LE,USED_FOR,TherapeuticUse,D008107,used_for,Plant part is associated with the respective therapeutic use
PlantPart,CA-PU-LE,USED_FOR,TherapeuticUse,D008600,used_for,Plant part is associated with the respective therapeutic use
PlantPart,CA-PU-LE,USED_FOR,TherapeuticUse,D009067,used_for,Plant part is associated with the respective therapeutic use
PlantPart,CA-PU-LE,USED_FOR,TherapeuticUse,D012060,used_for,Plant part is associated with the respective therapeutic use
PlantPart,CA-PU-LE,USED_FOR,TherapeuticUse,D014456,used_for,Plant part is associated with the respective therapeutic use
PlantPart,CA-PU-LE,USED_FOR,TherapeuticUse,D054368,used_for,Plant part is associated with the respective therapeutic use
PlantPart,CA-PU-LE,USED_FOR,TherapeuticUse,D058633,used_for,Plant part is associated with the respective therapeutic use
PlantPart,CA-PU-RO,USED_FOR,TherapeuticUse,D000019,used_for,Plant part is associated with the respective therapeutic use
PlantPart,CA-PU-RO,USED_FOR,TherapeuticUse,D000871,used_for,Plant part is associated with the respective therapeutic use
PlantPart,CA-PU-RO,USED_FOR,TherapeuticUse,D000893,used_for,Plant part is associated with the respective therapeutic use
PlantPart,CA-PU-RO,USED_FOR,TherapeuticUse,D003139,used_for,Plant part is associated with the respective therapeutic use
PlantPart,CA-PU-RO,USED_FOR,TherapeuticUse,D003371,used_for,Plant part is associated with the respective therapeutic use
PlantPart,CA-PU-RO,USED_FOR,TherapeuticUse,D004886,used_for,Plant part is associated with the respective therapeutic use
PlantPart,CA-PU-RO,USED_FOR,TherapeuticUse,D005334,used_for,Plant part is associated with the respective therapeutic use
PlantPart,CA-PU-RO,USED_FOR,TherapeuticUse,D014456,used_for,Plant part is associated with the respective therapeutic use
PlantPart,CA-PU-RO,USED_FOR,TherapeuticUse,D054368,used_for,Plant part is associated with the respective therapeutic use
PlantPart,CA-PU-RO,USED_FOR,TherapeuticUse,D058633,used_for,Plant part is associated with the respective therapeutic use
PlantPart,CA-PU-SE,USED_FOR,TherapeuticUse,D000743,used_for,Plant part is associated with the respective therapeutic use
PlantPart,CA-PU-SE,USED_FOR,TherapeuticUse,D000935,used_for,Plant part is associated with the respective therapeutic use
PlantPart,CA-PU-SE,USED_FOR,TherapeuticUse,D007249,used_for,Plant part is associated with the respective therapeutic use
PlantPart,CA-PU-SE,USED_FOR,TherapeuticUse,D010510,used_for,Plant part is associated with the respective therapeutic use
PlantPart,CA-PU-SE,USED_FOR,TherapeuticUse,D015746,used_for,Plant part is associated with the respective therapeutic use
PlantPart,CA-ZE-AE,USED_FOR,TherapeuticUse,D010276,used_for,Plant part is associated with the respective therapeutic use
PlantPart,CA-ZE-BA,USED_FOR,TherapeuticUse,D001941,used_for,Plant part is associated with the respective therapeutic use
PlantPart,CA-ZE-BA,USED_FOR,TherapeuticUse,D003371,used_for,Plant part is associated with the respective therapeutic use
PlantPart,CA-ZE-BA,USED_FOR,TherapeuticUse,D006417,used_for,Plant part is associated with the respective therapeutic use
PlantPart,CA-ZE-FL,USED_FOR,TherapeuticUse,D054368,used_for,Plant part is associated with the respective therapeutic use
PlantPart,CA-ZE-FR,USED_FOR,TherapeuticUse,D005667,used_for,Plant part is associated with the respective therapeutic use
PlantPart,CA-ZE-FR,USED_FOR,TherapeuticUse,D006484,used_for,Plant part is associated with the respective therapeutic use
PlantPart,CA-ZE-LE,USED_FOR,TherapeuticUse,D001168,used_for,Plant part is associated with the respective therapeutic use
PlantPart,CA-ZE-LE,USED_FOR,TherapeuticUse,D004232,used_for,Plant part is associated with the respective therapeutic use
PlantPart,CA-ZE-LE,USED_FOR,TherapeuticUse,D004485,used_for,Plant part is associated with the respective therapeutic use
PlantPart,CA-ZE-LE,USED_FOR,TherapeuticUse,D004487,used_for,Plant part is associated with the respective therapeutic use
PlantPart,CA-ZE-LE,USED_FOR,TherapeuticUse,D005667,used_for,Plant part is associated with the respective therapeutic use
PlantPart,CA-ZE-LE,USED_FOR,TherapeuticUse,D006373,used_for,Plant part is associated with the respective therapeutic use
PlantPart,CA-ZE-LE,USED_FOR,TherapeuticUse,D006484,used_for,Plant part is associated with the respective therapeutic use
PlantPart,CA-ZE-LE,USED_FOR,TherapeuticUse,D006993,used_for,Plant part is associated with the respective therapeutic use
PlantPart,CA-ZE-LE,USED_FOR,TherapeuticUse,D012871,used_for,Plant part is associated with the respective therapeutic use
PlantPart,CA-ZE-LE,USED_FOR,TherapeuticUse,D012909,used_for,Plant part is associated with the respective therapeutic use
PlantPart,CA-ZE-LE,USED_FOR,TherapeuticUse,D013587,used_for,Plant part is associated with the respective therapeutic use
PlantPart,CA-ZE-LE,USED_FOR,TherapeuticUse,D015746,used_for,Plant part is associated with the respective therapeutic use
PlantPart,CA-ZE-LE,USED_FOR,TherapeuticUse,D018501,used_for,Plant part is associated with the respective therapeutic use
PlantPart,CA-ZE-RO,USED_FOR,TherapeuticUse,D000871,used_for,Plant part is associated with the respective therapeutic use
PlantPart,CA-ZE-RO,USED_FOR,TherapeuticUse,D002756,used_for,Plant part is associated with the respective therapeutic use
PlantPart,CA-ZE-RO,USED_FOR,TherapeuticUse,D002771,used_for,Plant part is associated with the respective therapeutic use
PlantPart,CA-ZE-RO,USED_FOR,TherapeuticUse,D003085,used_for,Plant part is associated with the respective therapeutic use
PlantPart,CA-ZE-RO,USED_FOR,TherapeuticUse,D003371,used_for,Plant part is associated with the respective therapeutic use
PlantPart,CA-ZE-RO,USED_FOR,TherapeuticUse,D004232,used_for,Plant part is associated with the respective therapeutic use
PlantPart,CA-ZE-RO,USED_FOR,TherapeuticUse,D005334,used_for,Plant part is associated with the respective therapeutic use
PlantPart,CA-ZE-RO,USED_FOR,TherapeuticUse,D005667,used_for,Plant part is associated with the respective therapeutic use
PlantPart,CA-ZE-RO,USED_FOR,TherapeuticUse,D006373,used_for,Plant part is associated with the respective therapeutic use
PlantPart,CA-ZE-RO,USED_FOR,TherapeuticUse,D006484,used_for,Plant part is associated with the respective therapeutic use
PlantPart,CA-ZE-RO,USED_FOR,TherapeuticUse,D006945,used_for,Plant part is associated with the respective therapeutic use
PlantPart,CA-ZE-RO,USED_FOR,TherapeuticUse,D006993,used_for,Plant part is associated with the respective therapeutic use
PlantPart,CA-ZE-RO,USED_FOR,TherapeuticUse,D007411,used_for,Plant part is associated with the respective therapeutic use
PlantPart,CA-ZE-RO,USED_FOR,TherapeuticUse,D009920,used_for,Plant part is associated with the respective therapeutic use
PlantPart,CA-ZE-RO,USED_FOR,TherapeuticUse,D010146,used_for,Plant part is associated with the respective therapeutic use
PlantPart,CA-ZE-RO,USED_FOR,TherapeuticUse,D010243,used_for,Plant part is associated with the respective therapeutic use
PlantPart,CA-ZE-RO,USED_FOR,TherapeuticUse,D012871,used_for,Plant part is associated with the respective therapeutic use
PlantPart,CA-ZE-RO,USED_FOR,TherapeuticUse,D013245,used_for,Plant part is associated with the respective therapeutic use
PlantPart,CA-ZE-RO,USED_FOR,TherapeuticUse,D014060,used_for,Plant part is associated with the respective therapeutic use
PlantPart,CA-ZE-RO,USED_FOR,TherapeuticUse,D015746,used_for,Plant part is associated with the respective therapeutic use
PlantPart,CA-ZE-RO,USED_FOR,TherapeuticUse,D019167,used_for,Plant part is associated with the respective therapeutic use
PlantPart,CA-ZE-RO,USED_FOR,TherapeuticUse,D058633,used_for,Plant part is associated with the respective therapeutic use
PlantPart,CA-ZE-RO,USED_FOR,TherapeuticUse,D065106,used_for,Plant part is associated with the respective therapeutic use
PlantPart,CI-LI-FL,USED_FOR,TherapeuticUse,D003139,used_for,Plant part is associated with the respective therapeutic use
PlantPart,CI-LI-FL,USED_FOR,TherapeuticUse,D003371,used_for,Plant part is associated with the respective therapeutic use
PlantPart,CI-LI-FR,USED_FOR,TherapeuticUse,D000152,used_for,Plant part is associated with the respective therapeutic use
PlantPart,CI-LI-FR,USED_FOR,TherapeuticUse,D000505,used_for,Plant part is associated with the respective therapeutic use
PlantPart,CI-LI-FR,USED_FOR,TherapeuticUse,D000855,used_for,Plant part is associated with the respective therapeutic use
PlantPart,CI-LI-FR,USED_FOR,TherapeuticUse,D000871,used_for,Plant part is associated with the respective therapeutic use
PlantPart,CI-LI-FR,USED_FOR,TherapeuticUse,D000893,used_for,Plant part is associated with the respective therapeutic use
PlantPart,CI-LI-FR,USED_FOR,TherapeuticUse,D000900,used_for,Plant part is associated with the respective therapeutic use
PlantPart,CI-LI-FR,USED_FOR,TherapeuticUse,D000935,used_for,Plant part is associated with the respective therapeutic use
PlantPart,CI-LI-FR,USED_FOR,TherapeuticUse,D001991,used_for,Plant part is associated with the respective therapeutic use
PlantPart,CI-LI-FR,USED_FOR,TherapeuticUse,D002386,used_for,Plant part is associated with the respective therapeutic use
PlantPart,CI-LI-FR,USED_FOR,TherapeuticUse,D002771,used_for,Plant part is associated with the respective therapeutic use
PlantPart,CI-LI-FR,USED_FOR,TherapeuticUse,D003248,used_for,Plant part is associated with the respective therapeutic use
PlantPart,CI-LI-FR,USED_FOR,TherapeuticUse,D003967,used_for,Plant part is associated with the respective therapeutic use
PlantPart,CI-LI-FR,USED_FOR,TherapeuticUse,D004403,used_for,Plant part is associated with the respective therapeutic use
PlantPart,CI-LI-FR,USED_FOR,TherapeuticUse,D004415,used_for,Plant part is associated with the respective therapeutic use
PlantPart,CI-LI-FR,USED_FOR,TherapeuticUse,D004886,used_for,Plant part is associated with the respective therapeutic use
PlantPart,CI-LI-FR,USED_FOR,TherapeuticUse,D005334,used_for,Plant part is associated with the respective therapeutic use
PlantPart,CI-LI-FR,USED_FOR,TherapeuticUse,D005414,used_for,Plant part is associated with the respective therapeutic use
PlantPart,CI-LI-FR,USED_FOR,TherapeuticUse,D005759,used_for,Plant part is associated with the respective therapeutic use
PlantPart,CI-LI-FR,USED_FOR,TherapeuticUse,D006331,used_for,Plant part is associated with the respective therapeutic use
PlantPart,CI-LI-FR,USED_FOR,TherapeuticUse,D006484,used_for,Plant part is associated with the respective therapeutic use
PlantPart,CI-LI-FR,USED_FOR,TherapeuticUse,D007249,used_for,Plant part is associated with the respective therapeutic use
PlantPart,CI-LI-FR,USED_FOR,TherapeuticUse,D007918,used_for,Plant part is associated with the respective therapeutic use
PlantPart,CI-LI-FR,USED_FOR,TherapeuticUse,D008288,used_for,Plant part is associated with the respective therapeutic use
PlantPart,CI-LI-FR,USED_FOR,TherapeuticUse,D010146,used_for,Plant part is associated with the respective therapeutic use
PlantPart,CI-LI-FR,USED_FOR,TherapeuticUse,D011014,used_for,Plant part is associated with the respective therapeutic use
PlantPart,CI-LI-FR,USED_FOR,TherapeuticUse,D012060,used_for,Plant part is associated with the respective therapeutic use
PlantPart,CI-LI-FR,USED_FOR,TherapeuticUse,D012614,used_for,Plant part is associated with the respective therapeutic use
PlantPart,CI-LI-FR,USED_FOR,TherapeuticUse,D012871,used_for,Plant part is associated with the respective therapeutic use
PlantPart,CI-LI-FR,USED_FOR,TherapeuticUse,D013158,used_for,Plant part is associated with the respective therapeutic use
PlantPart,CI-LI-FR,USED_FOR,TherapeuticUse,D013272,used_for,Plant part is associated with the respective therapeutic use
PlantPart,CI-LI-FR,USED_FOR,TherapeuticUse,D013894,used_for,Plant part is associated with the respective therapeutic use
PlantPart,CI-LI-FR,USED_FOR,TherapeuticUse,D014839,used_for,Plant part is associated with the respective therapeutic use
PlantPart,CI-LI-FR,USED_FOR,TherapeuticUse,D015746,used_for,Plant part is associated with the respective therapeutic use
PlantPart,CI-LI-FR,USED_FOR,TherapeuticUse,D016587,used_for,Plant part is associated with the respective therapeutic use
PlantPart,CI-LI-FR,USED_FOR,TherapeuticUse,D018501,used_for,Plant part is associated with the respective therapeutic use
PlantPart,CI-LI-FR,USED_FOR,TherapeuticUse,D019167,used_for,Plant part is associated with the respective therapeutic use
PlantPart,CI-LI-LE,USED_FOR,TherapeuticUse,D000900,used_for,Plant part is associated with the respective therapeutic use
PlantPart,CI-LI-LE,USED_FOR,TherapeuticUse,D000935,used_for,Plant part is associated with the respective therapeutic use
PlantPart,CI-LI-RO,USED_FOR,TherapeuticUse,D000871,used_for,Plant part is associated with the respective therapeutic use
PlantPart,CI-LI-RO,USED_FOR,TherapeuticUse,D013272,used_for,Plant part is associated with the respective therapeutic use
PlantPart,CI-LI-SE,USED_FOR,TherapeuticUse,D000871,used_for,Plant part is associated with the respective therapeutic use
PlantPart,CI-LI-SE,USED_FOR,TherapeuticUse,D014435,used_for,Plant part is associated with the respective therapeutic use
PlantPart,CI-LI-ST,USED_FOR,TherapeuticUse,D000900,used_for,Plant part is associated with the respective therapeutic use
PlantPart,CI-LI-WH,USED_FOR,TherapeuticUse,D000890,used_for,Plant part is associated with the respective therapeutic use
PlantPart,CI-LI-WH,USED_FOR,TherapeuticUse,D000900,used_for,Plant part is associated with the respective therapeutic use
PlantPart,CI-LI-WH,USED_FOR,TherapeuticUse,D000935,used_for,Plant part is associated with the respective therapeutic use
PlantPart,CI-LI-WH,USED_FOR,TherapeuticUse,D000969,used_for,Plant part is associated with the respective therapeutic use
PlantPart,CL-GO-AE,USED_FOR,TherapeuticUse,D000935,used_for,Plant part is associated with the respective therapeutic use
PlantPart,CL-GO-AE,USED_FOR,TherapeuticUse,D000998,used_for,Plant part is associated with the respective therapeutic use
PlantPart,CL-GO-LE,USED_FOR,TherapeuticUse,D000935,used_for,Plant part is associated with the respective therapeutic use
PlantPart,CL-GO-LE,USED_FOR,TherapeuticUse,D001744,used_for,Plant part is associated with the respective therapeutic use
PlantPart,CL-GO-LE,USED_FOR,TherapeuticUse,D011041,used_for,Plant part is associated with the respective therapeutic use
PlantPart,CL-GO-ST,USED_FOR,TherapeuticUse,D001744,used_for,Plant part is associated with the respective therapeutic use
PlantPart,CL-GO-ST,USED_FOR,TherapeuticUse,D011041,used_for,Plant part is associated with the respective therapeutic use
PlantPart,CL-VI-BA,USED_FOR,TherapeuticUse,D001744,used_for,Plant part is associated with the respective therapeutic use
PlantPart,CL-VI-FL,USED_FOR,TherapeuticUse,D007306,used_for,Plant part is associated with the respective therapeutic use
PlantPart,CL-VI-LE,USED_FOR,TherapeuticUse,D000871,used_for,Plant part is associated with the respective therapeutic use
PlantPart,CL-VI-LE,USED_FOR,TherapeuticUse,D000927,used_for,Plant part is associated with the respective therapeutic use
PlantPart,CL-VI-LE,USED_FOR,TherapeuticUse,D000935,used_for,Plant part is associated with the respective therapeutic use
PlantPart,CL-VI-LE,USED_FOR,TherapeuticUse,D000998,used_for,Plant part is associated with the respective therapeutic use
PlantPart,CL-VI-LE,USED_FOR,TherapeuticUse,D001744,used_for,Plant part is associated with the respective therapeutic use
PlantPart,CL-VI-LE,USED_FOR,TherapeuticUse,D001991,used_for,Plant part is associated with the respective therapeutic use
PlantPart,CL-VI-LE,USED_FOR,TherapeuticUse,D004403,used_for,Plant part is associated with the respective therapeutic use
PlantPart,CL-VI-LE,USED_FOR,TherapeuticUse,D004427,used_for,Plant part is associated with the respective therapeutic use
PlantPart,CL-VI-LE,USED_FOR,TherapeuticUse,D004433,used_for,Plant part is associated with the respective therapeutic use
PlantPart,CL-VI-LE,USED_FOR,TherapeuticUse,D004487,used_for,Plant part is associated with the respective therapeutic use
PlantPart,CL-VI-LE,USED_FOR,TherapeuticUse,D005334,used_for,Plant part is associated with the respective therapeutic use
PlantPart,CL-VI-LE,USED_FOR,TherapeuticUse,D005414,used_for,Plant part is associated with the respective therapeutic use
PlantPart,CL-VI-LE,USED_FOR,TherapeuticUse,D006069,used_for,Plant part is associated with the respective therapeutic use
PlantPart,CL-VI-LE,USED_FOR,TherapeuticUse,D006261,used_for,Plant part is associated with the respective therapeutic use
PlantPart,CL-VI-LE,USED_FOR,TherapeuticUse,D007007,used_for,Plant part is associated with the respective therapeutic use
PlantPart,CL-VI-LE,USED_FOR,TherapeuticUse,D007306,used_for,Plant part is associated with the respective therapeutic use
PlantPart,CL-VI-LE,USED_FOR,TherapeuticUse,D010284,used_for,Plant part is associated with the respective therapeutic use
PlantPart,CL-VI-LE,USED_FOR,TherapeuticUse,D014098,used_for,Plant part is associated with the respective therapeutic use
PlantPart,CL-VI-LE,USED_FOR,TherapeuticUse,D014456,used_for,Plant part is associated with the respective therapeutic use
PlantPart,CL-VI-LE,USED_FOR,TherapeuticUse,D014947,used_for,Plant part is associated with the respective therapeutic use
PlantPart,CL-VI-RO,USED_FOR,TherapeuticUse,D000871,used_for,Plant part is associated with the respective therapeutic use
PlantPart,CL-VI-RO,USED_FOR,TherapeuticUse,D011247,used_for,Plant part is associated with the respective therapeutic use
PlantPart,CL-VI-RO,USED_FOR,TherapeuticUse,D012060,used_for,Plant part is associated with the respective therapeutic use
PlantPart,CL-VI-RO,USED_FOR,TherapeuticUse,D012614,used_for,Plant part is associated with the respective therapeutic use
PlantPart,CL-VI-SE,USED_FOR,TherapeuticUse,D000700,used_for,Plant part is associated with the respective therapeutic use
PlantPart,CL-VI-SE,USED_FOR,TherapeuticUse,D000871,used_for,Plant part is associated with the respective therapeutic use
PlantPart,CL-VI-SE,USED_FOR,TherapeuticUse,D000900,used_for,Plant part is associated with the respective therapeutic use
PlantPart,CL-VI-SE,USED_FOR,TherapeuticUse,D000927,used_for,Plant part is associated with the respective therapeutic use
PlantPart,CL-VI-SE,USED_FOR,TherapeuticUse,D000935,used_for,Plant part is associated with the respective therapeutic use
PlantPart,CL-VI-SE,USED_FOR,TherapeuticUse,D000977,used_for,Plant part is associated with the respective therapeutic use
PlantPart,CL-VI-SE,USED_FOR,TherapeuticUse,D001744,used_for,Plant part is associated with the respective therapeutic use
PlantPart,CL-VI-SE,USED_FOR,TherapeuticUse,D002316,used_for,Plant part is associated with the respective therapeutic use
PlantPart,CL-VI-SE,USED_FOR,TherapeuticUse,D002318,used_for,Plant part is associated with the respective therapeutic use
PlantPart,CL-VI-SE,USED_FOR,TherapeuticUse,D003967,used_for,Plant part is associated with the respective therapeutic use
PlantPart,CL-VI-SE,USED_FOR,TherapeuticUse,D004415,used_for,Plant part is associated with the respective therapeutic use
PlantPart,CL-VI-SE,USED_FOR,TherapeuticUse,D004433,used_for,Plant part is associated with the respective therapeutic use
PlantPart,CL-VI-SE,USED_FOR,TherapeuticUse,D005334,used_for,Plant part is associated with the respective therapeutic use
PlantPart,CL-VI-SE,USED_FOR,TherapeuticUse,D005414,used_for,Plant part is associated with the respective therapeutic use
PlantPart,CL-VI-SE,USED_FOR,TherapeuticUse,D005667,used_for,Plant part is associated with the respective therapeutic use
PlantPart,CL-VI-SE,USED_FOR,TherapeuticUse,D006484,used_for,Plant part is associated with the respective therapeutic use
PlantPart,CL-VI-SE,USED_FOR,TherapeuticUse,D007306,used_for,Plant part is associated with the respective therapeutic use
PlantPart,CL-VI-SE,USED_FOR,TherapeuticUse,D012871,used_for,Plant part is associated with the respective therapeutic use
PlantPart,CL-VI-SE,USED_FOR,TherapeuticUse,D018771,used_for,Plant part is associated with the respective therapeutic use
PlantPart,CL-VI-SE,USED_FOR,TherapeuticUse,D058633,used_for,Plant part is associated with the respective therapeutic use
PlantPart,CL-VI-ST,USED_FOR,TherapeuticUse,D007306,used_for,Plant part is associated with the respective therapeutic use
PlantPart,CL-VI-WH,USED_FOR,TherapeuticUse,D000700,used_for,Plant part is associated with the respective therapeutic use
PlantPart,CL-VI-WH,USED_FOR,TherapeuticUse,D000935,used_for,Plant part is associated with the respective therapeutic use
PlantPart,CL-VI-WH,USED_FOR,TherapeuticUse,D001168,used_for,Plant part is associated with the respective therapeutic use
PlantPart,CL-VI-WH,USED_FOR,TherapeuticUse,D003967,used_for,Plant part is associated with the respective therapeutic use
PlantPart,CL-VI-WH,USED_FOR,TherapeuticUse,D004604,used_for,Plant part is associated with the respective therapeutic use
PlantPart,CL-VI-WH,USED_FOR,TherapeuticUse,D005334,used_for,Plant part is associated with the respective therapeutic use
PlantPart,CL-VI-WH,USED_FOR,TherapeuticUse,D010930,used_for,Plant part is associated with the respective therapeutic use
PlantPart,CL-VI-WH,USED_FOR,TherapeuticUse,D011602,used_for,Plant part is associated with the respective therapeutic use
PlantPart,CL-VI-WH,USED_FOR,TherapeuticUse,D050723,used_for,Plant part is associated with the respective therapeutic use
PlantPart,CL-VI-WH,USED_FOR,TherapeuticUse,D058633,used_for,Plant part is associated with the respective therapeutic use
PlantPart,CO-FE-BA,USED_FOR,TherapeuticUse,D005334,used_for,Plant part is associated with the respective therapeutic use
PlantPart,CO-FE-BA,USED_FOR,TherapeuticUse,D007565,used_for,Plant part is associated with the respective therapeutic use
PlantPart,CO-FE-RO,USED_FOR,TherapeuticUse,D000871,used_for,Plant part is associated with the respective therapeutic use
PlantPart,CO-FE-RO,USED_FOR,TherapeuticUse,D000891,used_for,Plant part is associated with the respective therapeutic use
PlantPart,CO-FE-RO,USED_FOR,TherapeuticUse,D000900,used_for,Plant part is associated with the respective therapeutic use
PlantPart,CO-FE-RO,USED_FOR,TherapeuticUse,D000935,used_for,Plant part is associated with the respective therapeutic use
PlantPart,CO-FE-RO,USED_FOR,TherapeuticUse,D001247,used_for,Plant part is associated with the respective therapeutic use
PlantPart,CO-FE-RO,USED_FOR,TherapeuticUse,D004232,used_for,Plant part is associated with the respective therapeutic use
PlantPart,CO-FE-RO,USED_FOR,TherapeuticUse,D004403,used_for,Plant part is associated with the respective therapeutic use
PlantPart,CO-FE-RO,USED_FOR,TherapeuticUse,D004415,used_for,Plant part is associated with the respective therapeutic use
PlantPart,CO-FE-RO,USED_FOR,TherapeuticUse,D005334,used_for,Plant part is associated with the respective therapeutic use
PlantPart,CO-FE-RO,USED_FOR,TherapeuticUse,D005414,used_for,Plant part is associated with the respective therapeutic use
PlantPart,CO-FE-RO,USED_FOR,TherapeuticUse,D006470,used_for,Plant part is associated with the respective therapeutic use
PlantPart,CO-FE-RO,USED_FOR,TherapeuticUse,D007565,used_for,Plant part is associated with the respective therapeutic use
PlantPart,CO-FE-RO,USED_FOR,TherapeuticUse,D010033,used_for,Plant part is associated with the respective therapeutic use
PlantPart,CO-FE-RO,USED_FOR,TherapeuticUse,D011565,used_for,Plant part is associated with the respective therapeutic use
PlantPart,CO-FE-RO,USED_FOR,TherapeuticUse,D012060,used_for,Plant part is associated with the respective therapeutic use
PlantPart,CO-FE-RO,USED_FOR,TherapeuticUse,D014456,used_for,Plant part is associated with the respective therapeutic use
PlantPart,CO-FE-RO,USED_FOR,TherapeuticUse,D014555,used_for,Plant part is associated with the respective therapeutic use
PlantPart,CO-FE-RO,USED_FOR,TherapeuticUse,D014947,used_for,Plant part is associated with the respective therapeutic use
PlantPart,CO-FE-RO,USED_FOR,TherapeuticUse,D016773,used_for,Plant part is associated with the respective therapeutic use
PlantPart,CO-FE-RO,USED_FOR,TherapeuticUse,D017495,used_for,Plant part is associated with the respective therapeutic use
PlantPart,CO-FE-RO,USED_FOR,TherapeuticUse,D019167,used_for,Plant part is associated with the respective therapeutic use
PlantPart,CO-FE-ST,USED_FOR,TherapeuticUse,D000152,used_for,Plant part is associated with the respective therapeutic use
PlantPart,CO-FE-ST,USED_FOR,TherapeuticUse,D000740,used_for,Plant part is associated with the respective therapeutic use
PlantPart,CO-FE-ST,USED_FOR,TherapeuticUse,D000871,used_for,Plant part is associated with the respective therapeutic use
PlantPart,CO-FE-ST,USED_FOR,TherapeuticUse,D000893,used_for,Plant part is associated with the respective therapeutic use
PlantPart,CO-FE-ST,USED_FOR,TherapeuticUse,D000975,used_for,Plant part is associated with the respective therapeutic use
PlantPart,CO-FE-ST,USED_FOR,TherapeuticUse,D001247,used_for,Plant part is associated with the respective therapeutic use
PlantPart,CO-FE-ST,USED_FOR,TherapeuticUse,D003872,used_for,Plant part is associated with the respective therapeutic use
PlantPart,CO-FE-ST,USED_FOR,TherapeuticUse,D004066,used_for,Plant part is associated with the respective therapeutic use
PlantPart,CO-FE-ST,USED_FOR,TherapeuticUse,D004415,used_for,Plant part is associated with the respective therapeutic use
PlantPart,CO-FE-ST,USED_FOR,TherapeuticUse,D005334,used_for,Plant part is associated with the respective therapeutic use
PlantPart,CO-FE-ST,USED_FOR,TherapeuticUse,D005414,used_for,Plant part is associated with the respective therapeutic use
PlantPart,CO-FE-ST,USED_FOR,TherapeuticUse,D006069,used_for,Plant part is associated with the respective therapeutic use
PlantPart,CO-FE-ST,USED_FOR,TherapeuticUse,D006261,used_for,Plant part is associated with the respective therapeutic use
PlantPart,CO-FE-ST,USED_FOR,TherapeuticUse,D007004,used_for,Plant part is associated with the respective therapeutic use
PlantPart,CO-FE-ST,USED_FOR,TherapeuticUse,D007022,used_for,Plant part is associated with the respective therapeutic use
PlantPart,CO-FE-ST,USED_FOR,TherapeuticUse,D007565,used_for,Plant part is associated with the respective therapeutic use
PlantPart,CO-FE-ST,USED_FOR,TherapeuticUse,D007918,used_for,Plant part is associated with the respective therapeutic use
PlantPart,CO-FE-ST,USED_FOR,TherapeuticUse,D008107,used_for,Plant part is associated with the respective therapeutic use
PlantPart,CO-FE-ST,USED_FOR,TherapeuticUse,D010033,used_for,Plant part is associated with the respective therapeutic use
PlantPart,CO-FE-ST,USED_FOR,TherapeuticUse,D010146,used_for,Plant part is associated with the respective therapeutic use
PlantPart,CO-FE-ST,USED_FOR,TherapeuticUse,D011565,used_for,Plant part is associated with the respective therapeutic use
PlantPart,CO-FE-ST,USED_FOR,TherapeuticUse,D012060,used_for,Plant part is associated with the respective therapeutic use
PlantPart,CO-FE-ST,USED_FOR,TherapeuticUse,D012871,used_for,Plant part is associated with the respective therapeutic use
PlantPart,CO-FE-ST,USED_FOR,TherapeuticUse,D012909,used_for,Plant part is associated with the respective therapeutic use
PlantPart,CO-FE-ST,USED_FOR,TherapeuticUse,D014555,used_for,Plant part is associated with the respective therapeutic use
PlantPart,CO-FE-ST,USED_FOR,TherapeuticUse,D014947,used_for,Plant part is associated with the respective therapeutic use
PlantPart,CO-FE-ST,USED_FOR,TherapeuticUse,D017495,used_for,Plant part is associated with the respective therapeutic use
PlantPart,CO-FE-ST,USED_FOR,TherapeuticUse,D018771,used_for,Plant part is associated with the respective therapeutic use
PlantPart,CO-FE-ST,USED_FOR,TherapeuticUse,D019167,used_for,Plant part is associated with the respective therapeutic use
PlantPart,CO-FE-ST,USED_FOR,TherapeuticUse,D020347,used_for,Plant part is associated with the respective therapeutic use
PlantPart,CO-FE-WH,USED_FOR,TherapeuticUse,D000900,used_for,Plant part is associated with the respective therapeutic use
PlantPart,CO-FE-WH,USED_FOR,TherapeuticUse,D000935,used_for,Plant part is associated with the respective therapeutic use
PlantPart,CO-FE-WH,USED_FOR,TherapeuticUse,D002319,used_for,Plant part is associated with the respective therapeutic use
PlantPart,CO-FE-WH,USED_FOR,TherapeuticUse,D004232,used_for,Plant part is associated with the respective therapeutic use
PlantPart,CO-FE-WH,USED_FOR,TherapeuticUse,D007022,used_for,Plant part is associated with the respective therapeutic use
PlantPart,CO-FE-WO,USED_FOR,TherapeuticUse,D019167,used_for,Plant part is associated with the respective therapeutic use
PlantPart,CO-GR-BA,USED_FOR,TherapeuticUse,D002400,used_for,Plant part is associated with the respective therapeutic use
PlantPart,CO-GR-BA,USED_FOR,TherapeuticUse,D006069,used_for,Plant part is associated with the respective therapeutic use
PlantPart,CO-GR-BA,USED_FOR,TherapeuticUse,D010276,used_for,Plant part is associated with the respective therapeutic use
PlantPart,CO-GR-BA,USED_FOR,TherapeuticUse,D054368,used_for,Plant part is associated with the respective therapeutic use
PlantPart,CO-GR-FL,USED_FOR,TherapeuticUse,D001991,used_for,Plant part is associated with the respective therapeutic use
PlantPart,CO-GR-FL,USED_FOR,TherapeuticUse,D002779,used_for,Plant part is associated with the respective therapeutic use
PlantPart,CO-GR-FL,USED_FOR,TherapeuticUse,D003139,used_for,Plant part is associated with the respective therapeutic use
PlantPart,CO-GR-FL,USED_FOR,TherapeuticUse,D003920,used_for,Plant part is associated with the respective therapeutic use
PlantPart,CO-GR-FL,USED_FOR,TherapeuticUse,D004487,used_for,Plant part is associated with the respective therapeutic use
PlantPart,CO-GR-FL,USED_FOR,TherapeuticUse,D006402,used_for,Plant part is associated with the respective therapeutic use
PlantPart,CO-GR-FL,USED_FOR,TherapeuticUse,D007565,used_for,Plant part is associated with the respective therapeutic use
PlantPart,CO-GR-FL,USED_FOR,TherapeuticUse,D010612,used_for,Plant part is associated with the respective therapeutic use
PlantPart,CO-GR-FL,USED_FOR,TherapeuticUse,D013280,used_for,Plant part is associated with the respective therapeutic use
PlantPart,CO-GR-FR,USED_FOR,TherapeuticUse,D000740,used_for,Plant part is associated with the respective therapeutic use
PlantPart,CO-GR-FR,USED_FOR,TherapeuticUse,D000871,used_for,Plant part is associated with the respective therapeutic use
PlantPart,CO-GR-FR,USED_FOR,TherapeuticUse,D000893,used_for,Plant part is associated with the respective therapeutic use
PlantPart,CO-GR-FR,USED_FOR,TherapeuticUse,D000935,used_for,Plant part is associated with the respective therapeutic use
PlantPart,CO-GR-FR,USED_FOR,TherapeuticUse,D000960,used_for,Plant part is associated with the respective therapeutic use
PlantPart,CO-GR-FR,USED_FOR,TherapeuticUse,D001249,used_for,Plant part is associated with the respective therapeutic use
PlantPart,CO-GR-FR,USED_FOR,TherapeuticUse,D001991,used_for,Plant part is associated with the respective therapeutic use
PlantPart,CO-GR-FR,USED_FOR,TherapeuticUse,D003139,used_for,Plant part is associated with the respective therapeutic use
PlantPart,CO-GR-FR,USED_FOR,TherapeuticUse,D003371,used_for,Plant part is associated with the respective therapeutic use
PlantPart,CO-GR-FR,USED_FOR,TherapeuticUse,D003920,used_for,Plant part is associated with the respective therapeutic use
PlantPart,CO-GR-FR,USED_FOR,TherapeuticUse,D004415,used_for,Plant part is associated with the respective therapeutic use
PlantPart,CO-GR-FR,USED_FOR,TherapeuticUse,D004639,used_for,Plant part is associated with the respective therapeutic use
PlantPart,CO-GR-FR,USED_FOR,TherapeuticUse,D005100,used_for,Plant part is associated with the respective therapeutic use
PlantPart,CO-GR-FR,USED_FOR,TherapeuticUse,D005334,used_for,Plant part is associated with the respective therapeutic use
PlantPart,CO-GR-FR,USED_FOR,TherapeuticUse,D006373,used_for,Plant part is associated with the respective therapeutic use
PlantPart,CO-GR-FR,USED_FOR,TherapeuticUse,D007004,used_for,Plant part is associated with the respective therapeutic use
PlantPart,CO-GR-FR,USED_FOR,TherapeuticUse,D007007,used_for,Plant part is associated with the respective therapeutic use
PlantPart,CO-GR-FR,USED_FOR,TherapeuticUse,D007239,used_for,Plant part is associated with the respective therapeutic use
PlantPart,CO-GR-FR,USED_FOR,TherapeuticUse,D007249,used_for,Plant part is associated with the respective therapeutic use
PlantPart,CO-GR-FR,USED_FOR,TherapeuticUse,D007306,used_for,Plant part is associated with the respective therapeutic use
PlantPart,CO-GR-FR,USED_FOR,TherapeuticUse,D007565,used_for,Plant part is associated with the respective therapeutic use
PlantPart,CO-GR-FR,USED_FOR,TherapeuticUse,D007775,used_for,Plant part is associated with the respective therapeutic use
PlantPart,CO-GR-FR,USED_FOR,TherapeuticUse,D007918,used_for,Plant part is associated with the respective therapeutic use
PlantPart,CO-GR-FR,USED_FOR,TherapeuticUse,D008107,used_for,Plant part is associated with the respective therapeutic use
PlantPart,CO-GR-FR,USED_FOR,TherapeuticUse,D010003,used_for,Plant part is associated with the respective therapeutic use
PlantPart,CO-GR-FR,USED_FOR,TherapeuticUse,D010146,used_for,Plant part is associated with the respective therapeutic use
PlantPart,CO-GR-FR,USED_FOR,TherapeuticUse,D010612,used_for,Plant part is associated with the respective therapeutic use
PlantPart,CO-GR-FR,USED_FOR,TherapeuticUse,D011565,used_for,Plant part is associated with the respective therapeutic use
PlantPart,CO-GR-FR,USED_FOR,TherapeuticUse,D012532,used_for,Plant part is associated with the respective therapeutic use
PlantPart,CO-GR-FR,USED_FOR,TherapeuticUse,D012871,used_for,Plant part is associated with the respective therapeutic use
PlantPart,CO-GR-FR,USED_FOR,TherapeuticUse,D013280,used_for,Plant part is associated with the respective therapeutic use
PlantPart,CO-GR-FR,USED_FOR,TherapeuticUse,D014060,used_for,Plant part is associated with the respective therapeutic use
PlantPart,CO-GR-FR,USED_FOR,TherapeuticUse,D014456,used_for,Plant part is associated with the respective therapeutic use
PlantPart,CO-GR-FR,USED_FOR,TherapeuticUse,D014945,used_for,Plant part is associated with the respective therapeutic use
PlantPart,CO-GR-FR,USED_FOR,TherapeuticUse,D014947,used_for,Plant part is associated with the respective therapeutic use
PlantPart,CO-GR-FR,USED_FOR,TherapeuticUse,D018771,used_for,Plant part is associated with the respective therapeutic use
PlantPart,CO-GR-FR,USED_FOR,TherapeuticUse,D056669,used_for,Plant part is associated with the respective therapeutic use
PlantPart,CO-GR-FR,USED_FOR,TherapeuticUse,D058633,used_for,Plant part is associated with the respective therapeutic use
PlantPart,CO-GR-LE,USED_FOR,TherapeuticUse,D000740,used_for,Plant part is associated with the respective therapeutic use
PlantPart,CO-GR-LE,USED_FOR,TherapeuticUse,D000871,used_for,Plant part is associated with the respective therapeutic use
PlantPart,CO-GR-LE,USED_FOR,TherapeuticUse,D000891,used_for,Plant part is associated with the respective therapeutic use
PlantPart,CO-GR-LE,USED_FOR,TherapeuticUse,D000893,used_for,Plant part is associated with the respective therapeutic use
PlantPart,CO-GR-LE,USED_FOR,TherapeuticUse,D000900,used_for,Plant part is associated with the respective therapeutic use
PlantPart,CO-GR-LE,USED_FOR,TherapeuticUse,D000935,used_for,Plant part is associated with the respective therapeutic use
PlantPart,CO-GR-LE,USED_FOR,TherapeuticUse,D000975,used_for,Plant part is associated with the respective therapeutic use
PlantPart,CO-GR-LE,USED_FOR,TherapeuticUse,D001249,used_for,Plant part is associated with the respective therapeutic use
PlantPart,CO-GR-LE,USED_FOR,TherapeuticUse,D001733,used_for,Plant part is associated with the respective therapeutic use
PlantPart,CO-GR-LE,USED_FOR,TherapeuticUse,D001991,used_for,Plant part is associated with the respective therapeutic use
PlantPart,CO-GR-LE,USED_FOR,TherapeuticUse,D002637,used_for,Plant part is associated with the respective therapeutic use
PlantPart,CO-GR-LE,USED_FOR,TherapeuticUse,D003139,used_for,Plant part is associated with the respective therapeutic use
PlantPart,CO-GR-LE,USED_FOR,TherapeuticUse,D003371,used_for,Plant part is associated with the respective therapeutic use
PlantPart,CO-GR-LE,USED_FOR,TherapeuticUse,D003920,used_for,Plant part is associated with the respective therapeutic use
PlantPart,CO-GR-LE,USED_FOR,TherapeuticUse,D003967,used_for,Plant part is associated with the respective therapeutic use
PlantPart,CO-GR-LE,USED_FOR,TherapeuticUse,D004415,used_for,Plant part is associated with the respective therapeutic use
PlantPart,CO-GR-LE,USED_FOR,TherapeuticUse,D004485,used_for,Plant part is associated with the respective therapeutic use
PlantPart,CO-GR-LE,USED_FOR,TherapeuticUse,D004639,used_for,Plant part is associated with the respective therapeutic use
PlantPart,CO-GR-LE,USED_FOR,TherapeuticUse,D005076,used_for,Plant part is associated with the respective therapeutic use
PlantPart,CO-GR-LE,USED_FOR,TherapeuticUse,D005100,used_for,Plant part is associated with the respective therapeutic use
PlantPart,CO-GR-LE,USED_FOR,TherapeuticUse,D005334,used_for,Plant part is associated with the respective therapeutic use
PlantPart,CO-GR-LE,USED_FOR,TherapeuticUse,D005705,used_for,Plant part is associated with the respective therapeutic use
PlantPart,CO-GR-LE,USED_FOR,TherapeuticUse,D006029,used_for,Plant part is associated with the respective therapeutic use
PlantPart,CO-GR-LE,USED_FOR,TherapeuticUse,D006331,used_for,Plant part is associated with the respective therapeutic use
PlantPart,CO-GR-LE,USED_FOR,TherapeuticUse,D006373,used_for,Plant part is associated with the respective therapeutic use
PlantPart,CO-GR-LE,USED_FOR,TherapeuticUse,D007004,used_for,Plant part is associated with the respective therapeutic use
PlantPart,CO-GR-LE,USED_FOR,TherapeuticUse,D007007,used_for,Plant part is associated with the respective therapeutic use
PlantPart,CO-GR-LE,USED_FOR,TherapeuticUse,D007239,used_for,Plant part is associated with the respective therapeutic use
PlantPart,CO-GR-LE,USED_FOR,TherapeuticUse,D007249,used_for,Plant part is associated with the respective therapeutic use
PlantPart,CO-GR-LE,USED_FOR,TherapeuticUse,D007565,used_for,Plant part is associated with the respective therapeutic use
PlantPart,CO-GR-LE,USED_FOR,TherapeuticUse,D007918,used_for,Plant part is associated with the respective therapeutic use
PlantPart,CO-GR-LE,USED_FOR,TherapeuticUse,D008107,used_for,Plant part is associated with the respective therapeutic use
PlantPart,CO-GR-LE,USED_FOR,TherapeuticUse,D008199,used_for,Plant part is associated with the respective therapeutic use
PlantPart,CO-GR-LE,USED_FOR,TherapeuticUse,D008842,used_for,Plant part is associated with the respective therapeutic use
PlantPart,CO-GR-LE,USED_FOR,TherapeuticUse,D009755,used_for,Plant part is associated with the respective therapeutic use
PlantPart,CO-GR-LE,USED_FOR,TherapeuticUse,D010276,used_for,Plant part is associated with the respective therapeutic use
PlantPart,CO-GR-LE,USED_FOR,TherapeuticUse,D011565,used_for,Plant part is associated with the respective therapeutic use
PlantPart,CO-GR-LE,USED_FOR,TherapeuticUse,D011818,used_for,Plant part is associated with the respective therapeutic use
PlantPart,CO-GR-LE,USED_FOR,TherapeuticUse,D012871,used_for,Plant part is associated with the respective therapeutic use
PlantPart,CO-GR-LE,USED_FOR,TherapeuticUse,D012899,used_for,Plant part is associated with the respective therapeutic use
PlantPart,CO-GR-LE,USED_FOR,TherapeuticUse,D013280,used_for,Plant part is associated with the respective therapeutic use
PlantPart,CO-GR-LE,USED_FOR,TherapeuticUse,D014456,used_for,Plant part is associated with the respective therapeutic use
PlantPart,CO-GR-LE,USED_FOR,TherapeuticUse,D014945,used_for,Plant part is associated with the respective therapeutic use
PlantPart,CO-GR-LE,USED_FOR,TherapeuticUse,D014947,used_for,Plant part is associated with the respective therapeutic use
PlantPart,CO-GR-LE,USED_FOR,TherapeuticUse,D018908,used_for,Plant part is associated with the respective therapeutic use
PlantPart,CO-GR-LE,USED_FOR,TherapeuticUse,D053159,used_for,Plant part is associated with the respective therapeutic use
PlantPart,CO-GR-LE,USED_FOR,TherapeuticUse,D058633,used_for,Plant part is associated with the respective therapeutic use
PlantPart,CO-GR-LE,USED_FOR,TherapeuticUse,D063806,used_for,Plant part is associated with the respective therapeutic use
PlantPart,CO-GR-RO,USED_FOR,TherapeuticUse,D001249,used_for,Plant part is associated with the respective therapeutic use
PlantPart,CO-GR-RO,USED_FOR,TherapeuticUse,D001991,used_for,Plant part is associated with the respective therapeutic use
PlantPart,CO-GR-RO,USED_FOR,TherapeuticUse,D003139,used_for,Plant part is associated with the respective therapeutic use
PlantPart,CO-GR-RO,USED_FOR,TherapeuticUse,D003920,used_for,Plant part is associated with the respective therapeutic use
PlantPart,CO-GR-RO,USED_FOR,TherapeuticUse,D005334,used_for,Plant part is associated with the respective therapeutic use
PlantPart,CO-GR-RO,USED_FOR,TherapeuticUse,D006029,used_for,Plant part is associated with the respective therapeutic use
PlantPart,CO-GR-RO,USED_FOR,TherapeuticUse,D006261,used_for,Plant part is associated with the respective therapeutic use
PlantPart,CO-GR-RO,USED_FOR,TherapeuticUse,D006417,used_for,Plant part is associated with the respective therapeutic use
PlantPart,CO-GR-RO,USED_FOR,TherapeuticUse,D006470,used_for,Plant part is associated with the respective therapeutic use
PlantPart,CO-GR-RO,USED_FOR,TherapeuticUse,D006487,used_for,Plant part is associated with the respective therapeutic use
PlantPart,CO-GR-RO,USED_FOR,TherapeuticUse,D007004,used_for,Plant part is associated with the respective therapeutic use
PlantPart,CO-GR-RO,USED_FOR,TherapeuticUse,D007565,used_for,Plant part is associated with the respective therapeutic use
PlantPart,CO-GR-RO,USED_FOR,TherapeuticUse,D007669,used_for,Plant part is associated with the respective therapeutic use
PlantPart,CO-GR-RO,USED_FOR,TherapeuticUse,D007918,used_for,Plant part is associated with the respective therapeutic use
PlantPart,CO-GR-RO,USED_FOR,TherapeuticUse,D008199,used_for,Plant part is associated with the respective therapeutic use
PlantPart,CO-GR-RO,USED_FOR,TherapeuticUse,D010003,used_for,Plant part is associated with the respective therapeutic use
PlantPart,CO-GR-RO,USED_FOR,TherapeuticUse,D010146,used_for,Plant part is associated with the respective therapeutic use
PlantPart,CO-GR-RO,USED_FOR,TherapeuticUse,D011247,used_for,Plant part is associated with the respective therapeutic use
PlantPart,CO-GR-RO,USED_FOR,TherapeuticUse,D012532,used_for,Plant part is associated with the respective therapeutic use
PlantPart,CO-GR-RO,USED_FOR,TherapeuticUse,D012871,used_for,Plant part is associated with the respective therapeutic use
PlantPart,CO-GR-RO,USED_FOR,TherapeuticUse,D014570,used_for,Plant part is associated with the respective therapeutic use
PlantPart,CO-GR-RO,USED_FOR,TherapeuticUse,D014839,used_for,Plant part is associated with the respective therapeutic use
PlantPart,CO-GR-RO,USED_FOR,TherapeuticUse,D018771,used_for,Plant part is associated with the respective therapeutic use
PlantPart,CO-GR-RO,USED_FOR,TherapeuticUse,D019522,used_for,Plant part is associated with the respective therapeutic use
PlantPart,CO-GR-RO,USED_FOR,TherapeuticUse,D065008,used_for,Plant part is associated with the respective therapeutic use
PlantPart,CO-GR-ST,USED_FOR,TherapeuticUse,D001991,used_for,Plant part is associated with the respective therapeutic use
PlantPart,CO-GR-ST,USED_FOR,TherapeuticUse,D003139,used_for,Plant part is associated with the respective therapeutic use
PlantPart,CO-GR-ST,USED_FOR,TherapeuticUse,D003920,used_for,Plant part is associated with the respective therapeutic use
PlantPart,CO-GR-ST,USED_FOR,TherapeuticUse,D004403,used_for,Plant part is associated with the respective therapeutic use
PlantPart,CO-GR-ST,USED_FOR,TherapeuticUse,D005100,used_for,Plant part is associated with the respective therapeutic use
PlantPart,CO-GR-ST,USED_FOR,TherapeuticUse,D006029,used_for,Plant part is associated with the respective therapeutic use
PlantPart,CO-GR-ST,USED_FOR,TherapeuticUse,D006470,used_for,Plant part is associated with the respective therapeutic use
PlantPart,CO-GR-ST,USED_FOR,TherapeuticUse,D007004,used_for,Plant part is associated with the respective therapeutic use
PlantPart,CO-GR-ST,USED_FOR,TherapeuticUse,D008199,used_for,Plant part is associated with the respective therapeutic use
PlantPart,CO-GR-ST,USED_FOR,TherapeuticUse,D008660,used_for,Plant part is associated with the respective therapeutic use
PlantPart,CO-GR-ST,USED_FOR,TherapeuticUse,D010276,used_for,Plant part is associated with the respective therapeutic use
PlantPart,CO-GR-ST,USED_FOR,TherapeuticUse,D012871,used_for,Plant part is associated with the respective therapeutic use
PlantPart,CO-GR-ST,USED_FOR,TherapeuticUse,D013651,used_for,Plant part is associated with the respective therapeutic use
PlantPart,CO-GR-WH,USED_FOR,TherapeuticUse,D000740,used_for,Plant part is associated with the respective therapeutic use
PlantPart,CO-GR-WH,USED_FOR,TherapeuticUse,D001249,used_for,Plant part is associated with the respective therapeutic use
PlantPart,CO-GR-WH,USED_FOR,TherapeuticUse,D003371,used_for,Plant part is associated with the respective therapeutic use
PlantPart,CO-GR-WH,USED_FOR,TherapeuticUse,D004417,used_for,Plant part is associated with the respective therapeutic use
PlantPart,CO-GR-WH,USED_FOR,TherapeuticUse,D004487,used_for,Plant part is associated with the respective therapeutic use
PlantPart,CO-GR-WH,USED_FOR,TherapeuticUse,D005334,used_for,Plant part is associated with the respective therapeutic use
PlantPart,CO-GR-WH,USED_FOR,TherapeuticUse,D006402,used_for,Plant part is associated with the respective therapeutic use
PlantPart,CO-GR-WH,USED_FOR,TherapeuticUse,D010146,used_for,Plant part is associated with the respective therapeutic use
PlantPart,CR-AS-BU,USED_FOR,TherapeuticUse,D000931,used_for,Plant part is associated with the respective therapeutic use
PlantPart,CR-AS-BU,USED_FOR,TherapeuticUse,D002145,used_for,Plant part is associated with the respective therapeutic use
PlantPart,CR-AS-BU,USED_FOR,TherapeuticUse,D002270,used_for,Plant part is associated with the respective therapeutic use
PlantPart,CR-AS-BU,USED_FOR,TherapeuticUse,D003967,used_for,Plant part is associated with the respective therapeutic use
PlantPart,CR-AS-BU,USED_FOR,TherapeuticUse,D004639,used_for,Plant part is associated with the respective therapeutic use
PlantPart,CR-AS-BU,USED_FOR,TherapeuticUse,D005100,used_for,Plant part is associated with the respective therapeutic use
PlantPart,CR-AS-BU,USED_FOR,TherapeuticUse,D007249,used_for,Plant part is associated with the respective therapeutic use
PlantPart,CR-AS-BU,USED_FOR,TherapeuticUse,D012060,used_for,Plant part is associated with the respective therapeutic use
PlantPart,CR-AS-BU,USED_FOR,TherapeuticUse,D014555,used_for,Plant part is associated with the respective therapeutic use
PlantPart,CR-AS-BU,USED_FOR,TherapeuticUse,D014839,used_for,Plant part is associated with the respective therapeutic use
PlantPart,CR-AS-BU,USED_FOR,TherapeuticUse,D054368,used_for,Plant part is associated with the respective therapeutic use
PlantPart,CR-AS-LE,USED_FOR,TherapeuticUse,D000893,used_for,Plant part is associated with the respective therapeutic use
PlantPart,CR-AS-LE,USED_FOR,TherapeuticUse,D004433,used_for,Plant part is associated with the respective therapeutic use
PlantPart,CR-AS-LE,USED_FOR,TherapeuticUse,D004844,used_for,Plant part is associated with the respective therapeutic use
PlantPart,CR-AS-LE,USED_FOR,TherapeuticUse,D005100,used_for,Plant part is associated with the respective therapeutic use
PlantPart,CR-AS-LE,USED_FOR,TherapeuticUse,D007249,used_for,Plant part is associated with the respective therapeutic use
PlantPart,CR-AS-LE,USED_FOR,TherapeuticUse,D007302,used_for,Plant part is associated with the respective therapeutic use
PlantPart,CR-AS-LE,USED_FOR,TherapeuticUse,D012532,used_for,Plant part is associated with the respective therapeutic use
PlantPart,CR-AS-LE,USED_FOR,TherapeuticUse,D012871,used_for,Plant part is associated with the respective therapeutic use
PlantPart,CR-AS-LE,USED_FOR,TherapeuticUse,D014947,used_for,Plant part is associated with the respective therapeutic use
PlantPart,CR-AS-RO,USED_FOR,TherapeuticUse,D003967,used_for,Plant part is associated with the respective therapeutic use
PlantPart,CR-AS-RO,USED_FOR,TherapeuticUse,D004487,used_for,Plant part is associated with the respective therapeutic use
PlantPart,CR-AS-RO,USED_FOR,TherapeuticUse,D004639,used_for,Plant part is associated with the respective therapeutic use
PlantPart,CR-AS-RO,USED_FOR,TherapeuticUse,D009325,used_for,Plant part is associated with the respective therapeutic use
PlantPart,CR-AS-RO,USED_FOR,TherapeuticUse,D014947,used_for,Plant part is associated with the respective therapeutic use
PlantPart,CR-AS-SE,USED_FOR,TherapeuticUse,D002400,used_for,Plant part is associated with the respective therapeutic use
PlantPart,CR-AS-SE,USED_FOR,TherapeuticUse,D004232,used_for,Plant part is associated with the respective therapeutic use
PlantPart,CR-AS-SE,USED_FOR,TherapeuticUse,D004433,used_for,Plant part is associated with the respective therapeutic use
PlantPart,CR-AS-SE,USED_FOR,TherapeuticUse,D004487,used_for,Plant part is associated with the respective therapeutic use
PlantPart,CR-AS-SE,USED_FOR,TherapeuticUse,D008600,used_for,Plant part is associated with the respective therapeutic use
PlantPart,CR-AS-SE,USED_FOR,TherapeuticUse,D010146,used_for,Plant part is associated with the respective therapeutic use
PlantPart,CR-AS-SE,USED_FOR,TherapeuticUse,D012060,used_for,Plant part is associated with the respective therapeutic use
PlantPart,CR-AS-SE,USED_FOR,TherapeuticUse,D012871,used_for,Plant part is associated with the respective therapeutic use
PlantPart,CR-AS-SE,USED_FOR,TherapeuticUse,D012909,used_for,Plant part is associated with the respective therapeutic use
PlantPart,CR-AS-SE,USED_FOR,TherapeuticUse,D018501,used_for,Plant part is associated with the respective therapeutic use
PlantPart,CR-AS-TU,USED_FOR,TherapeuticUse,D006417,used_for,Plant part is associated with the respective therapeutic use
PlantPart,CR-AS-TU,USED_FOR,TherapeuticUse,D007973,used_for,Plant part is associated with the respective therapeutic use
PlantPart,CR-AS-WH,USED_FOR,TherapeuticUse,D000900,used_for,Plant part is associated with the respective therapeutic use
PlantPart,CR-AS-WH,USED_FOR,TherapeuticUse,D002492,used_for,Plant part is associated with the respective therapeutic use
PlantPart,DA-ST-AE,USED_FOR,TherapeuticUse,D000998,used_for,Plant part is associated with the respective therapeutic use
PlantPart,DA-ST-FL,USED_FOR,TherapeuticUse,D000435,used_for,Plant part is associated with the respective therapeutic use
PlantPart,DA-ST-FL,USED_FOR,TherapeuticUse,D000700,used_for,Plant part is associated with the respective therapeutic use
PlantPart,DA-ST-FL,USED_FOR,TherapeuticUse,D000900,used_for,Plant part is associated with the respective therapeutic use
PlantPart,DA-ST-FL,USED_FOR,TherapeuticUse,D000935,used_for,Plant part is associated with the respective therapeutic use
PlantPart,DA-ST-FL,USED_FOR,TherapeuticUse,D001249,used_for,Plant part is associated with the respective therapeutic use
PlantPart,DA-ST-FL,USED_FOR,TherapeuticUse,D004433,used_for,Plant part is associated with the respective therapeutic use
PlantPart,DA-ST-FL,USED_FOR,TherapeuticUse,D005667,used_for,Plant part is associated with the respective therapeutic use
PlantPart,DA-ST-FL,USED_FOR,TherapeuticUse,D006993,used_for,Plant part is associated with the respective therapeutic use
PlantPart,DA-ST-FL,USED_FOR,TherapeuticUse,D009294,used_for,Plant part is associated with the respective therapeutic use
PlantPart,DA-ST-FL,USED_FOR,TherapeuticUse,D010276,used_for,Plant part is associated with the respective therapeutic use
PlantPart,DA-ST-FL,USED_FOR,TherapeuticUse,D014947,used_for,Plant part is associated with the respective therapeutic use
PlantPart,DA-ST-FL,USED_FOR,TherapeuticUse,D063807,used_for,Plant part is associated with the respective therapeutic use
PlantPart,DA-ST-FR,USED_FOR,TherapeuticUse,D000019,used_for,Plant part is associated with the respective therapeutic use
PlantPart,DA-ST-FR,USED_FOR,TherapeuticUse,D000435,used_for,Plant part is associated with the respective therapeutic use
PlantPart,DA-ST-FR,USED_FOR,TherapeuticUse,D000505,used_for,Plant part is associated with the respective therapeutic use
PlantPart,DA-ST-FR,USED_FOR,TherapeuticUse,D000900,used_for,Plant part is associated with the respective therapeutic use
PlantPart,DA-ST-FR,USED_FOR,TherapeuticUse,D001249,used_for,Plant part is associated with the respective therapeutic use
PlantPart,DA-ST-FR,USED_FOR,TherapeuticUse,D002270,used_for,Plant part is associated with the respective therapeutic use
PlantPart,DA-ST-FR,USED_FOR,TherapeuticUse,D006993,used_for,Plant part is associated with the respective therapeutic use
PlantPart,DA-ST-FR,USED_FOR,TherapeuticUse,D063807,used_for,Plant part is associated with the respective therapeutic use
PlantPart,DA-ST-LE,USED_FOR,TherapeuticUse,D000435,used_for,Plant part is associated with the respective therapeutic use
PlantPart,DA-ST-LE,USED_FOR,TherapeuticUse,D000700,used_for,Plant part is associated with the respective therapeutic use
PlantPart,DA-ST-LE,USED_FOR,TherapeuticUse,D000891,used_for,Plant part is associated with the respective therapeutic use
PlantPart,DA-ST-LE,USED_FOR,TherapeuticUse,D000900,used_for,Plant part is associated with the respective therapeutic use
PlantPart,DA-ST-LE,USED_FOR,TherapeuticUse,D000969,used_for,Plant part is associated with the respective therapeutic use
PlantPart,DA-ST-LE,USED_FOR,TherapeuticUse,D001249,used_for,Plant part is associated with the respective therapeutic use
PlantPart,DA-ST-LE,USED_FOR,TherapeuticUse,D001733,used_for,Plant part is associated with the respective therapeutic use
PlantPart,DA-ST-LE,USED_FOR,TherapeuticUse,D001991,used_for,Plant part is associated with the respective therapeutic use
PlantPart,DA-ST-LE,USED_FOR,TherapeuticUse,D004433,used_for,Plant part is associated with the respective therapeutic use
PlantPart,DA-ST-LE,USED_FOR,TherapeuticUse,D005667,used_for,Plant part is associated with the respective therapeutic use
PlantPart,DA-ST-LE,USED_FOR,TherapeuticUse,D006993,used_for,Plant part is associated with the respective therapeutic use
PlantPart,DA-ST-LE,USED_FOR,TherapeuticUse,D009294,used_for,Plant part is associated with the respective therapeutic use
PlantPart,DA-ST-LE,USED_FOR,TherapeuticUse,D013035,used_for,Plant part is associated with the respective therapeutic use
PlantPart,DA-ST-LE,USED_FOR,TherapeuticUse,D014947,used_for,Plant part is associated with the respective therapeutic use
PlantPart,DA-ST-RO,USED_FOR,TherapeuticUse,D000152,used_for,Plant part is associated with the respective therapeutic use
PlantPart,DA-ST-RO,USED_FOR,TherapeuticUse,D000900,used_for,Plant part is associated with the respective therapeutic use
PlantPart,DA-ST-RO,USED_FOR,TherapeuticUse,D001733,used_for,Plant part is associated with the respective therapeutic use
PlantPart,DA-ST-SE,USED_FOR,TherapeuticUse,D000435,used_for,Plant part is associated with the respective therapeutic use
PlantPart,DA-ST-SE,USED_FOR,TherapeuticUse,D000700,used_for,Plant part is associated with the respective therapeutic use
PlantPart,DA-ST-SE,USED_FOR,TherapeuticUse,D000891,used_for,Plant part is associated with the respective therapeutic use
PlantPart,DA-ST-SE,USED_FOR,TherapeuticUse,D001249,used_for,Plant part is associated with the respective therapeutic use
PlantPart,DA-ST-SE,USED_FOR,TherapeuticUse,D001523,used_for,Plant part is associated with the respective therapeutic use
PlantPart,DA-ST-SE,USED_FOR,TherapeuticUse,D001733,used_for,Plant part is associated with the respective therapeutic use
PlantPart,DA-ST-SE,USED_FOR,TherapeuticUse,D001991,used_for,Plant part is associated with the respective therapeutic use
PlantPart,DA-ST-SE,USED_FOR,TherapeuticUse,D004204,used_for,Plant part is associated with the respective therapeutic use
PlantPart,DA-ST-SE,USED_FOR,TherapeuticUse,D004433,used_for,Plant part is associated with the respective therapeutic use
PlantPart,DA-ST-SE,USED_FOR,TherapeuticUse,D005667,used_for,Plant part is associated with the respective therapeutic use
PlantPart,DA-ST-SE,USED_FOR,TherapeuticUse,D006261,used_for,Plant part is associated with the respective therapeutic use
PlantPart,DA-ST-SE,USED_FOR,TherapeuticUse,D006484,used_for,Plant part is associated with the respective therapeutic use
PlantPart,DA-ST-SE,USED_FOR,TherapeuticUse,D006993,used_for,Plant part is associated with the respective therapeutic use
PlantPart,DA-ST-SE,USED_FOR,TherapeuticUse,D008599,used_for,Plant part is associated with the respective therapeutic use
PlantPart,DA-ST-SE,USED_FOR,TherapeuticUse,D009107,used_for,Plant part is associated with the respective therapeutic use
PlantPart,DA-ST-SE,USED_FOR,TherapeuticUse,D009294,used_for,Plant part is associated with the respective therapeutic use
PlantPart,DA-ST-SE,USED_FOR,TherapeuticUse,D010146,used_for,Plant part is associated with the respective therapeutic use
PlantPart,DA-ST-SE,USED_FOR,TherapeuticUse,D010276,used_for,Plant part is associated with the respective therapeutic use
PlantPart,DA-ST-SE,USED_FOR,TherapeuticUse,D012140,used_for,Plant part is associated with the respective therapeutic use
PlantPart,DA-ST-SE,USED_FOR,TherapeuticUse,D012749,used_for,Plant part is associated with the respective therapeutic use
PlantPart,DA-ST-SE,USED_FOR,TherapeuticUse,D014098,used_for,Plant part is associated with the respective therapeutic use
PlantPart,DA-ST-SE,USED_FOR,TherapeuticUse,D014456,used_for,Plant part is associated with the respective therapeutic use
PlantPart,DA-ST-SE,USED_FOR,TherapeuticUse,D014820,used_for,Plant part is associated with the respective therapeutic use
PlantPart,DA-ST-SE,USED_FOR,TherapeuticUse,D014947,used_for,Plant part is associated with the respective therapeutic use
PlantPart,DA-ST-SE,USED_FOR,TherapeuticUse,D018501,used_for,Plant part is associated with the respective therapeutic use
PlantPart,DA-ST-ST,USED_FOR,TherapeuticUse,D000900,used_for,Plant part is associated with the respective therapeutic use
PlantPart,DE-TR-FL,USED_FOR,TherapeuticUse,D000935,used_for,Plant part is associated with the respective therapeutic use
PlantPart,DE-TR-LE,USED_FOR,TherapeuticUse,D000038,used_for,Plant part is associated with the respective therapeutic use
PlantPart,DE-TR-LE,USED_FOR,TherapeuticUse,D000927,used_for,Plant part is associated with the respective therapeutic use
PlantPart,DE-TR-LE,USED_FOR,TherapeuticUse,D003371,used_for,Plant part is associated with the respective therapeutic use
PlantPart,DE-TR-LE,USED_FOR,TherapeuticUse,D003967,used_for,Plant part is associated with the respective therapeutic use
PlantPart,DE-TR-LE,USED_FOR,TherapeuticUse,D004232,used_for,Plant part is associated with the respective therapeutic use
PlantPart,DE-TR-LE,USED_FOR,TherapeuticUse,D004403,used_for,Plant part is associated with the respective therapeutic use
PlantPart,DE-TR-LE,USED_FOR,TherapeuticUse,D005128,used_for,Plant part is associated with the respective therapeutic use
PlantPart,DE-TR-LE,USED_FOR,TherapeuticUse,D005334,used_for,Plant part is associated with the respective therapeutic use
PlantPart,DE-TR-LE,USED_FOR,TherapeuticUse,D005414,used_for,Plant part is associated with the respective therapeutic use
PlantPart,DE-TR-LE,USED_FOR,TherapeuticUse,D009260,used_for,Plant part is associated with the respective therapeutic use
PlantPart,DE-TR-LE,USED_FOR,TherapeuticUse,D012060,used_for,Plant part is associated with the respective therapeutic use
PlantPart,DE-TR-LE,USED_FOR,TherapeuticUse,D012532,used_for,Plant part is associated with the respective therapeutic use
PlantPart,DE-TR-LE,USED_FOR,TherapeuticUse,D012871,used_for,Plant part is associated with the respective therapeutic use
PlantPart,DE-TR-LE,USED_FOR,TherapeuticUse,D012909,used_for,Plant part is associated with the respective therapeutic use
PlantPart,DE-TR-LE,USED_FOR,TherapeuticUse,D014098,used_for,Plant part is associated with the respective therapeutic use
PlantPart,DE-TR-LE,USED_FOR,TherapeuticUse,D014555,used_for,Plant part is associated with the respective therapeutic use
PlantPart,DE-TR-LE,USED_FOR,TherapeuticUse,D014947,used_for,Plant part is associated with the respective therapeutic use
PlantPart,DE-TR-LE,USED_FOR,TherapeuticUse,D054368,used_for,Plant part is associated with the respective therapeutic use
PlantPart,DE-TR-LE,USED_FOR,TherapeuticUse,D056669,used_for,Plant part is associated with the respective therapeutic use
PlantPart,DE-TR-RO,USED_FOR,TherapeuticUse,D000038,used_for,Plant part is associated with the respective therapeutic use
PlantPart,DE-TR-RO,USED_FOR,TherapeuticUse,D000697,used_for,Plant part is associated with the respective therapeutic use
PlantPart,DE-TR-RO,USED_FOR,TherapeuticUse,D000891,used_for,Plant part is associated with the respective therapeutic use
PlantPart,DE-TR-RO,USED_FOR,TherapeuticUse,D001249,used_for,Plant part is associated with the respective therapeutic use
PlantPart,DE-TR-RO,USED_FOR,TherapeuticUse,D003371,used_for,Plant part is associated with the respective therapeutic use
PlantPart,DE-TR-RO,USED_FOR,TherapeuticUse,D005128,used_for,Plant part is associated with the respective therapeutic use
PlantPart,DE-TR-RO,USED_FOR,TherapeuticUse,D005414,used_for,Plant part is associated with the respective therapeutic use
PlantPart,DE-TR-RO,USED_FOR,TherapeuticUse,D012060,used_for,Plant part is associated with the respective therapeutic use
PlantPart,DE-TR-RO,USED_FOR,TherapeuticUse,D012871,used_for,Plant part is associated with the respective therapeutic use
PlantPart,DE-TR-RO,USED_FOR,TherapeuticUse,D012909,used_for,Plant part is associated with the respective therapeutic use
PlantPart,DE-TR-RO,USED_FOR,TherapeuticUse,D013566,used_for,Plant part is associated with the respective therapeutic use
PlantPart,DE-TR-RO,USED_FOR,TherapeuticUse,D014555,used_for,Plant part is associated with the respective therapeutic use
PlantPart,DE-TR-RO,USED_FOR,TherapeuticUse,D014947,used_for,Plant part is associated with the respective therapeutic use
PlantPart,DE-TR-WH,USED_FOR,TherapeuticUse,D000038,used_for,Plant part is associated with the respective therapeutic use
PlantPart,DE-TR-WH,USED_FOR,TherapeuticUse,D014947,used_for,Plant part is associated with the respective therapeutic use
PlantPart,DO-VI-AE,USED_FOR,TherapeuticUse,D010276,used_for,Plant part is associated with the respective therapeutic use
PlantPart,DO-VI-BA,USED_FOR,TherapeuticUse,D000893,used_for,Plant part is associated with the respective therapeutic use
PlantPart,DO-VI-BA,USED_FOR,TherapeuticUse,D001252,used_for,Plant part is associated with the respective therapeutic use
PlantPart,DO-VI-BA,USED_FOR,TherapeuticUse,D004487,used_for,Plant part is associated with the respective therapeutic use
PlantPart,DO-VI-BA,USED_FOR,TherapeuticUse,D014947,used_for,Plant part is associated with the respective therapeutic use
PlantPart,DO-VI-BA,USED_FOR,TherapeuticUse,D018501,used_for,Plant part is associated with the respective therapeutic use
PlantPart,DO-VI-LE,USED_FOR,TherapeuticUse,D000893,used_for,Plant part is associated with the respective therapeutic use
PlantPart,DO-VI-LE,USED_FOR,TherapeuticUse,D000900,used_for,Plant part is associated with the respective therapeutic use
PlantPart,DO-VI-LE,USED_FOR,TherapeuticUse,D000935,used_for,Plant part is associated with the respective therapeutic use
PlantPart,DO-VI-LE,USED_FOR,TherapeuticUse,D001416,used_for,Plant part is associated with the respective therapeutic use
PlantPart,DO-VI-LE,USED_FOR,TherapeuticUse,D002056,used_for,Plant part is associated with the respective therapeutic use
PlantPart,DO-VI-LE,USED_FOR,TherapeuticUse,D003139,used_for,Plant part is associated with the respective therapeutic use
PlantPart,DO-VI-LE,USED_FOR,TherapeuticUse,D003371,used_for,Plant part is associated with the respective therapeutic use
PlantPart,DO-VI-LE,USED_FOR,TherapeuticUse,D004485,used_for,Plant part is associated with the respective therapeutic use
PlantPart,DO-VI-LE,USED_FOR,TherapeuticUse,D004487,used_for,Plant part is associated with the respective therapeutic use
PlantPart,DO-VI-LE,USED_FOR,TherapeuticUse,D004827,used_for,Plant part is associated with the respective therapeutic use
PlantPart,DO-VI-LE,USED_FOR,TherapeuticUse,D005334,used_for,Plant part is associated with the respective therapeutic use
PlantPart,DO-VI-LE,USED_FOR,TherapeuticUse,D006073,used_for,Plant part is associated with the respective therapeutic use
PlantPart,DO-VI-LE,USED_FOR,TherapeuticUse,D006261,used_for,Plant part is associated with the respective therapeutic use
PlantPart,DO-VI-LE,USED_FOR,TherapeuticUse,D007007,used_for,Plant part is associated with the respective therapeutic use
PlantPart,DO-VI-LE,USED_FOR,TherapeuticUse,D008599,used_for,Plant part is associated with the respective therapeutic use
PlantPart,DO-VI-LE,USED_FOR,TherapeuticUse,D010146,used_for,Plant part is associated with the respective therapeutic use
PlantPart,DO-VI-LE,USED_FOR,TherapeuticUse,D010276,used_for,Plant part is associated with the respective therapeutic use
PlantPart,DO-VI-LE,USED_FOR,TherapeuticUse,D012909,used_for,Plant part is associated with the respective therapeutic use
PlantPart,DO-VI-LE,USED_FOR,TherapeuticUse,D013180,used_for,Plant part is associated with the respective therapeutic use
PlantPart,DO-VI-LE,USED_FOR,TherapeuticUse,D014945,used_for,Plant part is associated with the respective therapeutic use
PlantPart,DO-VI-LE,USED_FOR,TherapeuticUse,D014947,used_for,Plant part is associated with the respective therapeutic use
PlantPart,DO-VI-LE,USED_FOR,TherapeuticUse,D018501,used_for,Plant part is associated with the respective therapeutic use
PlantPart,DO-VI-LE,USED_FOR,TherapeuticUse,D018771,used_for,Plant part is associated with the respective therapeutic use
PlantPart,DO-VI-LE,USED_FOR,TherapeuticUse,D050723,used_for,Plant part is associated with the respective therapeutic use
PlantPart,DO-VI-LE,USED_FOR,TherapeuticUse,D058633,used_for,Plant part is associated with the respective therapeutic use
PlantPart,DO-VI-PL,USED_FOR,TherapeuticUse,D015746,used_for,Plant part is associated with the respective therapeutic use
PlantPart,DO-VI-SE,USED_FOR,TherapeuticUse,D000900,used_for,Plant part is associated with the respective therapeutic use
PlantPart,DO-VI-SE,USED_FOR,TherapeuticUse,D001168,used_for,Plant part is associated with the respective therapeutic use
PlantPart,DO-VI-SE,USED_FOR,TherapeuticUse,D010146,used_for,Plant part is associated with the respective therapeutic use
PlantPart,DO-VI-SE,USED_FOR,TherapeuticUse,D013245,used_for,Plant part is associated with the respective therapeutic use
PlantPart,DO-VI-SE,USED_FOR,TherapeuticUse,D050723,used_for,Plant part is associated with the respective therapeutic use
PlantPart,DO-VI-TU,USED_FOR,TherapeuticUse,D014947,used_for,Plant part is associated with the respective therapeutic use
PlantPart,DO-VI-WH,USED_FOR,TherapeuticUse,D003139,used_for,Plant part is associated with the respective therapeutic use
PlantPart,DO-VI-WH,USED_FOR,TherapeuticUse,D004165,used_for,Plant part is associated with the respective therapeutic use
PlantPart,DO-VI-WH,USED_FOR,TherapeuticUse,D005076,used_for,Plant part is associated with the respective therapeutic use
PlantPart,DO-VI-WH,USED_FOR,TherapeuticUse,D006470,used_for,Plant part is associated with the respective therapeutic use
PlantPart,DO-VI-WH,USED_FOR,TherapeuticUse,D007251,used_for,Plant part is associated with the respective therapeutic use
PlantPart,DO-VI-WH,USED_FOR,TherapeuticUse,D010612,used_for,Plant part is associated with the respective therapeutic use
PlantPart,DO-VI-WH,USED_FOR,TherapeuticUse,D011014,used_for,Plant part is associated with the respective therapeutic use
PlantPart,DO-VI-WH,USED_FOR,TherapeuticUse,D011537,used_for,Plant part is associated with the respective therapeutic use
PlantPart,DO-VI-WH,USED_FOR,TherapeuticUse,D013272,used_for,Plant part is associated with the respective therapeutic use
PlantPart,DO-VI-WH,USED_FOR,TherapeuticUse,D014376,used_for,Plant part is associated with the respective therapeutic use
PlantPart,DO-VI-WH,USED_FOR,TherapeuticUse,D018501,used_for,Plant part is associated with the respective therapeutic use
PlantPart,EC-EC-FL,USED_FOR,TherapeuticUse,D004415,used_for,Plant part is associated with the respective therapeutic use
PlantPart,EC-EC-FL,USED_FOR,TherapeuticUse,D005299,used_for,Plant part is associated with the respective therapeutic use
PlantPart,EC-EC-FL,USED_FOR,TherapeuticUse,D007172,used_for,Plant part is associated with the respective therapeutic use
PlantPart,EC-EC-FL,USED_FOR,TherapeuticUse,D013587,used_for,Plant part is associated with the respective therapeutic use
PlantPart,EC-EC-FL,USED_FOR,TherapeuticUse,D014388,used_for,Plant part is associated with the respective therapeutic use
PlantPart,EC-EC-FR,USED_FOR,TherapeuticUse,D001046,used_for,Plant part is associated with the respective therapeutic use
PlantPart,EC-EC-FR,USED_FOR,TherapeuticUse,D001416,used_for,Plant part is associated with the respective therapeutic use
PlantPart,EC-EC-LE,USED_FOR,TherapeuticUse,D005299,used_for,Plant part is associated with the respective therapeutic use
PlantPart,EC-EC-LE,USED_FOR,TherapeuticUse,D005334,used_for,Plant part is associated with the respective therapeutic use
PlantPart,EC-EC-LE,USED_FOR,TherapeuticUse,D015746,used_for,Plant part is associated with the respective therapeutic use
PlantPart,EC-EC-LE,USED_FOR,TherapeuticUse,D048949,used_for,Plant part is associated with the respective therapeutic use
PlantPart,EC-EC-PL,USED_FOR,TherapeuticUse,D010373,used_for,Plant part is associated with the respective therapeutic use
PlantPart,EC-EC-RO,USED_FOR,TherapeuticUse,D000019,used_for,Plant part is associated with the respective therapeutic use
PlantPart,EC-EC-RO,USED_FOR,TherapeuticUse,D000891,used_for,Plant part is associated with the respective therapeutic use
PlantPart,EC-EC-RO,USED_FOR,TherapeuticUse,D000900,used_for,Plant part is associated with the respective therapeutic use
PlantPart,EC-EC-RO,USED_FOR,TherapeuticUse,D001046,used_for,Plant part is associated with the respective therapeutic use
PlantPart,EC-EC-RO,USED_FOR,TherapeuticUse,D001247,used_for,Plant part is associated with the respective therapeutic use
PlantPart,EC-EC-RO,USED_FOR,TherapeuticUse,D003085,used_for,Plant part is associated with the respective therapeutic use
PlantPart,EC-EC-RO,USED_FOR,TherapeuticUse,D003139,used_for,Plant part is associated with the respective therapeutic use
PlantPart,EC-EC-RO,USED_FOR,TherapeuticUse,D003270,used_for,Plant part is associated with the respective therapeutic use
PlantPart,EC-EC-RO,USED_FOR,TherapeuticUse,D004232,used_for,Plant part is associated with the respective therapeutic use
PlantPart,EC-EC-RO,USED_FOR,TherapeuticUse,D004485,used_for,Plant part is associated with the respective therapeutic use
PlantPart,EC-EC-RO,USED_FOR,TherapeuticUse,D007004,used_for,Plant part is associated with the respective therapeutic use
PlantPart,EC-EC-RO,USED_FOR,TherapeuticUse,D007306,used_for,Plant part is associated with the respective therapeutic use
PlantPart,EC-EC-RO,USED_FOR,TherapeuticUse,D007973,used_for,Plant part is associated with the respective therapeutic use
PlantPart,EC-EC-RO,USED_FOR,TherapeuticUse,D010146,used_for,Plant part is associated with the respective therapeutic use
PlantPart,EC-EC-RO,USED_FOR,TherapeuticUse,D010276,used_for,Plant part is associated with the respective therapeutic use
PlantPart,EC-EC-RO,USED_FOR,TherapeuticUse,D010373,used_for,Plant part is associated with the respective therapeutic use
PlantPart,EC-EC-RO,USED_FOR,TherapeuticUse,D010612,used_for,Plant part is associated with the respective therapeutic use
PlantPart,EC-EC-RO,USED_FOR,TherapeuticUse,D012735,used_for,Plant part is associated with the respective therapeutic use
PlantPart,EC-EC-RO,USED_FOR,TherapeuticUse,D014945,used_for,Plant part is associated with the respective therapeutic use
PlantPart,EC-EC-RO,USED_FOR,TherapeuticUse,D014947,used_for,Plant part is associated with the respective therapeutic use
PlantPart,EC-EC-RO,USED_FOR,TherapeuticUse,D015746,used_for,Plant part is associated with the respective therapeutic use
PlantPart,EC-EC-RO,USED_FOR,TherapeuticUse,D048949,used_for,Plant part is associated with the respective therapeutic use
PlantPart,EC-EC-RO,USED_FOR,TherapeuticUse,D065008,used_for,Plant part is associated with the respective therapeutic use
PlantPart,EC-EC-SE,USED_FOR,TherapeuticUse,D004415,used_for,Plant part is associated with the respective therapeutic use
PlantPart,EC-EC-SE,USED_FOR,TherapeuticUse,D004485,used_for,Plant part is associated with the respective therapeutic use
PlantPart,EC-EC-SE,USED_FOR,TherapeuticUse,D007172,used_for,Plant part is associated with the respective therapeutic use
PlantPart,EC-EC-SE,USED_FOR,TherapeuticUse,D013587,used_for,Plant part is associated with the respective therapeutic use
PlantPart,EC-EC-SE,USED_FOR,TherapeuticUse,D014388,used_for,Plant part is associated with the respective therapeutic use
PlantPart,EC-EC-ST,USED_FOR,TherapeuticUse,D048949,used_for,Plant part is associated with the respective therapeutic use
PlantPart,EC-EC-WH,USED_FOR,TherapeuticUse,D009422,used_for,Plant part is associated with the respective therapeutic use
PlantPart,EC-EC-WH,USED_FOR,TherapeuticUse,D010373,used_for,Plant part is associated with the respective therapeutic use
PlantPart,EC-EC-WH,USED_FOR,TherapeuticUse,D010612,used_for,Plant part is associated with the respective therapeutic use
PlantPart,EC-EC-WH,USED_FOR,TherapeuticUse,D012060,used_for,Plant part is associated with the respective therapeutic use
PlantPart,EC-PR-AE,USED_FOR,TherapeuticUse,D000900,used_for,Plant part is associated with the respective therapeutic use
PlantPart,EC-PR-AE,USED_FOR,TherapeuticUse,D000975,used_for,Plant part is associated with the respective therapeutic use
PlantPart,EC-PR-AE,USED_FOR,TherapeuticUse,D008288,used_for,Plant part is associated with the respective therapeutic use
PlantPart,EC-PR-AE,USED_FOR,TherapeuticUse,D018697,used_for,Plant part is associated with the respective therapeutic use
PlantPart,EC-PR-FL,USED_FOR,TherapeuticUse,D005334,used_for,Plant part is associated with the respective therapeutic use
PlantPart,EC-PR-FL,USED_FOR,TherapeuticUse,D006261,used_for,Plant part is associated with the respective therapeutic use
PlantPart,EC-PR-FL,USED_FOR,TherapeuticUse,D014098,used_for,Plant part is associated with the respective therapeutic use
PlantPart,EC-PR-FR,USED_FOR,TherapeuticUse,D000900,used_for,Plant part is associated with the respective therapeutic use
PlantPart,EC-PR-FR,USED_FOR,TherapeuticUse,D001046,used_for,Plant part is associated with the respective therapeutic use
PlantPart,EC-PR-FR,USED_FOR,TherapeuticUse,D007565,used_for,Plant part is associated with the respective therapeutic use
PlantPart,EC-PR-LE,USED_FOR,TherapeuticUse,D000152,used_for,Plant part is associated with the respective therapeutic use
PlantPart,EC-PR-LE,USED_FOR,TherapeuticUse,D000505,used_for,Plant part is associated with the respective therapeutic use
PlantPart,EC-PR-LE,USED_FOR,TherapeuticUse,D000506,used_for,Plant part is associated with the respective therapeutic use
PlantPart,EC-PR-LE,USED_FOR,TherapeuticUse,D000740,used_for,Plant part is associated with the respective therapeutic use
PlantPart,EC-PR-LE,USED_FOR,TherapeuticUse,D000758,used_for,Plant part is associated with the respective therapeutic use
PlantPart,EC-PR-LE,USED_FOR,TherapeuticUse,D000891,used_for,Plant part is associated with the respective therapeutic use
PlantPart,EC-PR-LE,USED_FOR,TherapeuticUse,D000893,used_for,Plant part is associated with the respective therapeutic use
PlantPart,EC-PR-LE,USED_FOR,TherapeuticUse,D000900,used_for,Plant part is associated with the respective therapeutic use
PlantPart,EC-PR-LE,USED_FOR,TherapeuticUse,D000935,used_for,Plant part is associated with the respective therapeutic use
PlantPart,EC-PR-LE,USED_FOR,TherapeuticUse,D000969,used_for,Plant part is associated with the respective therapeutic use
PlantPart,EC-PR-LE,USED_FOR,TherapeuticUse,D000975,used_for,Plant part is associated with the respective therapeutic use
PlantPart,EC-PR-LE,USED_FOR,TherapeuticUse,D000998,used_for,Plant part is associated with the respective therapeutic use
PlantPart,EC-PR-LE,USED_FOR,TherapeuticUse,D001046,used_for,Plant part is associated with the respective therapeutic use
PlantPart,EC-PR-LE,USED_FOR,TherapeuticUse,D001247,used_for,Plant part is associated with the respective therapeutic use
PlantPart,EC-PR-LE,USED_FOR,TherapeuticUse,D001249,used_for,Plant part is associated with the respective therapeutic use
PlantPart,EC-PR-LE,USED_FOR,TherapeuticUse,D001745,used_for,Plant part is associated with the respective therapeutic use
PlantPart,EC-PR-LE,USED_FOR,TherapeuticUse,D001927,used_for,Plant part is associated with the respective therapeutic use
PlantPart,EC-PR-LE,USED_FOR,TherapeuticUse,D001991,used_for,Plant part is associated with the respective therapeutic use
PlantPart,EC-PR-LE,USED_FOR,TherapeuticUse,D002056,used_for,Plant part is associated with the respective therapeutic use
PlantPart,EC-PR-LE,USED_FOR,TherapeuticUse,D002270,used_for,Plant part is associated with the respective therapeutic use
PlantPart,EC-PR-LE,USED_FOR,TherapeuticUse,D002400,used_for,Plant part is associated with the respective therapeutic use
PlantPart,EC-PR-LE,USED_FOR,TherapeuticUse,D003139,used_for,Plant part is associated with the respective therapeutic use
PlantPart,EC-PR-LE,USED_FOR,TherapeuticUse,D003231,used_for,Plant part is associated with the respective therapeutic use
PlantPart,EC-PR-LE,USED_FOR,TherapeuticUse,D003248,used_for,Plant part is associated with the respective therapeutic use
PlantPart,EC-PR-LE,USED_FOR,TherapeuticUse,D003371,used_for,Plant part is associated with the respective therapeutic use
PlantPart,EC-PR-LE,USED_FOR,TherapeuticUse,D003920,used_for,Plant part is associated with the respective therapeutic use
PlantPart,EC-PR-LE,USED_FOR,TherapeuticUse,D003967,used_for,Plant part is associated with the respective therapeutic use
PlantPart,EC-PR-LE,USED_FOR,TherapeuticUse,D004066,used_for,Plant part is associated with the respective therapeutic use
PlantPart,EC-PR-LE,USED_FOR,TherapeuticUse,D004232,used_for,Plant part is associated with the respective therapeutic use
PlantPart,EC-PR-LE,USED_FOR,TherapeuticUse,D004403,used_for,Plant part is associated with the respective therapeutic use
PlantPart,EC-PR-LE,USED_FOR,TherapeuticUse,D004485,used_for,Plant part is associated with the respective therapeutic use
PlantPart,EC-PR-LE,USED_FOR,TherapeuticUse,D004487,used_for,Plant part is associated with the respective therapeutic use
PlantPart,EC-PR-LE,USED_FOR,TherapeuticUse,D004604,used_for,Plant part is associated with the respective therapeutic use
PlantPart,EC-PR-LE,USED_FOR,TherapeuticUse,D004827,used_for,Plant part is associated with the respective therapeutic use
PlantPart,EC-PR-LE,USED_FOR,TherapeuticUse,D005128,used_for,Plant part is associated with the respective therapeutic use
PlantPart,EC-PR-LE,USED_FOR,TherapeuticUse,D005334,used_for,Plant part is associated with the respective therapeutic use
PlantPart,EC-PR-LE,USED_FOR,TherapeuticUse,D005667,used_for,Plant part is associated with the respective therapeutic use
PlantPart,EC-PR-LE,USED_FOR,TherapeuticUse,D005744,used_for,Plant part is associated with the respective therapeutic use
PlantPart,EC-PR-LE,USED_FOR,TherapeuticUse,D005767,used_for,Plant part is associated with the respective therapeutic use
PlantPart,EC-PR-LE,USED_FOR,TherapeuticUse,D005891,used_for,Plant part is associated with the respective therapeutic use
PlantPart,EC-PR-LE,USED_FOR,TherapeuticUse,D006201,used_for,Plant part is associated with the respective therapeutic use
PlantPart,EC-PR-LE,USED_FOR,TherapeuticUse,D006261,used_for,Plant part is associated with the respective therapeutic use
PlantPart,EC-PR-LE,USED_FOR,TherapeuticUse,D006331,used_for,Plant part is associated with the respective therapeutic use
PlantPart,EC-PR-LE,USED_FOR,TherapeuticUse,D006402,used_for,Plant part is associated with the respective therapeutic use
PlantPart,EC-PR-LE,USED_FOR,TherapeuticUse,D006470,used_for,Plant part is associated with the respective therapeutic use
PlantPart,EC-PR-LE,USED_FOR,TherapeuticUse,D006529,used_for,Plant part is associated with the respective therapeutic use
PlantPart,EC-PR-LE,USED_FOR,TherapeuticUse,D006949,used_for,Plant part is associated with the respective therapeutic use
PlantPart,EC-PR-LE,USED_FOR,TherapeuticUse,D006993,used_for,Plant part is associated with the respective therapeutic use
PlantPart,EC-PR-LE,USED_FOR,TherapeuticUse,D007022,used_for,Plant part is associated with the respective therapeutic use
PlantPart,EC-PR-LE,USED_FOR,TherapeuticUse,D007249,used_for,Plant part is associated with the respective therapeutic use
PlantPart,EC-PR-LE,USED_FOR,TherapeuticUse,D007306,used_for,Plant part is associated with the respective therapeutic use
PlantPart,EC-PR-LE,USED_FOR,TherapeuticUse,D007410,used_for,Plant part is associated with the respective therapeutic use
PlantPart,EC-PR-LE,USED_FOR,TherapeuticUse,D007565,used_for,Plant part is associated with the respective therapeutic use
PlantPart,EC-PR-LE,USED_FOR,TherapeuticUse,D007669,used_for,Plant part is associated with the respective therapeutic use
PlantPart,EC-PR-LE,USED_FOR,TherapeuticUse,D007674,used_for,Plant part is associated with the respective therapeutic use
PlantPart,EC-PR-LE,USED_FOR,TherapeuticUse,D007896,used_for,Plant part is associated with the respective therapeutic use
PlantPart,EC-PR-LE,USED_FOR,TherapeuticUse,D007918,used_for,Plant part is associated with the respective therapeutic use
PlantPart,EC-PR-LE,USED_FOR,TherapeuticUse,D007973,used_for,Plant part is associated with the respective therapeutic use
PlantPart,EC-PR-LE,USED_FOR,TherapeuticUse,D008103,used_for,Plant part is associated with the respective therapeutic use
PlantPart,EC-PR-LE,USED_FOR,TherapeuticUse,D008107,used_for,Plant part is associated with the respective therapeutic use
PlantPart,EC-PR-LE,USED_FOR,TherapeuticUse,D008199,used_for,Plant part is associated with the respective therapeutic use
PlantPart,EC-PR-LE,USED_FOR,TherapeuticUse,D008288,used_for,Plant part is associated with the respective therapeutic use
PlantPart,EC-PR-LE,USED_FOR,TherapeuticUse,D008595,used_for,Plant part is associated with the respective therapeutic use
PlantPart,EC-PR-LE,USED_FOR,TherapeuticUse,D009059,used_for,Plant part is associated with the respective therapeutic use
PlantPart,EC-PR-LE,USED_FOR,TherapeuticUse,D009201,used_for,Plant part is associated with the respective therapeutic use
PlantPart,EC-PR-LE,USED_FOR,TherapeuticUse,D009260,used_for,Plant part is associated with the respective therapeutic use
PlantPart,EC-PR-LE,USED_FOR,TherapeuticUse,D010146,used_for,Plant part is associated with the respective therapeutic use
PlantPart,EC-PR-LE,USED_FOR,TherapeuticUse,D010373,used_for,Plant part is associated with the respective therapeutic use
PlantPart,EC-PR-LE,USED_FOR,TherapeuticUse,D010510,used_for,Plant part is associated with the respective therapeutic use
PlantPart,EC-PR-LE,USED_FOR,TherapeuticUse,D012060,used_for,Plant part is associated with the respective therapeutic use
PlantPart,EC-PR-LE,USED_FOR,TherapeuticUse,D012871,used_for,Plant part is associated with the respective therapeutic use
PlantPart,EC-PR-LE,USED_FOR,TherapeuticUse,D012874,used_for,Plant part is associated with the respective therapeutic use
PlantPart,EC-PR-LE,USED_FOR,TherapeuticUse,D012909,used_for,Plant part is associated with the respective therapeutic use
PlantPart,EC-PR-LE,USED_FOR,TherapeuticUse,D013158,used_for,Plant part is associated with the respective therapeutic use
PlantPart,EC-PR-LE,USED_FOR,TherapeuticUse,D013163,used_for,Plant part is associated with the respective therapeutic use
PlantPart,EC-PR-LE,USED_FOR,TherapeuticUse,D013272,used_for,Plant part is associated with the respective therapeutic use
PlantPart,EC-PR-LE,USED_FOR,TherapeuticUse,D014098,used_for,Plant part is associated with the respective therapeutic use
PlantPart,EC-PR-LE,USED_FOR,TherapeuticUse,D014456,used_for,Plant part is associated with the respective therapeutic use
PlantPart,EC-PR-LE,USED_FOR,TherapeuticUse,D014570,used_for,Plant part is associated with the respective therapeutic use
PlantPart,EC-PR-LE,USED_FOR,TherapeuticUse,D014592,used_for,Plant part is associated with the respective therapeutic use
PlantPart,EC-PR-LE,USED_FOR,TherapeuticUse,D014786,used_for,Plant part is associated with the respective therapeutic use
PlantPart,EC-PR-LE,USED_FOR,TherapeuticUse,D014820,used_for,Plant part is associated with the respective therapeutic use
PlantPart,EC-PR-LE,USED_FOR,TherapeuticUse,D014945,used_for,Plant part is associated with the respective therapeutic use
PlantPart,EC-PR-LE,USED_FOR,TherapeuticUse,D014947,used_for,Plant part is associated with the respective therapeutic use
PlantPart,EC-PR-LE,USED_FOR,TherapeuticUse,D015746,used_for,Plant part is associated with the respective therapeutic use
PlantPart,EC-PR-LE,USED_FOR,TherapeuticUse,D017592,used_for,Plant part is associated with the respective therapeutic use
PlantPart,EC-PR-LE,USED_FOR,TherapeuticUse,D018501,used_for,Plant part is associated with the respective therapeutic use
PlantPart,EC-PR-LE,USED_FOR,TherapeuticUse,D019167,used_for,Plant part is associated with the respective therapeutic use
PlantPart,EC-PR-LE,USED_FOR,TherapeuticUse,D020069,used_for,Plant part is associated with the respective therapeutic use
PlantPart,EC-PR-LE,USED_FOR,TherapeuticUse,D063807,used_for,Plant part is associated with the respective therapeutic use
PlantPart,EC-PR-LE,USED_FOR,TherapeuticUse,D065008,used_for,Plant part is associated with the respective therapeutic use
PlantPart,EC-PR-RO,USED_FOR,TherapeuticUse,D000505,used_for,Plant part is associated with the respective therapeutic use
PlantPart,EC-PR-RO,USED_FOR,TherapeuticUse,D000891,used_for,Plant part is associated with the respective therapeutic use
PlantPart,EC-PR-RO,USED_FOR,TherapeuticUse,D000935,used_for,Plant part is associated with the respective therapeutic use
PlantPart,EC-PR-RO,USED_FOR,TherapeuticUse,D000969,used_for,Plant part is associated with the respective therapeutic use
PlantPart,EC-PR-RO,USED_FOR,TherapeuticUse,D000998,used_for,Plant part is associated with the respective therapeutic use
PlantPart,EC-PR-RO,USED_FOR,TherapeuticUse,D001249,used_for,Plant part is associated with the respective therapeutic use
PlantPart,EC-PR-RO,USED_FOR,TherapeuticUse,D002400,used_for,Plant part is associated with the respective therapeutic use
PlantPart,EC-PR-RO,USED_FOR,TherapeuticUse,D003248,used_for,Plant part is associated with the respective therapeutic use
PlantPart,EC-PR-RO,USED_FOR,TherapeuticUse,D003967,used_for,Plant part is associated with the respective therapeutic use
PlantPart,EC-PR-RO,USED_FOR,TherapeuticUse,D004403,used_for,Plant part is associated with the respective therapeutic use
PlantPart,EC-PR-RO,USED_FOR,TherapeuticUse,D004485,used_for,Plant part is associated with the respective therapeutic use
PlantPart,EC-PR-RO,USED_FOR,TherapeuticUse,D004639,used_for,Plant part is associated with the respective therapeutic use
PlantPart,EC-PR-RO,USED_FOR,TherapeuticUse,D005128,used_for,Plant part is associated with the respective therapeutic use
PlantPart,EC-PR-RO,USED_FOR,TherapeuticUse,D006470,used_for,Plant part is associated with the respective therapeutic use
PlantPart,EC-PR-RO,USED_FOR,TherapeuticUse,D006505,used_for,Plant part is associated with the respective therapeutic use
PlantPart,EC-PR-RO,USED_FOR,TherapeuticUse,D007306,used_for,Plant part is associated with the respective therapeutic use
PlantPart,EC-PR-RO,USED_FOR,TherapeuticUse,D007565,used_for,Plant part is associated with the respective therapeutic use
PlantPart,EC-PR-RO,USED_FOR,TherapeuticUse,D007918,used_for,Plant part is associated with the respective therapeutic use
PlantPart,EC-PR-RO,USED_FOR,TherapeuticUse,D008107,used_for,Plant part is associated with the respective therapeutic use
PlantPart,EC-PR-RO,USED_FOR,TherapeuticUse,D008288,used_for,Plant part is associated with the respective therapeutic use
PlantPart,EC-PR-RO,USED_FOR,TherapeuticUse,D012060,used_for,Plant part is associated with the respective therapeutic use
PlantPart,EC-PR-RO,USED_FOR,TherapeuticUse,D012871,used_for,Plant part is associated with the respective therapeutic use
PlantPart,EC-PR-RO,USED_FOR,TherapeuticUse,D012909,used_for,Plant part is associated with the respective therapeutic use
PlantPart,EC-PR-RO,USED_FOR,TherapeuticUse,D013163,used_for,Plant part is associated with the respective therapeutic use
PlantPart,EC-PR-RO,USED_FOR,TherapeuticUse,D014456,used_for,Plant part is associated with the respective therapeutic use
PlantPart,EC-PR-RO,USED_FOR,TherapeuticUse,D014947,used_for,Plant part is associated with the respective therapeutic use
PlantPart,EC-PR-RO,USED_FOR,TherapeuticUse,D065008,used_for,Plant part is associated with the respective therapeutic use
PlantPart,EC-PR-SE,USED_FOR,TherapeuticUse,D000505,used_for,Plant part is associated with the respective therapeutic use
PlantPart,EC-PR-SE,USED_FOR,TherapeuticUse,D000998,used_for,Plant part is associated with the respective therapeutic use
PlantPart,EC-PR-SE,USED_FOR,TherapeuticUse,D001046,used_for,Plant part is associated with the respective therapeutic use
PlantPart,EC-PR-SE,USED_FOR,TherapeuticUse,D001249,used_for,Plant part is associated with the respective therapeutic use
PlantPart,EC-PR-SE,USED_FOR,TherapeuticUse,D005128,used_for,Plant part is associated with the respective therapeutic use
PlantPart,EC-PR-SE,USED_FOR,TherapeuticUse,D005299,used_for,Plant part is associated with the respective therapeutic use
PlantPart,EC-PR-SE,USED_FOR,TherapeuticUse,D007565,used_for,Plant part is associated with the respective therapeutic use
PlantPart,EC-PR-SE,USED_FOR,TherapeuticUse,D008107,used_for,Plant part is associated with the respective therapeutic use
PlantPart,EC-PR-SE,USED_FOR,TherapeuticUse,D012060,used_for,Plant part is associated with the respective therapeutic use
PlantPart,EC-PR-SE,USED_FOR,TherapeuticUse,D013163,used_for,Plant part is associated with the respective therapeutic use
PlantPart,EC-PR-SE,USED_FOR,TherapeuticUse,D014947,used_for,Plant part is associated with the respective therapeutic use
PlantPart,EC-PR-ST,USED_FOR,TherapeuticUse,D000505,used_for,Plant part is associated with the respective therapeutic use
PlantPart,EC-PR-ST,USED_FOR,TherapeuticUse,D000893,used_for,Plant part is associated with the respective therapeutic use
PlantPart,EC-PR-ST,USED_FOR,TherapeuticUse,D001733,used_for,Plant part is associated with the respective therapeutic use
PlantPart,EC-PR-ST,USED_FOR,TherapeuticUse,D003231,used_for,Plant part is associated with the respective therapeutic use
PlantPart,EC-PR-ST,USED_FOR,TherapeuticUse,D003248,used_for,Plant part is associated with the respective therapeutic use
PlantPart,EC-PR-ST,USED_FOR,TherapeuticUse,D006261,used_for,Plant part is associated with the respective therapeutic use
PlantPart,EC-PR-ST,USED_FOR,TherapeuticUse,D006402,used_for,Plant part is associated with the respective therapeutic use
PlantPart,EC-PR-ST,USED_FOR,TherapeuticUse,D006993,used_for,Plant part is associated with the respective therapeutic use
PlantPart,EC-PR-ST,USED_FOR,TherapeuticUse,D007565,used_for,Plant part is associated with the respective therapeutic use
PlantPart,EC-PR-ST,USED_FOR,TherapeuticUse,D008107,used_for,Plant part is associated with the respective therapeutic use
PlantPart,EC-PR-ST,USED_FOR,TherapeuticUse,D009059,used_for,Plant part is associated with the respective therapeutic use
PlantPart,EC-PR-ST,USED_FOR,TherapeuticUse,D014947,used_for,Plant part is associated with the respective therapeutic use
PlantPart,EC-PR-WH,USED_FOR,TherapeuticUse,D000505,used_for,Plant part is associated with the respective therapeutic use
PlantPart,EC-PR-WH,USED_FOR,TherapeuticUse,D000740,used_for,Plant part is associated with the respective therapeutic use
PlantPart,EC-PR-WH,USED_FOR,TherapeuticUse,D000871,used_for,Plant part is associated with the respective therapeutic use
PlantPart,EC-PR-WH,USED_FOR,TherapeuticUse,D000970,used_for,Plant part is associated with the respective therapeutic use
PlantPart,EC-PR-WH,USED_FOR,TherapeuticUse,D000998,used_for,Plant part is associated with the respective therapeutic use
PlantPart,EC-PR-WH,USED_FOR,TherapeuticUse,D001249,used_for,Plant part is associated with the respective therapeutic use
PlantPart,EC-PR-WH,USED_FOR,TherapeuticUse,D001991,used_for,Plant part is associated with the respective therapeutic use
PlantPart,EC-PR-WH,USED_FOR,TherapeuticUse,D003139,used_for,Plant part is associated with the respective therapeutic use
PlantPart,EC-PR-WH,USED_FOR,TherapeuticUse,D003231,used_for,Plant part is associated with the respective therapeutic use
PlantPart,EC-PR-WH,USED_FOR,TherapeuticUse,D003248,used_for,Plant part is associated with the respective therapeutic use
PlantPart,EC-PR-WH,USED_FOR,TherapeuticUse,D003371,used_for,Plant part is associated with the respective therapeutic use
PlantPart,EC-PR-WH,USED_FOR,TherapeuticUse,D003967,used_for,Plant part is associated with the respective therapeutic use
PlantPart,EC-PR-WH,USED_FOR,TherapeuticUse,D004403,used_for,Plant part is associated with the respective therapeutic use
PlantPart,EC-PR-WH,USED_FOR,TherapeuticUse,D004433,used_for,Plant part is associated with the respective therapeutic use
PlantPart,EC-PR-WH,USED_FOR,TherapeuticUse,D004485,used_for,Plant part is associated with the respective therapeutic use
PlantPart,EC-PR-WH,USED_FOR,TherapeuticUse,D004604,used_for,Plant part is associated with the respective therapeutic use
PlantPart,EC-PR-WH,USED_FOR,TherapeuticUse,D005334,used_for,Plant part is associated with the respective therapeutic use
PlantPart,EC-PR-WH,USED_FOR,TherapeuticUse,D005744,used_for,Plant part is associated with the respective therapeutic use
PlantPart,EC-PR-WH,USED_FOR,TherapeuticUse,D006201,used_for,Plant part is associated with the respective therapeutic use
PlantPart,EC-PR-WH,USED_FOR,TherapeuticUse,D006202,used_for,Plant part is associated with the respective therapeutic use
PlantPart,EC-PR-WH,USED_FOR,TherapeuticUse,D006261,used_for,Plant part is associated with the respective therapeutic use
PlantPart,EC-PR-WH,USED_FOR,TherapeuticUse,D006331,used_for,Plant part is associated with the respective therapeutic use
PlantPart,EC-PR-WH,USED_FOR,TherapeuticUse,D006417,used_for,Plant part is associated with the respective therapeutic use
PlantPart,EC-PR-WH,USED_FOR,TherapeuticUse,D007249,used_for,Plant part is associated with the respective therapeutic use
PlantPart,EC-PR-WH,USED_FOR,TherapeuticUse,D007565,used_for,Plant part is associated with the respective therapeutic use
PlantPart,EC-PR-WH,USED_FOR,TherapeuticUse,D008099,used_for,Plant part is associated with the respective therapeutic use
PlantPart,EC-PR-WH,USED_FOR,TherapeuticUse,D008107,used_for,Plant part is associated with the respective therapeutic use
PlantPart,EC-PR-WH,USED_FOR,TherapeuticUse,D008199,used_for,Plant part is associated with the respective therapeutic use
PlantPart,EC-PR-WH,USED_FOR,TherapeuticUse,D008288,used_for,Plant part is associated with the respective therapeutic use
PlantPart,EC-PR-WH,USED_FOR,TherapeuticUse,D012220,used_for,Plant part is associated with the respective therapeutic use
PlantPart,EC-PR-WH,USED_FOR,TherapeuticUse,D012871,used_for,Plant part is associated with the respective therapeutic use
PlantPart,EC-PR-WH,USED_FOR,TherapeuticUse,D012909,used_for,Plant part is associated with the respective therapeutic use
PlantPart,EC-PR-WH,USED_FOR,TherapeuticUse,D013158,used_for,Plant part is associated with the respective therapeutic use
PlantPart,EC-PR-WH,USED_FOR,TherapeuticUse,D013163,used_for,Plant part is associated with the respective therapeutic use
PlantPart,EC-PR-WH,USED_FOR,TherapeuticUse,D013245,used_for,Plant part is associated with the respective therapeutic use
PlantPart,EC-PR-WH,USED_FOR,TherapeuticUse,D014069,used_for,Plant part is associated with the respective therapeutic use
PlantPart,EC-PR-WH,USED_FOR,TherapeuticUse,D014098,used_for,Plant part is associated with the respective therapeutic use
PlantPart,EC-PR-WH,USED_FOR,TherapeuticUse,D014456,used_for,Plant part is associated with the respective therapeutic use
PlantPart,EC-PR-WH,USED_FOR,TherapeuticUse,D014552,used_for,Plant part is associated with the respective therapeutic use
PlantPart,EC-PR-WH,USED_FOR,TherapeuticUse,D014947,used_for,Plant part is associated with the respective therapeutic use
PlantPart,EC-PR-WH,USED_FOR,TherapeuticUse,D016523,used_for,Plant part is associated with the respective therapeutic use
PlantPart,EC-PR-WH,USED_FOR,TherapeuticUse,D018501,used_for,Plant part is associated with the respective therapeutic use
PlantPart,EC-PR-WH,USED_FOR,TherapeuticUse,D065008,used_for,Plant part is associated with the respective therapeutic use
PlantPart,EL-SE-AE,USED_FOR,TherapeuticUse,D002318,used_for,Plant part is associated with the respective therapeutic use
PlantPart,EL-SE-AE,USED_FOR,TherapeuticUse,D004232,used_for,Plant part is associated with the respective therapeutic use
PlantPart,EL-SE-AE,USED_FOR,TherapeuticUse,D006261,used_for,Plant part is associated with the respective therapeutic use
PlantPart,EL-SE-BA,USED_FOR,TherapeuticUse,D002492,used_for,Plant part is associated with the respective therapeutic use
PlantPart,EL-SE-BA,USED_FOR,TherapeuticUse,D003920,used_for,Plant part is associated with the respective therapeutic use
PlantPart,EL-SE-BA,USED_FOR,TherapeuticUse,D004415,used_for,Plant part is associated with the respective therapeutic use
PlantPart,EL-SE-BA,USED_FOR,TherapeuticUse,D007004,used_for,Plant part is associated with the respective therapeutic use
PlantPart,EL-SE-BA,USED_FOR,TherapeuticUse,D019167,used_for,Plant part is associated with the respective therapeutic use
PlantPart,EL-SE-FR,USED_FOR,TherapeuticUse,D000855,used_for,Plant part is associated with the respective therapeutic use
PlantPart,EL-SE-FR,USED_FOR,TherapeuticUse,D000893,used_for,Plant part is associated with the respective therapeutic use
PlantPart,EL-SE-FR,USED_FOR,TherapeuticUse,D000900,used_for,Plant part is associated with the respective therapeutic use
PlantPart,EL-SE-FR,USED_FOR,TherapeuticUse,D000927,used_for,Plant part is associated with the respective therapeutic use
PlantPart,EL-SE-FR,USED_FOR,TherapeuticUse,D000935,used_for,Plant part is associated with the respective therapeutic use
PlantPart,EL-SE-FR,USED_FOR,TherapeuticUse,D001249,used_for,Plant part is associated with the respective therapeutic use
PlantPart,EL-SE-FR,USED_FOR,TherapeuticUse,D001523,used_for,Plant part is associated with the respective therapeutic use
PlantPart,EL-SE-FR,USED_FOR,TherapeuticUse,D001927,used_for,Plant part is associated with the respective therapeutic use
PlantPart,EL-SE-FR,USED_FOR,TherapeuticUse,D001991,used_for,Plant part is associated with the respective therapeutic use
PlantPart,EL-SE-FR,USED_FOR,TherapeuticUse,D001993,used_for,Plant part is associated with the respective therapeutic use
PlantPart,EL-SE-FR,USED_FOR,TherapeuticUse,D002316,used_for,Plant part is associated with the respective therapeutic use
PlantPart,EL-SE-FR,USED_FOR,TherapeuticUse,D002492,used_for,Plant part is associated with the respective therapeutic use
PlantPart,EL-SE-FR,USED_FOR,TherapeuticUse,D002756,used_for,Plant part is associated with the respective therapeutic use
PlantPart,EL-SE-FR,USED_FOR,TherapeuticUse,D002779,used_for,Plant part is associated with the respective therapeutic use
PlantPart,EL-SE-FR,USED_FOR,TherapeuticUse,D003371,used_for,Plant part is associated with the respective therapeutic use
PlantPart,EL-SE-FR,USED_FOR,TherapeuticUse,D003920,used_for,Plant part is associated with the respective therapeutic use
PlantPart,EL-SE-FR,USED_FOR,TherapeuticUse,D003967,used_for,Plant part is associated with the respective therapeutic use
PlantPart,EL-SE-FR,USED_FOR,TherapeuticUse,D004403,used_for,Plant part is associated with the respective therapeutic use
PlantPart,EL-SE-FR,USED_FOR,TherapeuticUse,D004827,used_for,Plant part is associated with the respective therapeutic use
PlantPart,EL-SE-FR,USED_FOR,TherapeuticUse,D006261,used_for,Plant part is associated with the respective therapeutic use
PlantPart,EL-SE-FR,USED_FOR,TherapeuticUse,D006993,used_for,Plant part is associated with the respective therapeutic use
PlantPart,EL-SE-FR,USED_FOR,TherapeuticUse,D007004,used_for,Plant part is associated with the respective therapeutic use
PlantPart,EL-SE-FR,USED_FOR,TherapeuticUse,D007022,used_for,Plant part is associated with the respective therapeutic use
PlantPart,EL-SE-FR,USED_FOR,TherapeuticUse,D009437,used_for,Plant part is associated with the respective therapeutic use
PlantPart,EL-SE-FR,USED_FOR,TherapeuticUse,D010276,used_for,Plant part is associated with the respective therapeutic use
PlantPart,EL-SE-FR,USED_FOR,TherapeuticUse,D019167,used_for,Plant part is associated with the respective therapeutic use
PlantPart,EL-SE-LE,USED_FOR,TherapeuticUse,D000931,used_for,Plant part is associated with the respective therapeutic use
PlantPart,EL-SE-LE,USED_FOR,TherapeuticUse,D018501,used_for,Plant part is associated with the respective therapeutic use
PlantPart,EL-SE-SE,USED_FOR,TherapeuticUse,D000927,used_for,Plant part is associated with the respective therapeutic use
PlantPart,EL-SE-SE,USED_FOR,TherapeuticUse,D001523,used_for,Plant part is associated with the respective therapeutic use
PlantPart,EL-SE-SE,USED_FOR,TherapeuticUse,D001927,used_for,Plant part is associated with the respective therapeutic use
PlantPart,EL-SE-SE,USED_FOR,TherapeuticUse,D001991,used_for,Plant part is associated with the respective therapeutic use
PlantPart,EL-SE-SE,USED_FOR,TherapeuticUse,D003866,used_for,Plant part is associated with the respective therapeutic use
PlantPart,EL-SE-SE,USED_FOR,TherapeuticUse,D004643,used_for,Plant part is associated with the respective therapeutic use
PlantPart,EL-SE-SE,USED_FOR,TherapeuticUse,D004827,used_for,Plant part is associated with the respective therapeutic use
PlantPart,EL-SE-SE,USED_FOR,TherapeuticUse,D005100,used_for,Plant part is associated with the respective therapeutic use
PlantPart,EL-SE-SE,USED_FOR,TherapeuticUse,D005334,used_for,Plant part is associated with the respective therapeutic use
PlantPart,EL-SE-SE,USED_FOR,TherapeuticUse,D006261,used_for,Plant part is associated with the respective therapeutic use
PlantPart,EL-SE-SE,USED_FOR,TherapeuticUse,D006331,used_for,Plant part is associated with the respective therapeutic use
PlantPart,EL-SE-SE,USED_FOR,TherapeuticUse,D006973,used_for,Plant part is associated with the respective therapeutic use
PlantPart,EL-SE-SE,USED_FOR,TherapeuticUse,D006993,used_for,Plant part is associated with the respective therapeutic use
PlantPart,EL-SE-SE,USED_FOR,TherapeuticUse,D007319,used_for,Plant part is associated with the respective therapeutic use
PlantPart,EL-SE-SE,USED_FOR,TherapeuticUse,D008107,used_for,Plant part is associated with the respective therapeutic use
PlantPart,EL-SE-SE,USED_FOR,TherapeuticUse,D008457,used_for,Plant part is associated with the respective therapeutic use
PlantPart,EL-SE-SE,USED_FOR,TherapeuticUse,D018697,used_for,Plant part is associated with the respective therapeutic use
PlantPart,EL-SE-SE,USED_FOR,TherapeuticUse,D056747,used_for,Plant part is associated with the respective therapeutic use
PlantPart,EL-SE-SE,USED_FOR,TherapeuticUse,D058633,used_for,Plant part is associated with the respective therapeutic use
PlantPart,EU-HI-AE,USED_FOR,TherapeuticUse,D000893,used_for,Plant part is associated with the respective therapeutic use
PlantPart,EU-HI-AE,USED_FOR,TherapeuticUse,D000900,used_for,Plant part is associated with the respective therapeutic use
PlantPart,EU-HI-AE,USED_FOR,TherapeuticUse,D000935,used_for,Plant part is associated with the respective therapeutic use
PlantPart,EU-HI-AE,USED_FOR,TherapeuticUse,D000995,used_for,Plant part is associated with the respective therapeutic use
PlantPart,EU-HI-AE,USED_FOR,TherapeuticUse,D001249,used_for,Plant part is associated with the respective therapeutic use
PlantPart,EU-HI-AE,USED_FOR,TherapeuticUse,D001982,used_for,Plant part is associated with the respective therapeutic use
PlantPart,EU-HI-AE,USED_FOR,TherapeuticUse,D003920,used_for,Plant part is associated with the respective therapeutic use
PlantPart,EU-HI-AE,USED_FOR,TherapeuticUse,D006484,used_for,Plant part is associated with the respective therapeutic use
PlantPart,EU-HI-AE,USED_FOR,TherapeuticUse,D006633,used_for,Plant part is associated with the respective therapeutic use
PlantPart,EU-HI-AE,USED_FOR,TherapeuticUse,D007166,used_for,Plant part is associated with the respective therapeutic use
PlantPart,EU-HI-AE,USED_FOR,TherapeuticUse,D007896,used_for,Plant part is associated with the respective therapeutic use
PlantPart,EU-HI-BA,USED_FOR,TherapeuticUse,D001046,used_for,Plant part is associated with the respective therapeutic use
PlantPart,EU-HI-BA,USED_FOR,TherapeuticUse,D006484,used_for,Plant part is associated with the respective therapeutic use
PlantPart,EU-HI-FL,USED_FOR,TherapeuticUse,D000152,used_for,Plant part is associated with the respective therapeutic use
PlantPart,EU-HI-FL,USED_FOR,TherapeuticUse,D000900,used_for,Plant part is associated with the respective therapeutic use
PlantPart,EU-HI-FL,USED_FOR,TherapeuticUse,D000935,used_for,Plant part is associated with the respective therapeutic use
PlantPart,EU-HI-FL,USED_FOR,TherapeuticUse,D003920,used_for,Plant part is associated with the respective therapeutic use
PlantPart,EU-HI-FL,USED_FOR,TherapeuticUse,D007775,used_for,Plant part is associated with the respective therapeutic use
PlantPart,EU-HI-FL,USED_FOR,TherapeuticUse,D056669,used_for,Plant part is associated with the respective therapeutic use
PlantPart,EU-HI-FR,USED_FOR,TherapeuticUse,D056669,used_for,Plant part is associated with the respective therapeutic use
PlantPart,EU-HI-LE,USED_FOR,TherapeuticUse,D000485,used_for,Plant part is associated with the respective therapeutic use
PlantPart,EU-HI-LE,USED_FOR,TherapeuticUse,D000740,used_for,Plant part is associated with the respective therapeutic use
PlantPart,EU-HI-LE,USED_FOR,TherapeuticUse,D000900,used_for,Plant part is associated with the respective therapeutic use
PlantPart,EU-HI-LE,USED_FOR,TherapeuticUse,D000935,used_for,Plant part is associated with the respective therapeutic use
PlantPart,EU-HI-LE,USED_FOR,TherapeuticUse,D000975,used_for,Plant part is associated with the respective therapeutic use
PlantPart,EU-HI-LE,USED_FOR,TherapeuticUse,D000981,used_for,Plant part is associated with the respective therapeutic use
PlantPart,EU-HI-LE,USED_FOR,TherapeuticUse,D000998,used_for,Plant part is associated with the respective therapeutic use
PlantPart,EU-HI-LE,USED_FOR,TherapeuticUse,D001046,used_for,Plant part is associated with the respective therapeutic use
PlantPart,EU-HI-LE,USED_FOR,TherapeuticUse,D001249,used_for,Plant part is associated with the respective therapeutic use
PlantPart,EU-HI-LE,USED_FOR,TherapeuticUse,D001768,used_for,Plant part is associated with the respective therapeutic use
PlantPart,EU-HI-LE,USED_FOR,TherapeuticUse,D001991,used_for,Plant part is associated with the respective therapeutic use
PlantPart,EU-HI-LE,USED_FOR,TherapeuticUse,D002056,used_for,Plant part is associated with the respective therapeutic use
PlantPart,EU-HI-LE,USED_FOR,TherapeuticUse,D003085,used_for,Plant part is associated with the respective therapeutic use
PlantPart,EU-HI-LE,USED_FOR,TherapeuticUse,D003920,used_for,Plant part is associated with the respective therapeutic use
PlantPart,EU-HI-LE,USED_FOR,TherapeuticUse,D003967,used_for,Plant part is associated with the respective therapeutic use
PlantPart,EU-HI-LE,USED_FOR,TherapeuticUse,D004403,used_for,Plant part is associated with the respective therapeutic use
PlantPart,EU-HI-LE,USED_FOR,TherapeuticUse,D004433,used_for,Plant part is associated with the respective therapeutic use
PlantPart,EU-HI-LE,USED_FOR,TherapeuticUse,D004485,used_for,Plant part is associated with the respective therapeutic use
PlantPart,EU-HI-LE,USED_FOR,TherapeuticUse,D004487,used_for,Plant part is associated with the respective therapeutic use
PlantPart,EU-HI-LE,USED_FOR,TherapeuticUse,D005126,used_for,Plant part is associated with the respective therapeutic use
PlantPart,EU-HI-LE,USED_FOR,TherapeuticUse,D005128,used_for,Plant part is associated with the respective therapeutic use
PlantPart,EU-HI-LE,USED_FOR,TherapeuticUse,D005334,used_for,Plant part is associated with the respective therapeutic use
PlantPart,EU-HI-LE,USED_FOR,TherapeuticUse,D005667,used_for,Plant part is associated with the respective therapeutic use
PlantPart,EU-HI-LE,USED_FOR,TherapeuticUse,D005767,used_for,Plant part is associated with the respective therapeutic use
PlantPart,EU-HI-LE,USED_FOR,TherapeuticUse,D006069,used_for,Plant part is associated with the respective therapeutic use
PlantPart,EU-HI-LE,USED_FOR,TherapeuticUse,D006470,used_for,Plant part is associated with the respective therapeutic use
PlantPart,EU-HI-LE,USED_FOR,TherapeuticUse,D007306,used_for,Plant part is associated with the respective therapeutic use
PlantPart,EU-HI-LE,USED_FOR,TherapeuticUse,D007565,used_for,Plant part is associated with the respective therapeutic use
PlantPart,EU-HI-LE,USED_FOR,TherapeuticUse,D007775,used_for,Plant part is associated with the respective therapeutic use
PlantPart,EU-HI-LE,USED_FOR,TherapeuticUse,D007973,used_for,Plant part is associated with the respective therapeutic use
PlantPart,EU-HI-LE,USED_FOR,TherapeuticUse,D008595,used_for,Plant part is associated with the respective therapeutic use
PlantPart,EU-HI-LE,USED_FOR,TherapeuticUse,D008881,used_for,Plant part is associated with the respective therapeutic use
PlantPart,EU-HI-LE,USED_FOR,TherapeuticUse,D010035,used_for,Plant part is associated with the respective therapeutic use
PlantPart,EU-HI-LE,USED_FOR,TherapeuticUse,D011537,used_for,Plant part is associated with the respective therapeutic use
PlantPart,EU-HI-LE,USED_FOR,TherapeuticUse,D012532,used_for,Plant part is associated with the respective therapeutic use
PlantPart,EU-HI-LE,USED_FOR,TherapeuticUse,D012871,used_for,Plant part is associated with the respective therapeutic use
PlantPart,EU-HI-LE,USED_FOR,TherapeuticUse,D013272,used_for,Plant part is associated with the respective therapeutic use
PlantPart,EU-HI-LE,USED_FOR,TherapeuticUse,D014555,used_for,Plant part is associated with the respective therapeutic use
PlantPart,EU-HI-LE,USED_FOR,TherapeuticUse,D014947,used_for,Plant part is associated with the respective therapeutic use
PlantPart,EU-HI-LE,USED_FOR,TherapeuticUse,D018771,used_for,Plant part is associated with the respective therapeutic use
PlantPart,EU-HI-PL,USED_FOR,TherapeuticUse,D000038,used_for,Plant part is associated with the respective therapeutic use
PlantPart,EU-HI-PL,USED_FOR,TherapeuticUse,D000152,used_for,Plant part is associated with the respective therapeutic use
PlantPart,EU-HI-PL,USED_FOR,TherapeuticUse,D000871,used_for,Plant part is associated with the respective therapeutic use
PlantPart,EU-HI-PL,USED_FOR,TherapeuticUse,D001249,used_for,Plant part is associated with the respective therapeutic use
PlantPart,EU-HI-PL,USED_FOR,TherapeuticUse,D001982,used_for,Plant part is associated with the respective therapeutic use
PlantPart,EU-HI-PL,USED_FOR,TherapeuticUse,D003231,used_for,Plant part is associated with the respective therapeutic use
PlantPart,EU-HI-PL,USED_FOR,TherapeuticUse,D003316,used_for,Plant part is associated with the respective therapeutic use
PlantPart,EU-HI-PL,USED_FOR,TherapeuticUse,D003371,used_for,Plant part is associated with the respective therapeutic use
PlantPart,EU-HI-PL,USED_FOR,TherapeuticUse,D004403,used_for,Plant part is associated with the respective therapeutic use
PlantPart,EU-HI-PL,USED_FOR,TherapeuticUse,D004485,used_for,Plant part is associated with the respective therapeutic use
PlantPart,EU-HI-PL,USED_FOR,TherapeuticUse,D005128,used_for,Plant part is associated with the respective therapeutic use
PlantPart,EU-HI-PL,USED_FOR,TherapeuticUse,D005767,used_for,Plant part is associated with the respective therapeutic use
PlantPart,EU-HI-PL,USED_FOR,TherapeuticUse,D006484,used_for,Plant part is associated with the respective therapeutic use
PlantPart,EU-HI-PL,USED_FOR,TherapeuticUse,D009877,used_for,Plant part is associated with the respective therapeutic use
PlantPart,EU-HI-PL,USED_FOR,TherapeuticUse,D012532,used_for,Plant part is associated with the respective therapeutic use
PlantPart,EU-HI-PL,USED_FOR,TherapeuticUse,D012871,used_for,Plant part is associated with the respective therapeutic use
PlantPart,EU-HI-PL,USED_FOR,TherapeuticUse,D014570,used_for,Plant part is associated with the respective therapeutic use
PlantPart,EU-HI-PL,USED_FOR,TherapeuticUse,D014820,used_for,Plant part is associated with the respective therapeutic use
PlantPart,EU-HI-PL,USED_FOR,TherapeuticUse,D014860,used_for,Plant part is associated with the respective therapeutic use
PlantPart,EU-HI-PL,USED_FOR,TherapeuticUse,D014947,used_for,Plant part is associated with the respective therapeutic use
PlantPart,EU-HI-PL,USED_FOR,TherapeuticUse,D015817,used_for,Plant part is associated with the respective therapeutic use
PlantPart,EU-HI-PL,USED_FOR,TherapeuticUse,D056669,used_for,Plant part is associated with the respective therapeutic use
PlantPart,EU-HI-PL,USED_FOR,TherapeuticUse,D065008,used_for,Plant part is associated with the respective therapeutic use
PlantPart,EU-HI-RO,USED_FOR,TherapeuticUse,D000038,used_for,Plant part is associated with the respective therapeutic use
PlantPart,EU-HI-RO,USED_FOR,TherapeuticUse,D000740,used_for,Plant part is associated with the respective therapeutic use
PlantPart,EU-HI-RO,USED_FOR,TherapeuticUse,D000969,used_for,Plant part is associated with the respective therapeutic use
PlantPart,EU-HI-RO,USED_FOR,TherapeuticUse,D000998,used_for,Plant part is associated with the respective therapeutic use
PlantPart,EU-HI-RO,USED_FOR,TherapeuticUse,D001982,used_for,Plant part is associated with the respective therapeutic use
PlantPart,EU-HI-RO,USED_FOR,TherapeuticUse,D003139,used_for,Plant part is associated with the respective therapeutic use
PlantPart,EU-HI-RO,USED_FOR,TherapeuticUse,D005334,used_for,Plant part is associated with the respective therapeutic use
PlantPart,EU-HI-RO,USED_FOR,TherapeuticUse,D005667,used_for,Plant part is associated with the respective therapeutic use
PlantPart,EU-HI-RO,USED_FOR,TherapeuticUse,D007973,used_for,Plant part is associated with the respective therapeutic use
PlantPart,EU-HI-RO,USED_FOR,TherapeuticUse,D008288,used_for,Plant part is associated with the respective therapeutic use
PlantPart,EU-HI-RO,USED_FOR,TherapeuticUse,D012909,used_for,Plant part is associated with the respective therapeutic use
PlantPart,EU-HI-RO,USED_FOR,TherapeuticUse,D014555,used_for,Plant part is associated with the respective therapeutic use
PlantPart,EU-HI-RO,USED_FOR,TherapeuticUse,D014839,used_for,Plant part is associated with the respective therapeutic use
PlantPart,EU-HI-RO,USED_FOR,TherapeuticUse,D014947,used_for,Plant part is associated with the respective therapeutic use
PlantPart,EU-HI-RO,USED_FOR,TherapeuticUse,D015746,used_for,Plant part is associated with the respective therapeutic use
PlantPart,EU-HI-RO,USED_FOR,TherapeuticUse,D056669,used_for,Plant part is associated with the respective therapeutic use
PlantPart,EU-HI-ST,USED_FOR,TherapeuticUse,D000038,used_for,Plant part is associated with the respective therapeutic use
PlantPart,EU-HI-ST,USED_FOR,TherapeuticUse,D000935,used_for,Plant part is associated with the respective therapeutic use
PlantPart,EU-HI-ST,USED_FOR,TherapeuticUse,D002179,used_for,Plant part is associated with the respective therapeutic use
PlantPart,EU-HI-ST,USED_FOR,TherapeuticUse,D005128,used_for,Plant part is associated with the respective therapeutic use
PlantPart,EU-HI-ST,USED_FOR,TherapeuticUse,D005667,used_for,Plant part is associated with the respective therapeutic use
PlantPart,EU-HI-ST,USED_FOR,TherapeuticUse,D011537,used_for,Plant part is associated with the respective therapeutic use
PlantPart,EU-HI-ST,USED_FOR,TherapeuticUse,D012871,used_for,Plant part is associated with the respective therapeutic use
PlantPart,EU-HI-WH,USED_FOR,TherapeuticUse,D000152,used_for,Plant part is associated with the respective therapeutic use
PlantPart,EU-HI-WH,USED_FOR,TherapeuticUse,D000700,used_for,Plant part is associated with the respective therapeutic use
PlantPart,EU-HI-WH,USED_FOR,TherapeuticUse,D000871,used_for,Plant part is associated with the respective therapeutic use
PlantPart,EU-HI-WH,USED_FOR,TherapeuticUse,D000893,used_for,Plant part is associated with the respective therapeutic use
PlantPart,EU-HI-WH,USED_FOR,TherapeuticUse,D000970,used_for,Plant part is associated with the respective therapeutic use
PlantPart,EU-HI-WH,USED_FOR,TherapeuticUse,D001249,used_for,Plant part is associated with the respective therapeutic use
PlantPart,EU-HI-WH,USED_FOR,TherapeuticUse,D001991,used_for,Plant part is associated with the respective therapeutic use
PlantPart,EU-HI-WH,USED_FOR,TherapeuticUse,D003085,used_for,Plant part is associated with the respective therapeutic use
PlantPart,EU-HI-WH,USED_FOR,TherapeuticUse,D003231,used_for,Plant part is associated with the respective therapeutic use
PlantPart,EU-HI-WH,USED_FOR,TherapeuticUse,D003371,used_for,Plant part is associated with the respective therapeutic use
PlantPart,EU-HI-WH,USED_FOR,TherapeuticUse,D003967,used_for,Plant part is associated with the respective therapeutic use
PlantPart,EU-HI-WH,USED_FOR,TherapeuticUse,D004066,used_for,Plant part is associated with the respective therapeutic use
PlantPart,EU-HI-WH,USED_FOR,TherapeuticUse,D004403,used_for,Plant part is associated with the respective therapeutic use
PlantPart,EU-HI-WH,USED_FOR,TherapeuticUse,D004733,used_for,Plant part is associated with the respective therapeutic use
PlantPart,EU-HI-WH,USED_FOR,TherapeuticUse,D005667,used_for,Plant part is associated with the respective therapeutic use
PlantPart,EU-HI-WH,USED_FOR,TherapeuticUse,D006069,used_for,Plant part is associated with the respective therapeutic use
PlantPart,EU-HI-WH,USED_FOR,TherapeuticUse,D006255,used_for,Plant part is associated with the respective therapeutic use
PlantPart,EU-HI-WH,USED_FOR,TherapeuticUse,D006993,used_for,Plant part is associated with the respective therapeutic use
PlantPart,EU-HI-WH,USED_FOR,TherapeuticUse,D007022,used_for,Plant part is associated with the respective therapeutic use
PlantPart,EU-HI-WH,USED_FOR,TherapeuticUse,D007411,used_for,Plant part is associated with the respective therapeutic use
PlantPart,EU-HI-WH,USED_FOR,TherapeuticUse,D007565,used_for,Plant part is associated with the respective therapeutic use
PlantPart,EU-HI-WH,USED_FOR,TherapeuticUse,D007775,used_for,Plant part is associated with the respective therapeutic use
PlantPart,EU-HI-WH,USED_FOR,TherapeuticUse,D007827,used_for,Plant part is associated with the respective therapeutic use
PlantPart,EU-HI-WH,USED_FOR,TherapeuticUse,D009369,used_for,Plant part is associated with the respective therapeutic use
PlantPart,EU-HI-WH,USED_FOR,TherapeuticUse,D010276,used_for,Plant part is associated with the respective therapeutic use
PlantPart,EU-HI-WH,USED_FOR,TherapeuticUse,D012140,used_for,Plant part is associated with the respective therapeutic use
PlantPart,EU-HI-WH,USED_FOR,TherapeuticUse,D014151,used_for,Plant part is associated with the respective therapeutic use
PlantPart,EU-HI-WH,USED_FOR,TherapeuticUse,D014570,used_for,Plant part is associated with the respective therapeutic use
PlantPart,EU-HI-WH,USED_FOR,TherapeuticUse,D014839,used_for,Plant part is associated with the respective therapeutic use
PlantPart,EU-HI-WH,USED_FOR,TherapeuticUse,D014860,used_for,Plant part is associated with the respective therapeutic use
PlantPart,EU-HI-WH,USED_FOR,TherapeuticUse,D015440,used_for,Plant part is associated with the respective therapeutic use
PlantPart,EU-HI-WH,USED_FOR,TherapeuticUse,D019226,used_for,Plant part is associated with the respective therapeutic use
PlantPart,EU-HI-WH,USED_FOR,TherapeuticUse,D053159,used_for,Plant part is associated with the respective therapeutic use
PlantPart,EU-HI-WH,USED_FOR,TherapeuticUse,D058633,used_for,Plant part is associated with the respective therapeutic use
PlantPart,EU-TI-AE,USED_FOR,TherapeuticUse,D000981,used_for,Plant part is associated with the respective therapeutic use
PlantPart,EU-TI-BA,USED_FOR,TherapeuticUse,D001249,used_for,Plant part is associated with the respective therapeutic use
PlantPart,EU-TI-BA,USED_FOR,TherapeuticUse,D003085,used_for,Plant part is associated with the respective therapeutic use
PlantPart,EU-TI-BA,USED_FOR,TherapeuticUse,D015746,used_for,Plant part is associated with the respective therapeutic use
PlantPart,EU-TI-LE,USED_FOR,TherapeuticUse,D002400,used_for,Plant part is associated with the respective therapeutic use
PlantPart,EU-TI-LE,USED_FOR,TherapeuticUse,D003371,used_for,Plant part is associated with the respective therapeutic use
PlantPart,EU-TI-LE,USED_FOR,TherapeuticUse,D004433,used_for,Plant part is associated with the respective therapeutic use
PlantPart,EU-TI-LE,USED_FOR,TherapeuticUse,D004639,used_for,Plant part is associated with the respective therapeutic use
PlantPart,EU-TI-LE,USED_FOR,TherapeuticUse,D008107,used_for,Plant part is associated with the respective therapeutic use
PlantPart,EU-TI-LE,USED_FOR,TherapeuticUse,D009437,used_for,Plant part is associated with the respective therapeutic use
PlantPart,EU-TI-LE,USED_FOR,TherapeuticUse,D014098,used_for,Plant part is associated with the respective therapeutic use
PlantPart,EU-TI-LE,USED_FOR,TherapeuticUse,D014860,used_for,Plant part is associated with the respective therapeutic use
PlantPart,EU-TI-PL,USED_FOR,TherapeuticUse,D001249,used_for,Plant part is associated with the respective therapeutic use
PlantPart,EU-TI-PL,USED_FOR,TherapeuticUse,D002400,used_for,Plant part is associated with the respective therapeutic use
PlantPart,EU-TI-PL,USED_FOR,TherapeuticUse,D003248,used_for,Plant part is associated with the respective therapeutic use
PlantPart,EU-TI-PL,USED_FOR,TherapeuticUse,D004433,used_for,Plant part is associated with the respective therapeutic use
PlantPart,EU-TI-PL,USED_FOR,TherapeuticUse,D004485,used_for,Plant part is associated with the respective therapeutic use
PlantPart,EU-TI-PL,USED_FOR,TherapeuticUse,D004487,used_for,Plant part is associated with the respective therapeutic use
PlantPart,EU-TI-PL,USED_FOR,TherapeuticUse,D006261,used_for,Plant part is associated with the respective therapeutic use
PlantPart,EU-TI-PL,USED_FOR,TherapeuticUse,D006484,used_for,Plant part is associated with the respective therapeutic use
PlantPart,EU-TI-PL,USED_FOR,TherapeuticUse,D007249,used_for,Plant part is associated with the respective therapeutic use
PlantPart,EU-TI-PL,USED_FOR,TherapeuticUse,D008881,used_for,Plant part is associated with the respective therapeutic use
PlantPart,EU-TI-PL,USED_FOR,TherapeuticUse,D009437,used_for,Plant part is associated with the respective therapeutic use
PlantPart,EU-TI-PL,USED_FOR,TherapeuticUse,D010146,used_for,Plant part is associated with the respective therapeutic use
PlantPart,EU-TI-PL,USED_FOR,TherapeuticUse,D011041,used_for,Plant part is associated with the respective therapeutic use
PlantPart,EU-TI-PL,USED_FOR,TherapeuticUse,D012532,used_for,Plant part is associated with the respective therapeutic use
PlantPart,EU-TI-PL,USED_FOR,TherapeuticUse,D014098,used_for,Plant part is associated with the respective therapeutic use
PlantPart,EU-TI-PL,USED_FOR,TherapeuticUse,D014947,used_for,Plant part is associated with the respective therapeutic use
PlantPart,EU-TI-PL,USED_FOR,TherapeuticUse,D015746,used_for,Plant part is associated with the respective therapeutic use
PlantPart,EU-TI-PL,USED_FOR,TherapeuticUse,D018501,used_for,Plant part is associated with the respective therapeutic use
PlantPart,EU-TI-PL,USED_FOR,TherapeuticUse,D050723,used_for,Plant part is associated with the respective therapeutic use
PlantPart,EU-TI-RO,USED_FOR,TherapeuticUse,D003085,used_for,Plant part is associated with the respective therapeutic use
PlantPart,EU-TI-ST,USED_FOR,TherapeuticUse,D000019,used_for,Plant part is associated with the respective therapeutic use
PlantPart,EU-TI-ST,USED_FOR,TherapeuticUse,D000935,used_for,Plant part is associated with the respective therapeutic use
PlantPart,EU-TI-ST,USED_FOR,TherapeuticUse,D002400,used_for,Plant part is associated with the respective therapeutic use
PlantPart,EU-TI-ST,USED_FOR,TherapeuticUse,D003371,used_for,Plant part is associated with the respective therapeutic use
PlantPart,EU-TI-ST,USED_FOR,TherapeuticUse,D004433,used_for,Plant part is associated with the respective therapeutic use
PlantPart,EU-TI-ST,USED_FOR,TherapeuticUse,D004639,used_for,Plant part is associated with the respective therapeutic use
PlantPart,EU-TI-ST,USED_FOR,TherapeuticUse,D014098,used_for,Plant part is associated with the respective therapeutic use
PlantPart,EU-TI-ST,USED_FOR,TherapeuticUse,D014947,used_for,Plant part is associated with the respective therapeutic use
PlantPart,EU-TI-ST,USED_FOR,TherapeuticUse,D058633,used_for,Plant part is associated with the respective therapeutic use
PlantPart,EU-TI-WH,USED_FOR,TherapeuticUse,D000890,used_for,Plant part is associated with the respective therapeutic use
PlantPart,EU-TI-WH,USED_FOR,TherapeuticUse,D001249,used_for,Plant part is associated with the respective therapeutic use
PlantPart,EU-TI-WH,USED_FOR,TherapeuticUse,D001766,used_for,Plant part is associated with the respective therapeutic use
PlantPart,EU-TI-WH,USED_FOR,TherapeuticUse,D002400,used_for,Plant part is associated with the respective therapeutic use
PlantPart,EU-TI-WH,USED_FOR,TherapeuticUse,D003139,used_for,Plant part is associated with the respective therapeutic use
PlantPart,EU-TI-WH,USED_FOR,TherapeuticUse,D003371,used_for,Plant part is associated with the respective therapeutic use
PlantPart,EU-TI-WH,USED_FOR,TherapeuticUse,D004433,used_for,Plant part is associated with the respective therapeutic use
PlantPart,EU-TI-WH,USED_FOR,TherapeuticUse,D005334,used_for,Plant part is associated with the respective therapeutic use
PlantPart,EU-TI-WH,USED_FOR,TherapeuticUse,D007246,used_for,Plant part is associated with the respective therapeutic use
PlantPart,EU-TI-WH,USED_FOR,TherapeuticUse,D009107,used_for,Plant part is associated with the respective therapeutic use
PlantPart,EU-TI-WH,USED_FOR,TherapeuticUse,D009375,used_for,Plant part is associated with the respective therapeutic use
PlantPart,EU-TI-WH,USED_FOR,TherapeuticUse,D010146,used_for,Plant part is associated with the respective therapeutic use
PlantPart,EU-TI-WH,USED_FOR,TherapeuticUse,D010612,used_for,Plant part is associated with the respective therapeutic use
PlantPart,EU-TI-WH,USED_FOR,TherapeuticUse,D011181,used_for,Plant part is associated with the respective therapeutic use
PlantPart,EU-TI-WH,USED_FOR,TherapeuticUse,D012509,used_for,Plant part is associated with the respective therapeutic use
PlantPart,EU-TI-WH,USED_FOR,TherapeuticUse,D012878,used_for,Plant part is associated with the respective therapeutic use
PlantPart,EU-TI-WH,USED_FOR,TherapeuticUse,D012909,used_for,Plant part is associated with the respective therapeutic use
PlantPart,EU-TI-WH,USED_FOR,TherapeuticUse,D013272,used_for,Plant part is associated with the respective therapeutic use
PlantPart,EU-TI-WH,USED_FOR,TherapeuticUse,D013587,used_for,Plant part is associated with the respective therapeutic use
PlantPart,EU-TI-WH,USED_FOR,TherapeuticUse,D014098,used_for,Plant part is associated with the respective therapeutic use
PlantPart,EU-TI-WH,USED_FOR,TherapeuticUse,D014860,used_for,Plant part is associated with the respective therapeutic use
PlantPart,EU-TI-WH,USED_FOR,TherapeuticUse,D018501,used_for,Plant part is associated with the respective therapeutic use
PlantPart,FI-AU-BA,USED_FOR,TherapeuticUse,D000871,used_for,Plant part is associated with the respective therapeutic use
PlantPart,FI-AU-BA,USED_FOR,TherapeuticUse,D001745,used_for,Plant part is associated with the respective therapeutic use
PlantPart,FI-AU-BA,USED_FOR,TherapeuticUse,D003967,used_for,Plant part is associated with the respective therapeutic use
PlantPart,FI-AU-FR,USED_FOR,TherapeuticUse,D000871,used_for,Plant part is associated with the respective therapeutic use
PlantPart,FI-AU-FR,USED_FOR,TherapeuticUse,D001745,used_for,Plant part is associated with the respective therapeutic use
PlantPart,FI-AU-FR,USED_FOR,TherapeuticUse,D003920,used_for,Plant part is associated with the respective therapeutic use
PlantPart,FI-AU-FR,USED_FOR,TherapeuticUse,D003967,used_for,Plant part is associated with the respective therapeutic use
PlantPart,FI-AU-FR,USED_FOR,TherapeuticUse,D004403,used_for,Plant part is associated with the respective therapeutic use
PlantPart,FI-AU-FR,USED_FOR,TherapeuticUse,D004415,used_for,Plant part is associated with the respective therapeutic use
PlantPart,FI-AU-FR,USED_FOR,TherapeuticUse,D006973,used_for,Plant part is associated with the respective therapeutic use
PlantPart,FI-AU-FR,USED_FOR,TherapeuticUse,D007172,used_for,Plant part is associated with the respective therapeutic use
PlantPart,FI-AU-FR,USED_FOR,TherapeuticUse,D015746,used_for,Plant part is associated with the respective therapeutic use
PlantPart,FI-AU-LE,USED_FOR,TherapeuticUse,D001745,used_for,Plant part is associated with the respective therapeutic use
PlantPart,FI-AU-LE,USED_FOR,TherapeuticUse,D001768,used_for,Plant part is associated with the respective therapeutic use
PlantPart,FI-AU-LE,USED_FOR,TherapeuticUse,D003920,used_for,Plant part is associated with the respective therapeutic use
PlantPart,FI-AU-LE,USED_FOR,TherapeuticUse,D005667,used_for,Plant part is associated with the respective therapeutic use
PlantPart,FI-AU-LE,USED_FOR,TherapeuticUse,D014820,used_for,Plant part is associated with the respective therapeutic use
PlantPart,FI-AU-ST,USED_FOR,TherapeuticUse,D004403,used_for,Plant part is associated with the respective therapeutic use
PlantPart,FI-BE-AE,USED_FOR,TherapeuticUse,D004232,used_for,Plant part is associated with the respective therapeutic use
PlantPart,FI-BE-BA,USED_FOR,TherapeuticUse,D000890,used_for,Plant part is associated with the respective therapeutic use
PlantPart,FI-BE-BA,USED_FOR,TherapeuticUse,D001991,used_for,Plant part is associated with the respective therapeutic use
PlantPart,FI-BE-BA,USED_FOR,TherapeuticUse,D003288,used_for,Plant part is associated with the respective therapeutic use
PlantPart,FI-BE-BA,USED_FOR,TherapeuticUse,D006261,used_for,Plant part is associated with the respective therapeutic use
PlantPart,FI-BE-BA,USED_FOR,TherapeuticUse,D008107,used_for,Plant part is associated with the respective therapeutic use
PlantPart,FI-BE-BA,USED_FOR,TherapeuticUse,D014947,used_for,Plant part is associated with the respective therapeutic use
PlantPart,FI-BE-LE,USED_FOR,TherapeuticUse,D000700,used_for,Plant part is associated with the respective therapeutic use
PlantPart,FI-BE-LE,USED_FOR,TherapeuticUse,D000935,used_for,Plant part is associated with the respective therapeutic use
PlantPart,FI-BE-LE,USED_FOR,TherapeuticUse,D003316,used_for,Plant part is associated with the respective therapeutic use
PlantPart,FI-BE-LE,USED_FOR,TherapeuticUse,D012532,used_for,Plant part is associated with the respective therapeutic use
PlantPart,FI-BE-LE,USED_FOR,TherapeuticUse,D014456,used_for,Plant part is associated with the respective therapeutic use
PlantPart,FI-BE-LE,USED_FOR,TherapeuticUse,D014947,used_for,Plant part is associated with the respective therapeutic use
PlantPart,FI-BE-PL,USED_FOR,TherapeuticUse,D012871,used_for,Plant part is associated with the respective therapeutic use
PlantPart,FI-BE-PL,USED_FOR,TherapeuticUse,D014820,used_for,Plant part is associated with the respective therapeutic use
PlantPart,FI-BE-RO,USED_FOR,TherapeuticUse,D003288,used_for,Plant part is associated with the respective therapeutic use
PlantPart,FI-BE-RO,USED_FOR,TherapeuticUse,D014947,used_for,Plant part is associated with the respective therapeutic use
PlantPart,FI-BE-SE,USED_FOR,TherapeuticUse,D006384,used_for,Plant part is associated with the respective therapeutic use
PlantPart,FI-RE-BA,USED_FOR,TherapeuticUse,D000038,used_for,Plant part is associated with the respective therapeutic use
PlantPart,FI-RE-BA,USED_FOR,TherapeuticUse,D000505,used_for,Plant part is associated with the respective therapeutic use
PlantPart,FI-RE-BA,USED_FOR,TherapeuticUse,D000700,used_for,Plant part is associated with the respective therapeutic use
PlantPart,FI-RE-BA,USED_FOR,TherapeuticUse,D000871,used_for,Plant part is associated with the respective therapeutic use
PlantPart,FI-RE-BA,USED_FOR,TherapeuticUse,D000891,used_for,Plant part is associated with the respective therapeutic use
PlantPart,FI-RE-BA,USED_FOR,TherapeuticUse,D000893,used_for,Plant part is associated with the respective therapeutic use
PlantPart,FI-RE-BA,USED_FOR,TherapeuticUse,D000900,used_for,Plant part is associated with the respective therapeutic use
PlantPart,FI-RE-BA,USED_FOR,TherapeuticUse,D000935,used_for,Plant part is associated with the respective therapeutic use
PlantPart,FI-RE-BA,USED_FOR,TherapeuticUse,D000960,used_for,Plant part is associated with the respective therapeutic use
PlantPart,FI-RE-BA,USED_FOR,TherapeuticUse,D000975,used_for,Plant part is associated with the respective therapeutic use
PlantPart,FI-RE-BA,USED_FOR,TherapeuticUse,D000981,used_for,Plant part is associated with the respective therapeutic use
PlantPart,FI-RE-BA,USED_FOR,TherapeuticUse,D000998,used_for,Plant part is associated with the respective therapeutic use
PlantPart,FI-RE-BA,USED_FOR,TherapeuticUse,D001046,used_for,Plant part is associated with the respective therapeutic use
PlantPart,FI-RE-BA,USED_FOR,TherapeuticUse,D001249,used_for,Plant part is associated with the respective therapeutic use
PlantPart,FI-RE-BA,USED_FOR,TherapeuticUse,D001252,used_for,Plant part is associated with the respective therapeutic use
PlantPart,FI-RE-BA,USED_FOR,TherapeuticUse,D001768,used_for,Plant part is associated with the respective therapeutic use
PlantPart,FI-RE-BA,USED_FOR,TherapeuticUse,D002056,used_for,Plant part is associated with the respective therapeutic use
PlantPart,FI-RE-BA,USED_FOR,TherapeuticUse,D002400,used_for,Plant part is associated with the respective therapeutic use
PlantPart,FI-RE-BA,USED_FOR,TherapeuticUse,D003085,used_for,Plant part is associated with the respective therapeutic use
PlantPart,FI-RE-BA,USED_FOR,TherapeuticUse,D003139,used_for,Plant part is associated with the respective therapeutic use
PlantPart,FI-RE-BA,USED_FOR,TherapeuticUse,D003371,used_for,Plant part is associated with the respective therapeutic use
PlantPart,FI-RE-BA,USED_FOR,TherapeuticUse,D003731,used_for,Plant part is associated with the respective therapeutic use
PlantPart,FI-RE-BA,USED_FOR,TherapeuticUse,D003872,used_for,Plant part is associated with the respective therapeutic use
PlantPart,FI-RE-BA,USED_FOR,TherapeuticUse,D003879,used_for,Plant part is associated with the respective therapeutic use
PlantPart,FI-RE-BA,USED_FOR,TherapeuticUse,D003920,used_for,Plant part is associated with the respective therapeutic use
PlantPart,FI-RE-BA,USED_FOR,TherapeuticUse,D003967,used_for,Plant part is associated with the respective therapeutic use
PlantPart,FI-RE-BA,USED_FOR,TherapeuticUse,D004066,used_for,Plant part is associated with the respective therapeutic use
PlantPart,FI-RE-BA,USED_FOR,TherapeuticUse,D004403,used_for,Plant part is associated with the respective therapeutic use
PlantPart,FI-RE-BA,USED_FOR,TherapeuticUse,D004415,used_for,Plant part is associated with the respective therapeutic use
PlantPart,FI-RE-BA,USED_FOR,TherapeuticUse,D004433,used_for,Plant part is associated with the respective therapeutic use
PlantPart,FI-RE-BA,USED_FOR,TherapeuticUse,D004487,used_for,Plant part is associated with the respective therapeutic use
PlantPart,FI-RE-BA,USED_FOR,TherapeuticUse,D004700,used_for,Plant part is associated with the respective therapeutic use
PlantPart,FI-RE-BA,USED_FOR,TherapeuticUse,D005221,used_for,Plant part is associated with the respective therapeutic use
PlantPart,FI-RE-BA,USED_FOR,TherapeuticUse,D005300,used_for,Plant part is associated with the respective therapeutic use
PlantPart,FI-RE-BA,USED_FOR,TherapeuticUse,D005402,used_for,Plant part is associated with the respective therapeutic use
PlantPart,FI-RE-BA,USED_FOR,TherapeuticUse,D005667,used_for,Plant part is associated with the respective therapeutic use
PlantPart,FI-RE-BA,USED_FOR,TherapeuticUse,D005831,used_for,Plant part is associated with the respective therapeutic use
PlantPart,FI-RE-BA,USED_FOR,TherapeuticUse,D006069,used_for,Plant part is associated with the respective therapeutic use
PlantPart,FI-RE-BA,USED_FOR,TherapeuticUse,D006073,used_for,Plant part is associated with the respective therapeutic use
PlantPart,FI-RE-BA,USED_FOR,TherapeuticUse,D006209,used_for,Plant part is associated with the respective therapeutic use
PlantPart,FI-RE-BA,USED_FOR,TherapeuticUse,D006417,used_for,Plant part is associated with the respective therapeutic use
PlantPart,FI-RE-BA,USED_FOR,TherapeuticUse,D006470,used_for,Plant part is associated with the respective therapeutic use
PlantPart,FI-RE-BA,USED_FOR,TherapeuticUse,D006484,used_for,Plant part is associated with the respective therapeutic use
PlantPart,FI-RE-BA,USED_FOR,TherapeuticUse,D006487,used_for,Plant part is associated with the respective therapeutic use
PlantPart,FI-RE-BA,USED_FOR,TherapeuticUse,D007004,used_for,Plant part is associated with the respective therapeutic use
PlantPart,FI-RE-BA,USED_FOR,TherapeuticUse,D007249,used_for,Plant part is associated with the respective therapeutic use
PlantPart,FI-RE-BA,USED_FOR,TherapeuticUse,D007306,used_for,Plant part is associated with the respective therapeutic use
PlantPart,FI-RE-BA,USED_FOR,TherapeuticUse,D007565,used_for,Plant part is associated with the respective therapeutic use
PlantPart,FI-RE-BA,USED_FOR,TherapeuticUse,D007973,used_for,Plant part is associated with the respective therapeutic use
PlantPart,FI-RE-BA,USED_FOR,TherapeuticUse,D008107,used_for,Plant part is associated with the respective therapeutic use
PlantPart,FI-RE-BA,USED_FOR,TherapeuticUse,D008413,used_for,Plant part is associated with the respective therapeutic use
PlantPart,FI-RE-BA,USED_FOR,TherapeuticUse,D008595,used_for,Plant part is associated with the respective therapeutic use
PlantPart,FI-RE-BA,USED_FOR,TherapeuticUse,D009059,used_for,Plant part is associated with the respective therapeutic use
PlantPart,FI-RE-BA,USED_FOR,TherapeuticUse,D009422,used_for,Plant part is associated with the respective therapeutic use
PlantPart,FI-RE-BA,USED_FOR,TherapeuticUse,D010146,used_for,Plant part is associated with the respective therapeutic use
PlantPart,FI-RE-BA,USED_FOR,TherapeuticUse,D010510,used_for,Plant part is associated with the respective therapeutic use
PlantPart,FI-RE-BA,USED_FOR,TherapeuticUse,D010612,used_for,Plant part is associated with the respective therapeutic use
PlantPart,FI-RE-BA,USED_FOR,TherapeuticUse,D011537,used_for,Plant part is associated with the respective therapeutic use
PlantPart,FI-RE-BA,USED_FOR,TherapeuticUse,D012060,used_for,Plant part is associated with the respective therapeutic use
PlantPart,FI-RE-BA,USED_FOR,TherapeuticUse,D012063,used_for,Plant part is associated with the respective therapeutic use
PlantPart,FI-RE-BA,USED_FOR,TherapeuticUse,D012532,used_for,Plant part is associated with the respective therapeutic use
PlantPart,FI-RE-BA,USED_FOR,TherapeuticUse,D012871,used_for,Plant part is associated with the respective therapeutic use
PlantPart,FI-RE-BA,USED_FOR,TherapeuticUse,D012909,used_for,Plant part is associated with the respective therapeutic use
PlantPart,FI-RE-BA,USED_FOR,TherapeuticUse,D013280,used_for,Plant part is associated with the respective therapeutic use
PlantPart,FI-RE-BA,USED_FOR,TherapeuticUse,D013492,used_for,Plant part is associated with the respective therapeutic use
PlantPart,FI-RE-BA,USED_FOR,TherapeuticUse,D013742,used_for,Plant part is associated with the respective therapeutic use
PlantPart,FI-RE-BA,USED_FOR,TherapeuticUse,D013894,used_for,Plant part is associated with the respective therapeutic use
PlantPart,FI-RE-BA,USED_FOR,TherapeuticUse,D014098,used_for,Plant part is associated with the respective therapeutic use
PlantPart,FI-RE-BA,USED_FOR,TherapeuticUse,D014456,used_for,Plant part is associated with the respective therapeutic use
PlantPart,FI-RE-BA,USED_FOR,TherapeuticUse,D014552,used_for,Plant part is associated with the respective therapeutic use
PlantPart,FI-RE-BA,USED_FOR,TherapeuticUse,D014570,used_for,Plant part is associated with the respective therapeutic use
PlantPart,FI-RE-BA,USED_FOR,TherapeuticUse,D014623,used_for,Plant part is associated with the respective therapeutic use
PlantPart,FI-RE-BA,USED_FOR,TherapeuticUse,D014839,used_for,Plant part is associated with the respective therapeutic use
PlantPart,FI-RE-BA,USED_FOR,TherapeuticUse,D014917,used_for,Plant part is associated with the respective therapeutic use
PlantPart,FI-RE-BA,USED_FOR,TherapeuticUse,D014947,used_for,Plant part is associated with the respective therapeutic use
PlantPart,FI-RE-BA,USED_FOR,TherapeuticUse,D015746,used_for,Plant part is associated with the respective therapeutic use
PlantPart,FI-RE-BA,USED_FOR,TherapeuticUse,D017592,used_for,Plant part is associated with the respective therapeutic use
PlantPart,FI-RE-BA,USED_FOR,TherapeuticUse,D018501,used_for,Plant part is associated with the respective therapeutic use
PlantPart,FI-RE-BA,USED_FOR,TherapeuticUse,D018680,used_for,Plant part is associated with the respective therapeutic use
PlantPart,FI-RE-BA,USED_FOR,TherapeuticUse,D020139,used_for,Plant part is associated with the respective therapeutic use
PlantPart,FI-RE-BA,USED_FOR,TherapeuticUse,D050723,used_for,Plant part is associated with the respective therapeutic use
PlantPart,FI-RE-BA,USED_FOR,TherapeuticUse,D054368,used_for,Plant part is associated with the respective therapeutic use
PlantPart,FI-RE-BA,USED_FOR,TherapeuticUse,D056747,used_for,Plant part is associated with the respective therapeutic use
PlantPart,FI-RE-BA,USED_FOR,TherapeuticUse,D058633,used_for,Plant part is associated with the respective therapeutic use
PlantPart,FI-RE-BA,USED_FOR,TherapeuticUse,D059373,used_for,Plant part is associated with the respective therapeutic use
PlantPart,FI-RE-FL,USED_FOR,TherapeuticUse,D012871,used_for,Plant part is associated with the respective therapeutic use
PlantPart,FI-RE-FR,USED_FOR,TherapeuticUse,D000647,used_for,Plant part is associated with the respective therapeutic use
PlantPart,FI-RE-FR,USED_FOR,TherapeuticUse,D000700,used_for,Plant part is associated with the respective therapeutic use
PlantPart,FI-RE-FR,USED_FOR,TherapeuticUse,D000890,used_for,Plant part is associated with the respective therapeutic use
PlantPart,FI-RE-FR,USED_FOR,TherapeuticUse,D000893,used_for,Plant part is associated with the respective therapeutic use
PlantPart,FI-RE-FR,USED_FOR,TherapeuticUse,D000900,used_for,Plant part is associated with the respective therapeutic use
PlantPart,FI-RE-FR,USED_FOR,TherapeuticUse,D000927,used_for,Plant part is associated with the respective therapeutic use
PlantPart,FI-RE-FR,USED_FOR,TherapeuticUse,D000931,used_for,Plant part is associated with the respective therapeutic use
PlantPart,FI-RE-FR,USED_FOR,TherapeuticUse,D000935,used_for,Plant part is associated with the respective therapeutic use
PlantPart,FI-RE-FR,USED_FOR,TherapeuticUse,D000970,used_for,Plant part is associated with the respective therapeutic use
PlantPart,FI-RE-FR,USED_FOR,TherapeuticUse,D000975,used_for,Plant part is associated with the respective therapeutic use
PlantPart,FI-RE-FR,USED_FOR,TherapeuticUse,D001249,used_for,Plant part is associated with the respective therapeutic use
PlantPart,FI-RE-FR,USED_FOR,TherapeuticUse,D001252,used_for,Plant part is associated with the respective therapeutic use
PlantPart,FI-RE-FR,USED_FOR,TherapeuticUse,D002400,used_for,Plant part is associated with the respective therapeutic use
PlantPart,FI-RE-FR,USED_FOR,TherapeuticUse,D003248,used_for,Plant part is associated with the respective therapeutic use
PlantPart,FI-RE-FR,USED_FOR,TherapeuticUse,D003920,used_for,Plant part is associated with the respective therapeutic use
PlantPart,FI-RE-FR,USED_FOR,TherapeuticUse,D003967,used_for,Plant part is associated with the respective therapeutic use
PlantPart,FI-RE-FR,USED_FOR,TherapeuticUse,D004066,used_for,Plant part is associated with the respective therapeutic use
PlantPart,FI-RE-FR,USED_FOR,TherapeuticUse,D004403,used_for,Plant part is associated with the respective therapeutic use
PlantPart,FI-RE-FR,USED_FOR,TherapeuticUse,D006937,used_for,Plant part is associated with the respective therapeutic use
PlantPart,FI-RE-FR,USED_FOR,TherapeuticUse,D007973,used_for,Plant part is associated with the respective therapeutic use
PlantPart,FI-RE-FR,USED_FOR,TherapeuticUse,D009422,used_for,Plant part is associated with the respective therapeutic use
PlantPart,FI-RE-FR,USED_FOR,TherapeuticUse,D012060,used_for,Plant part is associated with the respective therapeutic use
PlantPart,FI-RE-FR,USED_FOR,TherapeuticUse,D013035,used_for,Plant part is associated with the respective therapeutic use
PlantPart,FI-RE-FR,USED_FOR,TherapeuticUse,D014456,used_for,Plant part is associated with the respective therapeutic use
PlantPart,FI-RE-FR,USED_FOR,TherapeuticUse,D014591,used_for,Plant part is associated with the respective therapeutic use
PlantPart,FI-RE-FR,USED_FOR,TherapeuticUse,D014839,used_for,Plant part is associated with the respective therapeutic use
PlantPart,FI-RE-FR,USED_FOR,TherapeuticUse,D014947,used_for,Plant part is associated with the respective therapeutic use
PlantPart,FI-RE-FR,USED_FOR,TherapeuticUse,D054368,used_for,Plant part is associated with the respective therapeutic use
PlantPart,FI-RE-FR,USED_FOR,TherapeuticUse,D058633,used_for,Plant part is associated with the respective therapeutic use
PlantPart,FI-RE-LE,USED_FOR,TherapeuticUse,D000019,used_for,Plant part is associated with the respective therapeutic use
PlantPart,FI-RE-LE,USED_FOR,TherapeuticUse,D000152,used_for,Plant part is associated with the respective therapeutic use
PlantPart,FI-RE-LE,USED_FOR,TherapeuticUse,D000700,used_for,Plant part is associated with the respective therapeutic use
PlantPart,FI-RE-LE,USED_FOR,TherapeuticUse,D000871,used_for,Plant part is associated with the respective therapeutic use
PlantPart,FI-RE-LE,USED_FOR,TherapeuticUse,D000890,used_for,Plant part is associated with the respective therapeutic use
PlantPart,FI-RE-LE,USED_FOR,TherapeuticUse,D000893,used_for,Plant part is associated with the respective therapeutic use
PlantPart,FI-RE-LE,USED_FOR,TherapeuticUse,D000900,used_for,Plant part is associated with the respective therapeutic use
PlantPart,FI-RE-LE,USED_FOR,TherapeuticUse,D000935,used_for,Plant part is associated with the respective therapeutic use
PlantPart,FI-RE-LE,USED_FOR,TherapeuticUse,D000969,used_for,Plant part is associated with the respective therapeutic use
PlantPart,FI-RE-LE,USED_FOR,TherapeuticUse,D000970,used_for,Plant part is associated with the respective therapeutic use
PlantPart,FI-RE-LE,USED_FOR,TherapeuticUse,D000975,used_for,Plant part is associated with the respective therapeutic use
PlantPart,FI-RE-LE,USED_FOR,TherapeuticUse,D001046,used_for,Plant part is associated with the respective therapeutic use
PlantPart,FI-RE-LE,USED_FOR,TherapeuticUse,D001249,used_for,Plant part is associated with the respective therapeutic use
PlantPart,FI-RE-LE,USED_FOR,TherapeuticUse,D001252,used_for,Plant part is associated with the respective therapeutic use
PlantPart,FI-RE-LE,USED_FOR,TherapeuticUse,D001768,used_for,Plant part is associated with the respective therapeutic use
PlantPart,FI-RE-LE,USED_FOR,TherapeuticUse,D002056,used_for,Plant part is associated with the respective therapeutic use
PlantPart,FI-RE-LE,USED_FOR,TherapeuticUse,D002316,used_for,Plant part is associated with the respective therapeutic use
PlantPart,FI-RE-LE,USED_FOR,TherapeuticUse,D002400,used_for,Plant part is associated with the respective therapeutic use
PlantPart,FI-RE-LE,USED_FOR,TherapeuticUse,D003371,used_for,Plant part is associated with the respective therapeutic use
PlantPart,FI-RE-LE,USED_FOR,TherapeuticUse,D003920,used_for,Plant part is associated with the respective therapeutic use
PlantPart,FI-RE-LE,USED_FOR,TherapeuticUse,D003967,used_for,Plant part is associated with the respective therapeutic use
PlantPart,FI-RE-LE,USED_FOR,TherapeuticUse,D004066,used_for,Plant part is associated with the respective therapeutic use
PlantPart,FI-RE-LE,USED_FOR,TherapeuticUse,D004403,used_for,Plant part is associated with the respective therapeutic use
PlantPart,FI-RE-LE,USED_FOR,TherapeuticUse,D004415,used_for,Plant part is associated with the respective therapeutic use
PlantPart,FI-RE-LE,USED_FOR,TherapeuticUse,D004433,used_for,Plant part is associated with the respective therapeutic use
PlantPart,FI-RE-LE,USED_FOR,TherapeuticUse,D004487,used_for,Plant part is associated with the respective therapeutic use
PlantPart,FI-RE-LE,USED_FOR,TherapeuticUse,D004844,used_for,Plant part is associated with the respective therapeutic use
PlantPart,FI-RE-LE,USED_FOR,TherapeuticUse,D005076,used_for,Plant part is associated with the respective therapeutic use
PlantPart,FI-RE-LE,USED_FOR,TherapeuticUse,D005334,used_for,Plant part is associated with the respective therapeutic use
PlantPart,FI-RE-LE,USED_FOR,TherapeuticUse,D005667,used_for,Plant part is associated with the respective therapeutic use
PlantPart,FI-RE-LE,USED_FOR,TherapeuticUse,D006069,used_for,Plant part is associated with the respective therapeutic use
PlantPart,FI-RE-LE,USED_FOR,TherapeuticUse,D006402,used_for,Plant part is associated with the respective therapeutic use
PlantPart,FI-RE-LE,USED_FOR,TherapeuticUse,D006417,used_for,Plant part is associated with the respective therapeutic use
PlantPart,FI-RE-LE,USED_FOR,TherapeuticUse,D006469,used_for,Plant part is associated with the respective therapeutic use
PlantPart,FI-RE-LE,USED_FOR,TherapeuticUse,D006484,used_for,Plant part is associated with the respective therapeutic use
PlantPart,FI-RE-LE,USED_FOR,TherapeuticUse,D007306,used_for,Plant part is associated with the respective therapeutic use
PlantPart,FI-RE-LE,USED_FOR,TherapeuticUse,D007565,used_for,Plant part is associated with the respective therapeutic use
PlantPart,FI-RE-LE,USED_FOR,TherapeuticUse,D008595,used_for,Plant part is associated with the respective therapeutic use
PlantPart,FI-RE-LE,USED_FOR,TherapeuticUse,D008796,used_for,Plant part is associated with the respective therapeutic use
PlantPart,FI-RE-LE,USED_FOR,TherapeuticUse,D009325,used_for,Plant part is associated with the respective therapeutic use
PlantPart,FI-RE-LE,USED_FOR,TherapeuticUse,D009422,used_for,Plant part is associated with the respective therapeutic use
PlantPart,FI-RE-LE,USED_FOR,TherapeuticUse,D010998,used_for,Plant part is associated with the respective therapeutic use
PlantPart,FI-RE-LE,USED_FOR,TherapeuticUse,D011014,used_for,Plant part is associated with the respective therapeutic use
PlantPart,FI-RE-LE,USED_FOR,TherapeuticUse,D011565,used_for,Plant part is associated with the respective therapeutic use
PlantPart,FI-RE-LE,USED_FOR,TherapeuticUse,D012060,used_for,Plant part is associated with the respective therapeutic use
PlantPart,FI-RE-LE,USED_FOR,TherapeuticUse,D012532,used_for,Plant part is associated with the respective therapeutic use
PlantPart,FI-RE-LE,USED_FOR,TherapeuticUse,D012871,used_for,Plant part is associated with the respective therapeutic use
PlantPart,FI-RE-LE,USED_FOR,TherapeuticUse,D012909,used_for,Plant part is associated with the respective therapeutic use
PlantPart,FI-RE-LE,USED_FOR,TherapeuticUse,D013272,used_for,Plant part is associated with the respective therapeutic use
PlantPart,FI-RE-LE,USED_FOR,TherapeuticUse,D014456,used_for,Plant part is associated with the respective therapeutic use
PlantPart,FI-RE-LE,USED_FOR,TherapeuticUse,D014839,used_for,Plant part is associated with the respective therapeutic use
PlantPart,FI-RE-LE,USED_FOR,TherapeuticUse,D014945,used_for,Plant part is associated with the respective therapeutic use
PlantPart,FI-RE-LE,USED_FOR,TherapeuticUse,D014947,used_for,Plant part is associated with the respective therapeutic use
PlantPart,FI-RE-LE,USED_FOR,TherapeuticUse,D015746,used_for,Plant part is associated with the respective therapeutic use
PlantPart,FI-RE-LE,USED_FOR,TherapeuticUse,D020847,used_for,Plant part is associated with the respective therapeutic use
PlantPart,FI-RE-LE,USED_FOR,TherapeuticUse,D054368,used_for,Plant part is associated with the respective therapeutic use
PlantPart,FI-RE-LE,USED_FOR,TherapeuticUse,D058633,used_for,Plant part is associated with the respective therapeutic use
PlantPart,FI-RE-PL,USED_FOR,TherapeuticUse,D000038,used_for,Plant part is associated with the respective therapeutic use
PlantPart,FI-RE-PL,USED_FOR,TherapeuticUse,D000700,used_for,Plant part is associated with the respective therapeutic use
PlantPart,FI-RE-PL,USED_FOR,TherapeuticUse,D000893,used_for,Plant part is associated with the respective therapeutic use
PlantPart,FI-RE-PL,USED_FOR,TherapeuticUse,D000900,used_for,Plant part is associated with the respective therapeutic use
PlantPart,FI-RE-PL,USED_FOR,TherapeuticUse,D000935,used_for,Plant part is associated with the respective therapeutic use
PlantPart,FI-RE-PL,USED_FOR,TherapeuticUse,D000975,used_for,Plant part is associated with the respective therapeutic use
PlantPart,FI-RE-PL,USED_FOR,TherapeuticUse,D001249,used_for,Plant part is associated with the respective therapeutic use
PlantPart,FI-RE-PL,USED_FOR,TherapeuticUse,D001252,used_for,Plant part is associated with the respective therapeutic use
PlantPart,FI-RE-PL,USED_FOR,TherapeuticUse,D003371,used_for,Plant part is associated with the respective therapeutic use
PlantPart,FI-RE-PL,USED_FOR,TherapeuticUse,D003920,used_for,Plant part is associated with the respective therapeutic use
PlantPart,FI-RE-PL,USED_FOR,TherapeuticUse,D003967,used_for,Plant part is associated with the respective therapeutic use
PlantPart,FI-RE-PL,USED_FOR,TherapeuticUse,D004066,used_for,Plant part is associated with the respective therapeutic use
PlantPart,FI-RE-PL,USED_FOR,TherapeuticUse,D004403,used_for,Plant part is associated with the respective therapeutic use
PlantPart,FI-RE-PL,USED_FOR,TherapeuticUse,D005667,used_for,Plant part is associated with the respective therapeutic use
PlantPart,FI-RE-PL,USED_FOR,TherapeuticUse,D006470,used_for,Plant part is associated with the respective therapeutic use
PlantPart,FI-RE-PL,USED_FOR,TherapeuticUse,D007249,used_for,Plant part is associated with the respective therapeutic use
PlantPart,FI-RE-PL,USED_FOR,TherapeuticUse,D007565,used_for,Plant part is associated with the respective therapeutic use
PlantPart,FI-RE-PL,USED_FOR,TherapeuticUse,D007674,used_for,Plant part is associated with the respective therapeutic use
PlantPart,FI-RE-PL,USED_FOR,TherapeuticUse,D009437,used_for,Plant part is associated with the respective therapeutic use
PlantPart,FI-RE-PL,USED_FOR,TherapeuticUse,D010146,used_for,Plant part is associated with the respective therapeutic use
PlantPart,FI-RE-PL,USED_FOR,TherapeuticUse,D011565,used_for,Plant part is associated with the respective therapeutic use
PlantPart,FI-RE-PL,USED_FOR,TherapeuticUse,D012060,used_for,Plant part is associated with the respective therapeutic use
PlantPart,FI-RE-PL,USED_FOR,TherapeuticUse,D012871,used_for,Plant part is associated with the respective therapeutic use
PlantPart,FI-RE-PL,USED_FOR,TherapeuticUse,D014456,used_for,Plant part is associated with the respective therapeutic use
PlantPart,FI-RE-PL,USED_FOR,TherapeuticUse,D014947,used_for,Plant part is associated with the respective therapeutic use
PlantPart,FI-RE-PL,USED_FOR,TherapeuticUse,D054368,used_for,Plant part is associated with the respective therapeutic use
PlantPart,FI-RE-PL,USED_FOR,TherapeuticUse,D058633,used_for,Plant part is associated with the respective therapeutic use
PlantPart,FI-RE-RO,USED_FOR,TherapeuticUse,D000505,used_for,Plant part is associated with the respective therapeutic use
PlantPart,FI-RE-RO,USED_FOR,TherapeuticUse,D000700,used_for,Plant part is associated with the respective therapeutic use
PlantPart,FI-RE-RO,USED_FOR,TherapeuticUse,D000893,used_for,Plant part is associated with the respective therapeutic use
PlantPart,FI-RE-RO,USED_FOR,TherapeuticUse,D000900,used_for,Plant part is associated with the respective therapeutic use
PlantPart,FI-RE-RO,USED_FOR,TherapeuticUse,D000935,used_for,Plant part is associated with the respective therapeutic use
PlantPart,FI-RE-RO,USED_FOR,TherapeuticUse,D000975,used_for,Plant part is associated with the respective therapeutic use
PlantPart,FI-RE-RO,USED_FOR,TherapeuticUse,D001249,used_for,Plant part is associated with the respective therapeutic use
PlantPart,FI-RE-RO,USED_FOR,TherapeuticUse,D001252,used_for,Plant part is associated with the respective therapeutic use
PlantPart,FI-RE-RO,USED_FOR,TherapeuticUse,D002644,used_for,Plant part is associated with the respective therapeutic use
PlantPart,FI-RE-RO,USED_FOR,TherapeuticUse,D003139,used_for,Plant part is associated with the respective therapeutic use
PlantPart,FI-RE-RO,USED_FOR,TherapeuticUse,D003248,used_for,Plant part is associated with the respective therapeutic use
PlantPart,FI-RE-RO,USED_FOR,TherapeuticUse,D003920,used_for,Plant part is associated with the respective therapeutic use
PlantPart,FI-RE-RO,USED_FOR,TherapeuticUse,D003967,used_for,Plant part is associated with the respective therapeutic use
PlantPart,FI-RE-RO,USED_FOR,TherapeuticUse,D004066,used_for,Plant part is associated with the respective therapeutic use
PlantPart,FI-RE-RO,USED_FOR,TherapeuticUse,D004403,used_for,Plant part is associated with the respective therapeutic use
PlantPart,FI-RE-RO,USED_FOR,TherapeuticUse,D004604,used_for,Plant part is associated with the respective therapeutic use
PlantPart,FI-RE-RO,USED_FOR,TherapeuticUse,D006484,used_for,Plant part is associated with the respective therapeutic use
PlantPart,FI-RE-RO,USED_FOR,TherapeuticUse,D007246,used_for,Plant part is associated with the respective therapeutic use
PlantPart,FI-RE-RO,USED_FOR,TherapeuticUse,D007565,used_for,Plant part is associated with the respective therapeutic use
PlantPart,FI-RE-RO,USED_FOR,TherapeuticUse,D008288,used_for,Plant part is associated with the respective therapeutic use
PlantPart,FI-RE-RO,USED_FOR,TherapeuticUse,D012871,used_for,Plant part is associated with the respective therapeutic use
PlantPart,FI-RE-RO,USED_FOR,TherapeuticUse,D012909,used_for,Plant part is associated with the respective therapeutic use
PlantPart,FI-RE-RO,USED_FOR,TherapeuticUse,D013280,used_for,Plant part is associated with the respective therapeutic use
PlantPart,FI-RE-RO,USED_FOR,TherapeuticUse,D014098,used_for,Plant part is associated with the respective therapeutic use
PlantPart,FI-RE-RO,USED_FOR,TherapeuticUse,D014456,used_for,Plant part is associated with the respective therapeutic use
PlantPart,FI-RE-RO,USED_FOR,TherapeuticUse,D054368,used_for,Plant part is associated with the respective therapeutic use
PlantPart,FI-RE-RO,USED_FOR,TherapeuticUse,D058633,used_for,Plant part is associated with the respective therapeutic use
PlantPart,FI-RE-SE,USED_FOR,TherapeuticUse,D000700,used_for,Plant part is associated with the respective therapeutic use
PlantPart,FI-RE-SE,USED_FOR,TherapeuticUse,D000893,used_for,Plant part is associated with the respective therapeutic use
PlantPart,FI-RE-SE,USED_FOR,TherapeuticUse,D000900,used_for,Plant part is associated with the respective therapeutic use
PlantPart,FI-RE-SE,USED_FOR,TherapeuticUse,D000935,used_for,Plant part is associated with the respective therapeutic use
PlantPart,FI-RE-SE,USED_FOR,TherapeuticUse,D000975,used_for,Plant part is associated with the respective therapeutic use
PlantPart,FI-RE-SE,USED_FOR,TherapeuticUse,D001249,used_for,Plant part is associated with the respective therapeutic use
PlantPart,FI-RE-SE,USED_FOR,TherapeuticUse,D001252,used_for,Plant part is associated with the respective therapeutic use
PlantPart,FI-RE-SE,USED_FOR,TherapeuticUse,D003920,used_for,Plant part is associated with the respective therapeutic use
PlantPart,FI-RE-SE,USED_FOR,TherapeuticUse,D003967,used_for,Plant part is associated with the respective therapeutic use
PlantPart,FI-RE-SE,USED_FOR,TherapeuticUse,D004066,used_for,Plant part is associated with the respective therapeutic use
PlantPart,FI-RE-SE,USED_FOR,TherapeuticUse,D004403,used_for,Plant part is associated with the respective therapeutic use
PlantPart,FI-RE-SE,USED_FOR,TherapeuticUse,D006402,used_for,Plant part is associated with the respective therapeutic use
PlantPart,FI-RE-SE,USED_FOR,TherapeuticUse,D006484,used_for,Plant part is associated with the respective therapeutic use
PlantPart,FI-RE-SE,USED_FOR,TherapeuticUse,D008598,used_for,Plant part is associated with the respective therapeutic use
PlantPart,FI-RE-SE,USED_FOR,TherapeuticUse,D008599,used_for,Plant part is associated with the respective therapeutic use
PlantPart,FI-RE-SE,USED_FOR,TherapeuticUse,D011248,used_for,Plant part is associated with the respective therapeutic use
PlantPart,FI-RE-SE,USED_FOR,TherapeuticUse,D012060,used_for,Plant part is associated with the respective therapeutic use
PlantPart,FI-RE-SE,USED_FOR,TherapeuticUse,D013245,used_for,Plant part is associated with the respective therapeutic use
PlantPart,FI-RE-SE,USED_FOR,TherapeuticUse,D014456,used_for,Plant part is associated with the respective therapeutic use
PlantPart,FI-RE-SE,USED_FOR,TherapeuticUse,D014555,used_for,Plant part is associated with the respective therapeutic use
PlantPart,FI-RE-SE,USED_FOR,TherapeuticUse,D054368,used_for,Plant part is associated with the respective therapeutic use
PlantPart,FI-RE-SE,USED_FOR,TherapeuticUse,D058633,used_for,Plant part is associated with the respective therapeutic use
PlantPart,FI-RE-ST,USED_FOR,TherapeuticUse,D000900,used_for,Plant part is associated with the respective therapeutic use
PlantPart,FI-RE-ST,USED_FOR,TherapeuticUse,D003139,used_for,Plant part is associated with the respective therapeutic use
PlantPart,FI-RE-ST,USED_FOR,TherapeuticUse,D003248,used_for,Plant part is associated with the respective therapeutic use
PlantPart,FI-RE-ST,USED_FOR,TherapeuticUse,D003371,used_for,Plant part is associated with the respective therapeutic use
PlantPart,FI-RE-ST,USED_FOR,TherapeuticUse,D005334,used_for,Plant part is associated with the respective therapeutic use
PlantPart,FI-RE-ST,USED_FOR,TherapeuticUse,D005667,used_for,Plant part is associated with the respective therapeutic use
PlantPart,FI-RE-ST,USED_FOR,TherapeuticUse,D012871,used_for,Plant part is associated with the respective therapeutic use
PlantPart,FI-RE-ST,USED_FOR,TherapeuticUse,D012909,used_for,Plant part is associated with the respective therapeutic use
PlantPart,FI-RE-ST,USED_FOR,TherapeuticUse,D014098,used_for,Plant part is associated with the respective therapeutic use
PlantPart,FI-RE-ST,USED_FOR,TherapeuticUse,D054368,used_for,Plant part is associated with the respective therapeutic use
PlantPart,GA-MO-BA,USED_FOR,TherapeuticUse,D000568,used_for,Plant part is associated with the respective therapeutic use
PlantPart,GA-MO-BA,USED_FOR,TherapeuticUse,D000871,used_for,Plant part is associated with the respective therapeutic use
PlantPart,GA-MO-BA,USED_FOR,TherapeuticUse,D001201,used_for,Plant part is associated with the respective therapeutic use
PlantPart,GA-MO-BA,USED_FOR,TherapeuticUse,D002400,used_for,Plant part is associated with the respective therapeutic use
PlantPart,GA-MO-LE,USED_FOR,TherapeuticUse,D000970,used_for,Plant part is associated with the respective therapeutic use
PlantPart,GA-MO-PL,USED_FOR,TherapeuticUse,D000019,used_for,Plant part is associated with the respective therapeutic use
PlantPart,GA-MO-PL,USED_FOR,TherapeuticUse,D000568,used_for,Plant part is associated with the respective therapeutic use
PlantPart,GA-MO-PL,USED_FOR,TherapeuticUse,D000871,used_for,Plant part is associated with the respective therapeutic use
PlantPart,GA-MO-PL,USED_FOR,TherapeuticUse,D000900,used_for,Plant part is associated with the respective therapeutic use
PlantPart,GA-MO-PL,USED_FOR,TherapeuticUse,D000977,used_for,Plant part is associated with the respective therapeutic use
PlantPart,GA-MO-PL,USED_FOR,TherapeuticUse,D001046,used_for,Plant part is associated with the respective therapeutic use
PlantPart,GA-MO-PL,USED_FOR,TherapeuticUse,D002400,used_for,Plant part is associated with the respective therapeutic use
PlantPart,GA-MO-PL,USED_FOR,TherapeuticUse,D002756,used_for,Plant part is associated with the respective therapeutic use
PlantPart,GA-MO-PL,USED_FOR,TherapeuticUse,D003248,used_for,Plant part is associated with the respective therapeutic use
PlantPart,GA-MO-PL,USED_FOR,TherapeuticUse,D004487,used_for,Plant part is associated with the respective therapeutic use
PlantPart,GA-MO-PL,USED_FOR,TherapeuticUse,D010146,used_for,Plant part is associated with the respective therapeutic use
PlantPart,GA-MO-PL,USED_FOR,TherapeuticUse,D014456,used_for,Plant part is associated with the respective therapeutic use
PlantPart,GA-MO-PL,USED_FOR,TherapeuticUse,D014552,used_for,Plant part is associated with the respective therapeutic use
PlantPart,GA-MO-SE,USED_FOR,TherapeuticUse,D000890,used_for,Plant part is associated with the respective therapeutic use
PlantPart,GA-MO-SE,USED_FOR,TherapeuticUse,D000900,used_for,Plant part is associated with the respective therapeutic use
PlantPart,GA-MO-SE,USED_FOR,TherapeuticUse,D000970,used_for,Plant part is associated with the respective therapeutic use
PlantPart,GA-MO-SE,USED_FOR,TherapeuticUse,D000981,used_for,Plant part is associated with the respective therapeutic use
PlantPart,GA-MO-SE,USED_FOR,TherapeuticUse,D000995,used_for,Plant part is associated with the respective therapeutic use
PlantPart,GA-MO-SE,USED_FOR,TherapeuticUse,D002400,used_for,Plant part is associated with the respective therapeutic use
PlantPart,GA-MO-ST,USED_FOR,TherapeuticUse,D000152,used_for,Plant part is associated with the respective therapeutic use
PlantPart,GA-MO-ST,USED_FOR,TherapeuticUse,D005667,used_for,Plant part is associated with the respective therapeutic use
PlantPart,GI-DI-FL,USED_FOR,TherapeuticUse,D006973,used_for,Plant part is associated with the respective therapeutic use
PlantPart,GI-DI-LE,USED_FOR,TherapeuticUse,D001247,used_for,Plant part is associated with the respective therapeutic use
PlantPart,GI-DI-LE,USED_FOR,TherapeuticUse,D001252,used_for,Plant part is associated with the respective therapeutic use
PlantPart,GI-DI-LE,USED_FOR,TherapeuticUse,D004487,used_for,Plant part is associated with the respective therapeutic use
PlantPart,GI-DI-LE,USED_FOR,TherapeuticUse,D005334,used_for,Plant part is associated with the respective therapeutic use
PlantPart,GI-DI-LE,USED_FOR,TherapeuticUse,D005512,used_for,Plant part is associated with the respective therapeutic use
PlantPart,GI-DI-LE,USED_FOR,TherapeuticUse,D006261,used_for,Plant part is associated with the respective therapeutic use
PlantPart,GI-DI-LE,USED_FOR,TherapeuticUse,D007592,used_for,Plant part is associated with the respective therapeutic use
PlantPart,GI-DI-LE,USED_FOR,TherapeuticUse,D009126,used_for,Plant part is associated with the respective therapeutic use
PlantPart,GI-DI-LE,USED_FOR,TherapeuticUse,D010276,used_for,Plant part is associated with the respective therapeutic use
PlantPart,GI-DI-LE,USED_FOR,TherapeuticUse,D012871,used_for,Plant part is associated with the respective therapeutic use
PlantPart,GI-DI-LE,USED_FOR,TherapeuticUse,D013180,used_for,Plant part is associated with the respective therapeutic use
PlantPart,GI-DI-LE,USED_FOR,TherapeuticUse,D014456,used_for,Plant part is associated with the respective therapeutic use
PlantPart,GI-DI-LE,USED_FOR,TherapeuticUse,D014947,used_for,Plant part is associated with the respective therapeutic use
PlantPart,GI-DI-LE,USED_FOR,TherapeuticUse,D018501,used_for,Plant part is associated with the respective therapeutic use
PlantPart,GI-DI-LE,USED_FOR,TherapeuticUse,D058633,used_for,Plant part is associated with the respective therapeutic use
PlantPart,GI-DI-RO,USED_FOR,TherapeuticUse,D003967,used_for,Plant part is associated with the respective therapeutic use
PlantPart,GI-DI-RO,USED_FOR,TherapeuticUse,D004403,used_for,Plant part is associated with the respective therapeutic use
PlantPart,GI-DI-RO,USED_FOR,TherapeuticUse,D004487,used_for,Plant part is associated with the respective therapeutic use
PlantPart,GI-DI-RO,USED_FOR,TherapeuticUse,D006967,used_for,Plant part is associated with the respective therapeutic use
PlantPart,GI-DI-RO,USED_FOR,TherapeuticUse,D007565,used_for,Plant part is associated with the respective therapeutic use
PlantPart,GI-DI-RO,USED_FOR,TherapeuticUse,D007674,used_for,Plant part is associated with the respective therapeutic use
PlantPart,GI-DI-RO,USED_FOR,TherapeuticUse,D013180,used_for,Plant part is associated with the respective therapeutic use
PlantPart,GI-DI-RO,USED_FOR,TherapeuticUse,D014456,used_for,Plant part is associated with the respective therapeutic use
PlantPart,GI-DI-RO,USED_FOR,TherapeuticUse,D014552,used_for,Plant part is associated with the respective therapeutic use
PlantPart,GI-DI-RO,USED_FOR,TherapeuticUse,D014570,used_for,Plant part is associated with the respective therapeutic use
PlantPart,GI-DI-RO,USED_FOR,TherapeuticUse,D014947,used_for,Plant part is associated with the respective therapeutic use
PlantPart,GI-DI-RO,USED_FOR,TherapeuticUse,D050723,used_for,Plant part is associated with the respective therapeutic use
PlantPart,GI-DI-WH,USED_FOR,TherapeuticUse,D000935,used_for,Plant part is associated with the respective therapeutic use
PlantPart,GI-DI-WH,USED_FOR,TherapeuticUse,D004485,used_for,Plant part is associated with the respective therapeutic use
PlantPart,GR-MA-AE,USED_FOR,TherapeuticUse,D000975,used_for,Plant part is associated with the respective therapeutic use
PlantPart,GR-MA-AE,USED_FOR,TherapeuticUse,D003270,used_for,Plant part is associated with the respective therapeutic use
PlantPart,GR-MA-AE,USED_FOR,TherapeuticUse,D020847,used_for,Plant part is associated with the respective therapeutic use
PlantPart,GR-MA-FL,USED_FOR,TherapeuticUse,D000935,used_for,Plant part is associated with the respective therapeutic use
PlantPart,GR-MA-FL,USED_FOR,TherapeuticUse,D004827,used_for,Plant part is associated with the respective therapeutic use
PlantPart,GR-MA-FL,USED_FOR,TherapeuticUse,D005334,used_for,Plant part is associated with the respective therapeutic use
PlantPart,GR-MA-FR,USED_FOR,TherapeuticUse,D003270,used_for,Plant part is associated with the respective therapeutic use
PlantPart,GR-MA-LE,USED_FOR,TherapeuticUse,D000568,used_for,Plant part is associated with the respective therapeutic use
PlantPart,GR-MA-LE,USED_FOR,TherapeuticUse,D000700,used_for,Plant part is associated with the respective therapeutic use
PlantPart,GR-MA-LE,USED_FOR,TherapeuticUse,D000891,used_for,Plant part is associated with the respective therapeutic use
PlantPart,GR-MA-LE,USED_FOR,TherapeuticUse,D004433,used_for,Plant part is associated with the respective therapeutic use
PlantPart,GR-MA-LE,USED_FOR,TherapeuticUse,D004827,used_for,Plant part is associated with the respective therapeutic use
PlantPart,GR-MA-LE,USED_FOR,TherapeuticUse,D005414,used_for,Plant part is associated with the respective therapeutic use
PlantPart,GR-MA-LE,USED_FOR,TherapeuticUse,D006993,used_for,Plant part is associated with the respective therapeutic use
PlantPart,GR-MA-LE,USED_FOR,TherapeuticUse,D007046,used_for,Plant part is associated with the respective therapeutic use
PlantPart,GR-MA-LE,USED_FOR,TherapeuticUse,D007565,used_for,Plant part is associated with the respective therapeutic use
PlantPart,GR-MA-LE,USED_FOR,TherapeuticUse,D008599,used_for,Plant part is associated with the respective therapeutic use
PlantPart,GR-MA-LE,USED_FOR,TherapeuticUse,D008600,used_for,Plant part is associated with the respective therapeutic use
PlantPart,GR-MA-LE,USED_FOR,TherapeuticUse,D010276,used_for,Plant part is associated with the respective therapeutic use
PlantPart,GR-MA-LE,USED_FOR,TherapeuticUse,D010437,used_for,Plant part is associated with the respective therapeutic use
PlantPart,GR-MA-LE,USED_FOR,TherapeuticUse,D012060,used_for,Plant part is associated with the respective therapeutic use
PlantPart,GR-MA-LE,USED_FOR,TherapeuticUse,D013276,used_for,Plant part is associated with the respective therapeutic use
PlantPart,GR-MA-LE,USED_FOR,TherapeuticUse,D014456,used_for,Plant part is associated with the respective therapeutic use
PlantPart,GR-MA-LE,USED_FOR,TherapeuticUse,D014947,used_for,Plant part is associated with the respective therapeutic use
PlantPart,GR-MA-LE,USED_FOR,TherapeuticUse,D015746,used_for,Plant part is associated with the respective therapeutic use
PlantPart,GR-MA-LE,USED_FOR,TherapeuticUse,D019167,used_for,Plant part is associated with the respective therapeutic use
PlantPart,GR-MA-RO,USED_FOR,TherapeuticUse,D001252,used_for,Plant part is associated with the respective therapeutic use
PlantPart,GR-MA-RO,USED_FOR,TherapeuticUse,D004232,used_for,Plant part is associated with the respective therapeutic use
PlantPart,GR-MA-RO,USED_FOR,TherapeuticUse,D018501,used_for,Plant part is associated with the respective therapeutic use
PlantPart,GR-MA-WH,USED_FOR,TherapeuticUse,D000970,used_for,Plant part is associated with the respective therapeutic use
PlantPart,GR-MA-WH,USED_FOR,TherapeuticUse,D004433,used_for,Plant part is associated with the respective therapeutic use
PlantPart,GR-MA-WH,USED_FOR,TherapeuticUse,D014590,used_for,Plant part is associated with the respective therapeutic use
PlantPart,GR-MA-WH,USED_FOR,TherapeuticUse,D019167,used_for,Plant part is associated with the respective therapeutic use
PlantPart,HE-IS-AE,USED_FOR,TherapeuticUse,D010276,used_for,Plant part is associated with the respective therapeutic use
PlantPart,HE-IS-BA,USED_FOR,TherapeuticUse,D000740,used_for,Plant part is associated with the respective therapeutic use
PlantPart,HE-IS-BA,USED_FOR,TherapeuticUse,D000975,used_for,Plant part is associated with the respective therapeutic use
PlantPart,HE-IS-BA,USED_FOR,TherapeuticUse,D001252,used_for,Plant part is associated with the respective therapeutic use
PlantPart,HE-IS-BA,USED_FOR,TherapeuticUse,D002637,used_for,Plant part is associated with the respective therapeutic use
PlantPart,HE-IS-BA,USED_FOR,TherapeuticUse,D003139,used_for,Plant part is associated with the respective therapeutic use
PlantPart,HE-IS-BA,USED_FOR,TherapeuticUse,D003371,used_for,Plant part is associated with the respective therapeutic use
PlantPart,HE-IS-BA,USED_FOR,TherapeuticUse,D003920,used_for,Plant part is associated with the respective therapeutic use
PlantPart,HE-IS-BA,USED_FOR,TherapeuticUse,D003967,used_for,Plant part is associated with the respective therapeutic use
PlantPart,HE-IS-BA,USED_FOR,TherapeuticUse,D004403,used_for,Plant part is associated with the respective therapeutic use
PlantPart,HE-IS-BA,USED_FOR,TherapeuticUse,D004415,used_for,Plant part is associated with the respective therapeutic use
PlantPart,HE-IS-BA,USED_FOR,TherapeuticUse,D004427,used_for,Plant part is associated with the respective therapeutic use
PlantPart,HE-IS-BA,USED_FOR,TherapeuticUse,D004653,used_for,Plant part is associated with the respective therapeutic use
PlantPart,HE-IS-BA,USED_FOR,TherapeuticUse,D005100,used_for,Plant part is associated with the respective therapeutic use
PlantPart,HE-IS-BA,USED_FOR,TherapeuticUse,D006949,used_for,Plant part is associated with the respective therapeutic use
PlantPart,HE-IS-BA,USED_FOR,TherapeuticUse,D007172,used_for,Plant part is associated with the respective therapeutic use
PlantPart,HE-IS-BA,USED_FOR,TherapeuticUse,D007410,used_for,Plant part is associated with the respective therapeutic use
PlantPart,HE-IS-BA,USED_FOR,TherapeuticUse,D007411,used_for,Plant part is associated with the respective therapeutic use
PlantPart,HE-IS-BA,USED_FOR,TherapeuticUse,D007774,used_for,Plant part is associated with the respective therapeutic use
PlantPart,HE-IS-BA,USED_FOR,TherapeuticUse,D010243,used_for,Plant part is associated with the respective therapeutic use
PlantPart,HE-IS-BA,USED_FOR,TherapeuticUse,D010612,used_for,Plant part is associated with the respective therapeutic use
PlantPart,HE-IS-BA,USED_FOR,TherapeuticUse,D012140,used_for,Plant part is associated with the respective therapeutic use
PlantPart,HE-IS-BA,USED_FOR,TherapeuticUse,D012532,used_for,Plant part is associated with the respective therapeutic use
PlantPart,HE-IS-BA,USED_FOR,TherapeuticUse,D012909,used_for,Plant part is associated with the respective therapeutic use
PlantPart,HE-IS-BA,USED_FOR,TherapeuticUse,D013180,used_for,Plant part is associated with the respective therapeutic use
PlantPart,HE-IS-BA,USED_FOR,TherapeuticUse,D013272,used_for,Plant part is associated with the respective therapeutic use
PlantPart,HE-IS-BA,USED_FOR,TherapeuticUse,D014099,used_for,Plant part is associated with the respective therapeutic use
PlantPart,HE-IS-BA,USED_FOR,TherapeuticUse,D014456,used_for,Plant part is associated with the respective therapeutic use
PlantPart,HE-IS-BA,USED_FOR,TherapeuticUse,D014839,used_for,Plant part is associated with the respective therapeutic use
PlantPart,HE-IS-BA,USED_FOR,TherapeuticUse,D014947,used_for,Plant part is associated with the respective therapeutic use
PlantPart,HE-IS-BA,USED_FOR,TherapeuticUse,D015212,used_for,Plant part is associated with the respective therapeutic use
PlantPart,HE-IS-BA,USED_FOR,TherapeuticUse,D015227,used_for,Plant part is associated with the respective therapeutic use
PlantPart,HE-IS-BA,USED_FOR,TherapeuticUse,D015746,used_for,Plant part is associated with the respective therapeutic use
PlantPart,HE-IS-BA,USED_FOR,TherapeuticUse,D055009,used_for,Plant part is associated with the respective therapeutic use
PlantPart,HE-IS-BA,USED_FOR,TherapeuticUse,D065106,used_for,Plant part is associated with the respective therapeutic use
PlantPart,HE-IS-FL,USED_FOR,TherapeuticUse,D000740,used_for,Plant part is associated with the respective therapeutic use
PlantPart,HE-IS-FR,USED_FOR,TherapeuticUse,D000806,used_for,Plant part is associated with the respective therapeutic use
PlantPart,HE-IS-FR,USED_FOR,TherapeuticUse,D000871,used_for,Plant part is associated with the respective therapeutic use
PlantPart,HE-IS-FR,USED_FOR,TherapeuticUse,D000893,used_for,Plant part is associated with the respective therapeutic use
PlantPart,HE-IS-FR,USED_FOR,TherapeuticUse,D000900,used_for,Plant part is associated with the respective therapeutic use
PlantPart,HE-IS-FR,USED_FOR,TherapeuticUse,D000977,used_for,Plant part is associated with the respective therapeutic use
PlantPart,HE-IS-FR,USED_FOR,TherapeuticUse,D001249,used_for,Plant part is associated with the respective therapeutic use
PlantPart,HE-IS-FR,USED_FOR,TherapeuticUse,D001252,used_for,Plant part is associated with the respective therapeutic use
PlantPart,HE-IS-FR,USED_FOR,TherapeuticUse,D003085,used_for,Plant part is associated with the respective therapeutic use
PlantPart,HE-IS-FR,USED_FOR,TherapeuticUse,D003270,used_for,Plant part is associated with the respective therapeutic use
PlantPart,HE-IS-FR,USED_FOR,TherapeuticUse,D003371,used_for,Plant part is associated with the respective therapeutic use
PlantPart,HE-IS-FR,USED_FOR,TherapeuticUse,D003920,used_for,Plant part is associated with the respective therapeutic use
PlantPart,HE-IS-FR,USED_FOR,TherapeuticUse,D003967,used_for,Plant part is associated with the respective therapeutic use
PlantPart,HE-IS-FR,USED_FOR,TherapeuticUse,D004403,used_for,Plant part is associated with the respective therapeutic use
PlantPart,HE-IS-FR,USED_FOR,TherapeuticUse,D004415,used_for,Plant part is associated with the respective therapeutic use
PlantPart,HE-IS-FR,USED_FOR,TherapeuticUse,D004844,used_for,Plant part is associated with the respective therapeutic use
PlantPart,HE-IS-FR,USED_FOR,TherapeuticUse,D005334,used_for,Plant part is associated with the respective therapeutic use
PlantPart,HE-IS-FR,USED_FOR,TherapeuticUse,D005414,used_for,Plant part is associated with the respective therapeutic use
PlantPart,HE-IS-FR,USED_FOR,TherapeuticUse,D005767,used_for,Plant part is associated with the respective therapeutic use
PlantPart,HE-IS-FR,USED_FOR,TherapeuticUse,D006470,used_for,Plant part is associated with the respective therapeutic use
PlantPart,HE-IS-FR,USED_FOR,TherapeuticUse,D006487,used_for,Plant part is associated with the respective therapeutic use
PlantPart,HE-IS-FR,USED_FOR,TherapeuticUse,D006993,used_for,Plant part is associated with the respective therapeutic use
PlantPart,HE-IS-FR,USED_FOR,TherapeuticUse,D007172,used_for,Plant part is associated with the respective therapeutic use
PlantPart,HE-IS-FR,USED_FOR,TherapeuticUse,D007249,used_for,Plant part is associated with the respective therapeutic use
PlantPart,HE-IS-FR,USED_FOR,TherapeuticUse,D007410,used_for,Plant part is associated with the respective therapeutic use
PlantPart,HE-IS-FR,USED_FOR,TherapeuticUse,D007411,used_for,Plant part is associated with the respective therapeutic use
PlantPart,HE-IS-FR,USED_FOR,TherapeuticUse,D007774,used_for,Plant part is associated with the respective therapeutic use
PlantPart,HE-IS-FR,USED_FOR,TherapeuticUse,D009189,used_for,Plant part is associated with the respective therapeutic use
PlantPart,HE-IS-FR,USED_FOR,TherapeuticUse,D009877,used_for,Plant part is associated with the respective therapeutic use
PlantPart,HE-IS-FR,USED_FOR,TherapeuticUse,D010243,used_for,Plant part is associated with the respective therapeutic use
PlantPart,HE-IS-FR,USED_FOR,TherapeuticUse,D010276,used_for,Plant part is associated with the respective therapeutic use
PlantPart,HE-IS-FR,USED_FOR,TherapeuticUse,D012140,used_for,Plant part is associated with the respective therapeutic use
PlantPart,HE-IS-FR,USED_FOR,TherapeuticUse,D012141,used_for,Plant part is associated with the respective therapeutic use
PlantPart,HE-IS-FR,USED_FOR,TherapeuticUse,D012532,used_for,Plant part is associated with the respective therapeutic use
PlantPart,HE-IS-FR,USED_FOR,TherapeuticUse,D012871,used_for,Plant part is associated with the respective therapeutic use
PlantPart,HE-IS-FR,USED_FOR,TherapeuticUse,D013272,used_for,Plant part is associated with the respective therapeutic use
PlantPart,HE-IS-FR,USED_FOR,TherapeuticUse,D014099,used_for,Plant part is associated with the respective therapeutic use
PlantPart,HE-IS-FR,USED_FOR,TherapeuticUse,D014456,used_for,Plant part is associated with the respective therapeutic use
PlantPart,HE-IS-FR,USED_FOR,TherapeuticUse,D014839,used_for,Plant part is associated with the respective therapeutic use
PlantPart,HE-IS-FR,USED_FOR,TherapeuticUse,D014945,used_for,Plant part is associated with the respective therapeutic use
PlantPart,HE-IS-FR,USED_FOR,TherapeuticUse,D014947,used_for,Plant part is associated with the respective therapeutic use
PlantPart,HE-IS-FR,USED_FOR,TherapeuticUse,D015212,used_for,Plant part is associated with the respective therapeutic use
PlantPart,HE-IS-FR,USED_FOR,TherapeuticUse,D015227,used_for,Plant part is associated with the respective therapeutic use
PlantPart,HE-IS-FR,USED_FOR,TherapeuticUse,D015746,used_for,Plant part is associated with the respective therapeutic use
PlantPart,HE-IS-FR,USED_FOR,TherapeuticUse,D019167,used_for,Plant part is associated with the respective therapeutic use
PlantPart,HE-IS-FR,USED_FOR,TherapeuticUse,D055009,used_for,Plant part is associated with the respective therapeutic use
PlantPart,HE-IS-FR,USED_FOR,TherapeuticUse,D065106,used_for,Plant part is associated with the respective therapeutic use
PlantPart,HE-IS-LE,USED_FOR,TherapeuticUse,D000740,used_for,Plant part is associated with the respective therapeutic use
PlantPart,HE-IS-LE,USED_FOR,TherapeuticUse,D000871,used_for,Plant part is associated with the respective therapeutic use
PlantPart,HE-IS-LE,USED_FOR,TherapeuticUse,D003920,used_for,Plant part is associated with the respective therapeutic use
PlantPart,HE-IS-LE,USED_FOR,TherapeuticUse,D003967,used_for,Plant part is associated with the respective therapeutic use
PlantPart,HE-IS-LE,USED_FOR,TherapeuticUse,D004403,used_for,Plant part is associated with the respective therapeutic use
PlantPart,HE-IS-LE,USED_FOR,TherapeuticUse,D004433,used_for,Plant part is associated with the respective therapeutic use
PlantPart,HE-IS-LE,USED_FOR,TherapeuticUse,D004485,used_for,Plant part is associated with the respective therapeutic use
PlantPart,HE-IS-LE,USED_FOR,TherapeuticUse,D007172,used_for,Plant part is associated with the respective therapeutic use
PlantPart,HE-IS-LE,USED_FOR,TherapeuticUse,D007774,used_for,Plant part is associated with the respective therapeutic use
PlantPart,HE-IS-LE,USED_FOR,TherapeuticUse,D010243,used_for,Plant part is associated with the respective therapeutic use
PlantPart,HE-IS-LE,USED_FOR,TherapeuticUse,D011537,used_for,Plant part is associated with the respective therapeutic use
PlantPart,HE-IS-LE,USED_FOR,TherapeuticUse,D012532,used_for,Plant part is associated with the respective therapeutic use
PlantPart,HE-IS-LE,USED_FOR,TherapeuticUse,D012871,used_for,Plant part is associated with the respective therapeutic use
PlantPart,HE-IS-LE,USED_FOR,TherapeuticUse,D013180,used_for,Plant part is associated with the respective therapeutic use
PlantPart,HE-IS-LE,USED_FOR,TherapeuticUse,D014456,used_for,Plant part is associated with the respective therapeutic use
PlantPart,HE-IS-LE,USED_FOR,TherapeuticUse,D014947,used_for,Plant part is associated with the respective therapeutic use
PlantPart,HE-IS-LE,USED_FOR,TherapeuticUse,D015746,used_for,Plant part is associated with the respective therapeutic use
PlantPart,HE-IS-LE,USED_FOR,TherapeuticUse,D044342,used_for,Plant part is associated with the respective therapeutic use
PlantPart,HE-IS-LE,USED_FOR,TherapeuticUse,D055009,used_for,Plant part is associated with the respective therapeutic use
PlantPart,HE-IS-RO,USED_FOR,TherapeuticUse,D000019,used_for,Plant part is associated with the respective therapeutic use
PlantPart,HE-IS-RO,USED_FOR,TherapeuticUse,D000700,used_for,Plant part is associated with the respective therapeutic use
PlantPart,HE-IS-RO,USED_FOR,TherapeuticUse,D000871,used_for,Plant part is associated with the respective therapeutic use
PlantPart,HE-IS-RO,USED_FOR,TherapeuticUse,D000893,used_for,Plant part is associated with the respective therapeutic use
PlantPart,HE-IS-RO,USED_FOR,TherapeuticUse,D000900,used_for,Plant part is associated with the respective therapeutic use
PlantPart,HE-IS-RO,USED_FOR,TherapeuticUse,D000935,used_for,Plant part is associated with the respective therapeutic use
PlantPart,HE-IS-RO,USED_FOR,TherapeuticUse,D001249,used_for,Plant part is associated with the respective therapeutic use
PlantPart,HE-IS-RO,USED_FOR,TherapeuticUse,D001252,used_for,Plant part is associated with the respective therapeutic use
PlantPart,HE-IS-RO,USED_FOR,TherapeuticUse,D001733,used_for,Plant part is associated with the respective therapeutic use
PlantPart,HE-IS-RO,USED_FOR,TherapeuticUse,D002270,used_for,Plant part is associated with the respective therapeutic use
PlantPart,HE-IS-RO,USED_FOR,TherapeuticUse,D002637,used_for,Plant part is associated with the respective therapeutic use
PlantPart,HE-IS-RO,USED_FOR,TherapeuticUse,D002771,used_for,Plant part is associated with the respective therapeutic use
PlantPart,HE-IS-RO,USED_FOR,TherapeuticUse,D003085,used_for,Plant part is associated with the respective therapeutic use
PlantPart,HE-IS-RO,USED_FOR,TherapeuticUse,D003371,used_for,Plant part is associated with the respective therapeutic use
PlantPart,HE-IS-RO,USED_FOR,TherapeuticUse,D003920,used_for,Plant part is associated with the respective therapeutic use
PlantPart,HE-IS-RO,USED_FOR,TherapeuticUse,D003967,used_for,Plant part is associated with the respective therapeutic use
PlantPart,HE-IS-RO,USED_FOR,TherapeuticUse,D004232,used_for,Plant part is associated with the respective therapeutic use
PlantPart,HE-IS-RO,USED_FOR,TherapeuticUse,D004403,used_for,Plant part is associated with the respective therapeutic use
PlantPart,HE-IS-RO,USED_FOR,TherapeuticUse,D004404,used_for,Plant part is associated with the respective therapeutic use
PlantPart,HE-IS-RO,USED_FOR,TherapeuticUse,D004415,used_for,Plant part is associated with the respective therapeutic use
PlantPart,HE-IS-RO,USED_FOR,TherapeuticUse,D004653,used_for,Plant part is associated with the respective therapeutic use
PlantPart,HE-IS-RO,USED_FOR,TherapeuticUse,D005100,used_for,Plant part is associated with the respective therapeutic use
PlantPart,HE-IS-RO,USED_FOR,TherapeuticUse,D005334,used_for,Plant part is associated with the respective therapeutic use
PlantPart,HE-IS-RO,USED_FOR,TherapeuticUse,D005414,used_for,Plant part is associated with the respective therapeutic use
PlantPart,HE-IS-RO,USED_FOR,TherapeuticUse,D005667,used_for,Plant part is associated with the respective therapeutic use
PlantPart,HE-IS-RO,USED_FOR,TherapeuticUse,D005767,used_for,Plant part is associated with the respective therapeutic use
PlantPart,HE-IS-RO,USED_FOR,TherapeuticUse,D007410,used_for,Plant part is associated with the respective therapeutic use
PlantPart,HE-IS-RO,USED_FOR,TherapeuticUse,D007411,used_for,Plant part is associated with the respective therapeutic use
PlantPart,HE-IS-RO,USED_FOR,TherapeuticUse,D007775,used_for,Plant part is associated with the respective therapeutic use
PlantPart,HE-IS-RO,USED_FOR,TherapeuticUse,D008107,used_for,Plant part is associated with the respective therapeutic use
PlantPart,HE-IS-RO,USED_FOR,TherapeuticUse,D009369,used_for,Plant part is associated with the respective therapeutic use
PlantPart,HE-IS-RO,USED_FOR,TherapeuticUse,D011181,used_for,Plant part is associated with the respective therapeutic use
PlantPart,HE-IS-RO,USED_FOR,TherapeuticUse,D011818,used_for,Plant part is associated with the respective therapeutic use
PlantPart,HE-IS-RO,USED_FOR,TherapeuticUse,D012063,used_for,Plant part is associated with the respective therapeutic use
PlantPart,HE-IS-RO,USED_FOR,TherapeuticUse,D012532,used_for,Plant part is associated with the respective therapeutic use
PlantPart,HE-IS-RO,USED_FOR,TherapeuticUse,D012909,used_for,Plant part is associated with the respective therapeutic use
PlantPart,HE-IS-RO,USED_FOR,TherapeuticUse,D013272,used_for,Plant part is associated with the respective therapeutic use
PlantPart,HE-IS-RO,USED_FOR,TherapeuticUse,D014820,used_for,Plant part is associated with the respective therapeutic use
PlantPart,HE-IS-RO,USED_FOR,TherapeuticUse,D014839,used_for,Plant part is associated with the respective therapeutic use
PlantPart,HE-IS-RO,USED_FOR,TherapeuticUse,D014947,used_for,Plant part is associated with the respective therapeutic use
PlantPart,HE-IS-RO,USED_FOR,TherapeuticUse,D015212,used_for,Plant part is associated with the respective therapeutic use
PlantPart,HE-IS-RO,USED_FOR,TherapeuticUse,D015746,used_for,Plant part is associated with the respective therapeutic use
PlantPart,HE-IS-RO,USED_FOR,TherapeuticUse,D065106,used_for,Plant part is associated with the respective therapeutic use
PlantPart,HE-IS-SE,USED_FOR,TherapeuticUse,D000505,used_for,Plant part is associated with the respective therapeutic use
PlantPart,HE-IS-SE,USED_FOR,TherapeuticUse,D000900,used_for,Plant part is associated with the respective therapeutic use
PlantPart,HE-IS-SE,USED_FOR,TherapeuticUse,D001252,used_for,Plant part is associated with the respective therapeutic use
PlantPart,HE-IS-SE,USED_FOR,TherapeuticUse,D001941,used_for,Plant part is associated with the respective therapeutic use
PlantPart,HE-IS-SE,USED_FOR,TherapeuticUse,D001991,used_for,Plant part is associated with the respective therapeutic use
PlantPart,HE-IS-SE,USED_FOR,TherapeuticUse,D003085,used_for,Plant part is associated with the respective therapeutic use
PlantPart,HE-IS-SE,USED_FOR,TherapeuticUse,D003371,used_for,Plant part is associated with the respective therapeutic use
PlantPart,HE-IS-SE,USED_FOR,TherapeuticUse,D003920,used_for,Plant part is associated with the respective therapeutic use
PlantPart,HE-IS-SE,USED_FOR,TherapeuticUse,D003967,used_for,Plant part is associated with the respective therapeutic use
PlantPart,HE-IS-SE,USED_FOR,TherapeuticUse,D004403,used_for,Plant part is associated with the respective therapeutic use
PlantPart,HE-IS-SE,USED_FOR,TherapeuticUse,D004415,used_for,Plant part is associated with the respective therapeutic use
PlantPart,HE-IS-SE,USED_FOR,TherapeuticUse,D004827,used_for,Plant part is associated with the respective therapeutic use
PlantPart,HE-IS-SE,USED_FOR,TherapeuticUse,D005100,used_for,Plant part is associated with the respective therapeutic use
PlantPart,HE-IS-SE,USED_FOR,TherapeuticUse,D005334,used_for,Plant part is associated with the respective therapeutic use
PlantPart,HE-IS-SE,USED_FOR,TherapeuticUse,D005414,used_for,Plant part is associated with the respective therapeutic use
PlantPart,HE-IS-SE,USED_FOR,TherapeuticUse,D006470,used_for,Plant part is associated with the respective therapeutic use
PlantPart,HE-IS-SE,USED_FOR,TherapeuticUse,D007411,used_for,Plant part is associated with the respective therapeutic use
PlantPart,HE-IS-SE,USED_FOR,TherapeuticUse,D009135,used_for,Plant part is associated with the respective therapeutic use
PlantPart,HE-IS-SE,USED_FOR,TherapeuticUse,D009140,used_for,Plant part is associated with the respective therapeutic use
PlantPart,HE-IS-SE,USED_FOR,TherapeuticUse,D010146,used_for,Plant part is associated with the respective therapeutic use
PlantPart,HE-IS-SE,USED_FOR,TherapeuticUse,D010243,used_for,Plant part is associated with the respective therapeutic use
PlantPart,HE-IS-SE,USED_FOR,TherapeuticUse,D011248,used_for,Plant part is associated with the respective therapeutic use
PlantPart,HE-IS-SE,USED_FOR,TherapeuticUse,D012532,used_for,Plant part is associated with the respective therapeutic use
PlantPart,HE-IS-SE,USED_FOR,TherapeuticUse,D012909,used_for,Plant part is associated with the respective therapeutic use
PlantPart,HE-IS-SE,USED_FOR,TherapeuticUse,D014839,used_for,Plant part is associated with the respective therapeutic use
PlantPart,HE-IS-SE,USED_FOR,TherapeuticUse,D015212,used_for,Plant part is associated with the respective therapeutic use
PlantPart,HE-IS-SE,USED_FOR,TherapeuticUse,D015746,used_for,Plant part is associated with the respective therapeutic use
PlantPart,HE-IS-SE,USED_FOR,TherapeuticUse,D017955,used_for,Plant part is associated with the respective therapeutic use
PlantPart,HE-IS-SE,USED_FOR,TherapeuticUse,D018501,used_for,Plant part is associated with the respective therapeutic use
PlantPart,HE-IS-SE,USED_FOR,TherapeuticUse,D044342,used_for,Plant part is associated with the respective therapeutic use
PlantPart,HE-IS-SE,USED_FOR,TherapeuticUse,D048949,used_for,Plant part is associated with the respective therapeutic use
PlantPart,HE-IS-SE,USED_FOR,TherapeuticUse,D065106,used_for,Plant part is associated with the respective therapeutic use
PlantPart,HE-IS-ST,USED_FOR,TherapeuticUse,D000740,used_for,Plant part is associated with the respective therapeutic use
PlantPart,HE-IS-ST,USED_FOR,TherapeuticUse,D004403,used_for,Plant part is associated with the respective therapeutic use
PlantPart,HE-IS-ST,USED_FOR,TherapeuticUse,D005414,used_for,Plant part is associated with the respective therapeutic use
PlantPart,HE-IS-ST,USED_FOR,TherapeuticUse,D011537,used_for,Plant part is associated with the respective therapeutic use
PlantPart,HE-IS-ST,USED_FOR,TherapeuticUse,D014098,used_for,Plant part is associated with the respective therapeutic use
PlantPart,HI-RO-AE,USED_FOR,TherapeuticUse,D002492,used_for,Plant part is associated with the respective therapeutic use
PlantPart,HI-RO-AE,USED_FOR,TherapeuticUse,D007022,used_for,Plant part is associated with the respective therapeutic use
PlantPart,HI-RO-AE,USED_FOR,TherapeuticUse,D010276,used_for,Plant part is associated with the respective therapeutic use
PlantPart,HI-RO-BA,USED_FOR,TherapeuticUse,D000019,used_for,Plant part is associated with the respective therapeutic use
PlantPart,HI-RO-BA,USED_FOR,TherapeuticUse,D000998,used_for,Plant part is associated with the respective therapeutic use
PlantPart,HI-RO-BA,USED_FOR,TherapeuticUse,D003248,used_for,Plant part is associated with the respective therapeutic use
PlantPart,HI-RO-BA,USED_FOR,TherapeuticUse,D003967,used_for,Plant part is associated with the respective therapeutic use
PlantPart,HI-RO-BA,USED_FOR,TherapeuticUse,D005334,used_for,Plant part is associated with the respective therapeutic use
PlantPart,HI-RO-BA,USED_FOR,TherapeuticUse,D008600,used_for,Plant part is associated with the respective therapeutic use
PlantPart,HI-RO-BA,USED_FOR,TherapeuticUse,D010146,used_for,Plant part is associated with the respective therapeutic use
PlantPart,HI-RO-FL,USED_FOR,TherapeuticUse,D000019,used_for,Plant part is associated with the respective therapeutic use
PlantPart,HI-RO-FL,USED_FOR,TherapeuticUse,D000505,used_for,Plant part is associated with the respective therapeutic use
PlantPart,HI-RO-FL,USED_FOR,TherapeuticUse,D000568,used_for,Plant part is associated with the respective therapeutic use
PlantPart,HI-RO-FL,USED_FOR,TherapeuticUse,D000700,used_for,Plant part is associated with the respective therapeutic use
PlantPart,HI-RO-FL,USED_FOR,TherapeuticUse,D000740,used_for,Plant part is associated with the respective therapeutic use
PlantPart,HI-RO-FL,USED_FOR,TherapeuticUse,D000893,used_for,Plant part is associated with the respective therapeutic use
PlantPart,HI-RO-FL,USED_FOR,TherapeuticUse,D000927,used_for,Plant part is associated with the respective therapeutic use
PlantPart,HI-RO-FL,USED_FOR,TherapeuticUse,D000932,used_for,Plant part is associated with the respective therapeutic use
PlantPart,HI-RO-FL,USED_FOR,TherapeuticUse,D000959,used_for,Plant part is associated with the respective therapeutic use
PlantPart,HI-RO-FL,USED_FOR,TherapeuticUse,D000960,used_for,Plant part is associated with the respective therapeutic use
PlantPart,HI-RO-FL,USED_FOR,TherapeuticUse,D000975,used_for,Plant part is associated with the respective therapeutic use
PlantPart,HI-RO-FL,USED_FOR,TherapeuticUse,D000982,used_for,Plant part is associated with the respective therapeutic use
PlantPart,HI-RO-FL,USED_FOR,TherapeuticUse,D001046,used_for,Plant part is associated with the respective therapeutic use
PlantPart,HI-RO-FL,USED_FOR,TherapeuticUse,D001249,used_for,Plant part is associated with the respective therapeutic use
PlantPart,HI-RO-FL,USED_FOR,TherapeuticUse,D001252,used_for,Plant part is associated with the respective therapeutic use
PlantPart,HI-RO-FL,USED_FOR,TherapeuticUse,D001523,used_for,Plant part is associated with the respective therapeutic use
PlantPart,HI-RO-FL,USED_FOR,TherapeuticUse,D001786,used_for,Plant part is associated with the respective therapeutic use
PlantPart,HI-RO-FL,USED_FOR,TherapeuticUse,D001927,used_for,Plant part is associated with the respective therapeutic use
PlantPart,HI-RO-FL,USED_FOR,TherapeuticUse,D001982,used_for,Plant part is associated with the respective therapeutic use
PlantPart,HI-RO-FL,USED_FOR,TherapeuticUse,D001991,used_for,Plant part is associated with the respective therapeutic use
PlantPart,HI-RO-FL,USED_FOR,TherapeuticUse,D002056,used_for,Plant part is associated with the respective therapeutic use
PlantPart,HI-RO-FL,USED_FOR,TherapeuticUse,D002316,used_for,Plant part is associated with the respective therapeutic use
PlantPart,HI-RO-FL,USED_FOR,TherapeuticUse,D003139,used_for,Plant part is associated with the respective therapeutic use
PlantPart,HI-RO-FL,USED_FOR,TherapeuticUse,D003248,used_for,Plant part is associated with the respective therapeutic use
PlantPart,HI-RO-FL,USED_FOR,TherapeuticUse,D003270,used_for,Plant part is associated with the respective therapeutic use
PlantPart,HI-RO-FL,USED_FOR,TherapeuticUse,D003371,used_for,Plant part is associated with the respective therapeutic use
PlantPart,HI-RO-FL,USED_FOR,TherapeuticUse,D003556,used_for,Plant part is associated with the respective therapeutic use
PlantPart,HI-RO-FL,USED_FOR,TherapeuticUse,D003920,used_for,Plant part is associated with the respective therapeutic use
PlantPart,HI-RO-FL,USED_FOR,TherapeuticUse,D004232,used_for,Plant part is associated with the respective therapeutic use
PlantPart,HI-RO-FL,USED_FOR,TherapeuticUse,D004403,used_for,Plant part is associated with the respective therapeutic use
PlantPart,HI-RO-FL,USED_FOR,TherapeuticUse,D004485,used_for,Plant part is associated with the respective therapeutic use
PlantPart,HI-RO-FL,USED_FOR,TherapeuticUse,D004487,used_for,Plant part is associated with the respective therapeutic use
PlantPart,HI-RO-FL,USED_FOR,TherapeuticUse,D004643,used_for,Plant part is associated with the respective therapeutic use
PlantPart,HI-RO-FL,USED_FOR,TherapeuticUse,D004827,used_for,Plant part is associated with the respective therapeutic use
PlantPart,HI-RO-FL,USED_FOR,TherapeuticUse,D005299,used_for,Plant part is associated with the respective therapeutic use
PlantPart,HI-RO-FL,USED_FOR,TherapeuticUse,D005334,used_for,Plant part is associated with the respective therapeutic use
PlantPart,HI-RO-FL,USED_FOR,TherapeuticUse,D005667,used_for,Plant part is associated with the respective therapeutic use
PlantPart,HI-RO-FL,USED_FOR,TherapeuticUse,D005756,used_for,Plant part is associated with the respective therapeutic use
PlantPart,HI-RO-FL,USED_FOR,TherapeuticUse,D006069,used_for,Plant part is associated with the respective therapeutic use
PlantPart,HI-RO-FL,USED_FOR,TherapeuticUse,D006261,used_for,Plant part is associated with the respective therapeutic use
PlantPart,HI-RO-FL,USED_FOR,TherapeuticUse,D006331,used_for,Plant part is associated with the respective therapeutic use
PlantPart,HI-RO-FL,USED_FOR,TherapeuticUse,D006402,used_for,Plant part is associated with the respective therapeutic use
PlantPart,HI-RO-FL,USED_FOR,TherapeuticUse,D006469,used_for,Plant part is associated with the respective therapeutic use
PlantPart,HI-RO-FL,USED_FOR,TherapeuticUse,D006470,used_for,Plant part is associated with the respective therapeutic use
PlantPart,HI-RO-FL,USED_FOR,TherapeuticUse,D006471,used_for,Plant part is associated with the respective therapeutic use
PlantPart,HI-RO-FL,USED_FOR,TherapeuticUse,D006484,used_for,Plant part is associated with the respective therapeutic use
PlantPart,HI-RO-FL,USED_FOR,TherapeuticUse,D006487,used_for,Plant part is associated with the respective therapeutic use
PlantPart,HI-RO-FL,USED_FOR,TherapeuticUse,D006973,used_for,Plant part is associated with the respective therapeutic use
PlantPart,HI-RO-FL,USED_FOR,TherapeuticUse,D006993,used_for,Plant part is associated with the respective therapeutic use
PlantPart,HI-RO-FL,USED_FOR,TherapeuticUse,D007004,used_for,Plant part is associated with the respective therapeutic use
PlantPart,HI-RO-FL,USED_FOR,TherapeuticUse,D007172,used_for,Plant part is associated with the respective therapeutic use
PlantPart,HI-RO-FL,USED_FOR,TherapeuticUse,D007249,used_for,Plant part is associated with the respective therapeutic use
PlantPart,HI-RO-FL,USED_FOR,TherapeuticUse,D007306,used_for,Plant part is associated with the respective therapeutic use
PlantPart,HI-RO-FL,USED_FOR,TherapeuticUse,D007565,used_for,Plant part is associated with the respective therapeutic use
PlantPart,HI-RO-FL,USED_FOR,TherapeuticUse,D007674,used_for,Plant part is associated with the respective therapeutic use
PlantPart,HI-RO-FL,USED_FOR,TherapeuticUse,D007918,used_for,Plant part is associated with the respective therapeutic use
PlantPart,HI-RO-FL,USED_FOR,TherapeuticUse,D007973,used_for,Plant part is associated with the respective therapeutic use
PlantPart,HI-RO-FL,USED_FOR,TherapeuticUse,D008595,used_for,Plant part is associated with the respective therapeutic use
PlantPart,HI-RO-FL,USED_FOR,TherapeuticUse,D008599,used_for,Plant part is associated with the respective therapeutic use
PlantPart,HI-RO-FL,USED_FOR,TherapeuticUse,D008600,used_for,Plant part is associated with the respective therapeutic use
PlantPart,HI-RO-FL,USED_FOR,TherapeuticUse,D008796,used_for,Plant part is associated with the respective therapeutic use
PlantPart,HI-RO-FL,USED_FOR,TherapeuticUse,D009107,used_for,Plant part is associated with the respective therapeutic use
PlantPart,HI-RO-FL,USED_FOR,TherapeuticUse,D009202,used_for,Plant part is associated with the respective therapeutic use
PlantPart,HI-RO-FL,USED_FOR,TherapeuticUse,D009422,used_for,Plant part is associated with the respective therapeutic use
PlantPart,HI-RO-FL,USED_FOR,TherapeuticUse,D010146,used_for,Plant part is associated with the respective therapeutic use
PlantPart,HI-RO-FL,USED_FOR,TherapeuticUse,D010276,used_for,Plant part is associated with the respective therapeutic use
PlantPart,HI-RO-FL,USED_FOR,TherapeuticUse,D012532,used_for,Plant part is associated with the respective therapeutic use
PlantPart,HI-RO-FL,USED_FOR,TherapeuticUse,D012614,used_for,Plant part is associated with the respective therapeutic use
PlantPart,HI-RO-FL,USED_FOR,TherapeuticUse,D012735,used_for,Plant part is associated with the respective therapeutic use
PlantPart,HI-RO-FL,USED_FOR,TherapeuticUse,D012749,used_for,Plant part is associated with the respective therapeutic use
PlantPart,HI-RO-FL,USED_FOR,TherapeuticUse,D012871,used_for,Plant part is associated with the respective therapeutic use
PlantPart,HI-RO-FL,USED_FOR,TherapeuticUse,D012899,used_for,Plant part is associated with the respective therapeutic use
PlantPart,HI-RO-FL,USED_FOR,TherapeuticUse,D013245,used_for,Plant part is associated with the respective therapeutic use
PlantPart,HI-RO-FL,USED_FOR,TherapeuticUse,D013587,used_for,Plant part is associated with the respective therapeutic use
PlantPart,HI-RO-FL,USED_FOR,TherapeuticUse,D014069,used_for,Plant part is associated with the respective therapeutic use
PlantPart,HI-RO-FL,USED_FOR,TherapeuticUse,D014456,used_for,Plant part is associated with the respective therapeutic use
PlantPart,HI-RO-FL,USED_FOR,TherapeuticUse,D014552,used_for,Plant part is associated with the respective therapeutic use
PlantPart,HI-RO-FL,USED_FOR,TherapeuticUse,D014555,used_for,Plant part is associated with the respective therapeutic use
PlantPart,HI-RO-FL,USED_FOR,TherapeuticUse,D014566,used_for,Plant part is associated with the respective therapeutic use
PlantPart,HI-RO-FL,USED_FOR,TherapeuticUse,D014570,used_for,Plant part is associated with the respective therapeutic use
PlantPart,HI-RO-FL,USED_FOR,TherapeuticUse,D014917,used_for,Plant part is associated with the respective therapeutic use
PlantPart,HI-RO-FL,USED_FOR,TherapeuticUse,D014945,used_for,Plant part is associated with the respective therapeutic use
PlantPart,HI-RO-FL,USED_FOR,TherapeuticUse,D014947,used_for,Plant part is associated with the respective therapeutic use
PlantPart,HI-RO-FL,USED_FOR,TherapeuticUse,D015227,used_for,Plant part is associated with the respective therapeutic use
PlantPart,HI-RO-FL,USED_FOR,TherapeuticUse,D015746,used_for,Plant part is associated with the respective therapeutic use
PlantPart,HI-RO-FL,USED_FOR,TherapeuticUse,D016587,used_for,Plant part is associated with the respective therapeutic use
PlantPart,HI-RO-FL,USED_FOR,TherapeuticUse,D018501,used_for,Plant part is associated with the respective therapeutic use
PlantPart,HI-RO-FL,USED_FOR,TherapeuticUse,D018697,used_for,Plant part is associated with the respective therapeutic use
PlantPart,HI-RO-FL,USED_FOR,TherapeuticUse,D056747,used_for,Plant part is associated with the respective therapeutic use
PlantPart,HI-RO-FL,USED_FOR,TherapeuticUse,D058633,used_for,Plant part is associated with the respective therapeutic use
PlantPart,HI-RO-FL,USED_FOR,TherapeuticUse,D061686,used_for,Plant part is associated with the respective therapeutic use
PlantPart,HI-RO-FL,USED_FOR,TherapeuticUse,D063807,used_for,Plant part is associated with the respective therapeutic use
PlantPart,HI-RO-FL,USED_FOR,TherapeuticUse,D065106,used_for,Plant part is associated with the respective therapeutic use
PlantPart,HI-RO-FR,USED_FOR,TherapeuticUse,D000505,used_for,Plant part is associated with the respective therapeutic use
PlantPart,HI-RO-LE,USED_FOR,TherapeuticUse,D000019,used_for,Plant part is associated with the respective therapeutic use
PlantPart,HI-RO-LE,USED_FOR,TherapeuticUse,D000038,used_for,Plant part is associated with the respective therapeutic use
PlantPart,HI-RO-LE,USED_FOR,TherapeuticUse,D000152,used_for,Plant part is associated with the respective therapeutic use
PlantPart,HI-RO-LE,USED_FOR,TherapeuticUse,D000505,used_for,Plant part is associated with the respective therapeutic use
PlantPart,HI-RO-LE,USED_FOR,TherapeuticUse,D000700,used_for,Plant part is associated with the respective therapeutic use
PlantPart,HI-RO-LE,USED_FOR,TherapeuticUse,D000893,used_for,Plant part is associated with the respective therapeutic use
PlantPart,HI-RO-LE,USED_FOR,TherapeuticUse,D000900,used_for,Plant part is associated with the respective therapeutic use
PlantPart,HI-RO-LE,USED_FOR,TherapeuticUse,D000969,used_for,Plant part is associated with the respective therapeutic use
PlantPart,HI-RO-LE,USED_FOR,TherapeuticUse,D000982,used_for,Plant part is associated with the respective therapeutic use
PlantPart,HI-RO-LE,USED_FOR,TherapeuticUse,D001046,used_for,Plant part is associated with the respective therapeutic use
PlantPart,HI-RO-LE,USED_FOR,TherapeuticUse,D001249,used_for,Plant part is associated with the respective therapeutic use
PlantPart,HI-RO-LE,USED_FOR,TherapeuticUse,D002056,used_for,Plant part is associated with the respective therapeutic use
PlantPart,HI-RO-LE,USED_FOR,TherapeuticUse,D003248,used_for,Plant part is associated with the respective therapeutic use
PlantPart,HI-RO-LE,USED_FOR,TherapeuticUse,D003371,used_for,Plant part is associated with the respective therapeutic use
PlantPart,HI-RO-LE,USED_FOR,TherapeuticUse,D003920,used_for,Plant part is associated with the respective therapeutic use
PlantPart,HI-RO-LE,USED_FOR,TherapeuticUse,D004232,used_for,Plant part is associated with the respective therapeutic use
PlantPart,HI-RO-LE,USED_FOR,TherapeuticUse,D004403,used_for,Plant part is associated with the respective therapeutic use
PlantPart,HI-RO-LE,USED_FOR,TherapeuticUse,D004485,used_for,Plant part is associated with the respective therapeutic use
PlantPart,HI-RO-LE,USED_FOR,TherapeuticUse,D004643,used_for,Plant part is associated with the respective therapeutic use
PlantPart,HI-RO-LE,USED_FOR,TherapeuticUse,D005221,used_for,Plant part is associated with the respective therapeutic use
PlantPart,HI-RO-LE,USED_FOR,TherapeuticUse,D005334,used_for,Plant part is associated with the respective therapeutic use
PlantPart,HI-RO-LE,USED_FOR,TherapeuticUse,D005667,used_for,Plant part is associated with the respective therapeutic use
PlantPart,HI-RO-LE,USED_FOR,TherapeuticUse,D006069,used_for,Plant part is associated with the respective therapeutic use
PlantPart,HI-RO-LE,USED_FOR,TherapeuticUse,D006201,used_for,Plant part is associated with the respective therapeutic use
PlantPart,HI-RO-LE,USED_FOR,TherapeuticUse,D006261,used_for,Plant part is associated with the respective therapeutic use
PlantPart,HI-RO-LE,USED_FOR,TherapeuticUse,D006402,used_for,Plant part is associated with the respective therapeutic use
PlantPart,HI-RO-LE,USED_FOR,TherapeuticUse,D006484,used_for,Plant part is associated with the respective therapeutic use
PlantPart,HI-RO-LE,USED_FOR,TherapeuticUse,D006973,used_for,Plant part is associated with the respective therapeutic use
PlantPart,HI-RO-LE,USED_FOR,TherapeuticUse,D007022,used_for,Plant part is associated with the respective therapeutic use
PlantPart,HI-RO-LE,USED_FOR,TherapeuticUse,D007249,used_for,Plant part is associated with the respective therapeutic use
PlantPart,HI-RO-LE,USED_FOR,TherapeuticUse,D007306,used_for,Plant part is associated with the respective therapeutic use
PlantPart,HI-RO-LE,USED_FOR,TherapeuticUse,D007674,used_for,Plant part is associated with the respective therapeutic use
PlantPart,HI-RO-LE,USED_FOR,TherapeuticUse,D007918,used_for,Plant part is associated with the respective therapeutic use
PlantPart,HI-RO-LE,USED_FOR,TherapeuticUse,D008107,used_for,Plant part is associated with the respective therapeutic use
PlantPart,HI-RO-LE,USED_FOR,TherapeuticUse,D008599,used_for,Plant part is associated with the respective therapeutic use
PlantPart,HI-RO-LE,USED_FOR,TherapeuticUse,D010146,used_for,Plant part is associated with the respective therapeutic use
PlantPart,HI-RO-LE,USED_FOR,TherapeuticUse,D012532,used_for,Plant part is associated with the respective therapeutic use
PlantPart,HI-RO-LE,USED_FOR,TherapeuticUse,D012749,used_for,Plant part is associated with the respective therapeutic use
PlantPart,HI-RO-LE,USED_FOR,TherapeuticUse,D012871,used_for,Plant part is associated with the respective therapeutic use
PlantPart,HI-RO-LE,USED_FOR,TherapeuticUse,D012899,used_for,Plant part is associated with the respective therapeutic use
PlantPart,HI-RO-LE,USED_FOR,TherapeuticUse,D013587,used_for,Plant part is associated with the respective therapeutic use
PlantPart,HI-RO-LE,USED_FOR,TherapeuticUse,D014456,used_for,Plant part is associated with the respective therapeutic use
PlantPart,HI-RO-LE,USED_FOR,TherapeuticUse,D014552,used_for,Plant part is associated with the respective therapeutic use
PlantPart,HI-RO-LE,USED_FOR,TherapeuticUse,D014570,used_for,Plant part is associated with the respective therapeutic use
PlantPart,HI-RO-LE,USED_FOR,TherapeuticUse,D014581,used_for,Plant part is associated with the respective therapeutic use
PlantPart,HI-RO-LE,USED_FOR,TherapeuticUse,D014947,used_for,Plant part is associated with the respective therapeutic use
PlantPart,HI-RO-LE,USED_FOR,TherapeuticUse,D015746,used_for,Plant part is associated with the respective therapeutic use
PlantPart,HI-RO-LE,USED_FOR,TherapeuticUse,D054368,used_for,Plant part is associated with the respective therapeutic use
PlantPart,HI-RO-LE,USED_FOR,TherapeuticUse,D058633,used_for,Plant part is associated with the respective therapeutic use
PlantPart,HI-RO-LE,USED_FOR,TherapeuticUse,D063807,used_for,Plant part is associated with the respective therapeutic use
PlantPart,HI-RO-RO,USED_FOR,TherapeuticUse,D000019,used_for,Plant part is associated with the respective therapeutic use
PlantPart,HI-RO-RO,USED_FOR,TherapeuticUse,D000647,used_for,Plant part is associated with the respective therapeutic use
PlantPart,HI-RO-RO,USED_FOR,TherapeuticUse,D000928,used_for,Plant part is associated with the respective therapeutic use
PlantPart,HI-RO-RO,USED_FOR,TherapeuticUse,D000982,used_for,Plant part is associated with the respective therapeutic use
PlantPart,HI-RO-RO,USED_FOR,TherapeuticUse,D001249,used_for,Plant part is associated with the respective therapeutic use
PlantPart,HI-RO-RO,USED_FOR,TherapeuticUse,D003248,used_for,Plant part is associated with the respective therapeutic use
PlantPart,HI-RO-RO,USED_FOR,TherapeuticUse,D003270,used_for,Plant part is associated with the respective therapeutic use
PlantPart,HI-RO-RO,USED_FOR,TherapeuticUse,D003371,used_for,Plant part is associated with the respective therapeutic use
PlantPart,HI-RO-RO,USED_FOR,TherapeuticUse,D004232,used_for,Plant part is associated with the respective therapeutic use
PlantPart,HI-RO-RO,USED_FOR,TherapeuticUse,D005334,used_for,Plant part is associated with the respective therapeutic use
PlantPart,HI-RO-RO,USED_FOR,TherapeuticUse,D006069,used_for,Plant part is associated with the respective therapeutic use
PlantPart,HI-RO-RO,USED_FOR,TherapeuticUse,D006949,used_for,Plant part is associated with the respective therapeutic use
PlantPart,HI-RO-RO,USED_FOR,TherapeuticUse,D007674,used_for,Plant part is associated with the respective therapeutic use
PlantPart,HI-RO-RO,USED_FOR,TherapeuticUse,D008171,used_for,Plant part is associated with the respective therapeutic use
PlantPart,HI-RO-RO,USED_FOR,TherapeuticUse,D008595,used_for,Plant part is associated with the respective therapeutic use
PlantPart,HI-RO-RO,USED_FOR,TherapeuticUse,D009497,used_for,Plant part is associated with the respective therapeutic use
PlantPart,HI-RO-RO,USED_FOR,TherapeuticUse,D010146,used_for,Plant part is associated with the respective therapeutic use
PlantPart,HI-RO-RO,USED_FOR,TherapeuticUse,D012749,used_for,Plant part is associated with the respective therapeutic use
PlantPart,HI-RO-RO,USED_FOR,TherapeuticUse,D012871,used_for,Plant part is associated with the respective therapeutic use
PlantPart,HI-RO-RO,USED_FOR,TherapeuticUse,D013272,used_for,Plant part is associated with the respective therapeutic use
PlantPart,HI-RO-RO,USED_FOR,TherapeuticUse,D014151,used_for,Plant part is associated with the respective therapeutic use
PlantPart,HI-RO-RO,USED_FOR,TherapeuticUse,D014456,used_for,Plant part is associated with the respective therapeutic use
PlantPart,HI-RO-RO,USED_FOR,TherapeuticUse,D014570,used_for,Plant part is associated with the respective therapeutic use
PlantPart,HI-RO-RO,USED_FOR,TherapeuticUse,D014839,used_for,Plant part is associated with the respective therapeutic use
PlantPart,HI-RO-RO,USED_FOR,TherapeuticUse,D018501,used_for,Plant part is associated with the respective therapeutic use
PlantPart,HI-RO-RO,USED_FOR,TherapeuticUse,D018697,used_for,Plant part is associated with the respective therapeutic use
PlantPart,HI-RO-RO,USED_FOR,TherapeuticUse,D018726,used_for,Plant part is associated with the respective therapeutic use
PlantPart,HI-RO-SE,USED_FOR,TherapeuticUse,D001745,used_for,Plant part is associated with the respective therapeutic use
PlantPart,HI-RO-SE,USED_FOR,TherapeuticUse,D006069,used_for,Plant part is associated with the respective therapeutic use
PlantPart,HI-RO-ST,USED_FOR,TherapeuticUse,D000970,used_for,Plant part is associated with the respective therapeutic use
PlantPart,HI-RO-ST,USED_FOR,TherapeuticUse,D003270,used_for,Plant part is associated with the respective therapeutic use
PlantPart,HI-RO-ST,USED_FOR,TherapeuticUse,D007248,used_for,Plant part is associated with the respective therapeutic use
PlantPart,HI-RO-ST,USED_FOR,TherapeuticUse,D019522,used_for,Plant part is associated with the respective therapeutic use
PlantPart,HI-RO-ST,USED_FOR,TherapeuticUse,D030762,used_for,Plant part is associated with the respective therapeutic use
PlantPart,HI-RO-ST,USED_FOR,TherapeuticUse,D054697,used_for,Plant part is associated with the respective therapeutic use
PlantPart,HI-RO-ST,USED_FOR,TherapeuticUse,D058447,used_for,Plant part is associated with the respective therapeutic use
PlantPart,HI-RO-WH,USED_FOR,TherapeuticUse,D006973,used_for,Plant part is associated with the respective therapeutic use
PlantPart,HI-RO-WH,USED_FOR,TherapeuticUse,D008595,used_for,Plant part is associated with the respective therapeutic use
PlantPart,HI-RO-WH,USED_FOR,TherapeuticUse,D054368,used_for,Plant part is associated with the respective therapeutic use
PlantPart,HO-PU-BA,USED_FOR,TherapeuticUse,D000019,used_for,Plant part is associated with the respective therapeutic use
PlantPart,HO-PU-BA,USED_FOR,TherapeuticUse,D000568,used_for,Plant part is associated with the respective therapeutic use
PlantPart,HO-PU-BA,USED_FOR,TherapeuticUse,D000871,used_for,Plant part is associated with the respective therapeutic use
PlantPart,HO-PU-BA,USED_FOR,TherapeuticUse,D000889,used_for,Plant part is associated with the respective therapeutic use
PlantPart,HO-PU-BA,USED_FOR,TherapeuticUse,D000900,used_for,Plant part is associated with the respective therapeutic use
PlantPart,HO-PU-BA,USED_FOR,TherapeuticUse,D000975,used_for,Plant part is associated with the respective therapeutic use
PlantPart,HO-PU-BA,USED_FOR,TherapeuticUse,D000977,used_for,Plant part is associated with the respective therapeutic use
PlantPart,HO-PU-BA,USED_FOR,TherapeuticUse,D000981,used_for,Plant part is associated with the respective therapeutic use
PlantPart,HO-PU-BA,USED_FOR,TherapeuticUse,D001046,used_for,Plant part is associated with the respective therapeutic use
PlantPart,HO-PU-BA,USED_FOR,TherapeuticUse,D001049,used_for,Plant part is associated with the respective therapeutic use
PlantPart,HO-PU-BA,USED_FOR,TherapeuticUse,D001168,used_for,Plant part is associated with the respective therapeutic use
PlantPart,HO-PU-BA,USED_FOR,TherapeuticUse,D001249,used_for,Plant part is associated with the respective therapeutic use
PlantPart,HO-PU-BA,USED_FOR,TherapeuticUse,D001252,used_for,Plant part is associated with the respective therapeutic use
PlantPart,HO-PU-BA,USED_FOR,TherapeuticUse,D001744,used_for,Plant part is associated with the respective therapeutic use
PlantPart,HO-PU-BA,USED_FOR,TherapeuticUse,D001982,used_for,Plant part is associated with the respective therapeutic use
PlantPart,HO-PU-BA,USED_FOR,TherapeuticUse,D001991,used_for,Plant part is associated with the respective therapeutic use
PlantPart,HO-PU-BA,USED_FOR,TherapeuticUse,D002637,used_for,Plant part is associated with the respective therapeutic use
PlantPart,HO-PU-BA,USED_FOR,TherapeuticUse,D002771,used_for,Plant part is associated with the respective therapeutic use
PlantPart,HO-PU-BA,USED_FOR,TherapeuticUse,D003085,used_for,Plant part is associated with the respective therapeutic use
PlantPart,HO-PU-BA,USED_FOR,TherapeuticUse,D003092,used_for,Plant part is associated with the respective therapeutic use
PlantPart,HO-PU-BA,USED_FOR,TherapeuticUse,D003139,used_for,Plant part is associated with the respective therapeutic use
PlantPart,HO-PU-BA,USED_FOR,TherapeuticUse,D003248,used_for,Plant part is associated with the respective therapeutic use
PlantPart,HO-PU-BA,USED_FOR,TherapeuticUse,D003371,used_for,Plant part is associated with the respective therapeutic use
PlantPart,HO-PU-BA,USED_FOR,TherapeuticUse,D003731,used_for,Plant part is associated with the respective therapeutic use
PlantPart,HO-PU-BA,USED_FOR,TherapeuticUse,D003920,used_for,Plant part is associated with the respective therapeutic use
PlantPart,HO-PU-BA,USED_FOR,TherapeuticUse,D003967,used_for,Plant part is associated with the respective therapeutic use
PlantPart,HO-PU-BA,USED_FOR,TherapeuticUse,D004232,used_for,Plant part is associated with the respective therapeutic use
PlantPart,HO-PU-BA,USED_FOR,TherapeuticUse,D004403,used_for,Plant part is associated with the respective therapeutic use
PlantPart,HO-PU-BA,USED_FOR,TherapeuticUse,D004404,used_for,Plant part is associated with the respective therapeutic use
PlantPart,HO-PU-BA,USED_FOR,TherapeuticUse,D004415,used_for,Plant part is associated with the respective therapeutic use
PlantPart,HO-PU-BA,USED_FOR,TherapeuticUse,D004485,used_for,Plant part is associated with the respective therapeutic use
PlantPart,HO-PU-BA,USED_FOR,TherapeuticUse,D004487,used_for,Plant part is associated with the respective therapeutic use
PlantPart,HO-PU-BA,USED_FOR,TherapeuticUse,D004886,used_for,Plant part is associated with the respective therapeutic use
PlantPart,HO-PU-BA,USED_FOR,TherapeuticUse,D005076,used_for,Plant part is associated with the respective therapeutic use
PlantPart,HO-PU-BA,USED_FOR,TherapeuticUse,D005100,used_for,Plant part is associated with the respective therapeutic use
PlantPart,HO-PU-BA,USED_FOR,TherapeuticUse,D005334,used_for,Plant part is associated with the respective therapeutic use
PlantPart,HO-PU-BA,USED_FOR,TherapeuticUse,D005401,used_for,Plant part is associated with the respective therapeutic use
PlantPart,HO-PU-BA,USED_FOR,TherapeuticUse,D005414,used_for,Plant part is associated with the respective therapeutic use
PlantPart,HO-PU-BA,USED_FOR,TherapeuticUse,D005759,used_for,Plant part is associated with the respective therapeutic use
PlantPart,HO-PU-BA,USED_FOR,TherapeuticUse,D005767,used_for,Plant part is associated with the respective therapeutic use
PlantPart,HO-PU-BA,USED_FOR,TherapeuticUse,D006073,used_for,Plant part is associated with the respective therapeutic use
PlantPart,HO-PU-BA,USED_FOR,TherapeuticUse,D006261,used_for,Plant part is associated with the respective therapeutic use
PlantPart,HO-PU-BA,USED_FOR,TherapeuticUse,D006470,used_for,Plant part is associated with the respective therapeutic use
PlantPart,HO-PU-BA,USED_FOR,TherapeuticUse,D006473,used_for,Plant part is associated with the respective therapeutic use
PlantPart,HO-PU-BA,USED_FOR,TherapeuticUse,D006484,used_for,Plant part is associated with the respective therapeutic use
PlantPart,HO-PU-BA,USED_FOR,TherapeuticUse,D006529,used_for,Plant part is associated with the respective therapeutic use
PlantPart,HO-PU-BA,USED_FOR,TherapeuticUse,D007022,used_for,Plant part is associated with the respective therapeutic use
PlantPart,HO-PU-BA,USED_FOR,TherapeuticUse,D007249,used_for,Plant part is associated with the respective therapeutic use
PlantPart,HO-PU-BA,USED_FOR,TherapeuticUse,D007410,used_for,Plant part is associated with the respective therapeutic use
PlantPart,HO-PU-BA,USED_FOR,TherapeuticUse,D007565,used_for,Plant part is associated with the respective therapeutic use
PlantPart,HO-PU-BA,USED_FOR,TherapeuticUse,D007669,used_for,Plant part is associated with the respective therapeutic use
PlantPart,HO-PU-BA,USED_FOR,TherapeuticUse,D007918,used_for,Plant part is associated with the respective therapeutic use
PlantPart,HO-PU-BA,USED_FOR,TherapeuticUse,D008107,used_for,Plant part is associated with the respective therapeutic use
PlantPart,HO-PU-BA,USED_FOR,TherapeuticUse,D008288,used_for,Plant part is associated with the respective therapeutic use
PlantPart,HO-PU-BA,USED_FOR,TherapeuticUse,D008595,used_for,Plant part is associated with the respective therapeutic use
PlantPart,HO-PU-BA,USED_FOR,TherapeuticUse,D010146,used_for,Plant part is associated with the respective therapeutic use
PlantPart,HO-PU-BA,USED_FOR,TherapeuticUse,D011014,used_for,Plant part is associated with the respective therapeutic use
PlantPart,HO-PU-BA,USED_FOR,TherapeuticUse,D011041,used_for,Plant part is associated with the respective therapeutic use
PlantPart,HO-PU-BA,USED_FOR,TherapeuticUse,D011837,used_for,Plant part is associated with the respective therapeutic use
PlantPart,HO-PU-BA,USED_FOR,TherapeuticUse,D012060,used_for,Plant part is associated with the respective therapeutic use
PlantPart,HO-PU-BA,USED_FOR,TherapeuticUse,D012532,used_for,Plant part is associated with the respective therapeutic use
PlantPart,HO-PU-BA,USED_FOR,TherapeuticUse,D012871,used_for,Plant part is associated with the respective therapeutic use
PlantPart,HO-PU-BA,USED_FOR,TherapeuticUse,D012909,used_for,Plant part is associated with the respective therapeutic use
PlantPart,HO-PU-BA,USED_FOR,TherapeuticUse,D013158,used_for,Plant part is associated with the respective therapeutic use
PlantPart,HO-PU-BA,USED_FOR,TherapeuticUse,D013272,used_for,Plant part is associated with the respective therapeutic use
PlantPart,HO-PU-BA,USED_FOR,TherapeuticUse,D013274,used_for,Plant part is associated with the respective therapeutic use
PlantPart,HO-PU-BA,USED_FOR,TherapeuticUse,D013474,used_for,Plant part is associated with the respective therapeutic use
PlantPart,HO-PU-BA,USED_FOR,TherapeuticUse,D013894,used_for,Plant part is associated with the respective therapeutic use
PlantPart,HO-PU-BA,USED_FOR,TherapeuticUse,D014098,used_for,Plant part is associated with the respective therapeutic use
PlantPart,HO-PU-BA,USED_FOR,TherapeuticUse,D014431,used_for,Plant part is associated with the respective therapeutic use
PlantPart,HO-PU-BA,USED_FOR,TherapeuticUse,D014456,used_for,Plant part is associated with the respective therapeutic use
PlantPart,HO-PU-BA,USED_FOR,TherapeuticUse,D014545,used_for,Plant part is associated with the respective therapeutic use
PlantPart,HO-PU-BA,USED_FOR,TherapeuticUse,D014555,used_for,Plant part is associated with the respective therapeutic use
PlantPart,HO-PU-BA,USED_FOR,TherapeuticUse,D014623,used_for,Plant part is associated with the respective therapeutic use
PlantPart,HO-PU-BA,USED_FOR,TherapeuticUse,D014839,used_for,Plant part is associated with the respective therapeutic use
PlantPart,HO-PU-BA,USED_FOR,TherapeuticUse,D014947,used_for,Plant part is associated with the respective therapeutic use
PlantPart,HO-PU-BA,USED_FOR,TherapeuticUse,D015746,used_for,Plant part is associated with the respective therapeutic use
PlantPart,HO-PU-BA,USED_FOR,TherapeuticUse,D016587,used_for,Plant part is associated with the respective therapeutic use
PlantPart,HO-PU-BA,USED_FOR,TherapeuticUse,D018501,used_for,Plant part is associated with the respective therapeutic use
PlantPart,HO-PU-BA,USED_FOR,TherapeuticUse,D018771,used_for,Plant part is associated with the respective therapeutic use
PlantPart,HO-PU-BA,USED_FOR,TherapeuticUse,D019167,used_for,Plant part is associated with the respective therapeutic use
PlantPart,HO-PU-BA,USED_FOR,TherapeuticUse,D043183,used_for,Plant part is associated with the respective therapeutic use
PlantPart,HO-PU-BA,USED_FOR,TherapeuticUse,D050723,used_for,Plant part is associated with the respective therapeutic use
PlantPart,HO-PU-BA,USED_FOR,TherapeuticUse,D058633,used_for,Plant part is associated with the respective therapeutic use
PlantPart,HO-PU-FL,USED_FOR,TherapeuticUse,D003139,used_for,Plant part is associated with the respective therapeutic use
PlantPart,HO-PU-FL,USED_FOR,TherapeuticUse,D003371,used_for,Plant part is associated with the respective therapeutic use
PlantPart,HO-PU-FL,USED_FOR,TherapeuticUse,D004403,used_for,Plant part is associated with the respective therapeutic use
PlantPart,HO-PU-FL,USED_FOR,TherapeuticUse,D004415,used_for,Plant part is associated with the respective therapeutic use
PlantPart,HO-PU-FL,USED_FOR,TherapeuticUse,D005402,used_for,Plant part is associated with the respective therapeutic use
PlantPart,HO-PU-FL,USED_FOR,TherapeuticUse,D006484,used_for,Plant part is associated with the respective therapeutic use
PlantPart,HO-PU-FL,USED_FOR,TherapeuticUse,D011141,used_for,Plant part is associated with the respective therapeutic use
PlantPart,HO-PU-FL,USED_FOR,TherapeuticUse,D014098,used_for,Plant part is associated with the respective therapeutic use
PlantPart,HO-PU-FL,USED_FOR,TherapeuticUse,D018771,used_for,Plant part is associated with the respective therapeutic use
PlantPart,HO-PU-FL,USED_FOR,TherapeuticUse,D019167,used_for,Plant part is associated with the respective therapeutic use
PlantPart,HO-PU-FR,USED_FOR,TherapeuticUse,D000970,used_for,Plant part is associated with the respective therapeutic use
PlantPart,HO-PU-FR,USED_FOR,TherapeuticUse,D000981,used_for,Plant part is associated with the respective therapeutic use
PlantPart,HO-PU-FR,USED_FOR,TherapeuticUse,D003967,used_for,Plant part is associated with the respective therapeutic use
PlantPart,HO-PU-FR,USED_FOR,TherapeuticUse,D004403,used_for,Plant part is associated with the respective therapeutic use
PlantPart,HO-PU-FR,USED_FOR,TherapeuticUse,D005334,used_for,Plant part is associated with the respective therapeutic use
PlantPart,HO-PU-FR,USED_FOR,TherapeuticUse,D006470,used_for,Plant part is associated with the respective therapeutic use
PlantPart,HO-PU-FR,USED_FOR,TherapeuticUse,D007004,used_for,Plant part is associated with the respective therapeutic use
PlantPart,HO-PU-FR,USED_FOR,TherapeuticUse,D007774,used_for,Plant part is associated with the respective therapeutic use
PlantPart,HO-PU-FR,USED_FOR,TherapeuticUse,D014839,used_for,Plant part is associated with the respective therapeutic use
PlantPart,HO-PU-FR,USED_FOR,TherapeuticUse,D015746,used_for,Plant part is associated with the respective therapeutic use
PlantPart,HO-PU-FR,USED_FOR,TherapeuticUse,D018771,used_for,Plant part is associated with the respective therapeutic use
PlantPart,HO-PU-LE,USED_FOR,TherapeuticUse,D000900,used_for,Plant part is associated with the respective therapeutic use
PlantPart,HO-PU-LE,USED_FOR,TherapeuticUse,D001046,used_for,Plant part is associated with the respective therapeutic use
PlantPart,HO-PU-LE,USED_FOR,TherapeuticUse,D001252,used_for,Plant part is associated with the respective therapeutic use
PlantPart,HO-PU-LE,USED_FOR,TherapeuticUse,D001744,used_for,Plant part is associated with the respective therapeutic use
PlantPart,HO-PU-LE,USED_FOR,TherapeuticUse,D001991,used_for,Plant part is associated with the respective therapeutic use
PlantPart,HO-PU-LE,USED_FOR,TherapeuticUse,D003371,used_for,Plant part is associated with the respective therapeutic use
PlantPart,HO-PU-LE,USED_FOR,TherapeuticUse,D003920,used_for,Plant part is associated with the respective therapeutic use
PlantPart,HO-PU-LE,USED_FOR,TherapeuticUse,D003967,used_for,Plant part is associated with the respective therapeutic use
PlantPart,HO-PU-LE,USED_FOR,TherapeuticUse,D004403,used_for,Plant part is associated with the respective therapeutic use
PlantPart,HO-PU-LE,USED_FOR,TherapeuticUse,D004415,used_for,Plant part is associated with the respective therapeutic use
PlantPart,HO-PU-LE,USED_FOR,TherapeuticUse,D004844,used_for,Plant part is associated with the respective therapeutic use
PlantPart,HO-PU-LE,USED_FOR,TherapeuticUse,D005076,used_for,Plant part is associated with the respective therapeutic use
PlantPart,HO-PU-LE,USED_FOR,TherapeuticUse,D005334,used_for,Plant part is associated with the respective therapeutic use
PlantPart,HO-PU-LE,USED_FOR,TherapeuticUse,D005414,used_for,Plant part is associated with the respective therapeutic use
PlantPart,HO-PU-LE,USED_FOR,TherapeuticUse,D005667,used_for,Plant part is associated with the respective therapeutic use
PlantPart,HO-PU-LE,USED_FOR,TherapeuticUse,D005767,used_for,Plant part is associated with the respective therapeutic use
PlantPart,HO-PU-LE,USED_FOR,TherapeuticUse,D006073,used_for,Plant part is associated with the respective therapeutic use
PlantPart,HO-PU-LE,USED_FOR,TherapeuticUse,D006470,used_for,Plant part is associated with the respective therapeutic use
PlantPart,HO-PU-LE,USED_FOR,TherapeuticUse,D006473,used_for,Plant part is associated with the respective therapeutic use
PlantPart,HO-PU-LE,USED_FOR,TherapeuticUse,D006484,used_for,Plant part is associated with the respective therapeutic use
PlantPart,HO-PU-LE,USED_FOR,TherapeuticUse,D007306,used_for,Plant part is associated with the respective therapeutic use
PlantPart,HO-PU-LE,USED_FOR,TherapeuticUse,D008597,used_for,Plant part is associated with the respective therapeutic use
PlantPart,HO-PU-LE,USED_FOR,TherapeuticUse,D012909,used_for,Plant part is associated with the respective therapeutic use
PlantPart,HO-PU-LE,USED_FOR,TherapeuticUse,D014098,used_for,Plant part is associated with the respective therapeutic use
PlantPart,HO-PU-LE,USED_FOR,TherapeuticUse,D014456,used_for,Plant part is associated with the respective therapeutic use
PlantPart,HO-PU-LE,USED_FOR,TherapeuticUse,D014555,used_for,Plant part is associated with the respective therapeutic use
PlantPart,HO-PU-LE,USED_FOR,TherapeuticUse,D014820,used_for,Plant part is associated with the respective therapeutic use
PlantPart,HO-PU-LE,USED_FOR,TherapeuticUse,D014839,used_for,Plant part is associated with the respective therapeutic use
PlantPart,HO-PU-LE,USED_FOR,TherapeuticUse,D018501,used_for,Plant part is associated with the respective therapeutic use
PlantPart,HO-PU-LE,USED_FOR,TherapeuticUse,D018771,used_for,Plant part is associated with the respective therapeutic use
PlantPart,HO-PU-LE,USED_FOR,TherapeuticUse,D019167,used_for,Plant part is associated with the respective therapeutic use
PlantPart,HO-PU-LE,USED_FOR,TherapeuticUse,D050723,used_for,Plant part is associated with the respective therapeutic use
PlantPart,HO-PU-PL,USED_FOR,TherapeuticUse,D004487,used_for,Plant part is associated with the respective therapeutic use
PlantPart,HO-PU-PL,USED_FOR,TherapeuticUse,D006261,used_for,Plant part is associated with the respective therapeutic use
PlantPart,HO-PU-PL,USED_FOR,TherapeuticUse,D012871,used_for,Plant part is associated with the respective therapeutic use
PlantPart,HO-PU-PL,USED_FOR,TherapeuticUse,D014581,used_for,Plant part is associated with the respective therapeutic use
PlantPart,HO-PU-PL,USED_FOR,TherapeuticUse,D014947,used_for,Plant part is associated with the respective therapeutic use
PlantPart,HO-PU-PL,USED_FOR,TherapeuticUse,D018501,used_for,Plant part is associated with the respective therapeutic use
PlantPart,HO-PU-RO,USED_FOR,TherapeuticUse,D000038,used_for,Plant part is associated with the respective therapeutic use
PlantPart,HO-PU-RO,USED_FOR,TherapeuticUse,D000435,used_for,Plant part is associated with the respective therapeutic use
PlantPart,HO-PU-RO,USED_FOR,TherapeuticUse,D000871,used_for,Plant part is associated with the respective therapeutic use
PlantPart,HO-PU-RO,USED_FOR,TherapeuticUse,D001249,used_for,Plant part is associated with the respective therapeutic use
PlantPart,HO-PU-RO,USED_FOR,TherapeuticUse,D001252,used_for,Plant part is associated with the respective therapeutic use
PlantPart,HO-PU-RO,USED_FOR,TherapeuticUse,D001647,used_for,Plant part is associated with the respective therapeutic use
PlantPart,HO-PU-RO,USED_FOR,TherapeuticUse,D001991,used_for,Plant part is associated with the respective therapeutic use
PlantPart,HO-PU-RO,USED_FOR,TherapeuticUse,D002418,used_for,Plant part is associated with the respective therapeutic use
PlantPart,HO-PU-RO,USED_FOR,TherapeuticUse,D003139,used_for,Plant part is associated with the respective therapeutic use
PlantPart,HO-PU-RO,USED_FOR,TherapeuticUse,D003371,used_for,Plant part is associated with the respective therapeutic use
PlantPart,HO-PU-RO,USED_FOR,TherapeuticUse,D003731,used_for,Plant part is associated with the respective therapeutic use
PlantPart,HO-PU-RO,USED_FOR,TherapeuticUse,D003920,used_for,Plant part is associated with the respective therapeutic use
PlantPart,HO-PU-RO,USED_FOR,TherapeuticUse,D003967,used_for,Plant part is associated with the respective therapeutic use
PlantPart,HO-PU-RO,USED_FOR,TherapeuticUse,D004403,used_for,Plant part is associated with the respective therapeutic use
PlantPart,HO-PU-RO,USED_FOR,TherapeuticUse,D004404,used_for,Plant part is associated with the respective therapeutic use
PlantPart,HO-PU-RO,USED_FOR,TherapeuticUse,D004485,used_for,Plant part is associated with the respective therapeutic use
PlantPart,HO-PU-RO,USED_FOR,TherapeuticUse,D004487,used_for,Plant part is associated with the respective therapeutic use
PlantPart,HO-PU-RO,USED_FOR,TherapeuticUse,D004757,used_for,Plant part is associated with the respective therapeutic use
PlantPart,HO-PU-RO,USED_FOR,TherapeuticUse,D004844,used_for,Plant part is associated with the respective therapeutic use
PlantPart,HO-PU-RO,USED_FOR,TherapeuticUse,D005076,used_for,Plant part is associated with the respective therapeutic use
PlantPart,HO-PU-RO,USED_FOR,TherapeuticUse,D005334,used_for,Plant part is associated with the respective therapeutic use
PlantPart,HO-PU-RO,USED_FOR,TherapeuticUse,D005368,used_for,Plant part is associated with the respective therapeutic use
PlantPart,HO-PU-RO,USED_FOR,TherapeuticUse,D005667,used_for,Plant part is associated with the respective therapeutic use
PlantPart,HO-PU-RO,USED_FOR,TherapeuticUse,D005744,used_for,Plant part is associated with the respective therapeutic use
PlantPart,HO-PU-RO,USED_FOR,TherapeuticUse,D005767,used_for,Plant part is associated with the respective therapeutic use
PlantPart,HO-PU-RO,USED_FOR,TherapeuticUse,D006073,used_for,Plant part is associated with the respective therapeutic use
PlantPart,HO-PU-RO,USED_FOR,TherapeuticUse,D006470,used_for,Plant part is associated with the respective therapeutic use
PlantPart,HO-PU-RO,USED_FOR,TherapeuticUse,D006484,used_for,Plant part is associated with the respective therapeutic use
PlantPart,HO-PU-RO,USED_FOR,TherapeuticUse,D007411,used_for,Plant part is associated with the respective therapeutic use
PlantPart,HO-PU-RO,USED_FOR,TherapeuticUse,D008597,used_for,Plant part is associated with the respective therapeutic use
PlantPart,HO-PU-RO,USED_FOR,TherapeuticUse,D009668,used_for,Plant part is associated with the respective therapeutic use
PlantPart,HO-PU-RO,USED_FOR,TherapeuticUse,D010146,used_for,Plant part is associated with the respective therapeutic use
PlantPart,HO-PU-RO,USED_FOR,TherapeuticUse,D010276,used_for,Plant part is associated with the respective therapeutic use
PlantPart,HO-PU-RO,USED_FOR,TherapeuticUse,D012060,used_for,Plant part is associated with the respective therapeutic use
PlantPart,HO-PU-RO,USED_FOR,TherapeuticUse,D012909,used_for,Plant part is associated with the respective therapeutic use
PlantPart,HO-PU-RO,USED_FOR,TherapeuticUse,D013035,used_for,Plant part is associated with the respective therapeutic use
PlantPart,HO-PU-RO,USED_FOR,TherapeuticUse,D014555,used_for,Plant part is associated with the respective therapeutic use
PlantPart,HO-PU-RO,USED_FOR,TherapeuticUse,D014839,used_for,Plant part is associated with the respective therapeutic use
PlantPart,HO-PU-RO,USED_FOR,TherapeuticUse,D014947,used_for,Plant part is associated with the respective therapeutic use
PlantPart,HO-PU-RO,USED_FOR,TherapeuticUse,D015746,used_for,Plant part is associated with the respective therapeutic use
PlantPart,HO-PU-RO,USED_FOR,TherapeuticUse,D019167,used_for,Plant part is associated with the respective therapeutic use
PlantPart,HO-PU-RO,USED_FOR,TherapeuticUse,D048949,used_for,Plant part is associated with the respective therapeutic use
PlantPart,HO-PU-RO,USED_FOR,TherapeuticUse,D058633,used_for,Plant part is associated with the respective therapeutic use
PlantPart,HO-PU-SE,USED_FOR,TherapeuticUse,D000568,used_for,Plant part is associated with the respective therapeutic use
PlantPart,HO-PU-SE,USED_FOR,TherapeuticUse,D000806,used_for,Plant part is associated with the respective therapeutic use
PlantPart,HO-PU-SE,USED_FOR,TherapeuticUse,D000871,used_for,Plant part is associated with the respective therapeutic use
PlantPart,HO-PU-SE,USED_FOR,TherapeuticUse,D000900,used_for,Plant part is associated with the respective therapeutic use
PlantPart,HO-PU-SE,USED_FOR,TherapeuticUse,D000935,used_for,Plant part is associated with the respective therapeutic use
PlantPart,HO-PU-SE,USED_FOR,TherapeuticUse,D001046,used_for,Plant part is associated with the respective therapeutic use
PlantPart,HO-PU-SE,USED_FOR,TherapeuticUse,D001249,used_for,Plant part is associated with the respective therapeutic use
PlantPart,HO-PU-SE,USED_FOR,TherapeuticUse,D001252,used_for,Plant part is associated with the respective therapeutic use
PlantPart,HO-PU-SE,USED_FOR,TherapeuticUse,D001733,used_for,Plant part is associated with the respective therapeutic use
PlantPart,HO-PU-SE,USED_FOR,TherapeuticUse,D001744,used_for,Plant part is associated with the respective therapeutic use
PlantPart,HO-PU-SE,USED_FOR,TherapeuticUse,D001982,used_for,Plant part is associated with the respective therapeutic use
PlantPart,HO-PU-SE,USED_FOR,TherapeuticUse,D001991,used_for,Plant part is associated with the respective therapeutic use
PlantPart,HO-PU-SE,USED_FOR,TherapeuticUse,D002637,used_for,Plant part is associated with the respective therapeutic use
PlantPart,HO-PU-SE,USED_FOR,TherapeuticUse,D003085,used_for,Plant part is associated with the respective therapeutic use
PlantPart,HO-PU-SE,USED_FOR,TherapeuticUse,D003248,used_for,Plant part is associated with the respective therapeutic use
PlantPart,HO-PU-SE,USED_FOR,TherapeuticUse,D003731,used_for,Plant part is associated with the respective therapeutic use
PlantPart,HO-PU-SE,USED_FOR,TherapeuticUse,D003920,used_for,Plant part is associated with the respective therapeutic use
PlantPart,HO-PU-SE,USED_FOR,TherapeuticUse,D003967,used_for,Plant part is associated with the respective therapeutic use
PlantPart,HO-PU-SE,USED_FOR,TherapeuticUse,D004066,used_for,Plant part is associated with the respective therapeutic use
PlantPart,HO-PU-SE,USED_FOR,TherapeuticUse,D004403,used_for,Plant part is associated with the respective therapeutic use
PlantPart,HO-PU-SE,USED_FOR,TherapeuticUse,D004404,used_for,Plant part is associated with the respective therapeutic use
PlantPart,HO-PU-SE,USED_FOR,TherapeuticUse,D004415,used_for,Plant part is associated with the respective therapeutic use
PlantPart,HO-PU-SE,USED_FOR,TherapeuticUse,D004487,used_for,Plant part is associated with the respective therapeutic use
PlantPart,HO-PU-SE,USED_FOR,TherapeuticUse,D005100,used_for,Plant part is associated with the respective therapeutic use
PlantPart,HO-PU-SE,USED_FOR,TherapeuticUse,D005334,used_for,Plant part is associated with the respective therapeutic use
PlantPart,HO-PU-SE,USED_FOR,TherapeuticUse,D005414,used_for,Plant part is associated with the respective therapeutic use
PlantPart,HO-PU-SE,USED_FOR,TherapeuticUse,D005767,used_for,Plant part is associated with the respective therapeutic use
PlantPart,HO-PU-SE,USED_FOR,TherapeuticUse,D006470,used_for,Plant part is associated with the respective therapeutic use
PlantPart,HO-PU-SE,USED_FOR,TherapeuticUse,D006484,used_for,Plant part is associated with the respective therapeutic use
PlantPart,HO-PU-SE,USED_FOR,TherapeuticUse,D006529,used_for,Plant part is associated with the respective therapeutic use
PlantPart,HO-PU-SE,USED_FOR,TherapeuticUse,D007249,used_for,Plant part is associated with the respective therapeutic use
PlantPart,HO-PU-SE,USED_FOR,TherapeuticUse,D007306,used_for,Plant part is associated with the respective therapeutic use
PlantPart,HO-PU-SE,USED_FOR,TherapeuticUse,D007410,used_for,Plant part is associated with the respective therapeutic use
PlantPart,HO-PU-SE,USED_FOR,TherapeuticUse,D007411,used_for,Plant part is associated with the respective therapeutic use
PlantPart,HO-PU-SE,USED_FOR,TherapeuticUse,D007565,used_for,Plant part is associated with the respective therapeutic use
PlantPart,HO-PU-SE,USED_FOR,TherapeuticUse,D007669,used_for,Plant part is associated with the respective therapeutic use
PlantPart,HO-PU-SE,USED_FOR,TherapeuticUse,D007918,used_for,Plant part is associated with the respective therapeutic use
PlantPart,HO-PU-SE,USED_FOR,TherapeuticUse,D008107,used_for,Plant part is associated with the respective therapeutic use
PlantPart,HO-PU-SE,USED_FOR,TherapeuticUse,D008288,used_for,Plant part is associated with the respective therapeutic use
PlantPart,HO-PU-SE,USED_FOR,TherapeuticUse,D008599,used_for,Plant part is associated with the respective therapeutic use
PlantPart,HO-PU-SE,USED_FOR,TherapeuticUse,D010146,used_for,Plant part is associated with the respective therapeutic use
PlantPart,HO-PU-SE,USED_FOR,TherapeuticUse,D011014,used_for,Plant part is associated with the respective therapeutic use
PlantPart,HO-PU-SE,USED_FOR,TherapeuticUse,D011565,used_for,Plant part is associated with the respective therapeutic use
PlantPart,HO-PU-SE,USED_FOR,TherapeuticUse,D012532,used_for,Plant part is associated with the respective therapeutic use
PlantPart,HO-PU-SE,USED_FOR,TherapeuticUse,D012871,used_for,Plant part is associated with the respective therapeutic use
PlantPart,HO-PU-SE,USED_FOR,TherapeuticUse,D012909,used_for,Plant part is associated with the respective therapeutic use
PlantPart,HO-PU-SE,USED_FOR,TherapeuticUse,D013158,used_for,Plant part is associated with the respective therapeutic use
PlantPart,HO-PU-SE,USED_FOR,TherapeuticUse,D013272,used_for,Plant part is associated with the respective therapeutic use
PlantPart,HO-PU-SE,USED_FOR,TherapeuticUse,D013742,used_for,Plant part is associated with the respective therapeutic use
PlantPart,HO-PU-SE,USED_FOR,TherapeuticUse,D014376,used_for,Plant part is associated with the respective therapeutic use
PlantPart,HO-PU-SE,USED_FOR,TherapeuticUse,D014555,used_for,Plant part is associated with the respective therapeutic use
PlantPart,HO-PU-SE,USED_FOR,TherapeuticUse,D014839,used_for,Plant part is associated with the respective therapeutic use
PlantPart,HO-PU-SE,USED_FOR,TherapeuticUse,D015746,used_for,Plant part is associated with the respective therapeutic use
PlantPart,HO-PU-SE,USED_FOR,TherapeuticUse,D018501,used_for,Plant part is associated with the respective therapeutic use
PlantPart,HO-PU-SE,USED_FOR,TherapeuticUse,D019167,used_for,Plant part is associated with the respective therapeutic use
PlantPart,HO-PU-SE,USED_FOR,TherapeuticUse,D041981,used_for,Plant part is associated with the respective therapeutic use
PlantPart,HO-PU-SE,USED_FOR,TherapeuticUse,D056747,used_for,Plant part is associated with the respective therapeutic use
PlantPart,HO-PU-SE,USED_FOR,TherapeuticUse,D058633,used_for,Plant part is associated with the respective therapeutic use
PlantPart,HO-PU-ST,USED_FOR,TherapeuticUse,D000871,used_for,Plant part is associated with the respective therapeutic use
PlantPart,HO-PU-ST,USED_FOR,TherapeuticUse,D003967,used_for,Plant part is associated with the respective therapeutic use
PlantPart,HO-PU-ST,USED_FOR,TherapeuticUse,D004403,used_for,Plant part is associated with the respective therapeutic use
PlantPart,HO-PU-ST,USED_FOR,TherapeuticUse,D004404,used_for,Plant part is associated with the respective therapeutic use
PlantPart,HO-PU-ST,USED_FOR,TherapeuticUse,D004487,used_for,Plant part is associated with the respective therapeutic use
PlantPart,HO-PU-ST,USED_FOR,TherapeuticUse,D007302,used_for,Plant part is associated with the respective therapeutic use
PlantPart,HO-PU-ST,USED_FOR,TherapeuticUse,D007306,used_for,Plant part is associated with the respective therapeutic use
PlantPart,HO-PU-WH,USED_FOR,TherapeuticUse,D000871,used_for,Plant part is associated with the respective therapeutic use
PlantPart,HO-PU-WH,USED_FOR,TherapeuticUse,D001252,used_for,Plant part is associated with the respective therapeutic use
PlantPart,HO-PU-WH,USED_FOR,TherapeuticUse,D003085,used_for,Plant part is associated with the respective therapeutic use
PlantPart,HO-PU-WH,USED_FOR,TherapeuticUse,D003248,used_for,Plant part is associated with the respective therapeutic use
PlantPart,HO-PU-WH,USED_FOR,TherapeuticUse,D003967,used_for,Plant part is associated with the respective therapeutic use
PlantPart,HO-PU-WH,USED_FOR,TherapeuticUse,D004403,used_for,Plant part is associated with the respective therapeutic use
PlantPart,HO-PU-WH,USED_FOR,TherapeuticUse,D005334,used_for,Plant part is associated with the respective therapeutic use
PlantPart,IN-LI-FR,USED_FOR,TherapeuticUse,D005767,used_for,Plant part is associated with the respective therapeutic use
PlantPart,IN-LI-FR,USED_FOR,TherapeuticUse,D010146,used_for,Plant part is associated with the respective therapeutic use
PlantPart,IN-LI-FR,USED_FOR,TherapeuticUse,D018501,used_for,Plant part is associated with the respective therapeutic use
PlantPart,IN-LI-LE,USED_FOR,TherapeuticUse,D000871,used_for,Plant part is associated with the respective therapeutic use
PlantPart,IN-LI-LE,USED_FOR,TherapeuticUse,D014947,used_for,Plant part is associated with the respective therapeutic use
PlantPart,IN-LI-RO,USED_FOR,TherapeuticUse,D005767,used_for,Plant part is associated with the respective therapeutic use
PlantPart,IN-LI-RO,USED_FOR,TherapeuticUse,D010146,used_for,Plant part is associated with the respective therapeutic use
PlantPart,IN-LI-RO,USED_FOR,TherapeuticUse,D015212,used_for,Plant part is associated with the respective therapeutic use
PlantPart,IN-LI-RO,USED_FOR,TherapeuticUse,D018501,used_for,Plant part is associated with the respective therapeutic use
PlantPart,IN-LI-RO,USED_FOR,TherapeuticUse,D065008,used_for,Plant part is associated with the respective therapeutic use
PlantPart,IN-LI-SE,USED_FOR,TherapeuticUse,D000900,used_for,Plant part is associated with the respective therapeutic use
PlantPart,IN-LI-SE,USED_FOR,TherapeuticUse,D005667,used_for,Plant part is associated with the respective therapeutic use
PlantPart,IN-LI-WH,USED_FOR,TherapeuticUse,D000568,used_for,Plant part is associated with the respective therapeutic use
PlantPart,IN-LI-WH,USED_FOR,TherapeuticUse,D000890,used_for,Plant part is associated with the respective therapeutic use
PlantPart,IN-LI-WH,USED_FOR,TherapeuticUse,D000935,used_for,Plant part is associated with the respective therapeutic use
PlantPart,IN-LI-WH,USED_FOR,TherapeuticUse,D003270,used_for,Plant part is associated with the respective therapeutic use
PlantPart,IN-LI-WH,USED_FOR,TherapeuticUse,D005334,used_for,Plant part is associated with the respective therapeutic use
PlantPart,IN-TI-AE,USED_FOR,TherapeuticUse,D001733,used_for,Plant part is associated with the respective therapeutic use
PlantPart,IN-TI-AE,USED_FOR,TherapeuticUse,D007004,used_for,Plant part is associated with the respective therapeutic use
PlantPart,IN-TI-AE,USED_FOR,TherapeuticUse,D008099,used_for,Plant part is associated with the respective therapeutic use
PlantPart,IN-TI-AE,USED_FOR,TherapeuticUse,D008107,used_for,Plant part is associated with the respective therapeutic use
PlantPart,IN-TI-FL,USED_FOR,TherapeuticUse,D005368,used_for,Plant part is associated with the respective therapeutic use
PlantPart,IN-TI-FR,USED_FOR,TherapeuticUse,D003248,used_for,Plant part is associated with the respective therapeutic use
PlantPart,IN-TI-LE,USED_FOR,TherapeuticUse,D000505,used_for,Plant part is associated with the respective therapeutic use
PlantPart,IN-TI-LE,USED_FOR,TherapeuticUse,D000871,used_for,Plant part is associated with the respective therapeutic use
PlantPart,IN-TI-LE,USED_FOR,TherapeuticUse,D000893,used_for,Plant part is associated with the respective therapeutic use
PlantPart,IN-TI-LE,USED_FOR,TherapeuticUse,D000927,used_for,Plant part is associated with the respective therapeutic use
PlantPart,IN-TI-LE,USED_FOR,TherapeuticUse,D000998,used_for,Plant part is associated with the respective therapeutic use
PlantPart,IN-TI-LE,USED_FOR,TherapeuticUse,D001249,used_for,Plant part is associated with the respective therapeutic use
PlantPart,IN-TI-LE,USED_FOR,TherapeuticUse,D001733,used_for,Plant part is associated with the respective therapeutic use
PlantPart,IN-TI-LE,USED_FOR,TherapeuticUse,D001991,used_for,Plant part is associated with the respective therapeutic use
PlantPart,IN-TI-LE,USED_FOR,TherapeuticUse,D003371,used_for,Plant part is associated with the respective therapeutic use
PlantPart,IN-TI-LE,USED_FOR,TherapeuticUse,D003920,used_for,Plant part is associated with the respective therapeutic use
PlantPart,IN-TI-LE,USED_FOR,TherapeuticUse,D004232,used_for,Plant part is associated with the respective therapeutic use
PlantPart,IN-TI-LE,USED_FOR,TherapeuticUse,D004487,used_for,Plant part is associated with the respective therapeutic use
PlantPart,IN-TI-LE,USED_FOR,TherapeuticUse,D004827,used_for,Plant part is associated with the respective therapeutic use
PlantPart,IN-TI-LE,USED_FOR,TherapeuticUse,D005100,used_for,Plant part is associated with the respective therapeutic use
PlantPart,IN-TI-LE,USED_FOR,TherapeuticUse,D005128,used_for,Plant part is associated with the respective therapeutic use
PlantPart,IN-TI-LE,USED_FOR,TherapeuticUse,D005334,used_for,Plant part is associated with the respective therapeutic use
PlantPart,IN-TI-LE,USED_FOR,TherapeuticUse,D005667,used_for,Plant part is associated with the respective therapeutic use
PlantPart,IN-TI-LE,USED_FOR,TherapeuticUse,D006069,used_for,Plant part is associated with the respective therapeutic use
PlantPart,IN-TI-LE,USED_FOR,TherapeuticUse,D006073,used_for,Plant part is associated with the respective therapeutic use
PlantPart,IN-TI-LE,USED_FOR,TherapeuticUse,D006261,used_for,Plant part is associated with the respective therapeutic use
PlantPart,IN-TI-LE,USED_FOR,TherapeuticUse,D006331,used_for,Plant part is associated with the respective therapeutic use
PlantPart,IN-TI-LE,USED_FOR,TherapeuticUse,D006470,used_for,Plant part is associated with the respective therapeutic use
PlantPart,IN-TI-LE,USED_FOR,TherapeuticUse,D007004,used_for,Plant part is associated with the respective therapeutic use
PlantPart,IN-TI-LE,USED_FOR,TherapeuticUse,D007410,used_for,Plant part is associated with the respective therapeutic use
PlantPart,IN-TI-LE,USED_FOR,TherapeuticUse,D007565,used_for,Plant part is associated with the respective therapeutic use
PlantPart,IN-TI-LE,USED_FOR,TherapeuticUse,D007674,used_for,Plant part is associated with the respective therapeutic use
PlantPart,IN-TI-LE,USED_FOR,TherapeuticUse,D007774,used_for,Plant part is associated with the respective therapeutic use
PlantPart,IN-TI-LE,USED_FOR,TherapeuticUse,D007973,used_for,Plant part is associated with the respective therapeutic use
PlantPart,IN-TI-LE,USED_FOR,TherapeuticUse,D008107,used_for,Plant part is associated with the respective therapeutic use
PlantPart,IN-TI-LE,USED_FOR,TherapeuticUse,D008171,used_for,Plant part is associated with the respective therapeutic use
PlantPart,IN-TI-LE,USED_FOR,TherapeuticUse,D008881,used_for,Plant part is associated with the respective therapeutic use
PlantPart,IN-TI-LE,USED_FOR,TherapeuticUse,D009422,used_for,Plant part is associated with the respective therapeutic use
PlantPart,IN-TI-LE,USED_FOR,TherapeuticUse,D009877,used_for,Plant part is associated with the respective therapeutic use
PlantPart,IN-TI-LE,USED_FOR,TherapeuticUse,D010146,used_for,Plant part is associated with the respective therapeutic use
PlantPart,IN-TI-LE,USED_FOR,TherapeuticUse,D010523,used_for,Plant part is associated with the respective therapeutic use
PlantPart,IN-TI-LE,USED_FOR,TherapeuticUse,D011041,used_for,Plant part is associated with the respective therapeutic use
PlantPart,IN-TI-LE,USED_FOR,TherapeuticUse,D011565,used_for,Plant part is associated with the respective therapeutic use
PlantPart,IN-TI-LE,USED_FOR,TherapeuticUse,D011818,used_for,Plant part is associated with the respective therapeutic use
PlantPart,IN-TI-LE,USED_FOR,TherapeuticUse,D012060,used_for,Plant part is associated with the respective therapeutic use
PlantPart,IN-TI-LE,USED_FOR,TherapeuticUse,D012871,used_for,Plant part is associated with the respective therapeutic use
PlantPart,IN-TI-LE,USED_FOR,TherapeuticUse,D012909,used_for,Plant part is associated with the respective therapeutic use
PlantPart,IN-TI-LE,USED_FOR,TherapeuticUse,D013158,used_for,Plant part is associated with the respective therapeutic use
PlantPart,IN-TI-LE,USED_FOR,TherapeuticUse,D013163,used_for,Plant part is associated with the respective therapeutic use
PlantPart,IN-TI-LE,USED_FOR,TherapeuticUse,D014076,used_for,Plant part is associated with the respective therapeutic use
PlantPart,IN-TI-LE,USED_FOR,TherapeuticUse,D014098,used_for,Plant part is associated with the respective therapeutic use
PlantPart,IN-TI-LE,USED_FOR,TherapeuticUse,D014456,used_for,Plant part is associated with the respective therapeutic use
PlantPart,IN-TI-LE,USED_FOR,TherapeuticUse,D014917,used_for,Plant part is associated with the respective therapeutic use
PlantPart,IN-TI-LE,USED_FOR,TherapeuticUse,D014947,used_for,Plant part is associated with the respective therapeutic use
PlantPart,IN-TI-LE,USED_FOR,TherapeuticUse,D015746,used_for,Plant part is associated with the respective therapeutic use
PlantPart,IN-TI-LE,USED_FOR,TherapeuticUse,D018501,used_for,Plant part is associated with the respective therapeutic use
PlantPart,IN-TI-LE,USED_FOR,TherapeuticUse,D018771,used_for,Plant part is associated with the respective therapeutic use
PlantPart,IN-TI-LE,USED_FOR,TherapeuticUse,D050723,used_for,Plant part is associated with the respective therapeutic use
PlantPart,IN-TI-LE,USED_FOR,TherapeuticUse,D054368,used_for,Plant part is associated with the respective therapeutic use
PlantPart,IN-TI-LE,USED_FOR,TherapeuticUse,D065008,used_for,Plant part is associated with the respective therapeutic use
PlantPart,IN-TI-RO,USED_FOR,TherapeuticUse,D000505,used_for,Plant part is associated with the respective therapeutic use
PlantPart,IN-TI-RO,USED_FOR,TherapeuticUse,D000871,used_for,Plant part is associated with the respective therapeutic use
PlantPart,IN-TI-RO,USED_FOR,TherapeuticUse,D000931,used_for,Plant part is associated with the respective therapeutic use
PlantPart,IN-TI-RO,USED_FOR,TherapeuticUse,D000970,used_for,Plant part is associated with the respective therapeutic use
PlantPart,IN-TI-RO,USED_FOR,TherapeuticUse,D000977,used_for,Plant part is associated with the respective therapeutic use
PlantPart,IN-TI-RO,USED_FOR,TherapeuticUse,D001249,used_for,Plant part is associated with the respective therapeutic use
PlantPart,IN-TI-RO,USED_FOR,TherapeuticUse,D001733,used_for,Plant part is associated with the respective therapeutic use
PlantPart,IN-TI-RO,USED_FOR,TherapeuticUse,D001744,used_for,Plant part is associated with the respective therapeutic use
PlantPart,IN-TI-RO,USED_FOR,TherapeuticUse,D001991,used_for,Plant part is associated with the respective therapeutic use
PlantPart,IN-TI-RO,USED_FOR,TherapeuticUse,D002056,used_for,Plant part is associated with the respective therapeutic use
PlantPart,IN-TI-RO,USED_FOR,TherapeuticUse,D002318,used_for,Plant part is associated with the respective therapeutic use
PlantPart,IN-TI-RO,USED_FOR,TherapeuticUse,D003371,used_for,Plant part is associated with the respective therapeutic use
PlantPart,IN-TI-RO,USED_FOR,TherapeuticUse,D003731,used_for,Plant part is associated with the respective therapeutic use
PlantPart,IN-TI-RO,USED_FOR,TherapeuticUse,D004232,used_for,Plant part is associated with the respective therapeutic use
PlantPart,IN-TI-RO,USED_FOR,TherapeuticUse,D004403,used_for,Plant part is associated with the respective therapeutic use
PlantPart,IN-TI-RO,USED_FOR,TherapeuticUse,D004827,used_for,Plant part is associated with the respective therapeutic use
PlantPart,IN-TI-RO,USED_FOR,TherapeuticUse,D004886,used_for,Plant part is associated with the respective therapeutic use
PlantPart,IN-TI-RO,USED_FOR,TherapeuticUse,D005100,used_for,Plant part is associated with the respective therapeutic use
PlantPart,IN-TI-RO,USED_FOR,TherapeuticUse,D005128,used_for,Plant part is associated with the respective therapeutic use
PlantPart,IN-TI-RO,USED_FOR,TherapeuticUse,D005334,used_for,Plant part is associated with the respective therapeutic use
PlantPart,IN-TI-RO,USED_FOR,TherapeuticUse,D006073,used_for,Plant part is associated with the respective therapeutic use
PlantPart,IN-TI-RO,USED_FOR,TherapeuticUse,D006261,used_for,Plant part is associated with the respective therapeutic use
PlantPart,IN-TI-RO,USED_FOR,TherapeuticUse,D006331,used_for,Plant part is associated with the respective therapeutic use
PlantPart,IN-TI-RO,USED_FOR,TherapeuticUse,D006505,used_for,Plant part is associated with the respective therapeutic use
PlantPart,IN-TI-RO,USED_FOR,TherapeuticUse,D007306,used_for,Plant part is associated with the respective therapeutic use
PlantPart,IN-TI-RO,USED_FOR,TherapeuticUse,D007410,used_for,Plant part is associated with the respective therapeutic use
PlantPart,IN-TI-RO,USED_FOR,TherapeuticUse,D007411,used_for,Plant part is associated with the respective therapeutic use
PlantPart,IN-TI-RO,USED_FOR,TherapeuticUse,D007669,used_for,Plant part is associated with the respective therapeutic use
PlantPart,IN-TI-RO,USED_FOR,TherapeuticUse,D008107,used_for,Plant part is associated with the respective therapeutic use
PlantPart,IN-TI-RO,USED_FOR,TherapeuticUse,D009393,used_for,Plant part is associated with the respective therapeutic use
PlantPart,IN-TI-RO,USED_FOR,TherapeuticUse,D009422,used_for,Plant part is associated with the respective therapeutic use
PlantPart,IN-TI-RO,USED_FOR,TherapeuticUse,D012871,used_for,Plant part is associated with the respective therapeutic use
PlantPart,IN-TI-RO,USED_FOR,TherapeuticUse,D012909,used_for,Plant part is associated with the respective therapeutic use
PlantPart,IN-TI-RO,USED_FOR,TherapeuticUse,D013158,used_for,Plant part is associated with the respective therapeutic use
PlantPart,IN-TI-RO,USED_FOR,TherapeuticUse,D013163,used_for,Plant part is associated with the respective therapeutic use
PlantPart,IN-TI-RO,USED_FOR,TherapeuticUse,D014376,used_for,Plant part is associated with the respective therapeutic use
PlantPart,IN-TI-RO,USED_FOR,TherapeuticUse,D014456,used_for,Plant part is associated with the respective therapeutic use
PlantPart,IN-TI-RO,USED_FOR,TherapeuticUse,D014555,used_for,Plant part is associated with the respective therapeutic use
PlantPart,IN-TI-RO,USED_FOR,TherapeuticUse,D014820,used_for,Plant part is associated with the respective therapeutic use
PlantPart,IN-TI-RO,USED_FOR,TherapeuticUse,D014947,used_for,Plant part is associated with the respective therapeutic use
PlantPart,IN-TI-RO,USED_FOR,TherapeuticUse,D015746,used_for,Plant part is associated with the respective therapeutic use
PlantPart,IN-TI-RO,USED_FOR,TherapeuticUse,D018501,used_for,Plant part is associated with the respective therapeutic use
PlantPart,IN-TI-RO,USED_FOR,TherapeuticUse,D054368,used_for,Plant part is associated with the respective therapeutic use
PlantPart,IN-TI-RO,USED_FOR,TherapeuticUse,D058633,used_for,Plant part is associated with the respective therapeutic use
PlantPart,IN-TI-RO,USED_FOR,TherapeuticUse,D065008,used_for,Plant part is associated with the respective therapeutic use
PlantPart,IN-TI-SE,USED_FOR,TherapeuticUse,D007306,used_for,Plant part is associated with the respective therapeutic use
PlantPart,IN-TI-ST,USED_FOR,TherapeuticUse,D000505,used_for,Plant part is associated with the respective therapeutic use
PlantPart,IN-TI-ST,USED_FOR,TherapeuticUse,D000871,used_for,Plant part is associated with the respective therapeutic use
PlantPart,IN-TI-ST,USED_FOR,TherapeuticUse,D000970,used_for,Plant part is associated with the respective therapeutic use
PlantPart,IN-TI-ST,USED_FOR,TherapeuticUse,D000977,used_for,Plant part is associated with the respective therapeutic use
PlantPart,IN-TI-ST,USED_FOR,TherapeuticUse,D001249,used_for,Plant part is associated with the respective therapeutic use
PlantPart,IN-TI-ST,USED_FOR,TherapeuticUse,D001991,used_for,Plant part is associated with the respective therapeutic use
PlantPart,IN-TI-ST,USED_FOR,TherapeuticUse,D004232,used_for,Plant part is associated with the respective therapeutic use
PlantPart,IN-TI-ST,USED_FOR,TherapeuticUse,D005100,used_for,Plant part is associated with the respective therapeutic use
PlantPart,IN-TI-ST,USED_FOR,TherapeuticUse,D006261,used_for,Plant part is associated with the respective therapeutic use
PlantPart,IN-TI-ST,USED_FOR,TherapeuticUse,D006331,used_for,Plant part is associated with the respective therapeutic use
PlantPart,IN-TI-ST,USED_FOR,TherapeuticUse,D012871,used_for,Plant part is associated with the respective therapeutic use
PlantPart,IN-TI-ST,USED_FOR,TherapeuticUse,D013163,used_for,Plant part is associated with the respective therapeutic use
PlantPart,IN-TI-ST,USED_FOR,TherapeuticUse,D014456,used_for,Plant part is associated with the respective therapeutic use
PlantPart,IN-TI-ST,USED_FOR,TherapeuticUse,D054368,used_for,Plant part is associated with the respective therapeutic use
PlantPart,IN-TI-ST,USED_FOR,TherapeuticUse,D058633,used_for,Plant part is associated with the respective therapeutic use
PlantPart,IN-TI-WH,USED_FOR,TherapeuticUse,D000871,used_for,Plant part is associated with the respective therapeutic use
PlantPart,IN-TI-WH,USED_FOR,TherapeuticUse,D000893,used_for,Plant part is associated with the respective therapeutic use
PlantPart,IN-TI-WH,USED_FOR,TherapeuticUse,D000935,used_for,Plant part is associated with the respective therapeutic use
PlantPart,IN-TI-WH,USED_FOR,TherapeuticUse,D000970,used_for,Plant part is associated with the respective therapeutic use
PlantPart,IN-TI-WH,USED_FOR,TherapeuticUse,D000975,used_for,Plant part is associated with the respective therapeutic use
PlantPart,IN-TI-WH,USED_FOR,TherapeuticUse,D000998,used_for,Plant part is associated with the respective therapeutic use
PlantPart,IN-TI-WH,USED_FOR,TherapeuticUse,D001991,used_for,Plant part is associated with the respective therapeutic use
PlantPart,IN-TI-WH,USED_FOR,TherapeuticUse,D003371,used_for,Plant part is associated with the respective therapeutic use
PlantPart,IN-TI-WH,USED_FOR,TherapeuticUse,D003702,used_for,Plant part is associated with the respective therapeutic use
PlantPart,IN-TI-WH,USED_FOR,TherapeuticUse,D003731,used_for,Plant part is associated with the respective therapeutic use
PlantPart,IN-TI-WH,USED_FOR,TherapeuticUse,D004614,used_for,Plant part is associated with the respective therapeutic use
PlantPart,IN-TI-WH,USED_FOR,TherapeuticUse,D005334,used_for,Plant part is associated with the respective therapeutic use
PlantPart,IN-TI-WH,USED_FOR,TherapeuticUse,D006073,used_for,Plant part is associated with the respective therapeutic use
PlantPart,IN-TI-WH,USED_FOR,TherapeuticUse,D006484,used_for,Plant part is associated with the respective therapeutic use
PlantPart,IN-TI-WH,USED_FOR,TherapeuticUse,D006949,used_for,Plant part is associated with the respective therapeutic use
PlantPart,IN-TI-WH,USED_FOR,TherapeuticUse,D007166,used_for,Plant part is associated with the respective therapeutic use
PlantPart,IN-TI-WH,USED_FOR,TherapeuticUse,D007410,used_for,Plant part is associated with the respective therapeutic use
PlantPart,IN-TI-WH,USED_FOR,TherapeuticUse,D008107,used_for,Plant part is associated with the respective therapeutic use
PlantPart,IN-TI-WH,USED_FOR,TherapeuticUse,D010146,used_for,Plant part is associated with the respective therapeutic use
PlantPart,IN-TI-WH,USED_FOR,TherapeuticUse,D011565,used_for,Plant part is associated with the respective therapeutic use
PlantPart,IN-TI-WH,USED_FOR,TherapeuticUse,D012909,used_for,Plant part is associated with the respective therapeutic use
PlantPart,IN-TI-WH,USED_FOR,TherapeuticUse,D013158,used_for,Plant part is associated with the respective therapeutic use
PlantPart,IN-TI-WH,USED_FOR,TherapeuticUse,D014456,used_for,Plant part is associated with the respective therapeutic use
PlantPart,IN-TI-WH,USED_FOR,TherapeuticUse,D014717,used_for,Plant part is associated with the respective therapeutic use
PlantPart,IN-TI-WH,USED_FOR,TherapeuticUse,D015746,used_for,Plant part is associated with the respective therapeutic use
PlantPart,IN-TI-WH,USED_FOR,TherapeuticUse,D017116,used_for,Plant part is associated with the respective therapeutic use
PlantPart,IN-TI-WH,USED_FOR,TherapeuticUse,D056747,used_for,Plant part is associated with the respective therapeutic use
PlantPart,JA-OF-AE,USED_FOR,TherapeuticUse,D000970,used_for,Plant part is associated with the respective therapeutic use
PlantPart,JA-OF-AE,USED_FOR,TherapeuticUse,D007022,used_for,Plant part is associated with the respective therapeutic use
PlantPart,JA-OF-FL,USED_FOR,TherapeuticUse,D000505,used_for,Plant part is associated with the respective therapeutic use
PlantPart,JA-OF-FL,USED_FOR,TherapeuticUse,D000758,used_for,Plant part is associated with the respective therapeutic use
PlantPart,JA-OF-FL,USED_FOR,TherapeuticUse,D000935,used_for,Plant part is associated with the respective therapeutic use
PlantPart,JA-OF-FL,USED_FOR,TherapeuticUse,D000970,used_for,Plant part is associated with the respective therapeutic use
PlantPart,JA-OF-FL,USED_FOR,TherapeuticUse,D001252,used_for,Plant part is associated with the respective therapeutic use
PlantPart,JA-OF-FL,USED_FOR,TherapeuticUse,D002145,used_for,Plant part is associated with the respective therapeutic use
PlantPart,JA-OF-FL,USED_FOR,TherapeuticUse,D003270,used_for,Plant part is associated with the respective therapeutic use
PlantPart,JA-OF-FL,USED_FOR,TherapeuticUse,D003920,used_for,Plant part is associated with the respective therapeutic use
PlantPart,JA-OF-FL,USED_FOR,TherapeuticUse,D004427,used_for,Plant part is associated with the respective therapeutic use
PlantPart,JA-OF-FL,USED_FOR,TherapeuticUse,D005076,used_for,Plant part is associated with the respective therapeutic use
PlantPart,JA-OF-FL,USED_FOR,TherapeuticUse,D005128,used_for,Plant part is associated with the respective therapeutic use
PlantPart,JA-OF-FL,USED_FOR,TherapeuticUse,D006261,used_for,Plant part is associated with the respective therapeutic use
PlantPart,JA-OF-FL,USED_FOR,TherapeuticUse,D006331,used_for,Plant part is associated with the respective therapeutic use
PlantPart,JA-OF-FL,USED_FOR,TherapeuticUse,D006685,used_for,Plant part is associated with the respective therapeutic use
PlantPart,JA-OF-FL,USED_FOR,TherapeuticUse,D006993,used_for,Plant part is associated with the respective therapeutic use
PlantPart,JA-OF-FL,USED_FOR,TherapeuticUse,D008107,used_for,Plant part is associated with the respective therapeutic use
PlantPart,JA-OF-FL,USED_FOR,TherapeuticUse,D010146,used_for,Plant part is associated with the respective therapeutic use
PlantPart,JA-OF-FL,USED_FOR,TherapeuticUse,D012871,used_for,Plant part is associated with the respective therapeutic use
PlantPart,JA-OF-FL,USED_FOR,TherapeuticUse,D013894,used_for,Plant part is associated with the respective therapeutic use
PlantPart,JA-OF-FL,USED_FOR,TherapeuticUse,D014786,used_for,Plant part is associated with the respective therapeutic use
PlantPart,JA-OF-FL,USED_FOR,TherapeuticUse,D019226,used_for,Plant part is associated with the respective therapeutic use
PlantPart,JA-OF-FL,USED_FOR,TherapeuticUse,D063807,used_for,Plant part is associated with the respective therapeutic use
PlantPart,JA-OF-FL,USED_FOR,TherapeuticUse,D065008,used_for,Plant part is associated with the respective therapeutic use
PlantPart,JA-OF-FR,USED_FOR,TherapeuticUse,D000927,used_for,Plant part is associated with the respective therapeutic use
PlantPart,JA-OF-FR,USED_FOR,TherapeuticUse,D013742,used_for,Plant part is associated with the respective therapeutic use
PlantPart,JA-OF-LE,USED_FOR,TherapeuticUse,D000935,used_for,Plant part is associated with the respective therapeutic use
PlantPart,JA-OF-LE,USED_FOR,TherapeuticUse,D002145,used_for,Plant part is associated with the respective therapeutic use
PlantPart,JA-OF-LE,USED_FOR,TherapeuticUse,D004412,used_for,Plant part is associated with the respective therapeutic use
PlantPart,JA-OF-LE,USED_FOR,TherapeuticUse,D004433,used_for,Plant part is associated with the respective therapeutic use
PlantPart,JA-OF-LE,USED_FOR,TherapeuticUse,D005128,used_for,Plant part is associated with the respective therapeutic use
PlantPart,JA-OF-LE,USED_FOR,TherapeuticUse,D006402,used_for,Plant part is associated with the respective therapeutic use
PlantPart,JA-OF-LE,USED_FOR,TherapeuticUse,D006470,used_for,Plant part is associated with the respective therapeutic use
PlantPart,JA-OF-LE,USED_FOR,TherapeuticUse,D006484,used_for,Plant part is associated with the respective therapeutic use
PlantPart,JA-OF-LE,USED_FOR,TherapeuticUse,D007918,used_for,Plant part is associated with the respective therapeutic use
PlantPart,JA-OF-LE,USED_FOR,TherapeuticUse,D008413,used_for,Plant part is associated with the respective therapeutic use
PlantPart,JA-OF-LE,USED_FOR,TherapeuticUse,D010031,used_for,Plant part is associated with the respective therapeutic use
PlantPart,JA-OF-LE,USED_FOR,TherapeuticUse,D011041,used_for,Plant part is associated with the respective therapeutic use
PlantPart,JA-OF-LE,USED_FOR,TherapeuticUse,D012871,used_for,Plant part is associated with the respective therapeutic use
PlantPart,JA-OF-LE,USED_FOR,TherapeuticUse,D013280,used_for,Plant part is associated with the respective therapeutic use
PlantPart,JA-OF-LE,USED_FOR,TherapeuticUse,D013492,used_for,Plant part is associated with the respective therapeutic use
PlantPart,JA-OF-LE,USED_FOR,TherapeuticUse,D014456,used_for,Plant part is associated with the respective therapeutic use
PlantPart,JA-OF-LE,USED_FOR,TherapeuticUse,D019226,used_for,Plant part is associated with the respective therapeutic use
PlantPart,JA-OF-RO,USED_FOR,TherapeuticUse,D000568,used_for,Plant part is associated with the respective therapeutic use
PlantPart,JA-OF-RO,USED_FOR,TherapeuticUse,D000935,used_for,Plant part is associated with the respective therapeutic use
PlantPart,JA-OF-RO,USED_FOR,TherapeuticUse,D003248,used_for,Plant part is associated with the respective therapeutic use
PlantPart,JA-OF-RO,USED_FOR,TherapeuticUse,D004412,used_for,Plant part is associated with the respective therapeutic use
PlantPart,JA-OF-RO,USED_FOR,TherapeuticUse,D007918,used_for,Plant part is associated with the respective therapeutic use
PlantPart,JA-OF-RO,USED_FOR,TherapeuticUse,D010243,used_for,Plant part is associated with the respective therapeutic use
PlantPart,JA-OF-RO,USED_FOR,TherapeuticUse,D013280,used_for,Plant part is associated with the respective therapeutic use
PlantPart,JA-OF-ST,USED_FOR,TherapeuticUse,D000935,used_for,Plant part is associated with the respective therapeutic use
PlantPart,JA-OF-WH,USED_FOR,TherapeuticUse,D002056,used_for,Plant part is associated with the respective therapeutic use
PlantPart,JA-OF-WH,USED_FOR,TherapeuticUse,D002145,used_for,Plant part is associated with the respective therapeutic use
PlantPart,KI-PI-PL,USED_FOR,TherapeuticUse,D003139,used_for,Plant part is associated with the respective therapeutic use
PlantPart,KI-PI-PL,USED_FOR,TherapeuticUse,D006069,used_for,Plant part is associated with the respective therapeutic use
PlantPart,KI-PI-PL,USED_FOR,TherapeuticUse,D014947,used_for,Plant part is associated with the respective therapeutic use
PlantPart,LA-BI-AE,USED_FOR,TherapeuticUse,D000975,used_for,Plant part is associated with the respective therapeutic use
PlantPart,LA-BI-LE,USED_FOR,TherapeuticUse,D000975,used_for,Plant part is associated with the respective therapeutic use
PlantPart,LA-BI-LE,USED_FOR,TherapeuticUse,D014098,used_for,Plant part is associated with the respective therapeutic use
PlantPart,LA-BI-RO,USED_FOR,TherapeuticUse,D001733,used_for,Plant part is associated with the respective therapeutic use
PlantPart,LA-BI-ST,USED_FOR,TherapeuticUse,D006261,used_for,Plant part is associated with the respective therapeutic use
PlantPart,LA-BI-ST,USED_FOR,TherapeuticUse,D013272,used_for,Plant part is associated with the respective therapeutic use
PlantPart,LA-BI-WH,USED_FOR,TherapeuticUse,D000900,used_for,Plant part is associated with the respective therapeutic use
PlantPart,LA-BI-WH,USED_FOR,TherapeuticUse,D000935,used_for,Plant part is associated with the respective therapeutic use
PlantPart,LA-BI-WH,USED_FOR,TherapeuticUse,D007306,used_for,Plant part is associated with the respective therapeutic use
PlantPart,MA-IN-BA,USED_FOR,TherapeuticUse,D000019,used_for,Plant part is associated with the respective therapeutic use
PlantPart,MA-IN-BA,USED_FOR,TherapeuticUse,D000700,used_for,Plant part is associated with the respective therapeutic use
PlantPart,MA-IN-BA,USED_FOR,TherapeuticUse,D000806,used_for,Plant part is associated with the respective therapeutic use
PlantPart,MA-IN-BA,USED_FOR,TherapeuticUse,D000871,used_for,Plant part is associated with the respective therapeutic use
PlantPart,MA-IN-BA,USED_FOR,TherapeuticUse,D000890,used_for,Plant part is associated with the respective therapeutic use
PlantPart,MA-IN-BA,USED_FOR,TherapeuticUse,D000900,used_for,Plant part is associated with the respective therapeutic use
PlantPart,MA-IN-BA,USED_FOR,TherapeuticUse,D000932,used_for,Plant part is associated with the respective therapeutic use
PlantPart,MA-IN-BA,USED_FOR,TherapeuticUse,D000935,used_for,Plant part is associated with the respective therapeutic use
PlantPart,MA-IN-BA,USED_FOR,TherapeuticUse,D000959,used_for,Plant part is associated with the respective therapeutic use
PlantPart,MA-IN-BA,USED_FOR,TherapeuticUse,D000977,used_for,Plant part is associated with the respective therapeutic use
PlantPart,MA-IN-BA,USED_FOR,TherapeuticUse,D000996,used_for,Plant part is associated with the respective therapeutic use
PlantPart,MA-IN-BA,USED_FOR,TherapeuticUse,D000998,used_for,Plant part is associated with the respective therapeutic use
PlantPart,MA-IN-BA,USED_FOR,TherapeuticUse,D001046,used_for,Plant part is associated with the respective therapeutic use
PlantPart,MA-IN-BA,USED_FOR,TherapeuticUse,D001098,used_for,Plant part is associated with the respective therapeutic use
PlantPart,MA-IN-BA,USED_FOR,TherapeuticUse,D001249,used_for,Plant part is associated with the respective therapeutic use
PlantPart,MA-IN-BA,USED_FOR,TherapeuticUse,D001252,used_for,Plant part is associated with the respective therapeutic use
PlantPart,MA-IN-BA,USED_FOR,TherapeuticUse,D002446,used_for,Plant part is associated with the respective therapeutic use
PlantPart,MA-IN-BA,USED_FOR,TherapeuticUse,D002771,used_for,Plant part is associated with the respective therapeutic use
PlantPart,MA-IN-BA,USED_FOR,TherapeuticUse,D002800,used_for,Plant part is associated with the respective therapeutic use
PlantPart,MA-IN-BA,USED_FOR,TherapeuticUse,D003248,used_for,Plant part is associated with the respective therapeutic use
PlantPart,MA-IN-BA,USED_FOR,TherapeuticUse,D003270,used_for,Plant part is associated with the respective therapeutic use
PlantPart,MA-IN-BA,USED_FOR,TherapeuticUse,D003920,used_for,Plant part is associated with the respective therapeutic use
PlantPart,MA-IN-BA,USED_FOR,TherapeuticUse,D003967,used_for,Plant part is associated with the respective therapeutic use
PlantPart,MA-IN-BA,USED_FOR,TherapeuticUse,D004066,used_for,Plant part is associated with the respective therapeutic use
PlantPart,MA-IN-BA,USED_FOR,TherapeuticUse,D004165,used_for,Plant part is associated with the respective therapeutic use
PlantPart,MA-IN-BA,USED_FOR,TherapeuticUse,D004232,used_for,Plant part is associated with the respective therapeutic use
PlantPart,MA-IN-BA,USED_FOR,TherapeuticUse,D004403,used_for,Plant part is associated with the respective therapeutic use
PlantPart,MA-IN-BA,USED_FOR,TherapeuticUse,D004412,used_for,Plant part is associated with the respective therapeutic use
PlantPart,MA-IN-BA,USED_FOR,TherapeuticUse,D004415,used_for,Plant part is associated with the respective therapeutic use
PlantPart,MA-IN-BA,USED_FOR,TherapeuticUse,D004487,used_for,Plant part is associated with the respective therapeutic use
PlantPart,MA-IN-BA,USED_FOR,TherapeuticUse,D004844,used_for,Plant part is associated with the respective therapeutic use
PlantPart,MA-IN-BA,USED_FOR,TherapeuticUse,D005299,used_for,Plant part is associated with the respective therapeutic use
PlantPart,MA-IN-BA,USED_FOR,TherapeuticUse,D005667,used_for,Plant part is associated with the respective therapeutic use
PlantPart,MA-IN-BA,USED_FOR,TherapeuticUse,D005759,used_for,Plant part is associated with the respective therapeutic use
PlantPart,MA-IN-BA,USED_FOR,TherapeuticUse,D005831,used_for,Plant part is associated with the respective therapeutic use
PlantPart,MA-IN-BA,USED_FOR,TherapeuticUse,D006069,used_for,Plant part is associated with the respective therapeutic use
PlantPart,MA-IN-BA,USED_FOR,TherapeuticUse,D006469,used_for,Plant part is associated with the respective therapeutic use
PlantPart,MA-IN-BA,USED_FOR,TherapeuticUse,D006470,used_for,Plant part is associated with the respective therapeutic use
PlantPart,MA-IN-BA,USED_FOR,TherapeuticUse,D006484,used_for,Plant part is associated with the respective therapeutic use
PlantPart,MA-IN-BA,USED_FOR,TherapeuticUse,D007172,used_for,Plant part is associated with the respective therapeutic use
PlantPart,MA-IN-BA,USED_FOR,TherapeuticUse,D007565,used_for,Plant part is associated with the respective therapeutic use
PlantPart,MA-IN-BA,USED_FOR,TherapeuticUse,D007973,used_for,Plant part is associated with the respective therapeutic use
PlantPart,MA-IN-BA,USED_FOR,TherapeuticUse,D008107,used_for,Plant part is associated with the respective therapeutic use
PlantPart,MA-IN-BA,USED_FOR,TherapeuticUse,D008171,used_for,Plant part is associated with the respective therapeutic use
PlantPart,MA-IN-BA,USED_FOR,TherapeuticUse,D008286,used_for,Plant part is associated with the respective therapeutic use
PlantPart,MA-IN-BA,USED_FOR,TherapeuticUse,D008288,used_for,Plant part is associated with the respective therapeutic use
PlantPart,MA-IN-BA,USED_FOR,TherapeuticUse,D008551,used_for,Plant part is associated with the respective therapeutic use
PlantPart,MA-IN-BA,USED_FOR,TherapeuticUse,D008595,used_for,Plant part is associated with the respective therapeutic use
PlantPart,MA-IN-BA,USED_FOR,TherapeuticUse,D008598,used_for,Plant part is associated with the respective therapeutic use
PlantPart,MA-IN-BA,USED_FOR,TherapeuticUse,D008796,used_for,Plant part is associated with the respective therapeutic use
PlantPart,MA-IN-BA,USED_FOR,TherapeuticUse,D010146,used_for,Plant part is associated with the respective therapeutic use
PlantPart,MA-IN-BA,USED_FOR,TherapeuticUse,D010276,used_for,Plant part is associated with the respective therapeutic use
PlantPart,MA-IN-BA,USED_FOR,TherapeuticUse,D010510,used_for,Plant part is associated with the respective therapeutic use
PlantPart,MA-IN-BA,USED_FOR,TherapeuticUse,D010612,used_for,Plant part is associated with the respective therapeutic use
PlantPart,MA-IN-BA,USED_FOR,TherapeuticUse,D011248,used_for,Plant part is associated with the respective therapeutic use
PlantPart,MA-IN-BA,USED_FOR,TherapeuticUse,D012220,used_for,Plant part is associated with the respective therapeutic use
PlantPart,MA-IN-BA,USED_FOR,TherapeuticUse,D012871,used_for,Plant part is associated with the respective therapeutic use
PlantPart,MA-IN-BA,USED_FOR,TherapeuticUse,D012880,used_for,Plant part is associated with the respective therapeutic use
PlantPart,MA-IN-BA,USED_FOR,TherapeuticUse,D012909,used_for,Plant part is associated with the respective therapeutic use
PlantPart,MA-IN-BA,USED_FOR,TherapeuticUse,D013587,used_for,Plant part is associated with the respective therapeutic use
PlantPart,MA-IN-BA,USED_FOR,TherapeuticUse,D014456,used_for,Plant part is associated with the respective therapeutic use
PlantPart,MA-IN-BA,USED_FOR,TherapeuticUse,D014555,used_for,Plant part is associated with the respective therapeutic use
PlantPart,MA-IN-BA,USED_FOR,TherapeuticUse,D014581,used_for,Plant part is associated with the respective therapeutic use
PlantPart,MA-IN-BA,USED_FOR,TherapeuticUse,D014591,used_for,Plant part is associated with the respective therapeutic use
PlantPart,MA-IN-BA,USED_FOR,TherapeuticUse,D014592,used_for,Plant part is associated with the respective therapeutic use
PlantPart,MA-IN-BA,USED_FOR,TherapeuticUse,D014839,used_for,Plant part is associated with the respective therapeutic use
PlantPart,MA-IN-BA,USED_FOR,TherapeuticUse,D014945,used_for,Plant part is associated with the respective therapeutic use
PlantPart,MA-IN-BA,USED_FOR,TherapeuticUse,D018501,used_for,Plant part is associated with the respective therapeutic use
PlantPart,MA-IN-BA,USED_FOR,TherapeuticUse,D019167,used_for,Plant part is associated with the respective therapeutic use
PlantPart,MA-IN-BA,USED_FOR,TherapeuticUse,D019226,used_for,Plant part is associated with the respective therapeutic use
PlantPart,MA-IN-BA,USED_FOR,TherapeuticUse,D054368,used_for,Plant part is associated with the respective therapeutic use
PlantPart,MA-IN-BA,USED_FOR,TherapeuticUse,D058633,used_for,Plant part is associated with the respective therapeutic use
PlantPart,MA-IN-BA,USED_FOR,TherapeuticUse,D063807,used_for,Plant part is associated with the respective therapeutic use
PlantPart,MA-IN-FL,USED_FOR,TherapeuticUse,D000700,used_for,Plant part is associated with the respective therapeutic use
PlantPart,MA-IN-FL,USED_FOR,TherapeuticUse,D000740,used_for,Plant part is associated with the respective therapeutic use
PlantPart,MA-IN-FL,USED_FOR,TherapeuticUse,D000855,used_for,Plant part is associated with the respective therapeutic use
PlantPart,MA-IN-FL,USED_FOR,TherapeuticUse,D000932,used_for,Plant part is associated with the respective therapeutic use
PlantPart,MA-IN-FL,USED_FOR,TherapeuticUse,D003248,used_for,Plant part is associated with the respective therapeutic use
PlantPart,MA-IN-FL,USED_FOR,TherapeuticUse,D003270,used_for,Plant part is associated with the respective therapeutic use
PlantPart,MA-IN-FL,USED_FOR,TherapeuticUse,D003920,used_for,Plant part is associated with the respective therapeutic use
PlantPart,MA-IN-FL,USED_FOR,TherapeuticUse,D003967,used_for,Plant part is associated with the respective therapeutic use
PlantPart,MA-IN-FL,USED_FOR,TherapeuticUse,D004403,used_for,Plant part is associated with the respective therapeutic use
PlantPart,MA-IN-FL,USED_FOR,TherapeuticUse,D004415,used_for,Plant part is associated with the respective therapeutic use
PlantPart,MA-IN-FL,USED_FOR,TherapeuticUse,D006069,used_for,Plant part is associated with the respective therapeutic use
PlantPart,MA-IN-FL,USED_FOR,TherapeuticUse,D006397,used_for,Plant part is associated with the respective therapeutic use
PlantPart,MA-IN-FL,USED_FOR,TherapeuticUse,D006469,used_for,Plant part is associated with the respective therapeutic use
PlantPart,MA-IN-FL,USED_FOR,TherapeuticUse,D006470,used_for,Plant part is associated with the respective therapeutic use
PlantPart,MA-IN-FL,USED_FOR,TherapeuticUse,D006490,used_for,Plant part is associated with the respective therapeutic use
PlantPart,MA-IN-FL,USED_FOR,TherapeuticUse,D007973,used_for,Plant part is associated with the respective therapeutic use
PlantPart,MA-IN-FL,USED_FOR,TherapeuticUse,D009369,used_for,Plant part is associated with the respective therapeutic use
PlantPart,MA-IN-FL,USED_FOR,TherapeuticUse,D012871,used_for,Plant part is associated with the respective therapeutic use
PlantPart,MA-IN-FL,USED_FOR,TherapeuticUse,D012909,used_for,Plant part is associated with the respective therapeutic use
PlantPart,MA-IN-FL,USED_FOR,TherapeuticUse,D014456,used_for,Plant part is associated with the respective therapeutic use
PlantPart,MA-IN-FL,USED_FOR,TherapeuticUse,D014555,used_for,Plant part is associated with the respective therapeutic use
PlantPart,MA-IN-FL,USED_FOR,TherapeuticUse,D014592,used_for,Plant part is associated with the respective therapeutic use
PlantPart,MA-IN-FL,USED_FOR,TherapeuticUse,D014945,used_for,Plant part is associated with the respective therapeutic use
PlantPart,MA-IN-FL,USED_FOR,TherapeuticUse,D014947,used_for,Plant part is associated with the respective therapeutic use
PlantPart,MA-IN-FL,USED_FOR,TherapeuticUse,D018501,used_for,Plant part is associated with the respective therapeutic use
PlantPart,MA-IN-FL,USED_FOR,TherapeuticUse,D053159,used_for,Plant part is associated with the respective therapeutic use
PlantPart,MA-IN-FL,USED_FOR,TherapeuticUse,D065008,used_for,Plant part is associated with the respective therapeutic use
PlantPart,MA-IN-FR,USED_FOR,TherapeuticUse,D000932,used_for,Plant part is associated with the respective therapeutic use
PlantPart,MA-IN-FR,USED_FOR,TherapeuticUse,D000935,used_for,Plant part is associated with the respective therapeutic use
PlantPart,MA-IN-FR,USED_FOR,TherapeuticUse,D000970,used_for,Plant part is associated with the respective therapeutic use
PlantPart,MA-IN-FR,USED_FOR,TherapeuticUse,D000996,used_for,Plant part is associated with the respective therapeutic use
PlantPart,MA-IN-FR,USED_FOR,TherapeuticUse,D001098,used_for,Plant part is associated with the respective therapeutic use
PlantPart,MA-IN-FR,USED_FOR,TherapeuticUse,D001247,used_for,Plant part is associated with the respective therapeutic use
PlantPart,MA-IN-FR,USED_FOR,TherapeuticUse,D001249,used_for,Plant part is associated with the respective therapeutic use
PlantPart,MA-IN-FR,USED_FOR,TherapeuticUse,D001252,used_for,Plant part is associated with the respective therapeutic use
PlantPart,MA-IN-FR,USED_FOR,TherapeuticUse,D003110,used_for,Plant part is associated with the respective therapeutic use
PlantPart,MA-IN-FR,USED_FOR,TherapeuticUse,D003231,used_for,Plant part is associated with the respective therapeutic use
PlantPart,MA-IN-FR,USED_FOR,TherapeuticUse,D003920,used_for,Plant part is associated with the respective therapeutic use
PlantPart,MA-IN-FR,USED_FOR,TherapeuticUse,D003967,used_for,Plant part is associated with the respective therapeutic use
PlantPart,MA-IN-FR,USED_FOR,TherapeuticUse,D004066,used_for,Plant part is associated with the respective therapeutic use
PlantPart,MA-IN-FR,USED_FOR,TherapeuticUse,D004165,used_for,Plant part is associated with the respective therapeutic use
PlantPart,MA-IN-FR,USED_FOR,TherapeuticUse,D004232,used_for,Plant part is associated with the respective therapeutic use
PlantPart,MA-IN-FR,USED_FOR,TherapeuticUse,D004403,used_for,Plant part is associated with the respective therapeutic use
PlantPart,MA-IN-FR,USED_FOR,TherapeuticUse,D005076,used_for,Plant part is associated with the respective therapeutic use
PlantPart,MA-IN-FR,USED_FOR,TherapeuticUse,D006402,used_for,Plant part is associated with the respective therapeutic use
PlantPart,MA-IN-FR,USED_FOR,TherapeuticUse,D006470,used_for,Plant part is associated with the respective therapeutic use
PlantPart,MA-IN-FR,USED_FOR,TherapeuticUse,D006471,used_for,Plant part is associated with the respective therapeutic use
PlantPart,MA-IN-FR,USED_FOR,TherapeuticUse,D006484,used_for,Plant part is associated with the respective therapeutic use
PlantPart,MA-IN-FR,USED_FOR,TherapeuticUse,D006685,used_for,Plant part is associated with the respective therapeutic use
PlantPart,MA-IN-FR,USED_FOR,TherapeuticUse,D007410,used_for,Plant part is associated with the respective therapeutic use
PlantPart,MA-IN-FR,USED_FOR,TherapeuticUse,D008171,used_for,Plant part is associated with the respective therapeutic use
PlantPart,MA-IN-FR,USED_FOR,TherapeuticUse,D008288,used_for,Plant part is associated with the respective therapeutic use
PlantPart,MA-IN-FR,USED_FOR,TherapeuticUse,D008595,used_for,Plant part is associated with the respective therapeutic use
PlantPart,MA-IN-FR,USED_FOR,TherapeuticUse,D009260,used_for,Plant part is associated with the respective therapeutic use
PlantPart,MA-IN-FR,USED_FOR,TherapeuticUse,D009877,used_for,Plant part is associated with the respective therapeutic use
PlantPart,MA-IN-FR,USED_FOR,TherapeuticUse,D010276,used_for,Plant part is associated with the respective therapeutic use
PlantPart,MA-IN-FR,USED_FOR,TherapeuticUse,D010510,used_for,Plant part is associated with the respective therapeutic use
PlantPart,MA-IN-FR,USED_FOR,TherapeuticUse,D010612,used_for,Plant part is associated with the respective therapeutic use
PlantPart,MA-IN-FR,USED_FOR,TherapeuticUse,D010807,used_for,Plant part is associated with the respective therapeutic use
PlantPart,MA-IN-FR,USED_FOR,TherapeuticUse,D011471,used_for,Plant part is associated with the respective therapeutic use
PlantPart,MA-IN-FR,USED_FOR,TherapeuticUse,D012060,used_for,Plant part is associated with the respective therapeutic use
PlantPart,MA-IN-FR,USED_FOR,TherapeuticUse,D012614,used_for,Plant part is associated with the respective therapeutic use
PlantPart,MA-IN-FR,USED_FOR,TherapeuticUse,D012871,used_for,Plant part is associated with the respective therapeutic use
PlantPart,MA-IN-FR,USED_FOR,TherapeuticUse,D013272,used_for,Plant part is associated with the respective therapeutic use
PlantPart,MA-IN-FR,USED_FOR,TherapeuticUse,D013280,used_for,Plant part is associated with the respective therapeutic use
PlantPart,MA-IN-FR,USED_FOR,TherapeuticUse,D013474,used_for,Plant part is associated with the respective therapeutic use
PlantPart,MA-IN-FR,USED_FOR,TherapeuticUse,D013956,used_for,Plant part is associated with the respective therapeutic use
PlantPart,MA-IN-FR,USED_FOR,TherapeuticUse,D014555,used_for,Plant part is associated with the respective therapeutic use
PlantPart,MA-IN-FR,USED_FOR,TherapeuticUse,D014591,used_for,Plant part is associated with the respective therapeutic use
PlantPart,MA-IN-FR,USED_FOR,TherapeuticUse,D014592,used_for,Plant part is associated with the respective therapeutic use
PlantPart,MA-IN-FR,USED_FOR,TherapeuticUse,D016587,used_for,Plant part is associated with the respective therapeutic use
PlantPart,MA-IN-FR,USED_FOR,TherapeuticUse,D017592,used_for,Plant part is associated with the respective therapeutic use
PlantPart,MA-IN-FR,USED_FOR,TherapeuticUse,D018501,used_for,Plant part is associated with the respective therapeutic use
PlantPart,MA-IN-FR,USED_FOR,TherapeuticUse,D018697,used_for,Plant part is associated with the respective therapeutic use
PlantPart,MA-IN-FR,USED_FOR,TherapeuticUse,D018883,used_for,Plant part is associated with the respective therapeutic use
PlantPart,MA-IN-FR,USED_FOR,TherapeuticUse,D019167,used_for,Plant part is associated with the respective therapeutic use
PlantPart,MA-IN-FR,USED_FOR,TherapeuticUse,D020347,used_for,Plant part is associated with the respective therapeutic use
PlantPart,MA-IN-FR,USED_FOR,TherapeuticUse,D020521,used_for,Plant part is associated with the respective therapeutic use
PlantPart,MA-IN-FR,USED_FOR,TherapeuticUse,D054368,used_for,Plant part is associated with the respective therapeutic use
PlantPart,MA-IN-FR,USED_FOR,TherapeuticUse,D058633,used_for,Plant part is associated with the respective therapeutic use
PlantPart,MA-IN-FR,USED_FOR,TherapeuticUse,D065008,used_for,Plant part is associated with the respective therapeutic use
PlantPart,MA-IN-LE,USED_FOR,TherapeuticUse,D000700,used_for,Plant part is associated with the respective therapeutic use
PlantPart,MA-IN-LE,USED_FOR,TherapeuticUse,D000890,used_for,Plant part is associated with the respective therapeutic use
PlantPart,MA-IN-LE,USED_FOR,TherapeuticUse,D000893,used_for,Plant part is associated with the respective therapeutic use
PlantPart,MA-IN-LE,USED_FOR,TherapeuticUse,D000900,used_for,Plant part is associated with the respective therapeutic use
PlantPart,MA-IN-LE,USED_FOR,TherapeuticUse,D000927,used_for,Plant part is associated with the respective therapeutic use
PlantPart,MA-IN-LE,USED_FOR,TherapeuticUse,D000932,used_for,Plant part is associated with the respective therapeutic use
PlantPart,MA-IN-LE,USED_FOR,TherapeuticUse,D000935,used_for,Plant part is associated with the respective therapeutic use
PlantPart,MA-IN-LE,USED_FOR,TherapeuticUse,D000959,used_for,Plant part is associated with the respective therapeutic use
PlantPart,MA-IN-LE,USED_FOR,TherapeuticUse,D000998,used_for,Plant part is associated with the respective therapeutic use
PlantPart,MA-IN-LE,USED_FOR,TherapeuticUse,D001098,used_for,Plant part is associated with the respective therapeutic use
PlantPart,MA-IN-LE,USED_FOR,TherapeuticUse,D001249,used_for,Plant part is associated with the respective therapeutic use
PlantPart,MA-IN-LE,USED_FOR,TherapeuticUse,D001252,used_for,Plant part is associated with the respective therapeutic use
PlantPart,MA-IN-LE,USED_FOR,TherapeuticUse,D001647,used_for,Plant part is associated with the respective therapeutic use
PlantPart,MA-IN-LE,USED_FOR,TherapeuticUse,D002056,used_for,Plant part is associated with the respective therapeutic use
PlantPart,MA-IN-LE,USED_FOR,TherapeuticUse,D002316,used_for,Plant part is associated with the respective therapeutic use
PlantPart,MA-IN-LE,USED_FOR,TherapeuticUse,D002756,used_for,Plant part is associated with the respective therapeutic use
PlantPart,MA-IN-LE,USED_FOR,TherapeuticUse,D002771,used_for,Plant part is associated with the respective therapeutic use
PlantPart,MA-IN-LE,USED_FOR,TherapeuticUse,D003231,used_for,Plant part is associated with the respective therapeutic use
PlantPart,MA-IN-LE,USED_FOR,TherapeuticUse,D003731,used_for,Plant part is associated with the respective therapeutic use
PlantPart,MA-IN-LE,USED_FOR,TherapeuticUse,D003773,used_for,Plant part is associated with the respective therapeutic use
PlantPart,MA-IN-LE,USED_FOR,TherapeuticUse,D003920,used_for,Plant part is associated with the respective therapeutic use
PlantPart,MA-IN-LE,USED_FOR,TherapeuticUse,D003967,used_for,Plant part is associated with the respective therapeutic use
PlantPart,MA-IN-LE,USED_FOR,TherapeuticUse,D004066,used_for,Plant part is associated with the respective therapeutic use
PlantPart,MA-IN-LE,USED_FOR,TherapeuticUse,D004232,used_for,Plant part is associated with the respective therapeutic use
PlantPart,MA-IN-LE,USED_FOR,TherapeuticUse,D004403,used_for,Plant part is associated with the respective therapeutic use
PlantPart,MA-IN-LE,USED_FOR,TherapeuticUse,D004415,used_for,Plant part is associated with the respective therapeutic use
PlantPart,MA-IN-LE,USED_FOR,TherapeuticUse,D005076,used_for,Plant part is associated with the respective therapeutic use
PlantPart,MA-IN-LE,USED_FOR,TherapeuticUse,D005128,used_for,Plant part is associated with the respective therapeutic use
PlantPart,MA-IN-LE,USED_FOR,TherapeuticUse,D005767,used_for,Plant part is associated with the respective therapeutic use
PlantPart,MA-IN-LE,USED_FOR,TherapeuticUse,D006402,used_for,Plant part is associated with the respective therapeutic use
PlantPart,MA-IN-LE,USED_FOR,TherapeuticUse,D006469,used_for,Plant part is associated with the respective therapeutic use
PlantPart,MA-IN-LE,USED_FOR,TherapeuticUse,D006470,used_for,Plant part is associated with the respective therapeutic use
PlantPart,MA-IN-LE,USED_FOR,TherapeuticUse,D006487,used_for,Plant part is associated with the respective therapeutic use
PlantPart,MA-IN-LE,USED_FOR,TherapeuticUse,D006606,used_for,Plant part is associated with the respective therapeutic use
PlantPart,MA-IN-LE,USED_FOR,TherapeuticUse,D006685,used_for,Plant part is associated with the respective therapeutic use
PlantPart,MA-IN-LE,USED_FOR,TherapeuticUse,D006967,used_for,Plant part is associated with the respective therapeutic use
PlantPart,MA-IN-LE,USED_FOR,TherapeuticUse,D007004,used_for,Plant part is associated with the respective therapeutic use
PlantPart,MA-IN-LE,USED_FOR,TherapeuticUse,D007306,used_for,Plant part is associated with the respective therapeutic use
PlantPart,MA-IN-LE,USED_FOR,TherapeuticUse,D007565,used_for,Plant part is associated with the respective therapeutic use
PlantPart,MA-IN-LE,USED_FOR,TherapeuticUse,D007669,used_for,Plant part is associated with the respective therapeutic use
PlantPart,MA-IN-LE,USED_FOR,TherapeuticUse,D007818,used_for,Plant part is associated with the respective therapeutic use
PlantPart,MA-IN-LE,USED_FOR,TherapeuticUse,D007973,used_for,Plant part is associated with the respective therapeutic use
PlantPart,MA-IN-LE,USED_FOR,TherapeuticUse,D008881,used_for,Plant part is associated with the respective therapeutic use
PlantPart,MA-IN-LE,USED_FOR,TherapeuticUse,D009059,used_for,Plant part is associated with the respective therapeutic use
PlantPart,MA-IN-LE,USED_FOR,TherapeuticUse,D009369,used_for,Plant part is associated with the respective therapeutic use
PlantPart,MA-IN-LE,USED_FOR,TherapeuticUse,D009765,used_for,Plant part is associated with the respective therapeutic use
PlantPart,MA-IN-LE,USED_FOR,TherapeuticUse,D009877,used_for,Plant part is associated with the respective therapeutic use
PlantPart,MA-IN-LE,USED_FOR,TherapeuticUse,D010146,used_for,Plant part is associated with the respective therapeutic use
PlantPart,MA-IN-LE,USED_FOR,TherapeuticUse,D010276,used_for,Plant part is associated with the respective therapeutic use
PlantPart,MA-IN-LE,USED_FOR,TherapeuticUse,D010510,used_for,Plant part is associated with the respective therapeutic use
PlantPart,MA-IN-LE,USED_FOR,TherapeuticUse,D010518,used_for,Plant part is associated with the respective therapeutic use
PlantPart,MA-IN-LE,USED_FOR,TherapeuticUse,D010612,used_for,Plant part is associated with the respective therapeutic use
PlantPart,MA-IN-LE,USED_FOR,TherapeuticUse,D012871,used_for,Plant part is associated with the respective therapeutic use
PlantPart,MA-IN-LE,USED_FOR,TherapeuticUse,D012909,used_for,Plant part is associated with the respective therapeutic use
PlantPart,MA-IN-LE,USED_FOR,TherapeuticUse,D013280,used_for,Plant part is associated with the respective therapeutic use
PlantPart,MA-IN-LE,USED_FOR,TherapeuticUse,D013281,used_for,Plant part is associated with the respective therapeutic use
PlantPart,MA-IN-LE,USED_FOR,TherapeuticUse,D013894,used_for,Plant part is associated with the respective therapeutic use
PlantPart,MA-IN-LE,USED_FOR,TherapeuticUse,D014060,used_for,Plant part is associated with the respective therapeutic use
PlantPart,MA-IN-LE,USED_FOR,TherapeuticUse,D014076,used_for,Plant part is associated with the respective therapeutic use
PlantPart,MA-IN-LE,USED_FOR,TherapeuticUse,D014456,used_for,Plant part is associated with the respective therapeutic use
PlantPart,MA-IN-LE,USED_FOR,TherapeuticUse,D014570,used_for,Plant part is associated with the respective therapeutic use
PlantPart,MA-IN-LE,USED_FOR,TherapeuticUse,D014623,used_for,Plant part is associated with the respective therapeutic use
PlantPart,MA-IN-LE,USED_FOR,TherapeuticUse,D014945,used_for,Plant part is associated with the respective therapeutic use
PlantPart,MA-IN-LE,USED_FOR,TherapeuticUse,D014947,used_for,Plant part is associated with the respective therapeutic use
PlantPart,MA-IN-LE,USED_FOR,TherapeuticUse,D018501,used_for,Plant part is associated with the respective therapeutic use
PlantPart,MA-IN-LE,USED_FOR,TherapeuticUse,D020847,used_for,Plant part is associated with the respective therapeutic use
PlantPart,MA-IN-LE,USED_FOR,TherapeuticUse,D054368,used_for,Plant part is associated with the respective therapeutic use
PlantPart,MA-IN-LE,USED_FOR,TherapeuticUse,D065008,used_for,Plant part is associated with the respective therapeutic use
PlantPart,MA-IN-PL,USED_FOR,TherapeuticUse,D000700,used_for,Plant part is associated with the respective therapeutic use
PlantPart,MA-IN-PL,USED_FOR,TherapeuticUse,D000932,used_for,Plant part is associated with the respective therapeutic use
PlantPart,MA-IN-PL,USED_FOR,TherapeuticUse,D001252,used_for,Plant part is associated with the respective therapeutic use
PlantPart,MA-IN-PL,USED_FOR,TherapeuticUse,D002145,used_for,Plant part is associated with the respective therapeutic use
PlantPart,MA-IN-PL,USED_FOR,TherapeuticUse,D003967,used_for,Plant part is associated with the respective therapeutic use
PlantPart,MA-IN-PL,USED_FOR,TherapeuticUse,D004427,used_for,Plant part is associated with the respective therapeutic use
PlantPart,MA-IN-PL,USED_FOR,TherapeuticUse,D005128,used_for,Plant part is associated with the respective therapeutic use
PlantPart,MA-IN-PL,USED_FOR,TherapeuticUse,D010146,used_for,Plant part is associated with the respective therapeutic use
PlantPart,MA-IN-PL,USED_FOR,TherapeuticUse,D010276,used_for,Plant part is associated with the respective therapeutic use
PlantPart,MA-IN-PL,USED_FOR,TherapeuticUse,D010510,used_for,Plant part is associated with the respective therapeutic use
PlantPart,MA-IN-PL,USED_FOR,TherapeuticUse,D010518,used_for,Plant part is associated with the respective therapeutic use
PlantPart,MA-IN-PL,USED_FOR,TherapeuticUse,D012060,used_for,Plant part is associated with the respective therapeutic use
PlantPart,MA-IN-PL,USED_FOR,TherapeuticUse,D012532,used_for,Plant part is associated with the respective therapeutic use
PlantPart,MA-IN-PL,USED_FOR,TherapeuticUse,D012871,used_for,Plant part is associated with the respective therapeutic use
PlantPart,MA-IN-PL,USED_FOR,TherapeuticUse,D013587,used_for,Plant part is associated with the respective therapeutic use
PlantPart,MA-IN-PL,USED_FOR,TherapeuticUse,D014086,used_for,Plant part is associated with the respective therapeutic use
PlantPart,MA-IN-PL,USED_FOR,TherapeuticUse,D014945,used_for,Plant part is associated with the respective therapeutic use
PlantPart,MA-IN-PL,USED_FOR,TherapeuticUse,D016523,used_for,Plant part is associated with the respective therapeutic use
PlantPart,MA-IN-PL,USED_FOR,TherapeuticUse,D058447,used_for,Plant part is associated with the respective therapeutic use
PlantPart,MA-IN-PL,USED_FOR,TherapeuticUse,D058633,used_for,Plant part is associated with the respective therapeutic use
PlantPart,MA-IN-PL,USED_FOR,TherapeuticUse,D065008,used_for,Plant part is associated with the respective therapeutic use
PlantPart,MA-IN-RO,USED_FOR,TherapeuticUse,D000700,used_for,Plant part is associated with the respective therapeutic use
PlantPart,MA-IN-RO,USED_FOR,TherapeuticUse,D000932,used_for,Plant part is associated with the respective therapeutic use
PlantPart,MA-IN-RO,USED_FOR,TherapeuticUse,D000959,used_for,Plant part is associated with the respective therapeutic use
PlantPart,MA-IN-RO,USED_FOR,TherapeuticUse,D002771,used_for,Plant part is associated with the respective therapeutic use
PlantPart,MA-IN-RO,USED_FOR,TherapeuticUse,D003108,used_for,Plant part is associated with the respective therapeutic use
PlantPart,MA-IN-RO,USED_FOR,TherapeuticUse,D003248,used_for,Plant part is associated with the respective therapeutic use
PlantPart,MA-IN-RO,USED_FOR,TherapeuticUse,D003967,used_for,Plant part is associated with the respective therapeutic use
PlantPart,MA-IN-RO,USED_FOR,TherapeuticUse,D004066,used_for,Plant part is associated with the respective therapeutic use
PlantPart,MA-IN-RO,USED_FOR,TherapeuticUse,D004165,used_for,Plant part is associated with the respective therapeutic use
PlantPart,MA-IN-RO,USED_FOR,TherapeuticUse,D004403,used_for,Plant part is associated with the respective therapeutic use
PlantPart,MA-IN-RO,USED_FOR,TherapeuticUse,D006069,used_for,Plant part is associated with the respective therapeutic use
PlantPart,MA-IN-RO,USED_FOR,TherapeuticUse,D006469,used_for,Plant part is associated with the respective therapeutic use
PlantPart,MA-IN-RO,USED_FOR,TherapeuticUse,D006487,used_for,Plant part is associated with the respective therapeutic use
PlantPart,MA-IN-RO,USED_FOR,TherapeuticUse,D007565,used_for,Plant part is associated with the respective therapeutic use
PlantPart,MA-IN-RO,USED_FOR,TherapeuticUse,D007973,used_for,Plant part is associated with the respective therapeutic use
PlantPart,MA-IN-RO,USED_FOR,TherapeuticUse,D008171,used_for,Plant part is associated with the respective therapeutic use
PlantPart,MA-IN-RO,USED_FOR,TherapeuticUse,D008796,used_for,Plant part is associated with the respective therapeutic use
PlantPart,MA-IN-RO,USED_FOR,TherapeuticUse,D010276,used_for,Plant part is associated with the respective therapeutic use
PlantPart,MA-IN-RO,USED_FOR,TherapeuticUse,D012871,used_for,Plant part is associated with the respective therapeutic use
PlantPart,MA-IN-RO,USED_FOR,TherapeuticUse,D013587,used_for,Plant part is associated with the respective therapeutic use
PlantPart,MA-IN-RO,USED_FOR,TherapeuticUse,D014456,used_for,Plant part is associated with the respective therapeutic use
PlantPart,MA-IN-RO,USED_FOR,TherapeuticUse,D014591,used_for,Plant part is associated with the respective therapeutic use
PlantPart,MA-IN-RO,USED_FOR,TherapeuticUse,D014623,used_for,Plant part is associated with the respective therapeutic use
PlantPart,MA-IN-RO,USED_FOR,TherapeuticUse,D014839,used_for,Plant part is associated with the respective therapeutic use
PlantPart,MA-IN-RO,USED_FOR,TherapeuticUse,D014945,used_for,Plant part is associated with the respective therapeutic use
PlantPart,MA-IN-RO,USED_FOR,TherapeuticUse,D014947,used_for,Plant part is associated with the respective therapeutic use
PlantPart,MA-IN-RO,USED_FOR,TherapeuticUse,D018501,used_for,Plant part is associated with the respective therapeutic use
PlantPart,MA-IN-RO,USED_FOR,TherapeuticUse,D058633,used_for,Plant part is associated with the respective therapeutic use
PlantPart,MA-IN-SE,USED_FOR,TherapeuticUse,D000505,used_for,Plant part is associated with the respective therapeutic use
PlantPart,MA-IN-SE,USED_FOR,TherapeuticUse,D000700,used_for,Plant part is associated with the respective therapeutic use
PlantPart,MA-IN-SE,USED_FOR,TherapeuticUse,D000871,used_for,Plant part is associated with the respective therapeutic use
PlantPart,MA-IN-SE,USED_FOR,TherapeuticUse,D000893,used_for,Plant part is associated with the respective therapeutic use
PlantPart,MA-IN-SE,USED_FOR,TherapeuticUse,D000900,used_for,Plant part is associated with the respective therapeutic use
PlantPart,MA-IN-SE,USED_FOR,TherapeuticUse,D000932,used_for,Plant part is associated with the respective therapeutic use
PlantPart,MA-IN-SE,USED_FOR,TherapeuticUse,D000935,used_for,Plant part is associated with the respective therapeutic use
PlantPart,MA-IN-SE,USED_FOR,TherapeuticUse,D000960,used_for,Plant part is associated with the respective therapeutic use
PlantPart,MA-IN-SE,USED_FOR,TherapeuticUse,D000975,used_for,Plant part is associated with the respective therapeutic use
PlantPart,MA-IN-SE,USED_FOR,TherapeuticUse,D000977,used_for,Plant part is associated with the respective therapeutic use
PlantPart,MA-IN-SE,USED_FOR,TherapeuticUse,D000996,used_for,Plant part is associated with the respective therapeutic use
PlantPart,MA-IN-SE,USED_FOR,TherapeuticUse,D001249,used_for,Plant part is associated with the respective therapeutic use
PlantPart,MA-IN-SE,USED_FOR,TherapeuticUse,D001252,used_for,Plant part is associated with the respective therapeutic use
PlantPart,MA-IN-SE,USED_FOR,TherapeuticUse,D002446,used_for,Plant part is associated with the respective therapeutic use
PlantPart,MA-IN-SE,USED_FOR,TherapeuticUse,D002771,used_for,Plant part is associated with the respective therapeutic use
PlantPart,MA-IN-SE,USED_FOR,TherapeuticUse,D003920,used_for,Plant part is associated with the respective therapeutic use
PlantPart,MA-IN-SE,USED_FOR,TherapeuticUse,D003967,used_for,Plant part is associated with the respective therapeutic use
PlantPart,MA-IN-SE,USED_FOR,TherapeuticUse,D004066,used_for,Plant part is associated with the respective therapeutic use
PlantPart,MA-IN-SE,USED_FOR,TherapeuticUse,D004403,used_for,Plant part is associated with the respective therapeutic use
PlantPart,MA-IN-SE,USED_FOR,TherapeuticUse,D004412,used_for,Plant part is associated with the respective therapeutic use
PlantPart,MA-IN-SE,USED_FOR,TherapeuticUse,D004415,used_for,Plant part is associated with the respective therapeutic use
PlantPart,MA-IN-SE,USED_FOR,TherapeuticUse,D004844,used_for,Plant part is associated with the respective therapeutic use
PlantPart,MA-IN-SE,USED_FOR,TherapeuticUse,D005299,used_for,Plant part is associated with the respective therapeutic use
PlantPart,MA-IN-SE,USED_FOR,TherapeuticUse,D005759,used_for,Plant part is associated with the respective therapeutic use
PlantPart,MA-IN-SE,USED_FOR,TherapeuticUse,D005831,used_for,Plant part is associated with the respective therapeutic use
PlantPart,MA-IN-SE,USED_FOR,TherapeuticUse,D006069,used_for,Plant part is associated with the respective therapeutic use
PlantPart,MA-IN-SE,USED_FOR,TherapeuticUse,D006470,used_for,Plant part is associated with the respective therapeutic use
PlantPart,MA-IN-SE,USED_FOR,TherapeuticUse,D006484,used_for,Plant part is associated with the respective therapeutic use
PlantPart,MA-IN-SE,USED_FOR,TherapeuticUse,D006685,used_for,Plant part is associated with the respective therapeutic use
PlantPart,MA-IN-SE,USED_FOR,TherapeuticUse,D007172,used_for,Plant part is associated with the respective therapeutic use
PlantPart,MA-IN-SE,USED_FOR,TherapeuticUse,D007973,used_for,Plant part is associated with the respective therapeutic use
PlantPart,MA-IN-SE,USED_FOR,TherapeuticUse,D008286,used_for,Plant part is associated with the respective therapeutic use
PlantPart,MA-IN-SE,USED_FOR,TherapeuticUse,D008595,used_for,Plant part is associated with the respective therapeutic use
PlantPart,MA-IN-SE,USED_FOR,TherapeuticUse,D008599,used_for,Plant part is associated with the respective therapeutic use
PlantPart,MA-IN-SE,USED_FOR,TherapeuticUse,D008796,used_for,Plant part is associated with the respective therapeutic use
PlantPart,MA-IN-SE,USED_FOR,TherapeuticUse,D009920,used_for,Plant part is associated with the respective therapeutic use
PlantPart,MA-IN-SE,USED_FOR,TherapeuticUse,D010146,used_for,Plant part is associated with the respective therapeutic use
PlantPart,MA-IN-SE,USED_FOR,TherapeuticUse,D010276,used_for,Plant part is associated with the respective therapeutic use
PlantPart,MA-IN-SE,USED_FOR,TherapeuticUse,D010612,used_for,Plant part is associated with the respective therapeutic use
PlantPart,MA-IN-SE,USED_FOR,TherapeuticUse,D012060,used_for,Plant part is associated with the respective therapeutic use
PlantPart,MA-IN-SE,USED_FOR,TherapeuticUse,D012614,used_for,Plant part is associated with the respective therapeutic use
PlantPart,MA-IN-SE,USED_FOR,TherapeuticUse,D012871,used_for,Plant part is associated with the respective therapeutic use
PlantPart,MA-IN-SE,USED_FOR,TherapeuticUse,D014456,used_for,Plant part is associated with the respective therapeutic use
PlantPart,MA-IN-SE,USED_FOR,TherapeuticUse,D014555,used_for,Plant part is associated with the respective therapeutic use
PlantPart,MA-IN-SE,USED_FOR,TherapeuticUse,D014570,used_for,Plant part is associated with the respective therapeutic use
PlantPart,MA-IN-SE,USED_FOR,TherapeuticUse,D014592,used_for,Plant part is associated with the respective therapeutic use
PlantPart,MA-IN-SE,USED_FOR,TherapeuticUse,D014839,used_for,Plant part is associated with the respective therapeutic use
PlantPart,MA-IN-SE,USED_FOR,TherapeuticUse,D019167,used_for,Plant part is associated with the respective therapeutic use
PlantPart,MA-IN-SE,USED_FOR,TherapeuticUse,D063807,used_for,Plant part is associated with the respective therapeutic use
PlantPart,MA-IN-ST,USED_FOR,TherapeuticUse,D003731,used_for,Plant part is associated with the respective therapeutic use
PlantPart,MA-IN-ST,USED_FOR,TherapeuticUse,D014076,used_for,Plant part is associated with the respective therapeutic use
PlantPart,MA-IN-ST,USED_FOR,TherapeuticUse,D014570,used_for,Plant part is associated with the respective therapeutic use
PlantPart,MA-ZA-BA,USED_FOR,TherapeuticUse,D000970,used_for,Plant part is associated with the respective therapeutic use
PlantPart,MA-ZA-BA,USED_FOR,TherapeuticUse,D005334,used_for,Plant part is associated with the respective therapeutic use
PlantPart,MA-ZA-BA,USED_FOR,TherapeuticUse,D012060,used_for,Plant part is associated with the respective therapeutic use
PlantPart,MA-ZA-BA,USED_FOR,TherapeuticUse,D058633,used_for,Plant part is associated with the respective therapeutic use
PlantPart,MA-ZA-FR,USED_FOR,TherapeuticUse,D001252,used_for,Plant part is associated with the respective therapeutic use
PlantPart,MA-ZA-FR,USED_FOR,TherapeuticUse,D002613,used_for,Plant part is associated with the respective therapeutic use
PlantPart,MA-ZA-FR,USED_FOR,TherapeuticUse,D003967,used_for,Plant part is associated with the respective therapeutic use
PlantPart,MA-ZA-FR,USED_FOR,TherapeuticUse,D005334,used_for,Plant part is associated with the respective therapeutic use
PlantPart,MA-ZA-FR,USED_FOR,TherapeuticUse,D014839,used_for,Plant part is associated with the respective therapeutic use
PlantPart,MA-ZA-FR,USED_FOR,TherapeuticUse,D015227,used_for,Plant part is associated with the respective therapeutic use
PlantPart,MA-ZA-FR,USED_FOR,TherapeuticUse,D058633,used_for,Plant part is associated with the respective therapeutic use
PlantPart,MA-ZA-LE,USED_FOR,TherapeuticUse,D000700,used_for,Plant part is associated with the respective therapeutic use
PlantPart,MA-ZA-LE,USED_FOR,TherapeuticUse,D000871,used_for,Plant part is associated with the respective therapeutic use
PlantPart,MA-ZA-LE,USED_FOR,TherapeuticUse,D000893,used_for,Plant part is associated with the respective therapeutic use
PlantPart,MA-ZA-LE,USED_FOR,TherapeuticUse,D000900,used_for,Plant part is associated with the respective therapeutic use
PlantPart,MA-ZA-LE,USED_FOR,TherapeuticUse,D000935,used_for,Plant part is associated with the respective therapeutic use
PlantPart,MA-ZA-LE,USED_FOR,TherapeuticUse,D000975,used_for,Plant part is associated with the respective therapeutic use
PlantPart,MA-ZA-LE,USED_FOR,TherapeuticUse,D007306,used_for,Plant part is associated with the respective therapeutic use
PlantPart,MA-ZA-LE,USED_FOR,TherapeuticUse,D009032,used_for,Plant part is associated with the respective therapeutic use
PlantPart,MA-ZA-LE,USED_FOR,TherapeuticUse,D020347,used_for,Plant part is associated with the respective therapeutic use
PlantPart,MA-ZA-PL,USED_FOR,TherapeuticUse,D003731,used_for,Plant part is associated with the respective therapeutic use
PlantPart,MA-ZA-PL,USED_FOR,TherapeuticUse,D013281,used_for,Plant part is associated with the respective therapeutic use
PlantPart,MA-ZA-PL,USED_FOR,TherapeuticUse,D014076,used_for,Plant part is associated with the respective therapeutic use
PlantPart,MA-ZA-RO,USED_FOR,TherapeuticUse,D000900,used_for,Plant part is associated with the respective therapeutic use
PlantPart,MA-ZA-RO,USED_FOR,TherapeuticUse,D003920,used_for,Plant part is associated with the respective therapeutic use
PlantPart,MA-ZA-SE,USED_FOR,TherapeuticUse,D000975,used_for,Plant part is associated with the respective therapeutic use
PlantPart,MA-ZA-SE,USED_FOR,TherapeuticUse,D004232,used_for,Plant part is associated with the respective therapeutic use
PlantPart,MA-ZA-SE,USED_FOR,TherapeuticUse,D004643,used_for,Plant part is associated with the respective therapeutic use
PlantPart,MA-ZA-SE,USED_FOR,TherapeuticUse,D014552,used_for,Plant part is associated with the respective therapeutic use
PlantPart,MA-ZA-SE,USED_FOR,TherapeuticUse,D065106,used_for,Plant part is associated with the respective therapeutic use
PlantPart,ME-SP-AE,USED_FOR,TherapeuticUse,D000435,used_for,Plant part is associated with the respective therapeutic use
PlantPart,ME-SP-AE,USED_FOR,TherapeuticUse,D000700,used_for,Plant part is associated with the respective therapeutic use
PlantPart,ME-SP-AE,USED_FOR,TherapeuticUse,D000855,used_for,Plant part is associated with the respective therapeutic use
PlantPart,ME-SP-AE,USED_FOR,TherapeuticUse,D000871,used_for,Plant part is associated with the respective therapeutic use
PlantPart,ME-SP-AE,USED_FOR,TherapeuticUse,D002446,used_for,Plant part is associated with the respective therapeutic use
PlantPart,ME-SP-AE,USED_FOR,TherapeuticUse,D002771,used_for,Plant part is associated with the respective therapeutic use
PlantPart,ME-SP-AE,USED_FOR,TherapeuticUse,D003085,used_for,Plant part is associated with the respective therapeutic use
PlantPart,ME-SP-AE,USED_FOR,TherapeuticUse,D003371,used_for,Plant part is associated with the respective therapeutic use
PlantPart,ME-SP-AE,USED_FOR,TherapeuticUse,D003967,used_for,Plant part is associated with the respective therapeutic use
PlantPart,ME-SP-AE,USED_FOR,TherapeuticUse,D004412,used_for,Plant part is associated with the respective therapeutic use
PlantPart,ME-SP-AE,USED_FOR,TherapeuticUse,D004415,used_for,Plant part is associated with the respective therapeutic use
PlantPart,ME-SP-AE,USED_FOR,TherapeuticUse,D004417,used_for,Plant part is associated with the respective therapeutic use
PlantPart,ME-SP-AE,USED_FOR,TherapeuticUse,D005334,used_for,Plant part is associated with the respective therapeutic use
PlantPart,ME-SP-AE,USED_FOR,TherapeuticUse,D005759,used_for,Plant part is associated with the respective therapeutic use
PlantPart,ME-SP-AE,USED_FOR,TherapeuticUse,D006606,used_for,Plant part is associated with the respective therapeutic use
PlantPart,ME-SP-AE,USED_FOR,TherapeuticUse,D008286,used_for,Plant part is associated with the respective therapeutic use
PlantPart,ME-SP-AE,USED_FOR,TherapeuticUse,D010033,used_for,Plant part is associated with the respective therapeutic use
PlantPart,ME-SP-AE,USED_FOR,TherapeuticUse,D014313,used_for,Plant part is associated with the respective therapeutic use
PlantPart,ME-SP-AE,USED_FOR,TherapeuticUse,D014839,used_for,Plant part is associated with the respective therapeutic use
PlantPart,ME-SP-AE,USED_FOR,TherapeuticUse,D019167,used_for,Plant part is associated with the respective therapeutic use
PlantPart,ME-SP-AE,USED_FOR,TherapeuticUse,D053159,used_for,Plant part is associated with the respective therapeutic use
PlantPart,ME-SP-FL,USED_FOR,TherapeuticUse,D001991,used_for,Plant part is associated with the respective therapeutic use
PlantPart,ME-SP-FL,USED_FOR,TherapeuticUse,D006973,used_for,Plant part is associated with the respective therapeutic use
PlantPart,ME-SP-LE,USED_FOR,TherapeuticUse,D000152,used_for,Plant part is associated with the respective therapeutic use
PlantPart,ME-SP-LE,USED_FOR,TherapeuticUse,D000700,used_for,Plant part is associated with the respective therapeutic use
PlantPart,ME-SP-LE,USED_FOR,TherapeuticUse,D000855,used_for,Plant part is associated with the respective therapeutic use
PlantPart,ME-SP-LE,USED_FOR,TherapeuticUse,D000871,used_for,Plant part is associated with the respective therapeutic use
PlantPart,ME-SP-LE,USED_FOR,TherapeuticUse,D000932,used_for,Plant part is associated with the respective therapeutic use
PlantPart,ME-SP-LE,USED_FOR,TherapeuticUse,D000996,used_for,Plant part is associated with the respective therapeutic use
PlantPart,ME-SP-LE,USED_FOR,TherapeuticUse,D001991,used_for,Plant part is associated with the respective therapeutic use
PlantPart,ME-SP-LE,USED_FOR,TherapeuticUse,D002613,used_for,Plant part is associated with the respective therapeutic use
PlantPart,ME-SP-LE,USED_FOR,TherapeuticUse,D002771,used_for,Plant part is associated with the respective therapeutic use
PlantPart,ME-SP-LE,USED_FOR,TherapeuticUse,D003139,used_for,Plant part is associated with the respective therapeutic use
PlantPart,ME-SP-LE,USED_FOR,TherapeuticUse,D003231,used_for,Plant part is associated with the respective therapeutic use
PlantPart,ME-SP-LE,USED_FOR,TherapeuticUse,D003270,used_for,Plant part is associated with the respective therapeutic use
PlantPart,ME-SP-LE,USED_FOR,TherapeuticUse,D003920,used_for,Plant part is associated with the respective therapeutic use
PlantPart,ME-SP-LE,USED_FOR,TherapeuticUse,D003967,used_for,Plant part is associated with the respective therapeutic use
PlantPart,ME-SP-LE,USED_FOR,TherapeuticUse,D004066,used_for,Plant part is associated with the respective therapeutic use
PlantPart,ME-SP-LE,USED_FOR,TherapeuticUse,D004415,used_for,Plant part is associated with the respective therapeutic use
PlantPart,ME-SP-LE,USED_FOR,TherapeuticUse,D005334,used_for,Plant part is associated with the respective therapeutic use
PlantPart,ME-SP-LE,USED_FOR,TherapeuticUse,D005414,used_for,Plant part is associated with the respective therapeutic use
PlantPart,ME-SP-LE,USED_FOR,TherapeuticUse,D005744,used_for,Plant part is associated with the respective therapeutic use
PlantPart,ME-SP-LE,USED_FOR,TherapeuticUse,D005756,used_for,Plant part is associated with the respective therapeutic use
PlantPart,ME-SP-LE,USED_FOR,TherapeuticUse,D005767,used_for,Plant part is associated with the respective therapeutic use
PlantPart,ME-SP-LE,USED_FOR,TherapeuticUse,D006606,used_for,Plant part is associated with the respective therapeutic use
PlantPart,ME-SP-LE,USED_FOR,TherapeuticUse,D006973,used_for,Plant part is associated with the respective therapeutic use
PlantPart,ME-SP-LE,USED_FOR,TherapeuticUse,D007410,used_for,Plant part is associated with the respective therapeutic use
PlantPart,ME-SP-LE,USED_FOR,TherapeuticUse,D007565,used_for,Plant part is associated with the respective therapeutic use
PlantPart,ME-SP-LE,USED_FOR,TherapeuticUse,D008288,used_for,Plant part is associated with the respective therapeutic use
PlantPart,ME-SP-LE,USED_FOR,TherapeuticUse,D008599,used_for,Plant part is associated with the respective therapeutic use
PlantPart,ME-SP-LE,USED_FOR,TherapeuticUse,D010276,used_for,Plant part is associated with the respective therapeutic use
PlantPart,ME-SP-LE,USED_FOR,TherapeuticUse,D010510,used_for,Plant part is associated with the respective therapeutic use
PlantPart,ME-SP-LE,USED_FOR,TherapeuticUse,D012060,used_for,Plant part is associated with the respective therapeutic use
PlantPart,ME-SP-LE,USED_FOR,TherapeuticUse,D012871,used_for,Plant part is associated with the respective therapeutic use
PlantPart,ME-SP-LE,USED_FOR,TherapeuticUse,D013281,used_for,Plant part is associated with the respective therapeutic use
PlantPart,ME-SP-LE,USED_FOR,TherapeuticUse,D015212,used_for,Plant part is associated with the respective therapeutic use
PlantPart,ME-SP-LE,USED_FOR,TherapeuticUse,D019226,used_for,Plant part is associated with the respective therapeutic use
PlantPart,ME-SP-LE,USED_FOR,TherapeuticUse,D054368,used_for,Plant part is associated with the respective therapeutic use
PlantPart,ME-SP-LE,USED_FOR,TherapeuticUse,D058633,used_for,Plant part is associated with the respective therapeutic use
PlantPart,ME-SP-RO,USED_FOR,TherapeuticUse,D003967,used_for,Plant part is associated with the respective therapeutic use
PlantPart,ME-SP-WH,USED_FOR,TherapeuticUse,D005414,used_for,Plant part is associated with the respective therapeutic use
PlantPart,ME-SP-WH,USED_FOR,TherapeuticUse,D007046,used_for,Plant part is associated with the respective therapeutic use
PlantPart,ME-SP-WH,USED_FOR,TherapeuticUse,D010276,used_for,Plant part is associated with the respective therapeutic use
PlantPart,ME-SP-WH,USED_FOR,TherapeuticUse,D012060,used_for,Plant part is associated with the respective therapeutic use
PlantPart,ME-SP-WH,USED_FOR,TherapeuticUse,D014839,used_for,Plant part is associated with the respective therapeutic use
PlantPart,MO-OL-AE,USED_FOR,TherapeuticUse,D000975,used_for,Plant part is associated with the respective therapeutic use
PlantPart,MO-OL-AE,USED_FOR,TherapeuticUse,D000998,used_for,Plant part is associated with the respective therapeutic use
PlantPart,MO-OL-AE,USED_FOR,TherapeuticUse,D003920,used_for,Plant part is associated with the respective therapeutic use
PlantPart,MO-OL-BA,USED_FOR,TherapeuticUse,D000019,used_for,Plant part is associated with the respective therapeutic use
PlantPart,MO-OL-BA,USED_FOR,TherapeuticUse,D000038,used_for,Plant part is associated with the respective therapeutic use
PlantPart,MO-OL-BA,USED_FOR,TherapeuticUse,D000568,used_for,Plant part is associated with the respective therapeutic use
PlantPart,MO-OL-BA,USED_FOR,TherapeuticUse,D000700,used_for,Plant part is associated with the respective therapeutic use
PlantPart,MO-OL-BA,USED_FOR,TherapeuticUse,D000871,used_for,Plant part is associated with the respective therapeutic use
PlantPart,MO-OL-BA,USED_FOR,TherapeuticUse,D000893,used_for,Plant part is associated with the respective therapeutic use
PlantPart,MO-OL-BA,USED_FOR,TherapeuticUse,D000900,used_for,Plant part is associated with the respective therapeutic use
PlantPart,MO-OL-BA,USED_FOR,TherapeuticUse,D000931,used_for,Plant part is associated with the respective therapeutic use
PlantPart,MO-OL-BA,USED_FOR,TherapeuticUse,D000935,used_for,Plant part is associated with the respective therapeutic use
PlantPart,MO-OL-BA,USED_FOR,TherapeuticUse,D000959,used_for,Plant part is associated with the respective therapeutic use
PlantPart,MO-OL-BA,USED_FOR,TherapeuticUse,D000975,used_for,Plant part is associated with the respective therapeutic use
PlantPart,MO-OL-BA,USED_FOR,TherapeuticUse,D000996,used_for,Plant part is associated with the respective therapeutic use
PlantPart,MO-OL-BA,USED_FOR,TherapeuticUse,D001201,used_for,Plant part is associated with the respective therapeutic use
PlantPart,MO-OL-BA,USED_FOR,TherapeuticUse,D001733,used_for,Plant part is associated with the respective therapeutic use
PlantPart,MO-OL-BA,USED_FOR,TherapeuticUse,D001768,used_for,Plant part is associated with the respective therapeutic use
PlantPart,MO-OL-BA,USED_FOR,TherapeuticUse,D002316,used_for,Plant part is associated with the respective therapeutic use
PlantPart,MO-OL-BA,USED_FOR,TherapeuticUse,D003139,used_for,Plant part is associated with the respective therapeutic use
PlantPart,MO-OL-BA,USED_FOR,TherapeuticUse,D003270,used_for,Plant part is associated with the respective therapeutic use
PlantPart,MO-OL-BA,USED_FOR,TherapeuticUse,D003731,used_for,Plant part is associated with the respective therapeutic use
PlantPart,MO-OL-BA,USED_FOR,TherapeuticUse,D003920,used_for,Plant part is associated with the respective therapeutic use
PlantPart,MO-OL-BA,USED_FOR,TherapeuticUse,D003967,used_for,Plant part is associated with the respective therapeutic use
PlantPart,MO-OL-BA,USED_FOR,TherapeuticUse,D004412,used_for,Plant part is associated with the respective therapeutic use
PlantPart,MO-OL-BA,USED_FOR,TherapeuticUse,D004433,used_for,Plant part is associated with the respective therapeutic use
PlantPart,MO-OL-BA,USED_FOR,TherapeuticUse,D004487,used_for,Plant part is associated with the respective therapeutic use
PlantPart,MO-OL-BA,USED_FOR,TherapeuticUse,D004643,used_for,Plant part is associated with the respective therapeutic use
PlantPart,MO-OL-BA,USED_FOR,TherapeuticUse,D004886,used_for,Plant part is associated with the respective therapeutic use
PlantPart,MO-OL-BA,USED_FOR,TherapeuticUse,D005128,used_for,Plant part is associated with the respective therapeutic use
PlantPart,MO-OL-BA,USED_FOR,TherapeuticUse,D005368,used_for,Plant part is associated with the respective therapeutic use
PlantPart,MO-OL-BA,USED_FOR,TherapeuticUse,D005402,used_for,Plant part is associated with the respective therapeutic use
PlantPart,MO-OL-BA,USED_FOR,TherapeuticUse,D005667,used_for,Plant part is associated with the respective therapeutic use
PlantPart,MO-OL-BA,USED_FOR,TherapeuticUse,D006042,used_for,Plant part is associated with the respective therapeutic use
PlantPart,MO-OL-BA,USED_FOR,TherapeuticUse,D006073,used_for,Plant part is associated with the respective therapeutic use
PlantPart,MO-OL-BA,USED_FOR,TherapeuticUse,D006261,used_for,Plant part is associated with the respective therapeutic use
PlantPart,MO-OL-BA,USED_FOR,TherapeuticUse,D006331,used_for,Plant part is associated with the respective therapeutic use
PlantPart,MO-OL-BA,USED_FOR,TherapeuticUse,D006470,used_for,Plant part is associated with the respective therapeutic use
PlantPart,MO-OL-BA,USED_FOR,TherapeuticUse,D006484,used_for,Plant part is associated with the respective therapeutic use
PlantPart,MO-OL-BA,USED_FOR,TherapeuticUse,D006561,used_for,Plant part is associated with the respective therapeutic use
PlantPart,MO-OL-BA,USED_FOR,TherapeuticUse,D007172,used_for,Plant part is associated with the respective therapeutic use
PlantPart,MO-OL-BA,USED_FOR,TherapeuticUse,D007249,used_for,Plant part is associated with the respective therapeutic use
PlantPart,MO-OL-BA,USED_FOR,TherapeuticUse,D007299,used_for,Plant part is associated with the respective therapeutic use
PlantPart,MO-OL-BA,USED_FOR,TherapeuticUse,D007306,used_for,Plant part is associated with the respective therapeutic use
PlantPart,MO-OL-BA,USED_FOR,TherapeuticUse,D007319,used_for,Plant part is associated with the respective therapeutic use
PlantPart,MO-OL-BA,USED_FOR,TherapeuticUse,D007669,used_for,Plant part is associated with the respective therapeutic use
PlantPart,MO-OL-BA,USED_FOR,TherapeuticUse,D008199,used_for,Plant part is associated with the respective therapeutic use
PlantPart,MO-OL-BA,USED_FOR,TherapeuticUse,D008288,used_for,Plant part is associated with the respective therapeutic use
PlantPart,MO-OL-BA,USED_FOR,TherapeuticUse,D008595,used_for,Plant part is associated with the respective therapeutic use
PlantPart,MO-OL-BA,USED_FOR,TherapeuticUse,D008881,used_for,Plant part is associated with the respective therapeutic use
PlantPart,MO-OL-BA,USED_FOR,TherapeuticUse,D009369,used_for,Plant part is associated with the respective therapeutic use
PlantPart,MO-OL-BA,USED_FOR,TherapeuticUse,D009980,used_for,Plant part is associated with the respective therapeutic use
PlantPart,MO-OL-BA,USED_FOR,TherapeuticUse,D010033,used_for,Plant part is associated with the respective therapeutic use
PlantPart,MO-OL-BA,USED_FOR,TherapeuticUse,D010146,used_for,Plant part is associated with the respective therapeutic use
PlantPart,MO-OL-BA,USED_FOR,TherapeuticUse,D010510,used_for,Plant part is associated with the respective therapeutic use
PlantPart,MO-OL-BA,USED_FOR,TherapeuticUse,D012060,used_for,Plant part is associated with the respective therapeutic use
PlantPart,MO-OL-BA,USED_FOR,TherapeuticUse,D012871,used_for,Plant part is associated with the respective therapeutic use
PlantPart,MO-OL-BA,USED_FOR,TherapeuticUse,D012899,used_for,Plant part is associated with the respective therapeutic use
PlantPart,MO-OL-BA,USED_FOR,TherapeuticUse,D012909,used_for,Plant part is associated with the respective therapeutic use
PlantPart,MO-OL-BA,USED_FOR,TherapeuticUse,D013158,used_for,Plant part is associated with the respective therapeutic use
PlantPart,MO-OL-BA,USED_FOR,TherapeuticUse,D014313,used_for,Plant part is associated with the respective therapeutic use
PlantPart,MO-OL-BA,USED_FOR,TherapeuticUse,D014435,used_for,Plant part is associated with the respective therapeutic use
PlantPart,MO-OL-BA,USED_FOR,TherapeuticUse,D014456,used_for,Plant part is associated with the respective therapeutic use
PlantPart,MO-OL-BA,USED_FOR,TherapeuticUse,D014545,used_for,Plant part is associated with the respective therapeutic use
PlantPart,MO-OL-BA,USED_FOR,TherapeuticUse,D014945,used_for,Plant part is associated with the respective therapeutic use
PlantPart,MO-OL-BA,USED_FOR,TherapeuticUse,D014947,used_for,Plant part is associated with the respective therapeutic use
PlantPart,MO-OL-BA,USED_FOR,TherapeuticUse,D015746,used_for,Plant part is associated with the respective therapeutic use
PlantPart,MO-OL-BA,USED_FOR,TherapeuticUse,D018501,used_for,Plant part is associated with the respective therapeutic use
PlantPart,MO-OL-BA,USED_FOR,TherapeuticUse,D019440,used_for,Plant part is associated with the respective therapeutic use
PlantPart,MO-OL-BA,USED_FOR,TherapeuticUse,D050723,used_for,Plant part is associated with the respective therapeutic use
PlantPart,MO-OL-BA,USED_FOR,TherapeuticUse,D058633,used_for,Plant part is associated with the respective therapeutic use
PlantPart,MO-OL-BA,USED_FOR,TherapeuticUse,D063806,used_for,Plant part is associated with the respective therapeutic use
PlantPart,MO-OL-BA,USED_FOR,TherapeuticUse,D065008,used_for,Plant part is associated with the respective therapeutic use
PlantPart,MO-OL-FL,USED_FOR,TherapeuticUse,D000019,used_for,Plant part is associated with the respective therapeutic use
PlantPart,MO-OL-FL,USED_FOR,TherapeuticUse,D000505,used_for,Plant part is associated with the respective therapeutic use
PlantPart,MO-OL-FL,USED_FOR,TherapeuticUse,D000871,used_for,Plant part is associated with the respective therapeutic use
PlantPart,MO-OL-FL,USED_FOR,TherapeuticUse,D000900,used_for,Plant part is associated with the respective therapeutic use
PlantPart,MO-OL-FL,USED_FOR,TherapeuticUse,D000935,used_for,Plant part is associated with the respective therapeutic use
PlantPart,MO-OL-FL,USED_FOR,TherapeuticUse,D000959,used_for,Plant part is associated with the respective therapeutic use
PlantPart,MO-OL-FL,USED_FOR,TherapeuticUse,D000996,used_for,Plant part is associated with the respective therapeutic use
PlantPart,MO-OL-FL,USED_FOR,TherapeuticUse,D000998,used_for,Plant part is associated with the respective therapeutic use
PlantPart,MO-OL-FL,USED_FOR,TherapeuticUse,D001046,used_for,Plant part is associated with the respective therapeutic use
PlantPart,MO-OL-FL,USED_FOR,TherapeuticUse,D001168,used_for,Plant part is associated with the respective therapeutic use
PlantPart,MO-OL-FL,USED_FOR,TherapeuticUse,D002756,used_for,Plant part is associated with the respective therapeutic use
PlantPart,MO-OL-FL,USED_FOR,TherapeuticUse,D002784,used_for,Plant part is associated with the respective therapeutic use
PlantPart,MO-OL-FL,USED_FOR,TherapeuticUse,D003139,used_for,Plant part is associated with the respective therapeutic use
PlantPart,MO-OL-FL,USED_FOR,TherapeuticUse,D004232,used_for,Plant part is associated with the respective therapeutic use
PlantPart,MO-OL-FL,USED_FOR,TherapeuticUse,D005128,used_for,Plant part is associated with the respective therapeutic use
PlantPart,MO-OL-FL,USED_FOR,TherapeuticUse,D005299,used_for,Plant part is associated with the respective therapeutic use
PlantPart,MO-OL-FL,USED_FOR,TherapeuticUse,D006484,used_for,Plant part is associated with the respective therapeutic use
PlantPart,MO-OL-FL,USED_FOR,TherapeuticUse,D007172,used_for,Plant part is associated with the respective therapeutic use
PlantPart,MO-OL-FL,USED_FOR,TherapeuticUse,D007669,used_for,Plant part is associated with the respective therapeutic use
PlantPart,MO-OL-FL,USED_FOR,TherapeuticUse,D008107,used_for,Plant part is associated with the respective therapeutic use
PlantPart,MO-OL-FL,USED_FOR,TherapeuticUse,D008595,used_for,Plant part is associated with the respective therapeutic use
PlantPart,MO-OL-FL,USED_FOR,TherapeuticUse,D012060,used_for,Plant part is associated with the respective therapeutic use
PlantPart,MO-OL-FL,USED_FOR,TherapeuticUse,D012899,used_for,Plant part is associated with the respective therapeutic use
PlantPart,MO-OL-FL,USED_FOR,TherapeuticUse,D013158,used_for,Plant part is associated with the respective therapeutic use
PlantPart,MO-OL-FL,USED_FOR,TherapeuticUse,D013742,used_for,Plant part is associated with the respective therapeutic use
PlantPart,MO-OL-FL,USED_FOR,TherapeuticUse,D014945,used_for,Plant part is associated with the respective therapeutic use
PlantPart,MO-OL-FL,USED_FOR,TherapeuticUse,D016587,used_for,Plant part is associated with the respective therapeutic use
PlantPart,MO-OL-FL,USED_FOR,TherapeuticUse,D018501,used_for,Plant part is associated with the respective therapeutic use
PlantPart,MO-OL-FL,USED_FOR,TherapeuticUse,D019167,used_for,Plant part is associated with the respective therapeutic use
PlantPart,MO-OL-FR,USED_FOR,TherapeuticUse,D000568,used_for,Plant part is associated with the respective therapeutic use
PlantPart,MO-OL-FR,USED_FOR,TherapeuticUse,D000700,used_for,Plant part is associated with the respective therapeutic use
PlantPart,MO-OL-FR,USED_FOR,TherapeuticUse,D000740,used_for,Plant part is associated with the respective therapeutic use
PlantPart,MO-OL-FR,USED_FOR,TherapeuticUse,D000806,used_for,Plant part is associated with the respective therapeutic use
PlantPart,MO-OL-FR,USED_FOR,TherapeuticUse,D000855,used_for,Plant part is associated with the respective therapeutic use
PlantPart,MO-OL-FR,USED_FOR,TherapeuticUse,D000871,used_for,Plant part is associated with the respective therapeutic use
PlantPart,MO-OL-FR,USED_FOR,TherapeuticUse,D000893,used_for,Plant part is associated with the respective therapeutic use
PlantPart,MO-OL-FR,USED_FOR,TherapeuticUse,D000900,used_for,Plant part is associated with the respective therapeutic use
PlantPart,MO-OL-FR,USED_FOR,TherapeuticUse,D000935,used_for,Plant part is associated with the respective therapeutic use
PlantPart,MO-OL-FR,USED_FOR,TherapeuticUse,D000959,used_for,Plant part is associated with the respective therapeutic use
PlantPart,MO-OL-FR,USED_FOR,TherapeuticUse,D000970,used_for,Plant part is associated with the respective therapeutic use
PlantPart,MO-OL-FR,USED_FOR,TherapeuticUse,D000975,used_for,Plant part is associated with the respective therapeutic use
PlantPart,MO-OL-FR,USED_FOR,TherapeuticUse,D000995,used_for,Plant part is associated with the respective therapeutic use
PlantPart,MO-OL-FR,USED_FOR,TherapeuticUse,D000996,used_for,Plant part is associated with the respective therapeutic use
PlantPart,MO-OL-FR,USED_FOR,TherapeuticUse,D001046,used_for,Plant part is associated with the respective therapeutic use
PlantPart,MO-OL-FR,USED_FOR,TherapeuticUse,D001168,used_for,Plant part is associated with the respective therapeutic use
PlantPart,MO-OL-FR,USED_FOR,TherapeuticUse,D001247,used_for,Plant part is associated with the respective therapeutic use
PlantPart,MO-OL-FR,USED_FOR,TherapeuticUse,D001744,used_for,Plant part is associated with the respective therapeutic use
PlantPart,MO-OL-FR,USED_FOR,TherapeuticUse,D002316,used_for,Plant part is associated with the respective therapeutic use
PlantPart,MO-OL-FR,USED_FOR,TherapeuticUse,D002784,used_for,Plant part is associated with the respective therapeutic use
PlantPart,MO-OL-FR,USED_FOR,TherapeuticUse,D003139,used_for,Plant part is associated with the respective therapeutic use
PlantPart,MO-OL-FR,USED_FOR,TherapeuticUse,D003920,used_for,Plant part is associated with the respective therapeutic use
PlantPart,MO-OL-FR,USED_FOR,TherapeuticUse,D003967,used_for,Plant part is associated with the respective therapeutic use
PlantPart,MO-OL-FR,USED_FOR,TherapeuticUse,D004066,used_for,Plant part is associated with the respective therapeutic use
PlantPart,MO-OL-FR,USED_FOR,TherapeuticUse,D004232,used_for,Plant part is associated with the respective therapeutic use
PlantPart,MO-OL-FR,USED_FOR,TherapeuticUse,D004412,used_for,Plant part is associated with the respective therapeutic use
PlantPart,MO-OL-FR,USED_FOR,TherapeuticUse,D004415,used_for,Plant part is associated with the respective therapeutic use
PlantPart,MO-OL-FR,USED_FOR,TherapeuticUse,D004827,used_for,Plant part is associated with the respective therapeutic use
PlantPart,MO-OL-FR,USED_FOR,TherapeuticUse,D005128,used_for,Plant part is associated with the respective therapeutic use
PlantPart,MO-OL-FR,USED_FOR,TherapeuticUse,D006331,used_for,Plant part is associated with the respective therapeutic use
PlantPart,MO-OL-FR,USED_FOR,TherapeuticUse,D006402,used_for,Plant part is associated with the respective therapeutic use
PlantPart,MO-OL-FR,USED_FOR,TherapeuticUse,D006949,used_for,Plant part is associated with the respective therapeutic use
PlantPart,MO-OL-FR,USED_FOR,TherapeuticUse,D007004,used_for,Plant part is associated with the respective therapeutic use
PlantPart,MO-OL-FR,USED_FOR,TherapeuticUse,D007172,used_for,Plant part is associated with the respective therapeutic use
PlantPart,MO-OL-FR,USED_FOR,TherapeuticUse,D007249,used_for,Plant part is associated with the respective therapeutic use
PlantPart,MO-OL-FR,USED_FOR,TherapeuticUse,D007592,used_for,Plant part is associated with the respective therapeutic use
PlantPart,MO-OL-FR,USED_FOR,TherapeuticUse,D007669,used_for,Plant part is associated with the respective therapeutic use
PlantPart,MO-OL-FR,USED_FOR,TherapeuticUse,D007674,used_for,Plant part is associated with the respective therapeutic use
PlantPart,MO-OL-FR,USED_FOR,TherapeuticUse,D008107,used_for,Plant part is associated with the respective therapeutic use
PlantPart,MO-OL-FR,USED_FOR,TherapeuticUse,D009369,used_for,Plant part is associated with the respective therapeutic use
PlantPart,MO-OL-FR,USED_FOR,TherapeuticUse,D009422,used_for,Plant part is associated with the respective therapeutic use
PlantPart,MO-OL-FR,USED_FOR,TherapeuticUse,D010146,used_for,Plant part is associated with the respective therapeutic use
PlantPart,MO-OL-FR,USED_FOR,TherapeuticUse,D010243,used_for,Plant part is associated with the respective therapeutic use
PlantPart,MO-OL-FR,USED_FOR,TherapeuticUse,D010276,used_for,Plant part is associated with the respective therapeutic use
PlantPart,MO-OL-FR,USED_FOR,TherapeuticUse,D012060,used_for,Plant part is associated with the respective therapeutic use
PlantPart,MO-OL-FR,USED_FOR,TherapeuticUse,D012735,used_for,Plant part is associated with the respective therapeutic use
PlantPart,MO-OL-FR,USED_FOR,TherapeuticUse,D012874,used_for,Plant part is associated with the respective therapeutic use
PlantPart,MO-OL-FR,USED_FOR,TherapeuticUse,D012899,used_for,Plant part is associated with the respective therapeutic use
PlantPart,MO-OL-FR,USED_FOR,TherapeuticUse,D013158,used_for,Plant part is associated with the respective therapeutic use
PlantPart,MO-OL-FR,USED_FOR,TherapeuticUse,D013742,used_for,Plant part is associated with the respective therapeutic use
PlantPart,MO-OL-FR,USED_FOR,TherapeuticUse,D014820,used_for,Plant part is associated with the respective therapeutic use
PlantPart,MO-OL-FR,USED_FOR,TherapeuticUse,D018501,used_for,Plant part is associated with the respective therapeutic use
PlantPart,MO-OL-FR,USED_FOR,TherapeuticUse,D019167,used_for,Plant part is associated with the respective therapeutic use
PlantPart,MO-OL-FR,USED_FOR,TherapeuticUse,D041981,used_for,Plant part is associated with the respective therapeutic use
PlantPart,MO-OL-FR,USED_FOR,TherapeuticUse,D054368,used_for,Plant part is associated with the respective therapeutic use
PlantPart,MO-OL-FR,USED_FOR,TherapeuticUse,D056747,used_for,Plant part is associated with the respective therapeutic use
PlantPart,MO-OL-FR,USED_FOR,TherapeuticUse,D058633,used_for,Plant part is associated with the respective therapeutic use
PlantPart,MO-OL-LE,USED_FOR,TherapeuticUse,D000019,used_for,Plant part is associated with the respective therapeutic use
PlantPart,MO-OL-LE,USED_FOR,TherapeuticUse,D000038,used_for,Plant part is associated with the respective therapeutic use
PlantPart,MO-OL-LE,USED_FOR,TherapeuticUse,D000505,used_for,Plant part is associated with the respective therapeutic use
PlantPart,MO-OL-LE,USED_FOR,TherapeuticUse,D000544,used_for,Plant part is associated with the respective therapeutic use
PlantPart,MO-OL-LE,USED_FOR,TherapeuticUse,D000568,used_for,Plant part is associated with the respective therapeutic use
PlantPart,MO-OL-LE,USED_FOR,TherapeuticUse,D000700,used_for,Plant part is associated with the respective therapeutic use
PlantPart,MO-OL-LE,USED_FOR,TherapeuticUse,D000740,used_for,Plant part is associated with the respective therapeutic use
PlantPart,MO-OL-LE,USED_FOR,TherapeuticUse,D000871,used_for,Plant part is associated with the respective therapeutic use
PlantPart,MO-OL-LE,USED_FOR,TherapeuticUse,D000890,used_for,Plant part is associated with the respective therapeutic use
PlantPart,MO-OL-LE,USED_FOR,TherapeuticUse,D000891,used_for,Plant part is associated with the respective therapeutic use
PlantPart,MO-OL-LE,USED_FOR,TherapeuticUse,D000893,used_for,Plant part is associated with the respective therapeutic use
PlantPart,MO-OL-LE,USED_FOR,TherapeuticUse,D000900,used_for,Plant part is associated with the respective therapeutic use
PlantPart,MO-OL-LE,USED_FOR,TherapeuticUse,D000927,used_for,Plant part is associated with the respective therapeutic use
PlantPart,MO-OL-LE,USED_FOR,TherapeuticUse,D000932,used_for,Plant part is associated with the respective therapeutic use
PlantPart,MO-OL-LE,USED_FOR,TherapeuticUse,D000935,used_for,Plant part is associated with the respective therapeutic use
PlantPart,MO-OL-LE,USED_FOR,TherapeuticUse,D000959,used_for,Plant part is associated with the respective therapeutic use
PlantPart,MO-OL-LE,USED_FOR,TherapeuticUse,D000970,used_for,Plant part is associated with the respective therapeutic use
PlantPart,MO-OL-LE,USED_FOR,TherapeuticUse,D000975,used_for,Plant part is associated with the respective therapeutic use
PlantPart,MO-OL-LE,USED_FOR,TherapeuticUse,D000995,used_for,Plant part is associated with the respective therapeutic use
PlantPart,MO-OL-LE,USED_FOR,TherapeuticUse,D000996,used_for,Plant part is associated with the respective therapeutic use
PlantPart,MO-OL-LE,USED_FOR,TherapeuticUse,D001168,used_for,Plant part is associated with the respective therapeutic use
PlantPart,MO-OL-LE,USED_FOR,TherapeuticUse,D001249,used_for,Plant part is associated with the respective therapeutic use
PlantPart,MO-OL-LE,USED_FOR,TherapeuticUse,D001252,used_for,Plant part is associated with the respective therapeutic use
PlantPart,MO-OL-LE,USED_FOR,TherapeuticUse,D001768,used_for,Plant part is associated with the respective therapeutic use
PlantPart,MO-OL-LE,USED_FOR,TherapeuticUse,D002316,used_for,Plant part is associated with the respective therapeutic use
PlantPart,MO-OL-LE,USED_FOR,TherapeuticUse,D002317,used_for,Plant part is associated with the respective therapeutic use
PlantPart,MO-OL-LE,USED_FOR,TherapeuticUse,D002386,used_for,Plant part is associated with the respective therapeutic use
PlantPart,MO-OL-LE,USED_FOR,TherapeuticUse,D002400,used_for,Plant part is associated with the respective therapeutic use
PlantPart,MO-OL-LE,USED_FOR,TherapeuticUse,D002492,used_for,Plant part is associated with the respective therapeutic use
PlantPart,MO-OL-LE,USED_FOR,TherapeuticUse,D002644,used_for,Plant part is associated with the respective therapeutic use
PlantPart,MO-OL-LE,USED_FOR,TherapeuticUse,D003139,used_for,Plant part is associated with the respective therapeutic use
PlantPart,MO-OL-LE,USED_FOR,TherapeuticUse,D003231,used_for,Plant part is associated with the respective therapeutic use
PlantPart,MO-OL-LE,USED_FOR,TherapeuticUse,D003371,used_for,Plant part is associated with the respective therapeutic use
PlantPart,MO-OL-LE,USED_FOR,TherapeuticUse,D003920,used_for,Plant part is associated with the respective therapeutic use
PlantPart,MO-OL-LE,USED_FOR,TherapeuticUse,D003967,used_for,Plant part is associated with the respective therapeutic use
PlantPart,MO-OL-LE,USED_FOR,TherapeuticUse,D004066,used_for,Plant part is associated with the respective therapeutic use
PlantPart,MO-OL-LE,USED_FOR,TherapeuticUse,D004244,used_for,Plant part is associated with the respective therapeutic use
PlantPart,MO-OL-LE,USED_FOR,TherapeuticUse,D004412,used_for,Plant part is associated with the respective therapeutic use
PlantPart,MO-OL-LE,USED_FOR,TherapeuticUse,D004415,used_for,Plant part is associated with the respective therapeutic use
PlantPart,MO-OL-LE,USED_FOR,TherapeuticUse,D004433,used_for,Plant part is associated with the respective therapeutic use
PlantPart,MO-OL-LE,USED_FOR,TherapeuticUse,D004487,used_for,Plant part is associated with the respective therapeutic use
PlantPart,MO-OL-LE,USED_FOR,TherapeuticUse,D004639,used_for,Plant part is associated with the respective therapeutic use
PlantPart,MO-OL-LE,USED_FOR,TherapeuticUse,D004827,used_for,Plant part is associated with the respective therapeutic use
PlantPart,MO-OL-LE,USED_FOR,TherapeuticUse,D004886,used_for,Plant part is associated with the respective therapeutic use
PlantPart,MO-OL-LE,USED_FOR,TherapeuticUse,D005128,used_for,Plant part is associated with the respective therapeutic use
PlantPart,MO-OL-LE,USED_FOR,TherapeuticUse,D005141,used_for,Plant part is associated with the respective therapeutic use
PlantPart,MO-OL-LE,USED_FOR,TherapeuticUse,D005299,used_for,Plant part is associated with the respective therapeutic use
PlantPart,MO-OL-LE,USED_FOR,TherapeuticUse,D005402,used_for,Plant part is associated with the respective therapeutic use
PlantPart,MO-OL-LE,USED_FOR,TherapeuticUse,D005414,used_for,Plant part is associated with the respective therapeutic use
PlantPart,MO-OL-LE,USED_FOR,TherapeuticUse,D005667,used_for,Plant part is associated with the respective therapeutic use
PlantPart,MO-OL-LE,USED_FOR,TherapeuticUse,D006042,used_for,Plant part is associated with the respective therapeutic use
PlantPart,MO-OL-LE,USED_FOR,TherapeuticUse,D006073,used_for,Plant part is associated with the respective therapeutic use
PlantPart,MO-OL-LE,USED_FOR,TherapeuticUse,D006212,used_for,Plant part is associated with the respective therapeutic use
PlantPart,MO-OL-LE,USED_FOR,TherapeuticUse,D006331,used_for,Plant part is associated with the respective therapeutic use
PlantPart,MO-OL-LE,USED_FOR,TherapeuticUse,D006373,used_for,Plant part is associated with the respective therapeutic use
PlantPart,MO-OL-LE,USED_FOR,TherapeuticUse,D006470,used_for,Plant part is associated with the respective therapeutic use
PlantPart,MO-OL-LE,USED_FOR,TherapeuticUse,D006484,used_for,Plant part is associated with the respective therapeutic use
PlantPart,MO-OL-LE,USED_FOR,TherapeuticUse,D006606,used_for,Plant part is associated with the respective therapeutic use
PlantPart,MO-OL-LE,USED_FOR,TherapeuticUse,D006949,used_for,Plant part is associated with the respective therapeutic use
PlantPart,MO-OL-LE,USED_FOR,TherapeuticUse,D006973,used_for,Plant part is associated with the respective therapeutic use
PlantPart,MO-OL-LE,USED_FOR,TherapeuticUse,D007172,used_for,Plant part is associated with the respective therapeutic use
PlantPart,MO-OL-LE,USED_FOR,TherapeuticUse,D007249,used_for,Plant part is associated with the respective therapeutic use
PlantPart,MO-OL-LE,USED_FOR,TherapeuticUse,D007251,used_for,Plant part is associated with the respective therapeutic use
PlantPart,MO-OL-LE,USED_FOR,TherapeuticUse,D007306,used_for,Plant part is associated with the respective therapeutic use
PlantPart,MO-OL-LE,USED_FOR,TherapeuticUse,D007319,used_for,Plant part is associated with the respective therapeutic use
PlantPart,MO-OL-LE,USED_FOR,TherapeuticUse,D007565,used_for,Plant part is associated with the respective therapeutic use
PlantPart,MO-OL-LE,USED_FOR,TherapeuticUse,D007669,used_for,Plant part is associated with the respective therapeutic use
PlantPart,MO-OL-LE,USED_FOR,TherapeuticUse,D007973,used_for,Plant part is associated with the respective therapeutic use
PlantPart,MO-OL-LE,USED_FOR,TherapeuticUse,D008107,used_for,Plant part is associated with the respective therapeutic use
PlantPart,MO-OL-LE,USED_FOR,TherapeuticUse,D008199,used_for,Plant part is associated with the respective therapeutic use
PlantPart,MO-OL-LE,USED_FOR,TherapeuticUse,D008595,used_for,Plant part is associated with the respective therapeutic use
PlantPart,MO-OL-LE,USED_FOR,TherapeuticUse,D008881,used_for,Plant part is associated with the respective therapeutic use
PlantPart,MO-OL-LE,USED_FOR,TherapeuticUse,D009369,used_for,Plant part is associated with the respective therapeutic use
PlantPart,MO-OL-LE,USED_FOR,TherapeuticUse,D009755,used_for,Plant part is associated with the respective therapeutic use
PlantPart,MO-OL-LE,USED_FOR,TherapeuticUse,D009877,used_for,Plant part is associated with the respective therapeutic use
PlantPart,MO-OL-LE,USED_FOR,TherapeuticUse,D010276,used_for,Plant part is associated with the respective therapeutic use
PlantPart,MO-OL-LE,USED_FOR,TherapeuticUse,D010975,used_for,Plant part is associated with the respective therapeutic use
PlantPart,MO-OL-LE,USED_FOR,TherapeuticUse,D011014,used_for,Plant part is associated with the respective therapeutic use
PlantPart,MO-OL-LE,USED_FOR,TherapeuticUse,D011181,used_for,Plant part is associated with the respective therapeutic use
PlantPart,MO-OL-LE,USED_FOR,TherapeuticUse,D011837,used_for,Plant part is associated with the respective therapeutic use
PlantPart,MO-OL-LE,USED_FOR,TherapeuticUse,D012060,used_for,Plant part is associated with the respective therapeutic use
PlantPart,MO-OL-LE,USED_FOR,TherapeuticUse,D012141,used_for,Plant part is associated with the respective therapeutic use
PlantPart,MO-OL-LE,USED_FOR,TherapeuticUse,D012216,used_for,Plant part is associated with the respective therapeutic use
PlantPart,MO-OL-LE,USED_FOR,TherapeuticUse,D012614,used_for,Plant part is associated with the respective therapeutic use
PlantPart,MO-OL-LE,USED_FOR,TherapeuticUse,D012871,used_for,Plant part is associated with the respective therapeutic use
PlantPart,MO-OL-LE,USED_FOR,TherapeuticUse,D012899,used_for,Plant part is associated with the respective therapeutic use
PlantPart,MO-OL-LE,USED_FOR,TherapeuticUse,D012909,used_for,Plant part is associated with the respective therapeutic use
PlantPart,MO-OL-LE,USED_FOR,TherapeuticUse,D013158,used_for,Plant part is associated with the respective therapeutic use
PlantPart,MO-OL-LE,USED_FOR,TherapeuticUse,D013180,used_for,Plant part is associated with the respective therapeutic use
PlantPart,MO-OL-LE,USED_FOR,TherapeuticUse,D013312,used_for,Plant part is associated with the respective therapeutic use
PlantPart,MO-OL-LE,USED_FOR,TherapeuticUse,D013742,used_for,Plant part is associated with the respective therapeutic use
PlantPart,MO-OL-LE,USED_FOR,TherapeuticUse,D013956,used_for,Plant part is associated with the respective therapeutic use
PlantPart,MO-OL-LE,USED_FOR,TherapeuticUse,D014313,used_for,Plant part is associated with the respective therapeutic use
PlantPart,MO-OL-LE,USED_FOR,TherapeuticUse,D014456,used_for,Plant part is associated with the respective therapeutic use
PlantPart,MO-OL-LE,USED_FOR,TherapeuticUse,D014545,used_for,Plant part is associated with the respective therapeutic use
PlantPart,MO-OL-LE,USED_FOR,TherapeuticUse,D014820,used_for,Plant part is associated with the respective therapeutic use
PlantPart,MO-OL-LE,USED_FOR,TherapeuticUse,D014945,used_for,Plant part is associated with the respective therapeutic use
PlantPart,MO-OL-LE,USED_FOR,TherapeuticUse,D014947,used_for,Plant part is associated with the respective therapeutic use
PlantPart,MO-OL-LE,USED_FOR,TherapeuticUse,D015746,used_for,Plant part is associated with the respective therapeutic use
PlantPart,MO-OL-LE,USED_FOR,TherapeuticUse,D016587,used_for,Plant part is associated with the respective therapeutic use
PlantPart,MO-OL-LE,USED_FOR,TherapeuticUse,D018501,used_for,Plant part is associated with the respective therapeutic use
PlantPart,MO-OL-LE,USED_FOR,TherapeuticUse,D018697,used_for,Plant part is associated with the respective therapeutic use
PlantPart,MO-OL-LE,USED_FOR,TherapeuticUse,D018771,used_for,Plant part is associated with the respective therapeutic use
PlantPart,MO-OL-LE,USED_FOR,TherapeuticUse,D018890,used_for,Plant part is associated with the respective therapeutic use
PlantPart,MO-OL-LE,USED_FOR,TherapeuticUse,D019167,used_for,Plant part is associated with the respective therapeutic use
PlantPart,MO-OL-LE,USED_FOR,TherapeuticUse,D019440,used_for,Plant part is associated with the respective therapeutic use
PlantPart,MO-OL-LE,USED_FOR,TherapeuticUse,D050723,used_for,Plant part is associated with the respective therapeutic use
PlantPart,MO-OL-LE,USED_FOR,TherapeuticUse,D054368,used_for,Plant part is associated with the respective therapeutic use
PlantPart,MO-OL-LE,USED_FOR,TherapeuticUse,D056669,used_for,Plant part is associated with the respective therapeutic use
PlantPart,MO-OL-LE,USED_FOR,TherapeuticUse,D056747,used_for,Plant part is associated with the respective therapeutic use
PlantPart,MO-OL-LE,USED_FOR,TherapeuticUse,D058633,used_for,Plant part is associated with the respective therapeutic use
PlantPart,MO-OL-LE,USED_FOR,TherapeuticUse,D063806,used_for,Plant part is associated with the respective therapeutic use
PlantPart,MO-OL-LE,USED_FOR,TherapeuticUse,D065008,used_for,Plant part is associated with the respective therapeutic use
PlantPart,MO-OL-PL,USED_FOR,TherapeuticUse,D000019,used_for,Plant part is associated with the respective therapeutic use
PlantPart,MO-OL-PL,USED_FOR,TherapeuticUse,D000700,used_for,Plant part is associated with the respective therapeutic use
PlantPart,MO-OL-PL,USED_FOR,TherapeuticUse,D001252,used_for,Plant part is associated with the respective therapeutic use
PlantPart,MO-OL-PL,USED_FOR,TherapeuticUse,D003270,used_for,Plant part is associated with the respective therapeutic use
PlantPart,MO-OL-PL,USED_FOR,TherapeuticUse,D003731,used_for,Plant part is associated with the respective therapeutic use
PlantPart,MO-OL-PL,USED_FOR,TherapeuticUse,D004433,used_for,Plant part is associated with the respective therapeutic use
PlantPart,MO-OL-PL,USED_FOR,TherapeuticUse,D004827,used_for,Plant part is associated with the respective therapeutic use
PlantPart,MO-OL-PL,USED_FOR,TherapeuticUse,D006261,used_for,Plant part is associated with the respective therapeutic use
PlantPart,MO-OL-PL,USED_FOR,TherapeuticUse,D010146,used_for,Plant part is associated with the respective therapeutic use
PlantPart,MO-OL-PL,USED_FOR,TherapeuticUse,D014555,used_for,Plant part is associated with the respective therapeutic use
PlantPart,MO-OL-PL,USED_FOR,TherapeuticUse,D018501,used_for,Plant part is associated with the respective therapeutic use
PlantPart,MO-OL-PL,USED_FOR,TherapeuticUse,D050723,used_for,Plant part is associated with the respective therapeutic use
PlantPart,MO-OL-PL,USED_FOR,TherapeuticUse,D053159,used_for,Plant part is associated with the respective therapeutic use
PlantPart,MO-OL-PL,USED_FOR,TherapeuticUse,D053580,used_for,Plant part is associated with the respective therapeutic use
PlantPart,MO-OL-RO,USED_FOR,TherapeuticUse,D000019,used_for,Plant part is associated with the respective therapeutic use
PlantPart,MO-OL-RO,USED_FOR,TherapeuticUse,D000038,used_for,Plant part is associated with the respective therapeutic use
PlantPart,MO-OL-RO,USED_FOR,TherapeuticUse,D000568,used_for,Plant part is associated with the respective therapeutic use
PlantPart,MO-OL-RO,USED_FOR,TherapeuticUse,D000700,used_for,Plant part is associated with the respective therapeutic use
PlantPart,MO-OL-RO,USED_FOR,TherapeuticUse,D000855,used_for,Plant part is associated with the respective therapeutic use
PlantPart,MO-OL-RO,USED_FOR,TherapeuticUse,D000871,used_for,Plant part is associated with the respective therapeutic use
PlantPart,MO-OL-RO,USED_FOR,TherapeuticUse,D000893,used_for,Plant part is associated with the respective therapeutic use
PlantPart,MO-OL-RO,USED_FOR,TherapeuticUse,D000900,used_for,Plant part is associated with the respective therapeutic use
PlantPart,MO-OL-RO,USED_FOR,TherapeuticUse,D000927,used_for,Plant part is associated with the respective therapeutic use
PlantPart,MO-OL-RO,USED_FOR,TherapeuticUse,D000931,used_for,Plant part is associated with the respective therapeutic use
PlantPart,MO-OL-RO,USED_FOR,TherapeuticUse,D000935,used_for,Plant part is associated with the respective therapeutic use
PlantPart,MO-OL-RO,USED_FOR,TherapeuticUse,D000998,used_for,Plant part is associated with the respective therapeutic use
PlantPart,MO-OL-RO,USED_FOR,TherapeuticUse,D001046,used_for,Plant part is associated with the respective therapeutic use
PlantPart,MO-OL-RO,USED_FOR,TherapeuticUse,D001168,used_for,Plant part is associated with the respective therapeutic use
PlantPart,MO-OL-RO,USED_FOR,TherapeuticUse,D001201,used_for,Plant part is associated with the respective therapeutic use
PlantPart,MO-OL-RO,USED_FOR,TherapeuticUse,D001249,used_for,Plant part is associated with the respective therapeutic use
PlantPart,MO-OL-RO,USED_FOR,TherapeuticUse,D001744,used_for,Plant part is associated with the respective therapeutic use
PlantPart,MO-OL-RO,USED_FOR,TherapeuticUse,D001991,used_for,Plant part is associated with the respective therapeutic use
PlantPart,MO-OL-RO,USED_FOR,TherapeuticUse,D002316,used_for,Plant part is associated with the respective therapeutic use
PlantPart,MO-OL-RO,USED_FOR,TherapeuticUse,D002492,used_for,Plant part is associated with the respective therapeutic use
PlantPart,MO-OL-RO,USED_FOR,TherapeuticUse,D003085,used_for,Plant part is associated with the respective therapeutic use
PlantPart,MO-OL-RO,USED_FOR,TherapeuticUse,D003270,used_for,Plant part is associated with the respective therapeutic use
PlantPart,MO-OL-RO,USED_FOR,TherapeuticUse,D003371,used_for,Plant part is associated with the respective therapeutic use
PlantPart,MO-OL-RO,USED_FOR,TherapeuticUse,D003967,used_for,Plant part is associated with the respective therapeutic use
PlantPart,MO-OL-RO,USED_FOR,TherapeuticUse,D004232,used_for,Plant part is associated with the respective therapeutic use
PlantPart,MO-OL-RO,USED_FOR,TherapeuticUse,D004244,used_for,Plant part is associated with the respective therapeutic use
PlantPart,MO-OL-RO,USED_FOR,TherapeuticUse,D004412,used_for,Plant part is associated with the respective therapeutic use
PlantPart,MO-OL-RO,USED_FOR,TherapeuticUse,D004415,used_for,Plant part is associated with the respective therapeutic use
PlantPart,MO-OL-RO,USED_FOR,TherapeuticUse,D004433,used_for,Plant part is associated with the respective therapeutic use
PlantPart,MO-OL-RO,USED_FOR,TherapeuticUse,D004487,used_for,Plant part is associated with the respective therapeutic use
PlantPart,MO-OL-RO,USED_FOR,TherapeuticUse,D004827,used_for,Plant part is associated with the respective therapeutic use
PlantPart,MO-OL-RO,USED_FOR,TherapeuticUse,D004886,used_for,Plant part is associated with the respective therapeutic use
PlantPart,MO-OL-RO,USED_FOR,TherapeuticUse,D005100,used_for,Plant part is associated with the respective therapeutic use
PlantPart,MO-OL-RO,USED_FOR,TherapeuticUse,D005128,used_for,Plant part is associated with the respective therapeutic use
PlantPart,MO-OL-RO,USED_FOR,TherapeuticUse,D005158,used_for,Plant part is associated with the respective therapeutic use
PlantPart,MO-OL-RO,USED_FOR,TherapeuticUse,D005334,used_for,Plant part is associated with the respective therapeutic use
PlantPart,MO-OL-RO,USED_FOR,TherapeuticUse,D005402,used_for,Plant part is associated with the respective therapeutic use
PlantPart,MO-OL-RO,USED_FOR,TherapeuticUse,D005414,used_for,Plant part is associated with the respective therapeutic use
PlantPart,MO-OL-RO,USED_FOR,TherapeuticUse,D006042,used_for,Plant part is associated with the respective therapeutic use
PlantPart,MO-OL-RO,USED_FOR,TherapeuticUse,D006073,used_for,Plant part is associated with the respective therapeutic use
PlantPart,MO-OL-RO,USED_FOR,TherapeuticUse,D006331,used_for,Plant part is associated with the respective therapeutic use
PlantPart,MO-OL-RO,USED_FOR,TherapeuticUse,D006470,used_for,Plant part is associated with the respective therapeutic use
PlantPart,MO-OL-RO,USED_FOR,TherapeuticUse,D006529,used_for,Plant part is associated with the respective therapeutic use
PlantPart,MO-OL-RO,USED_FOR,TherapeuticUse,D007007,used_for,Plant part is associated with the respective therapeutic use
PlantPart,MO-OL-RO,USED_FOR,TherapeuticUse,D007046,used_for,Plant part is associated with the respective therapeutic use
PlantPart,MO-OL-RO,USED_FOR,TherapeuticUse,D007239,used_for,Plant part is associated with the respective therapeutic use
PlantPart,MO-OL-RO,USED_FOR,TherapeuticUse,D007249,used_for,Plant part is associated with the respective therapeutic use
PlantPart,MO-OL-RO,USED_FOR,TherapeuticUse,D007299,used_for,Plant part is associated with the respective therapeutic use
PlantPart,MO-OL-RO,USED_FOR,TherapeuticUse,D007319,used_for,Plant part is associated with the respective therapeutic use
PlantPart,MO-OL-RO,USED_FOR,TherapeuticUse,D007669,used_for,Plant part is associated with the respective therapeutic use
PlantPart,MO-OL-RO,USED_FOR,TherapeuticUse,D008107,used_for,Plant part is associated with the respective therapeutic use
PlantPart,MO-OL-RO,USED_FOR,TherapeuticUse,D008199,used_for,Plant part is associated with the respective therapeutic use
PlantPart,MO-OL-RO,USED_FOR,TherapeuticUse,D008600,used_for,Plant part is associated with the respective therapeutic use
PlantPart,MO-OL-RO,USED_FOR,TherapeuticUse,D009369,used_for,Plant part is associated with the respective therapeutic use
PlantPart,MO-OL-RO,USED_FOR,TherapeuticUse,D009422,used_for,Plant part is associated with the respective therapeutic use
PlantPart,MO-OL-RO,USED_FOR,TherapeuticUse,D010146,used_for,Plant part is associated with the respective therapeutic use
PlantPart,MO-OL-RO,USED_FOR,TherapeuticUse,D010243,used_for,Plant part is associated with the respective therapeutic use
PlantPart,MO-OL-RO,USED_FOR,TherapeuticUse,D010276,used_for,Plant part is associated with the respective therapeutic use
PlantPart,MO-OL-RO,USED_FOR,TherapeuticUse,D010369,used_for,Plant part is associated with the respective therapeutic use
PlantPart,MO-OL-RO,USED_FOR,TherapeuticUse,D011248,used_for,Plant part is associated with the respective therapeutic use
PlantPart,MO-OL-RO,USED_FOR,TherapeuticUse,D012060,used_for,Plant part is associated with the respective therapeutic use
PlantPart,MO-OL-RO,USED_FOR,TherapeuticUse,D012852,used_for,Plant part is associated with the respective therapeutic use
PlantPart,MO-OL-RO,USED_FOR,TherapeuticUse,D012871,used_for,Plant part is associated with the respective therapeutic use
PlantPart,MO-OL-RO,USED_FOR,TherapeuticUse,D012899,used_for,Plant part is associated with the respective therapeutic use
PlantPart,MO-OL-RO,USED_FOR,TherapeuticUse,D012909,used_for,Plant part is associated with the respective therapeutic use
PlantPart,MO-OL-RO,USED_FOR,TherapeuticUse,D013035,used_for,Plant part is associated with the respective therapeutic use
PlantPart,MO-OL-RO,USED_FOR,TherapeuticUse,D013158,used_for,Plant part is associated with the respective therapeutic use
PlantPart,MO-OL-RO,USED_FOR,TherapeuticUse,D013163,used_for,Plant part is associated with the respective therapeutic use
PlantPart,MO-OL-RO,USED_FOR,TherapeuticUse,D013180,used_for,Plant part is associated with the respective therapeutic use
PlantPart,MO-OL-RO,USED_FOR,TherapeuticUse,D013575,used_for,Plant part is associated with the respective therapeutic use
PlantPart,MO-OL-RO,USED_FOR,TherapeuticUse,D014313,used_for,Plant part is associated with the respective therapeutic use
PlantPart,MO-OL-RO,USED_FOR,TherapeuticUse,D014456,used_for,Plant part is associated with the respective therapeutic use
PlantPart,MO-OL-RO,USED_FOR,TherapeuticUse,D014545,used_for,Plant part is associated with the respective therapeutic use
PlantPart,MO-OL-RO,USED_FOR,TherapeuticUse,D014555,used_for,Plant part is associated with the respective therapeutic use
PlantPart,MO-OL-RO,USED_FOR,TherapeuticUse,D014945,used_for,Plant part is associated with the respective therapeutic use
PlantPart,MO-OL-RO,USED_FOR,TherapeuticUse,D014947,used_for,Plant part is associated with the respective therapeutic use
PlantPart,MO-OL-RO,USED_FOR,TherapeuticUse,D015746,used_for,Plant part is associated with the respective therapeutic use
PlantPart,MO-OL-RO,USED_FOR,TherapeuticUse,D018501,used_for,Plant part is associated with the respective therapeutic use
PlantPart,MO-OL-RO,USED_FOR,TherapeuticUse,D018680,used_for,Plant part is associated with the respective therapeutic use
PlantPart,MO-OL-RO,USED_FOR,TherapeuticUse,D019167,used_for,Plant part is associated with the respective therapeutic use
PlantPart,MO-OL-RO,USED_FOR,TherapeuticUse,D019440,used_for,Plant part is associated with the respective therapeutic use
PlantPart,MO-OL-RO,USED_FOR,TherapeuticUse,D020347,used_for,Plant part is associated with the respective therapeutic use
PlantPart,MO-OL-RO,USED_FOR,TherapeuticUse,D020847,used_for,Plant part is associated with the respective therapeutic use
PlantPart,MO-OL-RO,USED_FOR,TherapeuticUse,D049970,used_for,Plant part is associated with the respective therapeutic use
PlantPart,MO-OL-RO,USED_FOR,TherapeuticUse,D050723,used_for,Plant part is associated with the respective therapeutic use
PlantPart,MO-OL-RO,USED_FOR,TherapeuticUse,D052878,used_for,Plant part is associated with the respective therapeutic use
PlantPart,MO-OL-RO,USED_FOR,TherapeuticUse,D054368,used_for,Plant part is associated with the respective therapeutic use
PlantPart,MO-OL-RO,USED_FOR,TherapeuticUse,D056669,used_for,Plant part is associated with the respective therapeutic use
PlantPart,MO-OL-RO,USED_FOR,TherapeuticUse,D058633,used_for,Plant part is associated with the respective therapeutic use
PlantPart,MO-OL-RO,USED_FOR,TherapeuticUse,D065008,used_for,Plant part is associated with the respective therapeutic use
PlantPart,MO-OL-SE,USED_FOR,TherapeuticUse,D000038,used_for,Plant part is associated with the respective therapeutic use
PlantPart,MO-OL-SE,USED_FOR,TherapeuticUse,D000700,used_for,Plant part is associated with the respective therapeutic use
PlantPart,MO-OL-SE,USED_FOR,TherapeuticUse,D000707,used_for,Plant part is associated with the respective therapeutic use
PlantPart,MO-OL-SE,USED_FOR,TherapeuticUse,D000806,used_for,Plant part is associated with the respective therapeutic use
PlantPart,MO-OL-SE,USED_FOR,TherapeuticUse,D000871,used_for,Plant part is associated with the respective therapeutic use
PlantPart,MO-OL-SE,USED_FOR,TherapeuticUse,D000890,used_for,Plant part is associated with the respective therapeutic use
PlantPart,MO-OL-SE,USED_FOR,TherapeuticUse,D000893,used_for,Plant part is associated with the respective therapeutic use
PlantPart,MO-OL-SE,USED_FOR,TherapeuticUse,D000900,used_for,Plant part is associated with the respective therapeutic use
PlantPart,MO-OL-SE,USED_FOR,TherapeuticUse,D000932,used_for,Plant part is associated with the respective therapeutic use
PlantPart,MO-OL-SE,USED_FOR,TherapeuticUse,D000935,used_for,Plant part is associated with the respective therapeutic use
PlantPart,MO-OL-SE,USED_FOR,TherapeuticUse,D000996,used_for,Plant part is associated with the respective therapeutic use
PlantPart,MO-OL-SE,USED_FOR,TherapeuticUse,D001168,used_for,Plant part is associated with the respective therapeutic use
PlantPart,MO-OL-SE,USED_FOR,TherapeuticUse,D001249,used_for,Plant part is associated with the respective therapeutic use
PlantPart,MO-OL-SE,USED_FOR,TherapeuticUse,D001993,used_for,Plant part is associated with the respective therapeutic use
PlantPart,MO-OL-SE,USED_FOR,TherapeuticUse,D002316,used_for,Plant part is associated with the respective therapeutic use
PlantPart,MO-OL-SE,USED_FOR,TherapeuticUse,D002400,used_for,Plant part is associated with the respective therapeutic use
PlantPart,MO-OL-SE,USED_FOR,TherapeuticUse,D002771,used_for,Plant part is associated with the respective therapeutic use
PlantPart,MO-OL-SE,USED_FOR,TherapeuticUse,D003139,used_for,Plant part is associated with the respective therapeutic use
PlantPart,MO-OL-SE,USED_FOR,TherapeuticUse,D003371,used_for,Plant part is associated with the respective therapeutic use
PlantPart,MO-OL-SE,USED_FOR,TherapeuticUse,D003920,used_for,Plant part is associated with the respective therapeutic use
PlantPart,MO-OL-SE,USED_FOR,TherapeuticUse,D004232,used_for,Plant part is associated with the respective therapeutic use
PlantPart,MO-OL-SE,USED_FOR,TherapeuticUse,D004433,used_for,Plant part is associated with the respective therapeutic use
PlantPart,MO-OL-SE,USED_FOR,TherapeuticUse,D004487,used_for,Plant part is associated with the respective therapeutic use
PlantPart,MO-OL-SE,USED_FOR,TherapeuticUse,D004827,used_for,Plant part is associated with the respective therapeutic use
PlantPart,MO-OL-SE,USED_FOR,TherapeuticUse,D004886,used_for,Plant part is associated with the respective therapeutic use
PlantPart,MO-OL-SE,USED_FOR,TherapeuticUse,D005128,used_for,Plant part is associated with the respective therapeutic use
PlantPart,MO-OL-SE,USED_FOR,TherapeuticUse,D005334,used_for,Plant part is associated with the respective therapeutic use
PlantPart,MO-OL-SE,USED_FOR,TherapeuticUse,D005402,used_for,Plant part is associated with the respective therapeutic use
PlantPart,MO-OL-SE,USED_FOR,TherapeuticUse,D005414,used_for,Plant part is associated with the respective therapeutic use
PlantPart,MO-OL-SE,USED_FOR,TherapeuticUse,D006042,used_for,Plant part is associated with the respective therapeutic use
PlantPart,MO-OL-SE,USED_FOR,TherapeuticUse,D006073,used_for,Plant part is associated with the respective therapeutic use
PlantPart,MO-OL-SE,USED_FOR,TherapeuticUse,D006261,used_for,Plant part is associated with the respective therapeutic use
PlantPart,MO-OL-SE,USED_FOR,TherapeuticUse,D006331,used_for,Plant part is associated with the respective therapeutic use
PlantPart,MO-OL-SE,USED_FOR,TherapeuticUse,D006384,used_for,Plant part is associated with the respective therapeutic use
PlantPart,MO-OL-SE,USED_FOR,TherapeuticUse,D006470,used_for,Plant part is associated with the respective therapeutic use
PlantPart,MO-OL-SE,USED_FOR,TherapeuticUse,D006529,used_for,Plant part is associated with the respective therapeutic use
PlantPart,MO-OL-SE,USED_FOR,TherapeuticUse,D007172,used_for,Plant part is associated with the respective therapeutic use
PlantPart,MO-OL-SE,USED_FOR,TherapeuticUse,D007306,used_for,Plant part is associated with the respective therapeutic use
PlantPart,MO-OL-SE,USED_FOR,TherapeuticUse,D007319,used_for,Plant part is associated with the respective therapeutic use
PlantPart,MO-OL-SE,USED_FOR,TherapeuticUse,D007669,used_for,Plant part is associated with the respective therapeutic use
PlantPart,MO-OL-SE,USED_FOR,TherapeuticUse,D008107,used_for,Plant part is associated with the respective therapeutic use
PlantPart,MO-OL-SE,USED_FOR,TherapeuticUse,D008199,used_for,Plant part is associated with the respective therapeutic use
PlantPart,MO-OL-SE,USED_FOR,TherapeuticUse,D008599,used_for,Plant part is associated with the respective therapeutic use
PlantPart,MO-OL-SE,USED_FOR,TherapeuticUse,D009437,used_for,Plant part is associated with the respective therapeutic use
PlantPart,MO-OL-SE,USED_FOR,TherapeuticUse,D009755,used_for,Plant part is associated with the respective therapeutic use
PlantPart,MO-OL-SE,USED_FOR,TherapeuticUse,D009845,used_for,Plant part is associated with the respective therapeutic use
PlantPart,MO-OL-SE,USED_FOR,TherapeuticUse,D010276,used_for,Plant part is associated with the respective therapeutic use
PlantPart,MO-OL-SE,USED_FOR,TherapeuticUse,D011225,used_for,Plant part is associated with the respective therapeutic use
PlantPart,MO-OL-SE,USED_FOR,TherapeuticUse,D012749,used_for,Plant part is associated with the respective therapeutic use
PlantPart,MO-OL-SE,USED_FOR,TherapeuticUse,D012871,used_for,Plant part is associated with the respective therapeutic use
PlantPart,MO-OL-SE,USED_FOR,TherapeuticUse,D012874,used_for,Plant part is associated with the respective therapeutic use
PlantPart,MO-OL-SE,USED_FOR,TherapeuticUse,D012909,used_for,Plant part is associated with the respective therapeutic use
PlantPart,MO-OL-SE,USED_FOR,TherapeuticUse,D013158,used_for,Plant part is associated with the respective therapeutic use
PlantPart,MO-OL-SE,USED_FOR,TherapeuticUse,D013163,used_for,Plant part is associated with the respective therapeutic use
PlantPart,MO-OL-SE,USED_FOR,TherapeuticUse,D013245,used_for,Plant part is associated with the respective therapeutic use
PlantPart,MO-OL-SE,USED_FOR,TherapeuticUse,D014313,used_for,Plant part is associated with the respective therapeutic use
PlantPart,MO-OL-SE,USED_FOR,TherapeuticUse,D014456,used_for,Plant part is associated with the respective therapeutic use
PlantPart,MO-OL-SE,USED_FOR,TherapeuticUse,D014545,used_for,Plant part is associated with the respective therapeutic use
PlantPart,MO-OL-SE,USED_FOR,TherapeuticUse,D014786,used_for,Plant part is associated with the respective therapeutic use
PlantPart,MO-OL-SE,USED_FOR,TherapeuticUse,D014945,used_for,Plant part is associated with the respective therapeutic use
PlantPart,MO-OL-SE,USED_FOR,TherapeuticUse,D014947,used_for,Plant part is associated with the respective therapeutic use
PlantPart,MO-OL-SE,USED_FOR,TherapeuticUse,D015746,used_for,Plant part is associated with the respective therapeutic use
PlantPart,MO-OL-SE,USED_FOR,TherapeuticUse,D018501,used_for,Plant part is associated with the respective therapeutic use
PlantPart,MO-OL-SE,USED_FOR,TherapeuticUse,D018890,used_for,Plant part is associated with the respective therapeutic use
PlantPart,MO-OL-SE,USED_FOR,TherapeuticUse,D019440,used_for,Plant part is associated with the respective therapeutic use
PlantPart,MO-OL-SE,USED_FOR,TherapeuticUse,D049970,used_for,Plant part is associated with the respective therapeutic use
PlantPart,MO-OL-SE,USED_FOR,TherapeuticUse,D056747,used_for,Plant part is associated with the respective therapeutic use
PlantPart,MO-OL-SE,USED_FOR,TherapeuticUse,D058633,used_for,Plant part is associated with the respective therapeutic use
PlantPart,MO-OL-SE,USED_FOR,TherapeuticUse,D065008,used_for,Plant part is associated with the respective therapeutic use
PlantPart,MO-OL-ST,USED_FOR,TherapeuticUse,D000871,used_for,Plant part is associated with the respective therapeutic use
PlantPart,MO-OL-ST,USED_FOR,TherapeuticUse,D000935,used_for,Plant part is associated with the respective therapeutic use
PlantPart,MO-OL-ST,USED_FOR,TherapeuticUse,D003967,used_for,Plant part is associated with the respective therapeutic use
PlantPart,MO-OL-ST,USED_FOR,TherapeuticUse,D018501,used_for,Plant part is associated with the respective therapeutic use
PlantPart,MU-CA-FL,USED_FOR,TherapeuticUse,D000700,used_for,Plant part is associated with the respective therapeutic use
PlantPart,MU-CA-FL,USED_FOR,TherapeuticUse,D003139,used_for,Plant part is associated with the respective therapeutic use
PlantPart,MU-CA-FL,USED_FOR,TherapeuticUse,D004415,used_for,Plant part is associated with the respective therapeutic use
PlantPart,MU-CA-FL,USED_FOR,TherapeuticUse,D007046,used_for,Plant part is associated with the respective therapeutic use
PlantPart,MU-CA-FL,USED_FOR,TherapeuticUse,D010276,used_for,Plant part is associated with the respective therapeutic use
PlantPart,MU-CA-FR,USED_FOR,TherapeuticUse,D000975,used_for,Plant part is associated with the respective therapeutic use
PlantPart,MU-CA-RO,USED_FOR,TherapeuticUse,D000970,used_for,Plant part is associated with the respective therapeutic use
PlantPart,MU-CA-RO,USED_FOR,TherapeuticUse,D008107,used_for,Plant part is associated with the respective therapeutic use
PlantPart,MU-CA-RO,USED_FOR,TherapeuticUse,D008600,used_for,Plant part is associated with the respective therapeutic use
PlantPart,MU-KO-AE,USED_FOR,TherapeuticUse,D000975,used_for,Plant part is associated with the respective therapeutic use
PlantPart,MU-KO-BA,USED_FOR,TherapeuticUse,D000700,used_for,Plant part is associated with the respective therapeutic use
PlantPart,MU-KO-BA,USED_FOR,TherapeuticUse,D000855,used_for,Plant part is associated with the respective therapeutic use
PlantPart,MU-KO-BA,USED_FOR,TherapeuticUse,D000871,used_for,Plant part is associated with the respective therapeutic use
PlantPart,MU-KO-BA,USED_FOR,TherapeuticUse,D000891,used_for,Plant part is associated with the respective therapeutic use
PlantPart,MU-KO-BA,USED_FOR,TherapeuticUse,D000893,used_for,Plant part is associated with the respective therapeutic use
PlantPart,MU-KO-BA,USED_FOR,TherapeuticUse,D000900,used_for,Plant part is associated with the respective therapeutic use
PlantPart,MU-KO-BA,USED_FOR,TherapeuticUse,D000932,used_for,Plant part is associated with the respective therapeutic use
PlantPart,MU-KO-BA,USED_FOR,TherapeuticUse,D000935,used_for,Plant part is associated with the respective therapeutic use
PlantPart,MU-KO-BA,USED_FOR,TherapeuticUse,D000970,used_for,Plant part is associated with the respective therapeutic use
PlantPart,MU-KO-BA,USED_FOR,TherapeuticUse,D000982,used_for,Plant part is associated with the respective therapeutic use
PlantPart,MU-KO-BA,USED_FOR,TherapeuticUse,D001733,used_for,Plant part is associated with the respective therapeutic use
PlantPart,MU-KO-BA,USED_FOR,TherapeuticUse,D003085,used_for,Plant part is associated with the respective therapeutic use
PlantPart,MU-KO-BA,USED_FOR,TherapeuticUse,D003288,used_for,Plant part is associated with the respective therapeutic use
PlantPart,MU-KO-BA,USED_FOR,TherapeuticUse,D003879,used_for,Plant part is associated with the respective therapeutic use
PlantPart,MU-KO-BA,USED_FOR,TherapeuticUse,D003967,used_for,Plant part is associated with the respective therapeutic use
PlantPart,MU-KO-BA,USED_FOR,TherapeuticUse,D004066,used_for,Plant part is associated with the respective therapeutic use
PlantPart,MU-KO-BA,USED_FOR,TherapeuticUse,D004403,used_for,Plant part is associated with the respective therapeutic use
PlantPart,MU-KO-BA,USED_FOR,TherapeuticUse,D004415,used_for,Plant part is associated with the respective therapeutic use
PlantPart,MU-KO-BA,USED_FOR,TherapeuticUse,D005076,used_for,Plant part is associated with the respective therapeutic use
PlantPart,MU-KO-BA,USED_FOR,TherapeuticUse,D005414,used_for,Plant part is associated with the respective therapeutic use
PlantPart,MU-KO-BA,USED_FOR,TherapeuticUse,D006373,used_for,Plant part is associated with the respective therapeutic use
PlantPart,MU-KO-BA,USED_FOR,TherapeuticUse,D007004,used_for,Plant part is associated with the respective therapeutic use
PlantPart,MU-KO-BA,USED_FOR,TherapeuticUse,D007249,used_for,Plant part is associated with the respective therapeutic use
PlantPart,MU-KO-BA,USED_FOR,TherapeuticUse,D007306,used_for,Plant part is associated with the respective therapeutic use
PlantPart,MU-KO-BA,USED_FOR,TherapeuticUse,D007918,used_for,Plant part is associated with the respective therapeutic use
PlantPart,MU-KO-BA,USED_FOR,TherapeuticUse,D010146,used_for,Plant part is associated with the respective therapeutic use
PlantPart,MU-KO-BA,USED_FOR,TherapeuticUse,D012060,used_for,Plant part is associated with the respective therapeutic use
PlantPart,MU-KO-BA,USED_FOR,TherapeuticUse,D012871,used_for,Plant part is associated with the respective therapeutic use
PlantPart,MU-KO-BA,USED_FOR,TherapeuticUse,D013894,used_for,Plant part is associated with the respective therapeutic use
PlantPart,MU-KO-BA,USED_FOR,TherapeuticUse,D014456,used_for,Plant part is associated with the respective therapeutic use
PlantPart,MU-KO-BA,USED_FOR,TherapeuticUse,D014820,used_for,Plant part is associated with the respective therapeutic use
PlantPart,MU-KO-BA,USED_FOR,TherapeuticUse,D014839,used_for,Plant part is associated with the respective therapeutic use
PlantPart,MU-KO-BA,USED_FOR,TherapeuticUse,D019167,used_for,Plant part is associated with the respective therapeutic use
PlantPart,MU-KO-BA,USED_FOR,TherapeuticUse,D058633,used_for,Plant part is associated with the respective therapeutic use
PlantPart,MU-KO-FL,USED_FOR,TherapeuticUse,D000935,used_for,Plant part is associated with the respective therapeutic use
PlantPart,MU-KO-FL,USED_FOR,TherapeuticUse,D004066,used_for,Plant part is associated with the respective therapeutic use
PlantPart,MU-KO-FL,USED_FOR,TherapeuticUse,D005128,used_for,Plant part is associated with the respective therapeutic use
PlantPart,MU-KO-FR,USED_FOR,TherapeuticUse,D000871,used_for,Plant part is associated with the respective therapeutic use
PlantPart,MU-KO-FR,USED_FOR,TherapeuticUse,D000970,used_for,Plant part is associated with the respective therapeutic use
PlantPart,MU-KO-FR,USED_FOR,TherapeuticUse,D000975,used_for,Plant part is associated with the respective therapeutic use
PlantPart,MU-KO-FR,USED_FOR,TherapeuticUse,D004066,used_for,Plant part is associated with the respective therapeutic use
PlantPart,MU-KO-FR,USED_FOR,TherapeuticUse,D007299,used_for,Plant part is associated with the respective therapeutic use
PlantPart,MU-KO-FR,USED_FOR,TherapeuticUse,D008288,used_for,Plant part is associated with the respective therapeutic use
PlantPart,MU-KO-FR,USED_FOR,TherapeuticUse,D010807,used_for,Plant part is associated with the respective therapeutic use
PlantPart,MU-KO-LE,USED_FOR,TherapeuticUse,D000276,used_for,Plant part is associated with the respective therapeutic use
PlantPart,MU-KO-LE,USED_FOR,TherapeuticUse,D000505,used_for,Plant part is associated with the respective therapeutic use
PlantPart,MU-KO-LE,USED_FOR,TherapeuticUse,D000647,used_for,Plant part is associated with the respective therapeutic use
PlantPart,MU-KO-LE,USED_FOR,TherapeuticUse,D000700,used_for,Plant part is associated with the respective therapeutic use
PlantPart,MU-KO-LE,USED_FOR,TherapeuticUse,D000855,used_for,Plant part is associated with the respective therapeutic use
PlantPart,MU-KO-LE,USED_FOR,TherapeuticUse,D000871,used_for,Plant part is associated with the respective therapeutic use
PlantPart,MU-KO-LE,USED_FOR,TherapeuticUse,D000891,used_for,Plant part is associated with the respective therapeutic use
PlantPart,MU-KO-LE,USED_FOR,TherapeuticUse,D000893,used_for,Plant part is associated with the respective therapeutic use
PlantPart,MU-KO-LE,USED_FOR,TherapeuticUse,D000900,used_for,Plant part is associated with the respective therapeutic use
PlantPart,MU-KO-LE,USED_FOR,TherapeuticUse,D000925,used_for,Plant part is associated with the respective therapeutic use
PlantPart,MU-KO-LE,USED_FOR,TherapeuticUse,D000932,used_for,Plant part is associated with the respective therapeutic use
PlantPart,MU-KO-LE,USED_FOR,TherapeuticUse,D000935,used_for,Plant part is associated with the respective therapeutic use
PlantPart,MU-KO-LE,USED_FOR,TherapeuticUse,D000959,used_for,Plant part is associated with the respective therapeutic use
PlantPart,MU-KO-LE,USED_FOR,TherapeuticUse,D000960,used_for,Plant part is associated with the respective therapeutic use
PlantPart,MU-KO-LE,USED_FOR,TherapeuticUse,D000970,used_for,Plant part is associated with the respective therapeutic use
PlantPart,MU-KO-LE,USED_FOR,TherapeuticUse,D000975,used_for,Plant part is associated with the respective therapeutic use
PlantPart,MU-KO-LE,USED_FOR,TherapeuticUse,D000982,used_for,Plant part is associated with the respective therapeutic use
PlantPart,MU-KO-LE,USED_FOR,TherapeuticUse,D000996,used_for,Plant part is associated with the respective therapeutic use
PlantPart,MU-KO-LE,USED_FOR,TherapeuticUse,D001168,used_for,Plant part is associated with the respective therapeutic use
PlantPart,MU-KO-LE,USED_FOR,TherapeuticUse,D001249,used_for,Plant part is associated with the respective therapeutic use
PlantPart,MU-KO-LE,USED_FOR,TherapeuticUse,D001733,used_for,Plant part is associated with the respective therapeutic use
PlantPart,MU-KO-LE,USED_FOR,TherapeuticUse,D001786,used_for,Plant part is associated with the respective therapeutic use
PlantPart,MU-KO-LE,USED_FOR,TherapeuticUse,D002056,used_for,Plant part is associated with the respective therapeutic use
PlantPart,MU-KO-LE,USED_FOR,TherapeuticUse,D002316,used_for,Plant part is associated with the respective therapeutic use
PlantPart,MU-KO-LE,USED_FOR,TherapeuticUse,D002644,used_for,Plant part is associated with the respective therapeutic use
PlantPart,MU-KO-LE,USED_FOR,TherapeuticUse,D002771,used_for,Plant part is associated with the respective therapeutic use
PlantPart,MU-KO-LE,USED_FOR,TherapeuticUse,D002784,used_for,Plant part is associated with the respective therapeutic use
PlantPart,MU-KO-LE,USED_FOR,TherapeuticUse,D003085,used_for,Plant part is associated with the respective therapeutic use
PlantPart,MU-KO-LE,USED_FOR,TherapeuticUse,D003139,used_for,Plant part is associated with the respective therapeutic use
PlantPart,MU-KO-LE,USED_FOR,TherapeuticUse,D003288,used_for,Plant part is associated with the respective therapeutic use
PlantPart,MU-KO-LE,USED_FOR,TherapeuticUse,D003879,used_for,Plant part is associated with the respective therapeutic use
PlantPart,MU-KO-LE,USED_FOR,TherapeuticUse,D003920,used_for,Plant part is associated with the respective therapeutic use
PlantPart,MU-KO-LE,USED_FOR,TherapeuticUse,D003967,used_for,Plant part is associated with the respective therapeutic use
PlantPart,MU-KO-LE,USED_FOR,TherapeuticUse,D004066,used_for,Plant part is associated with the respective therapeutic use
PlantPart,MU-KO-LE,USED_FOR,TherapeuticUse,D004403,used_for,Plant part is associated with the respective therapeutic use
PlantPart,MU-KO-LE,USED_FOR,TherapeuticUse,D004415,used_for,Plant part is associated with the respective therapeutic use
PlantPart,MU-KO-LE,USED_FOR,TherapeuticUse,D004487,used_for,Plant part is associated with the respective therapeutic use
PlantPart,MU-KO-LE,USED_FOR,TherapeuticUse,D004614,used_for,Plant part is associated with the respective therapeutic use
PlantPart,MU-KO-LE,USED_FOR,TherapeuticUse,D004827,used_for,Plant part is associated with the respective therapeutic use
PlantPart,MU-KO-LE,USED_FOR,TherapeuticUse,D005076,used_for,Plant part is associated with the respective therapeutic use
PlantPart,MU-KO-LE,USED_FOR,TherapeuticUse,D005128,used_for,Plant part is associated with the respective therapeutic use
PlantPart,MU-KO-LE,USED_FOR,TherapeuticUse,D005299,used_for,Plant part is associated with the respective therapeutic use
PlantPart,MU-KO-LE,USED_FOR,TherapeuticUse,D005334,used_for,Plant part is associated with the respective therapeutic use
PlantPart,MU-KO-LE,USED_FOR,TherapeuticUse,D005414,used_for,Plant part is associated with the respective therapeutic use
PlantPart,MU-KO-LE,USED_FOR,TherapeuticUse,D005744,used_for,Plant part is associated with the respective therapeutic use
PlantPart,MU-KO-LE,USED_FOR,TherapeuticUse,D006201,used_for,Plant part is associated with the respective therapeutic use
PlantPart,MU-KO-LE,USED_FOR,TherapeuticUse,D006373,used_for,Plant part is associated with the respective therapeutic use
PlantPart,MU-KO-LE,USED_FOR,TherapeuticUse,D006402,used_for,Plant part is associated with the respective therapeutic use
PlantPart,MU-KO-LE,USED_FOR,TherapeuticUse,D006429,used_for,Plant part is associated with the respective therapeutic use
PlantPart,MU-KO-LE,USED_FOR,TherapeuticUse,D006484,used_for,Plant part is associated with the respective therapeutic use
PlantPart,MU-KO-LE,USED_FOR,TherapeuticUse,D006967,used_for,Plant part is associated with the respective therapeutic use
PlantPart,MU-KO-LE,USED_FOR,TherapeuticUse,D007004,used_for,Plant part is associated with the respective therapeutic use
PlantPart,MU-KO-LE,USED_FOR,TherapeuticUse,D007249,used_for,Plant part is associated with the respective therapeutic use
PlantPart,MU-KO-LE,USED_FOR,TherapeuticUse,D007299,used_for,Plant part is associated with the respective therapeutic use
PlantPart,MU-KO-LE,USED_FOR,TherapeuticUse,D007302,used_for,Plant part is associated with the respective therapeutic use
PlantPart,MU-KO-LE,USED_FOR,TherapeuticUse,D007306,used_for,Plant part is associated with the respective therapeutic use
PlantPart,MU-KO-LE,USED_FOR,TherapeuticUse,D007565,used_for,Plant part is associated with the respective therapeutic use
PlantPart,MU-KO-LE,USED_FOR,TherapeuticUse,D007674,used_for,Plant part is associated with the respective therapeutic use
PlantPart,MU-KO-LE,USED_FOR,TherapeuticUse,D007918,used_for,Plant part is associated with the respective therapeutic use
PlantPart,MU-KO-LE,USED_FOR,TherapeuticUse,D007962,used_for,Plant part is associated with the respective therapeutic use
PlantPart,MU-KO-LE,USED_FOR,TherapeuticUse,D007973,used_for,Plant part is associated with the respective therapeutic use
PlantPart,MU-KO-LE,USED_FOR,TherapeuticUse,D008107,used_for,Plant part is associated with the respective therapeutic use
PlantPart,MU-KO-LE,USED_FOR,TherapeuticUse,D008288,used_for,Plant part is associated with the respective therapeutic use
PlantPart,MU-KO-LE,USED_FOR,TherapeuticUse,D008660,used_for,Plant part is associated with the respective therapeutic use
PlantPart,MU-KO-LE,USED_FOR,TherapeuticUse,D009032,used_for,Plant part is associated with the respective therapeutic use
PlantPart,MU-KO-LE,USED_FOR,TherapeuticUse,D009325,used_for,Plant part is associated with the respective therapeutic use
PlantPart,MU-KO-LE,USED_FOR,TherapeuticUse,D010033,used_for,Plant part is associated with the respective therapeutic use
PlantPart,MU-KO-LE,USED_FOR,TherapeuticUse,D010146,used_for,Plant part is associated with the respective therapeutic use
PlantPart,MU-KO-LE,USED_FOR,TherapeuticUse,D010276,used_for,Plant part is associated with the respective therapeutic use
PlantPart,MU-KO-LE,USED_FOR,TherapeuticUse,D010575,used_for,Plant part is associated with the respective therapeutic use
PlantPart,MU-KO-LE,USED_FOR,TherapeuticUse,D010975,used_for,Plant part is associated with the respective therapeutic use
PlantPart,MU-KO-LE,USED_FOR,TherapeuticUse,D011537,used_for,Plant part is associated with the respective therapeutic use
PlantPart,MU-KO-LE,USED_FOR,TherapeuticUse,D011628,used_for,Plant part is associated with the respective therapeutic use
PlantPart,MU-KO-LE,USED_FOR,TherapeuticUse,D011818,used_for,Plant part is associated with the respective therapeutic use
PlantPart,MU-KO-LE,USED_FOR,TherapeuticUse,D011837,used_for,Plant part is associated with the respective therapeutic use
PlantPart,MU-KO-LE,USED_FOR,TherapeuticUse,D012060,used_for,Plant part is associated with the respective therapeutic use
PlantPart,MU-KO-LE,USED_FOR,TherapeuticUse,D012532,used_for,Plant part is associated with the respective therapeutic use
PlantPart,MU-KO-LE,USED_FOR,TherapeuticUse,D012871,used_for,Plant part is associated with the respective therapeutic use
PlantPart,MU-KO-LE,USED_FOR,TherapeuticUse,D012909,used_for,Plant part is associated with the respective therapeutic use
PlantPart,MU-KO-LE,USED_FOR,TherapeuticUse,D013272,used_for,Plant part is associated with the respective therapeutic use
PlantPart,MU-KO-LE,USED_FOR,TherapeuticUse,D013894,used_for,Plant part is associated with the respective therapeutic use
PlantPart,MU-KO-LE,USED_FOR,TherapeuticUse,D014456,used_for,Plant part is associated with the respective therapeutic use
PlantPart,MU-KO-LE,USED_FOR,TherapeuticUse,D014570,used_for,Plant part is associated with the respective therapeutic use
PlantPart,MU-KO-LE,USED_FOR,TherapeuticUse,D014591,used_for,Plant part is associated with the respective therapeutic use
PlantPart,MU-KO-LE,USED_FOR,TherapeuticUse,D014796,used_for,Plant part is associated with the respective therapeutic use
PlantPart,MU-KO-LE,USED_FOR,TherapeuticUse,D014820,used_for,Plant part is associated with the respective therapeutic use
PlantPart,MU-KO-LE,USED_FOR,TherapeuticUse,D014839,used_for,Plant part is associated with the respective therapeutic use
PlantPart,MU-KO-LE,USED_FOR,TherapeuticUse,D014945,used_for,Plant part is associated with the respective therapeutic use
PlantPart,MU-KO-LE,USED_FOR,TherapeuticUse,D015431,used_for,Plant part is associated with the respective therapeutic use
PlantPart,MU-KO-LE,USED_FOR,TherapeuticUse,D015440,used_for,Plant part is associated with the respective therapeutic use
PlantPart,MU-KO-LE,USED_FOR,TherapeuticUse,D016587,used_for,Plant part is associated with the respective therapeutic use
PlantPart,MU-KO-LE,USED_FOR,TherapeuticUse,D018697,used_for,Plant part is associated with the respective therapeutic use
PlantPart,MU-KO-LE,USED_FOR,TherapeuticUse,D018726,used_for,Plant part is associated with the respective therapeutic use
PlantPart,MU-KO-LE,USED_FOR,TherapeuticUse,D019167,used_for,Plant part is associated with the respective therapeutic use
PlantPart,MU-KO-LE,USED_FOR,TherapeuticUse,D054368,used_for,Plant part is associated with the respective therapeutic use
PlantPart,MU-KO-LE,USED_FOR,TherapeuticUse,D058447,used_for,Plant part is associated with the respective therapeutic use
PlantPart,MU-KO-LE,USED_FOR,TherapeuticUse,D058633,used_for,Plant part is associated with the respective therapeutic use
PlantPart,MU-KO-LE,USED_FOR,TherapeuticUse,D063807,used_for,Plant part is associated with the respective therapeutic use
PlantPart,MU-KO-RO,USED_FOR,TherapeuticUse,D000700,used_for,Plant part is associated with the respective therapeutic use
PlantPart,MU-KO-RO,USED_FOR,TherapeuticUse,D000855,used_for,Plant part is associated with the respective therapeutic use
PlantPart,MU-KO-RO,USED_FOR,TherapeuticUse,D000871,used_for,Plant part is associated with the respective therapeutic use
PlantPart,MU-KO-RO,USED_FOR,TherapeuticUse,D000891,used_for,Plant part is associated with the respective therapeutic use
PlantPart,MU-KO-RO,USED_FOR,TherapeuticUse,D000893,used_for,Plant part is associated with the respective therapeutic use
PlantPart,MU-KO-RO,USED_FOR,TherapeuticUse,D000900,used_for,Plant part is associated with the respective therapeutic use
PlantPart,MU-KO-RO,USED_FOR,TherapeuticUse,D000932,used_for,Plant part is associated with the respective therapeutic use
PlantPart,MU-KO-RO,USED_FOR,TherapeuticUse,D000935,used_for,Plant part is associated with the respective therapeutic use
PlantPart,MU-KO-RO,USED_FOR,TherapeuticUse,D000981,used_for,Plant part is associated with the respective therapeutic use
PlantPart,MU-KO-RO,USED_FOR,TherapeuticUse,D000982,used_for,Plant part is associated with the respective therapeutic use
PlantPart,MU-KO-RO,USED_FOR,TherapeuticUse,D001733,used_for,Plant part is associated with the respective therapeutic use
PlantPart,MU-KO-RO,USED_FOR,TherapeuticUse,D002400,used_for,Plant part is associated with the respective therapeutic use
PlantPart,MU-KO-RO,USED_FOR,TherapeuticUse,D003085,used_for,Plant part is associated with the respective therapeutic use
PlantPart,MU-KO-RO,USED_FOR,TherapeuticUse,D003288,used_for,Plant part is associated with the respective therapeutic use
PlantPart,MU-KO-RO,USED_FOR,TherapeuticUse,D003879,used_for,Plant part is associated with the respective therapeutic use
PlantPart,MU-KO-RO,USED_FOR,TherapeuticUse,D003967,used_for,Plant part is associated with the respective therapeutic use
PlantPart,MU-KO-RO,USED_FOR,TherapeuticUse,D004403,used_for,Plant part is associated with the respective therapeutic use
PlantPart,MU-KO-RO,USED_FOR,TherapeuticUse,D004415,used_for,Plant part is associated with the respective therapeutic use
PlantPart,MU-KO-RO,USED_FOR,TherapeuticUse,D005076,used_for,Plant part is associated with the respective therapeutic use
PlantPart,MU-KO-RO,USED_FOR,TherapeuticUse,D005414,used_for,Plant part is associated with the respective therapeutic use
PlantPart,MU-KO-RO,USED_FOR,TherapeuticUse,D006373,used_for,Plant part is associated with the respective therapeutic use
PlantPart,MU-KO-RO,USED_FOR,TherapeuticUse,D006484,used_for,Plant part is associated with the respective therapeutic use
PlantPart,MU-KO-RO,USED_FOR,TherapeuticUse,D006973,used_for,Plant part is associated with the respective therapeutic use
PlantPart,MU-KO-RO,USED_FOR,TherapeuticUse,D007249,used_for,Plant part is associated with the respective therapeutic use
PlantPart,MU-KO-RO,USED_FOR,TherapeuticUse,D007674,used_for,Plant part is associated with the respective therapeutic use
PlantPart,MU-KO-RO,USED_FOR,TherapeuticUse,D007918,used_for,Plant part is associated with the respective therapeutic use
PlantPart,MU-KO-RO,USED_FOR,TherapeuticUse,D008288,used_for,Plant part is associated with the respective therapeutic use
PlantPart,MU-KO-RO,USED_FOR,TherapeuticUse,D010146,used_for,Plant part is associated with the respective therapeutic use
PlantPart,MU-KO-RO,USED_FOR,TherapeuticUse,D012060,used_for,Plant part is associated with the respective therapeutic use
PlantPart,MU-KO-RO,USED_FOR,TherapeuticUse,D012871,used_for,Plant part is associated with the respective therapeutic use
PlantPart,MU-KO-RO,USED_FOR,TherapeuticUse,D013272,used_for,Plant part is associated with the respective therapeutic use
PlantPart,MU-KO-RO,USED_FOR,TherapeuticUse,D013894,used_for,Plant part is associated with the respective therapeutic use
PlantPart,MU-KO-RO,USED_FOR,TherapeuticUse,D014456,used_for,Plant part is associated with the respective therapeutic use
PlantPart,MU-KO-RO,USED_FOR,TherapeuticUse,D014570,used_for,Plant part is associated with the respective therapeutic use
PlantPart,MU-KO-RO,USED_FOR,TherapeuticUse,D014820,used_for,Plant part is associated with the respective therapeutic use
PlantPart,MU-KO-RO,USED_FOR,TherapeuticUse,D014839,used_for,Plant part is associated with the respective therapeutic use
PlantPart,MU-KO-RO,USED_FOR,TherapeuticUse,D014945,used_for,Plant part is associated with the respective therapeutic use
PlantPart,MU-KO-RO,USED_FOR,TherapeuticUse,D019167,used_for,Plant part is associated with the respective therapeutic use
PlantPart,MU-KO-RO,USED_FOR,TherapeuticUse,D054368,used_for,Plant part is associated with the respective therapeutic use
PlantPart,MU-KO-RO,USED_FOR,TherapeuticUse,D058633,used_for,Plant part is associated with the respective therapeutic use
PlantPart,MU-KO-ST,USED_FOR,TherapeuticUse,D000855,used_for,Plant part is associated with the respective therapeutic use
PlantPart,MU-KO-ST,USED_FOR,TherapeuticUse,D000900,used_for,Plant part is associated with the respective therapeutic use
PlantPart,MU-KO-ST,USED_FOR,TherapeuticUse,D000935,used_for,Plant part is associated with the respective therapeutic use
PlantPart,MU-KO-ST,USED_FOR,TherapeuticUse,D003879,used_for,Plant part is associated with the respective therapeutic use
PlantPart,MU-KO-ST,USED_FOR,TherapeuticUse,D008288,used_for,Plant part is associated with the respective therapeutic use
PlantPart,MU-KO-ST,USED_FOR,TherapeuticUse,D009059,used_for,Plant part is associated with the respective therapeutic use
PlantPart,MU-KO-ST,USED_FOR,TherapeuticUse,D010510,used_for,Plant part is associated with the respective therapeutic use
PlantPart,MU-KO-ST,USED_FOR,TherapeuticUse,D010807,used_for,Plant part is associated with the respective therapeutic use
PlantPart,MU-KO-ST,USED_FOR,TherapeuticUse,D058633,used_for,Plant part is associated with the respective therapeutic use
PlantPart,MU-KO-WH,USED_FOR,TherapeuticUse,D000893,used_for,Plant part is associated with the respective therapeutic use
PlantPart,MU-KO-WH,USED_FOR,TherapeuticUse,D000932,used_for,Plant part is associated with the respective therapeutic use
PlantPart,MU-KO-WH,USED_FOR,TherapeuticUse,D000935,used_for,Plant part is associated with the respective therapeutic use
PlantPart,MU-KO-WH,USED_FOR,TherapeuticUse,D000981,used_for,Plant part is associated with the respective therapeutic use
PlantPart,MU-KO-WH,USED_FOR,TherapeuticUse,D004066,used_for,Plant part is associated with the respective therapeutic use
PlantPart,MU-KO-WH,USED_FOR,TherapeuticUse,D004403,used_for,Plant part is associated with the respective therapeutic use
PlantPart,MU-KO-WH,USED_FOR,TherapeuticUse,D005076,used_for,Plant part is associated with the respective therapeutic use
PlantPart,MU-KO-WH,USED_FOR,TherapeuticUse,D005414,used_for,Plant part is associated with the respective therapeutic use
PlantPart,MU-KO-WH,USED_FOR,TherapeuticUse,D007004,used_for,Plant part is associated with the respective therapeutic use
PlantPart,MU-KO-WH,USED_FOR,TherapeuticUse,D007306,used_for,Plant part is associated with the respective therapeutic use
PlantPart,MU-KO-WH,USED_FOR,TherapeuticUse,D010276,used_for,Plant part is associated with the respective therapeutic use
PlantPart,MU-KO-WH,USED_FOR,TherapeuticUse,D012060,used_for,Plant part is associated with the respective therapeutic use
PlantPart,MU-KO-WH,USED_FOR,TherapeuticUse,D019167,used_for,Plant part is associated with the respective therapeutic use
PlantPart,MU-PR-BA,USED_FOR,TherapeuticUse,D012909,used_for,Plant part is associated with the respective therapeutic use
PlantPart,MU-PR-FR,USED_FOR,TherapeuticUse,D000505,used_for,Plant part is associated with the respective therapeutic use
PlantPart,MU-PR-FR,USED_FOR,TherapeuticUse,D000700,used_for,Plant part is associated with the respective therapeutic use
PlantPart,MU-PR-FR,USED_FOR,TherapeuticUse,D000740,used_for,Plant part is associated with the respective therapeutic use
PlantPart,MU-PR-FR,USED_FOR,TherapeuticUse,D000871,used_for,Plant part is associated with the respective therapeutic use
PlantPart,MU-PR-FR,USED_FOR,TherapeuticUse,D000935,used_for,Plant part is associated with the respective therapeutic use
PlantPart,MU-PR-FR,USED_FOR,TherapeuticUse,D000959,used_for,Plant part is associated with the respective therapeutic use
PlantPart,MU-PR-FR,USED_FOR,TherapeuticUse,D000977,used_for,Plant part is associated with the respective therapeutic use
PlantPart,MU-PR-FR,USED_FOR,TherapeuticUse,D001046,used_for,Plant part is associated with the respective therapeutic use
PlantPart,MU-PR-FR,USED_FOR,TherapeuticUse,D001252,used_for,Plant part is associated with the respective therapeutic use
PlantPart,MU-PR-FR,USED_FOR,TherapeuticUse,D001744,used_for,Plant part is associated with the respective therapeutic use
PlantPart,MU-PR-FR,USED_FOR,TherapeuticUse,D001768,used_for,Plant part is associated with the respective therapeutic use
PlantPart,MU-PR-FR,USED_FOR,TherapeuticUse,D002492,used_for,Plant part is associated with the respective therapeutic use
PlantPart,MU-PR-FR,USED_FOR,TherapeuticUse,D002771,used_for,Plant part is associated with the respective therapeutic use
PlantPart,MU-PR-FR,USED_FOR,TherapeuticUse,D003128,used_for,Plant part is associated with the respective therapeutic use
PlantPart,MU-PR-FR,USED_FOR,TherapeuticUse,D003248,used_for,Plant part is associated with the respective therapeutic use
PlantPart,MU-PR-FR,USED_FOR,TherapeuticUse,D003872,used_for,Plant part is associated with the respective therapeutic use
PlantPart,MU-PR-FR,USED_FOR,TherapeuticUse,D004066,used_for,Plant part is associated with the respective therapeutic use
PlantPart,MU-PR-FR,USED_FOR,TherapeuticUse,D004485,used_for,Plant part is associated with the respective therapeutic use
PlantPart,MU-PR-FR,USED_FOR,TherapeuticUse,D004487,used_for,Plant part is associated with the respective therapeutic use
PlantPart,MU-PR-FR,USED_FOR,TherapeuticUse,D005299,used_for,Plant part is associated with the respective therapeutic use
PlantPart,MU-PR-FR,USED_FOR,TherapeuticUse,D005414,used_for,Plant part is associated with the respective therapeutic use
PlantPart,MU-PR-FR,USED_FOR,TherapeuticUse,D006973,used_for,Plant part is associated with the respective therapeutic use
PlantPart,MU-PR-FR,USED_FOR,TherapeuticUse,D007004,used_for,Plant part is associated with the respective therapeutic use
PlantPart,MU-PR-FR,USED_FOR,TherapeuticUse,D007172,used_for,Plant part is associated with the respective therapeutic use
PlantPart,MU-PR-FR,USED_FOR,TherapeuticUse,D007973,used_for,Plant part is associated with the respective therapeutic use
PlantPart,MU-PR-FR,USED_FOR,TherapeuticUse,D008107,used_for,Plant part is associated with the respective therapeutic use
PlantPart,MU-PR-FR,USED_FOR,TherapeuticUse,D009422,used_for,Plant part is associated with the respective therapeutic use
PlantPart,MU-PR-FR,USED_FOR,TherapeuticUse,D010243,used_for,Plant part is associated with the respective therapeutic use
PlantPart,MU-PR-FR,USED_FOR,TherapeuticUse,D010276,used_for,Plant part is associated with the respective therapeutic use
PlantPart,MU-PR-FR,USED_FOR,TherapeuticUse,D011537,used_for,Plant part is associated with the respective therapeutic use
PlantPart,MU-PR-FR,USED_FOR,TherapeuticUse,D012060,used_for,Plant part is associated with the respective therapeutic use
PlantPart,MU-PR-FR,USED_FOR,TherapeuticUse,D012871,used_for,Plant part is associated with the respective therapeutic use
PlantPart,MU-PR-FR,USED_FOR,TherapeuticUse,D012909,used_for,Plant part is associated with the respective therapeutic use
PlantPart,MU-PR-FR,USED_FOR,TherapeuticUse,D014456,used_for,Plant part is associated with the respective therapeutic use
PlantPart,MU-PR-FR,USED_FOR,TherapeuticUse,D014555,used_for,Plant part is associated with the respective therapeutic use
PlantPart,MU-PR-FR,USED_FOR,TherapeuticUse,D014820,used_for,Plant part is associated with the respective therapeutic use
PlantPart,MU-PR-FR,USED_FOR,TherapeuticUse,D014945,used_for,Plant part is associated with the respective therapeutic use
PlantPart,MU-PR-FR,USED_FOR,TherapeuticUse,D014947,used_for,Plant part is associated with the respective therapeutic use
PlantPart,MU-PR-FR,USED_FOR,TherapeuticUse,D052776,used_for,Plant part is associated with the respective therapeutic use
PlantPart,MU-PR-FR,USED_FOR,TherapeuticUse,D065008,used_for,Plant part is associated with the respective therapeutic use
PlantPart,MU-PR-LE,USED_FOR,TherapeuticUse,D000700,used_for,Plant part is associated with the respective therapeutic use
PlantPart,MU-PR-LE,USED_FOR,TherapeuticUse,D000871,used_for,Plant part is associated with the respective therapeutic use
PlantPart,MU-PR-LE,USED_FOR,TherapeuticUse,D000893,used_for,Plant part is associated with the respective therapeutic use
PlantPart,MU-PR-LE,USED_FOR,TherapeuticUse,D000900,used_for,Plant part is associated with the respective therapeutic use
PlantPart,MU-PR-LE,USED_FOR,TherapeuticUse,D000927,used_for,Plant part is associated with the respective therapeutic use
PlantPart,MU-PR-LE,USED_FOR,TherapeuticUse,D000975,used_for,Plant part is associated with the respective therapeutic use
PlantPart,MU-PR-LE,USED_FOR,TherapeuticUse,D001046,used_for,Plant part is associated with the respective therapeutic use
PlantPart,MU-PR-LE,USED_FOR,TherapeuticUse,D001247,used_for,Plant part is associated with the respective therapeutic use
PlantPart,MU-PR-LE,USED_FOR,TherapeuticUse,D003128,used_for,Plant part is associated with the respective therapeutic use
PlantPart,MU-PR-LE,USED_FOR,TherapeuticUse,D003248,used_for,Plant part is associated with the respective therapeutic use
PlantPart,MU-PR-LE,USED_FOR,TherapeuticUse,D003872,used_for,Plant part is associated with the respective therapeutic use
PlantPart,MU-PR-LE,USED_FOR,TherapeuticUse,D003920,used_for,Plant part is associated with the respective therapeutic use
PlantPart,MU-PR-LE,USED_FOR,TherapeuticUse,D006213,used_for,Plant part is associated with the respective therapeutic use
PlantPart,MU-PR-LE,USED_FOR,TherapeuticUse,D006261,used_for,Plant part is associated with the respective therapeutic use
PlantPart,MU-PR-LE,USED_FOR,TherapeuticUse,D006373,used_for,Plant part is associated with the respective therapeutic use
PlantPart,MU-PR-LE,USED_FOR,TherapeuticUse,D006973,used_for,Plant part is associated with the respective therapeutic use
PlantPart,MU-PR-LE,USED_FOR,TherapeuticUse,D007249,used_for,Plant part is associated with the respective therapeutic use
PlantPart,MU-PR-LE,USED_FOR,TherapeuticUse,D007973,used_for,Plant part is associated with the respective therapeutic use
PlantPart,MU-PR-LE,USED_FOR,TherapeuticUse,D008171,used_for,Plant part is associated with the respective therapeutic use
PlantPart,MU-PR-LE,USED_FOR,TherapeuticUse,D009369,used_for,Plant part is associated with the respective therapeutic use
PlantPart,MU-PR-LE,USED_FOR,TherapeuticUse,D009422,used_for,Plant part is associated with the respective therapeutic use
PlantPart,MU-PR-LE,USED_FOR,TherapeuticUse,D011818,used_for,Plant part is associated with the respective therapeutic use
PlantPart,MU-PR-LE,USED_FOR,TherapeuticUse,D012060,used_for,Plant part is associated with the respective therapeutic use
PlantPart,MU-PR-LE,USED_FOR,TherapeuticUse,D012532,used_for,Plant part is associated with the respective therapeutic use
PlantPart,MU-PR-LE,USED_FOR,TherapeuticUse,D012909,used_for,Plant part is associated with the respective therapeutic use
PlantPart,MU-PR-LE,USED_FOR,TherapeuticUse,D014456,used_for,Plant part is associated with the respective therapeutic use
PlantPart,MU-PR-LE,USED_FOR,TherapeuticUse,D014820,used_for,Plant part is associated with the respective therapeutic use
PlantPart,MU-PR-LE,USED_FOR,TherapeuticUse,D014945,used_for,Plant part is associated with the respective therapeutic use
PlantPart,MU-PR-LE,USED_FOR,TherapeuticUse,D058633,used_for,Plant part is associated with the respective therapeutic use
PlantPart,MU-PR-LE,USED_FOR,TherapeuticUse,D065008,used_for,Plant part is associated with the respective therapeutic use
PlantPart,MU-PR-RO,USED_FOR,TherapeuticUse,D000568,used_for,Plant part is associated with the respective therapeutic use
PlantPart,MU-PR-RO,USED_FOR,TherapeuticUse,D000700,used_for,Plant part is associated with the respective therapeutic use
PlantPart,MU-PR-RO,USED_FOR,TherapeuticUse,D000871,used_for,Plant part is associated with the respective therapeutic use
PlantPart,MU-PR-RO,USED_FOR,TherapeuticUse,D000893,used_for,Plant part is associated with the respective therapeutic use
PlantPart,MU-PR-RO,USED_FOR,TherapeuticUse,D000927,used_for,Plant part is associated with the respective therapeutic use
PlantPart,MU-PR-RO,USED_FOR,TherapeuticUse,D000970,used_for,Plant part is associated with the respective therapeutic use
PlantPart,MU-PR-RO,USED_FOR,TherapeuticUse,D001046,used_for,Plant part is associated with the respective therapeutic use
PlantPart,MU-PR-RO,USED_FOR,TherapeuticUse,D001252,used_for,Plant part is associated with the respective therapeutic use
PlantPart,MU-PR-RO,USED_FOR,TherapeuticUse,D002100,used_for,Plant part is associated with the respective therapeutic use
PlantPart,MU-PR-RO,USED_FOR,TherapeuticUse,D002400,used_for,Plant part is associated with the respective therapeutic use
PlantPart,MU-PR-RO,USED_FOR,TherapeuticUse,D002492,used_for,Plant part is associated with the respective therapeutic use
PlantPart,MU-PR-RO,USED_FOR,TherapeuticUse,D002771,used_for,Plant part is associated with the respective therapeutic use
PlantPart,MU-PR-RO,USED_FOR,TherapeuticUse,D003128,used_for,Plant part is associated with the respective therapeutic use
PlantPart,MU-PR-RO,USED_FOR,TherapeuticUse,D003139,used_for,Plant part is associated with the respective therapeutic use
PlantPart,MU-PR-RO,USED_FOR,TherapeuticUse,D003248,used_for,Plant part is associated with the respective therapeutic use
PlantPart,MU-PR-RO,USED_FOR,TherapeuticUse,D003693,used_for,Plant part is associated with the respective therapeutic use
PlantPart,MU-PR-RO,USED_FOR,TherapeuticUse,D003967,used_for,Plant part is associated with the respective therapeutic use
PlantPart,MU-PR-RO,USED_FOR,TherapeuticUse,D004232,used_for,Plant part is associated with the respective therapeutic use
PlantPart,MU-PR-RO,USED_FOR,TherapeuticUse,D004412,used_for,Plant part is associated with the respective therapeutic use
PlantPart,MU-PR-RO,USED_FOR,TherapeuticUse,D004487,used_for,Plant part is associated with the respective therapeutic use
PlantPart,MU-PR-RO,USED_FOR,TherapeuticUse,D004604,used_for,Plant part is associated with the respective therapeutic use
PlantPart,MU-PR-RO,USED_FOR,TherapeuticUse,D004614,used_for,Plant part is associated with the respective therapeutic use
PlantPart,MU-PR-RO,USED_FOR,TherapeuticUse,D004643,used_for,Plant part is associated with the respective therapeutic use
PlantPart,MU-PR-RO,USED_FOR,TherapeuticUse,D004827,used_for,Plant part is associated with the respective therapeutic use
PlantPart,MU-PR-RO,USED_FOR,TherapeuticUse,D005299,used_for,Plant part is associated with the respective therapeutic use
PlantPart,MU-PR-RO,USED_FOR,TherapeuticUse,D005334,used_for,Plant part is associated with the respective therapeutic use
PlantPart,MU-PR-RO,USED_FOR,TherapeuticUse,D006073,used_for,Plant part is associated with the respective therapeutic use
PlantPart,MU-PR-RO,USED_FOR,TherapeuticUse,D006373,used_for,Plant part is associated with the respective therapeutic use
PlantPart,MU-PR-RO,USED_FOR,TherapeuticUse,D006402,used_for,Plant part is associated with the respective therapeutic use
PlantPart,MU-PR-RO,USED_FOR,TherapeuticUse,D006470,used_for,Plant part is associated with the respective therapeutic use
PlantPart,MU-PR-RO,USED_FOR,TherapeuticUse,D006973,used_for,Plant part is associated with the respective therapeutic use
PlantPart,MU-PR-RO,USED_FOR,TherapeuticUse,D007004,used_for,Plant part is associated with the respective therapeutic use
PlantPart,MU-PR-RO,USED_FOR,TherapeuticUse,D007411,used_for,Plant part is associated with the respective therapeutic use
PlantPart,MU-PR-RO,USED_FOR,TherapeuticUse,D007674,used_for,Plant part is associated with the respective therapeutic use
PlantPart,MU-PR-RO,USED_FOR,TherapeuticUse,D007918,used_for,Plant part is associated with the respective therapeutic use
PlantPart,MU-PR-RO,USED_FOR,TherapeuticUse,D007973,used_for,Plant part is associated with the respective therapeutic use
PlantPart,MU-PR-RO,USED_FOR,TherapeuticUse,D008107,used_for,Plant part is associated with the respective therapeutic use
PlantPart,MU-PR-RO,USED_FOR,TherapeuticUse,D008288,used_for,Plant part is associated with the respective therapeutic use
PlantPart,MU-PR-RO,USED_FOR,TherapeuticUse,D008600,used_for,Plant part is associated with the respective therapeutic use
PlantPart,MU-PR-RO,USED_FOR,TherapeuticUse,D009422,used_for,Plant part is associated with the respective therapeutic use
PlantPart,MU-PR-RO,USED_FOR,TherapeuticUse,D009497,used_for,Plant part is associated with the respective therapeutic use
PlantPart,MU-PR-RO,USED_FOR,TherapeuticUse,D010243,used_for,Plant part is associated with the respective therapeutic use
PlantPart,MU-PR-RO,USED_FOR,TherapeuticUse,D010276,used_for,Plant part is associated with the respective therapeutic use
PlantPart,MU-PR-RO,USED_FOR,TherapeuticUse,D010300,used_for,Plant part is associated with the respective therapeutic use
PlantPart,MU-PR-RO,USED_FOR,TherapeuticUse,D010523,used_for,Plant part is associated with the respective therapeutic use
PlantPart,MU-PR-RO,USED_FOR,TherapeuticUse,D011818,used_for,Plant part is associated with the respective therapeutic use
PlantPart,MU-PR-RO,USED_FOR,TherapeuticUse,D012060,used_for,Plant part is associated with the respective therapeutic use
PlantPart,MU-PR-RO,USED_FOR,TherapeuticUse,D012140,used_for,Plant part is associated with the respective therapeutic use
PlantPart,MU-PR-RO,USED_FOR,TherapeuticUse,D012735,used_for,Plant part is associated with the respective therapeutic use
PlantPart,MU-PR-RO,USED_FOR,TherapeuticUse,D012871,used_for,Plant part is associated with the respective therapeutic use
PlantPart,MU-PR-RO,USED_FOR,TherapeuticUse,D012909,used_for,Plant part is associated with the respective therapeutic use
PlantPart,MU-PR-RO,USED_FOR,TherapeuticUse,D014456,used_for,Plant part is associated with the respective therapeutic use
PlantPart,MU-PR-RO,USED_FOR,TherapeuticUse,D014545,used_for,Plant part is associated with the respective therapeutic use
PlantPart,MU-PR-RO,USED_FOR,TherapeuticUse,D014555,used_for,Plant part is associated with the respective therapeutic use
PlantPart,MU-PR-RO,USED_FOR,TherapeuticUse,D014581,used_for,Plant part is associated with the respective therapeutic use
PlantPart,MU-PR-RO,USED_FOR,TherapeuticUse,D014623,used_for,Plant part is associated with the respective therapeutic use
PlantPart,MU-PR-RO,USED_FOR,TherapeuticUse,D014820,used_for,Plant part is associated with the respective therapeutic use
PlantPart,MU-PR-RO,USED_FOR,TherapeuticUse,D014945,used_for,Plant part is associated with the respective therapeutic use
PlantPart,MU-PR-RO,USED_FOR,TherapeuticUse,D014947,used_for,Plant part is associated with the respective therapeutic use
PlantPart,MU-PR-RO,USED_FOR,TherapeuticUse,D018501,used_for,Plant part is associated with the respective therapeutic use
PlantPart,MU-PR-RO,USED_FOR,TherapeuticUse,D050723,used_for,Plant part is associated with the respective therapeutic use
PlantPart,MU-PR-RO,USED_FOR,TherapeuticUse,D058633,used_for,Plant part is associated with the respective therapeutic use
PlantPart,MU-PR-SE,USED_FOR,TherapeuticUse,D000019,used_for,Plant part is associated with the respective therapeutic use
PlantPart,MU-PR-SE,USED_FOR,TherapeuticUse,D000505,used_for,Plant part is associated with the respective therapeutic use
PlantPart,MU-PR-SE,USED_FOR,TherapeuticUse,D000697,used_for,Plant part is associated with the respective therapeutic use
PlantPart,MU-PR-SE,USED_FOR,TherapeuticUse,D000728,used_for,Plant part is associated with the respective therapeutic use
PlantPart,MU-PR-SE,USED_FOR,TherapeuticUse,D000740,used_for,Plant part is associated with the respective therapeutic use
PlantPart,MU-PR-SE,USED_FOR,TherapeuticUse,D000806,used_for,Plant part is associated with the respective therapeutic use
PlantPart,MU-PR-SE,USED_FOR,TherapeuticUse,D000871,used_for,Plant part is associated with the respective therapeutic use
PlantPart,MU-PR-SE,USED_FOR,TherapeuticUse,D000900,used_for,Plant part is associated with the respective therapeutic use
PlantPart,MU-PR-SE,USED_FOR,TherapeuticUse,D000928,used_for,Plant part is associated with the respective therapeutic use
PlantPart,MU-PR-SE,USED_FOR,TherapeuticUse,D000931,used_for,Plant part is associated with the respective therapeutic use
PlantPart,MU-PR-SE,USED_FOR,TherapeuticUse,D000932,used_for,Plant part is associated with the respective therapeutic use
PlantPart,MU-PR-SE,USED_FOR,TherapeuticUse,D000935,used_for,Plant part is associated with the respective therapeutic use
PlantPart,MU-PR-SE,USED_FOR,TherapeuticUse,D000970,used_for,Plant part is associated with the respective therapeutic use
PlantPart,MU-PR-SE,USED_FOR,TherapeuticUse,D000975,used_for,Plant part is associated with the respective therapeutic use
PlantPart,MU-PR-SE,USED_FOR,TherapeuticUse,D000992,used_for,Plant part is associated with the respective therapeutic use
PlantPart,MU-PR-SE,USED_FOR,TherapeuticUse,D001046,used_for,Plant part is associated with the respective therapeutic use
PlantPart,MU-PR-SE,USED_FOR,TherapeuticUse,D001247,used_for,Plant part is associated with the respective therapeutic use
PlantPart,MU-PR-SE,USED_FOR,TherapeuticUse,D001249,used_for,Plant part is associated with the respective therapeutic use
PlantPart,MU-PR-SE,USED_FOR,TherapeuticUse,D001252,used_for,Plant part is associated with the respective therapeutic use
PlantPart,MU-PR-SE,USED_FOR,TherapeuticUse,D001794,used_for,Plant part is associated with the respective therapeutic use
PlantPart,MU-PR-SE,USED_FOR,TherapeuticUse,D002400,used_for,Plant part is associated with the respective therapeutic use
PlantPart,MU-PR-SE,USED_FOR,TherapeuticUse,D002492,used_for,Plant part is associated with the respective therapeutic use
PlantPart,MU-PR-SE,USED_FOR,TherapeuticUse,D002493,used_for,Plant part is associated with the respective therapeutic use
PlantPart,MU-PR-SE,USED_FOR,TherapeuticUse,D002771,used_for,Plant part is associated with the respective therapeutic use
PlantPart,MU-PR-SE,USED_FOR,TherapeuticUse,D003128,used_for,Plant part is associated with the respective therapeutic use
PlantPart,MU-PR-SE,USED_FOR,TherapeuticUse,D003248,used_for,Plant part is associated with the respective therapeutic use
PlantPart,MU-PR-SE,USED_FOR,TherapeuticUse,D003270,used_for,Plant part is associated with the respective therapeutic use
PlantPart,MU-PR-SE,USED_FOR,TherapeuticUse,D003920,used_for,Plant part is associated with the respective therapeutic use
PlantPart,MU-PR-SE,USED_FOR,TherapeuticUse,D003967,used_for,Plant part is associated with the respective therapeutic use
PlantPart,MU-PR-SE,USED_FOR,TherapeuticUse,D004487,used_for,Plant part is associated with the respective therapeutic use
PlantPart,MU-PR-SE,USED_FOR,TherapeuticUse,D005128,used_for,Plant part is associated with the respective therapeutic use
PlantPart,MU-PR-SE,USED_FOR,TherapeuticUse,D005221,used_for,Plant part is associated with the respective therapeutic use
PlantPart,MU-PR-SE,USED_FOR,TherapeuticUse,D005299,used_for,Plant part is associated with the respective therapeutic use
PlantPart,MU-PR-SE,USED_FOR,TherapeuticUse,D005767,used_for,Plant part is associated with the respective therapeutic use
PlantPart,MU-PR-SE,USED_FOR,TherapeuticUse,D006069,used_for,Plant part is associated with the respective therapeutic use
PlantPart,MU-PR-SE,USED_FOR,TherapeuticUse,D006331,used_for,Plant part is associated with the respective therapeutic use
PlantPart,MU-PR-SE,USED_FOR,TherapeuticUse,D006384,used_for,Plant part is associated with the respective therapeutic use
PlantPart,MU-PR-SE,USED_FOR,TherapeuticUse,D006429,used_for,Plant part is associated with the respective therapeutic use
PlantPart,MU-PR-SE,USED_FOR,TherapeuticUse,D006470,used_for,Plant part is associated with the respective therapeutic use
PlantPart,MU-PR-SE,USED_FOR,TherapeuticUse,D006949,used_for,Plant part is associated with the respective therapeutic use
PlantPart,MU-PR-SE,USED_FOR,TherapeuticUse,D006973,used_for,Plant part is associated with the respective therapeutic use
PlantPart,MU-PR-SE,USED_FOR,TherapeuticUse,D007004,used_for,Plant part is associated with the respective therapeutic use
PlantPart,MU-PR-SE,USED_FOR,TherapeuticUse,D007022,used_for,Plant part is associated with the respective therapeutic use
PlantPart,MU-PR-SE,USED_FOR,TherapeuticUse,D007172,used_for,Plant part is associated with the respective therapeutic use
PlantPart,MU-PR-SE,USED_FOR,TherapeuticUse,D007246,used_for,Plant part is associated with the respective therapeutic use
PlantPart,MU-PR-SE,USED_FOR,TherapeuticUse,D007306,used_for,Plant part is associated with the respective therapeutic use
PlantPart,MU-PR-SE,USED_FOR,TherapeuticUse,D007973,used_for,Plant part is associated with the respective therapeutic use
PlantPart,MU-PR-SE,USED_FOR,TherapeuticUse,D008124,used_for,Plant part is associated with the respective therapeutic use
PlantPart,MU-PR-SE,USED_FOR,TherapeuticUse,D009422,used_for,Plant part is associated with the respective therapeutic use
PlantPart,MU-PR-SE,USED_FOR,TherapeuticUse,D009497,used_for,Plant part is associated with the respective therapeutic use
PlantPart,MU-PR-SE,USED_FOR,TherapeuticUse,D010243,used_for,Plant part is associated with the respective therapeutic use
PlantPart,MU-PR-SE,USED_FOR,TherapeuticUse,D010276,used_for,Plant part is associated with the respective therapeutic use
PlantPart,MU-PR-SE,USED_FOR,TherapeuticUse,D010300,used_for,Plant part is associated with the respective therapeutic use
PlantPart,MU-PR-SE,USED_FOR,TherapeuticUse,D010807,used_for,Plant part is associated with the respective therapeutic use
PlantPart,MU-PR-SE,USED_FOR,TherapeuticUse,D010930,used_for,Plant part is associated with the respective therapeutic use
PlantPart,MU-PR-SE,USED_FOR,TherapeuticUse,D011041,used_for,Plant part is associated with the respective therapeutic use
PlantPart,MU-PR-SE,USED_FOR,TherapeuticUse,D011051,used_for,Plant part is associated with the respective therapeutic use
PlantPart,MU-PR-SE,USED_FOR,TherapeuticUse,D012060,used_for,Plant part is associated with the respective therapeutic use
PlantPart,MU-PR-SE,USED_FOR,TherapeuticUse,D012749,used_for,Plant part is associated with the respective therapeutic use
PlantPart,MU-PR-SE,USED_FOR,TherapeuticUse,D012871,used_for,Plant part is associated with the respective therapeutic use
PlantPart,MU-PR-SE,USED_FOR,TherapeuticUse,D012909,used_for,Plant part is associated with the respective therapeutic use
PlantPart,MU-PR-SE,USED_FOR,TherapeuticUse,D013035,used_for,Plant part is associated with the respective therapeutic use
PlantPart,MU-PR-SE,USED_FOR,TherapeuticUse,D013245,used_for,Plant part is associated with the respective therapeutic use
PlantPart,MU-PR-SE,USED_FOR,TherapeuticUse,D014361,used_for,Plant part is associated with the respective therapeutic use
PlantPart,MU-PR-SE,USED_FOR,TherapeuticUse,D014376,used_for,Plant part is associated with the respective therapeutic use
PlantPart,MU-PR-SE,USED_FOR,TherapeuticUse,D014456,used_for,Plant part is associated with the respective therapeutic use
PlantPart,MU-PR-SE,USED_FOR,TherapeuticUse,D014545,used_for,Plant part is associated with the respective therapeutic use
PlantPart,MU-PR-SE,USED_FOR,TherapeuticUse,D014555,used_for,Plant part is associated with the respective therapeutic use
PlantPart,MU-PR-SE,USED_FOR,TherapeuticUse,D014570,used_for,Plant part is associated with the respective therapeutic use
PlantPart,MU-PR-SE,USED_FOR,TherapeuticUse,D014581,used_for,Plant part is associated with the respective therapeutic use
PlantPart,MU-PR-SE,USED_FOR,TherapeuticUse,D014623,used_for,Plant part is associated with the respective therapeutic use
PlantPart,MU-PR-SE,USED_FOR,TherapeuticUse,D014820,used_for,Plant part is associated with the respective therapeutic use
PlantPart,MU-PR-SE,USED_FOR,TherapeuticUse,D014947,used_for,Plant part is associated with the respective therapeutic use
PlantPart,MU-PR-SE,USED_FOR,TherapeuticUse,D018501,used_for,Plant part is associated with the respective therapeutic use
PlantPart,MU-PR-SE,USED_FOR,TherapeuticUse,D018697,used_for,Plant part is associated with the respective therapeutic use
PlantPart,MU-PR-SE,USED_FOR,TherapeuticUse,D018726,used_for,Plant part is associated with the respective therapeutic use
PlantPart,MU-PR-SE,USED_FOR,TherapeuticUse,D019167,used_for,Plant part is associated with the respective therapeutic use
PlantPart,MU-PR-SE,USED_FOR,TherapeuticUse,D041981,used_for,Plant part is associated with the respective therapeutic use
PlantPart,MU-PR-SE,USED_FOR,TherapeuticUse,D050723,used_for,Plant part is associated with the respective therapeutic use
PlantPart,MU-PR-SE,USED_FOR,TherapeuticUse,D054368,used_for,Plant part is associated with the respective therapeutic use
PlantPart,MU-PR-SE,USED_FOR,TherapeuticUse,D056747,used_for,Plant part is associated with the respective therapeutic use
PlantPart,MU-PR-SE,USED_FOR,TherapeuticUse,D065008,used_for,Plant part is associated with the respective therapeutic use
PlantPart,MU-PR-ST,USED_FOR,TherapeuticUse,D000700,used_for,Plant part is associated with the respective therapeutic use
PlantPart,MU-PR-ST,USED_FOR,TherapeuticUse,D000900,used_for,Plant part is associated with the respective therapeutic use
PlantPart,MU-PR-ST,USED_FOR,TherapeuticUse,D005128,used_for,Plant part is associated with the respective therapeutic use
PlantPart,MU-PR-ST,USED_FOR,TherapeuticUse,D006213,used_for,Plant part is associated with the respective therapeutic use
PlantPart,MU-PR-ST,USED_FOR,TherapeuticUse,D008171,used_for,Plant part is associated with the respective therapeutic use
PlantPart,MY-MA-FR,USED_FOR,TherapeuticUse,D000975,used_for,Plant part is associated with the respective therapeutic use
PlantPart,MY-MA-FR,USED_FOR,TherapeuticUse,D003139,used_for,Plant part is associated with the respective therapeutic use
PlantPart,MY-MA-FR,USED_FOR,TherapeuticUse,D007896,used_for,Plant part is associated with the respective therapeutic use
PlantPart,MY-MA-FR,USED_FOR,TherapeuticUse,D014456,used_for,Plant part is associated with the respective therapeutic use
PlantPart,MY-MA-FR,USED_FOR,TherapeuticUse,D058633,used_for,Plant part is associated with the respective therapeutic use
PlantPart,MY-MA-SE,USED_FOR,TherapeuticUse,D000975,used_for,Plant part is associated with the respective therapeutic use
PlantPart,MY-MA-SE,USED_FOR,TherapeuticUse,D001991,used_for,Plant part is associated with the respective therapeutic use
PlantPart,MY-MA-SE,USED_FOR,TherapeuticUse,D003371,used_for,Plant part is associated with the respective therapeutic use
PlantPart,MY-MA-SE,USED_FOR,TherapeuticUse,D004433,used_for,Plant part is associated with the respective therapeutic use
PlantPart,MY-MA-SE,USED_FOR,TherapeuticUse,D005100,used_for,Plant part is associated with the respective therapeutic use
PlantPart,MY-MA-SE,USED_FOR,TherapeuticUse,D005334,used_for,Plant part is associated with the respective therapeutic use
PlantPart,MY-MA-SE,USED_FOR,TherapeuticUse,D006261,used_for,Plant part is associated with the respective therapeutic use
PlantPart,MY-MA-SE,USED_FOR,TherapeuticUse,D008107,used_for,Plant part is associated with the respective therapeutic use
PlantPart,MY-MA-SE,USED_FOR,TherapeuticUse,D009422,used_for,Plant part is associated with the respective therapeutic use
PlantPart,MY-MA-SE,USED_FOR,TherapeuticUse,D010146,used_for,Plant part is associated with the respective therapeutic use
PlantPart,MY-MA-SE,USED_FOR,TherapeuticUse,D013180,used_for,Plant part is associated with the respective therapeutic use
PlantPart,MY-MA-SE,USED_FOR,TherapeuticUse,D014456,used_for,Plant part is associated with the respective therapeutic use
PlantPart,MY-MA-SE,USED_FOR,TherapeuticUse,D014839,used_for,Plant part is associated with the respective therapeutic use
PlantPart,MY-MA-SE,USED_FOR,TherapeuticUse,D014947,used_for,Plant part is associated with the respective therapeutic use
PlantPart,MY-MA-SE,USED_FOR,TherapeuticUse,D018501,used_for,Plant part is associated with the respective therapeutic use
PlantPart,MY-MA-SE,USED_FOR,TherapeuticUse,D058633,used_for,Plant part is associated with the respective therapeutic use
PlantPart,MY-MA-SE,USED_FOR,TherapeuticUse,D063806,used_for,Plant part is associated with the respective therapeutic use
PlantPart,NE-NU-AE,USED_FOR,TherapeuticUse,D006402,used_for,Plant part is associated with the respective therapeutic use
PlantPart,NE-NU-AE,USED_FOR,TherapeuticUse,D008107,used_for,Plant part is associated with the respective therapeutic use
PlantPart,NE-NU-BA,USED_FOR,TherapeuticUse,D001991,used_for,Plant part is associated with the respective therapeutic use
PlantPart,NE-NU-BA,USED_FOR,TherapeuticUse,D007565,used_for,Plant part is associated with the respective therapeutic use
PlantPart,NE-NU-BA,USED_FOR,TherapeuticUse,D008107,used_for,Plant part is associated with the respective therapeutic use
PlantPart,NE-NU-BA,USED_FOR,TherapeuticUse,D011014,used_for,Plant part is associated with the respective therapeutic use
PlantPart,NE-NU-BA,USED_FOR,TherapeuticUse,D014435,used_for,Plant part is associated with the respective therapeutic use
PlantPart,NE-NU-FL,USED_FOR,TherapeuticUse,D000019,used_for,Plant part is associated with the respective therapeutic use
PlantPart,NE-NU-FL,USED_FOR,TherapeuticUse,D000700,used_for,Plant part is associated with the respective therapeutic use
PlantPart,NE-NU-FL,USED_FOR,TherapeuticUse,D000890,used_for,Plant part is associated with the respective therapeutic use
PlantPart,NE-NU-FL,USED_FOR,TherapeuticUse,D000893,used_for,Plant part is associated with the respective therapeutic use
PlantPart,NE-NU-FL,USED_FOR,TherapeuticUse,D000900,used_for,Plant part is associated with the respective therapeutic use
PlantPart,NE-NU-FL,USED_FOR,TherapeuticUse,D000931,used_for,Plant part is associated with the respective therapeutic use
PlantPart,NE-NU-FL,USED_FOR,TherapeuticUse,D000935,used_for,Plant part is associated with the respective therapeutic use
PlantPart,NE-NU-FL,USED_FOR,TherapeuticUse,D000982,used_for,Plant part is associated with the respective therapeutic use
PlantPart,NE-NU-FL,USED_FOR,TherapeuticUse,D000992,used_for,Plant part is associated with the respective therapeutic use
PlantPart,NE-NU-FL,USED_FOR,TherapeuticUse,D001046,used_for,Plant part is associated with the respective therapeutic use
PlantPart,NE-NU-FL,USED_FOR,TherapeuticUse,D001249,used_for,Plant part is associated with the respective therapeutic use
PlantPart,NE-NU-FL,USED_FOR,TherapeuticUse,D001252,used_for,Plant part is associated with the respective therapeutic use
PlantPart,NE-NU-FL,USED_FOR,TherapeuticUse,D001991,used_for,Plant part is associated with the respective therapeutic use
PlantPart,NE-NU-FL,USED_FOR,TherapeuticUse,D002316,used_for,Plant part is associated with the respective therapeutic use
PlantPart,NE-NU-FL,USED_FOR,TherapeuticUse,D002756,used_for,Plant part is associated with the respective therapeutic use
PlantPart,NE-NU-FL,USED_FOR,TherapeuticUse,D002771,used_for,Plant part is associated with the respective therapeutic use
PlantPart,NE-NU-FL,USED_FOR,TherapeuticUse,D002800,used_for,Plant part is associated with the respective therapeutic use
PlantPart,NE-NU-FL,USED_FOR,TherapeuticUse,D003231,used_for,Plant part is associated with the respective therapeutic use
PlantPart,NE-NU-FL,USED_FOR,TherapeuticUse,D003371,used_for,Plant part is associated with the respective therapeutic use
PlantPart,NE-NU-FL,USED_FOR,TherapeuticUse,D003967,used_for,Plant part is associated with the respective therapeutic use
PlantPart,NE-NU-FL,USED_FOR,TherapeuticUse,D004066,used_for,Plant part is associated with the respective therapeutic use
PlantPart,NE-NU-FL,USED_FOR,TherapeuticUse,D004232,used_for,Plant part is associated with the respective therapeutic use
PlantPart,NE-NU-FL,USED_FOR,TherapeuticUse,D004244,used_for,Plant part is associated with the respective therapeutic use
PlantPart,NE-NU-FL,USED_FOR,TherapeuticUse,D004403,used_for,Plant part is associated with the respective therapeutic use
PlantPart,NE-NU-FL,USED_FOR,TherapeuticUse,D004412,used_for,Plant part is associated with the respective therapeutic use
PlantPart,NE-NU-FL,USED_FOR,TherapeuticUse,D004415,used_for,Plant part is associated with the respective therapeutic use
PlantPart,NE-NU-FL,USED_FOR,TherapeuticUse,D004886,used_for,Plant part is associated with the respective therapeutic use
PlantPart,NE-NU-FL,USED_FOR,TherapeuticUse,D005076,used_for,Plant part is associated with the respective therapeutic use
PlantPart,NE-NU-FL,USED_FOR,TherapeuticUse,D005100,used_for,Plant part is associated with the respective therapeutic use
PlantPart,NE-NU-FL,USED_FOR,TherapeuticUse,D005128,used_for,Plant part is associated with the respective therapeutic use
PlantPart,NE-NU-FL,USED_FOR,TherapeuticUse,D005334,used_for,Plant part is associated with the respective therapeutic use
PlantPart,NE-NU-FL,USED_FOR,TherapeuticUse,D005368,used_for,Plant part is associated with the respective therapeutic use
PlantPart,NE-NU-FL,USED_FOR,TherapeuticUse,D005667,used_for,Plant part is associated with the respective therapeutic use
PlantPart,NE-NU-FL,USED_FOR,TherapeuticUse,D006209,used_for,Plant part is associated with the respective therapeutic use
PlantPart,NE-NU-FL,USED_FOR,TherapeuticUse,D006261,used_for,Plant part is associated with the respective therapeutic use
PlantPart,NE-NU-FL,USED_FOR,TherapeuticUse,D006331,used_for,Plant part is associated with the respective therapeutic use
PlantPart,NE-NU-FL,USED_FOR,TherapeuticUse,D006402,used_for,Plant part is associated with the respective therapeutic use
PlantPart,NE-NU-FL,USED_FOR,TherapeuticUse,D006469,used_for,Plant part is associated with the respective therapeutic use
PlantPart,NE-NU-FL,USED_FOR,TherapeuticUse,D006470,used_for,Plant part is associated with the respective therapeutic use
PlantPart,NE-NU-FL,USED_FOR,TherapeuticUse,D006484,used_for,Plant part is associated with the respective therapeutic use
PlantPart,NE-NU-FL,USED_FOR,TherapeuticUse,D006993,used_for,Plant part is associated with the respective therapeutic use
PlantPart,NE-NU-FL,USED_FOR,TherapeuticUse,D007004,used_for,Plant part is associated with the respective therapeutic use
PlantPart,NE-NU-FL,USED_FOR,TherapeuticUse,D007249,used_for,Plant part is associated with the respective therapeutic use
PlantPart,NE-NU-FL,USED_FOR,TherapeuticUse,D007674,used_for,Plant part is associated with the respective therapeutic use
PlantPart,NE-NU-FL,USED_FOR,TherapeuticUse,D007918,used_for,Plant part is associated with the respective therapeutic use
PlantPart,NE-NU-FL,USED_FOR,TherapeuticUse,D007973,used_for,Plant part is associated with the respective therapeutic use
PlantPart,NE-NU-FL,USED_FOR,TherapeuticUse,D008099,used_for,Plant part is associated with the respective therapeutic use
PlantPart,NE-NU-FL,USED_FOR,TherapeuticUse,D008107,used_for,Plant part is associated with the respective therapeutic use
PlantPart,NE-NU-FL,USED_FOR,TherapeuticUse,D008595,used_for,Plant part is associated with the respective therapeutic use
PlantPart,NE-NU-FL,USED_FOR,TherapeuticUse,D009765,used_for,Plant part is associated with the respective therapeutic use
PlantPart,NE-NU-FL,USED_FOR,TherapeuticUse,D009877,used_for,Plant part is associated with the respective therapeutic use
PlantPart,NE-NU-FL,USED_FOR,TherapeuticUse,D010146,used_for,Plant part is associated with the respective therapeutic use
PlantPart,NE-NU-FL,USED_FOR,TherapeuticUse,D010369,used_for,Plant part is associated with the respective therapeutic use
PlantPart,NE-NU-FL,USED_FOR,TherapeuticUse,D010975,used_for,Plant part is associated with the respective therapeutic use
PlantPart,NE-NU-FL,USED_FOR,TherapeuticUse,D011041,used_for,Plant part is associated with the respective therapeutic use
PlantPart,NE-NU-FL,USED_FOR,TherapeuticUse,D012060,used_for,Plant part is associated with the respective therapeutic use
PlantPart,NE-NU-FL,USED_FOR,TherapeuticUse,D012871,used_for,Plant part is associated with the respective therapeutic use
PlantPart,NE-NU-FL,USED_FOR,TherapeuticUse,D013280,used_for,Plant part is associated with the respective therapeutic use
PlantPart,NE-NU-FL,USED_FOR,TherapeuticUse,D013587,used_for,Plant part is associated with the respective therapeutic use
PlantPart,NE-NU-FL,USED_FOR,TherapeuticUse,D013894,used_for,Plant part is associated with the respective therapeutic use
PlantPart,NE-NU-FL,USED_FOR,TherapeuticUse,D014456,used_for,Plant part is associated with the respective therapeutic use
PlantPart,NE-NU-FL,USED_FOR,TherapeuticUse,D014555,used_for,Plant part is associated with the respective therapeutic use
PlantPart,NE-NU-FL,USED_FOR,TherapeuticUse,D014717,used_for,Plant part is associated with the respective therapeutic use
PlantPart,NE-NU-FL,USED_FOR,TherapeuticUse,D014839,used_for,Plant part is associated with the respective therapeutic use
PlantPart,NE-NU-FL,USED_FOR,TherapeuticUse,D014945,used_for,Plant part is associated with the respective therapeutic use
PlantPart,NE-NU-FL,USED_FOR,TherapeuticUse,D014947,used_for,Plant part is associated with the respective therapeutic use
PlantPart,NE-NU-FL,USED_FOR,TherapeuticUse,D058633,used_for,Plant part is associated with the respective therapeutic use
PlantPart,NE-NU-FL,USED_FOR,TherapeuticUse,D065106,used_for,Plant part is associated with the respective therapeutic use
PlantPart,NE-NU-FR,USED_FOR,TherapeuticUse,D000890,used_for,Plant part is associated with the respective therapeutic use
PlantPart,NE-NU-FR,USED_FOR,TherapeuticUse,D000932,used_for,Plant part is associated with the respective therapeutic use
PlantPart,NE-NU-FR,USED_FOR,TherapeuticUse,D000982,used_for,Plant part is associated with the respective therapeutic use
PlantPart,NE-NU-FR,USED_FOR,TherapeuticUse,D003967,used_for,Plant part is associated with the respective therapeutic use
PlantPart,NE-NU-FR,USED_FOR,TherapeuticUse,D004066,used_for,Plant part is associated with the respective therapeutic use
PlantPart,NE-NU-FR,USED_FOR,TherapeuticUse,D007918,used_for,Plant part is associated with the respective therapeutic use
PlantPart,NE-NU-FR,USED_FOR,TherapeuticUse,D007973,used_for,Plant part is associated with the respective therapeutic use
PlantPart,NE-NU-FR,USED_FOR,TherapeuticUse,D008595,used_for,Plant part is associated with the respective therapeutic use
PlantPart,NE-NU-FR,USED_FOR,TherapeuticUse,D012060,used_for,Plant part is associated with the respective therapeutic use
PlantPart,NE-NU-FR,USED_FOR,TherapeuticUse,D014786,used_for,Plant part is associated with the respective therapeutic use
PlantPart,NE-NU-LE,USED_FOR,TherapeuticUse,D000700,used_for,Plant part is associated with the respective therapeutic use
PlantPart,NE-NU-LE,USED_FOR,TherapeuticUse,D000927,used_for,Plant part is associated with the respective therapeutic use
PlantPart,NE-NU-LE,USED_FOR,TherapeuticUse,D000935,used_for,Plant part is associated with the respective therapeutic use
PlantPart,NE-NU-LE,USED_FOR,TherapeuticUse,D000970,used_for,Plant part is associated with the respective therapeutic use
PlantPart,NE-NU-LE,USED_FOR,TherapeuticUse,D001008,used_for,Plant part is associated with the respective therapeutic use
PlantPart,NE-NU-LE,USED_FOR,TherapeuticUse,D002492,used_for,Plant part is associated with the respective therapeutic use
PlantPart,NE-NU-LE,USED_FOR,TherapeuticUse,D004066,used_for,Plant part is associated with the respective therapeutic use
PlantPart,NE-NU-LE,USED_FOR,TherapeuticUse,D004232,used_for,Plant part is associated with the respective therapeutic use
PlantPart,NE-NU-LE,USED_FOR,TherapeuticUse,D004244,used_for,Plant part is associated with the respective therapeutic use
PlantPart,NE-NU-LE,USED_FOR,TherapeuticUse,D004412,used_for,Plant part is associated with the respective therapeutic use
PlantPart,NE-NU-LE,USED_FOR,TherapeuticUse,D004604,used_for,Plant part is associated with the respective therapeutic use
PlantPart,NE-NU-LE,USED_FOR,TherapeuticUse,D004886,used_for,Plant part is associated with the respective therapeutic use
PlantPart,NE-NU-LE,USED_FOR,TherapeuticUse,D005334,used_for,Plant part is associated with the respective therapeutic use
PlantPart,NE-NU-LE,USED_FOR,TherapeuticUse,D005667,used_for,Plant part is associated with the respective therapeutic use
PlantPart,NE-NU-LE,USED_FOR,TherapeuticUse,D006261,used_for,Plant part is associated with the respective therapeutic use
PlantPart,NE-NU-LE,USED_FOR,TherapeuticUse,D006470,used_for,Plant part is associated with the respective therapeutic use
PlantPart,NE-NU-LE,USED_FOR,TherapeuticUse,D006484,used_for,Plant part is associated with the respective therapeutic use
PlantPart,NE-NU-LE,USED_FOR,TherapeuticUse,D007249,used_for,Plant part is associated with the respective therapeutic use
PlantPart,NE-NU-LE,USED_FOR,TherapeuticUse,D007306,used_for,Plant part is associated with the respective therapeutic use
PlantPart,NE-NU-LE,USED_FOR,TherapeuticUse,D007565,used_for,Plant part is associated with the respective therapeutic use
PlantPart,NE-NU-LE,USED_FOR,TherapeuticUse,D007918,used_for,Plant part is associated with the respective therapeutic use
PlantPart,NE-NU-LE,USED_FOR,TherapeuticUse,D008107,used_for,Plant part is associated with the respective therapeutic use
PlantPart,NE-NU-LE,USED_FOR,TherapeuticUse,D008288,used_for,Plant part is associated with the respective therapeutic use
PlantPart,NE-NU-LE,USED_FOR,TherapeuticUse,D010146,used_for,Plant part is associated with the respective therapeutic use
PlantPart,NE-NU-LE,USED_FOR,TherapeuticUse,D012871,used_for,Plant part is associated with the respective therapeutic use
PlantPart,NE-NU-LE,USED_FOR,TherapeuticUse,D013281,used_for,Plant part is associated with the respective therapeutic use
PlantPart,NE-NU-LE,USED_FOR,TherapeuticUse,D013312,used_for,Plant part is associated with the respective therapeutic use
PlantPart,NE-NU-LE,USED_FOR,TherapeuticUse,D013894,used_for,Plant part is associated with the respective therapeutic use
PlantPart,NE-NU-LE,USED_FOR,TherapeuticUse,D014555,used_for,Plant part is associated with the respective therapeutic use
PlantPart,NE-NU-LE,USED_FOR,TherapeuticUse,D014945,used_for,Plant part is associated with the respective therapeutic use
PlantPart,NE-NU-LE,USED_FOR,TherapeuticUse,D053159,used_for,Plant part is associated with the respective therapeutic use
PlantPart,NE-NU-LE,USED_FOR,TherapeuticUse,D058633,used_for,Plant part is associated with the respective therapeutic use
PlantPart,NE-NU-RH,USED_FOR,TherapeuticUse,D000893,used_for,Plant part is associated with the respective therapeutic use
PlantPart,NE-NU-RH,USED_FOR,TherapeuticUse,D000935,used_for,Plant part is associated with the respective therapeutic use
PlantPart,NE-NU-RH,USED_FOR,TherapeuticUse,D001252,used_for,Plant part is associated with the respective therapeutic use
PlantPart,NE-NU-RH,USED_FOR,TherapeuticUse,D001991,used_for,Plant part is associated with the respective therapeutic use
PlantPart,NE-NU-RH,USED_FOR,TherapeuticUse,D002316,used_for,Plant part is associated with the respective therapeutic use
PlantPart,NE-NU-RH,USED_FOR,TherapeuticUse,D002756,used_for,Plant part is associated with the respective therapeutic use
PlantPart,NE-NU-RH,USED_FOR,TherapeuticUse,D002771,used_for,Plant part is associated with the respective therapeutic use
PlantPart,NE-NU-RH,USED_FOR,TherapeuticUse,D003371,used_for,Plant part is associated with the respective therapeutic use
PlantPart,NE-NU-RH,USED_FOR,TherapeuticUse,D003920,used_for,Plant part is associated with the respective therapeutic use
PlantPart,NE-NU-RH,USED_FOR,TherapeuticUse,D003967,used_for,Plant part is associated with the respective therapeutic use
PlantPart,NE-NU-RH,USED_FOR,TherapeuticUse,D004232,used_for,Plant part is associated with the respective therapeutic use
PlantPart,NE-NU-RH,USED_FOR,TherapeuticUse,D004244,used_for,Plant part is associated with the respective therapeutic use
PlantPart,NE-NU-RH,USED_FOR,TherapeuticUse,D004403,used_for,Plant part is associated with the respective therapeutic use
PlantPart,NE-NU-RH,USED_FOR,TherapeuticUse,D004415,used_for,Plant part is associated with the respective therapeutic use
PlantPart,NE-NU-RH,USED_FOR,TherapeuticUse,D004614,used_for,Plant part is associated with the respective therapeutic use
PlantPart,NE-NU-RH,USED_FOR,TherapeuticUse,D004886,used_for,Plant part is associated with the respective therapeutic use
PlantPart,NE-NU-RH,USED_FOR,TherapeuticUse,D005076,used_for,Plant part is associated with the respective therapeutic use
PlantPart,NE-NU-RH,USED_FOR,TherapeuticUse,D005334,used_for,Plant part is associated with the respective therapeutic use
PlantPart,NE-NU-RH,USED_FOR,TherapeuticUse,D006331,used_for,Plant part is associated with the respective therapeutic use
PlantPart,NE-NU-RH,USED_FOR,TherapeuticUse,D006470,used_for,Plant part is associated with the respective therapeutic use
PlantPart,NE-NU-RH,USED_FOR,TherapeuticUse,D006484,used_for,Plant part is associated with the respective therapeutic use
PlantPart,NE-NU-RH,USED_FOR,TherapeuticUse,D006993,used_for,Plant part is associated with the respective therapeutic use
PlantPart,NE-NU-RH,USED_FOR,TherapeuticUse,D007004,used_for,Plant part is associated with the respective therapeutic use
PlantPart,NE-NU-RH,USED_FOR,TherapeuticUse,D007166,used_for,Plant part is associated with the respective therapeutic use
PlantPart,NE-NU-RH,USED_FOR,TherapeuticUse,D008107,used_for,Plant part is associated with the respective therapeutic use
PlantPart,NE-NU-RH,USED_FOR,TherapeuticUse,D009440,used_for,Plant part is associated with the respective therapeutic use
PlantPart,NE-NU-RH,USED_FOR,TherapeuticUse,D009497,used_for,Plant part is associated with the respective therapeutic use
PlantPart,NE-NU-RH,USED_FOR,TherapeuticUse,D010146,used_for,Plant part is associated with the respective therapeutic use
PlantPart,NE-NU-RH,USED_FOR,TherapeuticUse,D012532,used_for,Plant part is associated with the respective therapeutic use
PlantPart,NE-NU-RH,USED_FOR,TherapeuticUse,D012871,used_for,Plant part is associated with the respective therapeutic use
PlantPart,NE-NU-RH,USED_FOR,TherapeuticUse,D012874,used_for,Plant part is associated with the respective therapeutic use
PlantPart,NE-NU-RH,USED_FOR,TherapeuticUse,D013575,used_for,Plant part is associated with the respective therapeutic use
PlantPart,NE-NU-RH,USED_FOR,TherapeuticUse,D013894,used_for,Plant part is associated with the respective therapeutic use
PlantPart,NE-NU-RH,USED_FOR,TherapeuticUse,D013956,used_for,Plant part is associated with the respective therapeutic use
PlantPart,NE-NU-RH,USED_FOR,TherapeuticUse,D014839,used_for,Plant part is associated with the respective therapeutic use
PlantPart,NE-NU-RH,USED_FOR,TherapeuticUse,D014945,used_for,Plant part is associated with the respective therapeutic use
PlantPart,NE-NU-RH,USED_FOR,TherapeuticUse,D015746,used_for,Plant part is associated with the respective therapeutic use
PlantPart,NE-NU-RH,USED_FOR,TherapeuticUse,D053159,used_for,Plant part is associated with the respective therapeutic use
PlantPart,NE-NU-RH,USED_FOR,TherapeuticUse,D058633,used_for,Plant part is associated with the respective therapeutic use
PlantPart,NE-NU-RH,USED_FOR,TherapeuticUse,D065106,used_for,Plant part is associated with the respective therapeutic use
PlantPart,NE-NU-RO,USED_FOR,TherapeuticUse,D000019,used_for,Plant part is associated with the respective therapeutic use
PlantPart,NE-NU-RO,USED_FOR,TherapeuticUse,D000700,used_for,Plant part is associated with the respective therapeutic use
PlantPart,NE-NU-RO,USED_FOR,TherapeuticUse,D000927,used_for,Plant part is associated with the respective therapeutic use
PlantPart,NE-NU-RO,USED_FOR,TherapeuticUse,D000935,used_for,Plant part is associated with the respective therapeutic use
PlantPart,NE-NU-RO,USED_FOR,TherapeuticUse,D000996,used_for,Plant part is associated with the respective therapeutic use
PlantPart,NE-NU-RO,USED_FOR,TherapeuticUse,D001252,used_for,Plant part is associated with the respective therapeutic use
PlantPart,NE-NU-RO,USED_FOR,TherapeuticUse,D001660,used_for,Plant part is associated with the respective therapeutic use
PlantPart,NE-NU-RO,USED_FOR,TherapeuticUse,D002316,used_for,Plant part is associated with the respective therapeutic use
PlantPart,NE-NU-RO,USED_FOR,TherapeuticUse,D002637,used_for,Plant part is associated with the respective therapeutic use
PlantPart,NE-NU-RO,USED_FOR,TherapeuticUse,D003371,used_for,Plant part is associated with the respective therapeutic use
PlantPart,NE-NU-RO,USED_FOR,TherapeuticUse,D003967,used_for,Plant part is associated with the respective therapeutic use
PlantPart,NE-NU-RO,USED_FOR,TherapeuticUse,D004232,used_for,Plant part is associated with the respective therapeutic use
PlantPart,NE-NU-RO,USED_FOR,TherapeuticUse,D004403,used_for,Plant part is associated with the respective therapeutic use
PlantPart,NE-NU-RO,USED_FOR,TherapeuticUse,D004415,used_for,Plant part is associated with the respective therapeutic use
PlantPart,NE-NU-RO,USED_FOR,TherapeuticUse,D004643,used_for,Plant part is associated with the respective therapeutic use
PlantPart,NE-NU-RO,USED_FOR,TherapeuticUse,D005368,used_for,Plant part is associated with the respective therapeutic use
PlantPart,NE-NU-RO,USED_FOR,TherapeuticUse,D006402,used_for,Plant part is associated with the respective therapeutic use
PlantPart,NE-NU-RO,USED_FOR,TherapeuticUse,D006484,used_for,Plant part is associated with the respective therapeutic use
PlantPart,NE-NU-RO,USED_FOR,TherapeuticUse,D006967,used_for,Plant part is associated with the respective therapeutic use
PlantPart,NE-NU-RO,USED_FOR,TherapeuticUse,D007818,used_for,Plant part is associated with the respective therapeutic use
PlantPart,NE-NU-RO,USED_FOR,TherapeuticUse,D008107,used_for,Plant part is associated with the respective therapeutic use
PlantPart,NE-NU-RO,USED_FOR,TherapeuticUse,D008595,used_for,Plant part is associated with the respective therapeutic use
PlantPart,NE-NU-RO,USED_FOR,TherapeuticUse,D012871,used_for,Plant part is associated with the respective therapeutic use
PlantPart,NE-NU-RO,USED_FOR,TherapeuticUse,D012899,used_for,Plant part is associated with the respective therapeutic use
PlantPart,NE-NU-RO,USED_FOR,TherapeuticUse,D013894,used_for,Plant part is associated with the respective therapeutic use
PlantPart,NE-NU-RO,USED_FOR,TherapeuticUse,D014820,used_for,Plant part is associated with the respective therapeutic use
PlantPart,NE-NU-RO,USED_FOR,TherapeuticUse,D014945,used_for,Plant part is associated with the respective therapeutic use
PlantPart,NE-NU-RO,USED_FOR,TherapeuticUse,D065106,used_for,Plant part is associated with the respective therapeutic use
PlantPart,NE-NU-SE,USED_FOR,TherapeuticUse,D000700,used_for,Plant part is associated with the respective therapeutic use
PlantPart,NE-NU-SE,USED_FOR,TherapeuticUse,D000890,used_for,Plant part is associated with the respective therapeutic use
PlantPart,NE-NU-SE,USED_FOR,TherapeuticUse,D000893,used_for,Plant part is associated with the respective therapeutic use
PlantPart,NE-NU-SE,USED_FOR,TherapeuticUse,D000900,used_for,Plant part is associated with the respective therapeutic use
PlantPart,NE-NU-SE,USED_FOR,TherapeuticUse,D000931,used_for,Plant part is associated with the respective therapeutic use
PlantPart,NE-NU-SE,USED_FOR,TherapeuticUse,D000932,used_for,Plant part is associated with the respective therapeutic use
PlantPart,NE-NU-SE,USED_FOR,TherapeuticUse,D000975,used_for,Plant part is associated with the respective therapeutic use
PlantPart,NE-NU-SE,USED_FOR,TherapeuticUse,D000982,used_for,Plant part is associated with the respective therapeutic use
PlantPart,NE-NU-SE,USED_FOR,TherapeuticUse,D000988,used_for,Plant part is associated with the respective therapeutic use
PlantPart,NE-NU-SE,USED_FOR,TherapeuticUse,D001046,used_for,Plant part is associated with the respective therapeutic use
PlantPart,NE-NU-SE,USED_FOR,TherapeuticUse,D001252,used_for,Plant part is associated with the respective therapeutic use
PlantPart,NE-NU-SE,USED_FOR,TherapeuticUse,D001745,used_for,Plant part is associated with the respective therapeutic use
PlantPart,NE-NU-SE,USED_FOR,TherapeuticUse,D002316,used_for,Plant part is associated with the respective therapeutic use
PlantPart,NE-NU-SE,USED_FOR,TherapeuticUse,D003270,used_for,Plant part is associated with the respective therapeutic use
PlantPart,NE-NU-SE,USED_FOR,TherapeuticUse,D003920,used_for,Plant part is associated with the respective therapeutic use
PlantPart,NE-NU-SE,USED_FOR,TherapeuticUse,D003967,used_for,Plant part is associated with the respective therapeutic use
PlantPart,NE-NU-SE,USED_FOR,TherapeuticUse,D004232,used_for,Plant part is associated with the respective therapeutic use
PlantPart,NE-NU-SE,USED_FOR,TherapeuticUse,D004415,used_for,Plant part is associated with the respective therapeutic use
PlantPart,NE-NU-SE,USED_FOR,TherapeuticUse,D005100,used_for,Plant part is associated with the respective therapeutic use
PlantPart,NE-NU-SE,USED_FOR,TherapeuticUse,D005128,used_for,Plant part is associated with the respective therapeutic use
PlantPart,NE-NU-SE,USED_FOR,TherapeuticUse,D005299,used_for,Plant part is associated with the respective therapeutic use
PlantPart,NE-NU-SE,USED_FOR,TherapeuticUse,D006484,used_for,Plant part is associated with the respective therapeutic use
PlantPart,NE-NU-SE,USED_FOR,TherapeuticUse,D006993,used_for,Plant part is associated with the respective therapeutic use
PlantPart,NE-NU-SE,USED_FOR,TherapeuticUse,D007035,used_for,Plant part is associated with the respective therapeutic use
PlantPart,NE-NU-SE,USED_FOR,TherapeuticUse,D007306,used_for,Plant part is associated with the respective therapeutic use
PlantPart,NE-NU-SE,USED_FOR,TherapeuticUse,D007918,used_for,Plant part is associated with the respective therapeutic use
PlantPart,NE-NU-SE,USED_FOR,TherapeuticUse,D007973,used_for,Plant part is associated with the respective therapeutic use
PlantPart,NE-NU-SE,USED_FOR,TherapeuticUse,D008107,used_for,Plant part is associated with the respective therapeutic use
PlantPart,NE-NU-SE,USED_FOR,TherapeuticUse,D008595,used_for,Plant part is associated with the respective therapeutic use
PlantPart,NE-NU-SE,USED_FOR,TherapeuticUse,D008881,used_for,Plant part is associated with the respective therapeutic use
PlantPart,NE-NU-SE,USED_FOR,TherapeuticUse,D010300,used_for,Plant part is associated with the respective therapeutic use
PlantPart,NE-NU-SE,USED_FOR,TherapeuticUse,D011247,used_for,Plant part is associated with the respective therapeutic use
PlantPart,NE-NU-SE,USED_FOR,TherapeuticUse,D012060,used_for,Plant part is associated with the respective therapeutic use
PlantPart,NE-NU-SE,USED_FOR,TherapeuticUse,D012871,used_for,Plant part is associated with the respective therapeutic use
PlantPart,NE-NU-SE,USED_FOR,TherapeuticUse,D014786,used_for,Plant part is associated with the respective therapeutic use
PlantPart,NE-NU-SE,USED_FOR,TherapeuticUse,D014839,used_for,Plant part is associated with the respective therapeutic use
PlantPart,NE-NU-SE,USED_FOR,TherapeuticUse,D056747,used_for,Plant part is associated with the respective therapeutic use
PlantPart,NE-NU-SE,USED_FOR,TherapeuticUse,D058633,used_for,Plant part is associated with the respective therapeutic use
PlantPart,NE-NU-SE,USED_FOR,TherapeuticUse,D065106,used_for,Plant part is associated with the respective therapeutic use
PlantPart,NE-NU-ST,USED_FOR,TherapeuticUse,D000700,used_for,Plant part is associated with the respective therapeutic use
PlantPart,NE-NU-ST,USED_FOR,TherapeuticUse,D000871,used_for,Plant part is associated with the respective therapeutic use
PlantPart,NE-NU-ST,USED_FOR,TherapeuticUse,D001991,used_for,Plant part is associated with the respective therapeutic use
PlantPart,NE-NU-ST,USED_FOR,TherapeuticUse,D003967,used_for,Plant part is associated with the respective therapeutic use
PlantPart,NE-NU-ST,USED_FOR,TherapeuticUse,D004232,used_for,Plant part is associated with the respective therapeutic use
PlantPart,NE-NU-ST,USED_FOR,TherapeuticUse,D004415,used_for,Plant part is associated with the respective therapeutic use
PlantPart,NE-NU-ST,USED_FOR,TherapeuticUse,D005368,used_for,Plant part is associated with the respective therapeutic use
PlantPart,NE-NU-ST,USED_FOR,TherapeuticUse,D006373,used_for,Plant part is associated with the respective therapeutic use
PlantPart,NE-NU-ST,USED_FOR,TherapeuticUse,D006402,used_for,Plant part is associated with the respective therapeutic use
PlantPart,NE-NU-ST,USED_FOR,TherapeuticUse,D007565,used_for,Plant part is associated with the respective therapeutic use
PlantPart,NE-NU-ST,USED_FOR,TherapeuticUse,D007918,used_for,Plant part is associated with the respective therapeutic use
PlantPart,NE-NU-ST,USED_FOR,TherapeuticUse,D008107,used_for,Plant part is associated with the respective therapeutic use
PlantPart,NE-NU-ST,USED_FOR,TherapeuticUse,D009422,used_for,Plant part is associated with the respective therapeutic use
PlantPart,NE-NU-ST,USED_FOR,TherapeuticUse,D009846,used_for,Plant part is associated with the respective therapeutic use
PlantPart,NE-NU-ST,USED_FOR,TherapeuticUse,D011014,used_for,Plant part is associated with the respective therapeutic use
PlantPart,NE-NU-ST,USED_FOR,TherapeuticUse,D012871,used_for,Plant part is associated with the respective therapeutic use
PlantPart,NE-NU-ST,USED_FOR,TherapeuticUse,D014435,used_for,Plant part is associated with the respective therapeutic use
PlantPart,NE-NU-ST,USED_FOR,TherapeuticUse,D014555,used_for,Plant part is associated with the respective therapeutic use
PlantPart,NE-NU-ST,USED_FOR,TherapeuticUse,D014839,used_for,Plant part is associated with the respective therapeutic use
PlantPart,NE-NU-ST,USED_FOR,TherapeuticUse,D014945,used_for,Plant part is associated with the respective therapeutic use
PlantPart,NE-NU-ST,USED_FOR,TherapeuticUse,D053159,used_for,Plant part is associated with the respective therapeutic use
PlantPart,NE-NU-TU,USED_FOR,TherapeuticUse,D004412,used_for,Plant part is associated with the respective therapeutic use
PlantPart,NE-NU-TU,USED_FOR,TherapeuticUse,D004487,used_for,Plant part is associated with the respective therapeutic use
PlantPart,NE-NU-TU,USED_FOR,TherapeuticUse,D005667,used_for,Plant part is associated with the respective therapeutic use
PlantPart,NE-NU-TU,USED_FOR,TherapeuticUse,D013281,used_for,Plant part is associated with the respective therapeutic use
PlantPart,NE-NU-TU,USED_FOR,TherapeuticUse,D014945,used_for,Plant part is associated with the respective therapeutic use
PlantPart,NE-NU-TU,USED_FOR,TherapeuticUse,D058633,used_for,Plant part is associated with the respective therapeutic use
PlantPart,NE-OL-BA,USED_FOR,TherapeuticUse,D002316,used_for,Plant part is associated with the respective therapeutic use
PlantPart,NE-OL-BA,USED_FOR,TherapeuticUse,D004232,used_for,Plant part is associated with the respective therapeutic use
PlantPart,NE-OL-BA,USED_FOR,TherapeuticUse,D004433,used_for,Plant part is associated with the respective therapeutic use
PlantPart,NE-OL-BA,USED_FOR,TherapeuticUse,D006331,used_for,Plant part is associated with the respective therapeutic use
PlantPart,NE-OL-BA,USED_FOR,TherapeuticUse,D007918,used_for,Plant part is associated with the respective therapeutic use
PlantPart,NE-OL-BA,USED_FOR,TherapeuticUse,D012871,used_for,Plant part is associated with the respective therapeutic use
PlantPart,NE-OL-FL,USED_FOR,TherapeuticUse,D000900,used_for,Plant part is associated with the respective therapeutic use
PlantPart,NE-OL-FL,USED_FOR,TherapeuticUse,D000960,used_for,Plant part is associated with the respective therapeutic use
PlantPart,NE-OL-FL,USED_FOR,TherapeuticUse,D000970,used_for,Plant part is associated with the respective therapeutic use
PlantPart,NE-OL-FL,USED_FOR,TherapeuticUse,D001008,used_for,Plant part is associated with the respective therapeutic use
PlantPart,NE-OL-FL,USED_FOR,TherapeuticUse,D001046,used_for,Plant part is associated with the respective therapeutic use
PlantPart,NE-OL-FL,USED_FOR,TherapeuticUse,D002316,used_for,Plant part is associated with the respective therapeutic use
PlantPart,NE-OL-FL,USED_FOR,TherapeuticUse,D002493,used_for,Plant part is associated with the respective therapeutic use
PlantPart,NE-OL-FL,USED_FOR,TherapeuticUse,D004204,used_for,Plant part is associated with the respective therapeutic use
PlantPart,NE-OL-FL,USED_FOR,TherapeuticUse,D004232,used_for,Plant part is associated with the respective therapeutic use
PlantPart,NE-OL-FL,USED_FOR,TherapeuticUse,D006261,used_for,Plant part is associated with the respective therapeutic use
PlantPart,NE-OL-FL,USED_FOR,TherapeuticUse,D006484,used_for,Plant part is associated with the respective therapeutic use
PlantPart,NE-OL-FL,USED_FOR,TherapeuticUse,D007249,used_for,Plant part is associated with the respective therapeutic use
PlantPart,NE-OL-FL,USED_FOR,TherapeuticUse,D007306,used_for,Plant part is associated with the respective therapeutic use
PlantPart,NE-OL-FL,USED_FOR,TherapeuticUse,D008107,used_for,Plant part is associated with the respective therapeutic use
PlantPart,NE-OL-FL,USED_FOR,TherapeuticUse,D009135,used_for,Plant part is associated with the respective therapeutic use
PlantPart,NE-OL-FL,USED_FOR,TherapeuticUse,D010146,used_for,Plant part is associated with the respective therapeutic use
PlantPart,NE-OL-FL,USED_FOR,TherapeuticUse,D012532,used_for,Plant part is associated with the respective therapeutic use
PlantPart,NE-OL-FL,USED_FOR,TherapeuticUse,D012871,used_for,Plant part is associated with the respective therapeutic use
PlantPart,NE-OL-FL,USED_FOR,TherapeuticUse,D014456,used_for,Plant part is associated with the respective therapeutic use
PlantPart,NE-OL-FL,USED_FOR,TherapeuticUse,D015817,used_for,Plant part is associated with the respective therapeutic use
PlantPart,NE-OL-FL,USED_FOR,TherapeuticUse,D056747,used_for,Plant part is associated with the respective therapeutic use
PlantPart,NE-OL-FR,USED_FOR,TherapeuticUse,D005667,used_for,Plant part is associated with the respective therapeutic use
PlantPart,NE-OL-FR,USED_FOR,TherapeuticUse,D014623,used_for,Plant part is associated with the respective therapeutic use
PlantPart,NE-OL-LE,USED_FOR,TherapeuticUse,D000700,used_for,Plant part is associated with the respective therapeutic use
PlantPart,NE-OL-LE,USED_FOR,TherapeuticUse,D000871,used_for,Plant part is associated with the respective therapeutic use
PlantPart,NE-OL-LE,USED_FOR,TherapeuticUse,D000893,used_for,Plant part is associated with the respective therapeutic use
PlantPart,NE-OL-LE,USED_FOR,TherapeuticUse,D000900,used_for,Plant part is associated with the respective therapeutic use
PlantPart,NE-OL-LE,USED_FOR,TherapeuticUse,D000927,used_for,Plant part is associated with the respective therapeutic use
PlantPart,NE-OL-LE,USED_FOR,TherapeuticUse,D000935,used_for,Plant part is associated with the respective therapeutic use
PlantPart,NE-OL-LE,USED_FOR,TherapeuticUse,D000970,used_for,Plant part is associated with the respective therapeutic use
PlantPart,NE-OL-LE,USED_FOR,TherapeuticUse,D000975,used_for,Plant part is associated with the respective therapeutic use
PlantPart,NE-OL-LE,USED_FOR,TherapeuticUse,D001201,used_for,Plant part is associated with the respective therapeutic use
PlantPart,NE-OL-LE,USED_FOR,TherapeuticUse,D001249,used_for,Plant part is associated with the respective therapeutic use
PlantPart,NE-OL-LE,USED_FOR,TherapeuticUse,D001416,used_for,Plant part is associated with the respective therapeutic use
PlantPart,NE-OL-LE,USED_FOR,TherapeuticUse,D001768,used_for,Plant part is associated with the respective therapeutic use
PlantPart,NE-OL-LE,USED_FOR,TherapeuticUse,D002056,used_for,Plant part is associated with the respective therapeutic use
PlantPart,NE-OL-LE,USED_FOR,TherapeuticUse,D002316,used_for,Plant part is associated with the respective therapeutic use
PlantPart,NE-OL-LE,USED_FOR,TherapeuticUse,D002317,used_for,Plant part is associated with the respective therapeutic use
PlantPart,NE-OL-LE,USED_FOR,TherapeuticUse,D002318,used_for,Plant part is associated with the respective therapeutic use
PlantPart,NE-OL-LE,USED_FOR,TherapeuticUse,D002601,used_for,Plant part is associated with the respective therapeutic use
PlantPart,NE-OL-LE,USED_FOR,TherapeuticUse,D002637,used_for,Plant part is associated with the respective therapeutic use
PlantPart,NE-OL-LE,USED_FOR,TherapeuticUse,D003967,used_for,Plant part is associated with the respective therapeutic use
PlantPart,NE-OL-LE,USED_FOR,TherapeuticUse,D004232,used_for,Plant part is associated with the respective therapeutic use
PlantPart,NE-OL-LE,USED_FOR,TherapeuticUse,D004433,used_for,Plant part is associated with the respective therapeutic use
PlantPart,NE-OL-LE,USED_FOR,TherapeuticUse,D004485,used_for,Plant part is associated with the respective therapeutic use
PlantPart,NE-OL-LE,USED_FOR,TherapeuticUse,D004487,used_for,Plant part is associated with the respective therapeutic use
PlantPart,NE-OL-LE,USED_FOR,TherapeuticUse,D004639,used_for,Plant part is associated with the respective therapeutic use
PlantPart,NE-OL-LE,USED_FOR,TherapeuticUse,D005128,used_for,Plant part is associated with the respective therapeutic use
PlantPart,NE-OL-LE,USED_FOR,TherapeuticUse,D005334,used_for,Plant part is associated with the respective therapeutic use
PlantPart,NE-OL-LE,USED_FOR,TherapeuticUse,D005667,used_for,Plant part is associated with the respective therapeutic use
PlantPart,NE-OL-LE,USED_FOR,TherapeuticUse,D006331,used_for,Plant part is associated with the respective therapeutic use
PlantPart,NE-OL-LE,USED_FOR,TherapeuticUse,D006470,used_for,Plant part is associated with the respective therapeutic use
PlantPart,NE-OL-LE,USED_FOR,TherapeuticUse,D006484,used_for,Plant part is associated with the respective therapeutic use
PlantPart,NE-OL-LE,USED_FOR,TherapeuticUse,D006967,used_for,Plant part is associated with the respective therapeutic use
PlantPart,NE-OL-LE,USED_FOR,TherapeuticUse,D007249,used_for,Plant part is associated with the respective therapeutic use
PlantPart,NE-OL-LE,USED_FOR,TherapeuticUse,D007299,used_for,Plant part is associated with the respective therapeutic use
PlantPart,NE-OL-LE,USED_FOR,TherapeuticUse,D007302,used_for,Plant part is associated with the respective therapeutic use
PlantPart,NE-OL-LE,USED_FOR,TherapeuticUse,D007306,used_for,Plant part is associated with the respective therapeutic use
PlantPart,NE-OL-LE,USED_FOR,TherapeuticUse,D007766,used_for,Plant part is associated with the respective therapeutic use
PlantPart,NE-OL-LE,USED_FOR,TherapeuticUse,D008107,used_for,Plant part is associated with the respective therapeutic use
PlantPart,NE-OL-LE,USED_FOR,TherapeuticUse,D008881,used_for,Plant part is associated with the respective therapeutic use
PlantPart,NE-OL-LE,USED_FOR,TherapeuticUse,D009067,used_for,Plant part is associated with the respective therapeutic use
PlantPart,NE-OL-LE,USED_FOR,TherapeuticUse,D009422,used_for,Plant part is associated with the respective therapeutic use
PlantPart,NE-OL-LE,USED_FOR,TherapeuticUse,D009877,used_for,Plant part is associated with the respective therapeutic use
PlantPart,NE-OL-LE,USED_FOR,TherapeuticUse,D010510,used_for,Plant part is associated with the respective therapeutic use
PlantPart,NE-OL-LE,USED_FOR,TherapeuticUse,D011041,used_for,Plant part is associated with the respective therapeutic use
PlantPart,NE-OL-LE,USED_FOR,TherapeuticUse,D011248,used_for,Plant part is associated with the respective therapeutic use
PlantPart,NE-OL-LE,USED_FOR,TherapeuticUse,D011537,used_for,Plant part is associated with the respective therapeutic use
PlantPart,NE-OL-LE,USED_FOR,TherapeuticUse,D012532,used_for,Plant part is associated with the respective therapeutic use
PlantPart,NE-OL-LE,USED_FOR,TherapeuticUse,D012871,used_for,Plant part is associated with the respective therapeutic use
PlantPart,NE-OL-LE,USED_FOR,TherapeuticUse,D012909,used_for,Plant part is associated with the respective therapeutic use
PlantPart,NE-OL-LE,USED_FOR,TherapeuticUse,D013587,used_for,Plant part is associated with the respective therapeutic use
PlantPart,NE-OL-LE,USED_FOR,TherapeuticUse,D014456,used_for,Plant part is associated with the respective therapeutic use
PlantPart,NE-OL-LE,USED_FOR,TherapeuticUse,D014945,used_for,Plant part is associated with the respective therapeutic use
PlantPart,NE-OL-LE,USED_FOR,TherapeuticUse,D015227,used_for,Plant part is associated with the respective therapeutic use
PlantPart,NE-OL-LE,USED_FOR,TherapeuticUse,D016587,used_for,Plant part is associated with the respective therapeutic use
PlantPart,NE-OL-LE,USED_FOR,TherapeuticUse,D056669,used_for,Plant part is associated with the respective therapeutic use
PlantPart,NE-OL-LE,USED_FOR,TherapeuticUse,D058633,used_for,Plant part is associated with the respective therapeutic use
PlantPart,NE-OL-LE,USED_FOR,TherapeuticUse,D065008,used_for,Plant part is associated with the respective therapeutic use
PlantPart,NE-OL-PL,USED_FOR,TherapeuticUse,D000935,used_for,Plant part is associated with the respective therapeutic use
PlantPart,NE-OL-PL,USED_FOR,TherapeuticUse,D001768,used_for,Plant part is associated with the respective therapeutic use
PlantPart,NE-OL-PL,USED_FOR,TherapeuticUse,D006967,used_for,Plant part is associated with the respective therapeutic use
PlantPart,NE-OL-RH,USED_FOR,TherapeuticUse,D001744,used_for,Plant part is associated with the respective therapeutic use
PlantPart,NE-OL-RH,USED_FOR,TherapeuticUse,D014545,used_for,Plant part is associated with the respective therapeutic use
PlantPart,NE-OL-RO,USED_FOR,TherapeuticUse,D000019,used_for,Plant part is associated with the respective therapeutic use
PlantPart,NE-OL-RO,USED_FOR,TherapeuticUse,D000700,used_for,Plant part is associated with the respective therapeutic use
PlantPart,NE-OL-RO,USED_FOR,TherapeuticUse,D000871,used_for,Plant part is associated with the respective therapeutic use
PlantPart,NE-OL-RO,USED_FOR,TherapeuticUse,D000891,used_for,Plant part is associated with the respective therapeutic use
PlantPart,NE-OL-RO,USED_FOR,TherapeuticUse,D000893,used_for,Plant part is associated with the respective therapeutic use
PlantPart,NE-OL-RO,USED_FOR,TherapeuticUse,D000900,used_for,Plant part is associated with the respective therapeutic use
PlantPart,NE-OL-RO,USED_FOR,TherapeuticUse,D000931,used_for,Plant part is associated with the respective therapeutic use
PlantPart,NE-OL-RO,USED_FOR,TherapeuticUse,D000935,used_for,Plant part is associated with the respective therapeutic use
PlantPart,NE-OL-RO,USED_FOR,TherapeuticUse,D000970,used_for,Plant part is associated with the respective therapeutic use
PlantPart,NE-OL-RO,USED_FOR,TherapeuticUse,D000982,used_for,Plant part is associated with the respective therapeutic use
PlantPart,NE-OL-RO,USED_FOR,TherapeuticUse,D000992,used_for,Plant part is associated with the respective therapeutic use
PlantPart,NE-OL-RO,USED_FOR,TherapeuticUse,D001046,used_for,Plant part is associated with the respective therapeutic use
PlantPart,NE-OL-RO,USED_FOR,TherapeuticUse,D001201,used_for,Plant part is associated with the respective therapeutic use
PlantPart,NE-OL-RO,USED_FOR,TherapeuticUse,D001249,used_for,Plant part is associated with the respective therapeutic use
PlantPart,NE-OL-RO,USED_FOR,TherapeuticUse,D001744,used_for,Plant part is associated with the respective therapeutic use
PlantPart,NE-OL-RO,USED_FOR,TherapeuticUse,D002316,used_for,Plant part is associated with the respective therapeutic use
PlantPart,NE-OL-RO,USED_FOR,TherapeuticUse,D002317,used_for,Plant part is associated with the respective therapeutic use
PlantPart,NE-OL-RO,USED_FOR,TherapeuticUse,D002492,used_for,Plant part is associated with the respective therapeutic use
PlantPart,NE-OL-RO,USED_FOR,TherapeuticUse,D002601,used_for,Plant part is associated with the respective therapeutic use
PlantPart,NE-OL-RO,USED_FOR,TherapeuticUse,D003270,used_for,Plant part is associated with the respective therapeutic use
PlantPart,NE-OL-RO,USED_FOR,TherapeuticUse,D003920,used_for,Plant part is associated with the respective therapeutic use
PlantPart,NE-OL-RO,USED_FOR,TherapeuticUse,D004066,used_for,Plant part is associated with the respective therapeutic use
PlantPart,NE-OL-RO,USED_FOR,TherapeuticUse,D004232,used_for,Plant part is associated with the respective therapeutic use
PlantPart,NE-OL-RO,USED_FOR,TherapeuticUse,D004485,used_for,Plant part is associated with the respective therapeutic use
PlantPart,NE-OL-RO,USED_FOR,TherapeuticUse,D005128,used_for,Plant part is associated with the respective therapeutic use
PlantPart,NE-OL-RO,USED_FOR,TherapeuticUse,D005334,used_for,Plant part is associated with the respective therapeutic use
PlantPart,NE-OL-RO,USED_FOR,TherapeuticUse,D006261,used_for,Plant part is associated with the respective therapeutic use
PlantPart,NE-OL-RO,USED_FOR,TherapeuticUse,D006331,used_for,Plant part is associated with the respective therapeutic use
PlantPart,NE-OL-RO,USED_FOR,TherapeuticUse,D006470,used_for,Plant part is associated with the respective therapeutic use
PlantPart,NE-OL-RO,USED_FOR,TherapeuticUse,D006484,used_for,Plant part is associated with the respective therapeutic use
PlantPart,NE-OL-RO,USED_FOR,TherapeuticUse,D007169,used_for,Plant part is associated with the respective therapeutic use
PlantPart,NE-OL-RO,USED_FOR,TherapeuticUse,D007299,used_for,Plant part is associated with the respective therapeutic use
PlantPart,NE-OL-RO,USED_FOR,TherapeuticUse,D007306,used_for,Plant part is associated with the respective therapeutic use
PlantPart,NE-OL-RO,USED_FOR,TherapeuticUse,D007918,used_for,Plant part is associated with the respective therapeutic use
PlantPart,NE-OL-RO,USED_FOR,TherapeuticUse,D008975,used_for,Plant part is associated with the respective therapeutic use
PlantPart,NE-OL-RO,USED_FOR,TherapeuticUse,D009369,used_for,Plant part is associated with the respective therapeutic use
PlantPart,NE-OL-RO,USED_FOR,TherapeuticUse,D009422,used_for,Plant part is associated with the respective therapeutic use
PlantPart,NE-OL-RO,USED_FOR,TherapeuticUse,D009877,used_for,Plant part is associated with the respective therapeutic use
PlantPart,NE-OL-RO,USED_FOR,TherapeuticUse,D010120,used_for,Plant part is associated with the respective therapeutic use
PlantPart,NE-OL-RO,USED_FOR,TherapeuticUse,D010146,used_for,Plant part is associated with the respective therapeutic use
PlantPart,NE-OL-RO,USED_FOR,TherapeuticUse,D010409,used_for,Plant part is associated with the respective therapeutic use
PlantPart,NE-OL-RO,USED_FOR,TherapeuticUse,D011041,used_for,Plant part is associated with the respective therapeutic use
PlantPart,NE-OL-RO,USED_FOR,TherapeuticUse,D011537,used_for,Plant part is associated with the respective therapeutic use
PlantPart,NE-OL-RO,USED_FOR,TherapeuticUse,D012060,used_for,Plant part is associated with the respective therapeutic use
PlantPart,NE-OL-RO,USED_FOR,TherapeuticUse,D012871,used_for,Plant part is associated with the respective therapeutic use
PlantPart,NE-OL-RO,USED_FOR,TherapeuticUse,D012909,used_for,Plant part is associated with the respective therapeutic use
PlantPart,NE-OL-RO,USED_FOR,TherapeuticUse,D013245,used_for,Plant part is associated with the respective therapeutic use
PlantPart,NE-OL-RO,USED_FOR,TherapeuticUse,D013587,used_for,Plant part is associated with the respective therapeutic use
PlantPart,NE-OL-RO,USED_FOR,TherapeuticUse,D014456,used_for,Plant part is associated with the respective therapeutic use
PlantPart,NE-OL-RO,USED_FOR,TherapeuticUse,D014555,used_for,Plant part is associated with the respective therapeutic use
PlantPart,NE-OL-RO,USED_FOR,TherapeuticUse,D014820,used_for,Plant part is associated with the respective therapeutic use
PlantPart,NE-OL-RO,USED_FOR,TherapeuticUse,D014945,used_for,Plant part is associated with the respective therapeutic use
PlantPart,NE-OL-RO,USED_FOR,TherapeuticUse,D015746,used_for,Plant part is associated with the respective therapeutic use
PlantPart,NE-OL-RO,USED_FOR,TherapeuticUse,D018771,used_for,Plant part is associated with the respective therapeutic use
PlantPart,NE-OL-RO,USED_FOR,TherapeuticUse,D019167,used_for,Plant part is associated with the respective therapeutic use
PlantPart,NE-OL-RO,USED_FOR,TherapeuticUse,D058633,used_for,Plant part is associated with the respective therapeutic use
PlantPart,NE-OL-RO,USED_FOR,TherapeuticUse,D065008,used_for,Plant part is associated with the respective therapeutic use
PlantPart,NE-OL-SE,USED_FOR,TherapeuticUse,D000982,used_for,Plant part is associated with the respective therapeutic use
PlantPart,NE-OL-SE,USED_FOR,TherapeuticUse,D007299,used_for,Plant part is associated with the respective therapeutic use
PlantPart,NE-OL-SE,USED_FOR,TherapeuticUse,D014945,used_for,Plant part is associated with the respective therapeutic use
PlantPart,NE-OL-ST,USED_FOR,TherapeuticUse,D000900,used_for,Plant part is associated with the respective therapeutic use
PlantPart,NE-OL-ST,USED_FOR,TherapeuticUse,D003920,used_for,Plant part is associated with the respective therapeutic use
PlantPart,NE-OL-ST,USED_FOR,TherapeuticUse,D007306,used_for,Plant part is associated with the respective therapeutic use
PlantPart,NE-OL-WH,USED_FOR,TherapeuticUse,D000935,used_for,Plant part is associated with the respective therapeutic use
PlantPart,NY-AR-AE,USED_FOR,TherapeuticUse,D008288,used_for,Plant part is associated with the respective therapeutic use
PlantPart,NY-AR-BA,USED_FOR,TherapeuticUse,D000700,used_for,Plant part is associated with the respective therapeutic use
PlantPart,NY-AR-BA,USED_FOR,TherapeuticUse,D000893,used_for,Plant part is associated with the respective therapeutic use
PlantPart,NY-AR-BA,USED_FOR,TherapeuticUse,D000988,used_for,Plant part is associated with the respective therapeutic use
PlantPart,NY-AR-BA,USED_FOR,TherapeuticUse,D000996,used_for,Plant part is associated with the respective therapeutic use
PlantPart,NY-AR-BA,USED_FOR,TherapeuticUse,D001249,used_for,Plant part is associated with the respective therapeutic use
PlantPart,NY-AR-BA,USED_FOR,TherapeuticUse,D001991,used_for,Plant part is associated with the respective therapeutic use
PlantPart,NY-AR-BA,USED_FOR,TherapeuticUse,D002492,used_for,Plant part is associated with the respective therapeutic use
PlantPart,NY-AR-BA,USED_FOR,TherapeuticUse,D003967,used_for,Plant part is associated with the respective therapeutic use
PlantPart,NY-AR-BA,USED_FOR,TherapeuticUse,D004232,used_for,Plant part is associated with the respective therapeutic use
PlantPart,NY-AR-BA,USED_FOR,TherapeuticUse,D005100,used_for,Plant part is associated with the respective therapeutic use
PlantPart,NY-AR-BA,USED_FOR,TherapeuticUse,D006606,used_for,Plant part is associated with the respective therapeutic use
PlantPart,NY-AR-BA,USED_FOR,TherapeuticUse,D007022,used_for,Plant part is associated with the respective therapeutic use
PlantPart,NY-AR-BA,USED_FOR,TherapeuticUse,D007410,used_for,Plant part is associated with the respective therapeutic use
PlantPart,NY-AR-BA,USED_FOR,TherapeuticUse,D007565,used_for,Plant part is associated with the respective therapeutic use
PlantPart,NY-AR-BA,USED_FOR,TherapeuticUse,D008107,used_for,Plant part is associated with the respective therapeutic use
PlantPart,NY-AR-BA,USED_FOR,TherapeuticUse,D010612,used_for,Plant part is associated with the respective therapeutic use
PlantPart,NY-AR-BA,USED_FOR,TherapeuticUse,D012141,used_for,Plant part is associated with the respective therapeutic use
PlantPart,NY-AR-BA,USED_FOR,TherapeuticUse,D012585,used_for,Plant part is associated with the respective therapeutic use
PlantPart,NY-AR-BA,USED_FOR,TherapeuticUse,D012871,used_for,Plant part is associated with the respective therapeutic use
PlantPart,NY-AR-BA,USED_FOR,TherapeuticUse,D013163,used_for,Plant part is associated with the respective therapeutic use
PlantPart,NY-AR-BA,USED_FOR,TherapeuticUse,D014945,used_for,Plant part is associated with the respective therapeutic use
PlantPart,NY-AR-BA,USED_FOR,TherapeuticUse,D014947,used_for,Plant part is associated with the respective therapeutic use
PlantPart,NY-AR-BA,USED_FOR,TherapeuticUse,D018501,used_for,Plant part is associated with the respective therapeutic use
PlantPart,NY-AR-BA,USED_FOR,TherapeuticUse,D018771,used_for,Plant part is associated with the respective therapeutic use
PlantPart,NY-AR-BA,USED_FOR,TherapeuticUse,D058447,used_for,Plant part is associated with the respective therapeutic use
PlantPart,NY-AR-BA,USED_FOR,TherapeuticUse,D058633,used_for,Plant part is associated with the respective therapeutic use
PlantPart,NY-AR-BA,USED_FOR,TherapeuticUse,D065008,used_for,Plant part is associated with the respective therapeutic use
PlantPart,NY-AR-FL,USED_FOR,TherapeuticUse,D000505,used_for,Plant part is associated with the respective therapeutic use
PlantPart,NY-AR-FL,USED_FOR,TherapeuticUse,D000700,used_for,Plant part is associated with the respective therapeutic use
PlantPart,NY-AR-FL,USED_FOR,TherapeuticUse,D000893,used_for,Plant part is associated with the respective therapeutic use
PlantPart,NY-AR-FL,USED_FOR,TherapeuticUse,D000932,used_for,Plant part is associated with the respective therapeutic use
PlantPart,NY-AR-FL,USED_FOR,TherapeuticUse,D000959,used_for,Plant part is associated with the respective therapeutic use
PlantPart,NY-AR-FL,USED_FOR,TherapeuticUse,D000970,used_for,Plant part is associated with the respective therapeutic use
PlantPart,NY-AR-FL,USED_FOR,TherapeuticUse,D000975,used_for,Plant part is associated with the respective therapeutic use
PlantPart,NY-AR-FL,USED_FOR,TherapeuticUse,D000996,used_for,Plant part is associated with the respective therapeutic use
PlantPart,NY-AR-FL,USED_FOR,TherapeuticUse,D000998,used_for,Plant part is associated with the respective therapeutic use
PlantPart,NY-AR-FL,USED_FOR,TherapeuticUse,D001991,used_for,Plant part is associated with the respective therapeutic use
PlantPart,NY-AR-FL,USED_FOR,TherapeuticUse,D002492,used_for,Plant part is associated with the respective therapeutic use
PlantPart,NY-AR-FL,USED_FOR,TherapeuticUse,D003085,used_for,Plant part is associated with the respective therapeutic use
PlantPart,NY-AR-FL,USED_FOR,TherapeuticUse,D003270,used_for,Plant part is associated with the respective therapeutic use
PlantPart,NY-AR-FL,USED_FOR,TherapeuticUse,D004232,used_for,Plant part is associated with the respective therapeutic use
PlantPart,NY-AR-FL,USED_FOR,TherapeuticUse,D004404,used_for,Plant part is associated with the respective therapeutic use
PlantPart,NY-AR-FL,USED_FOR,TherapeuticUse,D005128,used_for,Plant part is associated with the respective therapeutic use
PlantPart,NY-AR-FL,USED_FOR,TherapeuticUse,D005414,used_for,Plant part is associated with the respective therapeutic use
PlantPart,NY-AR-FL,USED_FOR,TherapeuticUse,D006073,used_for,Plant part is associated with the respective therapeutic use
PlantPart,NY-AR-FL,USED_FOR,TherapeuticUse,D006505,used_for,Plant part is associated with the respective therapeutic use
PlantPart,NY-AR-FL,USED_FOR,TherapeuticUse,D006606,used_for,Plant part is associated with the respective therapeutic use
PlantPart,NY-AR-FL,USED_FOR,TherapeuticUse,D006967,used_for,Plant part is associated with the respective therapeutic use
PlantPart,NY-AR-FL,USED_FOR,TherapeuticUse,D007249,used_for,Plant part is associated with the respective therapeutic use
PlantPart,NY-AR-FL,USED_FOR,TherapeuticUse,D007251,used_for,Plant part is associated with the respective therapeutic use
PlantPart,NY-AR-FL,USED_FOR,TherapeuticUse,D007896,used_for,Plant part is associated with the respective therapeutic use
PlantPart,NY-AR-FL,USED_FOR,TherapeuticUse,D008457,used_for,Plant part is associated with the respective therapeutic use
PlantPart,NY-AR-FL,USED_FOR,TherapeuticUse,D009497,used_for,Plant part is associated with the respective therapeutic use
PlantPart,NY-AR-FL,USED_FOR,TherapeuticUse,D010276,used_for,Plant part is associated with the respective therapeutic use
PlantPart,NY-AR-FL,USED_FOR,TherapeuticUse,D012532,used_for,Plant part is associated with the respective therapeutic use
PlantPart,NY-AR-FL,USED_FOR,TherapeuticUse,D012536,used_for,Plant part is associated with the respective therapeutic use
PlantPart,NY-AR-FL,USED_FOR,TherapeuticUse,D012871,used_for,Plant part is associated with the respective therapeutic use
PlantPart,NY-AR-FL,USED_FOR,TherapeuticUse,D013163,used_for,Plant part is associated with the respective therapeutic use
PlantPart,NY-AR-FL,USED_FOR,TherapeuticUse,D018501,used_for,Plant part is associated with the respective therapeutic use
PlantPart,NY-AR-FL,USED_FOR,TherapeuticUse,D018771,used_for,Plant part is associated with the respective therapeutic use
PlantPart,NY-AR-FL,USED_FOR,TherapeuticUse,D019167,used_for,Plant part is associated with the respective therapeutic use
PlantPart,NY-AR-FL,USED_FOR,TherapeuticUse,D056747,used_for,Plant part is associated with the respective therapeutic use
PlantPart,NY-AR-FL,USED_FOR,TherapeuticUse,D058633,used_for,Plant part is associated with the respective therapeutic use
PlantPart,NY-AR-FL,USED_FOR,TherapeuticUse,D063807,used_for,Plant part is associated with the respective therapeutic use
PlantPart,NY-AR-FR,USED_FOR,TherapeuticUse,D000893,used_for,Plant part is associated with the respective therapeutic use
PlantPart,NY-AR-FR,USED_FOR,TherapeuticUse,D000996,used_for,Plant part is associated with the respective therapeutic use
PlantPart,NY-AR-FR,USED_FOR,TherapeuticUse,D001991,used_for,Plant part is associated with the respective therapeutic use
PlantPart,NY-AR-FR,USED_FOR,TherapeuticUse,D006484,used_for,Plant part is associated with the respective therapeutic use
PlantPart,NY-AR-FR,USED_FOR,TherapeuticUse,D007251,used_for,Plant part is associated with the respective therapeutic use
PlantPart,NY-AR-FR,USED_FOR,TherapeuticUse,D012585,used_for,Plant part is associated with the respective therapeutic use
PlantPart,NY-AR-FR,USED_FOR,TherapeuticUse,D018501,used_for,Plant part is associated with the respective therapeutic use
PlantPart,NY-AR-FR,USED_FOR,TherapeuticUse,D058633,used_for,Plant part is associated with the respective therapeutic use
PlantPart,NY-AR-LE,USED_FOR,TherapeuticUse,D000505,used_for,Plant part is associated with the respective therapeutic use
PlantPart,NY-AR-LE,USED_FOR,TherapeuticUse,D000700,used_for,Plant part is associated with the respective therapeutic use
PlantPart,NY-AR-LE,USED_FOR,TherapeuticUse,D000743,used_for,Plant part is associated with the respective therapeutic use
PlantPart,NY-AR-LE,USED_FOR,TherapeuticUse,D000871,used_for,Plant part is associated with the respective therapeutic use
PlantPart,NY-AR-LE,USED_FOR,TherapeuticUse,D000889,used_for,Plant part is associated with the respective therapeutic use
PlantPart,NY-AR-LE,USED_FOR,TherapeuticUse,D000891,used_for,Plant part is associated with the respective therapeutic use
PlantPart,NY-AR-LE,USED_FOR,TherapeuticUse,D000893,used_for,Plant part is associated with the respective therapeutic use
PlantPart,NY-AR-LE,USED_FOR,TherapeuticUse,D000900,used_for,Plant part is associated with the respective therapeutic use
PlantPart,NY-AR-LE,USED_FOR,TherapeuticUse,D000927,used_for,Plant part is associated with the respective therapeutic use
PlantPart,NY-AR-LE,USED_FOR,TherapeuticUse,D000935,used_for,Plant part is associated with the respective therapeutic use
PlantPart,NY-AR-LE,USED_FOR,TherapeuticUse,D000970,used_for,Plant part is associated with the respective therapeutic use
PlantPart,NY-AR-LE,USED_FOR,TherapeuticUse,D000975,used_for,Plant part is associated with the respective therapeutic use
PlantPart,NY-AR-LE,USED_FOR,TherapeuticUse,D000981,used_for,Plant part is associated with the respective therapeutic use
PlantPart,NY-AR-LE,USED_FOR,TherapeuticUse,D000982,used_for,Plant part is associated with the respective therapeutic use
PlantPart,NY-AR-LE,USED_FOR,TherapeuticUse,D000995,used_for,Plant part is associated with the respective therapeutic use
PlantPart,NY-AR-LE,USED_FOR,TherapeuticUse,D000996,used_for,Plant part is associated with the respective therapeutic use
PlantPart,NY-AR-LE,USED_FOR,TherapeuticUse,D000998,used_for,Plant part is associated with the respective therapeutic use
PlantPart,NY-AR-LE,USED_FOR,TherapeuticUse,D001168,used_for,Plant part is associated with the respective therapeutic use
PlantPart,NY-AR-LE,USED_FOR,TherapeuticUse,D001249,used_for,Plant part is associated with the respective therapeutic use
PlantPart,NY-AR-LE,USED_FOR,TherapeuticUse,D001660,used_for,Plant part is associated with the respective therapeutic use
PlantPart,NY-AR-LE,USED_FOR,TherapeuticUse,D001733,used_for,Plant part is associated with the respective therapeutic use
PlantPart,NY-AR-LE,USED_FOR,TherapeuticUse,D001991,used_for,Plant part is associated with the respective therapeutic use
PlantPart,NY-AR-LE,USED_FOR,TherapeuticUse,D002319,used_for,Plant part is associated with the respective therapeutic use
PlantPart,NY-AR-LE,USED_FOR,TherapeuticUse,D002400,used_for,Plant part is associated with the respective therapeutic use
PlantPart,NY-AR-LE,USED_FOR,TherapeuticUse,D002492,used_for,Plant part is associated with the respective therapeutic use
PlantPart,NY-AR-LE,USED_FOR,TherapeuticUse,D002756,used_for,Plant part is associated with the respective therapeutic use
PlantPart,NY-AR-LE,USED_FOR,TherapeuticUse,D002800,used_for,Plant part is associated with the respective therapeutic use
PlantPart,NY-AR-LE,USED_FOR,TherapeuticUse,D003139,used_for,Plant part is associated with the respective therapeutic use
PlantPart,NY-AR-LE,USED_FOR,TherapeuticUse,D003248,used_for,Plant part is associated with the respective therapeutic use
PlantPart,NY-AR-LE,USED_FOR,TherapeuticUse,D003371,used_for,Plant part is associated with the respective therapeutic use
PlantPart,NY-AR-LE,USED_FOR,TherapeuticUse,D003920,used_for,Plant part is associated with the respective therapeutic use
PlantPart,NY-AR-LE,USED_FOR,TherapeuticUse,D003967,used_for,Plant part is associated with the respective therapeutic use
PlantPart,NY-AR-LE,USED_FOR,TherapeuticUse,D004066,used_for,Plant part is associated with the respective therapeutic use
PlantPart,NY-AR-LE,USED_FOR,TherapeuticUse,D004232,used_for,Plant part is associated with the respective therapeutic use
PlantPart,NY-AR-LE,USED_FOR,TherapeuticUse,D004404,used_for,Plant part is associated with the respective therapeutic use
PlantPart,NY-AR-LE,USED_FOR,TherapeuticUse,D004415,used_for,Plant part is associated with the respective therapeutic use
PlantPart,NY-AR-LE,USED_FOR,TherapeuticUse,D004485,used_for,Plant part is associated with the respective therapeutic use
PlantPart,NY-AR-LE,USED_FOR,TherapeuticUse,D004643,used_for,Plant part is associated with the respective therapeutic use
PlantPart,NY-AR-LE,USED_FOR,TherapeuticUse,D004844,used_for,Plant part is associated with the respective therapeutic use
PlantPart,NY-AR-LE,USED_FOR,TherapeuticUse,D005100,used_for,Plant part is associated with the respective therapeutic use
PlantPart,NY-AR-LE,USED_FOR,TherapeuticUse,D005334,used_for,Plant part is associated with the respective therapeutic use
PlantPart,NY-AR-LE,USED_FOR,TherapeuticUse,D005368,used_for,Plant part is associated with the respective therapeutic use
PlantPart,NY-AR-LE,USED_FOR,TherapeuticUse,D005414,used_for,Plant part is associated with the respective therapeutic use
PlantPart,NY-AR-LE,USED_FOR,TherapeuticUse,D005667,used_for,Plant part is associated with the respective therapeutic use
PlantPart,NY-AR-LE,USED_FOR,TherapeuticUse,D005756,used_for,Plant part is associated with the respective therapeutic use
PlantPart,NY-AR-LE,USED_FOR,TherapeuticUse,D006073,used_for,Plant part is associated with the respective therapeutic use
PlantPart,NY-AR-LE,USED_FOR,TherapeuticUse,D006201,used_for,Plant part is associated with the respective therapeutic use
PlantPart,NY-AR-LE,USED_FOR,TherapeuticUse,D006373,used_for,Plant part is associated with the respective therapeutic use
PlantPart,NY-AR-LE,USED_FOR,TherapeuticUse,D006402,used_for,Plant part is associated with the respective therapeutic use
PlantPart,NY-AR-LE,USED_FOR,TherapeuticUse,D006470,used_for,Plant part is associated with the respective therapeutic use
PlantPart,NY-AR-LE,USED_FOR,TherapeuticUse,D006484,used_for,Plant part is associated with the respective therapeutic use
PlantPart,NY-AR-LE,USED_FOR,TherapeuticUse,D006606,used_for,Plant part is associated with the respective therapeutic use
PlantPart,NY-AR-LE,USED_FOR,TherapeuticUse,D006967,used_for,Plant part is associated with the respective therapeutic use
PlantPart,NY-AR-LE,USED_FOR,TherapeuticUse,D007007,used_for,Plant part is associated with the respective therapeutic use
PlantPart,NY-AR-LE,USED_FOR,TherapeuticUse,D007022,used_for,Plant part is associated with the respective therapeutic use
PlantPart,NY-AR-LE,USED_FOR,TherapeuticUse,D007035,used_for,Plant part is associated with the respective therapeutic use
PlantPart,NY-AR-LE,USED_FOR,TherapeuticUse,D007172,used_for,Plant part is associated with the respective therapeutic use
PlantPart,NY-AR-LE,USED_FOR,TherapeuticUse,D007306,used_for,Plant part is associated with the respective therapeutic use
PlantPart,NY-AR-LE,USED_FOR,TherapeuticUse,D007410,used_for,Plant part is associated with the respective therapeutic use
PlantPart,NY-AR-LE,USED_FOR,TherapeuticUse,D007411,used_for,Plant part is associated with the respective therapeutic use
PlantPart,NY-AR-LE,USED_FOR,TherapeuticUse,D007565,used_for,Plant part is associated with the respective therapeutic use
PlantPart,NY-AR-LE,USED_FOR,TherapeuticUse,D007592,used_for,Plant part is associated with the respective therapeutic use
PlantPart,NY-AR-LE,USED_FOR,TherapeuticUse,D007674,used_for,Plant part is associated with the respective therapeutic use
PlantPart,NY-AR-LE,USED_FOR,TherapeuticUse,D007896,used_for,Plant part is associated with the respective therapeutic use
PlantPart,NY-AR-LE,USED_FOR,TherapeuticUse,D008107,used_for,Plant part is associated with the respective therapeutic use
PlantPart,NY-AR-LE,USED_FOR,TherapeuticUse,D008288,used_for,Plant part is associated with the respective therapeutic use
PlantPart,NY-AR-LE,USED_FOR,TherapeuticUse,D008599,used_for,Plant part is associated with the respective therapeutic use
PlantPart,NY-AR-LE,USED_FOR,TherapeuticUse,D009126,used_for,Plant part is associated with the respective therapeutic use
PlantPart,NY-AR-LE,USED_FOR,TherapeuticUse,D009497,used_for,Plant part is associated with the respective therapeutic use
PlantPart,NY-AR-LE,USED_FOR,TherapeuticUse,D010276,used_for,Plant part is associated with the respective therapeutic use
PlantPart,NY-AR-LE,USED_FOR,TherapeuticUse,D010612,used_for,Plant part is associated with the respective therapeutic use
PlantPart,NY-AR-LE,USED_FOR,TherapeuticUse,D012060,used_for,Plant part is associated with the respective therapeutic use
PlantPart,NY-AR-LE,USED_FOR,TherapeuticUse,D012532,used_for,Plant part is associated with the respective therapeutic use
PlantPart,NY-AR-LE,USED_FOR,TherapeuticUse,D012585,used_for,Plant part is associated with the respective therapeutic use
PlantPart,NY-AR-LE,USED_FOR,TherapeuticUse,D012829,used_for,Plant part is associated with the respective therapeutic use
PlantPart,NY-AR-LE,USED_FOR,TherapeuticUse,D012852,used_for,Plant part is associated with the respective therapeutic use
PlantPart,NY-AR-LE,USED_FOR,TherapeuticUse,D012871,used_for,Plant part is associated with the respective therapeutic use
PlantPart,NY-AR-LE,USED_FOR,TherapeuticUse,D012874,used_for,Plant part is associated with the respective therapeutic use
PlantPart,NY-AR-LE,USED_FOR,TherapeuticUse,D012909,used_for,Plant part is associated with the respective therapeutic use
PlantPart,NY-AR-LE,USED_FOR,TherapeuticUse,D013163,used_for,Plant part is associated with the respective therapeutic use
PlantPart,NY-AR-LE,USED_FOR,TherapeuticUse,D014149,used_for,Plant part is associated with the respective therapeutic use
PlantPart,NY-AR-LE,USED_FOR,TherapeuticUse,D014151,used_for,Plant part is associated with the respective therapeutic use
PlantPart,NY-AR-LE,USED_FOR,TherapeuticUse,D014352,used_for,Plant part is associated with the respective therapeutic use
PlantPart,NY-AR-LE,USED_FOR,TherapeuticUse,D014555,used_for,Plant part is associated with the respective therapeutic use
PlantPart,NY-AR-LE,USED_FOR,TherapeuticUse,D014648,used_for,Plant part is associated with the respective therapeutic use
PlantPart,NY-AR-LE,USED_FOR,TherapeuticUse,D014839,used_for,Plant part is associated with the respective therapeutic use
PlantPart,NY-AR-LE,USED_FOR,TherapeuticUse,D014945,used_for,Plant part is associated with the respective therapeutic use
PlantPart,NY-AR-LE,USED_FOR,TherapeuticUse,D017116,used_for,Plant part is associated with the respective therapeutic use
PlantPart,NY-AR-LE,USED_FOR,TherapeuticUse,D018501,used_for,Plant part is associated with the respective therapeutic use
PlantPart,NY-AR-LE,USED_FOR,TherapeuticUse,D019141,used_for,Plant part is associated with the respective therapeutic use
PlantPart,NY-AR-LE,USED_FOR,TherapeuticUse,D019167,used_for,Plant part is associated with the respective therapeutic use
PlantPart,NY-AR-LE,USED_FOR,TherapeuticUse,D041981,used_for,Plant part is associated with the respective therapeutic use
PlantPart,NY-AR-LE,USED_FOR,TherapeuticUse,D050723,used_for,Plant part is associated with the respective therapeutic use
PlantPart,NY-AR-LE,USED_FOR,TherapeuticUse,D054368,used_for,Plant part is associated with the respective therapeutic use
PlantPart,NY-AR-LE,USED_FOR,TherapeuticUse,D056747,used_for,Plant part is associated with the respective therapeutic use
PlantPart,NY-AR-LE,USED_FOR,TherapeuticUse,D058633,used_for,Plant part is associated with the respective therapeutic use
PlantPart,NY-AR-LE,USED_FOR,TherapeuticUse,D063807,used_for,Plant part is associated with the respective therapeutic use
PlantPart,NY-AR-LE,USED_FOR,TherapeuticUse,D065008,used_for,Plant part is associated with the respective therapeutic use
PlantPart,NY-AR-RH,USED_FOR,TherapeuticUse,D006505,used_for,Plant part is associated with the respective therapeutic use
PlantPart,NY-AR-RO,USED_FOR,TherapeuticUse,D000700,used_for,Plant part is associated with the respective therapeutic use
PlantPart,NY-AR-RO,USED_FOR,TherapeuticUse,D000998,used_for,Plant part is associated with the respective therapeutic use
PlantPart,NY-AR-RO,USED_FOR,TherapeuticUse,D004232,used_for,Plant part is associated with the respective therapeutic use
PlantPart,NY-AR-RO,USED_FOR,TherapeuticUse,D004404,used_for,Plant part is associated with the respective therapeutic use
PlantPart,NY-AR-RO,USED_FOR,TherapeuticUse,D005368,used_for,Plant part is associated with the respective therapeutic use
PlantPart,NY-AR-RO,USED_FOR,TherapeuticUse,D006967,used_for,Plant part is associated with the respective therapeutic use
PlantPart,NY-AR-RO,USED_FOR,TherapeuticUse,D007172,used_for,Plant part is associated with the respective therapeutic use
PlantPart,NY-AR-RO,USED_FOR,TherapeuticUse,D007565,used_for,Plant part is associated with the respective therapeutic use
PlantPart,NY-AR-RO,USED_FOR,TherapeuticUse,D007896,used_for,Plant part is associated with the respective therapeutic use
PlantPart,NY-AR-RO,USED_FOR,TherapeuticUse,D008107,used_for,Plant part is associated with the respective therapeutic use
PlantPart,NY-AR-RO,USED_FOR,TherapeuticUse,D008288,used_for,Plant part is associated with the respective therapeutic use
PlantPart,NY-AR-RO,USED_FOR,TherapeuticUse,D008597,used_for,Plant part is associated with the respective therapeutic use
PlantPart,NY-AR-RO,USED_FOR,TherapeuticUse,D012909,used_for,Plant part is associated with the respective therapeutic use
PlantPart,NY-AR-RO,USED_FOR,TherapeuticUse,D013163,used_for,Plant part is associated with the respective therapeutic use
PlantPart,NY-AR-RO,USED_FOR,TherapeuticUse,D014069,used_for,Plant part is associated with the respective therapeutic use
PlantPart,NY-AR-RO,USED_FOR,TherapeuticUse,D017116,used_for,Plant part is associated with the respective therapeutic use
PlantPart,NY-AR-RO,USED_FOR,TherapeuticUse,D056747,used_for,Plant part is associated with the respective therapeutic use
PlantPart,NY-AR-RO,USED_FOR,TherapeuticUse,D058633,used_for,Plant part is associated with the respective therapeutic use
PlantPart,NY-AR-SE,USED_FOR,TherapeuticUse,D000276,used_for,Plant part is associated with the respective therapeutic use
PlantPart,NY-AR-SE,USED_FOR,TherapeuticUse,D000505,used_for,Plant part is associated with the respective therapeutic use
PlantPart,NY-AR-SE,USED_FOR,TherapeuticUse,D000893,used_for,Plant part is associated with the respective therapeutic use
PlantPart,NY-AR-SE,USED_FOR,TherapeuticUse,D000970,used_for,Plant part is associated with the respective therapeutic use
PlantPart,NY-AR-SE,USED_FOR,TherapeuticUse,D000975,used_for,Plant part is associated with the respective therapeutic use
PlantPart,NY-AR-SE,USED_FOR,TherapeuticUse,D000981,used_for,Plant part is associated with the respective therapeutic use
PlantPart,NY-AR-SE,USED_FOR,TherapeuticUse,D000998,used_for,Plant part is associated with the respective therapeutic use
PlantPart,NY-AR-SE,USED_FOR,TherapeuticUse,D002492,used_for,Plant part is associated with the respective therapeutic use
PlantPart,NY-AR-SE,USED_FOR,TherapeuticUse,D004232,used_for,Plant part is associated with the respective therapeutic use
PlantPart,NY-AR-SE,USED_FOR,TherapeuticUse,D004404,used_for,Plant part is associated with the respective therapeutic use
PlantPart,NY-AR-SE,USED_FOR,TherapeuticUse,D004686,used_for,Plant part is associated with the respective therapeutic use
PlantPart,NY-AR-SE,USED_FOR,TherapeuticUse,D005076,used_for,Plant part is associated with the respective therapeutic use
PlantPart,NY-AR-SE,USED_FOR,TherapeuticUse,D005744,used_for,Plant part is associated with the respective therapeutic use
PlantPart,NY-AR-SE,USED_FOR,TherapeuticUse,D006484,used_for,Plant part is associated with the respective therapeutic use
PlantPart,NY-AR-SE,USED_FOR,TherapeuticUse,D006967,used_for,Plant part is associated with the respective therapeutic use
PlantPart,NY-AR-SE,USED_FOR,TherapeuticUse,D007896,used_for,Plant part is associated with the respective therapeutic use
PlantPart,NY-AR-SE,USED_FOR,TherapeuticUse,D008288,used_for,Plant part is associated with the respective therapeutic use
PlantPart,NY-AR-SE,USED_FOR,TherapeuticUse,D012060,used_for,Plant part is associated with the respective therapeutic use
PlantPart,NY-AR-SE,USED_FOR,TherapeuticUse,D012141,used_for,Plant part is associated with the respective therapeutic use
PlantPart,NY-AR-SE,USED_FOR,TherapeuticUse,D012536,used_for,Plant part is associated with the respective therapeutic use
PlantPart,NY-AR-SE,USED_FOR,TherapeuticUse,D012614,used_for,Plant part is associated with the respective therapeutic use
PlantPart,NY-AR-SE,USED_FOR,TherapeuticUse,D012871,used_for,Plant part is associated with the respective therapeutic use
PlantPart,NY-AR-SE,USED_FOR,TherapeuticUse,D014456,used_for,Plant part is associated with the respective therapeutic use
PlantPart,NY-AR-SE,USED_FOR,TherapeuticUse,D015227,used_for,Plant part is associated with the respective therapeutic use
PlantPart,NY-AR-SE,USED_FOR,TherapeuticUse,D056747,used_for,Plant part is associated with the respective therapeutic use
PlantPart,NY-AR-SE,USED_FOR,TherapeuticUse,D063807,used_for,Plant part is associated with the respective therapeutic use
PlantPart,NY-AR-ST,USED_FOR,TherapeuticUse,D000996,used_for,Plant part is associated with the respective therapeutic use
PlantPart,NY-AR-ST,USED_FOR,TherapeuticUse,D000998,used_for,Plant part is associated with the respective therapeutic use
PlantPart,NY-AR-ST,USED_FOR,TherapeuticUse,D003139,used_for,Plant part is associated with the respective therapeutic use
PlantPart,NY-AR-ST,USED_FOR,TherapeuticUse,D004404,used_for,Plant part is associated with the respective therapeutic use
PlantPart,NY-AR-ST,USED_FOR,TherapeuticUse,D007896,used_for,Plant part is associated with the respective therapeutic use
PlantPart,NY-AR-WH,USED_FOR,TherapeuticUse,D018501,used_for,Plant part is associated with the respective therapeutic use
PlantPart,NY-AR-WH,USED_FOR,TherapeuticUse,D058633,used_for,Plant part is associated with the respective therapeutic use
PlantPart,OC-TE-AE,USED_FOR,TherapeuticUse,D000806,used_for,Plant part is associated with the respective therapeutic use
PlantPart,OC-TE-AE,USED_FOR,TherapeuticUse,D000900,used_for,Plant part is associated with the respective therapeutic use
PlantPart,OC-TE-AE,USED_FOR,TherapeuticUse,D000970,used_for,Plant part is associated with the respective therapeutic use
PlantPart,OC-TE-AE,USED_FOR,TherapeuticUse,D000975,used_for,Plant part is associated with the respective therapeutic use
PlantPart,OC-TE-AE,USED_FOR,TherapeuticUse,D000996,used_for,Plant part is associated with the respective therapeutic use
PlantPart,OC-TE-AE,USED_FOR,TherapeuticUse,D003920,used_for,Plant part is associated with the respective therapeutic use
PlantPart,OC-TE-AE,USED_FOR,TherapeuticUse,D006949,used_for,Plant part is associated with the respective therapeutic use
PlantPart,OC-TE-AE,USED_FOR,TherapeuticUse,D007306,used_for,Plant part is associated with the respective therapeutic use
PlantPart,OC-TE-BA,USED_FOR,TherapeuticUse,D000996,used_for,Plant part is associated with the respective therapeutic use
PlantPart,OC-TE-BA,USED_FOR,TherapeuticUse,D003270,used_for,Plant part is associated with the respective therapeutic use
PlantPart,OC-TE-FL,USED_FOR,TherapeuticUse,D000647,used_for,Plant part is associated with the respective therapeutic use
PlantPart,OC-TE-FL,USED_FOR,TherapeuticUse,D000740,used_for,Plant part is associated with the respective therapeutic use
PlantPart,OC-TE-FL,USED_FOR,TherapeuticUse,D000996,used_for,Plant part is associated with the respective therapeutic use
PlantPart,OC-TE-FL,USED_FOR,TherapeuticUse,D001098,used_for,Plant part is associated with the respective therapeutic use
PlantPart,OC-TE-FL,USED_FOR,TherapeuticUse,D003139,used_for,Plant part is associated with the respective therapeutic use
PlantPart,OC-TE-FL,USED_FOR,TherapeuticUse,D003371,used_for,Plant part is associated with the respective therapeutic use
PlantPart,OC-TE-FL,USED_FOR,TherapeuticUse,D005767,used_for,Plant part is associated with the respective therapeutic use
PlantPart,OC-TE-FL,USED_FOR,TherapeuticUse,D007004,used_for,Plant part is associated with the respective therapeutic use
PlantPart,OC-TE-FL,USED_FOR,TherapeuticUse,D007299,used_for,Plant part is associated with the respective therapeutic use
PlantPart,OC-TE-FL,USED_FOR,TherapeuticUse,D007306,used_for,Plant part is associated with the respective therapeutic use
PlantPart,OC-TE-FL,USED_FOR,TherapeuticUse,D008881,used_for,Plant part is associated with the respective therapeutic use
PlantPart,OC-TE-FL,USED_FOR,TherapeuticUse,D010276,used_for,Plant part is associated with the respective therapeutic use
PlantPart,OC-TE-FL,USED_FOR,TherapeuticUse,D011628,used_for,Plant part is associated with the respective therapeutic use
PlantPart,OC-TE-FL,USED_FOR,TherapeuticUse,D012060,used_for,Plant part is associated with the respective therapeutic use
PlantPart,OC-TE-FL,USED_FOR,TherapeuticUse,D012909,used_for,Plant part is associated with the respective therapeutic use
PlantPart,OC-TE-FL,USED_FOR,TherapeuticUse,D014945,used_for,Plant part is associated with the respective therapeutic use
PlantPart,OC-TE-FL,USED_FOR,TherapeuticUse,D065008,used_for,Plant part is associated with the respective therapeutic use
PlantPart,OC-TE-FR,USED_FOR,TherapeuticUse,D007565,used_for,Plant part is associated with the respective therapeutic use
PlantPart,OC-TE-LE,USED_FOR,TherapeuticUse,D000019,used_for,Plant part is associated with the respective therapeutic use
PlantPart,OC-TE-LE,USED_FOR,TherapeuticUse,D000152,used_for,Plant part is associated with the respective therapeutic use
PlantPart,OC-TE-LE,USED_FOR,TherapeuticUse,D000700,used_for,Plant part is associated with the respective therapeutic use
PlantPart,OC-TE-LE,USED_FOR,TherapeuticUse,D000743,used_for,Plant part is associated with the respective therapeutic use
PlantPart,OC-TE-LE,USED_FOR,TherapeuticUse,D000855,used_for,Plant part is associated with the respective therapeutic use
PlantPart,OC-TE-LE,USED_FOR,TherapeuticUse,D000871,used_for,Plant part is associated with the respective therapeutic use
PlantPart,OC-TE-LE,USED_FOR,TherapeuticUse,D000891,used_for,Plant part is associated with the respective therapeutic use
PlantPart,OC-TE-LE,USED_FOR,TherapeuticUse,D000893,used_for,Plant part is associated with the respective therapeutic use
PlantPart,OC-TE-LE,USED_FOR,TherapeuticUse,D000900,used_for,Plant part is associated with the respective therapeutic use
PlantPart,OC-TE-LE,USED_FOR,TherapeuticUse,D000927,used_for,Plant part is associated with the respective therapeutic use
PlantPart,OC-TE-LE,USED_FOR,TherapeuticUse,D000928,used_for,Plant part is associated with the respective therapeutic use
PlantPart,OC-TE-LE,USED_FOR,TherapeuticUse,D000931,used_for,Plant part is associated with the respective therapeutic use
PlantPart,OC-TE-LE,USED_FOR,TherapeuticUse,D000932,used_for,Plant part is associated with the respective therapeutic use
PlantPart,OC-TE-LE,USED_FOR,TherapeuticUse,D000935,used_for,Plant part is associated with the respective therapeutic use
PlantPart,OC-TE-LE,USED_FOR,TherapeuticUse,D000959,used_for,Plant part is associated with the respective therapeutic use
PlantPart,OC-TE-LE,USED_FOR,TherapeuticUse,D000970,used_for,Plant part is associated with the respective therapeutic use
PlantPart,OC-TE-LE,USED_FOR,TherapeuticUse,D000975,used_for,Plant part is associated with the respective therapeutic use
PlantPart,OC-TE-LE,USED_FOR,TherapeuticUse,D000988,used_for,Plant part is associated with the respective therapeutic use
PlantPart,OC-TE-LE,USED_FOR,TherapeuticUse,D000995,used_for,Plant part is associated with the respective therapeutic use
PlantPart,OC-TE-LE,USED_FOR,TherapeuticUse,D000996,used_for,Plant part is associated with the respective therapeutic use
PlantPart,OC-TE-LE,USED_FOR,TherapeuticUse,D000998,used_for,Plant part is associated with the respective therapeutic use
PlantPart,OC-TE-LE,USED_FOR,TherapeuticUse,D001049,used_for,Plant part is associated with the respective therapeutic use
PlantPart,OC-TE-LE,USED_FOR,TherapeuticUse,D001098,used_for,Plant part is associated with the respective therapeutic use
PlantPart,OC-TE-LE,USED_FOR,TherapeuticUse,D001168,used_for,Plant part is associated with the respective therapeutic use
PlantPart,OC-TE-LE,USED_FOR,TherapeuticUse,D001249,used_for,Plant part is associated with the respective therapeutic use
PlantPart,OC-TE-LE,USED_FOR,TherapeuticUse,D001252,used_for,Plant part is associated with the respective therapeutic use
PlantPart,OC-TE-LE,USED_FOR,TherapeuticUse,D001733,used_for,Plant part is associated with the respective therapeutic use
PlantPart,OC-TE-LE,USED_FOR,TherapeuticUse,D001745,used_for,Plant part is associated with the respective therapeutic use
PlantPart,OC-TE-LE,USED_FOR,TherapeuticUse,D001991,used_for,Plant part is associated with the respective therapeutic use
PlantPart,OC-TE-LE,USED_FOR,TherapeuticUse,D002100,used_for,Plant part is associated with the respective therapeutic use
PlantPart,OC-TE-LE,USED_FOR,TherapeuticUse,D002316,used_for,Plant part is associated with the respective therapeutic use
PlantPart,OC-TE-LE,USED_FOR,TherapeuticUse,D002318,used_for,Plant part is associated with the respective therapeutic use
PlantPart,OC-TE-LE,USED_FOR,TherapeuticUse,D002319,used_for,Plant part is associated with the respective therapeutic use
PlantPart,OC-TE-LE,USED_FOR,TherapeuticUse,D002386,used_for,Plant part is associated with the respective therapeutic use
PlantPart,OC-TE-LE,USED_FOR,TherapeuticUse,D002493,used_for,Plant part is associated with the respective therapeutic use
PlantPart,OC-TE-LE,USED_FOR,TherapeuticUse,D002637,used_for,Plant part is associated with the respective therapeutic use
PlantPart,OC-TE-LE,USED_FOR,TherapeuticUse,D002644,used_for,Plant part is associated with the respective therapeutic use
PlantPart,OC-TE-LE,USED_FOR,TherapeuticUse,D002771,used_for,Plant part is associated with the respective therapeutic use
PlantPart,OC-TE-LE,USED_FOR,TherapeuticUse,D003139,used_for,Plant part is associated with the respective therapeutic use
PlantPart,OC-TE-LE,USED_FOR,TherapeuticUse,D003231,used_for,Plant part is associated with the respective therapeutic use
PlantPart,OC-TE-LE,USED_FOR,TherapeuticUse,D003248,used_for,Plant part is associated with the respective therapeutic use
PlantPart,OC-TE-LE,USED_FOR,TherapeuticUse,D003270,used_for,Plant part is associated with the respective therapeutic use
PlantPart,OC-TE-LE,USED_FOR,TherapeuticUse,D003324,used_for,Plant part is associated with the respective therapeutic use
PlantPart,OC-TE-LE,USED_FOR,TherapeuticUse,D003371,used_for,Plant part is associated with the respective therapeutic use
PlantPart,OC-TE-LE,USED_FOR,TherapeuticUse,D003731,used_for,Plant part is associated with the respective therapeutic use
PlantPart,OC-TE-LE,USED_FOR,TherapeuticUse,D003920,used_for,Plant part is associated with the respective therapeutic use
PlantPart,OC-TE-LE,USED_FOR,TherapeuticUse,D003967,used_for,Plant part is associated with the respective therapeutic use
PlantPart,OC-TE-LE,USED_FOR,TherapeuticUse,D004066,used_for,Plant part is associated with the respective therapeutic use
PlantPart,OC-TE-LE,USED_FOR,TherapeuticUse,D004202,used_for,Plant part is associated with the respective therapeutic use
PlantPart,OC-TE-LE,USED_FOR,TherapeuticUse,D004403,used_for,Plant part is associated with the respective therapeutic use
PlantPart,OC-TE-LE,USED_FOR,TherapeuticUse,D004412,used_for,Plant part is associated with the respective therapeutic use
PlantPart,OC-TE-LE,USED_FOR,TherapeuticUse,D004415,used_for,Plant part is associated with the respective therapeutic use
PlantPart,OC-TE-LE,USED_FOR,TherapeuticUse,D004417,used_for,Plant part is associated with the respective therapeutic use
PlantPart,OC-TE-LE,USED_FOR,TherapeuticUse,D004427,used_for,Plant part is associated with the respective therapeutic use
PlantPart,OC-TE-LE,USED_FOR,TherapeuticUse,D004433,used_for,Plant part is associated with the respective therapeutic use
PlantPart,OC-TE-LE,USED_FOR,TherapeuticUse,D004485,used_for,Plant part is associated with the respective therapeutic use
PlantPart,OC-TE-LE,USED_FOR,TherapeuticUse,D004487,used_for,Plant part is associated with the respective therapeutic use
PlantPart,OC-TE-LE,USED_FOR,TherapeuticUse,D004827,used_for,Plant part is associated with the respective therapeutic use
PlantPart,OC-TE-LE,USED_FOR,TherapeuticUse,D005100,used_for,Plant part is associated with the respective therapeutic use
PlantPart,OC-TE-LE,USED_FOR,TherapeuticUse,D005128,used_for,Plant part is associated with the respective therapeutic use
PlantPart,OC-TE-LE,USED_FOR,TherapeuticUse,D005221,used_for,Plant part is associated with the respective therapeutic use
PlantPart,OC-TE-LE,USED_FOR,TherapeuticUse,D005334,used_for,Plant part is associated with the respective therapeutic use
PlantPart,OC-TE-LE,USED_FOR,TherapeuticUse,D005355,used_for,Plant part is associated with the respective therapeutic use
PlantPart,OC-TE-LE,USED_FOR,TherapeuticUse,D005368,used_for,Plant part is associated with the respective therapeutic use
PlantPart,OC-TE-LE,USED_FOR,TherapeuticUse,D005414,used_for,Plant part is associated with the respective therapeutic use
PlantPart,OC-TE-LE,USED_FOR,TherapeuticUse,D005667,used_for,Plant part is associated with the respective therapeutic use
PlantPart,OC-TE-LE,USED_FOR,TherapeuticUse,D005744,used_for,Plant part is associated with the respective therapeutic use
PlantPart,OC-TE-LE,USED_FOR,TherapeuticUse,D005765,used_for,Plant part is associated with the respective therapeutic use
PlantPart,OC-TE-LE,USED_FOR,TherapeuticUse,D005767,used_for,Plant part is associated with the respective therapeutic use
PlantPart,OC-TE-LE,USED_FOR,TherapeuticUse,D005769,used_for,Plant part is associated with the respective therapeutic use
PlantPart,OC-TE-LE,USED_FOR,TherapeuticUse,D006073,used_for,Plant part is associated with the respective therapeutic use
PlantPart,OC-TE-LE,USED_FOR,TherapeuticUse,D006209,used_for,Plant part is associated with the respective therapeutic use
PlantPart,OC-TE-LE,USED_FOR,TherapeuticUse,D006261,used_for,Plant part is associated with the respective therapeutic use
PlantPart,OC-TE-LE,USED_FOR,TherapeuticUse,D006402,used_for,Plant part is associated with the respective therapeutic use
PlantPart,OC-TE-LE,USED_FOR,TherapeuticUse,D006470,used_for,Plant part is associated with the respective therapeutic use
PlantPart,OC-TE-LE,USED_FOR,TherapeuticUse,D006487,used_for,Plant part is associated with the respective therapeutic use
PlantPart,OC-TE-LE,USED_FOR,TherapeuticUse,D006505,used_for,Plant part is associated with the respective therapeutic use
PlantPart,OC-TE-LE,USED_FOR,TherapeuticUse,D006525,used_for,Plant part is associated with the respective therapeutic use
PlantPart,OC-TE-LE,USED_FOR,TherapeuticUse,D006606,used_for,Plant part is associated with the respective therapeutic use
PlantPart,OC-TE-LE,USED_FOR,TherapeuticUse,D006967,used_for,Plant part is associated with the respective therapeutic use
PlantPart,OC-TE-LE,USED_FOR,TherapeuticUse,D007004,used_for,Plant part is associated with the respective therapeutic use
PlantPart,OC-TE-LE,USED_FOR,TherapeuticUse,D007022,used_for,Plant part is associated with the respective therapeutic use
PlantPart,OC-TE-LE,USED_FOR,TherapeuticUse,D007172,used_for,Plant part is associated with the respective therapeutic use
PlantPart,OC-TE-LE,USED_FOR,TherapeuticUse,D007299,used_for,Plant part is associated with the respective therapeutic use
PlantPart,OC-TE-LE,USED_FOR,TherapeuticUse,D007302,used_for,Plant part is associated with the respective therapeutic use
PlantPart,OC-TE-LE,USED_FOR,TherapeuticUse,D007306,used_for,Plant part is associated with the respective therapeutic use
PlantPart,OC-TE-LE,USED_FOR,TherapeuticUse,D007411,used_for,Plant part is associated with the respective therapeutic use
PlantPart,OC-TE-LE,USED_FOR,TherapeuticUse,D007565,used_for,Plant part is associated with the respective therapeutic use
PlantPart,OC-TE-LE,USED_FOR,TherapeuticUse,D007674,used_for,Plant part is associated with the respective therapeutic use
PlantPart,OC-TE-LE,USED_FOR,TherapeuticUse,D007766,used_for,Plant part is associated with the respective therapeutic use
PlantPart,OC-TE-LE,USED_FOR,TherapeuticUse,D007918,used_for,Plant part is associated with the respective therapeutic use
PlantPart,OC-TE-LE,USED_FOR,TherapeuticUse,D007973,used_for,Plant part is associated with the respective therapeutic use
PlantPart,OC-TE-LE,USED_FOR,TherapeuticUse,D008107,used_for,Plant part is associated with the respective therapeutic use
PlantPart,OC-TE-LE,USED_FOR,TherapeuticUse,D008288,used_for,Plant part is associated with the respective therapeutic use
PlantPart,OC-TE-LE,USED_FOR,TherapeuticUse,D008457,used_for,Plant part is associated with the respective therapeutic use
PlantPart,OC-TE-LE,USED_FOR,TherapeuticUse,D008569,used_for,Plant part is associated with the respective therapeutic use
PlantPart,OC-TE-LE,USED_FOR,TherapeuticUse,D008595,used_for,Plant part is associated with the respective therapeutic use
PlantPart,OC-TE-LE,USED_FOR,TherapeuticUse,D008599,used_for,Plant part is associated with the respective therapeutic use
PlantPart,OC-TE-LE,USED_FOR,TherapeuticUse,D009067,used_for,Plant part is associated with the respective therapeutic use
PlantPart,OC-TE-LE,USED_FOR,TherapeuticUse,D009107,used_for,Plant part is associated with the respective therapeutic use
PlantPart,OC-TE-LE,USED_FOR,TherapeuticUse,D009181,used_for,Plant part is associated with the respective therapeutic use
PlantPart,OC-TE-LE,USED_FOR,TherapeuticUse,D009437,used_for,Plant part is associated with the respective therapeutic use
PlantPart,OC-TE-LE,USED_FOR,TherapeuticUse,D009497,used_for,Plant part is associated with the respective therapeutic use
PlantPart,OC-TE-LE,USED_FOR,TherapeuticUse,D009668,used_for,Plant part is associated with the respective therapeutic use
PlantPart,OC-TE-LE,USED_FOR,TherapeuticUse,D009755,used_for,Plant part is associated with the respective therapeutic use
PlantPart,OC-TE-LE,USED_FOR,TherapeuticUse,D010146,used_for,Plant part is associated with the respective therapeutic use
PlantPart,OC-TE-LE,USED_FOR,TherapeuticUse,D010276,used_for,Plant part is associated with the respective therapeutic use
PlantPart,OC-TE-LE,USED_FOR,TherapeuticUse,D010300,used_for,Plant part is associated with the respective therapeutic use
PlantPart,OC-TE-LE,USED_FOR,TherapeuticUse,D010373,used_for,Plant part is associated with the respective therapeutic use
PlantPart,OC-TE-LE,USED_FOR,TherapeuticUse,D010612,used_for,Plant part is associated with the respective therapeutic use
PlantPart,OC-TE-LE,USED_FOR,TherapeuticUse,D011014,used_for,Plant part is associated with the respective therapeutic use
PlantPart,OC-TE-LE,USED_FOR,TherapeuticUse,D011041,used_for,Plant part is associated with the respective therapeutic use
PlantPart,OC-TE-LE,USED_FOR,TherapeuticUse,D011141,used_for,Plant part is associated with the respective therapeutic use
PlantPart,OC-TE-LE,USED_FOR,TherapeuticUse,D011837,used_for,Plant part is associated with the respective therapeutic use
PlantPart,OC-TE-LE,USED_FOR,TherapeuticUse,D012060,used_for,Plant part is associated with the respective therapeutic use
PlantPart,OC-TE-LE,USED_FOR,TherapeuticUse,D012220,used_for,Plant part is associated with the respective therapeutic use
PlantPart,OC-TE-LE,USED_FOR,TherapeuticUse,D012532,used_for,Plant part is associated with the respective therapeutic use
PlantPart,OC-TE-LE,USED_FOR,TherapeuticUse,D012871,used_for,Plant part is associated with the respective therapeutic use
PlantPart,OC-TE-LE,USED_FOR,TherapeuticUse,D012874,used_for,Plant part is associated with the respective therapeutic use
PlantPart,OC-TE-LE,USED_FOR,TherapeuticUse,D012909,used_for,Plant part is associated with the respective therapeutic use
PlantPart,OC-TE-LE,USED_FOR,TherapeuticUse,D013158,used_for,Plant part is associated with the respective therapeutic use
PlantPart,OC-TE-LE,USED_FOR,TherapeuticUse,D013245,used_for,Plant part is associated with the respective therapeutic use
PlantPart,OC-TE-LE,USED_FOR,TherapeuticUse,D013272,used_for,Plant part is associated with the respective therapeutic use
PlantPart,OC-TE-LE,USED_FOR,TherapeuticUse,D013281,used_for,Plant part is associated with the respective therapeutic use
PlantPart,OC-TE-LE,USED_FOR,TherapeuticUse,D013312,used_for,Plant part is associated with the respective therapeutic use
PlantPart,OC-TE-LE,USED_FOR,TherapeuticUse,D013342,used_for,Plant part is associated with the respective therapeutic use
PlantPart,OC-TE-LE,USED_FOR,TherapeuticUse,D013651,used_for,Plant part is associated with the respective therapeutic use
PlantPart,OC-TE-LE,USED_FOR,TherapeuticUse,D013956,used_for,Plant part is associated with the respective therapeutic use
PlantPart,OC-TE-LE,USED_FOR,TherapeuticUse,D014069,used_for,Plant part is associated with the respective therapeutic use
PlantPart,OC-TE-LE,USED_FOR,TherapeuticUse,D014098,used_for,Plant part is associated with the respective therapeutic use
PlantPart,OC-TE-LE,USED_FOR,TherapeuticUse,D014151,used_for,Plant part is associated with the respective therapeutic use
PlantPart,OC-TE-LE,USED_FOR,TherapeuticUse,D014376,used_for,Plant part is associated with the respective therapeutic use
PlantPart,OC-TE-LE,USED_FOR,TherapeuticUse,D014435,used_for,Plant part is associated with the respective therapeutic use
PlantPart,OC-TE-LE,USED_FOR,TherapeuticUse,D014456,used_for,Plant part is associated with the respective therapeutic use
PlantPart,OC-TE-LE,USED_FOR,TherapeuticUse,D014552,used_for,Plant part is associated with the respective therapeutic use
PlantPart,OC-TE-LE,USED_FOR,TherapeuticUse,D014786,used_for,Plant part is associated with the respective therapeutic use
PlantPart,OC-TE-LE,USED_FOR,TherapeuticUse,D014839,used_for,Plant part is associated with the respective therapeutic use
PlantPart,OC-TE-LE,USED_FOR,TherapeuticUse,D014945,used_for,Plant part is associated with the respective therapeutic use
PlantPart,OC-TE-LE,USED_FOR,TherapeuticUse,D014947,used_for,Plant part is associated with the respective therapeutic use
PlantPart,OC-TE-LE,USED_FOR,TherapeuticUse,D015746,used_for,Plant part is associated with the respective therapeutic use
PlantPart,OC-TE-LE,USED_FOR,TherapeuticUse,D015877,used_for,Plant part is associated with the respective therapeutic use
PlantPart,OC-TE-LE,USED_FOR,TherapeuticUse,D016587,used_for,Plant part is associated with the respective therapeutic use
PlantPart,OC-TE-LE,USED_FOR,TherapeuticUse,D018501,used_for,Plant part is associated with the respective therapeutic use
PlantPart,OC-TE-LE,USED_FOR,TherapeuticUse,D019167,used_for,Plant part is associated with the respective therapeutic use
PlantPart,OC-TE-LE,USED_FOR,TherapeuticUse,D044342,used_for,Plant part is associated with the respective therapeutic use
PlantPart,OC-TE-LE,USED_FOR,TherapeuticUse,D050723,used_for,Plant part is associated with the respective therapeutic use
PlantPart,OC-TE-LE,USED_FOR,TherapeuticUse,D054368,used_for,Plant part is associated with the respective therapeutic use
PlantPart,OC-TE-LE,USED_FOR,TherapeuticUse,D058447,used_for,Plant part is associated with the respective therapeutic use
PlantPart,OC-TE-LE,USED_FOR,TherapeuticUse,D058633,used_for,Plant part is associated with the respective therapeutic use
PlantPart,OC-TE-LE,USED_FOR,TherapeuticUse,D059373,used_for,Plant part is associated with the respective therapeutic use
PlantPart,OC-TE-LE,USED_FOR,TherapeuticUse,D063807,used_for,Plant part is associated with the respective therapeutic use
PlantPart,OC-TE-LE,USED_FOR,TherapeuticUse,D065008,used_for,Plant part is associated with the respective therapeutic use
PlantPart,OC-TE-LE,USED_FOR,TherapeuticUse,D065106,used_for,Plant part is associated with the respective therapeutic use
PlantPart,OC-TE-RH,USED_FOR,TherapeuticUse,D000996,used_for,Plant part is associated with the respective therapeutic use
PlantPart,OC-TE-RH,USED_FOR,TherapeuticUse,D010276,used_for,Plant part is associated with the respective therapeutic use
PlantPart,OC-TE-RO,USED_FOR,TherapeuticUse,D000935,used_for,Plant part is associated with the respective therapeutic use
PlantPart,OC-TE-RO,USED_FOR,TherapeuticUse,D001046,used_for,Plant part is associated with the respective therapeutic use
PlantPart,OC-TE-RO,USED_FOR,TherapeuticUse,D001523,used_for,Plant part is associated with the respective therapeutic use
PlantPart,OC-TE-RO,USED_FOR,TherapeuticUse,D001733,used_for,Plant part is associated with the respective therapeutic use
PlantPart,OC-TE-RO,USED_FOR,TherapeuticUse,D001991,used_for,Plant part is associated with the respective therapeutic use
PlantPart,OC-TE-RO,USED_FOR,TherapeuticUse,D002492,used_for,Plant part is associated with the respective therapeutic use
PlantPart,OC-TE-RO,USED_FOR,TherapeuticUse,D003967,used_for,Plant part is associated with the respective therapeutic use
PlantPart,OC-TE-RO,USED_FOR,TherapeuticUse,D004066,used_for,Plant part is associated with the respective therapeutic use
PlantPart,OC-TE-RO,USED_FOR,TherapeuticUse,D004433,used_for,Plant part is associated with the respective therapeutic use
PlantPart,OC-TE-RO,USED_FOR,TherapeuticUse,D004485,used_for,Plant part is associated with the respective therapeutic use
PlantPart,OC-TE-RO,USED_FOR,TherapeuticUse,D005100,used_for,Plant part is associated with the respective therapeutic use
PlantPart,OC-TE-RO,USED_FOR,TherapeuticUse,D007172,used_for,Plant part is associated with the respective therapeutic use
PlantPart,OC-TE-RO,USED_FOR,TherapeuticUse,D007251,used_for,Plant part is associated with the respective therapeutic use
PlantPart,OC-TE-RO,USED_FOR,TherapeuticUse,D007299,used_for,Plant part is associated with the respective therapeutic use
PlantPart,OC-TE-RO,USED_FOR,TherapeuticUse,D008107,used_for,Plant part is associated with the respective therapeutic use
PlantPart,OC-TE-RO,USED_FOR,TherapeuticUse,D008288,used_for,Plant part is associated with the respective therapeutic use
PlantPart,OC-TE-RO,USED_FOR,TherapeuticUse,D008595,used_for,Plant part is associated with the respective therapeutic use
PlantPart,OC-TE-RO,USED_FOR,TherapeuticUse,D008599,used_for,Plant part is associated with the respective therapeutic use
PlantPart,OC-TE-RO,USED_FOR,TherapeuticUse,D010276,used_for,Plant part is associated with the respective therapeutic use
PlantPart,OC-TE-RO,USED_FOR,TherapeuticUse,D012871,used_for,Plant part is associated with the respective therapeutic use
PlantPart,OC-TE-RO,USED_FOR,TherapeuticUse,D012909,used_for,Plant part is associated with the respective therapeutic use
PlantPart,OC-TE-RO,USED_FOR,TherapeuticUse,D014456,used_for,Plant part is associated with the respective therapeutic use
PlantPart,OC-TE-RO,USED_FOR,TherapeuticUse,D014552,used_for,Plant part is associated with the respective therapeutic use
PlantPart,OC-TE-RO,USED_FOR,TherapeuticUse,D014820,used_for,Plant part is associated with the respective therapeutic use
PlantPart,OC-TE-RO,USED_FOR,TherapeuticUse,D018501,used_for,Plant part is associated with the respective therapeutic use
PlantPart,OC-TE-RO,USED_FOR,TherapeuticUse,D058633,used_for,Plant part is associated with the respective therapeutic use
PlantPart,OC-TE-RO,USED_FOR,TherapeuticUse,D065008,used_for,Plant part is associated with the respective therapeutic use
PlantPart,OC-TE-RO,USED_FOR,TherapeuticUse,D065106,used_for,Plant part is associated with the respective therapeutic use
PlantPart,OC-TE-SE,USED_FOR,TherapeuticUse,D000019,used_for,Plant part is associated with the respective therapeutic use
PlantPart,OC-TE-SE,USED_FOR,TherapeuticUse,D000700,used_for,Plant part is associated with the respective therapeutic use
PlantPart,OC-TE-SE,USED_FOR,TherapeuticUse,D000855,used_for,Plant part is associated with the respective therapeutic use
PlantPart,OC-TE-SE,USED_FOR,TherapeuticUse,D000871,used_for,Plant part is associated with the respective therapeutic use
PlantPart,OC-TE-SE,USED_FOR,TherapeuticUse,D000893,used_for,Plant part is associated with the respective therapeutic use
PlantPart,OC-TE-SE,USED_FOR,TherapeuticUse,D000900,used_for,Plant part is associated with the respective therapeutic use
PlantPart,OC-TE-SE,USED_FOR,TherapeuticUse,D000932,used_for,Plant part is associated with the respective therapeutic use
PlantPart,OC-TE-SE,USED_FOR,TherapeuticUse,D000935,used_for,Plant part is associated with the respective therapeutic use
PlantPart,OC-TE-SE,USED_FOR,TherapeuticUse,D000996,used_for,Plant part is associated with the respective therapeutic use
PlantPart,OC-TE-SE,USED_FOR,TherapeuticUse,D001249,used_for,Plant part is associated with the respective therapeutic use
PlantPart,OC-TE-SE,USED_FOR,TherapeuticUse,D001991,used_for,Plant part is associated with the respective therapeutic use
PlantPart,OC-TE-SE,USED_FOR,TherapeuticUse,D002318,used_for,Plant part is associated with the respective therapeutic use
PlantPart,OC-TE-SE,USED_FOR,TherapeuticUse,D003092,used_for,Plant part is associated with the respective therapeutic use
PlantPart,OC-TE-SE,USED_FOR,TherapeuticUse,D003270,used_for,Plant part is associated with the respective therapeutic use
PlantPart,OC-TE-SE,USED_FOR,TherapeuticUse,D003371,used_for,Plant part is associated with the respective therapeutic use
PlantPart,OC-TE-SE,USED_FOR,TherapeuticUse,D003920,used_for,Plant part is associated with the respective therapeutic use
PlantPart,OC-TE-SE,USED_FOR,TherapeuticUse,D003967,used_for,Plant part is associated with the respective therapeutic use
PlantPart,OC-TE-SE,USED_FOR,TherapeuticUse,D004066,used_for,Plant part is associated with the respective therapeutic use
PlantPart,OC-TE-SE,USED_FOR,TherapeuticUse,D004417,used_for,Plant part is associated with the respective therapeutic use
PlantPart,OC-TE-SE,USED_FOR,TherapeuticUse,D004487,used_for,Plant part is associated with the respective therapeutic use
PlantPart,OC-TE-SE,USED_FOR,TherapeuticUse,D005100,used_for,Plant part is associated with the respective therapeutic use
PlantPart,OC-TE-SE,USED_FOR,TherapeuticUse,D005334,used_for,Plant part is associated with the respective therapeutic use
PlantPart,OC-TE-SE,USED_FOR,TherapeuticUse,D006255,used_for,Plant part is associated with the respective therapeutic use
PlantPart,OC-TE-SE,USED_FOR,TherapeuticUse,D006402,used_for,Plant part is associated with the respective therapeutic use
PlantPart,OC-TE-SE,USED_FOR,TherapeuticUse,D006484,used_for,Plant part is associated with the respective therapeutic use
PlantPart,OC-TE-SE,USED_FOR,TherapeuticUse,D006606,used_for,Plant part is associated with the respective therapeutic use
PlantPart,OC-TE-SE,USED_FOR,TherapeuticUse,D007004,used_for,Plant part is associated with the respective therapeutic use
PlantPart,OC-TE-SE,USED_FOR,TherapeuticUse,D007306,used_for,Plant part is associated with the respective therapeutic use
PlantPart,OC-TE-SE,USED_FOR,TherapeuticUse,D007565,used_for,Plant part is associated with the respective therapeutic use
PlantPart,OC-TE-SE,USED_FOR,TherapeuticUse,D008107,used_for,Plant part is associated with the respective therapeutic use
PlantPart,OC-TE-SE,USED_FOR,TherapeuticUse,D008288,used_for,Plant part is associated with the respective therapeutic use
PlantPart,OC-TE-SE,USED_FOR,TherapeuticUse,D008599,used_for,Plant part is associated with the respective therapeutic use
PlantPart,OC-TE-SE,USED_FOR,TherapeuticUse,D009422,used_for,Plant part is associated with the respective therapeutic use
PlantPart,OC-TE-SE,USED_FOR,TherapeuticUse,D009437,used_for,Plant part is associated with the respective therapeutic use
PlantPart,OC-TE-SE,USED_FOR,TherapeuticUse,D011041,used_for,Plant part is associated with the respective therapeutic use
PlantPart,OC-TE-SE,USED_FOR,TherapeuticUse,D011602,used_for,Plant part is associated with the respective therapeutic use
PlantPart,OC-TE-SE,USED_FOR,TherapeuticUse,D012060,used_for,Plant part is associated with the respective therapeutic use
PlantPart,OC-TE-SE,USED_FOR,TherapeuticUse,D012871,used_for,Plant part is associated with the respective therapeutic use
PlantPart,OC-TE-SE,USED_FOR,TherapeuticUse,D014456,used_for,Plant part is associated with the respective therapeutic use
PlantPart,OC-TE-SE,USED_FOR,TherapeuticUse,D014552,used_for,Plant part is associated with the respective therapeutic use
PlantPart,OC-TE-SE,USED_FOR,TherapeuticUse,D014566,used_for,Plant part is associated with the respective therapeutic use
PlantPart,OC-TE-SE,USED_FOR,TherapeuticUse,D014820,used_for,Plant part is associated with the respective therapeutic use
PlantPart,OC-TE-SE,USED_FOR,TherapeuticUse,D014945,used_for,Plant part is associated with the respective therapeutic use
PlantPart,OC-TE-SE,USED_FOR,TherapeuticUse,D018697,used_for,Plant part is associated with the respective therapeutic use
PlantPart,OC-TE-SE,USED_FOR,TherapeuticUse,D018890,used_for,Plant part is associated with the respective therapeutic use
PlantPart,OC-TE-SE,USED_FOR,TherapeuticUse,D053159,used_for,Plant part is associated with the respective therapeutic use
PlantPart,OC-TE-SE,USED_FOR,TherapeuticUse,D054368,used_for,Plant part is associated with the respective therapeutic use
PlantPart,OC-TE-SE,USED_FOR,TherapeuticUse,D056747,used_for,Plant part is associated with the respective therapeutic use
PlantPart,OC-TE-SE,USED_FOR,TherapeuticUse,D058633,used_for,Plant part is associated with the respective therapeutic use
PlantPart,OC-TE-SE,USED_FOR,TherapeuticUse,D065106,used_for,Plant part is associated with the respective therapeutic use
PlantPart,OC-TE-ST,USED_FOR,TherapeuticUse,D000647,used_for,Plant part is associated with the respective therapeutic use
PlantPart,OC-TE-ST,USED_FOR,TherapeuticUse,D000740,used_for,Plant part is associated with the respective therapeutic use
PlantPart,OC-TE-ST,USED_FOR,TherapeuticUse,D000900,used_for,Plant part is associated with the respective therapeutic use
PlantPart,OC-TE-ST,USED_FOR,TherapeuticUse,D000927,used_for,Plant part is associated with the respective therapeutic use
PlantPart,OC-TE-ST,USED_FOR,TherapeuticUse,D000935,used_for,Plant part is associated with the respective therapeutic use
PlantPart,OC-TE-ST,USED_FOR,TherapeuticUse,D001733,used_for,Plant part is associated with the respective therapeutic use
PlantPart,OC-TE-ST,USED_FOR,TherapeuticUse,D001991,used_for,Plant part is associated with the respective therapeutic use
PlantPart,OC-TE-ST,USED_FOR,TherapeuticUse,D003139,used_for,Plant part is associated with the respective therapeutic use
PlantPart,OC-TE-ST,USED_FOR,TherapeuticUse,D004066,used_for,Plant part is associated with the respective therapeutic use
PlantPart,OC-TE-ST,USED_FOR,TherapeuticUse,D004415,used_for,Plant part is associated with the respective therapeutic use
PlantPart,OC-TE-ST,USED_FOR,TherapeuticUse,D004433,used_for,Plant part is associated with the respective therapeutic use
PlantPart,OC-TE-ST,USED_FOR,TherapeuticUse,D007302,used_for,Plant part is associated with the respective therapeutic use
PlantPart,OC-TE-ST,USED_FOR,TherapeuticUse,D007306,used_for,Plant part is associated with the respective therapeutic use
PlantPart,OC-TE-ST,USED_FOR,TherapeuticUse,D012060,used_for,Plant part is associated with the respective therapeutic use
PlantPart,OC-TE-ST,USED_FOR,TherapeuticUse,D012871,used_for,Plant part is associated with the respective therapeutic use
PlantPart,OC-TE-ST,USED_FOR,TherapeuticUse,D012909,used_for,Plant part is associated with the respective therapeutic use
PlantPart,OC-TE-ST,USED_FOR,TherapeuticUse,D065106,used_for,Plant part is associated with the respective therapeutic use
PlantPart,OC-TE-WH,USED_FOR,TherapeuticUse,D000900,used_for,Plant part is associated with the respective therapeutic use
PlantPart,OC-TE-WH,USED_FOR,TherapeuticUse,D000935,used_for,Plant part is associated with the respective therapeutic use
PlantPart,OC-TE-WH,USED_FOR,TherapeuticUse,D000969,used_for,Plant part is associated with the respective therapeutic use
PlantPart,OC-TE-WH,USED_FOR,TherapeuticUse,D000996,used_for,Plant part is associated with the respective therapeutic use
PlantPart,OC-TE-WH,USED_FOR,TherapeuticUse,D001249,used_for,Plant part is associated with the respective therapeutic use
PlantPart,OC-TE-WH,USED_FOR,TherapeuticUse,D005100,used_for,Plant part is associated with the respective therapeutic use
PlantPart,OC-TE-WH,USED_FOR,TherapeuticUse,D005414,used_for,Plant part is associated with the respective therapeutic use
PlantPart,OC-TE-WH,USED_FOR,TherapeuticUse,D007306,used_for,Plant part is associated with the respective therapeutic use
PlantPart,OC-TE-WH,USED_FOR,TherapeuticUse,D008107,used_for,Plant part is associated with the respective therapeutic use
PlantPart,OC-TE-WH,USED_FOR,TherapeuticUse,D008288,used_for,Plant part is associated with the respective therapeutic use
PlantPart,OC-TE-WH,USED_FOR,TherapeuticUse,D009032,used_for,Plant part is associated with the respective therapeutic use
PlantPart,OC-TE-WH,USED_FOR,TherapeuticUse,D010276,used_for,Plant part is associated with the respective therapeutic use
PlantPart,OC-TE-WH,USED_FOR,TherapeuticUse,D012060,used_for,Plant part is associated with the respective therapeutic use
PlantPart,OC-TE-WH,USED_FOR,TherapeuticUse,D012909,used_for,Plant part is associated with the respective therapeutic use
PlantPart,OC-TE-WH,USED_FOR,TherapeuticUse,D013312,used_for,Plant part is associated with the respective therapeutic use
PlantPart,OC-TE-WH,USED_FOR,TherapeuticUse,D014566,used_for,Plant part is associated with the respective therapeutic use
PlantPart,OC-TE-WH,USED_FOR,TherapeuticUse,D018501,used_for,Plant part is associated with the respective therapeutic use
PlantPart,OC-TE-WH,USED_FOR,TherapeuticUse,D018697,used_for,Plant part is associated with the respective therapeutic use
PlantPart,OC-TE-WH,USED_FOR,TherapeuticUse,D019167,used_for,Plant part is associated with the respective therapeutic use
PlantPart,OC-TE-WH,USED_FOR,TherapeuticUse,D058633,used_for,Plant part is associated with the respective therapeutic use
PlantPart,OC-TE-WH,USED_FOR,TherapeuticUse,D065106,used_for,Plant part is associated with the respective therapeutic use
PlantPart,PE-AM-FR,USED_FOR,TherapeuticUse,D006937,used_for,Plant part is associated with the respective therapeutic use
PlantPart,PE-AM-LE,USED_FOR,TherapeuticUse,D000891,used_for,Plant part is associated with the respective therapeutic use
PlantPart,PH-AC-BA,USED_FOR,TherapeuticUse,D004485,used_for,Plant part is associated with the respective therapeutic use
PlantPart,PH-AC-BA,USED_FOR,TherapeuticUse,D006261,used_for,Plant part is associated with the respective therapeutic use
PlantPart,PH-AC-BA,USED_FOR,TherapeuticUse,D015746,used_for,Plant part is associated with the respective therapeutic use
PlantPart,PH-AC-FR,USED_FOR,TherapeuticUse,D001249,used_for,Plant part is associated with the respective therapeutic use
PlantPart,PH-AC-FR,USED_FOR,TherapeuticUse,D001252,used_for,Plant part is associated with the respective therapeutic use
PlantPart,PH-AC-FR,USED_FOR,TherapeuticUse,D001991,used_for,Plant part is associated with the respective therapeutic use
PlantPart,PH-AC-FR,USED_FOR,TherapeuticUse,D003248,used_for,Plant part is associated with the respective therapeutic use
PlantPart,PH-AC-FR,USED_FOR,TherapeuticUse,D003967,used_for,Plant part is associated with the respective therapeutic use
PlantPart,PH-AC-FR,USED_FOR,TherapeuticUse,D005128,used_for,Plant part is associated with the respective therapeutic use
PlantPart,PH-AC-FR,USED_FOR,TherapeuticUse,D012909,used_for,Plant part is associated with the respective therapeutic use
PlantPart,PH-AC-FR,USED_FOR,TherapeuticUse,D014839,used_for,Plant part is associated with the respective therapeutic use
PlantPart,PH-AC-LE,USED_FOR,TherapeuticUse,D004844,used_for,Plant part is associated with the respective therapeutic use
PlantPart,PH-AC-LE,USED_FOR,TherapeuticUse,D005414,used_for,Plant part is associated with the respective therapeutic use
PlantPart,PH-AC-LE,USED_FOR,TherapeuticUse,D012909,used_for,Plant part is associated with the respective therapeutic use
PlantPart,PH-AC-RO,USED_FOR,TherapeuticUse,D002400,used_for,Plant part is associated with the respective therapeutic use
PlantPart,PH-AC-RO,USED_FOR,TherapeuticUse,D012909,used_for,Plant part is associated with the respective therapeutic use
PlantPart,PH-AC-RO,USED_FOR,TherapeuticUse,D015746,used_for,Plant part is associated with the respective therapeutic use
PlantPart,PH-AC-SE,USED_FOR,TherapeuticUse,D002400,used_for,Plant part is associated with the respective therapeutic use
PlantPart,PH-RE-AE,USED_FOR,TherapeuticUse,D000981,used_for,Plant part is associated with the respective therapeutic use
PlantPart,PH-RE-AE,USED_FOR,TherapeuticUse,D000998,used_for,Plant part is associated with the respective therapeutic use
PlantPart,PH-RE-AE,USED_FOR,TherapeuticUse,D007022,used_for,Plant part is associated with the respective therapeutic use
PlantPart,PH-RE-AE,USED_FOR,TherapeuticUse,D010276,used_for,Plant part is associated with the respective therapeutic use
PlantPart,PH-RE-BA,USED_FOR,TherapeuticUse,D000900,used_for,Plant part is associated with the respective therapeutic use
PlantPart,PH-RE-BA,USED_FOR,TherapeuticUse,D000935,used_for,Plant part is associated with the respective therapeutic use
PlantPart,PH-RE-BA,USED_FOR,TherapeuticUse,D000998,used_for,Plant part is associated with the respective therapeutic use
PlantPart,PH-RE-BA,USED_FOR,TherapeuticUse,D001249,used_for,Plant part is associated with the respective therapeutic use
PlantPart,PH-RE-BA,USED_FOR,TherapeuticUse,D001252,used_for,Plant part is associated with the respective therapeutic use
PlantPart,PH-RE-BA,USED_FOR,TherapeuticUse,D004232,used_for,Plant part is associated with the respective therapeutic use
PlantPart,PH-RE-BA,USED_FOR,TherapeuticUse,D004487,used_for,Plant part is associated with the respective therapeutic use
PlantPart,PH-RE-BA,USED_FOR,TherapeuticUse,D012060,used_for,Plant part is associated with the respective therapeutic use
PlantPart,PH-RE-FL,USED_FOR,TherapeuticUse,D003248,used_for,Plant part is associated with the respective therapeutic use
PlantPart,PH-RE-FR,USED_FOR,TherapeuticUse,D001252,used_for,Plant part is associated with the respective therapeutic use
PlantPart,PH-RE-FR,USED_FOR,TherapeuticUse,D003967,used_for,Plant part is associated with the respective therapeutic use
PlantPart,PH-RE-FR,USED_FOR,TherapeuticUse,D007249,used_for,Plant part is associated with the respective therapeutic use
PlantPart,PH-RE-FR,USED_FOR,TherapeuticUse,D007565,used_for,Plant part is associated with the respective therapeutic use
PlantPart,PH-RE-FR,USED_FOR,TherapeuticUse,D010510,used_for,Plant part is associated with the respective therapeutic use
PlantPart,PH-RE-LE,USED_FOR,TherapeuticUse,D000900,used_for,Plant part is associated with the respective therapeutic use
PlantPart,PH-RE-LE,USED_FOR,TherapeuticUse,D000935,used_for,Plant part is associated with the respective therapeutic use
PlantPart,PH-RE-LE,USED_FOR,TherapeuticUse,D001252,used_for,Plant part is associated with the respective therapeutic use
PlantPart,PH-RE-LE,USED_FOR,TherapeuticUse,D001941,used_for,Plant part is associated with the respective therapeutic use
PlantPart,PH-RE-LE,USED_FOR,TherapeuticUse,D002056,used_for,Plant part is associated with the respective therapeutic use
PlantPart,PH-RE-LE,USED_FOR,TherapeuticUse,D003967,used_for,Plant part is associated with the respective therapeutic use
PlantPart,PH-RE-LE,USED_FOR,TherapeuticUse,D003968,used_for,Plant part is associated with the respective therapeutic use
PlantPart,PH-RE-LE,USED_FOR,TherapeuticUse,D004232,used_for,Plant part is associated with the respective therapeutic use
PlantPart,PH-RE-LE,USED_FOR,TherapeuticUse,D004403,used_for,Plant part is associated with the respective therapeutic use
PlantPart,PH-RE-LE,USED_FOR,TherapeuticUse,D005334,used_for,Plant part is associated with the respective therapeutic use
PlantPart,PH-RE-LE,USED_FOR,TherapeuticUse,D006261,used_for,Plant part is associated with the respective therapeutic use
PlantPart,PH-RE-LE,USED_FOR,TherapeuticUse,D006484,used_for,Plant part is associated with the respective therapeutic use
PlantPart,PH-RE-LE,USED_FOR,TherapeuticUse,D007565,used_for,Plant part is associated with the respective therapeutic use
PlantPart,PH-RE-LE,USED_FOR,TherapeuticUse,D008599,used_for,Plant part is associated with the respective therapeutic use
PlantPart,PH-RE-LE,USED_FOR,TherapeuticUse,D010243,used_for,Plant part is associated with the respective therapeutic use
PlantPart,PH-RE-LE,USED_FOR,TherapeuticUse,D010510,used_for,Plant part is associated with the respective therapeutic use
PlantPart,PH-RE-LE,USED_FOR,TherapeuticUse,D011565,used_for,Plant part is associated with the respective therapeutic use
PlantPart,PH-RE-LE,USED_FOR,TherapeuticUse,D012060,used_for,Plant part is associated with the respective therapeutic use
PlantPart,PH-RE-LE,USED_FOR,TherapeuticUse,D012871,used_for,Plant part is associated with the respective therapeutic use
PlantPart,PH-RE-LE,USED_FOR,TherapeuticUse,D012909,used_for,Plant part is associated with the respective therapeutic use
PlantPart,PH-RE-LE,USED_FOR,TherapeuticUse,D013272,used_for,Plant part is associated with the respective therapeutic use
PlantPart,PH-RE-LE,USED_FOR,TherapeuticUse,D014945,used_for,Plant part is associated with the respective therapeutic use
PlantPart,PH-RE-LE,USED_FOR,TherapeuticUse,D014947,used_for,Plant part is associated with the respective therapeutic use
PlantPart,PH-RE-RO,USED_FOR,TherapeuticUse,D000019,used_for,Plant part is associated with the respective therapeutic use
PlantPart,PH-RE-RO,USED_FOR,TherapeuticUse,D001249,used_for,Plant part is associated with the respective therapeutic use
PlantPart,PH-RE-RO,USED_FOR,TherapeuticUse,D001252,used_for,Plant part is associated with the respective therapeutic use
PlantPart,PH-RE-RO,USED_FOR,TherapeuticUse,D003139,used_for,Plant part is associated with the respective therapeutic use
PlantPart,PH-RE-RO,USED_FOR,TherapeuticUse,D003371,used_for,Plant part is associated with the respective therapeutic use
PlantPart,PH-RE-RO,USED_FOR,TherapeuticUse,D004232,used_for,Plant part is associated with the respective therapeutic use
PlantPart,PH-RE-RO,USED_FOR,TherapeuticUse,D004403,used_for,Plant part is associated with the respective therapeutic use
PlantPart,PH-RE-RO,USED_FOR,TherapeuticUse,D012060,used_for,Plant part is associated with the respective therapeutic use
PlantPart,PH-RE-RO,USED_FOR,TherapeuticUse,D018501,used_for,Plant part is associated with the respective therapeutic use
PlantPart,PH-RE-SE,USED_FOR,TherapeuticUse,D007306,used_for,Plant part is associated with the respective therapeutic use
PlantPart,PH-RE-ST,USED_FOR,TherapeuticUse,D005128,used_for,Plant part is associated with the respective therapeutic use
PlantPart,PH-RE-ST,USED_FOR,TherapeuticUse,D006484,used_for,Plant part is associated with the respective therapeutic use
PlantPart,PH-RE-ST,USED_FOR,TherapeuticUse,D009883,used_for,Plant part is associated with the respective therapeutic use
PlantPart,PH-RE-ST,USED_FOR,TherapeuticUse,D010510,used_for,Plant part is associated with the respective therapeutic use
PlantPart,PH-RE-ST,USED_FOR,TherapeuticUse,D014098,used_for,Plant part is associated with the respective therapeutic use
PlantPart,PH-RE-WH,USED_FOR,TherapeuticUse,D000871,used_for,Plant part is associated with the respective therapeutic use
PlantPart,PH-RE-WH,USED_FOR,TherapeuticUse,D000890,used_for,Plant part is associated with the respective therapeutic use
PlantPart,PH-RE-WH,USED_FOR,TherapeuticUse,D000975,used_for,Plant part is associated with the respective therapeutic use
PlantPart,PH-RE-WH,USED_FOR,TherapeuticUse,D001252,used_for,Plant part is associated with the respective therapeutic use
PlantPart,PH-RE-WH,USED_FOR,TherapeuticUse,D004232,used_for,Plant part is associated with the respective therapeutic use
PlantPart,PH-RE-WH,USED_FOR,TherapeuticUse,D012060,used_for,Plant part is associated with the respective therapeutic use
PlantPart,PH-RE-WH,USED_FOR,TherapeuticUse,D012909,used_for,Plant part is associated with the respective therapeutic use
PlantPart,PI-BE-FR,USED_FOR,TherapeuticUse,D003371,used_for,Plant part is associated with the respective therapeutic use
PlantPart,PI-BE-LE,USED_FOR,TherapeuticUse,D000726,used_for,Plant part is associated with the respective therapeutic use
PlantPart,PI-BE-LE,USED_FOR,TherapeuticUse,D000740,used_for,Plant part is associated with the respective therapeutic use
PlantPart,PI-BE-LE,USED_FOR,TherapeuticUse,D000871,used_for,Plant part is associated with the respective therapeutic use
PlantPart,PI-BE-LE,USED_FOR,TherapeuticUse,D000891,used_for,Plant part is associated with the respective therapeutic use
PlantPart,PI-BE-LE,USED_FOR,TherapeuticUse,D000893,used_for,Plant part is associated with the respective therapeutic use
PlantPart,PI-BE-LE,USED_FOR,TherapeuticUse,D000900,used_for,Plant part is associated with the respective therapeutic use
PlantPart,PI-BE-LE,USED_FOR,TherapeuticUse,D000935,used_for,Plant part is associated with the respective therapeutic use
PlantPart,PI-BE-LE,USED_FOR,TherapeuticUse,D000970,used_for,Plant part is associated with the respective therapeutic use
PlantPart,PI-BE-LE,USED_FOR,TherapeuticUse,D000988,used_for,Plant part is associated with the respective therapeutic use
PlantPart,PI-BE-LE,USED_FOR,TherapeuticUse,D001049,used_for,Plant part is associated with the respective therapeutic use
PlantPart,PI-BE-LE,USED_FOR,TherapeuticUse,D001249,used_for,Plant part is associated with the respective therapeutic use
PlantPart,PI-BE-LE,USED_FOR,TherapeuticUse,D001252,used_for,Plant part is associated with the respective therapeutic use
PlantPart,PI-BE-LE,USED_FOR,TherapeuticUse,D001927,used_for,Plant part is associated with the respective therapeutic use
PlantPart,PI-BE-LE,USED_FOR,TherapeuticUse,D001929,used_for,Plant part is associated with the respective therapeutic use
PlantPart,PI-BE-LE,USED_FOR,TherapeuticUse,D001991,used_for,Plant part is associated with the respective therapeutic use
PlantPart,PI-BE-LE,USED_FOR,TherapeuticUse,D002316,used_for,Plant part is associated with the respective therapeutic use
PlantPart,PI-BE-LE,USED_FOR,TherapeuticUse,D002400,used_for,Plant part is associated with the respective therapeutic use
PlantPart,PI-BE-LE,USED_FOR,TherapeuticUse,D002637,used_for,Plant part is associated with the respective therapeutic use
PlantPart,PI-BE-LE,USED_FOR,TherapeuticUse,D003139,used_for,Plant part is associated with the respective therapeutic use
PlantPart,PI-BE-LE,USED_FOR,TherapeuticUse,D003371,used_for,Plant part is associated with the respective therapeutic use
PlantPart,PI-BE-LE,USED_FOR,TherapeuticUse,D004066,used_for,Plant part is associated with the respective therapeutic use
PlantPart,PI-BE-LE,USED_FOR,TherapeuticUse,D004417,used_for,Plant part is associated with the respective therapeutic use
PlantPart,PI-BE-LE,USED_FOR,TherapeuticUse,D005100,used_for,Plant part is associated with the respective therapeutic use
PlantPart,PI-BE-LE,USED_FOR,TherapeuticUse,D005368,used_for,Plant part is associated with the respective therapeutic use
PlantPart,PI-BE-LE,USED_FOR,TherapeuticUse,D005414,used_for,Plant part is associated with the respective therapeutic use
PlantPart,PI-BE-LE,USED_FOR,TherapeuticUse,D006331,used_for,Plant part is associated with the respective therapeutic use
PlantPart,PI-BE-LE,USED_FOR,TherapeuticUse,D006402,used_for,Plant part is associated with the respective therapeutic use
PlantPart,PI-BE-LE,USED_FOR,TherapeuticUse,D006685,used_for,Plant part is associated with the respective therapeutic use
PlantPart,PI-BE-LE,USED_FOR,TherapeuticUse,D008171,used_for,Plant part is associated with the respective therapeutic use
PlantPart,PI-BE-LE,USED_FOR,TherapeuticUse,D009755,used_for,Plant part is associated with the respective therapeutic use
PlantPart,PI-BE-LE,USED_FOR,TherapeuticUse,D010146,used_for,Plant part is associated with the respective therapeutic use
PlantPart,PI-BE-LE,USED_FOR,TherapeuticUse,D010276,used_for,Plant part is associated with the respective therapeutic use
PlantPart,PI-BE-LE,USED_FOR,TherapeuticUse,D010510,used_for,Plant part is associated with the respective therapeutic use
PlantPart,PI-BE-LE,USED_FOR,TherapeuticUse,D012060,used_for,Plant part is associated with the respective therapeutic use
PlantPart,PI-BE-LE,USED_FOR,TherapeuticUse,D012141,used_for,Plant part is associated with the respective therapeutic use
PlantPart,PI-BE-LE,USED_FOR,TherapeuticUse,D012852,used_for,Plant part is associated with the respective therapeutic use
PlantPart,PI-BE-LE,USED_FOR,TherapeuticUse,D012909,used_for,Plant part is associated with the respective therapeutic use
PlantPart,PI-BE-LE,USED_FOR,TherapeuticUse,D013894,used_for,Plant part is associated with the respective therapeutic use
PlantPart,PI-BE-LE,USED_FOR,TherapeuticUse,D014076,used_for,Plant part is associated with the respective therapeutic use
PlantPart,PI-BE-LE,USED_FOR,TherapeuticUse,D014098,used_for,Plant part is associated with the respective therapeutic use
PlantPart,PI-BE-LE,USED_FOR,TherapeuticUse,D018697,used_for,Plant part is associated with the respective therapeutic use
PlantPart,PI-BE-RO,USED_FOR,TherapeuticUse,D003270,used_for,Plant part is associated with the respective therapeutic use
PlantPart,PI-BE-RO,USED_FOR,TherapeuticUse,D007247,used_for,Plant part is associated with the respective therapeutic use
PlantPart,PI-BE-RO,USED_FOR,TherapeuticUse,D013245,used_for,Plant part is associated with the respective therapeutic use
PlantPart,PL-AM-LE,USED_FOR,TherapeuticUse,D000900,used_for,Plant part is associated with the respective therapeutic use
PlantPart,PL-AM-LE,USED_FOR,TherapeuticUse,D000927,used_for,Plant part is associated with the respective therapeutic use
PlantPart,PL-AM-LE,USED_FOR,TherapeuticUse,D000975,used_for,Plant part is associated with the respective therapeutic use
PlantPart,PL-AM-LE,USED_FOR,TherapeuticUse,D001249,used_for,Plant part is associated with the respective therapeutic use
PlantPart,PL-AM-LE,USED_FOR,TherapeuticUse,D001733,used_for,Plant part is associated with the respective therapeutic use
PlantPart,PL-AM-LE,USED_FOR,TherapeuticUse,D001991,used_for,Plant part is associated with the respective therapeutic use
PlantPart,PL-AM-LE,USED_FOR,TherapeuticUse,D002056,used_for,Plant part is associated with the respective therapeutic use
PlantPart,PL-AM-LE,USED_FOR,TherapeuticUse,D002400,used_for,Plant part is associated with the respective therapeutic use
PlantPart,PL-AM-LE,USED_FOR,TherapeuticUse,D002613,used_for,Plant part is associated with the respective therapeutic use
PlantPart,PL-AM-LE,USED_FOR,TherapeuticUse,D003085,used_for,Plant part is associated with the respective therapeutic use
PlantPart,PL-AM-LE,USED_FOR,TherapeuticUse,D003139,used_for,Plant part is associated with the respective therapeutic use
PlantPart,PL-AM-LE,USED_FOR,TherapeuticUse,D003231,used_for,Plant part is associated with the respective therapeutic use
PlantPart,PL-AM-LE,USED_FOR,TherapeuticUse,D003371,used_for,Plant part is associated with the respective therapeutic use
PlantPart,PL-AM-LE,USED_FOR,TherapeuticUse,D004066,used_for,Plant part is associated with the respective therapeutic use
PlantPart,PL-AM-LE,USED_FOR,TherapeuticUse,D004403,used_for,Plant part is associated with the respective therapeutic use
PlantPart,PL-AM-LE,USED_FOR,TherapeuticUse,D004415,used_for,Plant part is associated with the respective therapeutic use
PlantPart,PL-AM-LE,USED_FOR,TherapeuticUse,D004827,used_for,Plant part is associated with the respective therapeutic use
PlantPart,PL-AM-LE,USED_FOR,TherapeuticUse,D005334,used_for,Plant part is associated with the respective therapeutic use
PlantPart,PL-AM-LE,USED_FOR,TherapeuticUse,D005414,used_for,Plant part is associated with the respective therapeutic use
PlantPart,PL-AM-LE,USED_FOR,TherapeuticUse,D006069,used_for,Plant part is associated with the respective therapeutic use
PlantPart,PL-AM-LE,USED_FOR,TherapeuticUse,D006261,used_for,Plant part is associated with the respective therapeutic use
PlantPart,PL-AM-LE,USED_FOR,TherapeuticUse,D006331,used_for,Plant part is associated with the respective therapeutic use
PlantPart,PL-AM-LE,USED_FOR,TherapeuticUse,D006484,used_for,Plant part is associated with the respective therapeutic use
PlantPart,PL-AM-LE,USED_FOR,TherapeuticUse,D007669,used_for,Plant part is associated with the respective therapeutic use
PlantPart,PL-AM-LE,USED_FOR,TherapeuticUse,D009059,used_for,Plant part is associated with the respective therapeutic use
PlantPart,PL-AM-LE,USED_FOR,TherapeuticUse,D010146,used_for,Plant part is associated with the respective therapeutic use
PlantPart,PL-AM-LE,USED_FOR,TherapeuticUse,D010276,used_for,Plant part is associated with the respective therapeutic use
PlantPart,PL-AM-LE,USED_FOR,TherapeuticUse,D010612,used_for,Plant part is associated with the respective therapeutic use
PlantPart,PL-AM-LE,USED_FOR,TherapeuticUse,D012060,used_for,Plant part is associated with the respective therapeutic use
PlantPart,PL-AM-LE,USED_FOR,TherapeuticUse,D014570,used_for,Plant part is associated with the respective therapeutic use
PlantPart,PL-AM-LE,USED_FOR,TherapeuticUse,D015746,used_for,Plant part is associated with the respective therapeutic use
PlantPart,PL-AM-LE,USED_FOR,TherapeuticUse,D016587,used_for,Plant part is associated with the respective therapeutic use
PlantPart,PL-AM-LE,USED_FOR,TherapeuticUse,D019167,used_for,Plant part is associated with the respective therapeutic use
PlantPart,PL-AM-LE,USED_FOR,TherapeuticUse,D019522,used_for,Plant part is associated with the respective therapeutic use
PlantPart,PL-AM-LE,USED_FOR,TherapeuticUse,D020347,used_for,Plant part is associated with the respective therapeutic use
PlantPart,PL-AM-LE,USED_FOR,TherapeuticUse,D058633,used_for,Plant part is associated with the respective therapeutic use
PlantPart,PL-AM-LE,USED_FOR,TherapeuticUse,D065008,used_for,Plant part is associated with the respective therapeutic use
PlantPart,PL-AM-RO,USED_FOR,TherapeuticUse,D013272,used_for,Plant part is associated with the respective therapeutic use
PlantPart,PL-AM-WH,USED_FOR,TherapeuticUse,D000935,used_for,Plant part is associated with the respective therapeutic use
PlantPart,PL-AM-WH,USED_FOR,TherapeuticUse,D001249,used_for,Plant part is associated with the respective therapeutic use
PlantPart,PL-AM-WH,USED_FOR,TherapeuticUse,D002493,used_for,Plant part is associated with the respective therapeutic use
PlantPart,PL-AM-WH,USED_FOR,TherapeuticUse,D003139,used_for,Plant part is associated with the respective therapeutic use
PlantPart,PL-AM-WH,USED_FOR,TherapeuticUse,D003371,used_for,Plant part is associated with the respective therapeutic use
PlantPart,PL-AM-WH,USED_FOR,TherapeuticUse,D013272,used_for,Plant part is associated with the respective therapeutic use
PlantPart,PL-AM-WH,USED_FOR,TherapeuticUse,D014570,used_for,Plant part is associated with the respective therapeutic use
PlantPart,PL-AM-WH,USED_FOR,TherapeuticUse,D015746,used_for,Plant part is associated with the respective therapeutic use
PlantPart,PO-PI-BA,USED_FOR,TherapeuticUse,D000871,used_for,Plant part is associated with the respective therapeutic use
PlantPart,PO-PI-BA,USED_FOR,TherapeuticUse,D000900,used_for,Plant part is associated with the respective therapeutic use
PlantPart,PO-PI-BA,USED_FOR,TherapeuticUse,D001249,used_for,Plant part is associated with the respective therapeutic use
PlantPart,PO-PI-BA,USED_FOR,TherapeuticUse,D001602,used_for,Plant part is associated with the respective therapeutic use
PlantPart,PO-PI-BA,USED_FOR,TherapeuticUse,D002492,used_for,Plant part is associated with the respective therapeutic use
PlantPart,PO-PI-BA,USED_FOR,TherapeuticUse,D003085,used_for,Plant part is associated with the respective therapeutic use
PlantPart,PO-PI-BA,USED_FOR,TherapeuticUse,D003371,used_for,Plant part is associated with the respective therapeutic use
PlantPart,PO-PI-BA,USED_FOR,TherapeuticUse,D004827,used_for,Plant part is associated with the respective therapeutic use
PlantPart,PO-PI-BA,USED_FOR,TherapeuticUse,D005076,used_for,Plant part is associated with the respective therapeutic use
PlantPart,PO-PI-BA,USED_FOR,TherapeuticUse,D005334,used_for,Plant part is associated with the respective therapeutic use
PlantPart,PO-PI-BA,USED_FOR,TherapeuticUse,D006261,used_for,Plant part is associated with the respective therapeutic use
PlantPart,PO-PI-BA,USED_FOR,TherapeuticUse,D006470,used_for,Plant part is associated with the respective therapeutic use
PlantPart,PO-PI-BA,USED_FOR,TherapeuticUse,D006484,used_for,Plant part is associated with the respective therapeutic use
PlantPart,PO-PI-BA,USED_FOR,TherapeuticUse,D006993,used_for,Plant part is associated with the respective therapeutic use
PlantPart,PO-PI-BA,USED_FOR,TherapeuticUse,D007239,used_for,Plant part is associated with the respective therapeutic use
PlantPart,PO-PI-BA,USED_FOR,TherapeuticUse,D008288,used_for,Plant part is associated with the respective therapeutic use
PlantPart,PO-PI-BA,USED_FOR,TherapeuticUse,D008599,used_for,Plant part is associated with the respective therapeutic use
PlantPart,PO-PI-BA,USED_FOR,TherapeuticUse,D010146,used_for,Plant part is associated with the respective therapeutic use
PlantPart,PO-PI-BA,USED_FOR,TherapeuticUse,D010276,used_for,Plant part is associated with the respective therapeutic use
PlantPart,PO-PI-BA,USED_FOR,TherapeuticUse,D012871,used_for,Plant part is associated with the respective therapeutic use
PlantPart,PO-PI-BA,USED_FOR,TherapeuticUse,D014456,used_for,Plant part is associated with the respective therapeutic use
PlantPart,PO-PI-BA,USED_FOR,TherapeuticUse,D014623,used_for,Plant part is associated with the respective therapeutic use
PlantPart,PO-PI-BA,USED_FOR,TherapeuticUse,D017116,used_for,Plant part is associated with the respective therapeutic use
PlantPart,PO-PI-BA,USED_FOR,TherapeuticUse,D019167,used_for,Plant part is associated with the respective therapeutic use
PlantPart,PO-PI-BA,USED_FOR,TherapeuticUse,D049970,used_for,Plant part is associated with the respective therapeutic use
PlantPart,PO-PI-BA,USED_FOR,TherapeuticUse,D058633,used_for,Plant part is associated with the respective therapeutic use
PlantPart,PO-PI-FL,USED_FOR,TherapeuticUse,D000740,used_for,Plant part is associated with the respective therapeutic use
PlantPart,PO-PI-FL,USED_FOR,TherapeuticUse,D000975,used_for,Plant part is associated with the respective therapeutic use
PlantPart,PO-PI-FL,USED_FOR,TherapeuticUse,D001991,used_for,Plant part is associated with the respective therapeutic use
PlantPart,PO-PI-FL,USED_FOR,TherapeuticUse,D003920,used_for,Plant part is associated with the respective therapeutic use
PlantPart,PO-PI-FL,USED_FOR,TherapeuticUse,D004433,used_for,Plant part is associated with the respective therapeutic use
PlantPart,PO-PI-FL,USED_FOR,TherapeuticUse,D014947,used_for,Plant part is associated with the respective therapeutic use
PlantPart,PO-PI-FR,USED_FOR,TherapeuticUse,D000871,used_for,Plant part is associated with the respective therapeutic use
PlantPart,PO-PI-FR,USED_FOR,TherapeuticUse,D001991,used_for,Plant part is associated with the respective therapeutic use
PlantPart,PO-PI-FR,USED_FOR,TherapeuticUse,D005334,used_for,Plant part is associated with the respective therapeutic use
PlantPart,PO-PI-FR,USED_FOR,TherapeuticUse,D005368,used_for,Plant part is associated with the respective therapeutic use
PlantPart,PO-PI-FR,USED_FOR,TherapeuticUse,D006484,used_for,Plant part is associated with the respective therapeutic use
PlantPart,PO-PI-FR,USED_FOR,TherapeuticUse,D010276,used_for,Plant part is associated with the respective therapeutic use
PlantPart,PO-PI-FR,USED_FOR,TherapeuticUse,D012871,used_for,Plant part is associated with the respective therapeutic use
PlantPart,PO-PI-FR,USED_FOR,TherapeuticUse,D014570,used_for,Plant part is associated with the respective therapeutic use
PlantPart,PO-PI-FR,USED_FOR,TherapeuticUse,D014917,used_for,Plant part is associated with the respective therapeutic use
PlantPart,PO-PI-FR,USED_FOR,TherapeuticUse,D019167,used_for,Plant part is associated with the respective therapeutic use
PlantPart,PO-PI-FR,USED_FOR,TherapeuticUse,D058633,used_for,Plant part is associated with the respective therapeutic use
PlantPart,PO-PI-LE,USED_FOR,TherapeuticUse,D000700,used_for,Plant part is associated with the respective therapeutic use
PlantPart,PO-PI-LE,USED_FOR,TherapeuticUse,D000871,used_for,Plant part is associated with the respective therapeutic use
PlantPart,PO-PI-LE,USED_FOR,TherapeuticUse,D000900,used_for,Plant part is associated with the respective therapeutic use
PlantPart,PO-PI-LE,USED_FOR,TherapeuticUse,D000932,used_for,Plant part is associated with the respective therapeutic use
PlantPart,PO-PI-LE,USED_FOR,TherapeuticUse,D000935,used_for,Plant part is associated with the respective therapeutic use
PlantPart,PO-PI-LE,USED_FOR,TherapeuticUse,D000969,used_for,Plant part is associated with the respective therapeutic use
PlantPart,PO-PI-LE,USED_FOR,TherapeuticUse,D000977,used_for,Plant part is associated with the respective therapeutic use
PlantPart,PO-PI-LE,USED_FOR,TherapeuticUse,D002756,used_for,Plant part is associated with the respective therapeutic use
PlantPart,PO-PI-LE,USED_FOR,TherapeuticUse,D003371,used_for,Plant part is associated with the respective therapeutic use
PlantPart,PO-PI-LE,USED_FOR,TherapeuticUse,D003967,used_for,Plant part is associated with the respective therapeutic use
PlantPart,PO-PI-LE,USED_FOR,TherapeuticUse,D004066,used_for,Plant part is associated with the respective therapeutic use
PlantPart,PO-PI-LE,USED_FOR,TherapeuticUse,D004415,used_for,Plant part is associated with the respective therapeutic use
PlantPart,PO-PI-LE,USED_FOR,TherapeuticUse,D004485,used_for,Plant part is associated with the respective therapeutic use
PlantPart,PO-PI-LE,USED_FOR,TherapeuticUse,D004487,used_for,Plant part is associated with the respective therapeutic use
PlantPart,PO-PI-LE,USED_FOR,TherapeuticUse,D005368,used_for,Plant part is associated with the respective therapeutic use
PlantPart,PO-PI-LE,USED_FOR,TherapeuticUse,D005414,used_for,Plant part is associated with the respective therapeutic use
PlantPart,PO-PI-LE,USED_FOR,TherapeuticUse,D006069,used_for,Plant part is associated with the respective therapeutic use
PlantPart,PO-PI-LE,USED_FOR,TherapeuticUse,D006484,used_for,Plant part is associated with the respective therapeutic use
PlantPart,PO-PI-LE,USED_FOR,TherapeuticUse,D007249,used_for,Plant part is associated with the respective therapeutic use
PlantPart,PO-PI-LE,USED_FOR,TherapeuticUse,D007411,used_for,Plant part is associated with the respective therapeutic use
PlantPart,PO-PI-LE,USED_FOR,TherapeuticUse,D007918,used_for,Plant part is associated with the respective therapeutic use
PlantPart,PO-PI-LE,USED_FOR,TherapeuticUse,D008288,used_for,Plant part is associated with the respective therapeutic use
PlantPart,PO-PI-LE,USED_FOR,TherapeuticUse,D008600,used_for,Plant part is associated with the respective therapeutic use
PlantPart,PO-PI-LE,USED_FOR,TherapeuticUse,D010304,used_for,Plant part is associated with the respective therapeutic use
PlantPart,PO-PI-LE,USED_FOR,TherapeuticUse,D012871,used_for,Plant part is associated with the respective therapeutic use
PlantPart,PO-PI-LE,USED_FOR,TherapeuticUse,D014456,used_for,Plant part is associated with the respective therapeutic use
PlantPart,PO-PI-LE,USED_FOR,TherapeuticUse,D014945,used_for,Plant part is associated with the respective therapeutic use
PlantPart,PO-PI-LE,USED_FOR,TherapeuticUse,D014947,used_for,Plant part is associated with the respective therapeutic use
PlantPart,PO-PI-LE,USED_FOR,TherapeuticUse,D015746,used_for,Plant part is associated with the respective therapeutic use
PlantPart,PO-PI-LE,USED_FOR,TherapeuticUse,D018501,used_for,Plant part is associated with the respective therapeutic use
PlantPart,PO-PI-LE,USED_FOR,TherapeuticUse,D054368,used_for,Plant part is associated with the respective therapeutic use
PlantPart,PO-PI-LE,USED_FOR,TherapeuticUse,D058633,used_for,Plant part is associated with the respective therapeutic use
PlantPart,PO-PI-LE,USED_FOR,TherapeuticUse,D063807,used_for,Plant part is associated with the respective therapeutic use
PlantPart,PO-PI-RO,USED_FOR,TherapeuticUse,D000871,used_for,Plant part is associated with the respective therapeutic use
PlantPart,PO-PI-RO,USED_FOR,TherapeuticUse,D003967,used_for,Plant part is associated with the respective therapeutic use
PlantPart,PO-PI-RO,USED_FOR,TherapeuticUse,D005400,used_for,Plant part is associated with the respective therapeutic use
PlantPart,PO-PI-RO,USED_FOR,TherapeuticUse,D005402,used_for,Plant part is associated with the respective therapeutic use
PlantPart,PO-PI-RO,USED_FOR,TherapeuticUse,D006069,used_for,Plant part is associated with the respective therapeutic use
PlantPart,PO-PI-RO,USED_FOR,TherapeuticUse,D008600,used_for,Plant part is associated with the respective therapeutic use
PlantPart,PO-PI-RO,USED_FOR,TherapeuticUse,D010276,used_for,Plant part is associated with the respective therapeutic use
PlantPart,PO-PI-RO,USED_FOR,TherapeuticUse,D010510,used_for,Plant part is associated with the respective therapeutic use
PlantPart,PO-PI-RO,USED_FOR,TherapeuticUse,D012003,used_for,Plant part is associated with the respective therapeutic use
PlantPart,PO-PI-RO,USED_FOR,TherapeuticUse,D014076,used_for,Plant part is associated with the respective therapeutic use
PlantPart,PO-PI-RO,USED_FOR,TherapeuticUse,D014388,used_for,Plant part is associated with the respective therapeutic use
PlantPart,PO-PI-RO,USED_FOR,TherapeuticUse,D014456,used_for,Plant part is associated with the respective therapeutic use
PlantPart,PO-PI-RO,USED_FOR,TherapeuticUse,D014947,used_for,Plant part is associated with the respective therapeutic use
PlantPart,PO-PI-RO,USED_FOR,TherapeuticUse,D018501,used_for,Plant part is associated with the respective therapeutic use
PlantPart,PO-PI-RO,USED_FOR,TherapeuticUse,D019167,used_for,Plant part is associated with the respective therapeutic use
PlantPart,PO-PI-RO,USED_FOR,TherapeuticUse,D058633,used_for,Plant part is associated with the respective therapeutic use
PlantPart,PO-PI-SE,USED_FOR,TherapeuticUse,D000700,used_for,Plant part is associated with the respective therapeutic use
PlantPart,PO-PI-SE,USED_FOR,TherapeuticUse,D000740,used_for,Plant part is associated with the respective therapeutic use
PlantPart,PO-PI-SE,USED_FOR,TherapeuticUse,D000871,used_for,Plant part is associated with the respective therapeutic use
PlantPart,PO-PI-SE,USED_FOR,TherapeuticUse,D000891,used_for,Plant part is associated with the respective therapeutic use
PlantPart,PO-PI-SE,USED_FOR,TherapeuticUse,D000893,used_for,Plant part is associated with the respective therapeutic use
PlantPart,PO-PI-SE,USED_FOR,TherapeuticUse,D000900,used_for,Plant part is associated with the respective therapeutic use
PlantPart,PO-PI-SE,USED_FOR,TherapeuticUse,D000935,used_for,Plant part is associated with the respective therapeutic use
PlantPart,PO-PI-SE,USED_FOR,TherapeuticUse,D000977,used_for,Plant part is associated with the respective therapeutic use
PlantPart,PO-PI-SE,USED_FOR,TherapeuticUse,D000998,used_for,Plant part is associated with the respective therapeutic use
PlantPart,PO-PI-SE,USED_FOR,TherapeuticUse,D001249,used_for,Plant part is associated with the respective therapeutic use
PlantPart,PO-PI-SE,USED_FOR,TherapeuticUse,D001991,used_for,Plant part is associated with the respective therapeutic use
PlantPart,PO-PI-SE,USED_FOR,TherapeuticUse,D002056,used_for,Plant part is associated with the respective therapeutic use
PlantPart,PO-PI-SE,USED_FOR,TherapeuticUse,D002756,used_for,Plant part is associated with the respective therapeutic use
PlantPart,PO-PI-SE,USED_FOR,TherapeuticUse,D003085,used_for,Plant part is associated with the respective therapeutic use
PlantPart,PO-PI-SE,USED_FOR,TherapeuticUse,D003358,used_for,Plant part is associated with the respective therapeutic use
PlantPart,PO-PI-SE,USED_FOR,TherapeuticUse,D003371,used_for,Plant part is associated with the respective therapeutic use
PlantPart,PO-PI-SE,USED_FOR,TherapeuticUse,D004415,used_for,Plant part is associated with the respective therapeutic use
PlantPart,PO-PI-SE,USED_FOR,TherapeuticUse,D004427,used_for,Plant part is associated with the respective therapeutic use
PlantPart,PO-PI-SE,USED_FOR,TherapeuticUse,D004433,used_for,Plant part is associated with the respective therapeutic use
PlantPart,PO-PI-SE,USED_FOR,TherapeuticUse,D004485,used_for,Plant part is associated with the respective therapeutic use
PlantPart,PO-PI-SE,USED_FOR,TherapeuticUse,D004643,used_for,Plant part is associated with the respective therapeutic use
PlantPart,PO-PI-SE,USED_FOR,TherapeuticUse,D004854,used_for,Plant part is associated with the respective therapeutic use
PlantPart,PO-PI-SE,USED_FOR,TherapeuticUse,D005076,used_for,Plant part is associated with the respective therapeutic use
PlantPart,PO-PI-SE,USED_FOR,TherapeuticUse,D005100,used_for,Plant part is associated with the respective therapeutic use
PlantPart,PO-PI-SE,USED_FOR,TherapeuticUse,D005334,used_for,Plant part is associated with the respective therapeutic use
PlantPart,PO-PI-SE,USED_FOR,TherapeuticUse,D005400,used_for,Plant part is associated with the respective therapeutic use
PlantPart,PO-PI-SE,USED_FOR,TherapeuticUse,D005414,used_for,Plant part is associated with the respective therapeutic use
PlantPart,PO-PI-SE,USED_FOR,TherapeuticUse,D006384,used_for,Plant part is associated with the respective therapeutic use
PlantPart,PO-PI-SE,USED_FOR,TherapeuticUse,D006397,used_for,Plant part is associated with the respective therapeutic use
PlantPart,PO-PI-SE,USED_FOR,TherapeuticUse,D006470,used_for,Plant part is associated with the respective therapeutic use
PlantPart,PO-PI-SE,USED_FOR,TherapeuticUse,D006561,used_for,Plant part is associated with the respective therapeutic use
PlantPart,PO-PI-SE,USED_FOR,TherapeuticUse,D006848,used_for,Plant part is associated with the respective therapeutic use
PlantPart,PO-PI-SE,USED_FOR,TherapeuticUse,D007249,used_for,Plant part is associated with the respective therapeutic use
PlantPart,PO-PI-SE,USED_FOR,TherapeuticUse,D007918,used_for,Plant part is associated with the respective therapeutic use
PlantPart,PO-PI-SE,USED_FOR,TherapeuticUse,D008288,used_for,Plant part is associated with the respective therapeutic use
PlantPart,PO-PI-SE,USED_FOR,TherapeuticUse,D008548,used_for,Plant part is associated with the respective therapeutic use
PlantPart,PO-PI-SE,USED_FOR,TherapeuticUse,D008599,used_for,Plant part is associated with the respective therapeutic use
PlantPart,PO-PI-SE,USED_FOR,TherapeuticUse,D008600,used_for,Plant part is associated with the respective therapeutic use
PlantPart,PO-PI-SE,USED_FOR,TherapeuticUse,D009181,used_for,Plant part is associated with the respective therapeutic use
PlantPart,PO-PI-SE,USED_FOR,TherapeuticUse,D010243,used_for,Plant part is associated with the respective therapeutic use
PlantPart,PO-PI-SE,USED_FOR,TherapeuticUse,D010369,used_for,Plant part is associated with the respective therapeutic use
PlantPart,PO-PI-SE,USED_FOR,TherapeuticUse,D011537,used_for,Plant part is associated with the respective therapeutic use
PlantPart,PO-PI-SE,USED_FOR,TherapeuticUse,D012060,used_for,Plant part is associated with the respective therapeutic use
PlantPart,PO-PI-SE,USED_FOR,TherapeuticUse,D012532,used_for,Plant part is associated with the respective therapeutic use
PlantPart,PO-PI-SE,USED_FOR,TherapeuticUse,D012871,used_for,Plant part is associated with the respective therapeutic use
PlantPart,PO-PI-SE,USED_FOR,TherapeuticUse,D013089,used_for,Plant part is associated with the respective therapeutic use
PlantPart,PO-PI-SE,USED_FOR,TherapeuticUse,D013180,used_for,Plant part is associated with the respective therapeutic use
PlantPart,PO-PI-SE,USED_FOR,TherapeuticUse,D014820,used_for,Plant part is associated with the respective therapeutic use
PlantPart,PO-PI-SE,USED_FOR,TherapeuticUse,D014917,used_for,Plant part is associated with the respective therapeutic use
PlantPart,PO-PI-SE,USED_FOR,TherapeuticUse,D014947,used_for,Plant part is associated with the respective therapeutic use
PlantPart,PO-PI-SE,USED_FOR,TherapeuticUse,D015746,used_for,Plant part is associated with the respective therapeutic use
PlantPart,PO-PI-SE,USED_FOR,TherapeuticUse,D017116,used_for,Plant part is associated with the respective therapeutic use
PlantPart,PO-PI-SE,USED_FOR,TherapeuticUse,D018501,used_for,Plant part is associated with the respective therapeutic use
PlantPart,PO-PI-SE,USED_FOR,TherapeuticUse,D018771,used_for,Plant part is associated with the respective therapeutic use
PlantPart,PO-PI-SE,USED_FOR,TherapeuticUse,D019167,used_for,Plant part is associated with the respective therapeutic use
PlantPart,PO-PI-SE,USED_FOR,TherapeuticUse,D058633,used_for,Plant part is associated with the respective therapeutic use
PlantPart,PO-PI-SE,USED_FOR,TherapeuticUse,D063807,used_for,Plant part is associated with the respective therapeutic use
PlantPart,PO-PI-ST,USED_FOR,TherapeuticUse,D006484,used_for,Plant part is associated with the respective therapeutic use
PlantPart,PO-PI-ST,USED_FOR,TherapeuticUse,D014098,used_for,Plant part is associated with the respective therapeutic use
PlantPart,PO-PI-ST,USED_FOR,TherapeuticUse,D014099,used_for,Plant part is associated with the respective therapeutic use
PlantPart,PS-GU-BA,USED_FOR,TherapeuticUse,D000891,used_for,Plant part is associated with the respective therapeutic use
PlantPart,PS-GU-BA,USED_FOR,TherapeuticUse,D001252,used_for,Plant part is associated with the respective therapeutic use
PlantPart,PS-GU-BA,USED_FOR,TherapeuticUse,D002771,used_for,Plant part is associated with the respective therapeutic use
PlantPart,PS-GU-BA,USED_FOR,TherapeuticUse,D003967,used_for,Plant part is associated with the respective therapeutic use
PlantPart,PS-GU-BA,USED_FOR,TherapeuticUse,D012060,used_for,Plant part is associated with the respective therapeutic use
PlantPart,PS-GU-FL,USED_FOR,TherapeuticUse,D000871,used_for,Plant part is associated with the respective therapeutic use
PlantPart,PS-GU-FL,USED_FOR,TherapeuticUse,D000977,used_for,Plant part is associated with the respective therapeutic use
PlantPart,PS-GU-FL,USED_FOR,TherapeuticUse,D001991,used_for,Plant part is associated with the respective therapeutic use
PlantPart,PS-GU-FL,USED_FOR,TherapeuticUse,D003085,used_for,Plant part is associated with the respective therapeutic use
PlantPart,PS-GU-FL,USED_FOR,TherapeuticUse,D003968,used_for,Plant part is associated with the respective therapeutic use
PlantPart,PS-GU-FL,USED_FOR,TherapeuticUse,D005884,used_for,Plant part is associated with the respective therapeutic use
PlantPart,PS-GU-FL,USED_FOR,TherapeuticUse,D054368,used_for,Plant part is associated with the respective therapeutic use
PlantPart,PS-GU-FL,USED_FOR,TherapeuticUse,D058447,used_for,Plant part is associated with the respective therapeutic use
PlantPart,PS-GU-FR,USED_FOR,TherapeuticUse,D001046,used_for,Plant part is associated with the respective therapeutic use
PlantPart,PS-GU-FR,USED_FOR,TherapeuticUse,D001247,used_for,Plant part is associated with the respective therapeutic use
PlantPart,PS-GU-FR,USED_FOR,TherapeuticUse,D003085,used_for,Plant part is associated with the respective therapeutic use
PlantPart,PS-GU-FR,USED_FOR,TherapeuticUse,D003967,used_for,Plant part is associated with the respective therapeutic use
PlantPart,PS-GU-FR,USED_FOR,TherapeuticUse,D004403,used_for,Plant part is associated with the respective therapeutic use
PlantPart,PS-GU-FR,USED_FOR,TherapeuticUse,D005884,used_for,Plant part is associated with the respective therapeutic use
PlantPart,PS-GU-FR,USED_FOR,TherapeuticUse,D007565,used_for,Plant part is associated with the respective therapeutic use
PlantPart,PS-GU-FR,USED_FOR,TherapeuticUse,D010146,used_for,Plant part is associated with the respective therapeutic use
PlantPart,PS-GU-FR,USED_FOR,TherapeuticUse,D012060,used_for,Plant part is associated with the respective therapeutic use
PlantPart,PS-GU-FR,USED_FOR,TherapeuticUse,D013894,used_for,Plant part is associated with the respective therapeutic use
PlantPart,PS-GU-FR,USED_FOR,TherapeuticUse,D054368,used_for,Plant part is associated with the respective therapeutic use
PlantPart,PS-GU-LE,USED_FOR,TherapeuticUse,D000890,used_for,Plant part is associated with the respective therapeutic use
PlantPart,PS-GU-LE,USED_FOR,TherapeuticUse,D001252,used_for,Plant part is associated with the respective therapeutic use
PlantPart,PS-GU-LE,USED_FOR,TherapeuticUse,D002100,used_for,Plant part is associated with the respective therapeutic use
PlantPart,PS-GU-LE,USED_FOR,TherapeuticUse,D002771,used_for,Plant part is associated with the respective therapeutic use
PlantPart,PS-GU-LE,USED_FOR,TherapeuticUse,D003920,used_for,Plant part is associated with the respective therapeutic use
PlantPart,PS-GU-LE,USED_FOR,TherapeuticUse,D003967,used_for,Plant part is associated with the respective therapeutic use
PlantPart,PS-GU-LE,USED_FOR,TherapeuticUse,D004403,used_for,Plant part is associated with the respective therapeutic use
PlantPart,PS-GU-LE,USED_FOR,TherapeuticUse,D004487,used_for,Plant part is associated with the respective therapeutic use
PlantPart,PS-GU-LE,USED_FOR,TherapeuticUse,D004827,used_for,Plant part is associated with the respective therapeutic use
PlantPart,PS-GU-LE,USED_FOR,TherapeuticUse,D006505,used_for,Plant part is associated with the respective therapeutic use
PlantPart,PS-GU-LE,USED_FOR,TherapeuticUse,D010276,used_for,Plant part is associated with the respective therapeutic use
PlantPart,PS-GU-LE,USED_FOR,TherapeuticUse,D010510,used_for,Plant part is associated with the respective therapeutic use
PlantPart,PS-GU-LE,USED_FOR,TherapeuticUse,D014098,used_for,Plant part is associated with the respective therapeutic use
PlantPart,PS-GU-LE,USED_FOR,TherapeuticUse,D014456,used_for,Plant part is associated with the respective therapeutic use
PlantPart,PS-GU-LE,USED_FOR,TherapeuticUse,D014917,used_for,Plant part is associated with the respective therapeutic use
PlantPart,PS-GU-LE,USED_FOR,TherapeuticUse,D014947,used_for,Plant part is associated with the respective therapeutic use
PlantPart,PS-GU-LE,USED_FOR,TherapeuticUse,D015212,used_for,Plant part is associated with the respective therapeutic use
PlantPart,PS-GU-LE,USED_FOR,TherapeuticUse,D018501,used_for,Plant part is associated with the respective therapeutic use
PlantPart,PS-GU-LE,USED_FOR,TherapeuticUse,D058447,used_for,Plant part is associated with the respective therapeutic use
PlantPart,PS-GU-RO,USED_FOR,TherapeuticUse,D000932,used_for,Plant part is associated with the respective therapeutic use
PlantPart,PS-GU-RO,USED_FOR,TherapeuticUse,D001252,used_for,Plant part is associated with the respective therapeutic use
PlantPart,PS-GU-RO,USED_FOR,TherapeuticUse,D002100,used_for,Plant part is associated with the respective therapeutic use
PlantPart,PS-GU-RO,USED_FOR,TherapeuticUse,D003967,used_for,Plant part is associated with the respective therapeutic use
PlantPart,PS-GU-RO,USED_FOR,TherapeuticUse,D003968,used_for,Plant part is associated with the respective therapeutic use
PlantPart,PS-GU-RO,USED_FOR,TherapeuticUse,D004403,used_for,Plant part is associated with the respective therapeutic use
PlantPart,PS-GU-RO,USED_FOR,TherapeuticUse,D004827,used_for,Plant part is associated with the respective therapeutic use
PlantPart,PS-GU-RO,USED_FOR,TherapeuticUse,D005891,used_for,Plant part is associated with the respective therapeutic use
PlantPart,PS-GU-RO,USED_FOR,TherapeuticUse,D006470,used_for,Plant part is associated with the respective therapeutic use
PlantPart,PS-GU-RO,USED_FOR,TherapeuticUse,D009393,used_for,Plant part is associated with the respective therapeutic use
PlantPart,PS-GU-RO,USED_FOR,TherapeuticUse,D010510,used_for,Plant part is associated with the respective therapeutic use
PlantPart,PS-GU-RO,USED_FOR,TherapeuticUse,D012005,used_for,Plant part is associated with the respective therapeutic use
PlantPart,PS-GU-RO,USED_FOR,TherapeuticUse,D014098,used_for,Plant part is associated with the respective therapeutic use
PlantPart,PS-GU-RO,USED_FOR,TherapeuticUse,D014456,used_for,Plant part is associated with the respective therapeutic use
PlantPart,PS-GU-RO,USED_FOR,TherapeuticUse,D014839,used_for,Plant part is associated with the respective therapeutic use
PlantPart,PS-GU-ST,USED_FOR,TherapeuticUse,D000871,used_for,Plant part is associated with the respective therapeutic use
PlantPart,PU-GR-BA,USED_FOR,TherapeuticUse,D000871,used_for,Plant part is associated with the respective therapeutic use
PlantPart,PU-GR-BA,USED_FOR,TherapeuticUse,D000893,used_for,Plant part is associated with the respective therapeutic use
PlantPart,PU-GR-BA,USED_FOR,TherapeuticUse,D000932,used_for,Plant part is associated with the respective therapeutic use
PlantPart,PU-GR-BA,USED_FOR,TherapeuticUse,D001252,used_for,Plant part is associated with the respective therapeutic use
PlantPart,PU-GR-BA,USED_FOR,TherapeuticUse,D003967,used_for,Plant part is associated with the respective therapeutic use
PlantPart,PU-GR-BA,USED_FOR,TherapeuticUse,D004403,used_for,Plant part is associated with the respective therapeutic use
PlantPart,PU-GR-BA,USED_FOR,TherapeuticUse,D006484,used_for,Plant part is associated with the respective therapeutic use
PlantPart,PU-GR-BA,USED_FOR,TherapeuticUse,D006529,used_for,Plant part is associated with the respective therapeutic use
PlantPart,PU-GR-BA,USED_FOR,TherapeuticUse,D007410,used_for,Plant part is associated with the respective therapeutic use
PlantPart,PU-GR-BA,USED_FOR,TherapeuticUse,D013587,used_for,Plant part is associated with the respective therapeutic use
PlantPart,PU-GR-FL,USED_FOR,TherapeuticUse,D000740,used_for,Plant part is associated with the respective therapeutic use
PlantPart,PU-GR-FL,USED_FOR,TherapeuticUse,D001046,used_for,Plant part is associated with the respective therapeutic use
PlantPart,PU-GR-FL,USED_FOR,TherapeuticUse,D001991,used_for,Plant part is associated with the respective therapeutic use
PlantPart,PU-GR-FL,USED_FOR,TherapeuticUse,D003967,used_for,Plant part is associated with the respective therapeutic use
PlantPart,PU-GR-FL,USED_FOR,TherapeuticUse,D004232,used_for,Plant part is associated with the respective therapeutic use
PlantPart,PU-GR-FL,USED_FOR,TherapeuticUse,D004403,used_for,Plant part is associated with the respective therapeutic use
PlantPart,PU-GR-FL,USED_FOR,TherapeuticUse,D004433,used_for,Plant part is associated with the respective therapeutic use
PlantPart,PU-GR-FL,USED_FOR,TherapeuticUse,D004844,used_for,Plant part is associated with the respective therapeutic use
PlantPart,PU-GR-FL,USED_FOR,TherapeuticUse,D006417,used_for,Plant part is associated with the respective therapeutic use
PlantPart,PU-GR-FL,USED_FOR,TherapeuticUse,D006469,used_for,Plant part is associated with the respective therapeutic use
PlantPart,PU-GR-FL,USED_FOR,TherapeuticUse,D006470,used_for,Plant part is associated with the respective therapeutic use
PlantPart,PU-GR-FL,USED_FOR,TherapeuticUse,D006848,used_for,Plant part is associated with the respective therapeutic use
PlantPart,PU-GR-FL,USED_FOR,TherapeuticUse,D010146,used_for,Plant part is associated with the respective therapeutic use
PlantPart,PU-GR-FL,USED_FOR,TherapeuticUse,D010369,used_for,Plant part is associated with the respective therapeutic use
PlantPart,PU-GR-FL,USED_FOR,TherapeuticUse,D010612,used_for,Plant part is associated with the respective therapeutic use
PlantPart,PU-GR-FL,USED_FOR,TherapeuticUse,D013158,used_for,Plant part is associated with the respective therapeutic use
PlantPart,PU-GR-FL,USED_FOR,TherapeuticUse,D013894,used_for,Plant part is associated with the respective therapeutic use
PlantPart,PU-GR-FL,USED_FOR,TherapeuticUse,D014456,used_for,Plant part is associated with the respective therapeutic use
PlantPart,PU-GR-FL,USED_FOR,TherapeuticUse,D014839,used_for,Plant part is associated with the respective therapeutic use
PlantPart,PU-GR-FL,USED_FOR,TherapeuticUse,D054368,used_for,Plant part is associated with the respective therapeutic use
PlantPart,PU-GR-FL,USED_FOR,TherapeuticUse,D058447,used_for,Plant part is associated with the respective therapeutic use
PlantPart,PU-GR-FR,USED_FOR,TherapeuticUse,D000647,used_for,Plant part is associated with the respective therapeutic use
PlantPart,PU-GR-FR,USED_FOR,TherapeuticUse,D000740,used_for,Plant part is associated with the respective therapeutic use
PlantPart,PU-GR-FR,USED_FOR,TherapeuticUse,D001252,used_for,Plant part is associated with the respective therapeutic use
PlantPart,PU-GR-FR,USED_FOR,TherapeuticUse,D001991,used_for,Plant part is associated with the respective therapeutic use
PlantPart,PU-GR-FR,USED_FOR,TherapeuticUse,D002316,used_for,Plant part is associated with the respective therapeutic use
PlantPart,PU-GR-FR,USED_FOR,TherapeuticUse,D002800,used_for,Plant part is associated with the respective therapeutic use
PlantPart,PU-GR-FR,USED_FOR,TherapeuticUse,D003092,used_for,Plant part is associated with the respective therapeutic use
PlantPart,PU-GR-FR,USED_FOR,TherapeuticUse,D003139,used_for,Plant part is associated with the respective therapeutic use
PlantPart,PU-GR-FR,USED_FOR,TherapeuticUse,D003248,used_for,Plant part is associated with the respective therapeutic use
PlantPart,PU-GR-FR,USED_FOR,TherapeuticUse,D003371,used_for,Plant part is associated with the respective therapeutic use
PlantPart,PU-GR-FR,USED_FOR,TherapeuticUse,D003967,used_for,Plant part is associated with the respective therapeutic use
PlantPart,PU-GR-FR,USED_FOR,TherapeuticUse,D004066,used_for,Plant part is associated with the respective therapeutic use
PlantPart,PU-GR-FR,USED_FOR,TherapeuticUse,D004403,used_for,Plant part is associated with the respective therapeutic use
PlantPart,PU-GR-FR,USED_FOR,TherapeuticUse,D004415,used_for,Plant part is associated with the respective therapeutic use
PlantPart,PU-GR-FR,USED_FOR,TherapeuticUse,D004433,used_for,Plant part is associated with the respective therapeutic use
PlantPart,PU-GR-FR,USED_FOR,TherapeuticUse,D004844,used_for,Plant part is associated with the respective therapeutic use
PlantPart,PU-GR-FR,USED_FOR,TherapeuticUse,D005334,used_for,Plant part is associated with the respective therapeutic use
PlantPart,PU-GR-FR,USED_FOR,TherapeuticUse,D005756,used_for,Plant part is associated with the respective therapeutic use
PlantPart,PU-GR-FR,USED_FOR,TherapeuticUse,D006069,used_for,Plant part is associated with the respective therapeutic use
PlantPart,PU-GR-FR,USED_FOR,TherapeuticUse,D006356,used_for,Plant part is associated with the respective therapeutic use
PlantPart,PU-GR-FR,USED_FOR,TherapeuticUse,D006484,used_for,Plant part is associated with the respective therapeutic use
PlantPart,PU-GR-FR,USED_FOR,TherapeuticUse,D006973,used_for,Plant part is associated with the respective therapeutic use
PlantPart,PU-GR-FR,USED_FOR,TherapeuticUse,D007319,used_for,Plant part is associated with the respective therapeutic use
PlantPart,PU-GR-FR,USED_FOR,TherapeuticUse,D007565,used_for,Plant part is associated with the respective therapeutic use
PlantPart,PU-GR-FR,USED_FOR,TherapeuticUse,D007973,used_for,Plant part is associated with the respective therapeutic use
PlantPart,PU-GR-FR,USED_FOR,TherapeuticUse,D008548,used_for,Plant part is associated with the respective therapeutic use
PlantPart,PU-GR-FR,USED_FOR,TherapeuticUse,D010612,used_for,Plant part is associated with the respective therapeutic use
PlantPart,PU-GR-FR,USED_FOR,TherapeuticUse,D012060,used_for,Plant part is associated with the respective therapeutic use
PlantPart,PU-GR-FR,USED_FOR,TherapeuticUse,D013587,used_for,Plant part is associated with the respective therapeutic use
PlantPart,PU-GR-FR,USED_FOR,TherapeuticUse,D013894,used_for,Plant part is associated with the respective therapeutic use
PlantPart,PU-GR-FR,USED_FOR,TherapeuticUse,D014591,used_for,Plant part is associated with the respective therapeutic use
PlantPart,PU-GR-FR,USED_FOR,TherapeuticUse,D014839,used_for,Plant part is associated with the respective therapeutic use
PlantPart,PU-GR-FR,USED_FOR,TherapeuticUse,D015746,used_for,Plant part is associated with the respective therapeutic use
PlantPart,PU-GR-FR,USED_FOR,TherapeuticUse,D019167,used_for,Plant part is associated with the respective therapeutic use
PlantPart,PU-GR-FR,USED_FOR,TherapeuticUse,D050197,used_for,Plant part is associated with the respective therapeutic use
PlantPart,PU-GR-FR,USED_FOR,TherapeuticUse,D054368,used_for,Plant part is associated with the respective therapeutic use
PlantPart,PU-GR-LE,USED_FOR,TherapeuticUse,D000022,used_for,Plant part is associated with the respective therapeutic use
PlantPart,PU-GR-LE,USED_FOR,TherapeuticUse,D000871,used_for,Plant part is associated with the respective therapeutic use
PlantPart,PU-GR-LE,USED_FOR,TherapeuticUse,D001252,used_for,Plant part is associated with the respective therapeutic use
PlantPart,PU-GR-LE,USED_FOR,TherapeuticUse,D002637,used_for,Plant part is associated with the respective therapeutic use
PlantPart,PU-GR-LE,USED_FOR,TherapeuticUse,D003231,used_for,Plant part is associated with the respective therapeutic use
PlantPart,PU-GR-LE,USED_FOR,TherapeuticUse,D004403,used_for,Plant part is associated with the respective therapeutic use
PlantPart,PU-GR-LE,USED_FOR,TherapeuticUse,D013280,used_for,Plant part is associated with the respective therapeutic use
PlantPart,PU-GR-RO,USED_FOR,TherapeuticUse,D000871,used_for,Plant part is associated with the respective therapeutic use
PlantPart,PU-GR-RO,USED_FOR,TherapeuticUse,D000932,used_for,Plant part is associated with the respective therapeutic use
PlantPart,PU-GR-RO,USED_FOR,TherapeuticUse,D001252,used_for,Plant part is associated with the respective therapeutic use
PlantPart,PU-GR-RO,USED_FOR,TherapeuticUse,D002589,used_for,Plant part is associated with the respective therapeutic use
PlantPart,PU-GR-RO,USED_FOR,TherapeuticUse,D004403,used_for,Plant part is associated with the respective therapeutic use
PlantPart,PU-GR-RO,USED_FOR,TherapeuticUse,D006529,used_for,Plant part is associated with the respective therapeutic use
PlantPart,PU-GR-RO,USED_FOR,TherapeuticUse,D007410,used_for,Plant part is associated with the respective therapeutic use
PlantPart,PU-GR-RO,USED_FOR,TherapeuticUse,D007411,used_for,Plant part is associated with the respective therapeutic use
PlantPart,PU-GR-SE,USED_FOR,TherapeuticUse,D000740,used_for,Plant part is associated with the respective therapeutic use
PlantPart,PU-GR-SE,USED_FOR,TherapeuticUse,D002316,used_for,Plant part is associated with the respective therapeutic use
PlantPart,PU-GR-SE,USED_FOR,TherapeuticUse,D002637,used_for,Plant part is associated with the respective therapeutic use
PlantPart,PU-GR-SE,USED_FOR,TherapeuticUse,D003967,used_for,Plant part is associated with the respective therapeutic use
PlantPart,PU-GR-SE,USED_FOR,TherapeuticUse,D004232,used_for,Plant part is associated with the respective therapeutic use
PlantPart,PU-GR-SE,USED_FOR,TherapeuticUse,D005221,used_for,Plant part is associated with the respective therapeutic use
PlantPart,PU-GR-SE,USED_FOR,TherapeuticUse,D006402,used_for,Plant part is associated with the respective therapeutic use
PlantPart,PU-GR-SE,USED_FOR,TherapeuticUse,D006993,used_for,Plant part is associated with the respective therapeutic use
PlantPart,PU-GR-SE,USED_FOR,TherapeuticUse,D007565,used_for,Plant part is associated with the respective therapeutic use
PlantPart,PU-GR-SE,USED_FOR,TherapeuticUse,D008107,used_for,Plant part is associated with the respective therapeutic use
PlantPart,PU-GR-SE,USED_FOR,TherapeuticUse,D009325,used_for,Plant part is associated with the respective therapeutic use
PlantPart,PU-GR-SE,USED_FOR,TherapeuticUse,D012532,used_for,Plant part is associated with the respective therapeutic use
PlantPart,PU-GR-SE,USED_FOR,TherapeuticUse,D013158,used_for,Plant part is associated with the respective therapeutic use
PlantPart,PU-GR-SE,USED_FOR,TherapeuticUse,D013894,used_for,Plant part is associated with the respective therapeutic use
PlantPart,PU-GR-SE,USED_FOR,TherapeuticUse,D014839,used_for,Plant part is associated with the respective therapeutic use
PlantPart,PU-GR-SE,USED_FOR,TherapeuticUse,D019167,used_for,Plant part is associated with the respective therapeutic use
PlantPart,PU-GR-SE,USED_FOR,TherapeuticUse,D058447,used_for,Plant part is associated with the respective therapeutic use
PlantPart,PU-GR-ST,USED_FOR,TherapeuticUse,D000871,used_for,Plant part is associated with the respective therapeutic use
PlantPart,PU-GR-ST,USED_FOR,TherapeuticUse,D007410,used_for,Plant part is associated with the respective therapeutic use
PlantPart,PU-GR-ST,USED_FOR,TherapeuticUse,D013587,used_for,Plant part is associated with the respective therapeutic use
PlantPart,PU-GR-WH,USED_FOR,TherapeuticUse,D007004,used_for,Plant part is associated with the respective therapeutic use
PlantPart,PU-GR-WO,USED_FOR,TherapeuticUse,D000022,used_for,Plant part is associated with the respective therapeutic use
PlantPart,PU-GR-WO,USED_FOR,TherapeuticUse,D007973,used_for,Plant part is associated with the respective therapeutic use
PlantPart,RU-CO-FR,USED_FOR,TherapeuticUse,D008107,used_for,Plant part is associated with the respective therapeutic use
PlantPart,RU-CO-RO,USED_FOR,TherapeuticUse,D000019,used_for,Plant part is associated with the respective therapeutic use
PlantPart,RU-CO-RO,USED_FOR,TherapeuticUse,D000568,used_for,Plant part is associated with the respective therapeutic use
PlantPart,RU-CO-RO,USED_FOR,TherapeuticUse,D000891,used_for,Plant part is associated with the respective therapeutic use
PlantPart,RU-CO-RO,USED_FOR,TherapeuticUse,D000900,used_for,Plant part is associated with the respective therapeutic use
PlantPart,RU-CO-RO,USED_FOR,TherapeuticUse,D000970,used_for,Plant part is associated with the respective therapeutic use
PlantPart,RU-CO-RO,USED_FOR,TherapeuticUse,D000982,used_for,Plant part is associated with the respective therapeutic use
PlantPart,RU-CO-RO,USED_FOR,TherapeuticUse,D001172,used_for,Plant part is associated with the respective therapeutic use
PlantPart,RU-CO-RO,USED_FOR,TherapeuticUse,D001201,used_for,Plant part is associated with the respective therapeutic use
PlantPart,RU-CO-RO,USED_FOR,TherapeuticUse,D001252,used_for,Plant part is associated with the respective therapeutic use
PlantPart,RU-CO-RO,USED_FOR,TherapeuticUse,D001744,used_for,Plant part is associated with the respective therapeutic use
PlantPart,RU-CO-RO,USED_FOR,TherapeuticUse,D002286,used_for,Plant part is associated with the respective therapeutic use
PlantPart,RU-CO-RO,USED_FOR,TherapeuticUse,D003371,used_for,Plant part is associated with the respective therapeutic use
PlantPart,RU-CO-RO,USED_FOR,TherapeuticUse,D003836,used_for,Plant part is associated with the respective therapeutic use
PlantPart,RU-CO-RO,USED_FOR,TherapeuticUse,D003920,used_for,Plant part is associated with the respective therapeutic use
PlantPart,RU-CO-RO,USED_FOR,TherapeuticUse,D003967,used_for,Plant part is associated with the respective therapeutic use
PlantPart,RU-CO-RO,USED_FOR,TherapeuticUse,D004232,used_for,Plant part is associated with the respective therapeutic use
PlantPart,RU-CO-RO,USED_FOR,TherapeuticUse,D004403,used_for,Plant part is associated with the respective therapeutic use
PlantPart,RU-CO-RO,USED_FOR,TherapeuticUse,D004412,used_for,Plant part is associated with the respective therapeutic use
PlantPart,RU-CO-RO,USED_FOR,TherapeuticUse,D004415,used_for,Plant part is associated with the respective therapeutic use
PlantPart,RU-CO-RO,USED_FOR,TherapeuticUse,D004433,used_for,Plant part is associated with the respective therapeutic use
PlantPart,RU-CO-RO,USED_FOR,TherapeuticUse,D006261,used_for,Plant part is associated with the respective therapeutic use
PlantPart,RU-CO-RO,USED_FOR,TherapeuticUse,D006470,used_for,Plant part is associated with the respective therapeutic use
PlantPart,RU-CO-RO,USED_FOR,TherapeuticUse,D007249,used_for,Plant part is associated with the respective therapeutic use
PlantPart,RU-CO-RO,USED_FOR,TherapeuticUse,D007565,used_for,Plant part is associated with the respective therapeutic use
PlantPart,RU-CO-RO,USED_FOR,TherapeuticUse,D007669,used_for,Plant part is associated with the respective therapeutic use
PlantPart,RU-CO-RO,USED_FOR,TherapeuticUse,D007938,used_for,Plant part is associated with the respective therapeutic use
PlantPart,RU-CO-RO,USED_FOR,TherapeuticUse,D007973,used_for,Plant part is associated with the respective therapeutic use
PlantPart,RU-CO-RO,USED_FOR,TherapeuticUse,D008107,used_for,Plant part is associated with the respective therapeutic use
PlantPart,RU-CO-RO,USED_FOR,TherapeuticUse,D008600,used_for,Plant part is associated with the respective therapeutic use
PlantPart,RU-CO-RO,USED_FOR,TherapeuticUse,D009437,used_for,Plant part is associated with the respective therapeutic use
PlantPart,RU-CO-RO,USED_FOR,TherapeuticUse,D010243,used_for,Plant part is associated with the respective therapeutic use
PlantPart,RU-CO-RO,USED_FOR,TherapeuticUse,D010369,used_for,Plant part is associated with the respective therapeutic use
PlantPart,RU-CO-RO,USED_FOR,TherapeuticUse,D010612,used_for,Plant part is associated with the respective therapeutic use
PlantPart,RU-CO-RO,USED_FOR,TherapeuticUse,D012060,used_for,Plant part is associated with the respective therapeutic use
PlantPart,RU-CO-RO,USED_FOR,TherapeuticUse,D012279,used_for,Plant part is associated with the respective therapeutic use
PlantPart,RU-CO-RO,USED_FOR,TherapeuticUse,D012871,used_for,Plant part is associated with the respective therapeutic use
PlantPart,RU-CO-RO,USED_FOR,TherapeuticUse,D012880,used_for,Plant part is associated with the respective therapeutic use
PlantPart,RU-CO-RO,USED_FOR,TherapeuticUse,D013158,used_for,Plant part is associated with the respective therapeutic use
PlantPart,RU-CO-RO,USED_FOR,TherapeuticUse,D013312,used_for,Plant part is associated with the respective therapeutic use
PlantPart,RU-CO-RO,USED_FOR,TherapeuticUse,D014456,used_for,Plant part is associated with the respective therapeutic use
PlantPart,RU-CO-RO,USED_FOR,TherapeuticUse,D014947,used_for,Plant part is associated with the respective therapeutic use
PlantPart,RU-CO-RO,USED_FOR,TherapeuticUse,D018771,used_for,Plant part is associated with the respective therapeutic use
PlantPart,RU-CO-RO,USED_FOR,TherapeuticUse,D018827,used_for,Plant part is associated with the respective therapeutic use
PlantPart,RU-CO-RO,USED_FOR,TherapeuticUse,D050723,used_for,Plant part is associated with the respective therapeutic use
PlantPart,RU-CO-ST,USED_FOR,TherapeuticUse,D000891,used_for,Plant part is associated with the respective therapeutic use
PlantPart,RU-CO-ST,USED_FOR,TherapeuticUse,D001252,used_for,Plant part is associated with the respective therapeutic use
PlantPart,RU-CO-ST,USED_FOR,TherapeuticUse,D001733,used_for,Plant part is associated with the respective therapeutic use
PlantPart,RU-CO-ST,USED_FOR,TherapeuticUse,D004232,used_for,Plant part is associated with the respective therapeutic use
PlantPart,RU-CO-ST,USED_FOR,TherapeuticUse,D004403,used_for,Plant part is associated with the respective therapeutic use
PlantPart,RU-CO-ST,USED_FOR,TherapeuticUse,D008600,used_for,Plant part is associated with the respective therapeutic use
PlantPart,RU-CO-ST,USED_FOR,TherapeuticUse,D065008,used_for,Plant part is associated with the respective therapeutic use
PlantPart,RU-CO-WH,USED_FOR,TherapeuticUse,D000871,used_for,Plant part is associated with the respective therapeutic use
PlantPart,RU-CO-WH,USED_FOR,TherapeuticUse,D000891,used_for,Plant part is associated with the respective therapeutic use
PlantPart,RU-CO-WH,USED_FOR,TherapeuticUse,D001252,used_for,Plant part is associated with the respective therapeutic use
PlantPart,RU-CO-WH,USED_FOR,TherapeuticUse,D004403,used_for,Plant part is associated with the respective therapeutic use
PlantPart,RU-CO-WH,USED_FOR,TherapeuticUse,D007249,used_for,Plant part is associated with the respective therapeutic use
PlantPart,RU-CO-WH,USED_FOR,TherapeuticUse,D012060,used_for,Plant part is associated with the respective therapeutic use
PlantPart,RU-CO-WH,USED_FOR,TherapeuticUse,D012871,used_for,Plant part is associated with the respective therapeutic use
PlantPart,RU-CO-WH,USED_FOR,TherapeuticUse,D014456,used_for,Plant part is associated with the respective therapeutic use
PlantPart,SA-AL-SE,USED_FOR,TherapeuticUse,D003270,used_for,Plant part is associated with the respective therapeutic use
PlantPart,SA-AL-WO,USED_FOR,TherapeuticUse,D000891,used_for,Plant part is associated with the respective therapeutic use
PlantPart,SA-AL-WO,USED_FOR,TherapeuticUse,D000893,used_for,Plant part is associated with the respective therapeutic use
PlantPart,SA-AL-WO,USED_FOR,TherapeuticUse,D000900,used_for,Plant part is associated with the respective therapeutic use
PlantPart,SA-AL-WO,USED_FOR,TherapeuticUse,D000982,used_for,Plant part is associated with the respective therapeutic use
PlantPart,SA-AL-WO,USED_FOR,TherapeuticUse,D001991,used_for,Plant part is associated with the respective therapeutic use
PlantPart,SA-AL-WO,USED_FOR,TherapeuticUse,D002056,used_for,Plant part is associated with the respective therapeutic use
PlantPart,SA-AL-WO,USED_FOR,TherapeuticUse,D002316,used_for,Plant part is associated with the respective therapeutic use
PlantPart,SA-AL-WO,USED_FOR,TherapeuticUse,D003248,used_for,Plant part is associated with the respective therapeutic use
PlantPart,SA-AL-WO,USED_FOR,TherapeuticUse,D003371,used_for,Plant part is associated with the respective therapeutic use
PlantPart,SA-AL-WO,USED_FOR,TherapeuticUse,D003556,used_for,Plant part is associated with the respective therapeutic use
PlantPart,SA-AL-WO,USED_FOR,TherapeuticUse,D003967,used_for,Plant part is associated with the respective therapeutic use
PlantPart,SA-AL-WO,USED_FOR,TherapeuticUse,D004232,used_for,Plant part is associated with the respective therapeutic use
PlantPart,SA-AL-WO,USED_FOR,TherapeuticUse,D004412,used_for,Plant part is associated with the respective therapeutic use
PlantPart,SA-AL-WO,USED_FOR,TherapeuticUse,D004886,used_for,Plant part is associated with the respective therapeutic use
PlantPart,SA-AL-WO,USED_FOR,TherapeuticUse,D005076,used_for,Plant part is associated with the respective therapeutic use
PlantPart,SA-AL-WO,USED_FOR,TherapeuticUse,D005100,used_for,Plant part is associated with the respective therapeutic use
PlantPart,SA-AL-WO,USED_FOR,TherapeuticUse,D005334,used_for,Plant part is associated with the respective therapeutic use
PlantPart,SA-AL-WO,USED_FOR,TherapeuticUse,D006069,used_for,Plant part is associated with the respective therapeutic use
PlantPart,SA-AL-WO,USED_FOR,TherapeuticUse,D006073,used_for,Plant part is associated with the respective therapeutic use
PlantPart,SA-AL-WO,USED_FOR,TherapeuticUse,D006261,used_for,Plant part is associated with the respective therapeutic use
PlantPart,SA-AL-WO,USED_FOR,TherapeuticUse,D006331,used_for,Plant part is associated with the respective therapeutic use
PlantPart,SA-AL-WO,USED_FOR,TherapeuticUse,D006402,used_for,Plant part is associated with the respective therapeutic use
PlantPart,SA-AL-WO,USED_FOR,TherapeuticUse,D006469,used_for,Plant part is associated with the respective therapeutic use
PlantPart,SA-AL-WO,USED_FOR,TherapeuticUse,D006470,used_for,Plant part is associated with the respective therapeutic use
PlantPart,SA-AL-WO,USED_FOR,TherapeuticUse,D006993,used_for,Plant part is associated with the respective therapeutic use
PlantPart,SA-AL-WO,USED_FOR,TherapeuticUse,D007249,used_for,Plant part is associated with the respective therapeutic use
PlantPart,SA-AL-WO,USED_FOR,TherapeuticUse,D007918,used_for,Plant part is associated with the respective therapeutic use
PlantPart,SA-AL-WO,USED_FOR,TherapeuticUse,D007973,used_for,Plant part is associated with the respective therapeutic use
PlantPart,SA-AL-WO,USED_FOR,TherapeuticUse,D009202,used_for,Plant part is associated with the respective therapeutic use
PlantPart,SA-AL-WO,USED_FOR,TherapeuticUse,D012871,used_for,Plant part is associated with the respective therapeutic use
PlantPart,SA-AL-WO,USED_FOR,TherapeuticUse,D014456,used_for,Plant part is associated with the respective therapeutic use
PlantPart,SA-AL-WO,USED_FOR,TherapeuticUse,D014555,used_for,Plant part is associated with the respective therapeutic use
PlantPart,SA-AL-WO,USED_FOR,TherapeuticUse,D014581,used_for,Plant part is associated with the respective therapeutic use
PlantPart,SA-AL-WO,USED_FOR,TherapeuticUse,D016849,used_for,Plant part is associated with the respective therapeutic use
PlantPart,SA-AL-WO,USED_FOR,TherapeuticUse,D053159,used_for,Plant part is associated with the respective therapeutic use
PlantPart,SA-AS-BA,USED_FOR,TherapeuticUse,D000152,used_for,Plant part is associated with the respective therapeutic use
PlantPart,SA-AS-BA,USED_FOR,TherapeuticUse,D000568,used_for,Plant part is associated with the respective therapeutic use
PlantPart,SA-AS-BA,USED_FOR,TherapeuticUse,D000871,used_for,Plant part is associated with the respective therapeutic use
PlantPart,SA-AS-BA,USED_FOR,TherapeuticUse,D000970,used_for,Plant part is associated with the respective therapeutic use
PlantPart,SA-AS-BA,USED_FOR,TherapeuticUse,D001252,used_for,Plant part is associated with the respective therapeutic use
PlantPart,SA-AS-BA,USED_FOR,TherapeuticUse,D003085,used_for,Plant part is associated with the respective therapeutic use
PlantPart,SA-AS-BA,USED_FOR,TherapeuticUse,D004403,used_for,Plant part is associated with the respective therapeutic use
PlantPart,SA-AS-BA,USED_FOR,TherapeuticUse,D004412,used_for,Plant part is associated with the respective therapeutic use
PlantPart,SA-AS-BA,USED_FOR,TherapeuticUse,D004415,used_for,Plant part is associated with the respective therapeutic use
PlantPart,SA-AS-BA,USED_FOR,TherapeuticUse,D004643,used_for,Plant part is associated with the respective therapeutic use
PlantPart,SA-AS-BA,USED_FOR,TherapeuticUse,D006402,used_for,Plant part is associated with the respective therapeutic use
PlantPart,SA-AS-BA,USED_FOR,TherapeuticUse,D006484,used_for,Plant part is associated with the respective therapeutic use
PlantPart,SA-AS-BA,USED_FOR,TherapeuticUse,D006490,used_for,Plant part is associated with the respective therapeutic use
PlantPart,SA-AS-BA,USED_FOR,TherapeuticUse,D007239,used_for,Plant part is associated with the respective therapeutic use
PlantPart,SA-AS-BA,USED_FOR,TherapeuticUse,D007973,used_for,Plant part is associated with the respective therapeutic use
PlantPart,SA-AS-BA,USED_FOR,TherapeuticUse,D008593,used_for,Plant part is associated with the respective therapeutic use
PlantPart,SA-AS-BA,USED_FOR,TherapeuticUse,D008595,used_for,Plant part is associated with the respective therapeutic use
PlantPart,SA-AS-BA,USED_FOR,TherapeuticUse,D008599,used_for,Plant part is associated with the respective therapeutic use
PlantPart,SA-AS-BA,USED_FOR,TherapeuticUse,D009369,used_for,Plant part is associated with the respective therapeutic use
PlantPart,SA-AS-BA,USED_FOR,TherapeuticUse,D010146,used_for,Plant part is associated with the respective therapeutic use
PlantPart,SA-AS-BA,USED_FOR,TherapeuticUse,D012060,used_for,Plant part is associated with the respective therapeutic use
PlantPart,SA-AS-BA,USED_FOR,TherapeuticUse,D013894,used_for,Plant part is associated with the respective therapeutic use
PlantPart,SA-AS-BA,USED_FOR,TherapeuticUse,D014456,used_for,Plant part is associated with the respective therapeutic use
PlantPart,SA-AS-BA,USED_FOR,TherapeuticUse,D014591,used_for,Plant part is associated with the respective therapeutic use
PlantPart,SA-AS-BA,USED_FOR,TherapeuticUse,D014839,used_for,Plant part is associated with the respective therapeutic use
PlantPart,SA-AS-BA,USED_FOR,TherapeuticUse,D015746,used_for,Plant part is associated with the respective therapeutic use
PlantPart,SA-AS-BA,USED_FOR,TherapeuticUse,D016055,used_for,Plant part is associated with the respective therapeutic use
PlantPart,SA-AS-BA,USED_FOR,TherapeuticUse,D019167,used_for,Plant part is associated with the respective therapeutic use
PlantPart,SA-AS-BA,USED_FOR,TherapeuticUse,D050723,used_for,Plant part is associated with the respective therapeutic use
PlantPart,SA-AS-BA,USED_FOR,TherapeuticUse,D058633,used_for,Plant part is associated with the respective therapeutic use
PlantPart,SA-AS-BA,USED_FOR,TherapeuticUse,D065106,used_for,Plant part is associated with the respective therapeutic use
PlantPart,SA-AS-FL,USED_FOR,TherapeuticUse,D000568,used_for,Plant part is associated with the respective therapeutic use
PlantPart,SA-AS-FL,USED_FOR,TherapeuticUse,D003085,used_for,Plant part is associated with the respective therapeutic use
PlantPart,SA-AS-FL,USED_FOR,TherapeuticUse,D003920,used_for,Plant part is associated with the respective therapeutic use
PlantPart,SA-AS-FL,USED_FOR,TherapeuticUse,D004403,used_for,Plant part is associated with the respective therapeutic use
PlantPart,SA-AS-FL,USED_FOR,TherapeuticUse,D004412,used_for,Plant part is associated with the respective therapeutic use
PlantPart,SA-AS-FL,USED_FOR,TherapeuticUse,D004415,used_for,Plant part is associated with the respective therapeutic use
PlantPart,SA-AS-FL,USED_FOR,TherapeuticUse,D006470,used_for,Plant part is associated with the respective therapeutic use
PlantPart,SA-AS-FL,USED_FOR,TherapeuticUse,D006484,used_for,Plant part is associated with the respective therapeutic use
PlantPart,SA-AS-FL,USED_FOR,TherapeuticUse,D007249,used_for,Plant part is associated with the respective therapeutic use
PlantPart,SA-AS-FL,USED_FOR,TherapeuticUse,D007973,used_for,Plant part is associated with the respective therapeutic use
PlantPart,SA-AS-FL,USED_FOR,TherapeuticUse,D008199,used_for,Plant part is associated with the respective therapeutic use
PlantPart,SA-AS-FL,USED_FOR,TherapeuticUse,D008593,used_for,Plant part is associated with the respective therapeutic use
PlantPart,SA-AS-FL,USED_FOR,TherapeuticUse,D008595,used_for,Plant part is associated with the respective therapeutic use
PlantPart,SA-AS-FL,USED_FOR,TherapeuticUse,D008599,used_for,Plant part is associated with the respective therapeutic use
PlantPart,SA-AS-FL,USED_FOR,TherapeuticUse,D010146,used_for,Plant part is associated with the respective therapeutic use
PlantPart,SA-AS-FL,USED_FOR,TherapeuticUse,D012532,used_for,Plant part is associated with the respective therapeutic use
PlantPart,SA-AS-FL,USED_FOR,TherapeuticUse,D013587,used_for,Plant part is associated with the respective therapeutic use
PlantPart,SA-AS-FL,USED_FOR,TherapeuticUse,D013894,used_for,Plant part is associated with the respective therapeutic use
PlantPart,SA-AS-FL,USED_FOR,TherapeuticUse,D014591,used_for,Plant part is associated with the respective therapeutic use
PlantPart,SA-AS-FL,USED_FOR,TherapeuticUse,D014839,used_for,Plant part is associated with the respective therapeutic use
PlantPart,SA-AS-FL,USED_FOR,TherapeuticUse,D016055,used_for,Plant part is associated with the respective therapeutic use
PlantPart,SA-AS-LE,USED_FOR,TherapeuticUse,D003085,used_for,Plant part is associated with the respective therapeutic use
PlantPart,SA-AS-LE,USED_FOR,TherapeuticUse,D004403,used_for,Plant part is associated with the respective therapeutic use
PlantPart,SA-AS-LE,USED_FOR,TherapeuticUse,D004412,used_for,Plant part is associated with the respective therapeutic use
PlantPart,SA-AS-LE,USED_FOR,TherapeuticUse,D004415,used_for,Plant part is associated with the respective therapeutic use
PlantPart,SA-AS-LE,USED_FOR,TherapeuticUse,D006484,used_for,Plant part is associated with the respective therapeutic use
PlantPart,SA-AS-LE,USED_FOR,TherapeuticUse,D007973,used_for,Plant part is associated with the respective therapeutic use
PlantPart,SA-AS-LE,USED_FOR,TherapeuticUse,D008593,used_for,Plant part is associated with the respective therapeutic use
PlantPart,SA-AS-LE,USED_FOR,TherapeuticUse,D008595,used_for,Plant part is associated with the respective therapeutic use
PlantPart,SA-AS-LE,USED_FOR,TherapeuticUse,D008599,used_for,Plant part is associated with the respective therapeutic use
PlantPart,SA-AS-LE,USED_FOR,TherapeuticUse,D009059,used_for,Plant part is associated with the respective therapeutic use
PlantPart,SA-AS-LE,USED_FOR,TherapeuticUse,D010146,used_for,Plant part is associated with the respective therapeutic use
PlantPart,SA-AS-LE,USED_FOR,TherapeuticUse,D014591,used_for,Plant part is associated with the respective therapeutic use
PlantPart,SA-AS-LE,USED_FOR,TherapeuticUse,D014839,used_for,Plant part is associated with the respective therapeutic use
PlantPart,SA-AS-LE,USED_FOR,TherapeuticUse,D016055,used_for,Plant part is associated with the respective therapeutic use
PlantPart,SA-AS-SE,USED_FOR,TherapeuticUse,D001744,used_for,Plant part is associated with the respective therapeutic use
PlantPart,SA-AS-SE,USED_FOR,TherapeuticUse,D001745,used_for,Plant part is associated with the respective therapeutic use
PlantPart,SA-AS-SE,USED_FOR,TherapeuticUse,D003085,used_for,Plant part is associated with the respective therapeutic use
PlantPart,SA-AS-SE,USED_FOR,TherapeuticUse,D004232,used_for,Plant part is associated with the respective therapeutic use
PlantPart,SA-AS-SE,USED_FOR,TherapeuticUse,D004403,used_for,Plant part is associated with the respective therapeutic use
PlantPart,SA-AS-SE,USED_FOR,TherapeuticUse,D004412,used_for,Plant part is associated with the respective therapeutic use
PlantPart,SA-AS-SE,USED_FOR,TherapeuticUse,D004415,used_for,Plant part is associated with the respective therapeutic use
PlantPart,SA-AS-SE,USED_FOR,TherapeuticUse,D006484,used_for,Plant part is associated with the respective therapeutic use
PlantPart,SA-AS-SE,USED_FOR,TherapeuticUse,D007973,used_for,Plant part is associated with the respective therapeutic use
PlantPart,SA-AS-SE,USED_FOR,TherapeuticUse,D008593,used_for,Plant part is associated with the respective therapeutic use
PlantPart,SA-AS-SE,USED_FOR,TherapeuticUse,D008595,used_for,Plant part is associated with the respective therapeutic use
PlantPart,SA-AS-SE,USED_FOR,TherapeuticUse,D008599,used_for,Plant part is associated with the respective therapeutic use
PlantPart,SA-AS-SE,USED_FOR,TherapeuticUse,D010146,used_for,Plant part is associated with the respective therapeutic use
PlantPart,SA-AS-SE,USED_FOR,TherapeuticUse,D014555,used_for,Plant part is associated with the respective therapeutic use
PlantPart,SA-AS-SE,USED_FOR,TherapeuticUse,D014591,used_for,Plant part is associated with the respective therapeutic use
PlantPart,SA-AS-SE,USED_FOR,TherapeuticUse,D014839,used_for,Plant part is associated with the respective therapeutic use
PlantPart,SA-AS-SE,USED_FOR,TherapeuticUse,D016055,used_for,Plant part is associated with the respective therapeutic use
PlantPart,SA-AS-SE,USED_FOR,TherapeuticUse,D050723,used_for,Plant part is associated with the respective therapeutic use
PlantPart,SP-OL-LE,USED_FOR,TherapeuticUse,D000900,used_for,Plant part is associated with the respective therapeutic use
PlantPart,SP-OL-LE,USED_FOR,TherapeuticUse,D005334,used_for,Plant part is associated with the respective therapeutic use
PlantPart,SP-OL-LE,USED_FOR,TherapeuticUse,D007249,used_for,Plant part is associated with the respective therapeutic use
PlantPart,SP-OL-LE,USED_FOR,TherapeuticUse,D011247,used_for,Plant part is associated with the respective therapeutic use
PlantPart,SP-OL-SE,USED_FOR,TherapeuticUse,D001049,used_for,Plant part is associated with the respective therapeutic use
PlantPart,SP-OL-SE,USED_FOR,TherapeuticUse,D007565,used_for,Plant part is associated with the respective therapeutic use
PlantPart,SP-OL-SE,USED_FOR,TherapeuticUse,D008107,used_for,Plant part is associated with the respective therapeutic use
PlantPart,SP-OL-SE,USED_FOR,TherapeuticUse,D054368,used_for,Plant part is associated with the respective therapeutic use
PlantPart,SP-OL-WH,USED_FOR,TherapeuticUse,D014545,used_for,Plant part is associated with the respective therapeutic use
PlantPart,SY-CU-BA,USED_FOR,TherapeuticUse,D000871,used_for,Plant part is associated with the respective therapeutic use
PlantPart,SY-CU-BA,USED_FOR,TherapeuticUse,D000900,used_for,Plant part is associated with the respective therapeutic use
PlantPart,SY-CU-BA,USED_FOR,TherapeuticUse,D001252,used_for,Plant part is associated with the respective therapeutic use
PlantPart,SY-CU-BA,USED_FOR,TherapeuticUse,D003920,used_for,Plant part is associated with the respective therapeutic use
PlantPart,SY-CU-BA,USED_FOR,TherapeuticUse,D003967,used_for,Plant part is associated with the respective therapeutic use
PlantPart,SY-CU-BA,USED_FOR,TherapeuticUse,D004232,used_for,Plant part is associated with the respective therapeutic use
PlantPart,SY-CU-BA,USED_FOR,TherapeuticUse,D004403,used_for,Plant part is associated with the respective therapeutic use
PlantPart,SY-CU-BA,USED_FOR,TherapeuticUse,D005334,used_for,Plant part is associated with the respective therapeutic use
PlantPart,SY-CU-BA,USED_FOR,TherapeuticUse,D005414,used_for,Plant part is associated with the respective therapeutic use
PlantPart,SY-CU-BA,USED_FOR,TherapeuticUse,D007004,used_for,Plant part is associated with the respective therapeutic use
PlantPart,SY-CU-BA,USED_FOR,TherapeuticUse,D007973,used_for,Plant part is associated with the respective therapeutic use
PlantPart,SY-CU-BA,USED_FOR,TherapeuticUse,D009059,used_for,Plant part is associated with the respective therapeutic use
PlantPart,SY-CU-BA,USED_FOR,TherapeuticUse,D009067,used_for,Plant part is associated with the respective therapeutic use
PlantPart,SY-CU-BA,USED_FOR,TherapeuticUse,D012871,used_for,Plant part is associated with the respective therapeutic use
PlantPart,SY-CU-BA,USED_FOR,TherapeuticUse,D013272,used_for,Plant part is associated with the respective therapeutic use
PlantPart,SY-CU-BA,USED_FOR,TherapeuticUse,D014076,used_for,Plant part is associated with the respective therapeutic use
PlantPart,SY-CU-BA,USED_FOR,TherapeuticUse,D014555,used_for,Plant part is associated with the respective therapeutic use
PlantPart,SY-CU-BA,USED_FOR,TherapeuticUse,D019167,used_for,Plant part is associated with the respective therapeutic use
PlantPart,SY-CU-BA,USED_FOR,TherapeuticUse,D058633,used_for,Plant part is associated with the respective therapeutic use
PlantPart,SY-CU-FR,USED_FOR,TherapeuticUse,D000900,used_for,Plant part is associated with the respective therapeutic use
PlantPart,SY-CU-FR,USED_FOR,TherapeuticUse,D000935,used_for,Plant part is associated with the respective therapeutic use
PlantPart,SY-CU-FR,USED_FOR,TherapeuticUse,D001249,used_for,Plant part is associated with the respective therapeutic use
PlantPart,SY-CU-FR,USED_FOR,TherapeuticUse,D001252,used_for,Plant part is associated with the respective therapeutic use
PlantPart,SY-CU-FR,USED_FOR,TherapeuticUse,D003092,used_for,Plant part is associated with the respective therapeutic use
PlantPart,SY-CU-FR,USED_FOR,TherapeuticUse,D003920,used_for,Plant part is associated with the respective therapeutic use
PlantPart,SY-CU-FR,USED_FOR,TherapeuticUse,D003967,used_for,Plant part is associated with the respective therapeutic use
PlantPart,SY-CU-FR,USED_FOR,TherapeuticUse,D004232,used_for,Plant part is associated with the respective therapeutic use
PlantPart,SY-CU-FR,USED_FOR,TherapeuticUse,D004403,used_for,Plant part is associated with the respective therapeutic use
PlantPart,SY-CU-FR,USED_FOR,TherapeuticUse,D005414,used_for,Plant part is associated with the respective therapeutic use
PlantPart,SY-CU-FR,USED_FOR,TherapeuticUse,D007004,used_for,Plant part is associated with the respective therapeutic use
PlantPart,SY-CU-FR,USED_FOR,TherapeuticUse,D010612,used_for,Plant part is associated with the respective therapeutic use
PlantPart,SY-CU-FR,USED_FOR,TherapeuticUse,D013158,used_for,Plant part is associated with the respective therapeutic use
PlantPart,SY-CU-FR,USED_FOR,TherapeuticUse,D019167,used_for,Plant part is associated with the respective therapeutic use
PlantPart,SY-CU-LE,USED_FOR,TherapeuticUse,D000900,used_for,Plant part is associated with the respective therapeutic use
PlantPart,SY-CU-LE,USED_FOR,TherapeuticUse,D001252,used_for,Plant part is associated with the respective therapeutic use
PlantPart,SY-CU-LE,USED_FOR,TherapeuticUse,D003920,used_for,Plant part is associated with the respective therapeutic use
PlantPart,SY-CU-LE,USED_FOR,TherapeuticUse,D003967,used_for,Plant part is associated with the respective therapeutic use
PlantPart,SY-CU-LE,USED_FOR,TherapeuticUse,D004232,used_for,Plant part is associated with the respective therapeutic use
PlantPart,SY-CU-LE,USED_FOR,TherapeuticUse,D004403,used_for,Plant part is associated with the respective therapeutic use
PlantPart,SY-CU-LE,USED_FOR,TherapeuticUse,D005414,used_for,Plant part is associated with the respective therapeutic use
PlantPart,SY-CU-LE,USED_FOR,TherapeuticUse,D005891,used_for,Plant part is associated with the respective therapeutic use
PlantPart,SY-CU-LE,USED_FOR,TherapeuticUse,D006484,used_for,Plant part is associated with the respective therapeutic use
PlantPart,SY-CU-LE,USED_FOR,TherapeuticUse,D006490,used_for,Plant part is associated with the respective therapeutic use
PlantPart,SY-CU-LE,USED_FOR,TherapeuticUse,D007004,used_for,Plant part is associated with the respective therapeutic use
PlantPart,SY-CU-LE,USED_FOR,TherapeuticUse,D010510,used_for,Plant part is associated with the respective therapeutic use
PlantPart,SY-CU-LE,USED_FOR,TherapeuticUse,D013280,used_for,Plant part is associated with the respective therapeutic use
PlantPart,SY-CU-LE,USED_FOR,TherapeuticUse,D014839,used_for,Plant part is associated with the respective therapeutic use
PlantPart,SY-CU-LE,USED_FOR,TherapeuticUse,D019167,used_for,Plant part is associated with the respective therapeutic use
PlantPart,SY-CU-SE,USED_FOR,TherapeuticUse,D000700,used_for,Plant part is associated with the respective therapeutic use
PlantPart,SY-CU-SE,USED_FOR,TherapeuticUse,D000893,used_for,Plant part is associated with the respective therapeutic use
PlantPart,SY-CU-SE,USED_FOR,TherapeuticUse,D001168,used_for,Plant part is associated with the respective therapeutic use
PlantPart,SY-CU-SE,USED_FOR,TherapeuticUse,D003920,used_for,Plant part is associated with the respective therapeutic use
PlantPart,SY-CU-SE,USED_FOR,TherapeuticUse,D003967,used_for,Plant part is associated with the respective therapeutic use
PlantPart,SY-CU-SE,USED_FOR,TherapeuticUse,D007004,used_for,Plant part is associated with the respective therapeutic use
PlantPart,SY-CU-SE,USED_FOR,TherapeuticUse,D058633,used_for,Plant part is associated with the respective therapeutic use
PlantPart,SY-JA-BA,USED_FOR,TherapeuticUse,D000871,used_for,Plant part is associated with the respective therapeutic use
PlantPart,SY-JA-BA,USED_FOR,TherapeuticUse,D001252,used_for,Plant part is associated with the respective therapeutic use
PlantPart,SY-JA-BA,USED_FOR,TherapeuticUse,D003085,used_for,Plant part is associated with the respective therapeutic use
PlantPart,SY-JA-BA,USED_FOR,TherapeuticUse,D003967,used_for,Plant part is associated with the respective therapeutic use
PlantPart,SY-JA-BA,USED_FOR,TherapeuticUse,D004403,used_for,Plant part is associated with the respective therapeutic use
PlantPart,SY-JA-BA,USED_FOR,TherapeuticUse,D006073,used_for,Plant part is associated with the respective therapeutic use
PlantPart,SY-JA-BA,USED_FOR,TherapeuticUse,D006470,used_for,Plant part is associated with the respective therapeutic use
PlantPart,SY-JA-BA,USED_FOR,TherapeuticUse,D007918,used_for,Plant part is associated with the respective therapeutic use
PlantPart,SY-JA-BA,USED_FOR,TherapeuticUse,D012871,used_for,Plant part is associated with the respective therapeutic use
PlantPart,SY-JA-BA,USED_FOR,TherapeuticUse,D013280,used_for,Plant part is associated with the respective therapeutic use
PlantPart,SY-JA-BA,USED_FOR,TherapeuticUse,D013587,used_for,Plant part is associated with the respective therapeutic use
PlantPart,SY-JA-BA,USED_FOR,TherapeuticUse,D014456,used_for,Plant part is associated with the respective therapeutic use
PlantPart,SY-JA-BA,USED_FOR,TherapeuticUse,D014945,used_for,Plant part is associated with the respective therapeutic use
PlantPart,SY-JA-BA,USED_FOR,TherapeuticUse,D014947,used_for,Plant part is associated with the respective therapeutic use
PlantPart,SY-JA-FR,USED_FOR,TherapeuticUse,D008107,used_for,Plant part is associated with the respective therapeutic use
PlantPart,SY-JA-LE,USED_FOR,TherapeuticUse,D000893,used_for,Plant part is associated with the respective therapeutic use
PlantPart,SY-JA-LE,USED_FOR,TherapeuticUse,D001168,used_for,Plant part is associated with the respective therapeutic use
PlantPart,SY-JA-LE,USED_FOR,TherapeuticUse,D001252,used_for,Plant part is associated with the respective therapeutic use
PlantPart,SY-JA-LE,USED_FOR,TherapeuticUse,D003920,used_for,Plant part is associated with the respective therapeutic use
PlantPart,SY-JA-LE,USED_FOR,TherapeuticUse,D058447,used_for,Plant part is associated with the respective therapeutic use
PlantPart,SY-JA-SE,USED_FOR,TherapeuticUse,D003967,used_for,Plant part is associated with the respective therapeutic use
PlantPart,SY-JA-SE,USED_FOR,TherapeuticUse,D004403,used_for,Plant part is associated with the respective therapeutic use
PlantPart,TA-DI-BA,USED_FOR,TherapeuticUse,D000900,used_for,Plant part is associated with the respective therapeutic use
PlantPart,TA-DI-BA,USED_FOR,TherapeuticUse,D000998,used_for,Plant part is associated with the respective therapeutic use
PlantPart,TA-DI-BA,USED_FOR,TherapeuticUse,D005334,used_for,Plant part is associated with the respective therapeutic use
PlantPart,TA-DI-BA,USED_FOR,TherapeuticUse,D005767,used_for,Plant part is associated with the respective therapeutic use
PlantPart,TA-DI-BA,USED_FOR,TherapeuticUse,D012909,used_for,Plant part is associated with the respective therapeutic use
PlantPart,TA-DI-FL,USED_FOR,TherapeuticUse,D000700,used_for,Plant part is associated with the respective therapeutic use
PlantPart,TA-DI-FL,USED_FOR,TherapeuticUse,D000871,used_for,Plant part is associated with the respective therapeutic use
PlantPart,TA-DI-FL,USED_FOR,TherapeuticUse,D000893,used_for,Plant part is associated with the respective therapeutic use
PlantPart,TA-DI-FL,USED_FOR,TherapeuticUse,D000900,used_for,Plant part is associated with the respective therapeutic use
PlantPart,TA-DI-FL,USED_FOR,TherapeuticUse,D000975,used_for,Plant part is associated with the respective therapeutic use
PlantPart,TA-DI-FL,USED_FOR,TherapeuticUse,D005126,used_for,Plant part is associated with the respective therapeutic use
PlantPart,TA-DI-FL,USED_FOR,TherapeuticUse,D005128,used_for,Plant part is associated with the respective therapeutic use
PlantPart,TA-DI-FL,USED_FOR,TherapeuticUse,D009877,used_for,Plant part is associated with the respective therapeutic use
PlantPart,TA-DI-FL,USED_FOR,TherapeuticUse,D010146,used_for,Plant part is associated with the respective therapeutic use
PlantPart,TA-DI-FL,USED_FOR,TherapeuticUse,D012871,used_for,Plant part is associated with the respective therapeutic use
PlantPart,TA-DI-FL,USED_FOR,TherapeuticUse,D013610,used_for,Plant part is associated with the respective therapeutic use
PlantPart,TA-DI-FL,USED_FOR,TherapeuticUse,D014098,used_for,Plant part is associated with the respective therapeutic use
PlantPart,TA-DI-FR,USED_FOR,TherapeuticUse,D014456,used_for,Plant part is associated with the respective therapeutic use
PlantPart,TA-DI-LE,USED_FOR,TherapeuticUse,D000700,used_for,Plant part is associated with the respective therapeutic use
PlantPart,TA-DI-LE,USED_FOR,TherapeuticUse,D000871,used_for,Plant part is associated with the respective therapeutic use
PlantPart,TA-DI-LE,USED_FOR,TherapeuticUse,D000893,used_for,Plant part is associated with the respective therapeutic use
PlantPart,TA-DI-LE,USED_FOR,TherapeuticUse,D000900,used_for,Plant part is associated with the respective therapeutic use
PlantPart,TA-DI-LE,USED_FOR,TherapeuticUse,D000935,used_for,Plant part is associated with the respective therapeutic use
PlantPart,TA-DI-LE,USED_FOR,TherapeuticUse,D000959,used_for,Plant part is associated with the respective therapeutic use
PlantPart,TA-DI-LE,USED_FOR,TherapeuticUse,D000969,used_for,Plant part is associated with the respective therapeutic use
PlantPart,TA-DI-LE,USED_FOR,TherapeuticUse,D000975,used_for,Plant part is associated with the respective therapeutic use
PlantPart,TA-DI-LE,USED_FOR,TherapeuticUse,D000998,used_for,Plant part is associated with the respective therapeutic use
PlantPart,TA-DI-LE,USED_FOR,TherapeuticUse,D003231,used_for,Plant part is associated with the respective therapeutic use
PlantPart,TA-DI-LE,USED_FOR,TherapeuticUse,D003920,used_for,Plant part is associated with the respective therapeutic use
PlantPart,TA-DI-LE,USED_FOR,TherapeuticUse,D004232,used_for,Plant part is associated with the respective therapeutic use
PlantPart,TA-DI-LE,USED_FOR,TherapeuticUse,D005667,used_for,Plant part is associated with the respective therapeutic use
PlantPart,TA-DI-LE,USED_FOR,TherapeuticUse,D007249,used_for,Plant part is associated with the respective therapeutic use
PlantPart,TA-DI-LE,USED_FOR,TherapeuticUse,D009877,used_for,Plant part is associated with the respective therapeutic use
PlantPart,TA-DI-LE,USED_FOR,TherapeuticUse,D012871,used_for,Plant part is associated with the respective therapeutic use
PlantPart,TA-DI-LE,USED_FOR,TherapeuticUse,D014098,used_for,Plant part is associated with the respective therapeutic use
PlantPart,TA-DI-LE,USED_FOR,TherapeuticUse,D014947,used_for,Plant part is associated with the respective therapeutic use
PlantPart,TA-DI-LE,USED_FOR,TherapeuticUse,D018501,used_for,Plant part is associated with the respective therapeutic use
PlantPart,TA-DI-PL,USED_FOR,TherapeuticUse,D005128,used_for,Plant part is associated with the respective therapeutic use
PlantPart,TA-DI-PL,USED_FOR,TherapeuticUse,D007249,used_for,Plant part is associated with the respective therapeutic use
PlantPart,TA-DI-PL,USED_FOR,TherapeuticUse,D014098,used_for,Plant part is associated with the respective therapeutic use
PlantPart,TA-DI-RO,USED_FOR,TherapeuticUse,D000700,used_for,Plant part is associated with the respective therapeutic use
PlantPart,TA-DI-RO,USED_FOR,TherapeuticUse,D000871,used_for,Plant part is associated with the respective therapeutic use
PlantPart,TA-DI-RO,USED_FOR,TherapeuticUse,D000893,used_for,Plant part is associated with the respective therapeutic use
PlantPart,TA-DI-RO,USED_FOR,TherapeuticUse,D000900,used_for,Plant part is associated with the respective therapeutic use
PlantPart,TA-DI-RO,USED_FOR,TherapeuticUse,D003316,used_for,Plant part is associated with the respective therapeutic use
PlantPart,TA-DI-RO,USED_FOR,TherapeuticUse,D003318,used_for,Plant part is associated with the respective therapeutic use
PlantPart,TA-DI-RO,USED_FOR,TherapeuticUse,D004066,used_for,Plant part is associated with the respective therapeutic use
PlantPart,TA-DI-RO,USED_FOR,TherapeuticUse,D005126,used_for,Plant part is associated with the respective therapeutic use
PlantPart,TA-DI-RO,USED_FOR,TherapeuticUse,D007565,used_for,Plant part is associated with the respective therapeutic use
PlantPart,TA-DI-RO,USED_FOR,TherapeuticUse,D010146,used_for,Plant part is associated with the respective therapeutic use
PlantPart,TA-DI-RO,USED_FOR,TherapeuticUse,D010243,used_for,Plant part is associated with the respective therapeutic use
PlantPart,TA-DI-RO,USED_FOR,TherapeuticUse,D012060,used_for,Plant part is associated with the respective therapeutic use
PlantPart,TA-DI-RO,USED_FOR,TherapeuticUse,D012871,used_for,Plant part is associated with the respective therapeutic use
PlantPart,TA-DI-RO,USED_FOR,TherapeuticUse,D012909,used_for,Plant part is associated with the respective therapeutic use
PlantPart,TA-DI-RO,USED_FOR,TherapeuticUse,D014098,used_for,Plant part is associated with the respective therapeutic use
PlantPart,TA-DI-RO,USED_FOR,TherapeuticUse,D014555,used_for,Plant part is associated with the respective therapeutic use
PlantPart,TA-DI-RO,USED_FOR,TherapeuticUse,D018501,used_for,Plant part is associated with the respective therapeutic use
PlantPart,TA-DI-RO,USED_FOR,TherapeuticUse,D018771,used_for,Plant part is associated with the respective therapeutic use
PlantPart,TA-DI-RO,USED_FOR,TherapeuticUse,D065008,used_for,Plant part is associated with the respective therapeutic use
PlantPart,TA-ER-AE,USED_FOR,TherapeuticUse,D000890,used_for,Plant part is associated with the respective therapeutic use
PlantPart,TA-ER-AE,USED_FOR,TherapeuticUse,D000969,used_for,Plant part is associated with the respective therapeutic use
PlantPart,TA-ER-FL,USED_FOR,TherapeuticUse,D000900,used_for,Plant part is associated with the respective therapeutic use
PlantPart,TA-ER-FL,USED_FOR,TherapeuticUse,D000935,used_for,Plant part is associated with the respective therapeutic use
PlantPart,TA-ER-FL,USED_FOR,TherapeuticUse,D004232,used_for,Plant part is associated with the respective therapeutic use
PlantPart,TA-ER-FL,USED_FOR,TherapeuticUse,D005128,used_for,Plant part is associated with the respective therapeutic use
PlantPart,TA-ER-FL,USED_FOR,TherapeuticUse,D005414,used_for,Plant part is associated with the respective therapeutic use
PlantPart,TA-ER-FL,USED_FOR,TherapeuticUse,D006402,used_for,Plant part is associated with the respective therapeutic use
PlantPart,TA-ER-FL,USED_FOR,TherapeuticUse,D006484,used_for,Plant part is associated with the respective therapeutic use
PlantPart,TA-ER-FL,USED_FOR,TherapeuticUse,D006967,used_for,Plant part is associated with the respective therapeutic use
PlantPart,TA-ER-FL,USED_FOR,TherapeuticUse,D006993,used_for,Plant part is associated with the respective therapeutic use
PlantPart,TA-ER-FL,USED_FOR,TherapeuticUse,D007565,used_for,Plant part is associated with the respective therapeutic use
PlantPart,TA-ER-FL,USED_FOR,TherapeuticUse,D008600,used_for,Plant part is associated with the respective therapeutic use
PlantPart,TA-ER-FL,USED_FOR,TherapeuticUse,D012060,used_for,Plant part is associated with the respective therapeutic use
PlantPart,TA-ER-FL,USED_FOR,TherapeuticUse,D014456,used_for,Plant part is associated with the respective therapeutic use
PlantPart,TA-ER-FL,USED_FOR,TherapeuticUse,D018501,used_for,Plant part is associated with the respective therapeutic use
PlantPart,TA-ER-LE,USED_FOR,TherapeuticUse,D000935,used_for,Plant part is associated with the respective therapeutic use
PlantPart,TA-ER-LE,USED_FOR,TherapeuticUse,D000969,used_for,Plant part is associated with the respective therapeutic use
PlantPart,TA-ER-LE,USED_FOR,TherapeuticUse,D002270,used_for,Plant part is associated with the respective therapeutic use
PlantPart,TA-ER-LE,USED_FOR,TherapeuticUse,D004232,used_for,Plant part is associated with the respective therapeutic use
PlantPart,TA-ER-LE,USED_FOR,TherapeuticUse,D004433,used_for,Plant part is associated with the respective therapeutic use
PlantPart,TA-ER-LE,USED_FOR,TherapeuticUse,D005667,used_for,Plant part is associated with the respective therapeutic use
PlantPart,TA-ER-LE,USED_FOR,TherapeuticUse,D006490,used_for,Plant part is associated with the respective therapeutic use
PlantPart,TA-ER-LE,USED_FOR,TherapeuticUse,D008600,used_for,Plant part is associated with the respective therapeutic use
PlantPart,TA-ER-LE,USED_FOR,TherapeuticUse,D014945,used_for,Plant part is associated with the respective therapeutic use
PlantPart,TA-ER-LE,USED_FOR,TherapeuticUse,D014947,used_for,Plant part is associated with the respective therapeutic use
PlantPart,TA-ER-RO,USED_FOR,TherapeuticUse,D054368,used_for,Plant part is associated with the respective therapeutic use
PlantPart,TA-ER-WH,USED_FOR,TherapeuticUse,D000871,used_for,Plant part is associated with the respective therapeutic use
PlantPart,TA-ER-WH,USED_FOR,TherapeuticUse,D001991,used_for,Plant part is associated with the respective therapeutic use
PlantPart,TA-ER-WH,USED_FOR,TherapeuticUse,D002270,used_for,Plant part is associated with the respective therapeutic use
PlantPart,TA-ER-WH,USED_FOR,TherapeuticUse,D003139,used_for,Plant part is associated with the respective therapeutic use
PlantPart,TA-ER-WH,USED_FOR,TherapeuticUse,D004232,used_for,Plant part is associated with the respective therapeutic use
PlantPart,TA-ER-WH,USED_FOR,TherapeuticUse,D005667,used_for,Plant part is associated with the respective therapeutic use
PlantPart,TA-ER-WH,USED_FOR,TherapeuticUse,D006484,used_for,Plant part is associated with the respective therapeutic use
PlantPart,TA-ER-WH,USED_FOR,TherapeuticUse,D006490,used_for,Plant part is associated with the respective therapeutic use
PlantPart,TA-ER-WH,USED_FOR,TherapeuticUse,D008600,used_for,Plant part is associated with the respective therapeutic use
PlantPart,TA-ER-WH,USED_FOR,TherapeuticUse,D018501,used_for,Plant part is associated with the respective therapeutic use
PlantPart,TA-ER-WH,USED_FOR,TherapeuticUse,D063806,used_for,Plant part is associated with the respective therapeutic use
PlantPart,TR-FO-LE,USED_FOR,TherapeuticUse,D000038,used_for,Plant part is associated with the respective therapeutic use
PlantPart,TR-FO-LE,USED_FOR,TherapeuticUse,D000855,used_for,Plant part is associated with the respective therapeutic use
PlantPart,TR-FO-LE,USED_FOR,TherapeuticUse,D001991,used_for,Plant part is associated with the respective therapeutic use
PlantPart,TR-FO-LE,USED_FOR,TherapeuticUse,D002056,used_for,Plant part is associated with the respective therapeutic use
PlantPart,TR-FO-LE,USED_FOR,TherapeuticUse,D003248,used_for,Plant part is associated with the respective therapeutic use
PlantPart,TR-FO-LE,USED_FOR,TherapeuticUse,D003920,used_for,Plant part is associated with the respective therapeutic use
PlantPart,TR-FO-LE,USED_FOR,TherapeuticUse,D004487,used_for,Plant part is associated with the respective therapeutic use
PlantPart,TR-FO-SE,USED_FOR,TherapeuticUse,D000019,used_for,Plant part is associated with the respective therapeutic use
PlantPart,TR-FO-SE,USED_FOR,TherapeuticUse,D000505,used_for,Plant part is associated with the respective therapeutic use
PlantPart,TR-FO-SE,USED_FOR,TherapeuticUse,D000726,used_for,Plant part is associated with the respective therapeutic use
PlantPart,TR-FO-SE,USED_FOR,TherapeuticUse,D000855,used_for,Plant part is associated with the respective therapeutic use
PlantPart,TR-FO-SE,USED_FOR,TherapeuticUse,D000891,used_for,Plant part is associated with the respective therapeutic use
PlantPart,TR-FO-SE,USED_FOR,TherapeuticUse,D000970,used_for,Plant part is associated with the respective therapeutic use
PlantPart,TR-FO-SE,USED_FOR,TherapeuticUse,D001046,used_for,Plant part is associated with the respective therapeutic use
PlantPart,TR-FO-SE,USED_FOR,TherapeuticUse,D001252,used_for,Plant part is associated with the respective therapeutic use
PlantPart,TR-FO-SE,USED_FOR,TherapeuticUse,D001991,used_for,Plant part is associated with the respective therapeutic use
PlantPart,TR-FO-SE,USED_FOR,TherapeuticUse,D003085,used_for,Plant part is associated with the respective therapeutic use
PlantPart,TR-FO-SE,USED_FOR,TherapeuticUse,D003092,used_for,Plant part is associated with the respective therapeutic use
PlantPart,TR-FO-SE,USED_FOR,TherapeuticUse,D003270,used_for,Plant part is associated with the respective therapeutic use
PlantPart,TR-FO-SE,USED_FOR,TherapeuticUse,D003371,used_for,Plant part is associated with the respective therapeutic use
PlantPart,TR-FO-SE,USED_FOR,TherapeuticUse,D003920,used_for,Plant part is associated with the respective therapeutic use
PlantPart,TR-FO-SE,USED_FOR,TherapeuticUse,D003967,used_for,Plant part is associated with the respective therapeutic use
PlantPart,TR-FO-SE,USED_FOR,TherapeuticUse,D004232,used_for,Plant part is associated with the respective therapeutic use
PlantPart,TR-FO-SE,USED_FOR,TherapeuticUse,D004403,used_for,Plant part is associated with the respective therapeutic use
PlantPart,TR-FO-SE,USED_FOR,TherapeuticUse,D004415,used_for,Plant part is associated with the respective therapeutic use
PlantPart,TR-FO-SE,USED_FOR,TherapeuticUse,D004643,used_for,Plant part is associated with the respective therapeutic use
PlantPart,TR-FO-SE,USED_FOR,TherapeuticUse,D005334,used_for,Plant part is associated with the respective therapeutic use
PlantPart,TR-FO-SE,USED_FOR,TherapeuticUse,D005414,used_for,Plant part is associated with the respective therapeutic use
PlantPart,TR-FO-SE,USED_FOR,TherapeuticUse,D005667,used_for,Plant part is associated with the respective therapeutic use
PlantPart,TR-FO-SE,USED_FOR,TherapeuticUse,D006529,used_for,Plant part is associated with the respective therapeutic use
PlantPart,TR-FO-SE,USED_FOR,TherapeuticUse,D006937,used_for,Plant part is associated with the respective therapeutic use
PlantPart,TR-FO-SE,USED_FOR,TherapeuticUse,D007004,used_for,Plant part is associated with the respective therapeutic use
PlantPart,TR-FO-SE,USED_FOR,TherapeuticUse,D008286,used_for,Plant part is associated with the respective therapeutic use
PlantPart,TR-FO-SE,USED_FOR,TherapeuticUse,D008600,used_for,Plant part is associated with the respective therapeutic use
PlantPart,TR-FO-SE,USED_FOR,TherapeuticUse,D011181,used_for,Plant part is associated with the respective therapeutic use
PlantPart,TR-FO-SE,USED_FOR,TherapeuticUse,D012060,used_for,Plant part is associated with the respective therapeutic use
PlantPart,TR-FO-SE,USED_FOR,TherapeuticUse,D012899,used_for,Plant part is associated with the respective therapeutic use
PlantPart,TR-FO-SE,USED_FOR,TherapeuticUse,D013089,used_for,Plant part is associated with the respective therapeutic use
PlantPart,TR-FO-SE,USED_FOR,TherapeuticUse,D013158,used_for,Plant part is associated with the respective therapeutic use
PlantPart,TR-FO-SE,USED_FOR,TherapeuticUse,D013163,used_for,Plant part is associated with the respective therapeutic use
PlantPart,TR-FO-SE,USED_FOR,TherapeuticUse,D013651,used_for,Plant part is associated with the respective therapeutic use
PlantPart,TR-FO-SE,USED_FOR,TherapeuticUse,D014555,used_for,Plant part is associated with the respective therapeutic use
PlantPart,TR-FO-SE,USED_FOR,TherapeuticUse,D014839,used_for,Plant part is associated with the respective therapeutic use
PlantPart,TR-FO-SE,USED_FOR,TherapeuticUse,D014947,used_for,Plant part is associated with the respective therapeutic use
PlantPart,TR-FO-SE,USED_FOR,TherapeuticUse,D019167,used_for,Plant part is associated with the respective therapeutic use
PlantPart,TR-FO-SE,USED_FOR,TherapeuticUse,D056669,used_for,Plant part is associated with the respective therapeutic use
PlantPart,TR-FO-SE,USED_FOR,TherapeuticUse,D065106,used_for,Plant part is associated with the respective therapeutic use
PlantPart,UR-LO-FL,USED_FOR,TherapeuticUse,D003371,used_for,Plant part is associated with the respective therapeutic use
PlantPart,UR-LO-FL,USED_FOR,TherapeuticUse,D004232,used_for,Plant part is associated with the respective therapeutic use
PlantPart,UR-LO-FL,USED_FOR,TherapeuticUse,D004643,used_for,Plant part is associated with the respective therapeutic use
PlantPart,UR-LO-FL,USED_FOR,TherapeuticUse,D005100,used_for,Plant part is associated with the respective therapeutic use
PlantPart,UR-LO-FL,USED_FOR,TherapeuticUse,D010276,used_for,Plant part is associated with the respective therapeutic use
PlantPart,UR-LO-FL,USED_FOR,TherapeuticUse,D010369,used_for,Plant part is associated with the respective therapeutic use
PlantPart,UR-LO-FL,USED_FOR,TherapeuticUse,D010612,used_for,Plant part is associated with the respective therapeutic use
PlantPart,UR-LO-FL,USED_FOR,TherapeuticUse,D013281,used_for,Plant part is associated with the respective therapeutic use
PlantPart,UR-LO-FL,USED_FOR,TherapeuticUse,D018501,used_for,Plant part is associated with the respective therapeutic use
PlantPart,UR-LO-LE,USED_FOR,TherapeuticUse,D003556,used_for,Plant part is associated with the respective therapeutic use
PlantPart,UR-LO-RO,USED_FOR,TherapeuticUse,D003085,used_for,Plant part is associated with the respective therapeutic use
PlantPart,UR-LO-RO,USED_FOR,TherapeuticUse,D003371,used_for,Plant part is associated with the respective therapeutic use
PlantPart,UR-LO-RO,USED_FOR,TherapeuticUse,D004232,used_for,Plant part is associated with the respective therapeutic use
PlantPart,UR-LO-RO,USED_FOR,TherapeuticUse,D004643,used_for,Plant part is associated with the respective therapeutic use
PlantPart,UR-LO-RO,USED_FOR,TherapeuticUse,D010276,used_for,Plant part is associated with the respective therapeutic use
PlantPart,UR-LO-RO,USED_FOR,TherapeuticUse,D010369,used_for,Plant part is associated with the respective therapeutic use
PlantPart,UR-LO-RO,USED_FOR,TherapeuticUse,D010612,used_for,Plant part is associated with the respective therapeutic use
PlantPart,UR-LO-RO,USED_FOR,TherapeuticUse,D013281,used_for,Plant part is associated with the respective therapeutic use
PlantPart,UR-LO-RO,USED_FOR,TherapeuticUse,D015746,used_for,Plant part is associated with the respective therapeutic use
PlantPart,UR-LO-RO,USED_FOR,TherapeuticUse,D017116,used_for,Plant part is associated with the respective therapeutic use
PlantPart,UR-LO-RO,USED_FOR,TherapeuticUse,D018501,used_for,Plant part is associated with the respective therapeutic use
PlantPart,UR-LO-ST,USED_FOR,TherapeuticUse,D003085,used_for,Plant part is associated with the respective therapeutic use
PlantPart,UR-LO-ST,USED_FOR,TherapeuticUse,D005414,used_for,Plant part is associated with the respective therapeutic use
PlantPart,CI-SI-FR,USED_FOR,TherapeuticUse,D000152,used_for,Plant part is associated with the respective therapeutic use
PlantPart,CI-SI-FR,USED_FOR,TherapeuticUse,D000890,used_for,Plant part is associated with the respective therapeutic use
PlantPart,CI-SI-FR,USED_FOR,TherapeuticUse,D000893,used_for,Plant part is associated with the respective therapeutic use
PlantPart,CI-SI-FR,USED_FOR,TherapeuticUse,D000900,used_for,Plant part is associated with the respective therapeutic use
PlantPart,CI-SI-FR,USED_FOR,TherapeuticUse,D000935,used_for,Plant part is associated with the respective therapeutic use
PlantPart,CI-SI-FR,USED_FOR,TherapeuticUse,D000975,used_for,Plant part is associated with the respective therapeutic use
PlantPart,CI-SI-FR,USED_FOR,TherapeuticUse,D003139,used_for,Plant part is associated with the respective therapeutic use
PlantPart,CI-SI-FR,USED_FOR,TherapeuticUse,D004433,used_for,Plant part is associated with the respective therapeutic use
PlantPart,CI-SI-FR,USED_FOR,TherapeuticUse,D005334,used_for,Plant part is associated with the respective therapeutic use
PlantPart,CI-SI-FR,USED_FOR,TherapeuticUse,D005414,used_for,Plant part is associated with the respective therapeutic use
PlantPart,CI-SI-FR,USED_FOR,TherapeuticUse,D006402,used_for,Plant part is associated with the respective therapeutic use
PlantPart,CI-SI-FR,USED_FOR,TherapeuticUse,D007306,used_for,Plant part is associated with the respective therapeutic use
PlantPart,CI-SI-FR,USED_FOR,TherapeuticUse,D008288,used_for,Plant part is associated with the respective therapeutic use
PlantPart,CI-SI-FR,USED_FOR,TherapeuticUse,D012060,used_for,Plant part is associated with the respective therapeutic use
PlantPart,CI-SI-FR,USED_FOR,TherapeuticUse,D012614,used_for,Plant part is associated with the respective therapeutic use
PlantPart,CI-SI-FR,USED_FOR,TherapeuticUse,D013894,used_for,Plant part is associated with the respective therapeutic use
PlantPart,CI-SI-FR,USED_FOR,TherapeuticUse,D014098,used_for,Plant part is associated with the respective therapeutic use
PlantPart,CI-SI-FR,USED_FOR,TherapeuticUse,D019167,used_for,Plant part is associated with the respective therapeutic use
PlantPart,CI-SI-WH,USED_FOR,TherapeuticUse,D003967,used_for,Plant part is associated with the respective therapeutic use
PlantPart,CI-SI-WH,USED_FOR,TherapeuticUse,D008107,used_for,Plant part is associated with the respective therapeutic use
PlantPart,CU-LO-BU,USED_FOR,TherapeuticUse,D000900,used_for,Plant part is associated with the respective therapeutic use
PlantPart,CU-LO-FL,USED_FOR,TherapeuticUse,D000900,used_for,Plant part is associated with the respective therapeutic use
PlantPart,CU-LO-FL,USED_FOR,TherapeuticUse,D007565,used_for,Plant part is associated with the respective therapeutic use
PlantPart,CU-LO-FR,USED_FOR,TherapeuticUse,D009668,used_for,Plant part is associated with the respective therapeutic use
PlantPart,CU-LO-LE,USED_FOR,TherapeuticUse,D000900,used_for,Plant part is associated with the respective therapeutic use
PlantPart,CU-LO-LE,USED_FOR,TherapeuticUse,D000935,used_for,Plant part is associated with the respective therapeutic use
PlantPart,CU-LO-LE,USED_FOR,TherapeuticUse,D000982,used_for,Plant part is associated with the respective therapeutic use
PlantPart,CU-LO-LE,USED_FOR,TherapeuticUse,D001991,used_for,Plant part is associated with the respective therapeutic use
PlantPart,CU-LO-LE,USED_FOR,TherapeuticUse,D002644,used_for,Plant part is associated with the respective therapeutic use
PlantPart,CU-LO-LE,USED_FOR,TherapeuticUse,D003139,used_for,Plant part is associated with the respective therapeutic use
PlantPart,CU-LO-LE,USED_FOR,TherapeuticUse,D003231,used_for,Plant part is associated with the respective therapeutic use
PlantPart,CU-LO-LE,USED_FOR,TherapeuticUse,D003371,used_for,Plant part is associated with the respective therapeutic use
PlantPart,CU-LO-LE,USED_FOR,TherapeuticUse,D004485,used_for,Plant part is associated with the respective therapeutic use
PlantPart,CU-LO-LE,USED_FOR,TherapeuticUse,D006261,used_for,Plant part is associated with the respective therapeutic use
PlantPart,CU-LO-LE,USED_FOR,TherapeuticUse,D008107,used_for,Plant part is associated with the respective therapeutic use
PlantPart,CU-LO-LE,USED_FOR,TherapeuticUse,D012871,used_for,Plant part is associated with the respective therapeutic use
PlantPart,CU-LO-LE,USED_FOR,TherapeuticUse,D012899,used_for,Plant part is associated with the respective therapeutic use
PlantPart,CU-LO-LE,USED_FOR,TherapeuticUse,D015746,used_for,Plant part is associated with the respective therapeutic use
PlantPart,CU-LO-LE,USED_FOR,TherapeuticUse,D050723,used_for,Plant part is associated with the respective therapeutic use
PlantPart,CU-LO-RH,USED_FOR,TherapeuticUse,D000152,used_for,Plant part is associated with the respective therapeutic use
PlantPart,CU-LO-RH,USED_FOR,TherapeuticUse,D000505,used_for,Plant part is associated with the respective therapeutic use
PlantPart,CU-LO-RH,USED_FOR,TherapeuticUse,D000568,used_for,Plant part is associated with the respective therapeutic use
PlantPart,CU-LO-RH,USED_FOR,TherapeuticUse,D000740,used_for,Plant part is associated with the respective therapeutic use
PlantPart,CU-LO-RH,USED_FOR,TherapeuticUse,D000855,used_for,Plant part is associated with the respective therapeutic use
PlantPart,CU-LO-RH,USED_FOR,TherapeuticUse,D000863,used_for,Plant part is associated with the respective therapeutic use
PlantPart,CU-LO-RH,USED_FOR,TherapeuticUse,D000871,used_for,Plant part is associated with the respective therapeutic use
PlantPart,CU-LO-RH,USED_FOR,TherapeuticUse,D000891,used_for,Plant part is associated with the respective therapeutic use
PlantPart,CU-LO-RH,USED_FOR,TherapeuticUse,D000893,used_for,Plant part is associated with the respective therapeutic use
PlantPart,CU-LO-RH,USED_FOR,TherapeuticUse,D000900,used_for,Plant part is associated with the respective therapeutic use
PlantPart,CU-LO-RH,USED_FOR,TherapeuticUse,D000927,used_for,Plant part is associated with the respective therapeutic use
PlantPart,CU-LO-RH,USED_FOR,TherapeuticUse,D000931,used_for,Plant part is associated with the respective therapeutic use
PlantPart,CU-LO-RH,USED_FOR,TherapeuticUse,D000935,used_for,Plant part is associated with the respective therapeutic use
PlantPart,CU-LO-RH,USED_FOR,TherapeuticUse,D000960,used_for,Plant part is associated with the respective therapeutic use
PlantPart,CU-LO-RH,USED_FOR,TherapeuticUse,D000969,used_for,Plant part is associated with the respective therapeutic use
PlantPart,CU-LO-RH,USED_FOR,TherapeuticUse,D000970,used_for,Plant part is associated with the respective therapeutic use
PlantPart,CU-LO-RH,USED_FOR,TherapeuticUse,D000975,used_for,Plant part is associated with the respective therapeutic use
PlantPart,CU-LO-RH,USED_FOR,TherapeuticUse,D000977,used_for,Plant part is associated with the respective therapeutic use
PlantPart,CU-LO-RH,USED_FOR,TherapeuticUse,D000981,used_for,Plant part is associated with the respective therapeutic use
PlantPart,CU-LO-RH,USED_FOR,TherapeuticUse,D000982,used_for,Plant part is associated with the respective therapeutic use
PlantPart,CU-LO-RH,USED_FOR,TherapeuticUse,D001168,used_for,Plant part is associated with the respective therapeutic use
PlantPart,CU-LO-RH,USED_FOR,TherapeuticUse,D001249,used_for,Plant part is associated with the respective therapeutic use
PlantPart,CU-LO-RH,USED_FOR,TherapeuticUse,D001941,used_for,Plant part is associated with the respective therapeutic use
PlantPart,CU-LO-RH,USED_FOR,TherapeuticUse,D001991,used_for,Plant part is associated with the respective therapeutic use
PlantPart,CU-LO-RH,USED_FOR,TherapeuticUse,D002056,used_for,Plant part is associated with the respective therapeutic use
PlantPart,CU-LO-RH,USED_FOR,TherapeuticUse,D002319,used_for,Plant part is associated with the respective therapeutic use
PlantPart,CU-LO-RH,USED_FOR,TherapeuticUse,D002492,used_for,Plant part is associated with the respective therapeutic use
PlantPart,CU-LO-RH,USED_FOR,TherapeuticUse,D002493,used_for,Plant part is associated with the respective therapeutic use
PlantPart,CU-LO-RH,USED_FOR,TherapeuticUse,D002637,used_for,Plant part is associated with the respective therapeutic use
PlantPart,CU-LO-RH,USED_FOR,TherapeuticUse,D002644,used_for,Plant part is associated with the respective therapeutic use
PlantPart,CU-LO-RH,USED_FOR,TherapeuticUse,D003085,used_for,Plant part is associated with the respective therapeutic use
PlantPart,CU-LO-RH,USED_FOR,TherapeuticUse,D003139,used_for,Plant part is associated with the respective therapeutic use
PlantPart,CU-LO-RH,USED_FOR,TherapeuticUse,D003231,used_for,Plant part is associated with the respective therapeutic use
PlantPart,CU-LO-RH,USED_FOR,TherapeuticUse,D003248,used_for,Plant part is associated with the respective therapeutic use
PlantPart,CU-LO-RH,USED_FOR,TherapeuticUse,D003270,used_for,Plant part is associated with the respective therapeutic use
PlantPart,CU-LO-RH,USED_FOR,TherapeuticUse,D003288,used_for,Plant part is associated with the respective therapeutic use
PlantPart,CU-LO-RH,USED_FOR,TherapeuticUse,D003371,used_for,Plant part is associated with the respective therapeutic use
PlantPart,CU-LO-RH,USED_FOR,TherapeuticUse,D003920,used_for,Plant part is associated with the respective therapeutic use
PlantPart,CU-LO-RH,USED_FOR,TherapeuticUse,D003967,used_for,Plant part is associated with the respective therapeutic use
PlantPart,CU-LO-RH,USED_FOR,TherapeuticUse,D004403,used_for,Plant part is associated with the respective therapeutic use
PlantPart,CU-LO-RH,USED_FOR,TherapeuticUse,D004415,used_for,Plant part is associated with the respective therapeutic use
PlantPart,CU-LO-RH,USED_FOR,TherapeuticUse,D004417,used_for,Plant part is associated with the respective therapeutic use
PlantPart,CU-LO-RH,USED_FOR,TherapeuticUse,D004427,used_for,Plant part is associated with the respective therapeutic use
PlantPart,CU-LO-RH,USED_FOR,TherapeuticUse,D004485,used_for,Plant part is associated with the respective therapeutic use
PlantPart,CU-LO-RH,USED_FOR,TherapeuticUse,D004487,used_for,Plant part is associated with the respective therapeutic use
PlantPart,CU-LO-RH,USED_FOR,TherapeuticUse,D004604,used_for,Plant part is associated with the respective therapeutic use
PlantPart,CU-LO-RH,USED_FOR,TherapeuticUse,D004639,used_for,Plant part is associated with the respective therapeutic use
PlantPart,CU-LO-RH,USED_FOR,TherapeuticUse,D004827,used_for,Plant part is associated with the respective therapeutic use
PlantPart,CU-LO-RH,USED_FOR,TherapeuticUse,D005128,used_for,Plant part is associated with the respective therapeutic use
PlantPart,CU-LO-RH,USED_FOR,TherapeuticUse,D005299,used_for,Plant part is associated with the respective therapeutic use
PlantPart,CU-LO-RH,USED_FOR,TherapeuticUse,D005334,used_for,Plant part is associated with the respective therapeutic use
PlantPart,CU-LO-RH,USED_FOR,TherapeuticUse,D005414,used_for,Plant part is associated with the respective therapeutic use
PlantPart,CU-LO-RH,USED_FOR,TherapeuticUse,D005517,used_for,Plant part is associated with the respective therapeutic use
PlantPart,CU-LO-RH,USED_FOR,TherapeuticUse,D005667,used_for,Plant part is associated with the respective therapeutic use
PlantPart,CU-LO-RH,USED_FOR,TherapeuticUse,D005756,used_for,Plant part is associated with the respective therapeutic use
PlantPart,CU-LO-RH,USED_FOR,TherapeuticUse,D005767,used_for,Plant part is associated with the respective therapeutic use
PlantPart,CU-LO-RH,USED_FOR,TherapeuticUse,D006069,used_for,Plant part is associated with the respective therapeutic use
PlantPart,CU-LO-RH,USED_FOR,TherapeuticUse,D006255,used_for,Plant part is associated with the respective therapeutic use
PlantPart,CU-LO-RH,USED_FOR,TherapeuticUse,D006261,used_for,Plant part is associated with the respective therapeutic use
PlantPart,CU-LO-RH,USED_FOR,TherapeuticUse,D006331,used_for,Plant part is associated with the respective therapeutic use
PlantPart,CU-LO-RH,USED_FOR,TherapeuticUse,D006373,used_for,Plant part is associated with the respective therapeutic use
PlantPart,CU-LO-RH,USED_FOR,TherapeuticUse,D006402,used_for,Plant part is associated with the respective therapeutic use
PlantPart,CU-LO-RH,USED_FOR,TherapeuticUse,D006469,used_for,Plant part is associated with the respective therapeutic use
PlantPart,CU-LO-RH,USED_FOR,TherapeuticUse,D006484,used_for,Plant part is associated with the respective therapeutic use
PlantPart,CU-LO-RH,USED_FOR,TherapeuticUse,D006505,used_for,Plant part is associated with the respective therapeutic use
PlantPart,CU-LO-RH,USED_FOR,TherapeuticUse,D006529,used_for,Plant part is associated with the respective therapeutic use
PlantPart,CU-LO-RH,USED_FOR,TherapeuticUse,D006547,used_for,Plant part is associated with the respective therapeutic use
PlantPart,CU-LO-RH,USED_FOR,TherapeuticUse,D006848,used_for,Plant part is associated with the respective therapeutic use
PlantPart,CU-LO-RH,USED_FOR,TherapeuticUse,D006937,used_for,Plant part is associated with the respective therapeutic use
PlantPart,CU-LO-RH,USED_FOR,TherapeuticUse,D007004,used_for,Plant part is associated with the respective therapeutic use
PlantPart,CU-LO-RH,USED_FOR,TherapeuticUse,D007022,used_for,Plant part is associated with the respective therapeutic use
PlantPart,CU-LO-RH,USED_FOR,TherapeuticUse,D007046,used_for,Plant part is associated with the respective therapeutic use
PlantPart,CU-LO-RH,USED_FOR,TherapeuticUse,D007249,used_for,Plant part is associated with the respective therapeutic use
PlantPart,CU-LO-RH,USED_FOR,TherapeuticUse,D007299,used_for,Plant part is associated with the respective therapeutic use
PlantPart,CU-LO-RH,USED_FOR,TherapeuticUse,D007302,used_for,Plant part is associated with the respective therapeutic use
PlantPart,CU-LO-RH,USED_FOR,TherapeuticUse,D007411,used_for,Plant part is associated with the respective therapeutic use
PlantPart,CU-LO-RH,USED_FOR,TherapeuticUse,D007565,used_for,Plant part is associated with the respective therapeutic use
PlantPart,CU-LO-RH,USED_FOR,TherapeuticUse,D007918,used_for,Plant part is associated with the respective therapeutic use
PlantPart,CU-LO-RH,USED_FOR,TherapeuticUse,D008107,used_for,Plant part is associated with the respective therapeutic use
PlantPart,CU-LO-RH,USED_FOR,TherapeuticUse,D008288,used_for,Plant part is associated with the respective therapeutic use
PlantPart,CU-LO-RH,USED_FOR,TherapeuticUse,D008457,used_for,Plant part is associated with the respective therapeutic use
PlantPart,CU-LO-RH,USED_FOR,TherapeuticUse,D008548,used_for,Plant part is associated with the respective therapeutic use
PlantPart,CU-LO-RH,USED_FOR,TherapeuticUse,D008881,used_for,Plant part is associated with the respective therapeutic use
PlantPart,CU-LO-RH,USED_FOR,TherapeuticUse,D009059,used_for,Plant part is associated with the respective therapeutic use
PlantPart,CU-LO-RH,USED_FOR,TherapeuticUse,D009067,used_for,Plant part is associated with the respective therapeutic use
PlantPart,CU-LO-RH,USED_FOR,TherapeuticUse,D009369,used_for,Plant part is associated with the respective therapeutic use
PlantPart,CU-LO-RH,USED_FOR,TherapeuticUse,D009668,used_for,Plant part is associated with the respective therapeutic use
PlantPart,CU-LO-RH,USED_FOR,TherapeuticUse,D009846,used_for,Plant part is associated with the respective therapeutic use
PlantPart,CU-LO-RH,USED_FOR,TherapeuticUse,D010146,used_for,Plant part is associated with the respective therapeutic use
PlantPart,CU-LO-RH,USED_FOR,TherapeuticUse,D010276,used_for,Plant part is associated with the respective therapeutic use
PlantPart,CU-LO-RH,USED_FOR,TherapeuticUse,D010304,used_for,Plant part is associated with the respective therapeutic use
PlantPart,CU-LO-RH,USED_FOR,TherapeuticUse,D010612,used_for,Plant part is associated with the respective therapeutic use
PlantPart,CU-LO-RH,USED_FOR,TherapeuticUse,D011041,used_for,Plant part is associated with the respective therapeutic use
PlantPart,CU-LO-RH,USED_FOR,TherapeuticUse,D011181,used_for,Plant part is associated with the respective therapeutic use
PlantPart,CU-LO-RH,USED_FOR,TherapeuticUse,D011536,used_for,Plant part is associated with the respective therapeutic use
PlantPart,CU-LO-RH,USED_FOR,TherapeuticUse,D012060,used_for,Plant part is associated with the respective therapeutic use
PlantPart,CU-LO-RH,USED_FOR,TherapeuticUse,D012532,used_for,Plant part is associated with the respective therapeutic use
PlantPart,CU-LO-RH,USED_FOR,TherapeuticUse,D012852,used_for,Plant part is associated with the respective therapeutic use
PlantPart,CU-LO-RH,USED_FOR,TherapeuticUse,D012871,used_for,Plant part is associated with the respective therapeutic use
PlantPart,CU-LO-RH,USED_FOR,TherapeuticUse,D012878,used_for,Plant part is associated with the respective therapeutic use
PlantPart,CU-LO-RH,USED_FOR,TherapeuticUse,D012899,used_for,Plant part is associated with the respective therapeutic use
PlantPart,CU-LO-RH,USED_FOR,TherapeuticUse,D012909,used_for,Plant part is associated with the respective therapeutic use
PlantPart,CU-LO-RH,USED_FOR,TherapeuticUse,D013180,used_for,Plant part is associated with the respective therapeutic use
PlantPart,CU-LO-RH,USED_FOR,TherapeuticUse,D013492,used_for,Plant part is associated with the respective therapeutic use
PlantPart,CU-LO-RH,USED_FOR,TherapeuticUse,D014005,used_for,Plant part is associated with the respective therapeutic use
PlantPart,CU-LO-RH,USED_FOR,TherapeuticUse,D014435,used_for,Plant part is associated with the respective therapeutic use
PlantPart,CU-LO-RH,USED_FOR,TherapeuticUse,D014456,used_for,Plant part is associated with the respective therapeutic use
PlantPart,CU-LO-RH,USED_FOR,TherapeuticUse,D014552,used_for,Plant part is associated with the respective therapeutic use
PlantPart,CU-LO-RH,USED_FOR,TherapeuticUse,D014555,used_for,Plant part is associated with the respective therapeutic use
PlantPart,CU-LO-RH,USED_FOR,TherapeuticUse,D014570,used_for,Plant part is associated with the respective therapeutic use
PlantPart,CU-LO-RH,USED_FOR,TherapeuticUse,D014581,used_for,Plant part is associated with the respective therapeutic use
PlantPart,CU-LO-RH,USED_FOR,TherapeuticUse,D014917,used_for,Plant part is associated with the respective therapeutic use
PlantPart,CU-LO-RH,USED_FOR,TherapeuticUse,D014945,used_for,Plant part is associated with the respective therapeutic use
PlantPart,CU-LO-RH,USED_FOR,TherapeuticUse,D014947,used_for,Plant part is associated with the respective therapeutic use
PlantPart,CU-LO-RH,USED_FOR,TherapeuticUse,D015746,used_for,Plant part is associated with the respective therapeutic use
PlantPart,CU-LO-RH,USED_FOR,TherapeuticUse,D016523,used_for,Plant part is associated with the respective therapeutic use
PlantPart,CU-LO-RH,USED_FOR,TherapeuticUse,D017592,used_for,Plant part is associated with the respective therapeutic use
PlantPart,CU-LO-RH,USED_FOR,TherapeuticUse,D018501,used_for,Plant part is associated with the respective therapeutic use
PlantPart,CU-LO-RH,USED_FOR,TherapeuticUse,D018771,used_for,Plant part is associated with the respective therapeutic use
PlantPart,CU-LO-RH,USED_FOR,TherapeuticUse,D019167,used_for,Plant part is associated with the respective therapeutic use
PlantPart,CU-LO-RH,USED_FOR,TherapeuticUse,D050197,used_for,Plant part is associated with the respective therapeutic use
PlantPart,CU-LO-RH,USED_FOR,TherapeuticUse,D050723,used_for,Plant part is associated with the respective therapeutic use
PlantPart,CU-LO-RH,USED_FOR,TherapeuticUse,D058447,used_for,Plant part is associated with the respective therapeutic use
PlantPart,CU-LO-RO,USED_FOR,TherapeuticUse,D003288,used_for,Plant part is associated with the respective therapeutic use
PlantPart,CU-LO-RO,USED_FOR,TherapeuticUse,D004485,used_for,Plant part is associated with the respective therapeutic use
PlantPart,CU-LO-RO,USED_FOR,TherapeuticUse,D005299,used_for,Plant part is associated with the respective therapeutic use
PlantPart,CU-LO-RO,USED_FOR,TherapeuticUse,D007565,used_for,Plant part is associated with the respective therapeutic use
PlantPart,CU-LO-RO,USED_FOR,TherapeuticUse,D014947,used_for,Plant part is associated with the respective therapeutic use
PlantPart,CU-LO-ST,USED_FOR,TherapeuticUse,D006484,used_for,Plant part is associated with the respective therapeutic use
PlantPart,CU-LO-TU,USED_FOR,TherapeuticUse,D005756,used_for,Plant part is associated with the respective therapeutic use
PlantPart,CU-SA-FR,USED_FOR,TherapeuticUse,D000152,used_for,Plant part is associated with the respective therapeutic use
PlantPart,CU-SA-FR,USED_FOR,TherapeuticUse,D000960,used_for,Plant part is associated with the respective therapeutic use
PlantPart,CU-SA-FR,USED_FOR,TherapeuticUse,D001247,used_for,Plant part is associated with the respective therapeutic use
PlantPart,CU-SA-FR,USED_FOR,TherapeuticUse,D001248,used_for,Plant part is associated with the respective therapeutic use
PlantPart,CU-SA-FR,USED_FOR,TherapeuticUse,D001991,used_for,Plant part is associated with the respective therapeutic use
PlantPart,CU-SA-FR,USED_FOR,TherapeuticUse,D003231,used_for,Plant part is associated with the respective therapeutic use
PlantPart,CU-SA-FR,USED_FOR,TherapeuticUse,D004232,used_for,Plant part is associated with the respective therapeutic use
PlantPart,CU-SA-FR,USED_FOR,TherapeuticUse,D005128,used_for,Plant part is associated with the respective therapeutic use
PlantPart,CU-SA-FR,USED_FOR,TherapeuticUse,D005334,used_for,Plant part is associated with the respective therapeutic use
PlantPart,CU-SA-FR,USED_FOR,TherapeuticUse,D005414,used_for,Plant part is associated with the respective therapeutic use
PlantPart,CU-SA-FR,USED_FOR,TherapeuticUse,D005767,used_for,Plant part is associated with the respective therapeutic use
PlantPart,CU-SA-FR,USED_FOR,TherapeuticUse,D006261,used_for,Plant part is associated with the respective therapeutic use
PlantPart,CU-SA-FR,USED_FOR,TherapeuticUse,D006470,used_for,Plant part is associated with the respective therapeutic use
PlantPart,CU-SA-FR,USED_FOR,TherapeuticUse,D006487,used_for,Plant part is associated with the respective therapeutic use
PlantPart,CU-SA-FR,USED_FOR,TherapeuticUse,D007319,used_for,Plant part is associated with the respective therapeutic use
PlantPart,CU-SA-FR,USED_FOR,TherapeuticUse,D007565,used_for,Plant part is associated with the respective therapeutic use
PlantPart,CU-SA-FR,USED_FOR,TherapeuticUse,D010146,used_for,Plant part is associated with the respective therapeutic use
PlantPart,CU-SA-FR,USED_FOR,TherapeuticUse,D011014,used_for,Plant part is associated with the respective therapeutic use
PlantPart,CU-SA-FR,USED_FOR,TherapeuticUse,D013272,used_for,Plant part is associated with the respective therapeutic use
PlantPart,CU-SA-FR,USED_FOR,TherapeuticUse,D013471,used_for,Plant part is associated with the respective therapeutic use
PlantPart,CU-SA-FR,USED_FOR,TherapeuticUse,D013474,used_for,Plant part is associated with the respective therapeutic use
PlantPart,CU-SA-FR,USED_FOR,TherapeuticUse,D013894,used_for,Plant part is associated with the respective therapeutic use
PlantPart,CU-SA-FR,USED_FOR,TherapeuticUse,D014555,used_for,Plant part is associated with the respective therapeutic use
PlantPart,CU-SA-FR,USED_FOR,TherapeuticUse,D014917,used_for,Plant part is associated with the respective therapeutic use
PlantPart,CU-SA-FR,USED_FOR,TherapeuticUse,D065106,used_for,Plant part is associated with the respective therapeutic use
PlantPart,CU-SA-LE,USED_FOR,TherapeuticUse,D000998,used_for,Plant part is associated with the respective therapeutic use
PlantPart,CU-SA-LE,USED_FOR,TherapeuticUse,D004232,used_for,Plant part is associated with the respective therapeutic use
PlantPart,CU-SA-LE,USED_FOR,TherapeuticUse,D005334,used_for,Plant part is associated with the respective therapeutic use
PlantPart,CU-SA-LE,USED_FOR,TherapeuticUse,D007302,used_for,Plant part is associated with the respective therapeutic use
PlantPart,CU-SA-LE,USED_FOR,TherapeuticUse,D009032,used_for,Plant part is associated with the respective therapeutic use
PlantPart,CU-SA-SE,USED_FOR,TherapeuticUse,D000871,used_for,Plant part is associated with the respective therapeutic use
PlantPart,CU-SA-SE,USED_FOR,TherapeuticUse,D001247,used_for,Plant part is associated with the respective therapeutic use
PlantPart,CU-SA-SE,USED_FOR,TherapeuticUse,D001744,used_for,Plant part is associated with the respective therapeutic use
PlantPart,CU-SA-SE,USED_FOR,TherapeuticUse,D002771,used_for,Plant part is associated with the respective therapeutic use
PlantPart,CU-SA-SE,USED_FOR,TherapeuticUse,D003248,used_for,Plant part is associated with the respective therapeutic use
PlantPart,CU-SA-SE,USED_FOR,TherapeuticUse,D003371,used_for,Plant part is associated with the respective therapeutic use
PlantPart,CU-SA-SE,USED_FOR,TherapeuticUse,D003556,used_for,Plant part is associated with the respective therapeutic use
PlantPart,CU-SA-SE,USED_FOR,TherapeuticUse,D004232,used_for,Plant part is associated with the respective therapeutic use
PlantPart,CU-SA-SE,USED_FOR,TherapeuticUse,D005334,used_for,Plant part is associated with the respective therapeutic use
PlantPart,CU-SA-SE,USED_FOR,TherapeuticUse,D007249,used_for,Plant part is associated with the respective therapeutic use
PlantPart,CU-SA-SE,USED_FOR,TherapeuticUse,D007669,used_for,Plant part is associated with the respective therapeutic use
PlantPart,CU-SA-SE,USED_FOR,TherapeuticUse,D008107,used_for,Plant part is associated with the respective therapeutic use
PlantPart,CU-SA-SE,USED_FOR,TherapeuticUse,D010146,used_for,Plant part is associated with the respective therapeutic use
PlantPart,CU-SA-SE,USED_FOR,TherapeuticUse,D012060,used_for,Plant part is associated with the respective therapeutic use
PlantPart,CU-SA-SE,USED_FOR,TherapeuticUse,D014552,used_for,Plant part is associated with the respective therapeutic use
PlantPart,CU-SA-SE,USED_FOR,TherapeuticUse,D014555,used_for,Plant part is associated with the respective therapeutic use
PlantPart,CU-SA-SE,USED_FOR,TherapeuticUse,D014570,used_for,Plant part is associated with the respective therapeutic use
PlantPart,CU-SA-SE,USED_FOR,TherapeuticUse,D015746,used_for,Plant part is associated with the respective therapeutic use
PlantPart,CU-SA-SE,USED_FOR,TherapeuticUse,D053159,used_for,Plant part is associated with the respective therapeutic use
PlantPart,CU-SA-SE,USED_FOR,TherapeuticUse,D058633,used_for,Plant part is associated with the respective therapeutic use
PlantPart,HI-SY-BA,USED_FOR,TherapeuticUse,D003967,used_for,Plant part is associated with the respective therapeutic use
PlantPart,HI-SY-BA,USED_FOR,TherapeuticUse,D004403,used_for,Plant part is associated with the respective therapeutic use
PlantPart,HI-SY-BA,USED_FOR,TherapeuticUse,D004412,used_for,Plant part is associated with the respective therapeutic use
PlantPart,HI-SY-BA,USED_FOR,TherapeuticUse,D005334,used_for,Plant part is associated with the respective therapeutic use
PlantPart,HI-SY-BA,USED_FOR,TherapeuticUse,D065106,used_for,Plant part is associated with the respective therapeutic use
PlantPart,HI-SY-FL,USED_FOR,TherapeuticUse,D003967,used_for,Plant part is associated with the respective therapeutic use
PlantPart,HI-SY-FL,USED_FOR,TherapeuticUse,D004232,used_for,Plant part is associated with the respective therapeutic use
PlantPart,HI-SY-FL,USED_FOR,TherapeuticUse,D004403,used_for,Plant part is associated with the respective therapeutic use
PlantPart,HI-SY-FL,USED_FOR,TherapeuticUse,D011537,used_for,Plant part is associated with the respective therapeutic use
PlantPart,HI-SY-FL,USED_FOR,TherapeuticUse,D012871,used_for,Plant part is associated with the respective therapeutic use
PlantPart,HI-SY-FL,USED_FOR,TherapeuticUse,D065106,used_for,Plant part is associated with the respective therapeutic use
PlantPart,HI-SY-LE,USED_FOR,TherapeuticUse,D000975,used_for,Plant part is associated with the respective therapeutic use
PlantPart,HI-SY-LE,USED_FOR,TherapeuticUse,D003920,used_for,Plant part is associated with the respective therapeutic use
PlantPart,HI-SY-LE,USED_FOR,TherapeuticUse,D015227,used_for,Plant part is associated with the respective therapeutic use
PlantPart,HI-SY-LE,USED_FOR,TherapeuticUse,D019167,used_for,Plant part is associated with the respective therapeutic use
PlantPart,HI-SY-RO,USED_FOR,TherapeuticUse,D003967,used_for,Plant part is associated with the respective therapeutic use
PlantPart,HI-SY-RO,USED_FOR,TherapeuticUse,D004403,used_for,Plant part is associated with the respective therapeutic use
PlantPart,HI-SY-RO,USED_FOR,TherapeuticUse,D004412,used_for,Plant part is associated with the respective therapeutic use
PlantPart,HI-SY-RO,USED_FOR,TherapeuticUse,D005334,used_for,Plant part is associated with the respective therapeutic use
PlantPart,HI-SY-RO,USED_FOR,TherapeuticUse,D065106,used_for,Plant part is associated with the respective therapeutic use
PlantPart,HI-SY-SE,USED_FOR,TherapeuticUse,D000891,used_for,Plant part is associated with the respective therapeutic use
PlantPart,HI-SY-SE,USED_FOR,TherapeuticUse,D000900,used_for,Plant part is associated with the respective therapeutic use
PlantPart,HI-SY-SE,USED_FOR,TherapeuticUse,D000935,used_for,Plant part is associated with the respective therapeutic use
PlantPart,HI-SY-SE,USED_FOR,TherapeuticUse,D003139,used_for,Plant part is associated with the respective therapeutic use
PlantPart,HI-SY-SE,USED_FOR,TherapeuticUse,D006261,used_for,Plant part is associated with the respective therapeutic use
PlantPart,AN-CO-FL,USED_FOR,TherapeuticUse,D000871,used_for,Plant part is associated with the respective therapeutic use
PlantPart,AN-CO-FL,USED_FOR,TherapeuticUse,D004485,used_for,Plant part is associated with the respective therapeutic use
PlantPart,AN-CO-FL,USED_FOR,TherapeuticUse,D017592,used_for,Plant part is associated with the respective therapeutic use
PlantPart,AN-CO-FR,USED_FOR,TherapeuticUse,D000019,used_for,Plant part is associated with the respective therapeutic use
PlantPart,AN-CO-FR,USED_FOR,TherapeuticUse,D000568,used_for,Plant part is associated with the respective therapeutic use
PlantPart,AN-CO-FR,USED_FOR,TherapeuticUse,D000855,used_for,Plant part is associated with the respective therapeutic use
PlantPart,AN-CO-FR,USED_FOR,TherapeuticUse,D000871,used_for,Plant part is associated with the respective therapeutic use
PlantPart,AN-CO-FR,USED_FOR,TherapeuticUse,D000982,used_for,Plant part is associated with the respective therapeutic use
PlantPart,AN-CO-FR,USED_FOR,TherapeuticUse,D001744,used_for,Plant part is associated with the respective therapeutic use
PlantPart,AN-CO-FR,USED_FOR,TherapeuticUse,D002316,used_for,Plant part is associated with the respective therapeutic use
PlantPart,AN-CO-FR,USED_FOR,TherapeuticUse,D002400,used_for,Plant part is associated with the respective therapeutic use
PlantPart,AN-CO-FR,USED_FOR,TherapeuticUse,D003085,used_for,Plant part is associated with the respective therapeutic use
PlantPart,AN-CO-FR,USED_FOR,TherapeuticUse,D003270,used_for,Plant part is associated with the respective therapeutic use
PlantPart,AN-CO-FR,USED_FOR,TherapeuticUse,D003967,used_for,Plant part is associated with the respective therapeutic use
PlantPart,AN-CO-FR,USED_FOR,TherapeuticUse,D004232,used_for,Plant part is associated with the respective therapeutic use
PlantPart,AN-CO-FR,USED_FOR,TherapeuticUse,D004412,used_for,Plant part is associated with the respective therapeutic use
PlantPart,AN-CO-FR,USED_FOR,TherapeuticUse,D004415,used_for,Plant part is associated with the respective therapeutic use
PlantPart,AN-CO-FR,USED_FOR,TherapeuticUse,D004643,used_for,Plant part is associated with the respective therapeutic use
PlantPart,AN-CO-FR,USED_FOR,TherapeuticUse,D005100,used_for,Plant part is associated with the respective therapeutic use
PlantPart,AN-CO-FR,USED_FOR,TherapeuticUse,D005334,used_for,Plant part is associated with the respective therapeutic use
PlantPart,AN-CO-FR,USED_FOR,TherapeuticUse,D005414,used_for,Plant part is associated with the respective therapeutic use
PlantPart,AN-CO-FR,USED_FOR,TherapeuticUse,D005767,used_for,Plant part is associated with the respective therapeutic use
PlantPart,AN-CO-FR,USED_FOR,TherapeuticUse,D006331,used_for,Plant part is associated with the respective therapeutic use
PlantPart,AN-CO-FR,USED_FOR,TherapeuticUse,D006373,used_for,Plant part is associated with the respective therapeutic use
PlantPart,AN-CO-FR,USED_FOR,TherapeuticUse,D006396,used_for,Plant part is associated with the respective therapeutic use
PlantPart,AN-CO-FR,USED_FOR,TherapeuticUse,D006402,used_for,Plant part is associated with the respective therapeutic use
PlantPart,AN-CO-FR,USED_FOR,TherapeuticUse,D006469,used_for,Plant part is associated with the respective therapeutic use
PlantPart,AN-CO-FR,USED_FOR,TherapeuticUse,D006490,used_for,Plant part is associated with the respective therapeutic use
PlantPart,AN-CO-FR,USED_FOR,TherapeuticUse,D007007,used_for,Plant part is associated with the respective therapeutic use
PlantPart,AN-CO-FR,USED_FOR,TherapeuticUse,D007565,used_for,Plant part is associated with the respective therapeutic use
PlantPart,AN-CO-FR,USED_FOR,TherapeuticUse,D008600,used_for,Plant part is associated with the respective therapeutic use
PlantPart,AN-CO-FR,USED_FOR,TherapeuticUse,D011181,used_for,Plant part is associated with the respective therapeutic use
PlantPart,AN-CO-FR,USED_FOR,TherapeuticUse,D012532,used_for,Plant part is associated with the respective therapeutic use
PlantPart,AN-CO-FR,USED_FOR,TherapeuticUse,D012614,used_for,Plant part is associated with the respective therapeutic use
PlantPart,AN-CO-FR,USED_FOR,TherapeuticUse,D012749,used_for,Plant part is associated with the respective therapeutic use
PlantPart,AN-CO-FR,USED_FOR,TherapeuticUse,D019167,used_for,Plant part is associated with the respective therapeutic use
PlantPart,AN-CO-FR,USED_FOR,TherapeuticUse,D054368,used_for,Plant part is associated with the respective therapeutic use
PlantPart,AN-CO-FR,USED_FOR,TherapeuticUse,D058633,used_for,Plant part is associated with the respective therapeutic use
PlantPart,AN-CO-LE,USED_FOR,TherapeuticUse,D000019,used_for,Plant part is associated with the respective therapeutic use
PlantPart,AN-CO-LE,USED_FOR,TherapeuticUse,D000568,used_for,Plant part is associated with the respective therapeutic use
PlantPart,AN-CO-LE,USED_FOR,TherapeuticUse,D000871,used_for,Plant part is associated with the respective therapeutic use
PlantPart,AN-CO-LE,USED_FOR,TherapeuticUse,D002400,used_for,Plant part is associated with the respective therapeutic use
PlantPart,AN-CO-LE,USED_FOR,TherapeuticUse,D003270,used_for,Plant part is associated with the respective therapeutic use
PlantPart,AN-CO-LE,USED_FOR,TherapeuticUse,D004412,used_for,Plant part is associated with the respective therapeutic use
PlantPart,AN-CO-LE,USED_FOR,TherapeuticUse,D004604,used_for,Plant part is associated with the respective therapeutic use
PlantPart,AN-CO-LE,USED_FOR,TherapeuticUse,D005221,used_for,Plant part is associated with the respective therapeutic use
PlantPart,AN-CO-LE,USED_FOR,TherapeuticUse,D006373,used_for,Plant part is associated with the respective therapeutic use
PlantPart,AN-CO-LE,USED_FOR,TherapeuticUse,D007306,used_for,Plant part is associated with the respective therapeutic use
PlantPart,AN-CO-LE,USED_FOR,TherapeuticUse,D007411,used_for,Plant part is associated with the respective therapeutic use
PlantPart,AN-CO-LE,USED_FOR,TherapeuticUse,D007565,used_for,Plant part is associated with the respective therapeutic use
PlantPart,AN-CO-LE,USED_FOR,TherapeuticUse,D007918,used_for,Plant part is associated with the respective therapeutic use
PlantPart,AN-CO-LE,USED_FOR,TherapeuticUse,D008600,used_for,Plant part is associated with the respective therapeutic use
PlantPart,AN-CO-LE,USED_FOR,TherapeuticUse,D012749,used_for,Plant part is associated with the respective therapeutic use
PlantPart,AN-CO-LE,USED_FOR,TherapeuticUse,D012871,used_for,Plant part is associated with the respective therapeutic use
PlantPart,AN-CO-LE,USED_FOR,TherapeuticUse,D014917,used_for,Plant part is associated with the respective therapeutic use
PlantPart,AN-CO-LE,USED_FOR,TherapeuticUse,D054368,used_for,Plant part is associated with the respective therapeutic use
PlantPart,AN-CO-RH,USED_FOR,TherapeuticUse,D003270,used_for,Plant part is associated with the respective therapeutic use
PlantPart,AN-CO-RO,USED_FOR,TherapeuticUse,D000019,used_for,Plant part is associated with the respective therapeutic use
PlantPart,AN-CO-ST,USED_FOR,TherapeuticUse,D000893,used_for,Plant part is associated with the respective therapeutic use
PlantPart,AN-CO-ST,USED_FOR,TherapeuticUse,D000925,used_for,Plant part is associated with the respective therapeutic use
PlantPart,AN-CO-ST,USED_FOR,TherapeuticUse,D000970,used_for,Plant part is associated with the respective therapeutic use
PlantPart,AN-CO-ST,USED_FOR,TherapeuticUse,D001172,used_for,Plant part is associated with the respective therapeutic use
PlantPart,AN-CO-ST,USED_FOR,TherapeuticUse,D002056,used_for,Plant part is associated with the respective therapeutic use
PlantPart,AN-CO-ST,USED_FOR,TherapeuticUse,D002481,used_for,Plant part is associated with the respective therapeutic use
PlantPart,AN-CO-ST,USED_FOR,TherapeuticUse,D004487,used_for,Plant part is associated with the respective therapeutic use
PlantPart,AN-CO-ST,USED_FOR,TherapeuticUse,D006406,used_for,Plant part is associated with the respective therapeutic use
PlantPart,AN-CO-ST,USED_FOR,TherapeuticUse,D011349,used_for,Plant part is associated with the respective therapeutic use
PlantPart,AN-CO-ST,USED_FOR,TherapeuticUse,D012852,used_for,Plant part is associated with the respective therapeutic use
PlantPart,AN-CO-ST,USED_FOR,TherapeuticUse,D013280,used_for,Plant part is associated with the respective therapeutic use
PlantPart,AN-CO-ST,USED_FOR,TherapeuticUse,D014947,used_for,Plant part is associated with the respective therapeutic use
PlantPart,AN-CO-ST,USED_FOR,TherapeuticUse,D017719,used_for,Plant part is associated with the respective therapeutic use
PlantPart,WI-SO-BA,USED_FOR,TherapeuticUse,D001249,used_for,Plant part is associated with the respective therapeutic use
PlantPart,WI-SO-BA,USED_FOR,TherapeuticUse,D003668,used_for,Plant part is associated with the respective therapeutic use
PlantPart,WI-SO-FR,USED_FOR,TherapeuticUse,D004232,used_for,Plant part is associated with the respective therapeutic use
PlantPart,WI-SO-LE,USED_FOR,TherapeuticUse,D000871,used_for,Plant part is associated with the respective therapeutic use
PlantPart,WI-SO-LE,USED_FOR,TherapeuticUse,D000893,used_for,Plant part is associated with the respective therapeutic use
PlantPart,WI-SO-LE,USED_FOR,TherapeuticUse,D000900,used_for,Plant part is associated with the respective therapeutic use
PlantPart,WI-SO-LE,USED_FOR,TherapeuticUse,D000970,used_for,Plant part is associated with the respective therapeutic use
PlantPart,WI-SO-LE,USED_FOR,TherapeuticUse,D002270,used_for,Plant part is associated with the respective therapeutic use
PlantPart,WI-SO-LE,USED_FOR,TherapeuticUse,D003231,used_for,Plant part is associated with the respective therapeutic use
PlantPart,WI-SO-LE,USED_FOR,TherapeuticUse,D004232,used_for,Plant part is associated with the respective therapeutic use
PlantPart,WI-SO-LE,USED_FOR,TherapeuticUse,D004417,used_for,Plant part is associated with the respective therapeutic use
PlantPart,WI-SO-LE,USED_FOR,TherapeuticUse,D004487,used_for,Plant part is associated with the respective therapeutic use
PlantPart,WI-SO-LE,USED_FOR,TherapeuticUse,D005334,used_for,Plant part is associated with the respective therapeutic use
PlantPart,WI-SO-LE,USED_FOR,TherapeuticUse,D005667,used_for,Plant part is associated with the respective therapeutic use
PlantPart,WI-SO-LE,USED_FOR,TherapeuticUse,D006993,used_for,Plant part is associated with the respective therapeutic use
PlantPart,WI-SO-LE,USED_FOR,TherapeuticUse,D007249,used_for,Plant part is associated with the respective therapeutic use
PlantPart,WI-SO-LE,USED_FOR,TherapeuticUse,D008107,used_for,Plant part is associated with the respective therapeutic use
PlantPart,WI-SO-LE,USED_FOR,TherapeuticUse,D009303,used_for,Plant part is associated with the respective therapeutic use
PlantPart,WI-SO-LE,USED_FOR,TherapeuticUse,D009369,used_for,Plant part is associated with the respective therapeutic use
PlantPart,WI-SO-LE,USED_FOR,TherapeuticUse,D009877,used_for,Plant part is associated with the respective therapeutic use
PlantPart,WI-SO-LE,USED_FOR,TherapeuticUse,D010146,used_for,Plant part is associated with the respective therapeutic use
PlantPart,WI-SO-LE,USED_FOR,TherapeuticUse,D012532,used_for,Plant part is associated with the respective therapeutic use
PlantPart,WI-SO-LE,USED_FOR,TherapeuticUse,D014388,used_for,Plant part is associated with the respective therapeutic use
PlantPart,WI-SO-LE,USED_FOR,TherapeuticUse,D014456,used_for,Plant part is associated with the respective therapeutic use
PlantPart,WI-SO-LE,USED_FOR,TherapeuticUse,D014947,used_for,Plant part is associated with the respective therapeutic use
PlantPart,WI-SO-LE,USED_FOR,TherapeuticUse,D018501,used_for,Plant part is associated with the respective therapeutic use
PlantPart,WI-SO-LE,USED_FOR,TherapeuticUse,D018771,used_for,Plant part is associated with the respective therapeutic use
PlantPart,WI-SO-LE,USED_FOR,TherapeuticUse,D058633,used_for,Plant part is associated with the respective therapeutic use
PlantPart,WI-SO-RO,USED_FOR,TherapeuticUse,D000019,used_for,Plant part is associated with the respective therapeutic use
PlantPart,WI-SO-RO,USED_FOR,TherapeuticUse,D000375,used_for,Plant part is associated with the respective therapeutic use
PlantPart,WI-SO-RO,USED_FOR,TherapeuticUse,D000893,used_for,Plant part is associated with the respective therapeutic use
PlantPart,WI-SO-RO,USED_FOR,TherapeuticUse,D000900,used_for,Plant part is associated with the respective therapeutic use
PlantPart,WI-SO-RO,USED_FOR,TherapeuticUse,D000970,used_for,Plant part is associated with the respective therapeutic use
PlantPart,WI-SO-RO,USED_FOR,TherapeuticUse,D001046,used_for,Plant part is associated with the respective therapeutic use
PlantPart,WI-SO-RO,USED_FOR,TherapeuticUse,D001168,used_for,Plant part is associated with the respective therapeutic use
PlantPart,WI-SO-RO,USED_FOR,TherapeuticUse,D001172,used_for,Plant part is associated with the respective therapeutic use
PlantPart,WI-SO-RO,USED_FOR,TherapeuticUse,D001247,used_for,Plant part is associated with the respective therapeutic use
PlantPart,WI-SO-RO,USED_FOR,TherapeuticUse,D001249,used_for,Plant part is associated with the respective therapeutic use
PlantPart,WI-SO-RO,USED_FOR,TherapeuticUse,D001927,used_for,Plant part is associated with the respective therapeutic use
PlantPart,WI-SO-RO,USED_FOR,TherapeuticUse,D002270,used_for,Plant part is associated with the respective therapeutic use
PlantPart,WI-SO-RO,USED_FOR,TherapeuticUse,D003139,used_for,Plant part is associated with the respective therapeutic use
PlantPart,WI-SO-RO,USED_FOR,TherapeuticUse,D003248,used_for,Plant part is associated with the respective therapeutic use
PlantPart,WI-SO-RO,USED_FOR,TherapeuticUse,D003371,used_for,Plant part is associated with the respective therapeutic use
PlantPart,WI-SO-RO,USED_FOR,TherapeuticUse,D003704,used_for,Plant part is associated with the respective therapeutic use
PlantPart,WI-SO-RO,USED_FOR,TherapeuticUse,D004202,used_for,Plant part is associated with the respective therapeutic use
PlantPart,WI-SO-RO,USED_FOR,TherapeuticUse,D004232,used_for,Plant part is associated with the respective therapeutic use
PlantPart,WI-SO-RO,USED_FOR,TherapeuticUse,D004417,used_for,Plant part is associated with the respective therapeutic use
PlantPart,WI-SO-RO,USED_FOR,TherapeuticUse,D004487,used_for,Plant part is associated with the respective therapeutic use
PlantPart,WI-SO-RO,USED_FOR,TherapeuticUse,D004614,used_for,Plant part is associated with the respective therapeutic use
PlantPart,WI-SO-RO,USED_FOR,TherapeuticUse,D004827,used_for,Plant part is associated with the respective therapeutic use
PlantPart,WI-SO-RO,USED_FOR,TherapeuticUse,D005221,used_for,Plant part is associated with the respective therapeutic use
PlantPart,WI-SO-RO,USED_FOR,TherapeuticUse,D005334,used_for,Plant part is associated with the respective therapeutic use
PlantPart,WI-SO-RO,USED_FOR,TherapeuticUse,D006606,used_for,Plant part is associated with the respective therapeutic use
PlantPart,WI-SO-RO,USED_FOR,TherapeuticUse,D006993,used_for,Plant part is associated with the respective therapeutic use
PlantPart,WI-SO-RO,USED_FOR,TherapeuticUse,D007172,used_for,Plant part is associated with the respective therapeutic use
PlantPart,WI-SO-RO,USED_FOR,TherapeuticUse,D007248,used_for,Plant part is associated with the respective therapeutic use
PlantPart,WI-SO-RO,USED_FOR,TherapeuticUse,D007249,used_for,Plant part is associated with the respective therapeutic use
PlantPart,WI-SO-RO,USED_FOR,TherapeuticUse,D007319,used_for,Plant part is associated with the respective therapeutic use
PlantPart,WI-SO-RO,USED_FOR,TherapeuticUse,D007973,used_for,Plant part is associated with the respective therapeutic use
PlantPart,WI-SO-RO,USED_FOR,TherapeuticUse,D008107,used_for,Plant part is associated with the respective therapeutic use
PlantPart,WI-SO-RO,USED_FOR,TherapeuticUse,D009294,used_for,Plant part is associated with the respective therapeutic use
PlantPart,WI-SO-RO,USED_FOR,TherapeuticUse,D009369,used_for,Plant part is associated with the respective therapeutic use
PlantPart,WI-SO-RO,USED_FOR,TherapeuticUse,D009422,used_for,Plant part is associated with the respective therapeutic use
PlantPart,WI-SO-RO,USED_FOR,TherapeuticUse,D010146,used_for,Plant part is associated with the respective therapeutic use
PlantPart,WI-SO-RO,USED_FOR,TherapeuticUse,D011041,used_for,Plant part is associated with the respective therapeutic use
PlantPart,WI-SO-RO,USED_FOR,TherapeuticUse,D011565,used_for,Plant part is associated with the respective therapeutic use
PlantPart,WI-SO-RO,USED_FOR,TherapeuticUse,D012060,used_for,Plant part is associated with the respective therapeutic use
PlantPart,WI-SO-RO,USED_FOR,TherapeuticUse,D012532,used_for,Plant part is associated with the respective therapeutic use
PlantPart,WI-SO-RO,USED_FOR,TherapeuticUse,D012735,used_for,Plant part is associated with the respective therapeutic use
PlantPart,WI-SO-RO,USED_FOR,TherapeuticUse,D012871,used_for,Plant part is associated with the respective therapeutic use
PlantPart,WI-SO-RO,USED_FOR,TherapeuticUse,D013312,used_for,Plant part is associated with the respective therapeutic use
PlantPart,WI-SO-RO,USED_FOR,TherapeuticUse,D014376,used_for,Plant part is associated with the respective therapeutic use
PlantPart,WI-SO-RO,USED_FOR,TherapeuticUse,D014388,used_for,Plant part is associated with the respective therapeutic use
PlantPart,WI-SO-RO,USED_FOR,TherapeuticUse,D014456,used_for,Plant part is associated with the respective therapeutic use
PlantPart,WI-SO-RO,USED_FOR,TherapeuticUse,D014820,used_for,Plant part is associated with the respective therapeutic use
PlantPart,WI-SO-RO,USED_FOR,TherapeuticUse,D017116,used_for,Plant part is associated with the respective therapeutic use
PlantPart,WI-SO-RO,USED_FOR,TherapeuticUse,D018501,used_for,Plant part is associated with the respective therapeutic use
PlantPart,WI-SO-RO,USED_FOR,TherapeuticUse,D018908,used_for,Plant part is associated with the respective therapeutic use
PlantPart,WI-SO-RO,USED_FOR,TherapeuticUse,D052776,used_for,Plant part is associated with the respective therapeutic use
PlantPart,WI-SO-SE,USED_FOR,TherapeuticUse,D000893,used_for,Plant part is associated with the respective therapeutic use
PlantPart,WI-SO-SE,USED_FOR,TherapeuticUse,D000900,used_for,Plant part is associated with the respective therapeutic use
PlantPart,WI-SO-SE,USED_FOR,TherapeuticUse,D004232,used_for,Plant part is associated with the respective therapeutic use
PlantPart,WI-SO-SE,USED_FOR,TherapeuticUse,D004487,used_for,Plant part is associated with the respective therapeutic use
PlantPart,WI-SO-SE,USED_FOR,TherapeuticUse,D006993,used_for,Plant part is associated with the respective therapeutic use
PlantPart,WI-SO-SE,USED_FOR,TherapeuticUse,D008107,used_for,Plant part is associated with the respective therapeutic use
PlantPart,WI-SO-SE,USED_FOR,TherapeuticUse,D009369,used_for,Plant part is associated with the respective therapeutic use
PlantPart,WI-SO-SE,USED_FOR,TherapeuticUse,D014388,used_for,Plant part is associated with the respective therapeutic use
PlantPart,WI-SO-SE,USED_FOR,TherapeuticUse,D018501,used_for,Plant part is associated with the respective therapeutic use
PlantPart,WI-SO-SE,USED_FOR,TherapeuticUse,D020920,used_for,Plant part is associated with the respective therapeutic use
PlantPart,WI-SO-SE,USED_FOR,TherapeuticUse,D047508,used_for,Plant part is associated with the respective therapeutic use
PlantPart,WI-SO-WH,USED_FOR,TherapeuticUse,D000927,used_for,Plant part is associated with the respective therapeutic use
PlantPart,WI-SO-WH,USED_FOR,TherapeuticUse,D000928,used_for,Plant part is associated with the respective therapeutic use
PlantPart,WI-SO-WH,USED_FOR,TherapeuticUse,D001046,used_for,Plant part is associated with the respective therapeutic use
PlantPart,WI-SO-WH,USED_FOR,TherapeuticUse,D001523,used_for,Plant part is associated with the respective therapeutic use
PlantPart,WI-SO-WH,USED_FOR,TherapeuticUse,D006937,used_for,Plant part is associated with the respective therapeutic use
PlantPart,WI-SO-WH,USED_FOR,TherapeuticUse,D013312,used_for,Plant part is associated with the respective therapeutic use
