inchi_key,phytochemical_name,smiles,imppat_id,chembl_id,source_url,classyfire_kingdom,classyfire_superclass,classyfire_class,classyfire_subclass
IRHTZOCLLONTOC-UHFFFAOYSA-N,1-Hexacosanol,CCCCCCCCCCCCCCCCCCCCCCCCCCO,IMPHY007273,,https://cb.imsc.res.in/imppat/phytochemical-detailedpage/IMPHY007273,Organic compounds,Lipids and lipid-like molecules,Fatty acyls,Fatty alcohols
CNNRPFQICPFDPO-UHFFFAOYSA-N,1-Octacosanol,CCCCCCCCCCCCCCCCCCCCCCCCCCCCO,IMPHY006972,CHEMBL1951714,https://cb.imsc.res.in/imppat/phytochemical-detailedpage/IMPHY006972,Organic compounds,Lipids and lipid-like molecules,Fatty acyls,Fatty alcohols
RDFLLVCQYHQOBU-ZOTFFYTFSA-O,Cyanin,OC[C@H]1O[C@@H](Oc2cc(O)cc3c2cc(O[C@@H]2O[C@H](CO)[C@H]([C@@H]([C@H]2O)O)O)c([o+]3)c2ccc(c(c2)O)O)[C@@H]([C@H]([C@@H]1O)O)O,IMPHY012524,CHEMBL2425137,https://cb.imsc.res.in/imppat/phytochemical-detailedpage/IMPHY012524,Organic compounds,Phenylpropanoids and polyketides,Flavonoids,Flavonoid glycosides
QMPZNDBIBKPBLS-QTGPRJIVSA-N,Leucophleol,OC[C@@H]([C@]1(C)CC[C@H]2C(=C1)CC[C@@H]1[C@]2(C)[C@H](O)CCC1(C)C)O,IMPHY001566,,https://cb.imsc.res.in/imppat/phytochemical-detailedpage/IMPHY001566,Organic compounds,Lipids and lipid-like molecules,Prenol lipids,Diterpenoids
PIJPBDSFAHXVGP-NGMKBNETSA-N,Leucophleoxol,O[C@@H]1C[C@](C)(C=C2[C@H]1[C@@]1(C)[C@H](O)CCC([C@@H]1CC2)(C)C)[C@@H]1CO1,IMPHY000203,,https://cb.imsc.res.in/imppat/phytochemical-detailedpage/IMPHY000203,Organic compounds,Lipids and lipid-like molecules,Prenol lipids,Diterpenoids
FSLPMRQHCOLESF-SFMCKYFRSA-N,alpha-Amyrin,C[C@@H]1CC[C@]2([C@@H]([C@H]1C)C1=CC[C@H]3[C@@]([C@@]1(CC2)C)(C)CC[C@@H]1[C@]3(C)CC[C@@H](C1(C)C)O)C,IMPHY011619,CHEMBL455357,https://cb.imsc.res.in/imppat/phytochemical-detailedpage/IMPHY011619,Organic compounds,Lipids and lipid-like molecules,Prenol lipids,Triterpenoids
LTQCWUJVAPKOBF-UHFFFAOYSA-N,"alpha-L-Mannopyranoside, 3,4-dihydro-4,5,7-trihydroxy-2-(3,4,5-trihydroxyphenyl)-2H-1-benzopyran-3-yl 6-deoxy-4-O-beta-D-glucopyranosyl-",OCC1OC(OC2C(C)OC(C(C2O)O)OC2C(Oc3c(C2O)c(O)cc(c3)O)c2cc(O)c(c(c2)O)O)C(C(C1O)O)O,IMPHY011466,,https://cb.imsc.res.in/imppat/phytochemical-detailedpage/IMPHY011466,Organic compounds,Phenylpropanoids and polyketides,Flavonoids,Flavonoid glycosides
LPZCCMIISIBREI-JXMPMKKESA-N,alpha1-Sitosterol,C/C=C(C(C)C)/CC[C@H]([C@H]1CC[C@@H]2[C@]1(C)CC[C@H]1C2=CC[C@@H]2[C@]1(C)CC[C@@H]([C@H]2C)O)C,IMPHY011654,CHEMBL3184315,https://cb.imsc.res.in/imppat/phytochemical-detailedpage/IMPHY011654,Organic compounds,Lipids and lipid-like molecules,Steroids and steroid derivatives,Stigmastanes and derivatives
JFSHUTJDVKUMTJ-QHPUVITPSA-N,beta-Amyrin,O[C@H]1CC[C@]2([C@H](C1(C)C)CC[C@@]1([C@@H]2CC=C2[C@@]1(C)CC[C@@]1([C@H]2CC(C)(C)CC1)C)C)C,IMPHY012223,CHEMBL455098,https://cb.imsc.res.in/imppat/phytochemical-detailedpage/IMPHY012223,Organic compounds,Lipids and lipid-like molecules,Prenol lipids,Triterpenoids
KZJWDPNRJALLNS-VJSFXXLFSA-N,beta-Sitosterol,CC[C@@H](C(C)C)CC[C@H]([C@H]1CC[C@@H]2[C@]1(C)CC[C@H]1[C@H]2CC=C2[C@]1(C)CC[C@@H](C2)O)C,IMPHY014836,CHEMBL221542,https://cb.imsc.res.in/imppat/phytochemical-detailedpage/IMPHY014836,Organic compounds,Lipids and lipid-like molecules,Steroids and steroid derivatives,Stigmastanes and derivatives
REZQBEBOWJAQKS-UHFFFAOYSA-N,1-Triacontanol,CCCCCCCCCCCCCCCCCCCCCCCCCCCCCCO,IMPHY006558,CHEMBL1079147,https://cb.imsc.res.in/imppat/phytochemical-detailedpage/IMPHY006558,Organic compounds,Lipids and lipid-like molecules,Fatty acyls,Fatty alcohols
FJKROLUGYXJWQN-UHFFFAOYSA-N,4-Hydroxybenzoic acid,Oc1ccc(cc1)C(=O)O,IMPHY010083,CHEMBL441343,https://cb.imsc.res.in/imppat/phytochemical-detailedpage/IMPHY010083,Organic compounds,Benzenoids,Benzene and substituted derivatives,Benzoic acids and derivatives
KZNIFHPLKGYRTM-UHFFFAOYSA-N,Apigenin,Oc1ccc(cc1)c1cc(=O)c2c(o1)cc(cc2O)O,IMPHY004661,CHEMBL28,https://cb.imsc.res.in/imppat/phytochemical-detailedpage/IMPHY004661,Organic compounds,Phenylpropanoids and polyketides,Flavonoids,Flavones
DSCFFEYYQKSRSV-FEPQRWDDSA-N,D-Pinitol,COC1[C@H](O)[C@@H](O)C([C@@H]([C@@H]1O)O)O,IMPHY015039,CHEMBL4303180,https://cb.imsc.res.in/imppat/phytochemical-detailedpage/IMPHY015039,Organic compounds,Organic oxygen compounds,Organooxygen compounds,Alcohols and polyols
LNTHITQWFMADLM-UHFFFAOYSA-N,Gallic acid,OC(=O)c1cc(O)c(c(c1)O)O,IMPHY012021,CHEMBL288114,https://cb.imsc.res.in/imppat/phytochemical-detailedpage/IMPHY012021,Organic compounds,Benzenoids,Benzene and substituted derivatives,Benzoic acids and derivatives
IYRMWMYZSQPJKC-UHFFFAOYSA-N,Kaempferol,Oc1ccc(cc1)c1oc2cc(O)cc(c2c(=O)c1O)O,IMPHY004388,CHEMBL150,https://cb.imsc.res.in/imppat/phytochemical-detailedpage/IMPHY004388,Organic compounds,Phenylpropanoids and polyketides,Flavonoids,Flavones
FBPFZTCFMRRESA-KVTDHHQDSA-N,Mannitol,OC[C@H]([C@H]([C@@H]([C@@H](CO)O)O)O)O,IMPHY011729,CHEMBL689,https://cb.imsc.res.in/imppat/phytochemical-detailedpage/IMPHY011729,Organic compounds,Organic oxygen compounds,Organooxygen compounds,Carbohydrates and carbohydrate conjugates
FBSFWRHWHYMIOG-UHFFFAOYSA-N,Methyl gallate,COC(=O)c1cc(O)c(c(c1)O)O,IMPHY006139,CHEMBL65675,https://cb.imsc.res.in/imppat/phytochemical-detailedpage/IMPHY006139,Organic compounds,Benzenoids,Benzene and substituted derivatives,Benzoic acids and derivatives
IKMDFBPHZNJCSN-UHFFFAOYSA-N,Myricetin,Oc1cc(O)c2c(c1)oc(c(c2=O)O)c1cc(O)c(c(c1)O)O,IMPHY005471,CHEMBL164,https://cb.imsc.res.in/imppat/phytochemical-detailedpage/IMPHY005471,Organic compounds,Phenylpropanoids and polyketides,Flavonoids,Flavones
ZYURHZPYMFLWSH-UHFFFAOYSA-N,Octacosane,CCCCCCCCCCCCCCCCCCCCCCCCCCCC,IMPHY009481,,https://cb.imsc.res.in/imppat/phytochemical-detailedpage/IMPHY009481,Organic compounds,Hydrocarbons,Saturated hydrocarbons,Alkanes
REFJWTPEDVJJIY-UHFFFAOYSA-N,Quercetin,Oc1cc(O)c2c(c1)oc(c(c2=O)O)c1ccc(c(c1)O)O,IMPHY004619,CHEMBL50,https://cb.imsc.res.in/imppat/phytochemical-detailedpage/IMPHY004619,Organic compounds,Phenylpropanoids and polyketides,Flavonoids,Flavones
OVSQVDMCBVZWGM-QSOFNFLRSA-M,Quercetin-3-glucoside,OC[C@H]1O[C@@H](Oc2c(oc3c(c2=O)c(O)cc(c3)O)c2ccc(c(c2)O)[O-])[C@@H]([C@H]([C@@H]1O)O)O,IMPHY014396,,https://cb.imsc.res.in/imppat/phytochemical-detailedpage/IMPHY014396,Organic compounds,Phenylpropanoids and polyketides,Flavonoids,Flavonoid glycosides
OXGUCUVFOIWWQJ-HQBVPOQASA-N,Quercitrin,Oc1cc(O)c2c(c1)oc(c(c2=O)O[C@@H]1O[C@@H](C)[C@@H]([C@H]([C@H]1O)O)O)c1ccc(c(c1)O)O,IMPHY015054,CHEMBL82242,https://cb.imsc.res.in/imppat/phytochemical-detailedpage/IMPHY015054,Organic compounds,Phenylpropanoids and polyketides,Flavonoids,Flavonoid glycosides
IKGXIBQEEMLURG-NVPNHPEKSA-N,Rutin,Oc1cc(O)c2c(c1)oc(c(c2=O)O[C@@H]1O[C@H](CO[C@@H]2O[C@@H](C)[C@@H]([C@H]([C@H]2O)O)O)[C@H]([C@@H]([C@H]1O)O)O)c1ccc(c(c1)O)O,IMPHY015047,CHEMBL226335,https://cb.imsc.res.in/imppat/phytochemical-detailedpage/IMPHY015047,Organic compounds,Phenylpropanoids and polyketides,Flavonoids,Flavonoid glycosides
JXTPJDDICSTXJX-UHFFFAOYSA-N,Triacontane,CCCCCCCCCCCCCCCCCCCCCCCCCCCCCC,IMPHY009413,CHEMBL1482375,https://cb.imsc.res.in/imppat/phytochemical-detailedpage/IMPHY009413,Organic compounds,Hydrocarbons,Saturated hydrocarbons,Alkanes
SGEWCQFRYRRZDC-VPRICQMDSA-N,Vitexin,OC[C@H]1O[C@H]([C@@H]([C@H]([C@@H]1O)O)O)c1c(O)cc(c2c1oc(cc2=O)c1ccc(cc1)O)O,IMPHY012713,CHEMBL487417,https://cb.imsc.res.in/imppat/phytochemical-detailedpage/IMPHY012713,Organic compounds,Phenylpropanoids and polyketides,Flavonoids,Flavonoid glycosides
IQPNAANSBPBGFQ-UHFFFAOYSA-N,Luteolin,Oc1cc(O)c2c(c1)oc(cc2=O)c1ccc(c(c1)O)O,IMPHY004660,CHEMBL151,https://cb.imsc.res.in/imppat/phytochemical-detailedpage/IMPHY004660,Organic compounds,Phenylpropanoids and polyketides,Flavonoids,Flavones
PBWOIPCULUXTNY-UHFFFAOYSA-N,Stigmast-5-en-3-yl acetate,CCC(C(C)C)CCC(C1CCC2C1(C)CCC1C2CC=C2C1(C)CCC(C2)OC(=O)C)C,IMPHY004705,CHEMBL4752800,https://cb.imsc.res.in/imppat/phytochemical-detailedpage/IMPHY004705,Organic compounds,Lipids and lipid-like molecules,Prenol lipids,Triterpenoids
FVSKHJYYVSJPBD-SKSNXLECSA-N,Leucoxol,O[C@@H]1CCC([C@H]2[C@@]1(C)[C@H]1[C@@H]3OC[C@@H]([C@@](C3)(C=C1CC2)C)O)(C)C,IMPHY005648,,https://cb.imsc.res.in/imppat/phytochemical-detailedpage/IMPHY005648,Organic compounds,Organoheterocyclic compounds,Oxanes,
VKOBVWXKNCXXDE-UHFFFAOYSA-N,Arachidic acid,CCCCCCCCCCCCCCCCCCCC(=O)O,IMPHY011394,CHEMBL1173381,https://cb.imsc.res.in/imppat/phytochemical-detailedpage/IMPHY011394,Organic compounds,Lipids and lipid-like molecules,Fatty acyls,Fatty acids and conjugates
OYHQOLUKZRVURQ-HZJYTTRNSA-N,Linoleic acid,CCCCC/C=CC/C=CCCCCCCCC(=O)O,IMPHY014990,CHEMBL267476,https://cb.imsc.res.in/imppat/phytochemical-detailedpage/IMPHY014990,Organic compounds,Lipids and lipid-like molecules,Fatty acyls,Lineolic acids and derivatives
TUNFSRHWOTWDNC-UHFFFAOYSA-N,Myristic acid,CCCCCCCCCCCCCC(=O)O,IMPHY000060,CHEMBL111077,https://cb.imsc.res.in/imppat/phytochemical-detailedpage/IMPHY000060,Organic compounds,Lipids and lipid-like molecules,Fatty acyls,Fatty acids and conjugates
ZQPPMHVWECSIRJ-KTKRTIGZSA-N,Oleic acid,CCCCCCCC/C=CCCCCCCCC(=O)O,IMPHY011797,CHEMBL8659,https://cb.imsc.res.in/imppat/phytochemical-detailedpage/IMPHY011797,Organic compounds,Lipids and lipid-like molecules,Fatty acyls,Fatty acids and conjugates
IPCSVZSSVZVIGE-UHFFFAOYSA-N,Palmitic acid,CCCCCCCCCCCCCCCC(=O)O,IMPHY007327,CHEMBL82293,https://cb.imsc.res.in/imppat/phytochemical-detailedpage/IMPHY007327,Organic compounds,Lipids and lipid-like molecules,Fatty acyls,Fatty acids and conjugates
WQEPLUUGTLDZJY-UHFFFAOYSA-N,Pentadecanoic acid,CCCCCCCCCCCCCCC(=O)O,IMPHY002667,CHEMBL460025,https://cb.imsc.res.in/imppat/phytochemical-detailedpage/IMPHY002667,Organic compounds,Lipids and lipid-like molecules,Fatty acyls,Fatty acids and conjugates
QIQXTHQIDYTFRH-UHFFFAOYSA-N,Stearic acid,CCCCCCCCCCCCCCCCCC(=O)O,IMPHY004631,CHEMBL46403,https://cb.imsc.res.in/imppat/phytochemical-detailedpage/IMPHY004631,Organic compounds,Lipids and lipid-like molecules,Fatty acyls,Fatty acids and conjugates
LRBQNJMCXXYXIU-PPKXGCFTSA-N,Tannic acid,O=C(c1cc(O)c(c(c1)OC(=O)c1cc(O)c(c(c1)O)O)O)O[C@@H]1[C@@H](COC(=O)c2cc(O)c(c(c2)OC(=O)c2cc(O)c(c(c2)O)O)O)O[C@H]([C@@H]([C@H]1OC(=O)c1cc(O)c(c(c1)OC(=O)c1cc(O)c(c(c1)O)O)O)OC(=O)c1cc(O)c(c(c1)OC(=O)c1cc(O)c(c(c1)O)O)O)OC(=O)c1cc(O)c(c(c1)OC(=O)c1cc(O)c(c(c1)O)O)O,IMPHY011741,CHEMBL506247,https://cb.imsc.res.in/imppat/phytochemical-detailedpage/IMPHY011741,Organic compounds,Phenylpropanoids and polyketides,Tannins,Hydrolyzable tannins
RCIKCFFWTUXAHW-ZGWNUYKPSA-N,Betulinic acid-3-O-beta-D-maltoside,OC[C@H]1O[C@@H](O[C@H]2CC[C@]3([C@H](C2(C)C)CC[C@@]2([C@@H]3CC[C@H]3[C@@]2(C)CC[C@@]2([C@@H]3[C@@H](CC2)C(=C)C)C(=O)O)C)C)[C@@H]([C@H]([C@@H]1O[C@H]1O[C@H](CO)[C@H]([C@@H]([C@H]1O)O)O)O)O,IMPHY014844,,https://cb.imsc.res.in/imppat/phytochemical-detailedpage/IMPHY014844,Organic compounds,Lipids and lipid-like molecules,Prenol lipids,Terpene glycosides
ZPVNWCMRCGXRJD-UHFFFAOYSA-N,Isookanin,O=C1CC(Oc2c1ccc(c2O)O)c1ccc(c(c1)O)O,IMPHY009403,CHEMBL1505816,https://cb.imsc.res.in/imppat/phytochemical-detailedpage/IMPHY009403,Organic compounds,Phenylpropanoids and polyketides,Flavonoids,Flavans
XLPDVYGDNRIQFV-UHFFFAOYSA-N,2-(4-Methylphenyl)propan-2-ol,Cc1ccc(cc1)C(O)(C)C,IMPHY002825,CHEMBL3186822,https://cb.imsc.res.in/imppat/phytochemical-detailedpage/IMPHY002825,Organic compounds,Benzenoids,Benzene and substituted derivatives,Phenylpropanes
WEEGYLXZBRQIMU-UHFFFAOYSA-N,Eucalyptol,CC12CCC(CC1)C(O2)(C)C,IMPHY010072,CHEMBL485259,https://cb.imsc.res.in/imppat/phytochemical-detailedpage/IMPHY010072,Organic compounds,Organoheterocyclic compounds,Oxanes,
XMGQYMWWDOXHJM-UHFFFAOYSA-N,Limonene,CC1=CCC(CC1)C(=C)C,IMPHY014988,CHEMBL15799,https://cb.imsc.res.in/imppat/phytochemical-detailedpage/IMPHY014988,Organic compounds,Lipids and lipid-like molecules,Prenol lipids,Monoterpenoids
CCRCUPLGCSFEDV-BQYQJAHWSA-N,Methyl cinnamate,COC(=O)/C=C/c1ccccc1,IMPHY011714,CHEMBL55060,https://cb.imsc.res.in/imppat/phytochemical-detailedpage/IMPHY011714,Organic compounds,Phenylpropanoids and polyketides,Cinnamic acids and derivatives,Cinnamic acid esters
NDVASEGYNIMXJL-UHFFFAOYSA-N,Sabinene,C=C1CCC2(C1C2)C(C)C,IMPHY012165,CHEMBL452687,https://cb.imsc.res.in/imppat/phytochemical-detailedpage/IMPHY012165,Organic compounds,Lipids and lipid-like molecules,Prenol lipids,Monoterpenoids
SPCXZDDGSGTVAW-XIDUGBJDSA-N,alpha-Gurjunene,C[C@@H]1CC[C@@H]2[C@H](C3=C(CC[C@H]13)C)C2(C)C,IMPHY011667,,https://cb.imsc.res.in/imppat/phytochemical-detailedpage/IMPHY011667,Organic compounds,Lipids and lipid-like molecules,Prenol lipids,Sesquiterpenoids
NPNUFJAVOOONJE-GFUGXAQUSA-N,beta-Caryophyllene,C/C/1=CCCC(=C)[C@@H]2[C@@H](CC1)C(C2)(C)C,IMPHY014831,CHEMBL445740,https://cb.imsc.res.in/imppat/phytochemical-detailedpage/IMPHY014831,Organic compounds,Lipids and lipid-like molecules,Prenol lipids,Sesquiterpenoids
CSKINCSXMLCMAR-UHFFFAOYSA-N,beta-Patchoulene,CC1CCC2=C1CC1CCC2(C1(C)C)C,IMPHY012305,,https://cb.imsc.res.in/imppat/phytochemical-detailedpage/IMPHY012305,Organic compounds,Hydrocarbons,Polycyclic hydrocarbons,
LHXDLQBQYFFVNW-XCBNKYQSSA-N,(+)-Fenchone,O=C1[C@@]2(C)CC[C@@H](C1(C)C)C2,IMPHY013835,,https://cb.imsc.res.in/imppat/phytochemical-detailedpage/IMPHY013835,Organic compounds,Lipids and lipid-like molecules,Prenol lipids,Monoterpenoids
SPCXZDDGSGTVAW-HVTMNAMFSA-N,(+)-alpha-Gurjunene,C[C@H]1CC[C@H]2[C@@H](C3=C(CC[C@@H]13)C)C2(C)C,IMPHY011641,,https://cb.imsc.res.in/imppat/phytochemical-detailedpage/IMPHY011641,Organic compounds,Lipids and lipid-like molecules,Prenol lipids,Sesquiterpenoids
FUCYIEXQVQJBKY-ZFWWWQNUSA-N,(+)-delta-Cadinene,CC1=C[C@@H]2C(=C(C)CC[C@H]2C(C)C)CC1,IMPHY011957,CHEMBL445759,https://cb.imsc.res.in/imppat/phytochemical-detailedpage/IMPHY011957,Organic compounds,Lipids and lipid-like molecules,Prenol lipids,Sesquiterpenoids
WRHGORWNJGOVQY-KKUMJFAQSA-N,(+)-gamma-Cadinene,CC1=C[C@@H]2[C@@H](CC1)C(=C)CC[C@H]2C(C)C,IMPHY011793,,https://cb.imsc.res.in/imppat/phytochemical-detailedpage/IMPHY011793,Organic compounds,Lipids and lipid-like molecules,Prenol lipids,Sesquiterpenoids
LHYHMMRYTDARSZ-URGYJCLVSA-N,(-)-alpha-Cadinol,CC1=CC2C(CC1)[C@@](C)(O)CC[C@@H]2C(C)C,IMPHY012586,,https://cb.imsc.res.in/imppat/phytochemical-detailedpage/IMPHY012586,Organic compounds,Lipids and lipid-like molecules,Prenol lipids,Sesquiterpenoids
BAVONGHXFVOKBV-NXEZZACHSA-N,(-)-cis-Carveol,CC(=C)[C@@H]1CC=C([C@@H](C1)O)C,IMPHY011973,,https://cb.imsc.res.in/imppat/phytochemical-detailedpage/IMPHY011973,Organic compounds,Lipids and lipid-like molecules,Prenol lipids,Monoterpenoids
KQAZVFVOEIRWHN-YHMJZVADSA-N,(1R)-2-methyl-5-propan-2-ylbicyclo[3.1.0]hex-2-ene,CC1=CCC2([C@@H]1C2)C(C)C,IMPHY011552,,https://cb.imsc.res.in/imppat/phytochemical-detailedpage/IMPHY011552,Organic compounds,Lipids and lipid-like molecules,Prenol lipids,Monoterpenoids
CRDAMVZIKSXKFV-PVMFERMNSA-N,"(2Z,6E)-Farnesol",OC/C=C(CC/C=C(/CCC=C(C)C)C)/C,IMPHY011633,CHEMBL5185759,https://cb.imsc.res.in/imppat/phytochemical-detailedpage/IMPHY011633,Organic compounds,Lipids and lipid-like molecules,Prenol lipids,Sesquiterpenoids
IHPKGUQCSIINRJ-CSKARUKUSA-N,(E)-beta-ocimene,C=C/C(=C/CC=C(C)C)/C,IMPHY014835,CHEMBL2228374,https://cb.imsc.res.in/imppat/phytochemical-detailedpage/IMPHY014835,Organic compounds,Lipids and lipid-like molecules,Prenol lipids,Monoterpenoids
GAIBLDCXCZKKJE-ACWLMNNXSA-N,"(S,1Z,6Z)-8-Isopropyl-1-methyl-5-methylenecyclodeca-1,6-diene",C/C/1=C/CCC(=C)/C=C[C@@H](CC1)C(C)C,IMPHY011586,,https://cb.imsc.res.in/imppat/phytochemical-detailedpage/IMPHY011586,Organic compounds,Lipids and lipid-like molecules,Prenol lipids,Sesquiterpenoids
CCRCUPLGCSFEDV-FPLPWBNLSA-N,(Z)-Methyl cinnamate,COC(=O)/C=Cc1ccccc1,IMPHY011811,,https://cb.imsc.res.in/imppat/phytochemical-detailedpage/IMPHY011811,Organic compounds,Phenylpropanoids and polyketides,Cinnamic acids and derivatives,Cinnamic acid esters
IHPKGUQCSIINRJ-NTMALXAHSA-N,(Z)-beta-Ocimene,C=C/C(=CCC=C(C)C)/C,IMPHY012739,,https://cb.imsc.res.in/imppat/phytochemical-detailedpage/IMPHY012739,Organic compounds,Lipids and lipid-like molecules,Prenol lipids,Monoterpenoids
BVOSSZSHBZQJOI-UHFFFAOYSA-N,1-Hexen-3-OL,CCCC(C=C)O,IMPHY005521,CHEMBL2270634,https://cb.imsc.res.in/imppat/phytochemical-detailedpage/IMPHY005521,Organic compounds,Organic oxygen compounds,Organooxygen compounds,Alcohols and polyols
COGPRPSWSKLKTF-UHFFFAOYSA-N,"1-Isopropyl-4,7-dimethyl-1,3,4,5,6,8a-hexahydro-4a(2H)-naphthalenol",CC1=CC2C(CC1)(O)C(C)CCC2C(C)C,IMPHY014885,,https://cb.imsc.res.in/imppat/phytochemical-detailedpage/IMPHY014885,Organic compounds,Lipids and lipid-like molecules,Prenol lipids,Sesquiterpenoids
WRYLYDPHFGVWKC-UHFFFAOYSA-N,4-Carvomenthenol,CC1=CCC(CC1)(O)C(C)C,IMPHY011396,CHEMBL507795,https://cb.imsc.res.in/imppat/phytochemical-detailedpage/IMPHY011396,Organic compounds,Lipids and lipid-like molecules,Prenol lipids,Monoterpenoids
WTVHAMTYZJGJLJ-GJZGRUSLSA-N,6-Epi-beta-bisabolol,CC(=CCC[C@@H]([C@@]1(O)CCC(=CC1)C)C)C,IMPHY014907,,https://cb.imsc.res.in/imppat/phytochemical-detailedpage/IMPHY014907,Organic compounds,Lipids and lipid-like molecules,Prenol lipids,Sesquiterpenoids
ITYNGVSTWVVPIC-LRUBOHGLSA-N,Allo-Aromadendrene,C[C@@H]1CC[C@H]2[C@@H]1C1C(C1(C)C)CCC2=C,IMPHY016012,,https://cb.imsc.res.in/imppat/phytochemical-detailedpage/IMPHY016012,Organic compounds,Lipids and lipid-like molecules,Prenol lipids,Sesquiterpenoids
UGUYQBMBIJFNRM-YCRREMRBSA-N,"Benzene, (1-methyl-1-propenyl)-, (E)-",C/C=C(/c1ccccc1)C,IMPHY017368,CHEMBL40948,https://cb.imsc.res.in/imppat/phytochemical-detailedpage/IMPHY017368,Organic compounds,Benzenoids,Benzene and substituted derivatives,Phenylpropenes
KGEKLUUHTZCSIP-UHFFFAOYSA-N,Bornyl acetate,CC(=O)OC1CC2C(C1(C)CC2)(C)C,IMPHY014847,CHEMBL1439452,https://cb.imsc.res.in/imppat/phytochemical-detailedpage/IMPHY014847,Organic compounds,Lipids and lipid-like molecules,Prenol lipids,Monoterpenoids
CRPUJAZIXJMDBK-UHFFFAOYSA-N,Camphene,C=C1C2CCC(C1(C)C)C2,IMPHY014852,CHEMBL2268550,https://cb.imsc.res.in/imppat/phytochemical-detailedpage/IMPHY014852,Organic compounds,Lipids and lipid-like molecules,Prenol lipids,Monoterpenoids
DSSYKIVIOFKYAU-UHFFFAOYSA-N,Camphor,O=C1CC2C(C1(C)CC2)(C)C,IMPHY012036,CHEMBL15768,https://cb.imsc.res.in/imppat/phytochemical-detailedpage/IMPHY012036,Organic compounds,Lipids and lipid-like molecules,Prenol lipids,Monoterpenoids
XZYQCFABZDVOPN-ILXRZTDVSA-N,Carotol,CC1=CC[C@@]2([C@@](CC1)(O)[C@H](CC2)C(C)C)C,IMPHY001050,,https://cb.imsc.res.in/imppat/phytochemical-detailedpage/IMPHY001050,Organic compounds,Lipids and lipid-like molecules,Prenol lipids,Sesquiterpenoids
ULDHMXUKGWMISQ-UHFFFAOYSA-N,Carvone,CC(=C)C1CC=C(C(=O)C1)C,IMPHY012075,CHEMBL15676,https://cb.imsc.res.in/imppat/phytochemical-detailedpage/IMPHY012075,Organic compounds,Lipids and lipid-like molecules,Prenol lipids,Monoterpenoids
NVEQFIOZRFFVFW-RGCMKSIDSA-N,Caryophyllene oxide,C=C1CC[C@H]2O[C@@]2(CC[C@@H]2[C@@H]1CC2(C)C)C,IMPHY012667,CHEMBL508894,https://cb.imsc.res.in/imppat/phytochemical-detailedpage/IMPHY012667,Organic compounds,Lipids and lipid-like molecules,Prenol lipids,Sesquiterpenoids
XUEHVOLRMXNRKQ-KHMAMNHCSA-N,Caswell No. 264AB,CC([C@@H]1CC[C@H]([C@]23[C@H]1[C@H]2C(=CC3)C)C)C,IMPHY014806,,https://cb.imsc.res.in/imppat/phytochemical-detailedpage/IMPHY014806,Organic compounds,Lipids and lipid-like molecules,Prenol lipids,Sesquiterpenoids
IRAQOCYXUMOFCW-OSFYFWSMSA-N,Cedr-8-ene,CC1=CC[C@@]23C[C@@H]1C(C)(C)[C@@H]2CC[C@H]3C,IMPHY014805,,https://cb.imsc.res.in/imppat/phytochemical-detailedpage/IMPHY014805,Organic compounds,Lipids and lipid-like molecules,Prenol lipids,Sesquiterpenoids
LHYHMMRYTDARSZ-XQLPTFJDSA-N,Cedrelanol,CC1=C[C@@H]2[C@@H](CC1)[C@@](C)(O)CC[C@H]2C(C)C,IMPHY014906,CHEMBL2228955,https://cb.imsc.res.in/imppat/phytochemical-detailedpage/IMPHY014906,Organic compounds,Lipids and lipid-like molecules,Prenol lipids,Sesquiterpenoids
WTEVQBCEXWBHNA-JXMROGBWSA-N,Citral,O=C/C=C(/CCC=C(C)C)C,IMPHY011789,CHEMBL1080997,https://cb.imsc.res.in/imppat/phytochemical-detailedpage/IMPHY011789,Organic compounds,Lipids and lipid-like molecules,Prenol lipids,Monoterpenoids
GFJIQNADMLPFOW-VNHYZAJKSA-N,Elemol,C=C[C@]1(C)CC[C@H](C[C@H]1C(=C)C)C(O)(C)C,IMPHY011890,CHEMBL2287241,https://cb.imsc.res.in/imppat/phytochemical-detailedpage/IMPHY011890,Organic compounds,Lipids and lipid-like molecules,Prenol lipids,Sesquiterpenoids
RRAFCDWBNXTKKO-UHFFFAOYSA-N,Eugenol,C=CCc1ccc(c(c1)OC)O,IMPHY003536,CHEMBL42710,https://cb.imsc.res.in/imppat/phytochemical-detailedpage/IMPHY003536,Organic compounds,Benzenoids,Phenols,Methoxyphenols
CRDAMVZIKSXKFV-YFVJMOTDSA-N,Farnesol,OC/C=C(/CC/C=C(/CCC=C(C)C)C)C,IMPHY011632,CHEMBL25308,https://cb.imsc.res.in/imppat/phytochemical-detailedpage/IMPHY011632,Organic compounds,Lipids and lipid-like molecules,Prenol lipids,Sesquiterpenoids
IAIHUHQCLTYTSF-UHFFFAOYSA-N,Fenchol,OC1C2(C)CCC(C1(C)C)C2,IMPHY014914,CHEMBL1907996,https://cb.imsc.res.in/imppat/phytochemical-detailedpage/IMPHY014914,Organic compounds,Lipids and lipid-like molecules,Prenol lipids,Monoterpenoids
LHXDLQBQYFFVNW-UHFFFAOYSA-N,Fenchone,O=C1C2(C)CCC(C1(C)C)C2,IMPHY013836,CHEMBL2268554,https://cb.imsc.res.in/imppat/phytochemical-detailedpage/IMPHY013836,Organic compounds,Lipids and lipid-like molecules,Prenol lipids,Monoterpenoids
GLZPCOQZEFWAFX-JXMROGBWSA-N,Geraniol,OC/C=C(/CCC=C(C)C)C,IMPHY014923,CHEMBL25719,https://cb.imsc.res.in/imppat/phytochemical-detailedpage/IMPHY014923,Organic compounds,Lipids and lipid-like molecules,Prenol lipids,Monoterpenoids
TWVJWDMOZJXUID-SDDRHHMPSA-N,Guaiol,C[C@H]1CC[C@H](CC2=C1CC[C@@H]2C)C(O)(C)C,IMPHY004281,CHEMBL226915,https://cb.imsc.res.in/imppat/phytochemical-detailedpage/IMPHY004281,Organic compounds,Lipids and lipid-like molecules,Prenol lipids,Sesquiterpenoids
FAMPSKZZVDUYOS-HRGUGZIWSA-N,Humulene,C/C/1=CCC(C)(C)/C=C/C/C(=C/CC1)/C,IMPHY011761,CHEMBL251280,https://cb.imsc.res.in/imppat/phytochemical-detailedpage/IMPHY011761,Organic compounds,Lipids and lipid-like molecules,Prenol lipids,Sesquiterpenoids
KGEKLUUHTZCSIP-JFGNBEQYSA-N,Isobornyl acetate,CC(=O)O[C@H]1C[C@@H]2C([C@]1(C)CC2)(C)C,IMPHY016014,,https://cb.imsc.res.in/imppat/phytochemical-detailedpage/IMPHY016014,Organic compounds,Lipids and lipid-like molecules,Prenol lipids,Monoterpenoids
FLOISDYCXINJOB-UHFFFAOYSA-N,Isobornyl benzoate,O=C(c1ccccc1)OC1CC2C(C1(C)CC2)(C)C,IMPHY015517,,https://cb.imsc.res.in/imppat/phytochemical-detailedpage/IMPHY015517,Organic compounds,Lipids and lipid-like molecules,Prenol lipids,Monoterpenoids
RGZSQWQPBWRIAQ-CABCVRRESA-N,Levomenol,CC(=CCC[C@@]([C@H]1CCC(=CC1)C)(O)C)C,IMPHY012665,CHEMBL1096927,https://cb.imsc.res.in/imppat/phytochemical-detailedpage/IMPHY012665,Organic compounds,Lipids and lipid-like molecules,Prenol lipids,Sesquiterpenoids
CDOSHBSSFJOMGT-UHFFFAOYSA-N,Linalool,C=CC(CCC=C(C)C)(O)C,IMPHY012058,CHEMBL25306,https://cb.imsc.res.in/imppat/phytochemical-detailedpage/IMPHY012058,Organic compounds,Lipids and lipid-like molecules,Prenol lipids,Monoterpenoids
NTIZESTWPVYFNL-UHFFFAOYSA-N,Methyl isobutyl ketone,CC(CC(=O)C)C,IMPHY008369,CHEMBL285323,https://cb.imsc.res.in/imppat/phytochemical-detailedpage/IMPHY008369,Organic compounds,Organic oxygen compounds,Organooxygen compounds,Carbonyl compounds
ZYEMGPIYFIJGTP-UHFFFAOYSA-N,Methyleugenol,C=CCc1ccc(c(c1)OC)OC,IMPHY006696,CHEMBL108861,https://cb.imsc.res.in/imppat/phytochemical-detailedpage/IMPHY006696,Organic compounds,Benzenoids,Benzene and substituted derivatives,Methoxybenzenes
UAHWPYUMFXYFJY-UHFFFAOYSA-N,Myrcene,C=CC(=C)CCC=C(C)C,IMPHY003485,CHEMBL455491,https://cb.imsc.res.in/imppat/phytochemical-detailedpage/IMPHY003485,Organic compounds,Lipids and lipid-like molecules,Prenol lipids,Monoterpenoids
KMRMUZKLFIEVAO-UHFFFAOYSA-N,Myrtenal,O=CC1=CCC2CC1C2(C)C,IMPHY006325,,https://cb.imsc.res.in/imppat/phytochemical-detailedpage/IMPHY006325,Organic compounds,Lipids and lipid-like molecules,Prenol lipids,Monoterpenoids
RXBQNMWIQKOSCS-UHFFFAOYSA-N,Myrtenol,OCC1=CCC2CC1C2(C)C,IMPHY000099,CHEMBL443408,https://cb.imsc.res.in/imppat/phytochemical-detailedpage/IMPHY000099,Organic compounds,Lipids and lipid-like molecules,Prenol lipids,Monoterpenoids
FQTLCLSUCSAZDY-SDNWHVSQSA-N,Nerolidol,C=CC(CC/C=C(/CCC=C(C)C)C)(O)C,IMPHY015022,CHEMBL25424,https://cb.imsc.res.in/imppat/phytochemical-detailedpage/IMPHY015022,Organic compounds,Lipids and lipid-like molecules,Prenol lipids,Sesquiterpenoids
HIGQPQRQIQDZMP-FLIBITNWSA-N,Neryl acetate,C/C(=C/COC(=O)C)/CCC=C(C)C,IMPHY011648,CHEMBL2268549,https://cb.imsc.res.in/imppat/phytochemical-detailedpage/IMPHY011648,Organic compounds,Lipids and lipid-like molecules,Fatty acyls,Fatty alcohol esters
GYHFUZHODSMOHU-UHFFFAOYSA-N,Nonanal,CCCCCCCCC=O,IMPHY003525,CHEMBL2228376,https://cb.imsc.res.in/imppat/phytochemical-detailedpage/IMPHY003525,Organic compounds,Organic oxygen compounds,Organooxygen compounds,Carbonyl compounds
RZJRJXONCZWCBN-UHFFFAOYSA-N,Octadecane,CCCCCCCCCCCCCCCCCC,IMPHY001915,,https://cb.imsc.res.in/imppat/phytochemical-detailedpage/IMPHY001915,Organic compounds,Hydrocarbons,Saturated hydrocarbons,Alkanes
YCOZIPAWZNQLMR-UHFFFAOYSA-N,Pentadecane,CCCCCCCCCCCCCCC,IMPHY009389,CHEMBL1234557,https://cb.imsc.res.in/imppat/phytochemical-detailedpage/IMPHY009389,Organic compounds,Hydrocarbons,Saturated hydrocarbons,Alkanes
PGMYKACGEOXYJE-UHFFFAOYSA-N,Pentyl acetate,CCCCCOC(=O)C,IMPHY009596,CHEMBL47769,https://cb.imsc.res.in/imppat/phytochemical-detailedpage/IMPHY009596,Organic compounds,Organic acids and derivatives,Carboxylic acids and derivatives,Carboxylic acid derivatives
FRMCCTDTYSRUBE-BGPZULBFSA-N,Spathulenol,C=C1CC[C@@H]2[C@H]([C@H]3[C@H]1CC[C@]3(C)O)C2(C)C,IMPHY007840,CHEMBL518542,https://cb.imsc.res.in/imppat/phytochemical-detailedpage/IMPHY007840,Organic compounds,Lipids and lipid-like molecules,Prenol lipids,Sesquiterpenoids
LHYHMMRYTDARSZ-AJNGGQMLSA-N,T-Muurolol,CC1=C[C@@H]2[C@H](CC1)[C@@](C)(O)CC[C@H]2C(C)C,IMPHY015128,CHEMBL2228956,https://cb.imsc.res.in/imppat/phytochemical-detailedpage/IMPHY015128,Organic compounds,Lipids and lipid-like molecules,Prenol lipids,Sesquiterpenoids
MOYAFQVGZZPNRA-UHFFFAOYSA-N,Terpinolene,CC1=CCC(=C(C)C)CC1,IMPHY011599,CHEMBL454697,https://cb.imsc.res.in/imppat/phytochemical-detailedpage/IMPHY011599,Organic compounds,Lipids and lipid-like molecules,Prenol lipids,Monoterpenoids
BGHCVCJVXZWKCC-UHFFFAOYSA-N,Tetradecane,CCCCCCCCCCCCCC,IMPHY011215,CHEMBL135488,https://cb.imsc.res.in/imppat/phytochemical-detailedpage/IMPHY011215,Organic compounds,Hydrocarbons,Saturated hydrocarbons,Alkanes
RRBYUSWBLVXTQN-UHFFFAOYSA-N,Tricyclene,CC12C3C1CC(C2(C)C)C3,IMPHY006950,,https://cb.imsc.res.in/imppat/phytochemical-detailedpage/IMPHY006950,Organic compounds,Lipids and lipid-like molecules,Prenol lipids,Monoterpenoids
YMBFCQPIMVLNIU-UHFFFAOYSA-N,alpha-Bergamotene,CC(=CCCC1(C)C2CC=C(C1C2)C)C,IMPHY012261,,https://cb.imsc.res.in/imppat/phytochemical-detailedpage/IMPHY012261,Organic compounds,Lipids and lipid-like molecules,Prenol lipids,Monoterpenoids
VLXDPFLIRFYIME-XIQJJJERSA-N,alpha-Copaene,CC([C@@H]1CC[C@]2([C@@H]3[C@H]1C2C(=CC3)C)C)C,IMPHY015123,,https://cb.imsc.res.in/imppat/phytochemical-detailedpage/IMPHY015123,Organic compounds,Lipids and lipid-like molecules,Prenol lipids,Sesquiterpenoids
VMYXUZSZMNBRCN-UHFFFAOYSA-N,alpha-Curcumene,CC(=CCCC(c1ccc(cc1)C)C)C,IMPHY012279,CHEMBL4210821,https://cb.imsc.res.in/imppat/phytochemical-detailedpage/IMPHY012279,Organic compounds,Lipids and lipid-like molecules,Prenol lipids,Sesquiterpenoids
FCSRUSQUAVXUKK-VNHYZAJKSA-N,alpha-Eudesmol,CC1=CCC[C@]2([C@H]1C[C@@H](CC2)C(O)(C)C)C,IMPHY011709,CHEMBL3120654,https://cb.imsc.res.in/imppat/phytochemical-detailedpage/IMPHY011709,Organic compounds,Lipids and lipid-like molecules,Prenol lipids,Sesquiterpenoids
CXENHBSYCFFKJS-VDQVFBMKSA-N,alpha-Farnesene,C=C/C(=C/C/C=C(/CCC=C(C)C)C)/C,IMPHY011817,CHEMBL3182226,https://cb.imsc.res.in/imppat/phytochemical-detailedpage/IMPHY011817,Organic compounds,Lipids and lipid-like molecules,Prenol lipids,Sesquiterpenoids
IAIHUHQCLTYTSF-MRTMQBJTSA-N,alpha-Fenchol,O[C@H]1[C@@]2(C)CC[C@@H](C1(C)C)C2,IMPHY012152,,https://cb.imsc.res.in/imppat/phytochemical-detailedpage/IMPHY012152,Organic compounds,Lipids and lipid-like molecules,Prenol lipids,Monoterpenoids
JUWUWIGZUVEFQB-JBLDHEPKSA-N,alpha-Fenchyl acetate,CC(=O)O[C@@H]1[C@]2(C)CC[C@H](C1(C)C)C2,IMPHY011568,,https://cb.imsc.res.in/imppat/phytochemical-detailedpage/IMPHY011568,Organic compounds,Lipids and lipid-like molecules,Prenol lipids,Monoterpenoids
IAIHUHQCLTYTSF-ZCUBBSJVSA-N,alpha-Fenchyl alcohol,O[C@@H]1C2(C)CCC(C1(C)C)C2,IMPHY015127,,https://cb.imsc.res.in/imppat/phytochemical-detailedpage/IMPHY015127,Organic compounds,Lipids and lipid-like molecules,Prenol lipids,Monoterpenoids
QMAYBMKBYCGXDH-ZNMIVQPWSA-N,alpha-Muurolene,CC1=C[C@@H]2[C@H](CC1)C(=CC[C@H]2C(C)C)C,IMPHY011659,,https://cb.imsc.res.in/imppat/phytochemical-detailedpage/IMPHY011659,Organic compounds,Lipids and lipid-like molecules,Prenol lipids,Sesquiterpenoids
OGLDWXZKYODSOB-UHFFFAOYSA-N,alpha-Phellandrene,CC1=CCC(C=C1)C(C)C,IMPHY014811,CHEMBL3188459,https://cb.imsc.res.in/imppat/phytochemical-detailedpage/IMPHY014811,Organic compounds,Lipids and lipid-like molecules,Prenol lipids,Monoterpenoids
GRWFGVWFFZKLTI-UHFFFAOYSA-N,alpha-Pinene,CC1=CCC2CC1C2(C)C,IMPHY012061,CHEMBL442565,https://cb.imsc.res.in/imppat/phytochemical-detailedpage/IMPHY012061,Organic compounds,Lipids and lipid-like molecules,Prenol lipids,Monoterpenoids
OZQAPQSEYFAMCY-QLFBSQMISA-N,alpha-Selinene,CC1=CCC[C@]2([C@H]1C[C@@H](CC2)C(=C)C)C,IMPHY011581,,https://cb.imsc.res.in/imppat/phytochemical-detailedpage/IMPHY011581,Organic compounds,Lipids and lipid-like molecules,Prenol lipids,Sesquiterpenoids
YHQGMYUVUMAZJR-UHFFFAOYSA-N,alpha-Terpinene,CC1=CC=C(CC1)C(C)C,IMPHY011643,CHEMBL2251642,https://cb.imsc.res.in/imppat/phytochemical-detailedpage/IMPHY011643,Organic compounds,Lipids and lipid-like molecules,Prenol lipids,Monoterpenoids
WUOACPNHFRMFPN-UHFFFAOYSA-N,alpha-Terpineol,CC1=CCC(CC1)C(O)(C)C,IMPHY012160,CHEMBL449810,https://cb.imsc.res.in/imppat/phytochemical-detailedpage/IMPHY012160,Organic compounds,Lipids and lipid-like molecules,Prenol lipids,Monoterpenoids
IGODOXYLBBXFDW-UHFFFAOYSA-N,alpha-Terpinyl acetate,CC(=O)OC(C1CCC(=CC1)C)(C)C,IMPHY011519,CHEMBL3183581,https://cb.imsc.res.in/imppat/phytochemical-detailedpage/IMPHY011519,Organic compounds,Lipids and lipid-like molecules,Prenol lipids,Monoterpenoids
XZRVRYFILCSYSP-OAHLLOKOSA-N,beta-Bisabolene,CC(=CCCC(=C)[C@H]1CCC(=CC1)C)C,IMPHY000399,CHEMBL1077088,https://cb.imsc.res.in/imppat/phytochemical-detailedpage/IMPHY000399,Organic compounds,Lipids and lipid-like molecules,Prenol lipids,Sesquiterpenoids
OPFTUNCRGUEPRZ-QLFBSQMISA-N,beta-Elemene,C=C[C@]1(C)CC[C@H](C[C@H]1C(=C)C)C(=C)C,IMPHY010080,CHEMBL448502,https://cb.imsc.res.in/imppat/phytochemical-detailedpage/IMPHY010080,Organic compounds,Lipids and lipid-like molecules,Prenol lipids,Sesquiterpenoids
BOPIMTNSYWYZOC-VNHYZAJKSA-N,beta-Eudesmol,C=C1CCC[C@]2([C@H]1C[C@@H](CC2)C(O)(C)C)C,IMPHY011542,CHEMBL88244,https://cb.imsc.res.in/imppat/phytochemical-detailedpage/IMPHY011542,Organic compounds,Lipids and lipid-like molecules,Prenol lipids,Sesquiterpenoids
JSNRRGGBADWTMC-NTCAYCPXSA-N,beta-Farnesene,C=CC(=C)CC/C=C(/CCC=C(C)C)C,IMPHY011658,,https://cb.imsc.res.in/imppat/phytochemical-detailedpage/IMPHY011658,Organic compounds,Lipids and lipid-like molecules,Prenol lipids,Sesquiterpenoids
IRCZVRWQUNZGSH-DKTYCGPESA-N,beta-Gurjunene,C[C@@H]1CC[C@@H]2[C@H]([C@H]3[C@@H]1CCC3=C)C2(C)C,IMPHY009743,,https://cb.imsc.res.in/imppat/phytochemical-detailedpage/IMPHY009743,Organic compounds,Lipids and lipid-like molecules,Prenol lipids,Sesquiterpenoids
WTARULDDTDQWMU-UHFFFAOYSA-N,beta-Pinene,C=C1CCC2CC1C2(C)C,IMPHY012147,CHEMBL501351,https://cb.imsc.res.in/imppat/phytochemical-detailedpage/IMPHY012147,Organic compounds,Lipids and lipid-like molecules,Prenol lipids,Monoterpenoids
RUJPNZNXGCHGID-UHFFFAOYSA-N,beta-Terpineol,CC(=C)C1CCC(CC1)(C)O,IMPHY006948,CHEMBL3184678,https://cb.imsc.res.in/imppat/phytochemical-detailedpage/IMPHY006948,Organic compounds,Lipids and lipid-like molecules,Prenol lipids,Monoterpenoids
USMNOWBWPHYOEA-XKSSXDPKSA-N,beta-Thujone,O=C1C[C@]2([C@@H]([C@@H]1C)C2)C(C)C,IMPHY011902,CHEMBL3277898,https://cb.imsc.res.in/imppat/phytochemical-detailedpage/IMPHY011902,Organic compounds,Lipids and lipid-like molecules,Prenol lipids,Monoterpenoids
CRDAMVZIKSXKFV-FBXUGWQNSA-N,"cis,cis-Farnesol",OC/C=C(CC/C=C(CCC=C(C)C)/C)/C,IMPHY011630,CHEMBL1232800,https://cb.imsc.res.in/imppat/phytochemical-detailedpage/IMPHY011630,Organic compounds,Lipids and lipid-like molecules,Prenol lipids,Sesquiterpenoids
GCTNBVHDRFKLLK-FIBVVXLUSA-N,cis-Sabinene hydrate,C[C@@H]1CC[C@@]2(C1C2)C(C)C,IMPHY014874,,https://cb.imsc.res.in/imppat/phytochemical-detailedpage/IMPHY014874,Organic compounds,Lipids and lipid-like molecules,Prenol lipids,Monoterpenoids
JSNRRGGBADWTMC-QINSGFPZSA-N,cis-beta-Farnesene,C=CC(=C)CC/C=C(CCC=C(C)C)/C,IMPHY011657,,https://cb.imsc.res.in/imppat/phytochemical-detailedpage/IMPHY011657,Organic compounds,Lipids and lipid-like molecules,Prenol lipids,Sesquiterpenoids
DTGKSKDOIYIVQL-XKSSXDPKSA-N,d-Borneol,O[C@@H]1C[C@H]2C([C@@]1(C)CC2)(C)C,IMPHY011590,,https://cb.imsc.res.in/imppat/phytochemical-detailedpage/IMPHY011590,Organic compounds,Lipids and lipid-like molecules,Prenol lipids,Monoterpenoids
BQSLMQNYHVFRDT-LSDHHAIUSA-N,gamma-Elemene,C=C[C@]1(C)CCC(=C(C)C)C[C@H]1C(=C)C,IMPHY012921,,https://cb.imsc.res.in/imppat/phytochemical-detailedpage/IMPHY012921,Organic compounds,Lipids and lipid-like molecules,Prenol lipids,Sesquiterpenoids
WMOPMQRJLLIEJV-IUODEOHRSA-N,gamma-Eudesmol,CC1=C2C[C@@H](CC[C@]2(CCC1)C)C(O)(C)C,IMPHY011938,CHEMBL477900,https://cb.imsc.res.in/imppat/phytochemical-detailedpage/IMPHY011938,Organic compounds,Lipids and lipid-like molecules,Prenol lipids,Sesquiterpenoids
YKFLAYDHMOASIY-UHFFFAOYSA-N,gamma-Terpinene,CC1=CCC(=CC1)C(C)C,IMPHY003982,CHEMBL449693,https://cb.imsc.res.in/imppat/phytochemical-detailedpage/IMPHY003982,Organic compounds,Hydrocarbons,Unsaturated hydrocarbons,Branched unsaturated hydrocarbons
HFPZCAJZSCWRBC-UHFFFAOYSA-N,p-Cymene,Cc1ccc(cc1)C(C)C,IMPHY006145,CHEMBL442915,https://cb.imsc.res.in/imppat/phytochemical-detailedpage/IMPHY006145,Organic compounds,Lipids and lipid-like molecules,Prenol lipids,Monoterpenoids
KXSDPILWMGFJMM-CBMCFHRWSA-N,trans-Sabinene hydrate,CC([C@@]12CC[C@](C2C1)(C)O)C,IMPHY016027,,https://cb.imsc.res.in/imppat/phytochemical-detailedpage/IMPHY016027,Organic compounds,Lipids and lipid-like molecules,Prenol lipids,Monoterpenoids
QMAYBMKBYCGXDH-QLFBSQMISA-N,(+)-alpha-Muurolene,CC1=C[C@H]2[C@@H](CC1)C(=CC[C@@H]2C(C)C)C,IMPHY011536,,https://cb.imsc.res.in/imppat/phytochemical-detailedpage/IMPHY011536,Organic compounds,Lipids and lipid-like molecules,Prenol lipids,Sesquiterpenoids
HPOHAUWWDDPHRS-ZJUUUORDSA-N,(+)-trans-Piperitenol,CC1=C[C@@H]([C@H](CC1)C(C)C)O,IMPHY012255,,https://cb.imsc.res.in/imppat/phytochemical-detailedpage/IMPHY012255,Organic compounds,Lipids and lipid-like molecules,Prenol lipids,Monoterpenoids
CRPUJAZIXJMDBK-BDAKNGLRSA-N,(-)-Camphene,C=C1[C@@H]2CC[C@H](C1(C)C)C2,IMPHY014976,CHEMBL506889,https://cb.imsc.res.in/imppat/phytochemical-detailedpage/IMPHY014976,Organic compounds,Lipids and lipid-like molecules,Prenol lipids,Monoterpenoids
BAVONGHXFVOKBV-ZJUUUORDSA-N,(-)-trans-Carveol,CC(=C)[C@@H]1CC=C([C@H](C1)O)C,IMPHY011988,CHEMBL1907992,https://cb.imsc.res.in/imppat/phytochemical-detailedpage/IMPHY011988,Organic compounds,Lipids and lipid-like molecules,Prenol lipids,Monoterpenoids
YAICIVXHPPILRT-JVLMNHKTSA-N,"(1Z,4Z)-1,5-Bis(4-hydroxyphenyl)-1,4-pentadiene",Oc1ccc(cc1)/C=CC/C=Cc1ccc(cc1)O,IMPHY014616,CHEMBL4755922,https://cb.imsc.res.in/imppat/phytochemical-detailedpage/IMPHY014616,Organic compounds,Benzenoids,Benzene and substituted derivatives,Styrenes
YHRUHBBTQZKMEX-PVMFERMNSA-N,"(2Z,6E)-Farnesal",O=C/C=C(CC/C=C(/CCC=C(C)C)C)/C,IMPHY011069,,https://cb.imsc.res.in/imppat/phytochemical-detailedpage/IMPHY011069,Organic compounds,Lipids and lipid-like molecules,Prenol lipids,Sesquiterpenoids
IZXYHAXVIZHGJV-VHSXEESVSA-N,(Z)-p-Menth-2-en-1-ol,CC([C@@H]1CC[C@](C=C1)(C)O)C,IMPHY013133,,https://cb.imsc.res.in/imppat/phytochemical-detailedpage/IMPHY013133,Organic compounds,Lipids and lipid-like molecules,Prenol lipids,Monoterpenoids
BTFJIXJJCSYFAL-UHFFFAOYSA-N,1-Eicosanol,CCCCCCCCCCCCCCCCCCCCO,IMPHY011584,CHEMBL451717,https://cb.imsc.res.in/imppat/phytochemical-detailedpage/IMPHY011584,Organic compounds,Lipids and lipid-like molecules,Fatty acyls,Fatty alcohols
ADOBXTDBFNCOBN-UHFFFAOYSA-N,1-Heptadecene,CCCCCCCCCCCCCCCC=C,IMPHY011008,,https://cb.imsc.res.in/imppat/phytochemical-detailedpage/IMPHY011008,Organic compounds,Hydrocarbons,Unsaturated hydrocarbons,Unsaturated aliphatic hydrocarbons
NHLUYCJZUXOUBX-UHFFFAOYSA-N,1-Nonadecene,CCCCCCCCCCCCCCCCCC=C,IMPHY011010,,https://cb.imsc.res.in/imppat/phytochemical-detailedpage/IMPHY011010,Organic compounds,Hydrocarbons,Unsaturated hydrocarbons,Unsaturated aliphatic hydrocarbons
IZXYHAXVIZHGJV-UWVGGRQHSA-N,"2-Cyclohexen-1-ol, 1-methyl-4-(1-methylethyl)-, trans-",CC([C@@H]1CC[C@@](C=C1)(C)O)C,IMPHY015095,,https://cb.imsc.res.in/imppat/phytochemical-detailedpage/IMPHY015095,Organic compounds,Lipids and lipid-like molecules,Prenol lipids,Monoterpenoids
YTHRBOFHFYZBRJ-VXGBXAGGSA-N,"2-Cyclohexen-1-ol, 2-methyl-5-(1-methylethenyl)-, acetate, cis-",CC(=O)O[C@@H]1C[C@@H](CC=C1C)C(=C)C,IMPHY014866,,https://cb.imsc.res.in/imppat/phytochemical-detailedpage/IMPHY014866,Organic compounds,Lipids and lipid-like molecules,Prenol lipids,Monoterpenoids
HPOHAUWWDDPHRS-UWVGGRQHSA-N,"2-Cyclohexen-1-ol, 3-methyl-6-(1-methylethyl)-, (1R,6S)-rel-",CC1=C[C@@H]([C@@H](CC1)C(C)C)O,IMPHY014873,,https://cb.imsc.res.in/imppat/phytochemical-detailedpage/IMPHY014873,Organic compounds,Lipids and lipid-like molecules,Prenol lipids,Monoterpenoids
VKCYHJWLYTUGCC-UHFFFAOYSA-N,2-Nonanone,CCCCCCCC(=O)C,IMPHY009642,CHEMBL2228473,https://cb.imsc.res.in/imppat/phytochemical-detailedpage/IMPHY009642,Organic compounds,Organic oxygen compounds,Organooxygen compounds,Carbonyl compounds
PHWISBHSBNDZDX-UHFFFAOYSA-N,"3-(1,5-Dimethyl-4-hexenyl)-6-methylene-1-cyclohexene",CC(C1CCC(=C)C=C1)CCC=C(C)C,IMPHY012589,,https://cb.imsc.res.in/imppat/phytochemical-detailedpage/IMPHY012589,Organic compounds,Lipids and lipid-like molecules,Prenol lipids,Sesquiterpenoids
BQOFWKZOCNGFEC-UHFFFAOYSA-N,3-Carene,CC1=CCC2C(C1)C2(C)C,IMPHY011392,CHEMBL506854,https://cb.imsc.res.in/imppat/phytochemical-detailedpage/IMPHY011392,Organic compounds,Lipids and lipid-like molecules,Prenol lipids,Monoterpenoids
RGIBXDHONMXTLI-UHFFFAOYSA-N,4-Allylphenol,C=CCc1ccc(cc1)O,IMPHY007317,CHEMBL108862,https://cb.imsc.res.in/imppat/phytochemical-detailedpage/IMPHY007317,Organic compounds,Benzenoids,Phenols,1-hydroxy-2-unsubstituted benzenoids
AXHHVVBUOKYKJO-UHFFFAOYSA-N,4-Allylphenyl acetate,C=CCc1ccc(cc1)OC(=O)C,IMPHY009708,CHEMBL108937,https://cb.imsc.res.in/imppat/phytochemical-detailedpage/IMPHY009708,Organic compounds,Benzenoids,Phenol esters,
OZQAPQSEYFAMCY-DMJDIKPUSA-N,7-epi--Selinene,CC1=CCC[C@@]2([C@@H]1CC(CC2)C(=C)C)C,IMPHY014772,,https://cb.imsc.res.in/imppat/phytochemical-detailedpage/IMPHY014772,Organic compounds,Lipids and lipid-like molecules,Prenol lipids,Sesquiterpenoids
SCCDQYPEOIRVGX-UHFFFAOYSA-N,Acetyleugenol,C=CCc1ccc(c(c1)OC)OC(=O)C,IMPHY006709,CHEMBL108299,https://cb.imsc.res.in/imppat/phytochemical-detailedpage/IMPHY006709,Organic compounds,Benzenoids,Phenol esters,
VPDZRSSKICPUEY-JEPMYXAXSA-N,Bicyclogermacrene,C/C/1=CCC/C(=C/[C@H]2[C@@H](CC1)C2(C)C)/C,IMPHY003616,CHEMBL509566,https://cb.imsc.res.in/imppat/phytochemical-detailedpage/IMPHY003616,Organic compounds,Lipids and lipid-like molecules,Prenol lipids,Sesquiterpenoids
LGOFSGDSFQNIAT-UHFFFAOYSA-N,Bulnesol,CC1CCC2=C(C)CCC(CC12)C(O)(C)C,IMPHY009718,,https://cb.imsc.res.in/imppat/phytochemical-detailedpage/IMPHY009718,Organic compounds,Lipids and lipid-like molecules,Prenol lipids,Sesquiterpenoids
RECUKUPTGUEGMW-UHFFFAOYSA-N,Carvacrol,CC(c1ccc(c(c1)O)C)C,IMPHY001246,CHEMBL281202,https://cb.imsc.res.in/imppat/phytochemical-detailedpage/IMPHY001246,Organic compounds,Lipids and lipid-like molecules,Prenol lipids,Monoterpenoids
OXZSUQJHKQOGOK-UHFFFAOYSA-N,Carvacryl acetate,CC(=O)Oc1cc(ccc1C)C(C)C,IMPHY007747,CHEMBL5592566,https://cb.imsc.res.in/imppat/phytochemical-detailedpage/IMPHY007747,Organic compounds,Lipids and lipid-like molecules,Prenol lipids,Monoterpenoids
SVURIXNDRWRAFU-OGMFBOKVSA-N,Cedrol,C[C@@H]1CC[C@@H]2[C@@]31CC[C@@]([C@H](C3)C2(C)C)(C)O,IMPHY014857,CHEMBL1974890,https://cb.imsc.res.in/imppat/phytochemical-detailedpage/IMPHY014857,Organic compounds,Lipids and lipid-like molecules,Prenol lipids,Sesquiterpenoids
NEHNMFOYXAPHSD-UHFFFAOYSA-N,Citronellal,O=CCC(CCC=C(C)C)C,IMPHY012086,CHEMBL447944,https://cb.imsc.res.in/imppat/phytochemical-detailedpage/IMPHY012086,Organic compounds,Lipids and lipid-like molecules,Prenol lipids,Monoterpenoids
QMVPMAAFGQKVCJ-UHFFFAOYSA-N,Citronellol,OCCC(CCC=C(C)C)C,IMPHY012104,CHEMBL395827,https://cb.imsc.res.in/imppat/phytochemical-detailedpage/IMPHY012104,Organic compounds,Lipids and lipid-like molecules,Prenol lipids,Monoterpenoids
JOZKFWLRHCDGJA-UHFFFAOYSA-N,Citronellyl acetate,CC(CCC=C(C)C)CCOC(=O)C,IMPHY007421,CHEMBL1453648,https://cb.imsc.res.in/imppat/phytochemical-detailedpage/IMPHY007421,Organic compounds,Lipids and lipid-like molecules,Fatty acyls,Fatty alcohol esters
DTGKSKDOIYIVQL-NQMVMOMDSA-N,DL-Borneol,O[C@@H]1C[C@@H]2C([C@]1(C)CC2)(C)C,IMPHY011685,,https://cb.imsc.res.in/imppat/phytochemical-detailedpage/IMPHY011685,Organic compounds,Lipids and lipid-like molecules,Prenol lipids,Monoterpenoids
UAWHZODFGAHJCC-UHFFFAOYSA-N,Dihydrogalangal acetate,CCC(c1ccc(cc1)OC(=O)C)OC(=O)C,IMPHY009745,CHEMBL181165,https://cb.imsc.res.in/imppat/phytochemical-detailedpage/IMPHY009745,Organic compounds,Benzenoids,Phenol esters,
HOWGUJZVBDQJKV-UHFFFAOYSA-N,Docosane,CCCCCCCCCCCCCCCCCCCCCC,IMPHY009375,,https://cb.imsc.res.in/imppat/phytochemical-detailedpage/IMPHY009375,Organic compounds,Hydrocarbons,Saturated hydrocarbons,Alkanes
ZFMSMUAANRJZFM-UHFFFAOYSA-N,Estragole,COc1ccc(cc1)CC=C,IMPHY006944,CHEMBL470671,https://cb.imsc.res.in/imppat/phytochemical-detailedpage/IMPHY006944,Organic compounds,Benzenoids,Phenol ethers,Anisoles
YHRUHBBTQZKMEX-YFVJMOTDSA-N,Farnesal,O=C/C=C(/CC/C=C(/CCC=C(C)C)C)C,IMPHY014710,CHEMBL3120646,https://cb.imsc.res.in/imppat/phytochemical-detailedpage/IMPHY014710,Organic compounds,Lipids and lipid-like molecules,Prenol lipids,Sesquiterpenoids
ZGIGZINMAOQWLX-NCZFFCEISA-N,Farnesyl acetate,C/C(=CCC/C(=C/COC(=O)C)/C)/CCC=C(C)C,IMPHY011777,CHEMBL3184169,https://cb.imsc.res.in/imppat/phytochemical-detailedpage/IMPHY011777,Organic compounds,Lipids and lipid-like molecules,Prenol lipids,Sesquiterpenoids
JULGSMRIWAOCJV-WQTQKZEZSA-N,Galanganal,O=C/C(=C/c1ccc(cc1)O)/C/C=C/c1ccc(cc1)O,IMPHY000021,,https://cb.imsc.res.in/imppat/phytochemical-detailedpage/IMPHY000021,Organic compounds,Phenylpropanoids and polyketides,Cinnamaldehydes,
HPWAVLBKHKUIQJ-VDGZEHSTSA-N,Galanganol B,OC[C@@H]([C@@H](c1ccc(cc1)O)O)C/C=Cc1ccc(cc1)O,IMPHY001182,,https://cb.imsc.res.in/imppat/phytochemical-detailedpage/IMPHY001182,Organic compounds,Lipids and lipid-like molecules,Fatty acyls,Fatty alcohols
JFEPBHGKNWISIN-GBTLIRRBSA-N,Galanganol C,Oc1ccc(cc1)[C@@H]1OC[C@@H](C[C@H]1C/C=C/c1ccc(cc1)O)C(c1ccc(cc1)O)O,IMPHY000089,,https://cb.imsc.res.in/imppat/phytochemical-detailedpage/IMPHY000089,Organic compounds,Phenylpropanoids and polyketides,Diarylheptanoids,Linear diarylheptanoids
HIGQPQRQIQDZMP-DHZHZOJOSA-N,Geranyl acetate,C/C(=CCOC(=O)C)/CCC=C(C)C,IMPHY011647,CHEMBL1369384,https://cb.imsc.res.in/imppat/phytochemical-detailedpage/IMPHY011647,Organic compounds,Lipids and lipid-like molecules,Fatty acyls,Fatty alcohol esters
RHCTXHCNRLCYBN-XUDUNUHRSA-N,"Germacra-1(10),5-dien-4-ol",C/C/1=C/CC[C@@](C)(O)/C=C[C@@H](CC1)C(C)C,IMPHY011564,,https://cb.imsc.res.in/imppat/phytochemical-detailedpage/IMPHY011564,Organic compounds,Lipids and lipid-like molecules,Prenol lipids,Sesquiterpenoids
LHGVFZTZFXWLCP-UHFFFAOYSA-N,Guaiacol,COc1ccccc1O,IMPHY011409,CHEMBL13766,https://cb.imsc.res.in/imppat/phytochemical-detailedpage/IMPHY011409,Organic compounds,Benzenoids,Phenols,Methoxyphenols
NDJKXXJCMXVBJW-UHFFFAOYSA-N,Heptadecane,CCCCCCCCCCCCCCCCC,IMPHY009368,CHEMBL3185332,https://cb.imsc.res.in/imppat/phytochemical-detailedpage/IMPHY009368,Organic compounds,Hydrocarbons,Saturated hydrocarbons,Alkanes
QTGAEXCCAPTGLB-UOAUIWSESA-N,Humulene epoxide II,C/C/1=CCC(C)(C)/C=C/C[C@@]2([C@@H](CC1)O2)C,IMPHY011749,CHEMBL3120651,https://cb.imsc.res.in/imppat/phytochemical-detailedpage/IMPHY011749,Organic compounds,Organoheterocyclic compounds,Epoxides,
WTEVQBCEXWBHNA-YFHOEESVSA-N,Neral,O=C/C=C(CCC=C(C)C)/C,IMPHY011790,CHEMBL6120612,https://cb.imsc.res.in/imppat/phytochemical-detailedpage/IMPHY011790,Organic compounds,Lipids and lipid-like molecules,Prenol lipids,Monoterpenoids
DYUSFBWNOCHOFP-UHFFFAOYSA-N,Sesquisabinene,CC(=CCCC(C12CCC(=C)C2C1)C)C,IMPHY002913,,https://cb.imsc.res.in/imppat/phytochemical-detailedpage/IMPHY002913,Organic compounds,Lipids and lipid-like molecules,Prenol lipids,Sesquiterpenoids
IIYFAKIEWZDVMP-UHFFFAOYSA-N,Tridecane,CCCCCCCCCCCCC,IMPHY009419,CHEMBL135694,https://cb.imsc.res.in/imppat/phytochemical-detailedpage/IMPHY009419,Organic compounds,Hydrocarbons,Saturated hydrocarbons,Alkanes
QEBNYNLSCGVZOH-NFAWXSAZSA-N,Valencene,CC(=C)[C@@H]1CCC2=CCC[C@H]([C@@]2(C1)C)C,IMPHY011896,CHEMBL3186909,https://cb.imsc.res.in/imppat/phytochemical-detailedpage/IMPHY011896,Organic compounds,Lipids and lipid-like molecules,Prenol lipids,Sesquiterpenoids
AYXPYQRXGNDJFU-IMNVLQEYSA-N,Viridiflorol,C[C@@H]1CC[C@H]2[C@@H]1[C@H]1[C@H](C1(C)C)CC[C@]2(C)O,IMPHY016053,CHEMBL3120647,https://cb.imsc.res.in/imppat/phytochemical-detailedpage/IMPHY016053,Organic compounds,Lipids and lipid-like molecules,Prenol lipids,Sesquiterpenoids
GIHNTRQPEMKFKO-SKTNYSRSSA-N,Zerumbone,C/C/1=CCC(C)(C)/C=C/C(=O)/C(=C/CC1)/C,IMPHY005984,CHEMBL245412,https://cb.imsc.res.in/imppat/phytochemical-detailedpage/IMPHY005984,Organic compounds,Lipids and lipid-like molecules,Prenol lipids,Sesquiterpenoids
KKOXKGNSUHTUBV-LSDHHAIUSA-N,Zingiberene,CC(=CCC[C@@H]([C@H]1CC=C(C=C1)C)C)C,IMPHY011745,,https://cb.imsc.res.in/imppat/phytochemical-detailedpage/IMPHY011745,Organic compounds,Lipids and lipid-like molecules,Prenol lipids,Sesquiterpenoids
VVCHIOKYQRUBED-UHFFFAOYSA-N,Zingiberenol,CC(=CCCC(C1CCC(C=C1)(C)O)C)C,IMPHY009618,,https://cb.imsc.res.in/imppat/phytochemical-detailedpage/IMPHY009618,Organic compounds,Lipids and lipid-like molecules,Prenol lipids,Sesquiterpenoids
YOVSPTNQHMDJAG-QLFBSQMISA-N,beta-Selinene,C=C1CCC[C@]2([C@H]1C[C@@H](CC2)C(=C)C)C,IMPHY014708,CHEMBL2287242,https://cb.imsc.res.in/imppat/phytochemical-detailedpage/IMPHY014708,Organic compounds,Lipids and lipid-like molecules,Prenol lipids,Sesquiterpenoids
FQTLCLSUCSAZDY-KAMYIIQDSA-N,cis-Nerolidol,C=CC(CC/C=C(CCC=C(C)C)/C)(O)C,IMPHY014871,CHEMBL3185053,https://cb.imsc.res.in/imppat/phytochemical-detailedpage/IMPHY014871,Organic compounds,Lipids and lipid-like molecules,Prenol lipids,Sesquiterpenoids
MXDMETWAEGIFOE-CABCVRRESA-N,delta-Elemene,C=C[C@@]1(C)CCC(=C[C@@H]1C(=C)C)C(C)C,IMPHY013093,,https://cb.imsc.res.in/imppat/phytochemical-detailedpage/IMPHY013093,Organic compounds,Lipids and lipid-like molecules,Prenol lipids,Sesquiterpenoids
WRHGORWNJGOVQY-ZNMIVQPWSA-N,gamma-Muurolene,CC1=C[C@@H]2[C@H](CC1)C(=C)CC[C@H]2C(C)C,IMPHY011792,,https://cb.imsc.res.in/imppat/phytochemical-detailedpage/IMPHY011792,Organic compounds,Lipids and lipid-like molecules,Prenol lipids,Sesquiterpenoids
CJXMVKYNVIGQBS-OWOJBTEDSA-N,p-Coumaraldehyde,O=C/C=C/c1ccc(cc1)O,IMPHY006453,CHEMBL431836,https://cb.imsc.res.in/imppat/phytochemical-detailedpage/IMPHY006453,Organic compounds,Phenylpropanoids and polyketides,Cinnamaldehydes,
FQEXRDMYDXBXEO-UHFFFAOYSA-N,"p-Mentha-1,5-dien-8-ol",CC1=CCC(C=C1)C(O)(C)C,IMPHY009880,,https://cb.imsc.res.in/imppat/phytochemical-detailedpage/IMPHY009880,Organic compounds,Lipids and lipid-like molecules,Prenol lipids,Monoterpenoids
YMBFCQPIMVLNIU-SOUVJXGZSA-N,trans-alpha-Bergamotene,CC(=CCC[C@]1(C)[C@H]2CC=C([C@@H]1C2)C)C,IMPHY016054,,https://cb.imsc.res.in/imppat/phytochemical-detailedpage/IMPHY016054,Organic compounds,Lipids and lipid-like molecules,Prenol lipids,Monoterpenoids
VCCRNZQBSJXYJD-UHFFFAOYSA-N,Galangin,Oc1cc(O)c2c(c1)oc(c(c2=O)O)c1ccccc1,IMPHY005434,CHEMBL309490,https://cb.imsc.res.in/imppat/phytochemical-detailedpage/IMPHY005434,Organic compounds,Phenylpropanoids and polyketides,Flavonoids,Flavones
JAMQIUWGGBSIKZ-ZDUSSCGKSA-N,1'-Acetoxychavicol acetate,C=C[C@@H](c1ccc(cc1)OC(=O)C)OC(=O)C,IMPHY001992,CHEMBL323727,https://cb.imsc.res.in/imppat/phytochemical-detailedpage/IMPHY001992,Organic compounds,Benzenoids,Phenol esters,
NKRBAUXTIWONOV-UHFFFAOYSA-N,"Benzenemethanol, 4-(acetyloxy)-alpha-ethenyl-3-methoxy-, acetate",C=CC(c1ccc(c(c1)OC)OC(=O)C)OC(=O)C,IMPHY001278,,https://cb.imsc.res.in/imppat/phytochemical-detailedpage/IMPHY001278,Organic compounds,Benzenoids,Phenol esters,
DWUYGFWOANEJRE-GEMYPJNZSA-N,Caryophyllenol I,C=C1CC[C@H](O)/C(=CC[C@@H]2[C@@H]1CC2(C)C)/C,IMPHY003755,CHEMBL4065660,https://cb.imsc.res.in/imppat/phytochemical-detailedpage/IMPHY003755,Organic compounds,Lipids and lipid-like molecules,Prenol lipids,Sesquiterpenoids
DWUYGFWOANEJRE-PUHLDHRLSA-N,Caryophyllenol II,C=C1CC[C@@H](O)/C(=CC[C@@H]2[C@@H]1CC2(C)C)/C,IMPHY003756,,https://cb.imsc.res.in/imppat/phytochemical-detailedpage/IMPHY003756,Organic compounds,Lipids and lipid-like molecules,Prenol lipids,Sesquiterpenoids
UDKRLAJJSYRYRU-VYMYIBDJSA-N,Galanal A,O=CC1=CC[C@H]2[C@@]([C@H](C1)O)(C=O)CC[C@@H]1[C@]2(C)CCCC1(C)C,IMPHY003934,,https://cb.imsc.res.in/imppat/phytochemical-detailedpage/IMPHY003934,Organic compounds,Organic oxygen compounds,Organooxygen compounds,Alcohols and polyols
UDKRLAJJSYRYRU-NIMBFUQJSA-N,Galanal B,O=CC1=CC[C@H]2[C@@]([C@@H](C1)O)(C=O)CC[C@@H]1[C@]2(C)CCCC1(C)C,IMPHY004083,,https://cb.imsc.res.in/imppat/phytochemical-detailedpage/IMPHY004083,Organic compounds,Organic oxygen compounds,Organooxygen compounds,Alcohols and polyols
MBPTXJNHCBXMBP-SDIIOJARSA-N,Galanolactone,O=C1OCC/C/1=CC[C@H]1[C@]2(CC[C@@H]3[C@]1(C)CCCC3(C)C)OC2,IMPHY000028,CHEMBL4520851,https://cb.imsc.res.in/imppat/phytochemical-detailedpage/IMPHY000028,Organic compounds,Organoheterocyclic compounds,Lactones,Gamma butyrolactones
YIGCKYYSOGYETL-UHFFFAOYSA-N,Heptadec-7-ene,CCCCCCCCCC=CCCCCCC,IMPHY010924,,https://cb.imsc.res.in/imppat/phytochemical-detailedpage/IMPHY010924,Organic compounds,Hydrocarbons,Unsaturated hydrocarbons,Unsaturated aliphatic hydrocarbons
SBZWTSHAFILOTE-QLFBSQMISA-N,(+)-Leucocyanidin,Oc1cc2O[C@H](c3ccc(c(c3)O)O)[C@H]([C@@H](c2c(c1)O)O)O,IMPHY011966,CHEMBL126393,https://cb.imsc.res.in/imppat/phytochemical-detailedpage/IMPHY011966,Organic compounds,Phenylpropanoids and polyketides,Flavonoids,Flavans
CFKXWTNHIJAFNL-OOURDANISA-N,Acacic Acid,OC(=O)[C@@]12C[C@H](O)C(C[C@H]2C2=CC[C@H]3[C@@]([C@@]2(C[C@H]1O)C)(C)CC[C@@H]1[C@]3(C)CC[C@@H](C1(C)C)O)(C)C,IMPHY001968,CHEMBL2386937,https://cb.imsc.res.in/imppat/phytochemical-detailedpage/IMPHY001968,Organic compounds,Lipids and lipid-like molecules,Prenol lipids,Triterpenoids
PFTAWBLQPZVEMU-DZGCQCFKSA-N,Cianidanol,Oc1cc2O[C@H](c3ccc(c(c3)O)O)[C@H](Cc2c(c1)O)O,IMPHY014854,CHEMBL311498,https://cb.imsc.res.in/imppat/phytochemical-detailedpage/IMPHY014854,Organic compounds,Phenylpropanoids and polyketides,Flavonoids,Flavans
KZJWDPNRJALLNS-FBZNIEFRSA-N,Clionasterol,CC[C@H](C(C)C)CC[C@H]([C@H]1CC[C@@H]2[C@]1(C)CC[C@H]1[C@H]2CC=C2[C@]1(C)CC[C@@H](C2)O)C,IMPHY012464,,https://cb.imsc.res.in/imppat/phytochemical-detailedpage/IMPHY012464,Organic compounds,Lipids and lipid-like molecules,Steroids and steroid derivatives,Stigmastanes and derivatives
WQZGKKKJIJFFOK-SVZMEOIVSA-N,D-Galactose,OC[C@H]1OC(O)[C@@H]([C@H]([C@H]1O)O)O,IMPHY012050,CHEMBL195923,https://cb.imsc.res.in/imppat/phytochemical-detailedpage/IMPHY012050,Organic compounds,Organic oxygen compounds,Organooxygen compounds,Carbohydrates and carbohydrate conjugates
YKOPWPOFWMYZJZ-PRIAQAIDSA-N,Echinocystic acid,O[C@@H]1C[C@]2(C)C(=CC[C@H]3[C@@]2(C)CC[C@@H]2[C@]3(C)CC[C@@H](C2(C)C)O)[C@H]2[C@@]1(CCC(C2)(C)C)C(=O)O,IMPHY003679,CHEMBL230128,https://cb.imsc.res.in/imppat/phytochemical-detailedpage/IMPHY003679,Organic compounds,Lipids and lipid-like molecules,Prenol lipids,Triterpenoids
OFMXGFHWLZPCFL-SVRPQWSVSA-N,Friedelin,O=C1CC[C@@H]2[C@]([C@H]1C)(C)CC[C@H]1[C@@]2(C)CC[C@@]2([C@]1(C)CC[C@@]1([C@H]2CC(C)(C)CC1)C)C,IMPHY011688,CHEMBL485998,https://cb.imsc.res.in/imppat/phytochemical-detailedpage/IMPHY011688,Organic compounds,Lipids and lipid-like molecules,Prenol lipids,Triterpenoids
SRBFZHDQGSBBOR-HWQSCIPKSA-N,L-Arabinose,O[C@H]1COC([C@@H]([C@H]1O)O)O,IMPHY014983,CHEMBL1357418,https://cb.imsc.res.in/imppat/phytochemical-detailedpage/IMPHY014983,Organic compounds,Organic oxygen compounds,Organooxygen compounds,Carbohydrates and carbohydrate conjugates
SHZGCJCMOBCMKK-JFNONXLTSA-N,L-Rhamnose,O[C@H]1[C@H](C)OC([C@@H]([C@@H]1O)O)O,IMPHY015056,CHEMBL5308434,https://cb.imsc.res.in/imppat/phytochemical-detailedpage/IMPHY015056,Organic compounds,Organic oxygen compounds,Organooxygen compounds,Carbohydrates and carbohydrate conjugates
SBZWTSHAFILOTE-SOUVJXGZSA-N,Leucocianidol,Oc1cc2O[C@H](c3ccc(c(c3)O)O)[C@H]([C@H](c2c(c1)O)O)O,IMPHY011611,CHEMBL124022,https://cb.imsc.res.in/imppat/phytochemical-detailedpage/IMPHY011611,Organic compounds,Phenylpropanoids and polyketides,Flavonoids,Flavans
KVZJLSYJROEPSQ-UHFFFAOYSA-N,"1,2-Dimethylcyclohexane",CC1CCCCC1C,IMPHY016164,,https://cb.imsc.res.in/imppat/phytochemical-detailedpage/IMPHY016164,Organic compounds,Hydrocarbons,Saturated hydrocarbons,Cycloalkanes
HDGQICNBXPAKLR-UHFFFAOYSA-N,"2,4-Dimethylhexane",CCC(CC(C)C)C,IMPHY015231,,https://cb.imsc.res.in/imppat/phytochemical-detailedpage/IMPHY015231,Organic compounds,Hydrocarbons,Saturated hydrocarbons,Alkanes
WPYMKLBDIGXBTP-UHFFFAOYSA-N,Benzoic acid,OC(=O)c1ccccc1,IMPHY002962,CHEMBL541,https://cb.imsc.res.in/imppat/phytochemical-detailedpage/IMPHY002962,Organic compounds,Benzenoids,Benzene and substituted derivatives,Benzoic acids and derivatives
WVDDGKGOMKODPV-UHFFFAOYSA-N,Benzyl Alcohol,OCc1ccccc1,IMPHY002915,CHEMBL720,https://cb.imsc.res.in/imppat/phytochemical-detailedpage/IMPHY002915,Organic compounds,Benzenoids,Benzene and substituted derivatives,Benzyl alcohols
QUKGYYKBILRGFE-UHFFFAOYSA-N,Benzyl acetate,CC(=O)OCc1ccccc1,IMPHY008991,CHEMBL1233714,https://cb.imsc.res.in/imppat/phytochemical-detailedpage/IMPHY008991,Organic compounds,Benzenoids,Benzene and substituted derivatives,Benzyloxycarbonyls
SESFRYSPDFLNCH-UHFFFAOYSA-N,Benzyl benzoate,O=C(c1ccccc1)OCc1ccccc1,IMPHY010097,CHEMBL1239,https://cb.imsc.res.in/imppat/phytochemical-detailedpage/IMPHY010097,Organic compounds,Benzenoids,Benzene and substituted derivatives,Benzoic acids and derivatives
PANKHBYNKQNAHN-MQQNZMFNSA-N,Crocetin,C/C(=CC=CC=C(C=CC=C(C(=O)O)/C)/C)/C=C/C=C(/C(=O)O)C,IMPHY010351,CHEMBL464792,https://cb.imsc.res.in/imppat/phytochemical-detailedpage/IMPHY010351,Organic compounds,Lipids and lipid-like molecules,Prenol lipids,Diterpenoids
RWGFKTVRMDUZSP-UHFFFAOYSA-N,Cumene,CC(c1ccccc1)C,IMPHY007037,CHEMBL1398949,https://cb.imsc.res.in/imppat/phytochemical-detailedpage/IMPHY007037,Organic compounds,Benzenoids,Benzene and substituted derivatives,Cumenes
DIOQZVSQGTUSAI-UHFFFAOYSA-N,Decane,CCCCCCCCCC,IMPHY001516,CHEMBL134537,https://cb.imsc.res.in/imppat/phytochemical-detailedpage/IMPHY001516,Organic compounds,Hydrocarbons,Saturated hydrocarbons,Alkanes
YNQLUTRBYVCPMQ-UHFFFAOYSA-N,Ethylbenzene,CCc1ccccc1,IMPHY009980,CHEMBL371561,https://cb.imsc.res.in/imppat/phytochemical-detailedpage/IMPHY009980,Organic compounds,Benzenoids,Benzene and substituted derivatives,
IIEWJVIFRVWJOD-UHFFFAOYSA-N,Ethylcyclohexane,CCC1CCCCC1,IMPHY015588,CHEMBL1882821,https://cb.imsc.res.in/imppat/phytochemical-detailedpage/IMPHY015588,Organic compounds,Hydrocarbons,Saturated hydrocarbons,Cycloalkanes
NIOYUNMRJMEDGI-UHFFFAOYSA-N,Hexadecanal,CCCCCCCCCCCCCCCC=O,IMPHY007467,CHEMBL1235338,https://cb.imsc.res.in/imppat/phytochemical-detailedpage/IMPHY007467,Organic compounds,Lipids and lipid-like molecules,Fatty acyls,Fatty aldehydes
YBYIRNPNPLQARY-UHFFFAOYSA-N,Indene,c1ccc2c(c1)C=CC2,IMPHY013748,CHEMBL192812,https://cb.imsc.res.in/imppat/phytochemical-detailedpage/IMPHY013748,Organic compounds,Benzenoids,Indenes and isoindenes,
OTLNPYWUJOZPPA-UHFFFAOYSA-M,P-nitrobenzoate,[O-]C(=O)c1ccc(cc1)[N+](=O)[O-],IMPHY008992,,https://cb.imsc.res.in/imppat/phytochemical-detailedpage/IMPHY008992,Organic compounds,Benzenoids,Benzene and substituted derivatives,Benzoic acids and derivatives
XGQJZNCFDLXSIJ-UHFFFAOYSA-N,Pentadecanal,CCCCCCCCCCCCCCC=O,IMPHY003316,CHEMBL5410059,https://cb.imsc.res.in/imppat/phytochemical-detailedpage/IMPHY003316,Organic compounds,Lipids and lipid-like molecules,Fatty acyls,Fatty aldehydes
DEDZSLCZHWTGOR-UHFFFAOYSA-N,Propylcyclohexane,CCCC1CCCCC1,IMPHY017133,,https://cb.imsc.res.in/imppat/phytochemical-detailedpage/IMPHY017133,Organic compounds,Hydrocarbons,Saturated hydrocarbons,Cycloalkanes
CTQNGGLPUBDAKN-UHFFFAOYSA-N,o-Xylene,Cc1ccccc1C,IMPHY012070,CHEMBL45005,https://cb.imsc.res.in/imppat/phytochemical-detailedpage/IMPHY012070,Organic compounds,Benzenoids,Benzene and substituted derivatives,Xylenes
URLKBWYHVLBVBO-UHFFFAOYSA-N,p-Xylene,Cc1ccc(cc1)C,IMPHY015918,CHEMBL31561,https://cb.imsc.res.in/imppat/phytochemical-detailedpage/IMPHY015918,Organic compounds,Benzenoids,Benzene and substituted derivatives,Xylenes
NOHMTCLUYAVQEY-MUOPKLAXSA-N,"(4aR,5R,6aR,6aS,6bR,8aR,10S,12aR)-5,10-dihydroxy-2,2,6a,6b,9,9,12a-heptamethyl-1,3,4,5,6,6a,7,8,8a,10,11,12,13,14-tetradecahydropicene-4a-carboxylic acid",O[C@@H]1C[C@]2(C)C(=C3[C@@]1(CCC(C3)(C)C)C(=O)O)CC[C@H]1[C@@]2(C)CC[C@@H]2[C@]1(C)CC[C@@H](C2(C)C)O,IMPHY010590,,https://cb.imsc.res.in/imppat/phytochemical-detailedpage/IMPHY010590,Organic compounds,Lipids and lipid-like molecules,Prenol lipids,Triterpenoids
KEBNFNINPQTCOU-AQWYDMDASA-N,Albigenin,O=C1C[C@]2(C)C(=C3[C@@H]1CCC(C3)(C)C)CC[C@H]1[C@@]2(C)CC[C@@H]2[C@]1(C)CC[C@@H](C2(C)C)O,IMPHY002318,,https://cb.imsc.res.in/imppat/phytochemical-detailedpage/IMPHY002318,Organic compounds,Organic oxygen compounds,Organooxygen compounds,Carbonyl compounds
UKMSUNONTOPOIO-UHFFFAOYSA-N,Docosanoic acid,CCCCCCCCCCCCCCCCCCCCCC(=O)O,IMPHY007212,CHEMBL1173474,https://cb.imsc.res.in/imppat/phytochemical-detailedpage/IMPHY007212,Organic compounds,Lipids and lipid-like molecules,Fatty acyls,Fatty acids and conjugates
MQYXUWHLBZFQQO-QGTGJCAVSA-N,Lupeol,CC(=C)[C@@H]1CC[C@]2([C@H]1[C@H]1CC[C@H]3[C@@]([C@]1(C)CC2)(C)CC[C@@H]1[C@]3(C)CC[C@@H](C1(C)C)O)C,IMPHY012473,CHEMBL289191,https://cb.imsc.res.in/imppat/phytochemical-detailedpage/IMPHY012473,Organic compounds,Lipids and lipid-like molecules,Prenol lipids,Triterpenoids
MIJYXULNPSFWEK-GTOFXWBISA-N,Oleanolic acid,O[C@H]1CC[C@]2([C@H](C1(C)C)CC[C@@]1([C@@H]2CC=C2[C@@]1(C)CC[C@@]1([C@H]2CC(C)(C)CC1)C(=O)O)C)C,IMPHY011826,CHEMBL168,https://cb.imsc.res.in/imppat/phytochemical-detailedpage/IMPHY011826,Organic compounds,Lipids and lipid-like molecules,Prenol lipids,Triterpenoids
QAIPRVGONGVQAS-DUXPYHPUSA-N,Caffeic acid,OC(=O)/C=C/c1ccc(c(c1)O)O,IMPHY011933,CHEMBL145,https://cb.imsc.res.in/imppat/phytochemical-detailedpage/IMPHY011933,Organic compounds,Phenylpropanoids and polyketides,Cinnamic acids and derivatives,Hydroxycinnamic acids and derivatives
DCYOADKBABEMIQ-OWMUPTOHSA-N,Myricitrin,Oc1cc(O)c2c(c1)oc(c(c2=O)O[C@@H]1O[C@@H](C)[C@@H]([C@H]([C@H]1O)O)O)c1cc(O)c(c(c1)O)O,IMPHY012745,CHEMBL522983,https://cb.imsc.res.in/imppat/phytochemical-detailedpage/IMPHY012745,Organic compounds,Phenylpropanoids and polyketides,Flavonoids,Flavonoid glycosides
PZZRDJXEMZMZFD-DUYPVGENSA-N,Quercetin-3-D-xyloside,Oc1cc(O)c2c(c1)oc(c(c2=O)OC1OC[C@H]([C@@H]([C@H]1O)O)O)c1ccc(c(c1)O)O,IMPHY011897,,https://cb.imsc.res.in/imppat/phytochemical-detailedpage/IMPHY011897,Organic compounds,Phenylpropanoids and polyketides,Flavonoids,Flavonoid glycosides
PEFASEPMJYRQBW-HKWQTAEVSA-N,Robinin,Oc1ccc(cc1)c1oc2cc(O[C@@H]3O[C@@H](C)[C@@H]([C@H]([C@H]3O)O)O)cc(c2c(=O)c1O[C@@H]1O[C@H](CO[C@@H]2O[C@@H](C)[C@@H]([C@H]([C@H]2O)O)O)[C@@H]([C@@H]([C@H]1O)O)O)O,IMPHY005473,,https://cb.imsc.res.in/imppat/phytochemical-detailedpage/IMPHY005473,Organic compounds,Phenylpropanoids and polyketides,Flavonoids,Flavonoid glycosides
FIAAVMJLAGNUKW-VQVVXJKKSA-N,Vicenin-2,OC[C@H]1O[C@H]([C@@H]([C@H]([C@@H]1O)O)O)c1c(O)c([C@@H]2O[C@H](CO)[C@H]([C@@H]([C@H]2O)O)O)c(c2c1oc(cc2=O)c1ccc(cc1)O)O,IMPHY012550,CHEMBL1442950,https://cb.imsc.res.in/imppat/phytochemical-detailedpage/IMPHY012550,Organic compounds,Phenylpropanoids and polyketides,Flavonoids,Flavonoid glycosides
HCXVJBMSMIARIN-PHZDYDNGSA-N,Stigmasterol,CC[C@@H](C(C)C)/C=C/[C@H]([C@H]1CC[C@@H]2[C@]1(C)CC[C@H]1[C@H]2CC=C2[C@]1(C)CC[C@@H](C2)O)C,IMPHY014842,CHEMBL400247,https://cb.imsc.res.in/imppat/phytochemical-detailedpage/IMPHY014842,Organic compounds,Lipids and lipid-like molecules,Steroids and steroid derivatives,Stigmastanes and derivatives
DTOSIQBPPRVQHS-PDBXOOCHSA-N,Linolenic acid,CC/C=CC/C=CC/C=CCCCCCCCC(=O)O,IMPHY012723,CHEMBL8739,https://cb.imsc.res.in/imppat/phytochemical-detailedpage/IMPHY012723,Organic compounds,Lipids and lipid-like molecules,Fatty acyls,Lineolic acids and derivatives
ADHNUPOJJCKWRT-JLXBFWJWSA-N,Octadecadienoic acid,CCCCCCCCCCCCC/C=C/C=C/C(=O)O,IMPHY004970,,https://cb.imsc.res.in/imppat/phytochemical-detailedpage/IMPHY004970,Organic compounds,Lipids and lipid-like molecules,Fatty acyls,Lineolic acids and derivatives
FSVMLWOLZHGCQX-UHFFFAOYSA-N,Leucopelargonidin,Oc1ccc(cc1)C1Oc2cc(O)cc(c2C(C1O)O)O,IMPHY003535,,https://cb.imsc.res.in/imppat/phytochemical-detailedpage/IMPHY003535,Organic compounds,Phenylpropanoids and polyketides,Flavonoids,Flavans
JEUXGAUBSWADEA-MRVWCRGKSA-N,Melacacidin,O[C@H]1[C@@H](O)[C@H](Oc2c1ccc(c2O)O)c1ccc(c(c1)O)O,IMPHY005363,,https://cb.imsc.res.in/imppat/phytochemical-detailedpage/IMPHY005363,Organic compounds,Phenylpropanoids and polyketides,Flavonoids,Flavans
RHTZDFORBKRGQU-UHFFFAOYSA-N,Melanoxetin,Oc1cc(ccc1O)c1oc2c(O)c(O)ccc2c(=O)c1O,IMPHY001594,CHEMBL3824026,https://cb.imsc.res.in/imppat/phytochemical-detailedpage/IMPHY001594,Organic compounds,Phenylpropanoids and polyketides,Flavonoids,Flavones
GSBNFGRTUCCBTK-DAFODLJHSA-N,Okanin,Oc1ccc(cc1O)/C=C/C(=O)c1ccc(c(c1O)O)O,IMPHY004776,CHEMBL222557,https://cb.imsc.res.in/imppat/phytochemical-detailedpage/IMPHY004776,Organic compounds,Phenylpropanoids and polyketides,"Linear 1,3-diarylpropanoids",Chalcones and dihydrochalcones
DSXDFPCKHIDOTD-UHFFFAOYSA-N,"(-)-cis-3,4-Dimethyl-2-phenyltetrahydro-1,4-thiazine",CC1N(C)CCSC1c1ccccc1,IMPHY016055,,https://cb.imsc.res.in/imppat/phytochemical-detailedpage/IMPHY016055,Organic compounds,Organoheterocyclic compounds,Thiazinanes,Thiomorpholines
OOQVBBNTNKHXSN-UHFFFAOYSA-N,"1,2,3,4-Tetramethylcyclohexane",CC1C(C)CCC(C1C)C,IMPHY017895,,https://cb.imsc.res.in/imppat/phytochemical-detailedpage/IMPHY017895,Organic compounds,Hydrocarbons,Saturated hydrocarbons,Cycloalkanes
GKQHIYSTBXDYNQ-UHFFFAOYSA-M,1-Dodecylpyridinium chloride,CCCCCCCCCCCC[n+]1ccccc1.[Cl-],IMPHY016767,,https://cb.imsc.res.in/imppat/phytochemical-detailedpage/IMPHY016767,Organic compounds,Organoheterocyclic compounds,Pyridines and derivatives,Pyridinium derivatives
YHYBNVZCQIDLSQ-UHFFFAOYSA-N,1-Fluorododecane,CCCCCCCCCCCCF,IMPHY015182,,https://cb.imsc.res.in/imppat/phytochemical-detailedpage/IMPHY015182,Organic compounds,Organohalogen compounds,Organofluorides,
RWJKYJZSUKHVAN-UHFFFAOYSA-N,"2,3,4-Trimethylpentanoic acid",CC(C(C(C(=O)O)C)C)C,IMPHY016303,,https://cb.imsc.res.in/imppat/phytochemical-detailedpage/IMPHY016303,Organic compounds,Lipids and lipid-like molecules,Fatty acyls,Fatty acids and conjugates
GFISDBXSWQMOND-UHFFFAOYSA-N,"2,5-Dimethoxytetrahydrofuran",COC1CCC(O1)OC,IMPHY016862,,https://cb.imsc.res.in/imppat/phytochemical-detailedpage/IMPHY016862,Organic compounds,Organoheterocyclic compounds,Tetrahydrofurans,
UEGKGPFVYRPVCC-UHFFFAOYSA-N,"2,5-Dimethyl-3,4-hexanediol",OC(C(C(C)C)O)C(C)C,IMPHY016731,,https://cb.imsc.res.in/imppat/phytochemical-detailedpage/IMPHY016731,Organic compounds,Organic oxygen compounds,Organooxygen compounds,Alcohols and polyols
SJVKHZYVCVKEGM-UHFFFAOYSA-N,2-Methyl-1-undecene,CCCCCCCCCC(=C)C,IMPHY016251,,https://cb.imsc.res.in/imppat/phytochemical-detailedpage/IMPHY016251,Organic compounds,Hydrocarbons,Unsaturated hydrocarbons,Branched unsaturated hydrocarbons
XVFFSHOUXDIMLE-UHFFFAOYSA-N,3-Methyl-2-(2-oxopropyl)furan,CC(=O)Cc1occc1C,IMPHY016377,,https://cb.imsc.res.in/imppat/phytochemical-detailedpage/IMPHY016377,Organic compounds,Organoheterocyclic compounds,Heteroaromatic compounds,
XEFKBSJQOZGUTE-UHFFFAOYSA-N,6-Methyleneundecane,CCCCCC(=C)CCCCC,IMPHY016285,,https://cb.imsc.res.in/imppat/phytochemical-detailedpage/IMPHY016285,Organic compounds,Hydrocarbons,Unsaturated hydrocarbons,Branched unsaturated hydrocarbons
WVPBKXPDHMXIKD-UHFFFAOYSA-N,"Cyclopentanone, 2-(1-methylpropyl)-",CCC(C1CCCC1=O)C,IMPHY016214,,https://cb.imsc.res.in/imppat/phytochemical-detailedpage/IMPHY016214,Organic compounds,Organic oxygen compounds,Organooxygen compounds,Carbonyl compounds
FYKMACNFDGQAMI-CWKFCGSDSA-N,"alpha-D-Xylofuranoside, methyl 2,3-di-O-methyl-",OC[C@H]1O[C@@H]([C@@H]([C@H]1OC)OC)OC,IMPHY016757,,https://cb.imsc.res.in/imppat/phytochemical-detailedpage/IMPHY016757,Organic compounds,Organic oxygen compounds,Organooxygen compounds,Carbohydrates and carbohydrate conjugates
VUQPJRPDRDVQMN-UHFFFAOYSA-N,1-Chlorooctadecane,CCCCCCCCCCCCCCCCCCCl,IMPHY016128,CHEMBL3187568,https://cb.imsc.res.in/imppat/phytochemical-detailedpage/IMPHY016128,Organic compounds,Organohalogen compounds,Organochlorides,
UANJDEPRRZDYGA-UHFFFAOYSA-N,"2,4,4,6,6,8,8-Heptamethyl-1-nonene",CC(=C)CC(CC(CC(C)(C)C)(C)C)(C)C,IMPHY016317,,https://cb.imsc.res.in/imppat/phytochemical-detailedpage/IMPHY016317,Organic compounds,Hydrocarbons,Unsaturated hydrocarbons,Branched unsaturated hydrocarbons
BAYAKMPRFGNNFW-UHFFFAOYSA-N,"2,4-Dimethyl-3-pentanol",OC(C(C)C)C(C)C,IMPHY016310,CHEMBL2260956,https://cb.imsc.res.in/imppat/phytochemical-detailedpage/IMPHY016310,Organic compounds,Organic oxygen compounds,Organooxygen compounds,Alcohols and polyols
QBRDZEOXRCJJJS-UHFFFAOYSA-N,"7-Octen-3-ol, 2,6-dimethyl-",C=CC(CCC(C(C)C)O)C,IMPHY017493,,https://cb.imsc.res.in/imppat/phytochemical-detailedpage/IMPHY017493,Organic compounds,Lipids and lipid-like molecules,Fatty acyls,Fatty alcohols
WTJKUFMLQFLJOT-UHFFFAOYSA-N,9-Heptadecanone,CCCCCCCCC(=O)CCCCCCCC,IMPHY010054,CHEMBL2398215,https://cb.imsc.res.in/imppat/phytochemical-detailedpage/IMPHY010054,Organic compounds,Organic oxygen compounds,Organooxygen compounds,Carbonyl compounds
PUFGCEQWYLJYNJ-UHFFFAOYSA-N,Didodecyl phthalate,CCCCCCCCCCCCOC(=O)c1ccccc1C(=O)OCCCCCCCCCCCC,IMPHY012159,,https://cb.imsc.res.in/imppat/phytochemical-detailedpage/IMPHY012159,Organic compounds,Benzenoids,Benzene and substituted derivatives,Benzoic acids and derivatives
UJEGHEMJVNQWOJ-UHFFFAOYSA-N,Heptyl ether,CCCCCCCOCCCCCCC,IMPHY017023,,https://cb.imsc.res.in/imppat/phytochemical-detailedpage/IMPHY017023,Organic compounds,Organic oxygen compounds,Organooxygen compounds,Ethers
RJUFJBKOKNCXHH-UHFFFAOYSA-N,Methyl propionate,CCC(=O)OC,IMPHY015842,CHEMBL3183973,https://cb.imsc.res.in/imppat/phytochemical-detailedpage/IMPHY015842,Organic compounds,Organic acids and derivatives,Carboxylic acids and derivatives,Carboxylic acid derivatives
CNADWWDQQLFROG-UHFFFAOYSA-N,"Tetracontane-1,40-diol",OCCCCCCCCCCCCCCCCCCCCCCCCCCCCCCCCCCCCCCCCO,IMPHY016859,,https://cb.imsc.res.in/imppat/phytochemical-detailedpage/IMPHY016859,Organic compounds,Lipids and lipid-like molecules,Fatty acyls,Fatty alcohols
GVJHHUAWPYXKBD-IEOSBIPESA-N,Vitamin E,C[C@@H](CCC[C@]1(C)CCc2c(O1)c(C)c(c(c2C)O)C)CCC[C@@H](CCCC(C)C)C,IMPHY008937,CHEMBL47,https://cb.imsc.res.in/imppat/phytochemical-detailedpage/IMPHY008937,Organic compounds,Lipids and lipid-like molecules,Prenol lipids,Quinone and hydroquinone lipids
WGVKWNUPNGFDFJ-DQCZWYHMSA-N,beta-Tocopherol,C[C@H](CCC[C@@H](CCCC(C)C)C)CCC[C@]1(C)CCc2c(O1)c(C)cc(c2C)O,IMPHY011554,,https://cb.imsc.res.in/imppat/phytochemical-detailedpage/IMPHY011554,Organic compounds,Lipids and lipid-like molecules,Prenol lipids,Quinone and hydroquinone lipids
UNRFDARCMOHDBJ-UHFFFAOYSA-N,16-Hentriacontanone,CCCCCCCCCCCCCCCC(=O)CCCCCCCCCCCCCCC,IMPHY008930,,https://cb.imsc.res.in/imppat/phytochemical-detailedpage/IMPHY008930,Organic compounds,Organic oxygen compounds,Organooxygen compounds,Carbonyl compounds
BDHQMRXFDYJGII-UEBIAWITSA-N,24-Methylenecycloartanol,C=C(C(C)C)CC[C@H]([C@H]1CC[C@@]2([C@]1(C)CC[C@@]13[C@H]2CC[C@@H]2[C@]3(C1)CC[C@@H](C2(C)C)O)C)C,IMPHY011393,CHEMBL376350,https://cb.imsc.res.in/imppat/phytochemical-detailedpage/IMPHY011393,Organic compounds,Lipids and lipid-like molecules,Steroids and steroid derivatives,Cycloartanols and derivatives
SGNBVLSWZMBQTH-PODYLUTMSA-N,Campesterol,O[C@H]1CC[C@]2(C(=CC[C@@H]3[C@@H]2CC[C@]2([C@H]3CC[C@@H]2[C@@H](CC[C@H](C(C)C)C)C)C)C1)C,IMPHY012402,CHEMBL520535,https://cb.imsc.res.in/imppat/phytochemical-detailedpage/IMPHY012402,Organic compounds,Lipids and lipid-like molecules,Steroids and steroid derivatives,Ergostane steroids
ONQRKEUAIJMULO-YBXTVTTCSA-N,Cycloartenol,CC(=CCC[C@H]([C@H]1CC[C@@]2([C@]1(C)CC[C@@]13[C@H]2CC[C@@H]2[C@]3(C1)CC[C@@H](C2(C)C)O)C)C)C,IMPHY011642,CHEMBL225815,https://cb.imsc.res.in/imppat/phytochemical-detailedpage/IMPHY011642,Organic compounds,Lipids and lipid-like molecules,Steroids and steroid derivatives,Cycloartanols and derivatives
HUNLTIZKNQDZEI-PGFZVWMDSA-N,Cycloeucalenol,C=C(C(C)C)CC[C@H]([C@H]1CC[C@@]2([C@]1(C)CC[C@@]13[C@H]2CC[C@@H]2[C@]3(C1)CC[C@@H]([C@H]2C)O)C)C,IMPHY002229,CHEMBL225634,https://cb.imsc.res.in/imppat/phytochemical-detailedpage/IMPHY002229,Organic compounds,Lipids and lipid-like molecules,Steroids and steroid derivatives,Cycloartanols and derivatives
IGGUPRCHHJZPBS-UHFFFAOYSA-N,Nonacosane,CCCCCCCCCCCCCCCCCCCCCCCCCCCCC,IMPHY009482,CHEMBL428955,https://cb.imsc.res.in/imppat/phytochemical-detailedpage/IMPHY009482,Organic compounds,Hydrocarbons,Saturated hydrocarbons,Alkanes
MUBZPKHOEPUJKR-UHFFFAOYSA-N,Oxalic acid,OC(=O)C(=O)O,IMPHY007450,CHEMBL146755,https://cb.imsc.res.in/imppat/phytochemical-detailedpage/IMPHY007450,Organic compounds,Organic acids and derivatives,Carboxylic acids and derivatives,Dicarboxylic acids and derivatives
YSKVBPGQYRAUQO-XZHVDHMVSA-N,Stigmast-7-en-3-ol,CC[C@H](C(C)C)CC[C@H]([C@H]1CC[C@@H]2[C@]1(C)CC[C@H]1C2=CCC2[C@]1(C)CCC(C2)O)C,IMPHY011886,,https://cb.imsc.res.in/imppat/phytochemical-detailedpage/IMPHY011886,Organic compounds,Lipids and lipid-like molecules,Steroids and steroid derivatives,Stigmastanes and derivatives
JZVFJDZBLUFKCA-FXIAWGAOSA-N,alpha-Spinasterol,CC[C@@H](C(C)C)/C=C/[C@H]([C@H]1CC[C@@H]2[C@]1(C)CC[C@H]1C2=CC[C@@H]2[C@]1(C)CC[C@@H](C2)O)C,IMPHY011576,CHEMBL487783,https://cb.imsc.res.in/imppat/phytochemical-detailedpage/IMPHY011576,Organic compounds,Lipids and lipid-like molecules,Steroids and steroid derivatives,Stigmastanes and derivatives
GHVNFZFCNZKVNT-UHFFFAOYSA-N,Decanoic acid,CCCCCCCCCC(=O)O,IMPHY003104,CHEMBL107498,https://cb.imsc.res.in/imppat/phytochemical-detailedpage/IMPHY003104,Organic compounds,Lipids and lipid-like molecules,Fatty acyls,Fatty acids and conjugates
POULHZVOKOAJMA-UHFFFAOYSA-N,Lauric acid,CCCCCCCCCCCC(=O)O,IMPHY003016,CHEMBL108766,https://cb.imsc.res.in/imppat/phytochemical-detailedpage/IMPHY003016,Organic compounds,Lipids and lipid-like molecules,Fatty acyls,Fatty acids and conjugates
VRCVXRWYXYWACO-UHFFFAOYSA-N,Amasterol,OC1CCC2(C(=CC=C3C2CCC2(C3CCC2C(CCC(=C)C(C)C)(O)C)C)C1)C,IMPHY006093,,https://cb.imsc.res.in/imppat/phytochemical-detailedpage/IMPHY006093,Organic compounds,Lipids and lipid-like molecules,Steroids and steroid derivatives,Ergostane steroids
RNKMOGIPOMVCHO-SJMVAQJGSA-N,"1,3,6-tri-O-galloyl-beta-D-glucose",O[C@@H]1[C@@H](COC(=O)c2cc(O)c(c(c2)O)O)O[C@H]([C@@H]([C@H]1OC(=O)c1cc(O)c(c(c1)O)O)O)OC(=O)c1cc(O)c(c(c1)O)O,IMPHY000783,CHEMBL389895,https://cb.imsc.res.in/imppat/phytochemical-detailedpage/IMPHY000783,Organic compounds,Phenylpropanoids and polyketides,Tannins,
ZFLBHPZBJRWSJR-UHFFFAOYSA-N,"5,6,7,13,14-Pentahydroxy-2,9-dioxatetracyclo[6.6.2.04,16.011,15]hexadeca-1(15),4(16),5,7,11,13-hexaene-3,10-dione",Oc1cc2c(=O)oc3c4c2c(c1O)oc(=O)c4c(c(c3O)O)O,IMPHY005916,CHEMBL1688543,https://cb.imsc.res.in/imppat/phytochemical-detailedpage/IMPHY005916,Organic compounds,Phenylpropanoids and polyketides,Tannins,Hydrolyzable tannins
LKDRXBCSQODPBY-VRPWFDPXSA-N,D-Fructose,OCC1(O)OC[C@H]([C@H]([C@@H]1O)O)O,IMPHY014916,CHEMBL2325229,https://cb.imsc.res.in/imppat/phytochemical-detailedpage/IMPHY014916,Organic compounds,Organic oxygen compounds,Organooxygen compounds,Carbohydrates and carbohydrate conjugates
WQZGKKKJIJFFOK-GASJEMHNSA-N,D-Glucose,OC[C@H]1OC(O)[C@@H]([C@H]([C@@H]1O)O)O,IMPHY014893,CHEMBL1222250,https://cb.imsc.res.in/imppat/phytochemical-detailedpage/IMPHY014893,Organic compounds,Organic oxygen compounds,Organooxygen compounds,Carbohydrates and carbohydrate conjugates
AFSDNFLWKVMVRB-UHFFFAOYSA-N,Ellagic acid,Oc1cc2c(=O)oc3c4c2c(c1O)oc(=O)c4cc(c3O)O,IMPHY005537,CHEMBL6246,https://cb.imsc.res.in/imppat/phytochemical-detailedpage/IMPHY005537,Organic compounds,Phenylpropanoids and polyketides,Tannins,Hydrolyzable tannins
AAWZDTNXLSGCEK-LNVDRNJUSA-N,Quinic acid,OC1[C@H](O)CC(C[C@H]1O)(O)C(=O)O,IMPHY007156,,https://cb.imsc.res.in/imppat/phytochemical-detailedpage/IMPHY007156,Organic compounds,Organic oxygen compounds,Organooxygen compounds,Alcohols and polyols
JXOHGGNKMLTUBP-HSUXUTPPSA-N,Shikimic acid,O[C@@H]1CC(=C[C@H]([C@H]1O)O)C(=O)O,IMPHY006945,CHEMBL290345,https://cb.imsc.res.in/imppat/phytochemical-detailedpage/IMPHY006945,Organic compounds,Organic oxygen compounds,Organooxygen compounds,Alcohols and polyols
HGJXAVROWQLCTP-YABCKIEDSA-N,Chebulagic acid,OC(=O)C[C@@H]1C(=O)O[C@@H]2[C@H]3COC(=O)c4cc(O)c(c(c4-c4c(C(=O)O[C@@H]2[C@@H](OC(=O)c2c5[C@H]1[C@H](O)C(=O)Oc5c(c(c2)O)O)[C@@H](O3)OC(=O)c1cc(O)c(c(c1)O)O)cc(O)c(c4O)O)O)O,IMPHY004799,CHEMBL525240,https://cb.imsc.res.in/imppat/phytochemical-detailedpage/IMPHY004799,Organic compounds,Phenylpropanoids and polyketides,Tannins,Hydrolyzable tannins
COZMWVAACFYLBI-XJEVXTIOSA-N,Chebulic acid,OC(=O)C[C@@H]([C@@H]1[C@H](OC(=O)c2c1c(O)c(c(c2)O)O)C(=O)O)C(=O)O,IMPHY010998,CHEMBL4129076,https://cb.imsc.res.in/imppat/phytochemical-detailedpage/IMPHY010998,Organic compounds,Benzenoids,Benzene and substituted derivatives,Benzoic acids and derivatives
TUSDEZXZIZRFGC-XIGLUPEJSA-N,Corilagin,O[C@@H]1[C@H]2COC(=O)c3cc(O)c(c(c3-c3c(C(=O)O[C@@H]1[C@H]([C@@H](O2)OC(=O)c1cc(O)c(c(c1)O)O)O)cc(O)c(c3O)O)O)O,IMPHY010965,CHEMBL449392,https://cb.imsc.res.in/imppat/phytochemical-detailedpage/IMPHY010965,Organic compounds,Phenylpropanoids and polyketides,Tannins,Hydrolyzable tannins
QUXNYZHQBWMPNX-UHFFFAOYSA-N,m-Trigallic acid,O=C(c1cc(OC(=O)c2cc(O)c(c(c2)O)O)c(c(c1)O)O)Oc1cc(cc(c1O)O)C(=O)O,IMPHY007402,,https://cb.imsc.res.in/imppat/phytochemical-detailedpage/IMPHY007402,Organic compounds,Phenylpropanoids and polyketides,Depsides and depsidones,
AEMOLEFTQBMNLQ-YMDCURPLSA-N,D-Galacturonic Acid,OC1O[C@H](C(=O)O)[C@@H]([C@@H]([C@H]1O)O)O,IMPHY014919,,https://cb.imsc.res.in/imppat/phytochemical-detailedpage/IMPHY014919,Organic compounds,Organic oxygen compounds,Organooxygen compounds,Carbohydrates and carbohydrate conjugates
HYBBIBNJHNGZAN-UHFFFAOYSA-N,Furfural,O=Cc1ccco1,IMPHY007041,CHEMBL189362,https://cb.imsc.res.in/imppat/phytochemical-detailedpage/IMPHY007041,Organic compounds,Organic oxygen compounds,Organooxygen compounds,Carbonyl compounds
AUNGANRZJHBGPY-SCRDCRAPSA-N,Riboflavin,OC[C@H]([C@H]([C@H](Cn1c2-c(nc3c1cc(C)c(c3)C)c(=O)[nH]c(=O)n2)O)O)O,IMPHY000846,CHEMBL1534,https://cb.imsc.res.in/imppat/phytochemical-detailedpage/IMPHY000846,Organic compounds,Organoheterocyclic compounds,Pteridines and derivatives,Alloxazines and isoalloxazines
SRBFZHDQGSBBOR-KKQCNMDGSA-N,beta-D-Xylopyranose,O[C@@H]1CO[C@H]([C@@H]([C@H]1O)O)O,IMPHY004167,,https://cb.imsc.res.in/imppat/phytochemical-detailedpage/IMPHY004167,Organic compounds,Organic oxygen compounds,Organooxygen compounds,Carbohydrates and carbohydrate conjugates
PQNTWKDHNSWVPU-UHFFFAOYSA-N,"9,19-Cyclolanost-24-en-3-ol, acetate, (3beta)-",CC(=CCCC(C1CCC2(C1(C)CCC13C2CCC2C3(C1)CCC(C2(C)C)OC(=O)C)C)C)C,IMPHY004689,,https://cb.imsc.res.in/imppat/phytochemical-detailedpage/IMPHY004689,Organic compounds,Lipids and lipid-like molecules,Steroids and steroid derivatives,Cycloartanols and derivatives
QGJZLNKBHJESQX-FZFNOLFKSA-N,Betulinic acid,CC(=C)[C@@H]1CC[C@]2([C@H]1[C@H]1CC[C@H]3[C@@]([C@]1(C)CC2)(C)CC[C@@H]1[C@]3(C)CC[C@@H](C1(C)C)O)C(=O)O,IMPHY012003,CHEMBL269277,https://cb.imsc.res.in/imppat/phytochemical-detailedpage/IMPHY012003,Organic compounds,Lipids and lipid-like molecules,Prenol lipids,Triterpenoids
NAJCQAAOHKVCES-ZZOQNIIDSA-N,Cycloartenone,CC(=CCC[C@H]([C@H]1CC[C@@]2([C@]1(C)CC[C@@]13[C@H]2CC[C@@H]2[C@]3(C1)CCC(=O)C2(C)C)C)C)C,IMPHY002120,CHEMBL226084,https://cb.imsc.res.in/imppat/phytochemical-detailedpage/IMPHY002120,Organic compounds,Lipids and lipid-like molecules,Steroids and steroid derivatives,Cycloartanols and derivatives
ZZPIXEJZTXAVCX-UHFFFAOYSA-N,Cycloheterophyllin,CC(=CCc1c2OC(C)(C)C=Cc2c(c2c1oc1-c3cc(O)c(cc3OC(c1c2=O)C=C(C)C)O)O)C,IMPHY004951,CHEMBL461820,https://cb.imsc.res.in/imppat/phytochemical-detailedpage/IMPHY004951,Organic compounds,Phenylpropanoids and polyketides,Flavonoids,Pyranoflavonoids
CBYLXVCMCVXUQQ-UHFFFAOYSA-N,Heterophyllin,CC(=CCc1c(oc2c(c1=O)c(O)c1c(c2CC=C(C)C)OC(C=C1)(C)C)c1cc(O)c(cc1O)O)C,IMPHY002555,CHEMBL461821,https://cb.imsc.res.in/imppat/phytochemical-detailedpage/IMPHY002555,Organic compounds,Phenylpropanoids and polyketides,Flavonoids,Flavones
PNKNNRLOQYRSCW-UHFFFAOYSA-N,Isocycloheterophyllin,CC(=CCc1c2OC(C)(C)C=Cc2c2c(c1O)c(=O)c1c(-c3cc(O)c(cc3OC(=C(C)C)C1)O)o2)C,IMPHY006633,,https://cb.imsc.res.in/imppat/phytochemical-detailedpage/IMPHY006633,Organic compounds,Organoheterocyclic compounds,Benzopyrans,1-benzopyrans
DICCPNLDOZNSML-XGKJEQFASA-N,(-)-Butyrospermol,CC(=CCC[C@H]([C@@H]1CC[C@]2([C@@]1(C)CC[C@H]1C2=CC[C@@H]2[C@]1(C)CC[C@@H](C2(C)C)O)C)C)C,IMPHY002139,,https://cb.imsc.res.in/imppat/phytochemical-detailedpage/IMPHY002139,Organic compounds,Lipids and lipid-like molecules,Prenol lipids,Triterpenoids
LRHPLDYGYMQRHN-UHFFFAOYSA-N,1-Butanol,CCCCO,IMPHY002949,CHEMBL14245,https://cb.imsc.res.in/imppat/phytochemical-detailedpage/IMPHY002949,Organic compounds,Organic oxygen compounds,Organooxygen compounds,Alcohols and polyols
KBPLFHHGFOOTCA-UHFFFAOYSA-N,1-Octanol,CCCCCCCCO,IMPHY007620,CHEMBL26215,https://cb.imsc.res.in/imppat/phytochemical-detailedpage/IMPHY007620,Organic compounds,Lipids and lipid-like molecules,Fatty acyls,Fatty alcohols
TZMFJUDUGYTVRY-UHFFFAOYSA-N,"2,3-Pentanedione",CCC(=O)C(=O)C,IMPHY015223,CHEMBL192809,https://cb.imsc.res.in/imppat/phytochemical-detailedpage/IMPHY015223,Organic compounds,Organic oxygen compounds,Organooxygen compounds,Carbonyl compounds
DQBQWWSFRPLIAX-UHFFFAOYSA-N,2-Acetyl-1-pyrroline,CC(=O)C1=NCCC1,IMPHY004624,,https://cb.imsc.res.in/imppat/phytochemical-detailedpage/IMPHY004624,Organic compounds,Organoheterocyclic compounds,Pyrrolines,
MBDOYVRWFFCFHM-SNAWJCMRSA-N,2-Hexenal,CCC/C=C/C=O,IMPHY011562,CHEMBL2228570,https://cb.imsc.res.in/imppat/phytochemical-detailedpage/IMPHY011562,Organic compounds,Organic oxygen compounds,Organooxygen compounds,Carbonyl compounds
WRMNZCZEMHIOCP-UHFFFAOYSA-N,2-Phenylethanol,OCCc1ccccc1,IMPHY006279,CHEMBL448500,https://cb.imsc.res.in/imppat/phytochemical-detailedpage/IMPHY006279,Organic compounds,Benzenoids,Benzene and substituted derivatives,
JSASXSHMJYRPCM-UHFFFAOYSA-N,3-(Methylthio)-1-hexanol,CCCC(CCO)SC,IMPHY006666,,https://cb.imsc.res.in/imppat/phytochemical-detailedpage/IMPHY006666,Organic compounds,Organosulfur compounds,Thioethers,Dialkylthioethers
CLUWOWRTHNNBBU-UHFFFAOYSA-N,3-(Methylthio)propionaldehyde,CSCCC=O,IMPHY004751,CHEMBL333298,https://cb.imsc.res.in/imppat/phytochemical-detailedpage/IMPHY004751,Organic compounds,Organic oxygen compounds,Organooxygen compounds,Carbonyl compounds
VAJVDSVGBWFCLW-UHFFFAOYSA-N,3-Phenyl-1-propanol,OCCCc1ccccc1,IMPHY008673,CHEMBL1606391,https://cb.imsc.res.in/imppat/phytochemical-detailedpage/IMPHY008673,Organic compounds,Benzenoids,Benzene and substituted derivatives,
YGCZTXZTJXYWCO-UHFFFAOYSA-N,3-Phenylpropanal,O=CCCc1ccccc1,IMPHY008726,CHEMBL440161,https://cb.imsc.res.in/imppat/phytochemical-detailedpage/IMPHY008726,Organic compounds,Benzenoids,Benzene and substituted derivatives,
ROWKJAVDOGWPAT-UHFFFAOYSA-N,Acetoin,CC(=O)C(O)C,IMPHY003340,CHEMBL3561873,https://cb.imsc.res.in/imppat/phytochemical-detailedpage/IMPHY003340,Organic compounds,Organic oxygen compounds,Organooxygen compounds,Carbonyl compounds
KRGDFVQWQJIMEK-RMKNXTFCSA-N,Artocarpin,COc1cc2oc(c3ccc(cc3O)O)c(c(=O)c2c(c1/C=C/C(C)C)O)CC=C(C)C,IMPHY006383,CHEMBL72617,https://cb.imsc.res.in/imppat/phytochemical-detailedpage/IMPHY006383,Organic compounds,Phenylpropanoids and polyketides,Flavonoids,Flavones
HUMNYLRZRPPJDN-UHFFFAOYSA-N,Benzaldehyde,O=Cc1ccccc1,IMPHY009946,CHEMBL15972,https://cb.imsc.res.in/imppat/phytochemical-detailedpage/IMPHY009946,Organic compounds,Benzenoids,Benzene and substituted derivatives,Benzoyl derivatives
AYWJSCLAAPJZEF-UHFFFAOYSA-N,Butyl isovalerate,CCCCOC(=O)CC(C)C,IMPHY015522,,https://cb.imsc.res.in/imppat/phytochemical-detailedpage/IMPHY015522,Organic compounds,Lipids and lipid-like molecules,Fatty acyls,Fatty acid esters
AEMOLEFTQBMNLQ-AQKNRBDQSA-N,D-Glucuronic Acid,OC1O[C@H](C(=O)O)[C@H]([C@@H]([C@H]1O)O)O,IMPHY004235,CHEMBL496672,https://cb.imsc.res.in/imppat/phytochemical-detailedpage/IMPHY004235,Organic compounds,Organic oxygen compounds,Organooxygen compounds,Carbohydrates and carbohydrate conjugates
WQZGKKKJIJFFOK-QTVWNMPRSA-N,D-Mannose,OC[C@H]1OC(O)[C@H]([C@H]([C@@H]1O)O)O,IMPHY015000,CHEMBL469448,https://cb.imsc.res.in/imppat/phytochemical-detailedpage/IMPHY015000,Organic compounds,Organic oxygen compounds,Organooxygen compounds,Carbohydrates and carbohydrate conjugates
SWXVUIWOUIDPGS-UHFFFAOYSA-N,Diacetone alcohol,CC(=O)CC(O)(C)C,IMPHY003486,CHEMBL3182048,https://cb.imsc.res.in/imppat/phytochemical-detailedpage/IMPHY003486,Organic compounds,Organic oxygen compounds,Organooxygen compounds,Carbonyl compounds
SBHXYTNGIZCORC-ZDUSSCGKSA-N,Eriodictyol,Oc1cc2O[C@@H](CC(=O)c2c(c1)O)c1ccc(c(c1)O)O,IMPHY004038,CHEMBL8996,https://cb.imsc.res.in/imppat/phytochemical-detailedpage/IMPHY004038,Organic compounds,Phenylpropanoids and polyketides,Flavonoids,Flavans
PPXUHEORWJQRHJ-UHFFFAOYSA-N,Ethyl isovalerate,CCOC(=O)CC(C)C,IMPHY009961,CHEMBL3183097,https://cb.imsc.res.in/imppat/phytochemical-detailedpage/IMPHY009961,Organic compounds,Lipids and lipid-like molecules,Fatty acyls,Fatty acid esters
FUZZWVXGSFPDMH-UHFFFAOYSA-N,Hexanoic acid,CCCCCC(=O)O,IMPHY007354,CHEMBL14184,https://cb.imsc.res.in/imppat/phytochemical-detailedpage/IMPHY007354,Organic compounds,Lipids and lipid-like molecules,Fatty acyls,Fatty acids and conjugates
MLFHJEHSLIIPHL-UHFFFAOYSA-N,Isoamyl acetate,CC(CCOC(=O)C)C,IMPHY003519,CHEMBL42013,https://cb.imsc.res.in/imppat/phytochemical-detailedpage/IMPHY003519,Organic compounds,Organic acids and derivatives,Carboxylic acids and derivatives,Carboxylic acid derivatives
ZXEKIIBDNHEJCQ-UHFFFAOYSA-N,Isobutanol,OCC(C)C,IMPHY012059,CHEMBL269630,https://cb.imsc.res.in/imppat/phytochemical-detailedpage/IMPHY012059,Organic compounds,Organic oxygen compounds,Organooxygen compounds,Alcohols and polyols
KEBDNKNVCHQIJU-UHFFFAOYSA-N,Isobutyl isovalerate,CC(COC(=O)CC(C)C)C,IMPHY015288,,https://cb.imsc.res.in/imppat/phytochemical-detailedpage/IMPHY015288,Organic compounds,Lipids and lipid-like molecules,Fatty acyls,Fatty acid esters
MLLAPOCBLWUFAP-UHFFFAOYSA-N,Isopentyl benzoate,CC(CCOC(=O)c1ccccc1)C,IMPHY006674,CHEMBL2260711,https://cb.imsc.res.in/imppat/phytochemical-detailedpage/IMPHY006674,Organic compounds,Benzenoids,Benzene and substituted derivatives,Benzoic acids and derivatives
VFTGLSWXJMRZNB-UHFFFAOYSA-N,Isopentyl isobutyrate,CC(CCOC(=O)C(C)C)C,IMPHY009990,,https://cb.imsc.res.in/imppat/phytochemical-detailedpage/IMPHY009990,Organic compounds,Organic acids and derivatives,Carboxylic acids and derivatives,Carboxylic acid derivatives
GWYFCOCPABKNJV-UHFFFAOYSA-N,Isovaleric acid,CC(CC(=O)O)C,IMPHY001109,CHEMBL568737,https://cb.imsc.res.in/imppat/phytochemical-detailedpage/IMPHY001109,Organic compounds,Lipids and lipid-like molecules,Fatty acyls,Fatty acids and conjugates
JNURPEZKOSMRMZ-UHFFFAOYSA-N,Methyl 3-hydroxy-3-methylbutanoate,COC(=O)CC(O)(C)C,IMPHY015824,,https://cb.imsc.res.in/imppat/phytochemical-detailedpage/IMPHY015824,Organic compounds,Lipids and lipid-like molecules,Fatty acyls,Fatty acid esters
OQAGVSWESNCJJT-UHFFFAOYSA-N,Methyl isovalerate,COC(=O)CC(C)C,IMPHY009846,,https://cb.imsc.res.in/imppat/phytochemical-detailedpage/IMPHY009846,Organic compounds,Lipids and lipid-like molecules,Fatty acyls,Fatty acid esters
NUJGJRNETVAIRJ-UHFFFAOYSA-N,Octanal,CCCCCCCC=O,IMPHY000795,CHEMBL18407,https://cb.imsc.res.in/imppat/phytochemical-detailedpage/IMPHY000795,Organic compounds,Organic oxygen compounds,Organooxygen compounds,Carbonyl compounds
WWZKQHOCKIZLMA-UHFFFAOYSA-N,Octanoic acid,CCCCCCCC(=O)O,IMPHY003301,CHEMBL324846,https://cb.imsc.res.in/imppat/phytochemical-detailedpage/IMPHY003301,Organic compounds,Lipids and lipid-like molecules,Fatty acyls,Fatty acids and conjugates
JIMGVOCOYZFDKB-UHFFFAOYSA-N,Phenethyl isovalerate,CC(CC(=O)OCCc1ccccc1)C,IMPHY011033,,https://cb.imsc.res.in/imppat/phytochemical-detailedpage/IMPHY011033,Organic compounds,Lipids and lipid-like molecules,Fatty acyls,Fatty acid esters
DTUQWGWMVIHBKE-UHFFFAOYSA-N,Phenylacetaldehyde,O=CCc1ccccc1,IMPHY007539,CHEMBL1233464,https://cb.imsc.res.in/imppat/phytochemical-detailedpage/IMPHY007539,Organic compounds,Benzenoids,Benzene and substituted derivatives,Phenylacetaldehydes
BDERNNFJNOPAEC-UHFFFAOYSA-N,Propanol,CCCO,IMPHY001215,CHEMBL14687,https://cb.imsc.res.in/imppat/phytochemical-detailedpage/IMPHY001215,Organic compounds,Organic oxygen compounds,Organooxygen compounds,Alcohols and polyols
XBDQKXXYIPTUBI-UHFFFAOYSA-N,Propionic acid,CCC(=O)O,IMPHY012028,CHEMBL14021,https://cb.imsc.res.in/imppat/phytochemical-detailedpage/IMPHY012028,Organic compounds,Organic acids and derivatives,Carboxylic acids and derivatives,Carboxylic acids
YKYONYBAUNKHLG-UHFFFAOYSA-N,Propyl acetate,CCCOC(=O)C,IMPHY015867,CHEMBL44857,https://cb.imsc.res.in/imppat/phytochemical-detailedpage/IMPHY015867,Organic compounds,Organic acids and derivatives,Carboxylic acids and derivatives,Carboxylic acid derivatives
LSJMDWFAADPNAX-UHFFFAOYSA-N,Propyl isovalerate,CCCOC(=O)CC(C)C,IMPHY013770,,https://cb.imsc.res.in/imppat/phytochemical-detailedpage/IMPHY013770,Organic compounds,Lipids and lipid-like molecules,Fatty acyls,Fatty acid esters
ACWQBUSCFPJUPN-HWKANZROSA-N,Tiglic aldehyde,C/C=C(/C=O)C,IMPHY004934,CHEMBL53493,https://cb.imsc.res.in/imppat/phytochemical-detailedpage/IMPHY004934,Organic compounds,Organic oxygen compounds,Organooxygen compounds,Carbonyl compounds
NQPDZGIKBAWPEJ-UHFFFAOYSA-N,Valeric acid,CCCCC(=O)O,IMPHY012089,CHEMBL268736,https://cb.imsc.res.in/imppat/phytochemical-detailedpage/IMPHY012089,Organic compounds,Lipids and lipid-like molecules,Fatty acyls,Fatty acids and conjugates
OENHQHLEOONYIE-JLTXGRSLSA-N,beta-Carotene,C/C(=CC=CC=C(C=CC=C(C=CC1=C(C)CCCC1(C)C)/C)/C)/C=C/C=C(/C=C/C1=C(C)CCCC1(C)C)C,IMPHY011707,CHEMBL1293,https://cb.imsc.res.in/imppat/phytochemical-detailedpage/IMPHY011707,Organic compounds,Lipids and lipid-like molecules,Prenol lipids,Tetraterpenoids
XFZJEEAOWLFHDH-AVFWISQGSA-N,Procyanidin B3,Oc1cc(O)c2c(c1)O[C@@H]([C@H]([C@@H]2c1c(O)cc(c2c1O[C@@H]([C@H](C2)O)c1ccc(c(c1)O)O)O)O)c1ccc(c(c1)O)O,IMPHY011871,CHEMBL501490,https://cb.imsc.res.in/imppat/phytochemical-detailedpage/IMPHY011871,Organic compounds,Phenylpropanoids and polyketides,Flavonoids,Biflavonoids and polyflavonoids
MOJZMWJRUKIQGL-XILRTYJMSA-N,Procyanidin C1,Oc1cc(O)c2c(c1)O[C@@H]([C@@H]([C@H]2c1c(O)cc(c2c1O[C@H](c1ccc(c(c1)O)O)[C@@H]([C@H]2c1c(O)cc(c2c1O[C@@H]([C@@H](C2)O)c1ccc(c(c1)O)O)O)O)O)O)c1ccc(c(c1)O)O,IMPHY015045,CHEMBL290632,https://cb.imsc.res.in/imppat/phytochemical-detailedpage/IMPHY015045,Organic compounds,Phenylpropanoids and polyketides,Flavonoids,Biflavonoids and polyflavonoids
JSPGKOBNHWTKNT-HIEMMNDMSA-N,"9,19-Cyclolanost-23-ene-3,25-diol",C[C@@H]([C@H]1CC[C@@]2([C@]1(C)CC[C@@]13[C@H]2CC[C@H]2[C@]3(C1)CCC(C2(C)C)O)C)C/C=C/C(O)(C)C,IMPHY014794,,https://cb.imsc.res.in/imppat/phytochemical-detailedpage/IMPHY014794,Organic compounds,Lipids and lipid-like molecules,Steroids and steroid derivatives,Cycloartanols and derivatives
ZRRIYQXQQBEZOK-KRWDZBQOSA-N,"(2S)-5-hydroxy-7-methoxy-6-(3-methylbut-2-enyl)-2-(3,4,5-trimethoxyphenyl)-2,3-dihydrochromen-4-one",COc1cc2O[C@@H](CC(=O)c2c(c1CC=C(C)C)O)c1cc(OC)c(c(c1)OC)OC,IMPHY010242,,https://cb.imsc.res.in/imppat/phytochemical-detailedpage/IMPHY010242,Organic compounds,Phenylpropanoids and polyketides,Flavonoids,Flavans
JMWCPXJWKKIWQK-WAPLGSCZSA-N,"(E)-1-[3-[(1S,5S,6R)-6-[2,4-dihydroxy-3-[(E)-3-methylbut-1-enyl]benzoyl]-5-(2,4-dihydroxyphenyl)-3-methylcyclohex-2-en-1-yl]-2,4-dihydroxyphenyl]-3-(2,4-dihydroxyphenyl)prop-2-en-1-one",CC(/C=C/c1c(O)ccc(c1O)C(=O)[C@H]1[C@H](C=C(C[C@@H]1c1ccc(cc1O)O)C)c1c(O)ccc(c1O)C(=O)/C=C/c1ccc(cc1O)O)C,IMPHY002831,,https://cb.imsc.res.in/imppat/phytochemical-detailedpage/IMPHY002831,Organic compounds,Phenylpropanoids and polyketides,Diarylheptanoids,Linear diarylheptanoids
JIQSDJNLGMFGDV-LIKPGJMYSA-N,"(E)-3-(2,4-dihydroxyphenyl)-1-[3-[(1S,5S,6R)-5-(2,4-dihydroxyphenyl)-6-(5-hydroxy-2,2-dimethylchromene-6-carbonyl)-3-methylcyclohex-2-en-1-yl]-2,4-dihydroxyphenyl]prop-2-en-1-one",CC1=C[C@H](c2c(O)ccc(c2O)C(=O)/C=C/c2ccc(cc2O)O)[C@@H]([C@H](C1)c1ccc(cc1O)O)C(=O)c1ccc2c(c1O)C=CC(O2)(C)C,IMPHY002832,,https://cb.imsc.res.in/imppat/phytochemical-detailedpage/IMPHY002832,Organic compounds,Phenylpropanoids and polyketides,"Linear 1,3-diarylpropanoids",Chalcones and dihydrochalcones
SOELRCQALJYJGU-UHFFFAOYSA-N,9-Hydroxytridecyl docosanoate,CCCCCCCCCCCCCCCCCCCCCC(=O)OCCCCCCCCC(CCCC)O,IMPHY013663,,https://cb.imsc.res.in/imppat/phytochemical-detailedpage/IMPHY013663,Organic compounds,Lipids and lipid-like molecules,Fatty acyls,Fatty acid esters
IGNKZOMBJGAKHN-UHFFFAOYSA-N,Artonin B,CC(=CCc1c2OC(C)(C)C=Cc2c(c2c1oc1-c3c(O)cc(c(c3C(Cc1c2=O)C(=C)C)O)O)O)C,IMPHY001986,CHEMBL462877,https://cb.imsc.res.in/imppat/phytochemical-detailedpage/IMPHY001986,Organic compounds,Organoheterocyclic compounds,Benzopyrans,1-benzopyrans
WQIPFMCXBWXUAV-UHFFFAOYSA-N,Artonin J,CC(=CCc1c(O)c2-c3oc4cc(O)cc(c4c(=O)c3CC3c2c(c1O)OC3(C)C)O)C,IMPHY004778,CHEMBL4165611,https://cb.imsc.res.in/imppat/phytochemical-detailedpage/IMPHY004778,Organic compounds,Organoheterocyclic compounds,Benzopyrans,1-benzopyrans
NMKFZSNRHNHWLX-UHFFFAOYSA-N,Artonin K,COc1cc(O)c2c(c1)oc1-c3c(O)cc(c4c3C(Cc1c2=O)C(O4)(C)C)O,IMPHY001451,,https://cb.imsc.res.in/imppat/phytochemical-detailedpage/IMPHY001451,Organic compounds,Organoheterocyclic compounds,Benzopyrans,1-benzopyrans
LDQNIBPJKBVZEF-UHFFFAOYSA-N,Artonin L,COc1cc(O)c2c3c1-c1oc4cc(OC)cc(c4c(=O)c1CC3C(O2)(C)C)O,IMPHY004781,,https://cb.imsc.res.in/imppat/phytochemical-detailedpage/IMPHY004781,Organic compounds,Organoheterocyclic compounds,Benzopyrans,1-benzopyrans
FVWJYYTZTCVBKE-ROUWMTJPSA-N,Betulin,OC[C@@]12CC[C@H]([C@@H]2[C@@H]2[C@](CC1)(C)[C@]1(C)CC[C@@H]3[C@]([C@H]1CC2)(C)CC[C@@H](C3(C)C)O)C(=C)C,IMPHY004271,CHEMBL23236,https://cb.imsc.res.in/imppat/phytochemical-detailedpage/IMPHY004271,Organic compounds,Lipids and lipid-like molecules,Prenol lipids,Triterpenoids
JEXUYOSYJIRTIF-UHFFFAOYSA-N,Heteroflavanone A,COc1cc(OC)c(c(c1)OC)C1CC(=O)c2c(O1)cc(cc2O)OC,IMPHY008266,,https://cb.imsc.res.in/imppat/phytochemical-detailedpage/IMPHY008266,Organic compounds,Phenylpropanoids and polyketides,Flavonoids,O-methylated flavonoids
CQHDMUSZBYPHBO-UHFFFAOYSA-N,Heteroflavanone B,COc1cc(OC)cc(c1C1CC(=O)c2c(O1)c(CC=C(C)C)c(cc2O)OC)OC,IMPHY008269,,https://cb.imsc.res.in/imppat/phytochemical-detailedpage/IMPHY008269,Organic compounds,Phenylpropanoids and polyketides,Flavonoids,Flavans
LKUWYFZLCAUAGB-UHFFFAOYSA-N,Heteroflavanone C,COc1cc(OC)c(c(c1)OC)C1CC(=O)c2c(O1)c(CC=C(C)C)c(cc2O)O,IMPHY003430,,https://cb.imsc.res.in/imppat/phytochemical-detailedpage/IMPHY003430,Organic compounds,Phenylpropanoids and polyketides,Flavonoids,Flavans
VDNFSSVVXBUKRX-UHFFFAOYSA-N,Heterophylol,COc1cc(OC)c(c2c1CC1c3ccc(cc3OC(C1C2)(C)C)O)CC=C(C)C,IMPHY001499,,https://cb.imsc.res.in/imppat/phytochemical-detailedpage/IMPHY001499,Organic compounds,Organoheterocyclic compounds,Naphthopyrans,
VBCBSDJKFLGBIX-UHFFFAOYSA-N,Tridecyl behenate,CCCCCCCCCCCCCCCCCCCCCC(=O)OCCCCCCCCCCCCC,IMPHY015100,,https://cb.imsc.res.in/imppat/phytochemical-detailedpage/IMPHY015100,Organic compounds,Lipids and lipid-like molecules,Fatty acyls,Fatty acid esters
WCGUUGGRBIKTOS-GPOJBZKASA-N,Ursolic acid,C[C@@H]1CC[C@]2([C@@H]([C@H]1C)C1=CC[C@H]3[C@@]([C@@]1(CC2)C)(C)CC[C@@H]1[C@]3(C)CC[C@@H](C1(C)C)O)C(=O)O,IMPHY011880,CHEMBL169,https://cb.imsc.res.in/imppat/phytochemical-detailedpage/IMPHY011880,Organic compounds,Lipids and lipid-like molecules,Prenol lipids,Triterpenoids
CYONWSIQFYQFOS-UHFFFAOYSA-N,artonin A,CC(=CCc1c2OC(C)(C)C=Cc2c(c2c1oc1-c3c(O)cc(c4c3C(Cc1c2=O)C(O4)(C)C)O)O)C,IMPHY002554,CHEMBL516550,https://cb.imsc.res.in/imppat/phytochemical-detailedpage/IMPHY002554,Organic compounds,Organoheterocyclic compounds,Benzopyrans,1-benzopyrans
FUOITKFXHPXSCA-SOFGYWHQSA-N,cycloartocarpin A,COc1ccc2-c3oc4cc(O)c(c(c4c(=O)c3C(Oc2c1)C=C(C)C)O)/C=C/C(C)C,IMPHY004747,CHEMBL463093,https://cb.imsc.res.in/imppat/phytochemical-detailedpage/IMPHY004747,Organic compounds,Phenylpropanoids and polyketides,Flavonoids,Pyranoflavonoids
NXHZAKRRBAPHDQ-HOTGVXAUSA-N,(2s)-2-[[(2s)-2-Acetamido-5-[[n-(Methylcarbamoyl)carbamimidoyl]amino]pentanoyl]-Methyl-Amino]-3-Phenyl-Propanoic Acid,CNC(=O)N/C(=N/CCC[C@@H](C(=O)N([C@H](C(=O)O)Cc1ccccc1)C)NC(=O)C)/N,IMPHY014390,CHEMBL493316,https://cb.imsc.res.in/imppat/phytochemical-detailedpage/IMPHY014390,Organic compounds,Organic acids and derivatives,Carboxylic acids and derivatives,"Amino acids, peptides, and analogues"
VZPAURMDJZOGHU-DQEYMECFSA-N,Asperglaucide,CC(=O)OC[C@@H](NC(=O)[C@@H](NC(=O)c1ccccc1)Cc1ccccc1)Cc1ccccc1,IMPHY010589,CHEMBL4071910,https://cb.imsc.res.in/imppat/phytochemical-detailedpage/IMPHY010589,Organic compounds,Organic acids and derivatives,Carboxylic acids and derivatives,"Amino acids, peptides, and analogues"
MSWZFWKMSRAUBD-IVMDWMLBSA-N,D-Glucosamine,OC[C@H]1OC(O)[C@@H]([C@H]([C@@H]1O)O)N,IMPHY014892,CHEMBL493287,https://cb.imsc.res.in/imppat/phytochemical-detailedpage/IMPHY014892,Organic compounds,Organic oxygen compounds,Organooxygen compounds,Carbohydrates and carbohydrate conjugates
SRBFZHDQGSBBOR-IOVATXLUSA-N,D-Xylose,O[C@@H]1COC([C@@H]([C@H]1O)O)O,IMPHY015116,,https://cb.imsc.res.in/imppat/phytochemical-detailedpage/IMPHY015116,Organic compounds,Organic oxygen compounds,Organooxygen compounds,Carbohydrates and carbohydrate conjugates
SHZGCJCMOBCMKK-DHVFOXMCSA-N,L-Fucose,O[C@@H]1[C@H](C)OC([C@H]([C@@H]1O)O)O,IMPHY012161,,https://cb.imsc.res.in/imppat/phytochemical-detailedpage/IMPHY012161,Organic compounds,Organic oxygen compounds,Organooxygen compounds,Carbohydrates and carbohydrate conjugates
WBHHMMIMDMUBKC-QJWNTBNXSA-N,Ricinoleic acid,CCCCCC[C@H](C/C=CCCCCCCCC(=O)O)O,IMPHY006466,CHEMBL3186422,https://cb.imsc.res.in/imppat/phytochemical-detailedpage/IMPHY006466,Organic compounds,Lipids and lipid-like molecules,Fatty acyls,Fatty acids and conjugates
QIWOFDHUQPJCJF-UHFFFAOYSA-N,"2-(2,4-Dihydroxyphenyl)-3,5,7-trihydroxy-2,3-dihydrochromen-4-one",Oc1ccc(c(c1)O)C1Oc2cc(O)cc(c2C(=O)C1O)O,IMPHY003259,CHEMBL465073,https://cb.imsc.res.in/imppat/phytochemical-detailedpage/IMPHY003259,Organic compounds,Phenylpropanoids and polyketides,Flavonoids,Flavans
FWIXOUMETCCFPO-SOFGYWHQSA-N,"3,8-dihydroxy-10-methoxy-9-[(E)-3-methylbut-1-enyl]-6-(2-methylprop-1-enyl)-6H-chromeno[4,3-b]chromen-7-one",COc1cc2oc3-c4ccc(cc4OC(c3c(=O)c2c(c1/C=C/C(C)C)O)C=C(C)C)O,IMPHY006382,CHEMBL525350,https://cb.imsc.res.in/imppat/phytochemical-detailedpage/IMPHY006382,Organic compounds,Phenylpropanoids and polyketides,Flavonoids,Pyranoflavonoids
FQGBGNHGEUOZIW-AWEZNQCLSA-N,Artocarpanone,COc1cc2O[C@@H](CC(=O)c2c(c1)O)c1ccc(cc1O)O,IMPHY001403,CHEMBL467194,https://cb.imsc.res.in/imppat/phytochemical-detailedpage/IMPHY001403,Organic compounds,Phenylpropanoids and polyketides,Flavonoids,O-methylated flavonoids
YWUVFGZTDLJVCR-UHFFFAOYSA-N,Artocarpesin,CC(=CCc1c(O)cc2c(c1O)c(=O)cc(o2)c1ccc(cc1O)O)C,IMPHY003450,CHEMBL1915458,https://cb.imsc.res.in/imppat/phytochemical-detailedpage/IMPHY003450,Organic compounds,Phenylpropanoids and polyketides,Flavonoids,Flavones
VOCATNAJXJSCLN-UHFFFAOYSA-N,Artocarpetin,COc1cc(O)c2c(c1)oc(cc2=O)c1ccc(cc1O)O,IMPHY009341,CHEMBL460552,https://cb.imsc.res.in/imppat/phytochemical-detailedpage/IMPHY009341,Organic compounds,Phenylpropanoids and polyketides,Flavonoids,O-methylated flavonoids
FLXAQKUNYPFZHL-DHZHZOJOSA-N,Artocarpin dimethyl ether,COc1cc2oc(c3ccc(cc3OC)OC)c(c(=O)c2c(c1/C=C/C(C)C)O)CC=C(C)C,IMPHY003217,,https://cb.imsc.res.in/imppat/phytochemical-detailedpage/IMPHY003217,Organic compounds,Phenylpropanoids and polyketides,Flavonoids,Flavones
WOXYXFWUFXHROX-DMJDIKPUSA-N,Cyanomaclurin,Oc1ccc2c(c1)O[C@@H]1C([C@@H]2Oc2c1c(O)cc(c2)O)O,IMPHY004699,,https://cb.imsc.res.in/imppat/phytochemical-detailedpage/IMPHY004699,Organic compounds,Phenylpropanoids and polyketides,Flavonoids,Flavans
LXEJWVDCRDILQQ-UHFFFAOYSA-N,Cycloartocarpesin,Oc1ccc(c(c1)O)c1cc(=O)c2c(o1)cc1c(c2O)C=CC(O1)(C)C,IMPHY001568,CHEMBL221908,https://cb.imsc.res.in/imppat/phytochemical-detailedpage/IMPHY001568,Organic compounds,Phenylpropanoids and polyketides,Flavonoids,Pyranoflavonoids
LRBWGBCDUCRXLG-UHFFFAOYSA-N,Cyclointegrin,COc1cc(O)c2c(c1)oc1-c3ccc(cc3OC(CCc1c2=O)(C)C)O,IMPHY013430,,https://cb.imsc.res.in/imppat/phytochemical-detailedpage/IMPHY013430,Organic compounds,Organoheterocyclic compounds,Benzopyrans,1-benzopyrans
CTAPCZWGIAZCKE-UHFFFAOYSA-N,Isoartocarpin,COc1cc2oc3-c4ccc(cc4OC(c3c(=O)c2c(c1CC=C(C)C)O)C=C(C)C)O,IMPHY004784,,https://cb.imsc.res.in/imppat/phytochemical-detailedpage/IMPHY004784,Organic compounds,Phenylpropanoids and polyketides,Flavonoids,Pyranoflavonoids
YXOLAZRVSSWPPT-UHFFFAOYSA-N,Morin,Oc1ccc(c(c1)O)c1oc2cc(O)cc(c2c(=O)c1O)O,IMPHY005463,CHEMBL28626,https://cb.imsc.res.in/imppat/phytochemical-detailedpage/IMPHY005463,Organic compounds,Phenylpropanoids and polyketides,Flavonoids,Flavones
ZSYPIPFQOQGYHH-UHFFFAOYSA-N,Norartocarpetin,Oc1ccc(c(c1)O)c1cc(=O)c2c(o1)cc(cc2O)O,IMPHY005874,CHEMBL463145,https://cb.imsc.res.in/imppat/phytochemical-detailedpage/IMPHY005874,Organic compounds,Phenylpropanoids and polyketides,Flavonoids,Flavones
CLBXZXANZHXYLN-UHFFFAOYSA-N,Oxyisocyclointegrin,COc1cc(O)c2c(c1)oc1-c3ccc(cc3OC(Cc1c2=O)C(O)(C)C)O,IMPHY013429,CHEMBL5200891,https://cb.imsc.res.in/imppat/phytochemical-detailedpage/IMPHY013429,Organic compounds,Organoheterocyclic compounds,Benzoxepines,
CZMRCDWAGMRECN-UGDNZRGBSA-N,Sucrose,OC[C@H]1O[C@@]([C@H]([C@@H]1O)O)(CO)O[C@H]1O[C@H](CO)[C@H]([C@@H]([C@H]1O)O)O,IMPHY012053,CHEMBL253582,https://cb.imsc.res.in/imppat/phytochemical-detailedpage/IMPHY012053,Organic compounds,Organic oxygen compounds,Organooxygen compounds,Carbohydrates and carbohydrate conjugates
HYBRYAPKQCZIAE-UHFFFAOYSA-N,Allocryptopine,COc1c(OC)ccc2c1CN(C)CCc1c(C(=O)C2)cc2c(c1)OCO2,IMPHY012298,CHEMBL520043,https://cb.imsc.res.in/imppat/phytochemical-detailedpage/IMPHY012298,Organic compounds,Alkaloids and derivatives,Protopine alkaloids,
OWUNMSGLMUPGEZ-UHFFFAOYSA-N,Benzophenanthridine,c1ccc2c(c1)ccc1c2c2ccccc2nc1,IMPHY013106,,https://cb.imsc.res.in/imppat/phytochemical-detailedpage/IMPHY013106,Organic compounds,Organoheterocyclic compounds,Quinolines and derivatives,Benzoquinolines
YBHILYKTIRIUTE-UHFFFAOYSA-N,Berberine,COc1c(OC)ccc2c1c[n+]1CCc3c(-c1c2)cc1c(c3)OCO1,IMPHY005665,CHEMBL295124,https://cb.imsc.res.in/imppat/phytochemical-detailedpage/IMPHY005665,Organic compounds,Alkaloids and derivatives,Protoberberine alkaloids and derivatives,
LLEJIEBFSOEYIV-UHFFFAOYSA-N,Chelerythrine,COc1c(OC)ccc2c1c[n+](C)c1c2ccc2c1cc1OCOc1c2,IMPHY002941,CHEMBL13045,https://cb.imsc.res.in/imppat/phytochemical-detailedpage/IMPHY002941,Organic compounds,Alkaloids and derivatives,Benzophenanthridine alkaloids,Quaternary benzophenanthridine alkaloids
XYHOBCMEDLZUMP-UHFFFAOYSA-N,Coptisine,C1Oc2c(O1)cc1-c3cc4ccc5c(c4c[n+]3CCc1c2)OCO5,IMPHY006688,CHEMBL362071,https://cb.imsc.res.in/imppat/phytochemical-detailedpage/IMPHY006688,Organic compounds,Alkaloids and derivatives,Protoberberine alkaloids and derivatives,
XPOJSWHIKCNLEQ-UHFFFAOYSA-N,Cryptopine,COc1cc2C(=O)Cc3ccc4c(c3CN(CCc2cc1OC)C)OCO4,IMPHY006118,CHEMBL1339015,https://cb.imsc.res.in/imppat/phytochemical-detailedpage/IMPHY006118,Organic compounds,Alkaloids and derivatives,Protopine alkaloids,
INVGWHRKADIJHF-UHFFFAOYSA-N,Sanguinarine,C[n+]1cc2c3OCOc3ccc2c2c1c1cc3OCOc3cc1cc2,IMPHY004539,CHEMBL417799,https://cb.imsc.res.in/imppat/phytochemical-detailedpage/IMPHY004539,Organic compounds,Alkaloids and derivatives,Benzophenanthridine alkaloids,Quaternary benzophenanthridine alkaloids
IZQSVPBOUDKVDZ-UHFFFAOYSA-N,Isorhamnetin,COc1cc(ccc1O)c1oc2cc(O)cc(c2c(=O)c1O)O,IMPHY008724,CHEMBL379064,https://cb.imsc.res.in/imppat/phytochemical-detailedpage/IMPHY008724,Organic compounds,Phenylpropanoids and polyketides,Flavonoids,Flavones
ZYYJHXKSQKLEBL-ZIZHJPCGSA-N,"Isorhamnetin 3,7-diglucoside",OCC1O[C@@H](Oc2cc(O)c3c(c2)oc(c(c3=O)O[C@H]2OC(CO)[C@H](C(C2O)O)O)c2ccc(c(c2)OC)O)C([C@H]([C@@H]1O)O)O,IMPHY004792,,https://cb.imsc.res.in/imppat/phytochemical-detailedpage/IMPHY004792,Organic compounds,Phenylpropanoids and polyketides,Flavonoids,Flavonoid glycosides
CQLRUIIRRZYHHS-RQMGYXQJSA-N,Isorhamnetin 3-glucoside,OC[C@H]1O[C@H](Oc2c(oc3c(c2=O)c(O)cc(c3)O)c2ccc(c(c2)OC)O)C(C([C@@H]1O)O)O,IMPHY011757,,https://cb.imsc.res.in/imppat/phytochemical-detailedpage/IMPHY011757,Organic compounds,Phenylpropanoids and polyketides,Flavonoids,Flavonoid glycosides
WKOLLVMJNQIZCI-UHFFFAOYSA-N,Vanillic acid,COc1cc(ccc1O)C(=O)O,IMPHY007084,CHEMBL120568,https://cb.imsc.res.in/imppat/phytochemical-detailedpage/IMPHY007084,Organic compounds,Benzenoids,Benzene and substituted derivatives,Benzoic acids and derivatives
KRKNYBCHXYNGOX-UHFFFAOYSA-N,Citric acid,OC(=O)C(CC(=O)O)(CC(=O)O)O,IMPHY003500,CHEMBL1261,https://cb.imsc.res.in/imppat/phytochemical-detailedpage/IMPHY003500,Organic compounds,Organic acids and derivatives,Carboxylic acids and derivatives,Tricarboxylic acids and derivatives
FEWJPZIEWOKRBE-LWMBPPNESA-N,d-Tartaric acid,O[C@@H]([C@@H](C(=O)O)O)C(=O)O,IMPHY003999,CHEMBL1200861,https://cb.imsc.res.in/imppat/phytochemical-detailedpage/IMPHY003999,Organic compounds,Organic oxygen compounds,Organooxygen compounds,Carbohydrates and carbohydrate conjugates
GPTFURBXHJWNHR-UHFFFAOYSA-N,Protopine,CN1CCc2cc3OCOc3cc2C(=O)Cc2c(C1)c1OCOc1cc2,IMPHY000870,CHEMBL453019,https://cb.imsc.res.in/imppat/phytochemical-detailedpage/IMPHY000870,Organic compounds,Alkaloids and derivatives,Protopine alkaloids,
CNXVDVMAYXLWPD-UHFFFAOYSA-N,Norsanguinarine,C1Oc2c(O1)cc1c(c2)ccc2c1ncc1c2ccc2c1OCO2,IMPHY007463,CHEMBL4751586,https://cb.imsc.res.in/imppat/phytochemical-detailedpage/IMPHY007463,Organic compounds,Organoheterocyclic compounds,Quinolines and derivatives,Benzoquinolines
AKDNCHSRFCFLGP-UHFFFAOYSA-N,11-Oxooctacosanoic acid,CCCCCCCCCCCCCCCCCC(=O)CCCCCCCCCC(=O)O,IMPHY009433,,https://cb.imsc.res.in/imppat/phytochemical-detailedpage/IMPHY009433,Organic compounds,Lipids and lipid-like molecules,Fatty acyls,Fatty acids and conjugates
HZSPEMFCEKPTSF-UHFFFAOYSA-N,11-Oxotriacontanoic acid,CCCCCCCCCCCCCCCCCCCC(=O)CCCCCCCCCC(=O)O,IMPHY012806,,https://cb.imsc.res.in/imppat/phytochemical-detailedpage/IMPHY012806,Organic compounds,Lipids and lipid-like molecules,Fatty acyls,Fatty acids and conjugates
JMIGCFVTGQGONA-UHFFFAOYSA-N,9-Ketooctacosanoic acid,CCCCCCCCCCCCCCCCCCCC(=O)CCCCCCCC(=O)O,IMPHY014790,,https://cb.imsc.res.in/imppat/phytochemical-detailedpage/IMPHY014790,Organic compounds,Lipids and lipid-like molecules,Fatty acyls,Fatty acids and conjugates
CIUHLXZTZWTVFL-UHFFFAOYSA-N,Dihydrosanguinarine,CN1Cc2c3OCOc3ccc2-c2c1c1cc3OCOc3cc1cc2,IMPHY009318,CHEMBL465678,https://cb.imsc.res.in/imppat/phytochemical-detailedpage/IMPHY009318,Organic compounds,Alkaloids and derivatives,Benzophenanthridine alkaloids,Dihydrobenzophenanthridine alkaloids
WCHVHIDODQSZQQ-VEWCSRGFSA-N,"SN-Glycerol-1-eicosa-9,12-dienoate-2-palmitoleate-3-linoleate",OC(=O)CCCCCCC/C=CCCCCCCOC(COCCCCC/C=CC/C=CCCCCCCCC(=O)O)COCCCCCCCCCCCCCCCCCCC(=O)O,IMPHY014483,CHEMBL2288886,https://cb.imsc.res.in/imppat/phytochemical-detailedpage/IMPHY014483,Organic compounds,Organic acids and derivatives,Carboxylic acids and derivatives,Tricarboxylic acids and derivatives
BBFQZRXNYIEMAW-UHFFFAOYSA-N,Aristolochic acid,COc1cccc2c1cc([N+](=O)[O-])c1c2c2OCOc2cc1C(=O)O,IMPHY011532,CHEMBL93353,https://cb.imsc.res.in/imppat/phytochemical-detailedpage/IMPHY011532,Organic compounds,Benzenoids,Phenanthrenes and derivatives,Aristolochic acids and derivatives
CTMLKIKAUFEMLE-FTNGGYTGSA-N,Betanine,OC[C@H]1O[C@@H](Oc2cc3C[C@H](N(c3cc2O)/C=C/C2=CC(=N[C@@H](C2)C(=O)O)C(=O)O)C(=O)O)[C@@H]([C@H]([C@@H]1O)O)O,IMPHY010087,,https://cb.imsc.res.in/imppat/phytochemical-detailedpage/IMPHY010087,Organic compounds,Organic oxygen compounds,Organooxygen compounds,Carbohydrates and carbohydrate conjugates
AADVXNOKRRUFBA-QFBILLFUSA-N,"(4aS,10aR)-6,7-dimethoxy-1,1,4a-trimethyl-3,4,10,10a-tetrahydrophenanthrene-2,9-dione",COc1cc2c(cc1OC)C(=O)C[C@@H]1[C@]2(C)CCC(=O)C1(C)C,IMPHY013917,,https://cb.imsc.res.in/imppat/phytochemical-detailedpage/IMPHY013917,Organic compounds,Lipids and lipid-like molecules,Prenol lipids,Diterpenoids
MMQUEGKYQBCKLZ-MAUKXSAKSA-N,"(4aS,10aR)-6-hydroxy-1,1,4a,7-tetramethyl-3,4,10,10a-tetrahydrophenanthrene-2,9-dione",O=C1CC[C@]2([C@H](C1(C)C)CC(=O)c1c2cc(O)c(c1)C)C,IMPHY005328,,https://cb.imsc.res.in/imppat/phytochemical-detailedpage/IMPHY005328,Organic compounds,Lipids and lipid-like molecules,Prenol lipids,Diterpenoids
LADNAJMEYZHPOD-MAUKXSAKSA-N,"(4aS,10aR)-7-hydroxy-1,1,4a,6-tetramethyl-3,4,10,10a-tetrahydrophenanthrene-2,9-dione",O=C1CC[C@]2([C@H](C1(C)C)CC(=O)c1c2cc(C)c(c1)O)C,IMPHY005310,,https://cb.imsc.res.in/imppat/phytochemical-detailedpage/IMPHY005310,Organic compounds,Lipids and lipid-like molecules,Prenol lipids,Diterpenoids
WRYXIZJRAKUGEP-HNAYVOBHSA-N,"(4bS,8aR)-2,4b,8,8-tetramethyl-7,10-dioxo-5,6,8a,9-tetrahydrophenanthrene-3-carboxylic Acid",O=C1CC[C@]2([C@H](C1(C)C)CC(=O)c1c2cc(C(=O)O)c(c1)C)C,IMPHY005303,,https://cb.imsc.res.in/imppat/phytochemical-detailedpage/IMPHY005303,Organic compounds,Lipids and lipid-like molecules,Prenol lipids,Diterpenoids
GIJYIDPOODRNAM-QFBILLFUSA-N,"(4bS,8aS)-3,4b,8,8-tetramethyl-10-oxo-6,7,8a,9-tetrahydro-5H-phenanthrene-2-carboxylic Acid",O=C1C[C@H]2C(C)(C)CCC[C@@]2(c2c1cc(C(=O)O)c(c2)C)C,IMPHY013920,,https://cb.imsc.res.in/imppat/phytochemical-detailedpage/IMPHY013920,Organic compounds,Lipids and lipid-like molecules,Prenol lipids,Diterpenoids
CTBHKOAPXBDFPX-PQYHCQQJSA-N,6-Deacetylnimbin,COC(=O)C[C@H]1[C@@]2(C)[C@H](O[C@H]3C2=C(C)[C@@H](C3)c2cocc2)[C@@H]([C@@H]2[C@]1(C)C(=O)C=C[C@@]2(C)C(=O)OC)O,IMPHY000150,CHEMBL1774398,https://cb.imsc.res.in/imppat/phytochemical-detailedpage/IMPHY000150,Organic compounds,Lipids and lipid-like molecules,Prenol lipids,Triterpenoids
OMDZIQQFRGDFAP-UHFFFAOYSA-N,"6-Hydroxycyclohexa-2,4-dien-1-one",OC1C=CC=CC1=O,IMPHY013953,,https://cb.imsc.res.in/imppat/phytochemical-detailedpage/IMPHY013953,Organic compounds,Organic oxygen compounds,Organooxygen compounds,Alcohols and polyols
IWNCBADONFSAAW-NFVQQQKOSA-N,6beta-Hydroxystigmast-4-en-3-one,CC[C@@H](C(C)C)CC[C@H]([C@H]1CC[C@@H]2[C@]1(C)CC[C@H]1[C@H]2C[C@H](C2=CC(=O)CC[C@]12C)O)C,IMPHY004200,,https://cb.imsc.res.in/imppat/phytochemical-detailedpage/IMPHY004200,Organic compounds,Lipids and lipid-like molecules,Steroids and steroid derivatives,Stigmastanes and derivatives
HCEYJYMNIQHPPK-DXTZDJJUSA-N,Deacetylgedunin,O=C1O[C@@H](c2ccoc2)[C@]2([C@]3([C@@H]1O3)[C@]1(C)[C@H](O)C[C@@H]3[C@]([C@H]1CC2)(C)C=CC(=O)C3(C)C)C,IMPHY014771,CHEMBL465423,https://cb.imsc.res.in/imppat/phytochemical-detailedpage/IMPHY014771,Organic compounds,Lipids and lipid-like molecules,Prenol lipids,Triterpenoids
NEYCGDYQBQONFC-GGPFZBFUSA-N,Epoxyazadiradione,CC(=O)O[C@@H]1C[C@H]2C(C)(C)C(=O)C=C[C@@]2([C@@H]2[C@]1(C)[C@@]13O[C@@H]1C(=O)[C@H]([C@@]3(CC2)C)c1ccoc1)C,IMPHY011387,CHEMBL1214684,https://cb.imsc.res.in/imppat/phytochemical-detailedpage/IMPHY011387,Organic compounds,Lipids and lipid-like molecules,Prenol lipids,Triterpenoids
YJXDGWUNRYLINJ-BHAPSIHVSA-N,Gedunin,CC(=O)O[C@@H]1C[C@H]2C(C)(C)C(=O)C=C[C@@]2([C@@H]2[C@]1(C)[C@@]13O[C@@H]1C(=O)O[C@H]([C@@]3(CC2)C)c1ccoc1)C,IMPHY002006,CHEMBL465226,https://cb.imsc.res.in/imppat/phytochemical-detailedpage/IMPHY002006,Organic compounds,Lipids and lipid-like molecules,Prenol lipids,Triterpenoids
ZIVZDNPCRURPNL-QCWHEMHRSA-N,Kulactone,CC(=CCC[C@H]1C(=O)O[C@@H]2[C@@H]1[C@]1(C)CC[C@H]3C(=CC[C@@H]4[C@]3(C)CCC(=O)C4(C)C)[C@]1(C2)C)C,IMPHY001600,CHEMBL464664,https://cb.imsc.res.in/imppat/phytochemical-detailedpage/IMPHY001600,Organic compounds,Lipids and lipid-like molecules,Prenol lipids,Triterpenoids
YORJEFOAAXJWIS-QOXWJFHWSA-N,Kulinone,CC(=CCC[C@H]([C@@H]1[C@@H](O)C[C@]2([C@@]1(C)CC[C@H]1C2=CC[C@@H]2[C@]1(C)CCC(=O)C2(C)C)C)C)C,IMPHY001446,CHEMBL464491,https://cb.imsc.res.in/imppat/phytochemical-detailedpage/IMPHY001446,Organic compounds,Lipids and lipid-like molecules,Prenol lipids,Triterpenoids
AYOVZEOJTGGNGA-OLODJNEFSA-N,Kulolactone,CC(=CCC[C@H]1C(=O)O[C@@H]2[C@@H]1[C@]1(C)CC[C@H]3C(=CC[C@@H]4[C@]3(C)CC[C@H](C4(C)C)O)[C@]1(C2)C)C,IMPHY002171,,https://cb.imsc.res.in/imppat/phytochemical-detailedpage/IMPHY002171,Organic compounds,Lipids and lipid-like molecules,Prenol lipids,Triterpenoids
NWRPENOOCXAGDV-HNAYVOBHSA-N,Margolonone,O=C1CC[C@]2([C@H](C1(C)C)CC(=O)c1c2cc(C)c(c1)C(=O)O)C,IMPHY013919,,https://cb.imsc.res.in/imppat/phytochemical-detailedpage/IMPHY013919,Organic compounds,Lipids and lipid-like molecules,Prenol lipids,Diterpenoids
BQCNSTFWSKOWMA-GORDUTHDSA-N,"Methyl 2,5-dihydroxycinnamate",COC(=O)/C=C/c1cc(O)ccc1O,IMPHY004432,CHEMBL17329,https://cb.imsc.res.in/imppat/phytochemical-detailedpage/IMPHY004432,Organic compounds,Phenylpropanoids and polyketides,Cinnamic acids and derivatives,Hydroxycinnamic acids and derivatives
ZLOYHDGVJFCYJK-RLIKWOGQSA-N,Methyl kulonate,COC(=O)[C@@H]([C@@H]1[C@@H](O)C[C@]2([C@@]1(C)CC[C@H]1C2=CC[C@@H]2[C@]1(C)CCC(=O)C2(C)C)C)CCC=C(C)C,IMPHY001448,CHEMBL517173,https://cb.imsc.res.in/imppat/phytochemical-detailedpage/IMPHY001448,Organic compounds,Lipids and lipid-like molecules,Prenol lipids,Triterpenoids
NHOIBRJOQAYBJT-IMGVWCFESA-N,Nimbin,COC(=O)C[C@H]1[C@@]2(C)[C@H](O[C@H]3C2=C(C)[C@@H](C3)c2cocc2)[C@@H]([C@@H]2[C@]1(C)C(=O)C=C[C@@]2(C)C(=O)OC)OC(=O)C,IMPHY012310,CHEMBL1774397,https://cb.imsc.res.in/imppat/phytochemical-detailedpage/IMPHY012310,Organic compounds,Lipids and lipid-like molecules,Prenol lipids,Triterpenoids
XVAVQANUJQBBFF-FUHWJXTLSA-N,Nimbiol,O=C1C[C@H]2C(C)(C)CCC[C@@]2(c2c1cc(C)c(c2)O)C,IMPHY000093,CHEMBL3261317,https://cb.imsc.res.in/imppat/phytochemical-detailedpage/IMPHY000093,Organic compounds,Lipids and lipid-like molecules,Prenol lipids,Diterpenoids
JKTSDLANZJEZMK-XYJFISCASA-N,Nimbionol,COc1cc2C(=O)C[C@@H]3[C@](c2cc1O)(C)CC[C@@H](C3(C)C)O,IMPHY005337,,https://cb.imsc.res.in/imppat/phytochemical-detailedpage/IMPHY005337,Organic compounds,Lipids and lipid-like molecules,Prenol lipids,Diterpenoids
GIRUCUXRCNBFOL-MAUKXSAKSA-N,Nimbionone,COc1cc2C(=O)C[C@@H]3[C@](c2cc1O)(C)CCC(=O)C3(C)C,IMPHY009443,,https://cb.imsc.res.in/imppat/phytochemical-detailedpage/IMPHY009443,Organic compounds,Lipids and lipid-like molecules,Prenol lipids,Diterpenoids
CAMSIQFCDJQXMD-AZUAARDMSA-N,Nimbosone,COc1cc2c(cc1C(=O)C)CC[C@@H]1[C@]2(C)CCCC1(C)C,IMPHY012408,,https://cb.imsc.res.in/imppat/phytochemical-detailedpage/IMPHY012408,Organic compounds,Lipids and lipid-like molecules,Prenol lipids,Diterpenoids
IPEHJNRNYPOFII-AZUAARDMSA-N,Sugiol,O=C1C[C@H]2C(C)(C)CCC[C@@]2(c2c1cc(C(C)C)c(c2)O)C,IMPHY007375,CHEMBL195296,https://cb.imsc.res.in/imppat/phytochemical-detailedpage/IMPHY007375,Organic compounds,Lipids and lipid-like molecules,Prenol lipids,Diterpenoids
JPUKWEQWGBDDQB-QSOFNFLRSA-N,Astragalin,OC[C@H]1O[C@@H](Oc2c(oc3c(c2=O)c(O)cc(c3)O)c2ccc(cc2)O)[C@@H]([C@H]([C@@H]1O)O)O,IMPHY014824,CHEMBL233930,https://cb.imsc.res.in/imppat/phytochemical-detailedpage/IMPHY014824,Organic compounds,Phenylpropanoids and polyketides,Flavonoids,Flavonoid glycosides
HVYWMOMLDIMFJA-DPAQBDIFSA-N,Cholesterol,CC(CCC[C@H]([C@H]1CC[C@@H]2[C@]1(C)CC[C@H]1[C@H]2CC=C2[C@]1(C)CC[C@@H](C2)O)C)C,IMPHY006300,CHEMBL112570,https://cb.imsc.res.in/imppat/phytochemical-detailedpage/IMPHY006300,Organic compounds,Lipids and lipid-like molecules,Steroids and steroid derivatives,Cholestane steroids
OVSQVDMCBVZWGM-DTGCRPNFSA-N,Hyperoside,OC[C@H]1O[C@@H](Oc2c(oc3c(c2=O)c(O)cc(c3)O)c2ccc(c(c2)O)O)[C@@H]([C@H]([C@H]1O)O)O,IMPHY014935,CHEMBL251254,https://cb.imsc.res.in/imppat/phytochemical-detailedpage/IMPHY014935,Organic compounds,Phenylpropanoids and polyketides,Flavonoids,Flavonoid glycosides
FRXOVWDFSLBWFC-QVNURTARSA-N,Melicitrin,Oc1cc(O)c2c(c1)oc(c(c2=O)O)c1cc(O[C@@H]2OC[C@@H]([C@@H]([C@H]2O)O)O)c(c(c1)O)O,IMPHY010637,,https://cb.imsc.res.in/imppat/phytochemical-detailedpage/IMPHY010637,Organic compounds,Phenylpropanoids and polyketides,Flavonoids,Flavonoid glycosides
NPJICTMALKLTFW-XJKLEPGJSA-N,Nimbosterin,CC[C@@H](C(C)C)CC[C@H]([C@H]1CC[C@@H]2[C@]1(C)CC[C@H]1[C@H]2CC=C2[C@]1(C)CC[C@@H](C2)OC1O[C@H](CO)[C@H]([C@@H]([C@H]1O)O)O)C,IMPHY015023,,https://cb.imsc.res.in/imppat/phytochemical-detailedpage/IMPHY015023,Organic compounds,Lipids and lipid-like molecules,Steroids and steroid derivatives,Stigmastanes and derivatives
MWPUYUVXTZFYJY-CINZLWFVSA-N,"(1R,2R,5R,6S,10R,11S,12R,15R,16R,18S,19R)-6-(furan-3-yl)-11,16,18-trihydroxy-1,5,10,15-tetramethyl-13-oxapentacyclo[10.6.1.02,10.05,9.015,19]nonadec-8-en-4-one",O[C@H]1C[C@@H](O)[C@@]2([C@H]3[C@@]1(C)[C@H]1CC(=O)[C@]4(C(=CC[C@H]4c4ccoc4)[C@]1(C)[C@@H]([C@@H]3OC2)O)C)C,IMPHY006854,,https://cb.imsc.res.in/imppat/phytochemical-detailedpage/IMPHY006854,Organic compounds,Lipids and lipid-like molecules,Prenol lipids,Triterpenoids
DABHSVCBZNIZDT-JJDPDEBESA-N,"(2R,3S,5R)-5-[(2S)-3,3-dimethyloxiran-2-yl]-3-[(3S,5R,9R,10R,13S,14S,17S)-3-hydroxy-4,4,10,13,14-pentamethyl-2,3,5,6,9,11,12,15,16,17-decahydro-1H-cyclopenta[a]phenanthren-17-yl]oxolan-2-ol",O[C@@H]1O[C@H](C[C@H]1[C@@H]1CC[C@]2([C@@]1(C)CC[C@H]1C2=CC[C@@H]2[C@]1(C)CC[C@@H](C2(C)C)O)C)[C@@H]1OC1(C)C,IMPHY006850,,https://cb.imsc.res.in/imppat/phytochemical-detailedpage/IMPHY006850,Organic compounds,Lipids and lipid-like molecules,Prenol lipids,Triterpenoids
ZWXPNDUTGNVQEU-STEPOWRLSA-N,"(5R,9R,10R,13S,14S,17S)-17-[(2R,3S,5R)-5-[(2S)-3,3-dimethyloxiran-2-yl]-2-hydroxyoxolan-3-yl]-4,4,10,13,14-pentamethyl-1,2,5,6,9,11,12,15,16,17-decahydrocyclopenta[a]phenanthren-3-one",O[C@@H]1O[C@H](C[C@H]1[C@@H]1CC[C@]2([C@@]1(C)CC[C@H]1C2=CC[C@@H]2[C@]1(C)CCC(=O)C2(C)C)C)[C@@H]1OC1(C)C,IMPHY006837,CHEMBL486466,https://cb.imsc.res.in/imppat/phytochemical-detailedpage/IMPHY006837,Organic compounds,Lipids and lipid-like molecules,Prenol lipids,Triterpenoids
RCIYJWQVHDPQSQ-YVYVCLNRSA-N,1-Cinnamoylmelianolone,OC[C@@]12[C@@H](OC(=O)/C=C/c3ccccc3)C[C@H]([C@@]3([C@@H]1[C@H](OC3)[C@H]([C@]([C@@H]2C(=O)C)(C)[C@@]12O[C@@]2(C)[C@@H]2C[C@@H]1O[C@@H]1[C@]2(O)C=CO1)O)C)O,IMPHY002655,,https://cb.imsc.res.in/imppat/phytochemical-detailedpage/IMPHY002655,Organic compounds,Lipids and lipid-like molecules,Prenol lipids,Triterpenoids
SPURMHFLEKVAAS-UHFFFAOYSA-N,1-Docosene,CCCCCCCCCCCCCCCCCCCCC=C,IMPHY006063,,https://cb.imsc.res.in/imppat/phytochemical-detailedpage/IMPHY006063,Organic compounds,Hydrocarbons,Unsaturated hydrocarbons,Unsaturated aliphatic hydrocarbons
QXKHBVSTPRHRQV-CWUDDJIGSA-N,17-Hydroxyazadiradione,CC(=O)O[C@@H]1C[C@@H]2[C@]([C@@H]3[C@]1(C)C1=CC(=O)[C@@]([C@@]1(CC3)C)(O)c1ccoc1)(C)C=CC(=O)C2(C)C,IMPHY010341,CHEMBL1774390,https://cb.imsc.res.in/imppat/phytochemical-detailedpage/IMPHY010341,Organic compounds,Lipids and lipid-like molecules,Prenol lipids,Triterpenoids
JNHSEDRFFJZMLH-UHFFFAOYSA-N,2-Methyltricosane,CCCCCCCCCCCCCCCCCCCCCC(C)C,IMPHY012479,,https://cb.imsc.res.in/imppat/phytochemical-detailedpage/IMPHY012479,Organic compounds,Hydrocarbons,Saturated hydrocarbons,Alkanes
MJNRBOGIPLCVIM-LJEOTECVSA-N,3-Deacetylsalannin,COC(=O)C[C@@H]1[C@@]2(C)[C@@H](OC(=O)/C(=C/C)/C)C[C@H]([C@@]3([C@@H]2[C@H]([C@@H]2[C@@]1(C)C1=C(C)[C@@H](C[C@H]1O2)c1ccoc1)OC3)C)O,IMPHY011498,CHEMBL2270444,https://cb.imsc.res.in/imppat/phytochemical-detailedpage/IMPHY011498,Organic compounds,Lipids and lipid-like molecules,Prenol lipids,Triterpenoids
NOEGNKMFWQHSLB-UHFFFAOYSA-N,5-Hydroxymethylfurfural,OCc1ccc(o1)C=O,IMPHY003174,CHEMBL185885,https://cb.imsc.res.in/imppat/phytochemical-detailedpage/IMPHY003174,Organic compounds,Organic oxygen compounds,Organooxygen compounds,Carbonyl compounds
PWFKLZWNGVGKBA-WETHXUPTSA-N,6-Acetylnimbandiol,COC(=O)C[C@H]1[C@@]2(C)[C@H](O[C@H]3C2=C(C)[C@@H](C3)c2cocc2)[C@@H]([C@@H]2[C@]1(C)C(=O)C=C[C@@]2(C)O)OC(=O)C,IMPHY005039,,https://cb.imsc.res.in/imppat/phytochemical-detailedpage/IMPHY005039,Organic compounds,Organoheterocyclic compounds,Naphthofurans,
FTNJWQUOZFUQQJ-NDAWSKJSSA-N,Azadirachtin,C/C=C(/C(=O)O[C@H]1C[C@@H](OC(=O)C)[C@@]2([C@H]3[C@@]41CO[C@]([C@H]4[C@@](C)([C@@H]([C@@H]3OC2)O)[C@@]12O[C@@]2(C)[C@H]2C[C@@H]1O[C@H]1[C@]2(O)C=CO1)(O)C(=O)OC)C(=O)OC)C,IMPHY004014,CHEMBL509309,https://cb.imsc.res.in/imppat/phytochemical-detailedpage/IMPHY004014,Organic compounds,Lipids and lipid-like molecules,Prenol lipids,Triterpenoids
KPVJTWLSYIGGCU-KZBRQISASA-N,Azadirachtol,COC(=O)[C@H]1OC[C@]23[C@@H]1[C@@](C)([C@@H]([C@H]1[C@H]3[C@@]([C@@H](C[C@@H]2O)O)(CO1)C(=O)OC)O)[C@@]12O[C@@]2(C)[C@H]2C[C@@H]1O[C@H]1[C@]2(O)C=CO1,IMPHY005199,CHEMBL504505,https://cb.imsc.res.in/imppat/phytochemical-detailedpage/IMPHY005199,Organic compounds,Lipids and lipid-like molecules,Prenol lipids,Triterpenoids
KWAMDQVQFVBEAU-HMWIRDDCSA-N,Azadiradione,CC(=O)O[C@@H]1C[C@@H]2[C@]([C@@H]3[C@]1(C)C1=CC(=O)[C@H]([C@@]1(CC3)C)c1ccoc1)(C)C=CC(=O)C2(C)C,IMPHY003825,CHEMBL1215754,https://cb.imsc.res.in/imppat/phytochemical-detailedpage/IMPHY003825,Organic compounds,Lipids and lipid-like molecules,Prenol lipids,Triterpenoids
CMRZGEHWMGLZNJ-FCJWWUNXSA-N,Azadiradionol,CC(CC[C@@H]([C@@H]1C(=O)C=C2[C@@]1(C)CC[C@H]1[C@@]2(C)[C@H](OC(=O)C)C[C@@H]2[C@]1(C)C=CC(=O)C2(C)C)C)O,IMPHY001140,,https://cb.imsc.res.in/imppat/phytochemical-detailedpage/IMPHY001140,Organic compounds,Lipids and lipid-like molecules,Prenol lipids,Sesterterpenoids
REBXJVOENPJSGD-NVLRHTLVSA-N,Azadirol,OC[C@H]([C@@H]1CC=C2[C@@]1(C)CC[C@H]1[C@@]2(C)[C@H](OC(=O)C)C[C@@H]2[C@]1(C)C=CC(=O)C2(C)C)C[C@@H](C(=O)C(O)(C)C)O,IMPHY001415,CHEMBL504422,https://cb.imsc.res.in/imppat/phytochemical-detailedpage/IMPHY001415,Organic compounds,Lipids and lipid-like molecules,Prenol lipids,Triterpenoids
BRINQTOFCWWSPH-HLBKTFAQSA-N,Azadirolic acid,OC(=O)CC/C=C([C@@H]1CC=C2[C@@]1(C)CC[C@H]1[C@@]2(C)[C@H](O)[C@H]([C@@H]2[C@]1(C)C=CC(=O)C2(C)C)OC(=O)C)/C,IMPHY001139,,https://cb.imsc.res.in/imppat/phytochemical-detailedpage/IMPHY001139,Organic compounds,Lipids and lipid-like molecules,Prenol lipids,Sesterterpenoids
XXIKKMLIDXLAIK-RFKFVWFBSA-N,Azadirone,CC(=O)O[C@@H]1C[C@@H]2[C@]([C@@H]3[C@]1(C)C1=CC[C@H]([C@@]1(CC3)C)c1ccoc1)(C)C=CC(=O)C2(C)C,IMPHY000155,CHEMBL1215753,https://cb.imsc.res.in/imppat/phytochemical-detailedpage/IMPHY000155,Organic compounds,Lipids and lipid-like molecules,Prenol lipids,Triterpenoids
UYQOLTUJESFUSW-ZLSGJYCMSA-N,Melianoninol,O=C/C=C/c1cc(OC)c(cc1O)[C@@H]1Oc2c([C@@H]1CO)cc(cc2)OC,IMPHY006237,,https://cb.imsc.res.in/imppat/phytochemical-detailedpage/IMPHY006237,Organic compounds,Phenylpropanoids and polyketides,2-arylbenzofuran flavonoids,
WDFBTQUPHDHIQD-YUOXBHLDSA-N,Naheedin,CCC([C@H]1O[C@@H]([C@H](C1)[C@@H]1CC=C2[C@@]1(C)C[C@@H](O)[C@H]1[C@@]2(C)[C@H](OC(=O)C)C[C@@H]2[C@]1(C)C=CC(=O)C2(C)C)O)C,IMPHY009552,,https://cb.imsc.res.in/imppat/phytochemical-detailedpage/IMPHY009552,Organic compounds,Lipids and lipid-like molecules,Prenol lipids,Triterpenoids
VYWOLBGGRZSANX-UHFFFAOYSA-N,Nimbochalcin,CCOCc1c(CCC(=O)c2c(C)cc(cc2C(=O)OCC)O)c(O)c(c(c1O)O)O,IMPHY000668,,https://cb.imsc.res.in/imppat/phytochemical-detailedpage/IMPHY000668,Organic compounds,Phenylpropanoids and polyketides,"Linear 1,3-diarylpropanoids",Chalcones and dihydrochalcones
BAMHPKTZTBFUOH-WWBRISJOSA-N,Nimbocinol,O=C1C=C2[C@@]([C@@H]1c1ccoc1)(C)CC[C@H]1[C@@]2(C)[C@H](O)C[C@@H]2[C@]1(C)C=CC(=O)C2(C)C,IMPHY002653,CHEMBL1774401,https://cb.imsc.res.in/imppat/phytochemical-detailedpage/IMPHY002653,Organic compounds,Lipids and lipid-like molecules,Prenol lipids,Triterpenoids
VXKRRVRNHBWLTO-VBPYNQNZSA-N,Nimolicinol,CC(=O)O[C@@H]1C[C@@H]2[C@]([C@@H]3[C@]1(C)C1=CC(=O)O[C@]([C@@]1(CC3)C)(O)c1ccoc1)(C)C=CC(=O)C2(C)C,IMPHY005293,CHEMBL1774406,https://cb.imsc.res.in/imppat/phytochemical-detailedpage/IMPHY005293,Organic compounds,Organoheterocyclic compounds,Naphthopyrans,
KRAQKZUFCRVPBI-ILLKSBLKSA-N,Nimolinone,C=C[C@@H]1OC(=O)[C@@H](C1)[C@@H]1CC[C@]2([C@@]1(C)CC=C1C2=CC[C@@H]2[C@]1(C)CCC(=O)C2(C)C)C,IMPHY005957,,https://cb.imsc.res.in/imppat/phytochemical-detailedpage/IMPHY005957,Organic compounds,Lipids and lipid-like molecules,Steroids and steroid derivatives,Steroid lactones
CJHBVBNPNXOWBA-REXVOHEDSA-N,Salannin,COC(=O)C[C@@H]1[C@@]2(C)[C@@H](OC(=O)/C(=C/C)/C)C[C@H]([C@@]3([C@@H]2[C@H]([C@@H]2[C@@]1(C)C1=C(C)[C@@H](C[C@H]1O2)c1ccoc1)OC3)C)OC(=O)C,IMPHY010554,CHEMBL3823041,https://cb.imsc.res.in/imppat/phytochemical-detailedpage/IMPHY010554,Organic compounds,Lipids and lipid-like molecules,Prenol lipids,Triterpenoids
POGMJXVEJYUJQY-YEOFLSRVSA-N,Salimuzzalin,CC(=O)OC1OC(C=C1[C@@H]1CC=C2[C@@]1(C)CC[C@H]1[C@@]2(C)[C@H](O)C[C@@H]2[C@]1(C)C=CC(=O)C2(C)C)OC(=O)C,IMPHY001746,,https://cb.imsc.res.in/imppat/phytochemical-detailedpage/IMPHY001746,Organic compounds,Lipids and lipid-like molecules,Prenol lipids,Triterpenoids
XBZYWSMVVKYHQN-MYPRUECHSA-N,Triterpenoid,O[C@H]1CC[C@]2([C@H]([C@]1(C)COS(=O)(=O)O)CC[C@@]1([C@@H]2CC=C2[C@@]1(C)CC[C@@]1([C@H]2CC(C)(C)CC1)C(=O)O)C)C,IMPHY000812,,https://cb.imsc.res.in/imppat/phytochemical-detailedpage/IMPHY000812,Organic compounds,Lipids and lipid-like molecules,Prenol lipids,Triterpenoids
WYJAKKNMIDWZKG-VJZIOILKSA-N,Triterpenoids,O[C@H]1C[C@@]2(C)C(=CC[C@@]3([C@@H]2CC=C2[C@@]3(C)CC[C@@]3([C@H]2CC(C)(C)CC3)C(=O)O)C)[C@]([C@H]1O)(C)O,IMPHY013522,,https://cb.imsc.res.in/imppat/phytochemical-detailedpage/IMPHY013522,Organic compounds,Lipids and lipid-like molecules,Prenol lipids,Triterpenoids
ISOLELCWKGNNOX-BMRYGCEKSA-N,Vilasinin,O[C@H]1C[C@@H](O)[C@@]2([C@H]3[C@@]1(C)[C@H]1CC[C@@]4(C(=CC[C@H]4c4ccoc4)[C@]1(C)[C@@H]([C@@H]3OC2)O)C)C,IMPHY010454,,https://cb.imsc.res.in/imppat/phytochemical-detailedpage/IMPHY010454,Organic compounds,Lipids and lipid-like molecules,Prenol lipids,Triterpenoids
UFRCPJTWTQCCQS-MESDDMLDSA-N,"[(5R,6R,7S,9R,10R,13S,17R)-6-hydroxy-17-(2-hydroxy-5-oxo-2H-furan-3-yl)-4,4,8,10,13-pentamethyl-3-oxo-5,6,7,9,11,12,16,17-octahydrocyclopenta[a]phenanthren-7-yl] acetate",CC(=O)O[C@@H]1[C@H](O)[C@@H]2[C@]([C@@H]3C1(C)C1=CC[C@H]([C@]1(C)CC3)C1=CC(=O)OC1O)(C)C=CC(=O)C2(C)C,IMPHY005274,,https://cb.imsc.res.in/imppat/phytochemical-detailedpage/IMPHY005274,Organic compounds,Lipids and lipid-like molecules,Prenol lipids,Triterpenoids
FTNJWQUOZFUQQJ-GEPYADMXSA-N,"dimethyl (1S,4S,5R,6S,7S,8R,11S,12R,14S,15R)-12-acetyloxy-4,7-dihydroxy-6-[(1R,2S,6S,8R,9R,11S)-2-hydroxy-11-methyl-5,7,10-trioxatetracyclo[6.3.1.02,6.09,11]dodec-3-en-9-yl]-6-methyl-14-[(E)-2-methylb",C/C=C(/C(=O)O[C@H]1C[C@@H](OC(=O)C)[C@@]2([C@H]3[C@@]41CO[C@]([C@H]4[C@@](C)([C@@H]([C@@H]3OC2)O)[C@@]12O[C@@]2(C)[C@@H]2C[C@H]1O[C@H]1[C@]2(O)C=CO1)(O)C(=O)OC)C(=O)OC)C,IMPHY004015,CHEMBL506084,https://cb.imsc.res.in/imppat/phytochemical-detailedpage/IMPHY004015,Organic compounds,Lipids and lipid-like molecules,Prenol lipids,Triterpenoids
IKJQENAHDRKFKL-JJDPDEBESA-N,"(1S)-1-[(2R,4S,5R)-5-hydroxy-4-[(3S,5R,9R,10R,13S,14S,17S)-3-hydroxy-4,4,10,13,14-pentamethyl-2,3,5,6,9,11,12,15,16,17-decahydro-1H-cyclopenta[a]phenanthren-17-yl]oxolan-2-yl]-2-methylpropane-1,2-diol",O[C@@H]1O[C@H](C[C@H]1[C@@H]1CC[C@]2([C@@]1(C)CC[C@H]1C2=CC[C@@H]2[C@]1(C)CC[C@@H](C2(C)C)O)C)[C@@H](C(O)(C)C)O,IMPHY006827,,https://cb.imsc.res.in/imppat/phytochemical-detailedpage/IMPHY006827,Organic compounds,Lipids and lipid-like molecules,Prenol lipids,Triterpenoids
AIPJHGJDKFLPMI-GAWIFWETSA-N,"(9R,10R,13S,14S,17R)-17-[(2R)-2-[(1R,2S)-1,3-dihydroxy-2-methylpropyl]-2,3-dihydrofuran-4-yl]-4,4,10,13,14-pentamethyl-1,2,5,6,9,11,12,15,16,17-decahydrocyclopenta[a]phenanthren-3-one",OC[C@@H]([C@H]([C@@H]1OC=C(C1)[C@@H]1CC[C@]2([C@@]1(C)CC[C@H]1C2=CCC2[C@]1(C)CCC(=O)C2(C)C)C)O)C,IMPHY005267,,https://cb.imsc.res.in/imppat/phytochemical-detailedpage/IMPHY005267,Organic compounds,Lipids and lipid-like molecules,Prenol lipids,Triterpenoids
PKBSGDQYUYBUDY-UHFFFAOYSA-N,1-Nonacosanol,CCCCCCCCCCCCCCCCCCCCCCCCCCCCCO,IMPHY002935,,https://cb.imsc.res.in/imppat/phytochemical-detailedpage/IMPHY002935,Organic compounds,Lipids and lipid-like molecules,Fatty acyls,Fatty alcohols
BGHFPZJLGAYVQC-QJBQBLRASA-N,"2',3'-Dehydrosalannol",COC(=O)C[C@@H]1[C@@]2(C)[C@@H](OC(=O)C=C(C)C)C[C@H]([C@@]3([C@@H]2[C@H]([C@@H]2[C@@]1(C)C1=C(C)[C@@H](C[C@H]1O2)c1ccoc1)OC3)C)O,IMPHY007392,,https://cb.imsc.res.in/imppat/phytochemical-detailedpage/IMPHY007392,Organic compounds,Lipids and lipid-like molecules,Prenol lipids,Triterpenoids
CWGBIWRWBCYASK-LMHNVORZSA-N,28-Deoxonimbolide,COC(=O)C[C@H]1[C@@]2(C)[C@H](O[C@H]3C2=C(C)[C@@H](C3)c2cocc2)[C@H]2[C@@H]3[C@]1(C)C(=O)C=C[C@@]3(C)CO2,IMPHY002857,CHEMBL485455,https://cb.imsc.res.in/imppat/phytochemical-detailedpage/IMPHY002857,Organic compounds,Lipids and lipid-like molecules,Prenol lipids,Triterpenoids
PFQPGZDVNHHXLR-DRHPPGAKSA-N,"2H-Cyclopenta(b)naphtho(2,3-d)furan-10-carboxylic acid,2-(3-furanyl)-3,3a,4a,5,5a,6,9,9a,10,10a-decahydro-5,6-dihydroxy-1,6,9a,10a-tetramethyl-9-oxo-, methyl ester, (2R,3aS,4aS,5R,5aS,6R,9aR,10S,10aR)",COC(=O)C[C@H]1[C@@]2(C)[C@H](O[C@@H]3C2=C(C)[C@@H](C3)c2cocc2)[C@@H]([C@@H]2[C@@]1(C)C(=O)C=C[C@@]2(C)O)O,IMPHY006853,,https://cb.imsc.res.in/imppat/phytochemical-detailedpage/IMPHY006853,Organic compounds,Organoheterocyclic compounds,Naphthofurans,
UJHSMBNEFBESCZ-UHFFFAOYSA-N,"5,7-Dihydroxy-4'-methoxy-8,3'-di-C-prenylflavanone",COc1ccc(cc1CC=C(C)C)C1CC(=O)c2c(O1)c(CC=C(C)C)c(cc2O)O,IMPHY002788,,https://cb.imsc.res.in/imppat/phytochemical-detailedpage/IMPHY002788,Organic compounds,Phenylpropanoids and polyketides,Flavonoids,Flavans
YQSXXKRVYCLMRM-SIUABMRBSA-N,Azadirachtanin,CC(=O)O[C@@H]1OC[C@@]23C([C@@]1(C)[C@H](OC(=O)C)C[C@@H]2O)C[C@H]([C@@]1([C@@H]3C(=O)[C@H](OC(=O)C)[C@@]2(C1=CC[C@H]2c1ccoc1)C)C)O,IMPHY000193,,https://cb.imsc.res.in/imppat/phytochemical-detailedpage/IMPHY000193,Organic compounds,Lipids and lipid-like molecules,Prenol lipids,Triterpenoids
HFGSQOYIOKBQOW-ZSDYHTTISA-N,Corosolic acid,C[C@@H]1CC[C@]2([C@@H]([C@H]1C)C1=CC[C@H]3[C@@]([C@@]1(CC2)C)(C)CC[C@@H]1[C@]3(C)C[C@@H](O)[C@@H](C1(C)C)O)C(=O)O,IMPHY006612,CHEMBL391533,https://cb.imsc.res.in/imppat/phytochemical-detailedpage/IMPHY006612,Organic compounds,Lipids and lipid-like molecules,Prenol lipids,Triterpenoids
NPJICTMALKLTFW-OFUAXYCQSA-N,Daucosterol,CC[C@@H](C(C)C)CC[C@H]([C@H]1CC[C@@H]2[C@]1(C)CC[C@H]1[C@H]2CC=C2[C@]1(C)CC[C@@H](C2)O[C@@H]1O[C@H](CO)[C@H]([C@@H]([C@H]1O)O)O)C,IMPHY014838,CHEMBL506678,https://cb.imsc.res.in/imppat/phytochemical-detailedpage/IMPHY014838,Organic compounds,Lipids and lipid-like molecules,Steroids and steroid derivatives,Stigmastanes and derivatives
GXEGJTGWYVZSNR-SJRHNVSNSA-N,Germacrene B,C/C/1=CCC/C(=C/CC(=C(C)C)CC1)/C,IMPHY005618,CHEMBL448125,https://cb.imsc.res.in/imppat/phytochemical-detailedpage/IMPHY005618,Organic compounds,Lipids and lipid-like molecules,Prenol lipids,Sesquiterpenoids
LWHAGFHXOKLHEU-UHFFFAOYSA-N,Isoazadirolide,COC(=O)CC1C2(C)C(OC3C2=C(C)C(C3)C2=CC(=O)OC2O)C2C3C1(C)C(OC(=O)C=C(C)C)CC(C3(C)CO2)O,IMPHY002244,,https://cb.imsc.res.in/imppat/phytochemical-detailedpage/IMPHY002244,Organic compounds,Lipids and lipid-like molecules,Prenol lipids,Triterpenoids
JKKKCIDRWJBQJW-DCSJMUKMSA-N,Isomargosinolide,COC(=O)C[C@H]1[C@]2(C)C3=C(C)[C@@H](C[C@H]3O[C@@H]2[C@@H]2[C@@H]3[C@]1(C)C=CC(=O)[C@@]3(C)CO2)C1=CC(=O)OC1O,IMPHY000464,,https://cb.imsc.res.in/imppat/phytochemical-detailedpage/IMPHY000464,Organic compounds,Organoheterocyclic compounds,Naphthofurans,
KRGKDQUGJXDINQ-GOSWNXTOSA-N,Isomeldenin,CC(=O)OC1[C@H](O)[C@@H]2[C@]([C@@H]3[C@]1(C)C1=CC[C@H]([C@@]1(CC3)C)c1ccoc1)(C)CCC(=O)C2(C)C,IMPHY006017,CHEMBL2288863,https://cb.imsc.res.in/imppat/phytochemical-detailedpage/IMPHY006017,Organic compounds,Lipids and lipid-like molecules,Prenol lipids,Triterpenoids
KBPHJBAIARWVSC-RGZFRNHPSA-N,Lutein,C/C(=CC=CC=C(C=CC=C(C=CC1=C(C)C[C@H](CC1(C)C)O)/C)/C)/C=C/C=C(/C=C/[C@H]1C(=C[C@@H](CC1(C)C)O)C)C,IMPHY011620,CHEMBL173929,https://cb.imsc.res.in/imppat/phytochemical-detailedpage/IMPHY011620,Organic compounds,Lipids and lipid-like molecules,Prenol lipids,Tetraterpenoids
LUGYVZIXJLEPQF-CNNNJUAPSA-N,Margosinolide,COC(=O)C[C@H]1[C@@]2(C)[C@H](O[C@H]3C2=C(C)[C@@H](C3)C2=CC(OC2=O)O)[C@H]2[C@@H]3[C@]1(C)C=CC(=O)[C@@]3(C)CO2,IMPHY006786,,https://cb.imsc.res.in/imppat/phytochemical-detailedpage/IMPHY006786,Organic compounds,Organoheterocyclic compounds,Naphthofurans,
KKBYMJHRFVZUIQ-XMLHTYRRSA-N,Meldenin,CC(=O)O[C@H]1[C@@H](O)[C@]2(C)[C@@H]([C@@]3([C@@H]1C(C)(C)C(=O)CC3)C)CC[C@@]1(C2=CC[C@H]1c1ccoc1)C,IMPHY006799,,https://cb.imsc.res.in/imppat/phytochemical-detailedpage/IMPHY006799,Organic compounds,Lipids and lipid-like molecules,Prenol lipids,Triterpenoids
JZIQWNPPBKFOPT-UHFFFAOYSA-N,"Methyl 2-[6-(furan-3-yl)-7,9,11,15-tetramethyl-12,16-dioxo-3,17-dioxapentacyclo[9.6.1.02,9.04,8.015,18]octadeca-7,13-dien-10-yl]acetate",COC(=O)CC1C2(C)C(OC3C2=C(C)C(C3)c2cocc2)C2C3C1(C)C(=O)C=CC3(C)C(=O)O2,IMPHY000663,CHEMBL1968854,https://cb.imsc.res.in/imppat/phytochemical-detailedpage/IMPHY000663,Organic compounds,Lipids and lipid-like molecules,Prenol lipids,Triterpenoids
RTATXGUCZHCSNG-QHWHWDPRSA-N,Nicotiflorin,Oc1ccc(cc1)c1oc2cc(O)cc(c2c(=O)c1O[C@@H]1O[C@H](CO[C@@H]2O[C@@H](C)[C@@H]([C@H]([C@H]2O)O)O)[C@H]([C@@H]([C@H]1O)O)O)O,IMPHY011985,CHEMBL498879,https://cb.imsc.res.in/imppat/phytochemical-detailedpage/IMPHY011985,Organic compounds,Phenylpropanoids and polyketides,Flavonoids,Flavonoid glycosides
TXDYFFZJOSDMMR-CFMVMBKJSA-N,Nimbinene,COC(=O)C[C@H]1[C@@]2(C)[C@H](OC3C2=C(C)[C@@H](C3)c2cocc2)[C@@H](C2[C@]1(C)C(=O)CC=C2C)OC(=O)C,IMPHY001280,,https://cb.imsc.res.in/imppat/phytochemical-detailedpage/IMPHY001280,Organic compounds,Organoheterocyclic compounds,Naphthofurans,
BQVRARANLWBOLS-IXTPREFVSA-N,Nimbocinolide,CC(=O)O[C@@H]1C[C@@H]2[C@]([C@@H]3[C@]1(C)C1=CC[C@H]([C@@]1([C@H]([C@H]3OC(=O)C(O)(C)C)O)C)C1=CC(OC1=O)O)(C)C=CC(=O)C2(C)C,IMPHY002654,,https://cb.imsc.res.in/imppat/phytochemical-detailedpage/IMPHY002654,Organic compounds,Lipids and lipid-like molecules,Prenol lipids,Triterpenoids
GDMYRVKWBYREMU-SAGQAIRCSA-N,Nimocinol,CC(=O)O[C@@H]1[C@H](O)[C@@H]2[C@]([C@@H]3C1(C)C1=CC[C@H]([C@@]1(CC3)C)c1ccoc1)(C)C=CC(=O)C2(C)C,IMPHY010224,,https://cb.imsc.res.in/imppat/phytochemical-detailedpage/IMPHY010224,Organic compounds,Lipids and lipid-like molecules,Prenol lipids,Triterpenoids
RODXRVNMMDRFIK-UHFFFAOYSA-N,Scopoletin,COc1cc2ccc(=O)oc2cc1O,IMPHY011541,CHEMBL71851,https://cb.imsc.res.in/imppat/phytochemical-detailedpage/IMPHY011541,Organic compounds,Phenylpropanoids and polyketides,Coumarins and derivatives,Hydroxycoumarins
FPXSXMFOYWRHDX-UHFFFAOYSA-N,Sterol,OC1CCC2C(C1)CCC1C2CCC2C1CCC2,IMPHY012029,,https://cb.imsc.res.in/imppat/phytochemical-detailedpage/IMPHY012029,Organic compounds,Lipids and lipid-like molecules,Steroids and steroid derivatives,Hydroxysteroids
UHUFTBALEZWWIH-UHFFFAOYSA-N,Tetradecanal,CCCCCCCCCCCCCC=O,IMPHY003537,CHEMBL2228569,https://cb.imsc.res.in/imppat/phytochemical-detailedpage/IMPHY003537,Organic compounds,Lipids and lipid-like molecules,Fatty acyls,Fatty aldehydes
DXWTUXKPOPZWFZ-ROVBDAAOSA-N,"[(4S,5R,6R,11R,12R,15S,16R,17Z)-17-(2,2-dihydroxyethylidene)-5-hydroxy-3,7,7,11,15-pentamethyl-8,18-dioxo-19-oxapentacyclo[14.3.1.02,15.03,12.06,11]icosa-1,9-dien-4-yl] acetate",CC(=O)O[C@@H]1[C@H](O)[C@@H]2[C@]([C@@H]3C1(C)C1=C4OC(=O)/C(=CC(O)O)/[C@@H]([C@@]1(CC3)C)C4)(C)C=CC(=O)C2(C)C,IMPHY006238,,https://cb.imsc.res.in/imppat/phytochemical-detailedpage/IMPHY006238,Organic compounds,Lipids and lipid-like molecules,Steroids and steroid derivatives,Steroid lactones
KVQOADNSNSUAJT-UHFFFAOYSA-N,alpha-Patchoulene,CC1CCC23C1CC(C3(C)C)CC=C2C,IMPHY004521,,https://cb.imsc.res.in/imppat/phytochemical-detailedpage/IMPHY004521,Organic compounds,Lipids and lipid-like molecules,Prenol lipids,Sesquiterpenoids
NPJICTMALKLTFW-BITMJKDVSA-N,beta-Sitosterol-beta-D-glucoside,CC[C@@H](C(C)C)CC[C@H]([C@H]1CC[C@@H]2[C@]1(C)CC[C@H]1[C@@H]2CC=C2[C@@]1(C)CC[C@@H](C2)O[C@H]1O[C@H](CO)[C@H]([C@@H]([C@H]1O)O)O)C,IMPHY015072,,https://cb.imsc.res.in/imppat/phytochemical-detailedpage/IMPHY015072,Organic compounds,Lipids and lipid-like molecules,Steroids and steroid derivatives,Stigmastanes and derivatives
PYMYPHUHKUWMLA-VAYJURFESA-N,L-(+)-Arabinose,OC[C@@H]([C@@H]([C@H](C=O)O)O)O,IMPHY004187,,https://cb.imsc.res.in/imppat/phytochemical-detailedpage/IMPHY004187,Organic compounds,Organic oxygen compounds,Organooxygen compounds,Carbohydrates and carbohydrate conjugates
GIFPHLCYIOHODV-QYXPMSDWSA-N,Azadirinin,CC(=O)O[C@@H]1C2C(C)(C)[C@H](OC(=O)C)C[C@@H]([C@]2(C)[C@@H]2[C@]([C@@H]1O)(C)C1=CC(=O)O[C@H]([C@@]1(CC2)C)c1ccoc1)OC(=O)/C=C/c1ccccc1,IMPHY001121,,https://cb.imsc.res.in/imppat/phytochemical-detailedpage/IMPHY001121,Organic compounds,Organoheterocyclic compounds,Naphthopyrans,
GFWAUGVHDIJBDI-SMRKTTIESA-N,Azedarachin A,CCC(C(=O)O[C@@H]1OC[C@@]23[C@H]([C@@]1(C)[C@H](OC(=O)C)C[C@@H]2O)C[C@H]([C@@]1([C@@H]3C(=O)[C@H](O)[C@@]2([C@]31O[C@@H]3C[C@H]2c1ccoc1)C)C)O)C,IMPHY007664,,https://cb.imsc.res.in/imppat/phytochemical-detailedpage/IMPHY007664,Organic compounds,Lipids and lipid-like molecules,Prenol lipids,Triterpenoids
IWWHKSITDUTKRB-JRWPYURWSA-N,Azedarachin B,CC(=O)O[C@@H]1C[C@H](O)[C@]23[C@H]([C@]1(C)[C@@H](OC2)OC(=O)C(C)C)C[C@H]([C@@]1([C@@H]3C(=O)[C@H](O)[C@@]2([C@]31O[C@@H]3C[C@H]2c1ccoc1)C)C)O,IMPHY007672,,https://cb.imsc.res.in/imppat/phytochemical-detailedpage/IMPHY007672,Organic compounds,Lipids and lipid-like molecules,Prenol lipids,Triterpenoids
LYPRXGBHIMCFLS-DFRPONFISA-N,Azedarachin C,CC(=O)O[C@@H]1C[C@H](O)[C@]23[C@H]([C@@]1(C)[C@@H](OC2)OC(=O)C(C)C)C[C@H]([C@@]1([C@@H]3C(=O)C[C@@]2([C@]31O[C@@H]3C[C@H]2c1ccoc1)C)C)O,IMPHY007657,,https://cb.imsc.res.in/imppat/phytochemical-detailedpage/IMPHY007657,Organic compounds,Lipids and lipid-like molecules,Prenol lipids,Triterpenoids
DDJMOMHMVFXEQF-XHTKMIFXSA-N,Campestan-3-one,O=C1CC[C@]2(C(C1)CC[C@@H]1[C@@H]2CC[C@]2([C@H]1CC[C@@H]2[C@@H](CC[C@H](C(C)C)C)C)C)C,IMPHY005977,,https://cb.imsc.res.in/imppat/phytochemical-detailedpage/IMPHY005977,Organic compounds,Lipids and lipid-like molecules,Steroids and steroid derivatives,Ergostane steroids
WBYWAXJHAXSJNI-VOTSOKGWSA-N,Cinnamic acid,OC(=O)/C=C/c1ccccc1,IMPHY011960,CHEMBL27246,https://cb.imsc.res.in/imppat/phytochemical-detailedpage/IMPHY011960,Organic compounds,Phenylpropanoids and polyketides,Cinnamic acids and derivatives,Cinnamic acids
NFRXSIOHGADFRG-MEMZBLDGSA-N,Cycloeucalenone,C=C(C(C)C)CC[C@H]([C@H]1CC[C@@]2([C@]1(C)CC[C@@]13[C@H]2CC[C@@H]2[C@]3(C1)CCC(=O)[C@H]2C)C)C,IMPHY003804,CHEMBL225754,https://cb.imsc.res.in/imppat/phytochemical-detailedpage/IMPHY003804,Organic compounds,Lipids and lipid-like molecules,Steroids and steroid derivatives,Cycloartanols and derivatives
UXBNUAGRXXTYEY-CMKODMSKSA-N,Margocilin,CC(c1cc2C(=O)C[C@@H]3[C@](c2cc1O)(C)CC[C@@H](C3(C)C)O)C,IMPHY002184,CHEMBL4791443,https://cb.imsc.res.in/imppat/phytochemical-detailedpage/IMPHY002184,Organic compounds,Lipids and lipid-like molecules,Prenol lipids,Diterpenoids
RELOVHBDDSYXLX-FXAWDEMLSA-N,Margocin,O=C1CC[C@]2([C@H](C1(C)C)CC(=O)c1c2ccc(c1)C(C)C)C,IMPHY005184,,https://cb.imsc.res.in/imppat/phytochemical-detailedpage/IMPHY005184,Organic compounds,Lipids and lipid-like molecules,Prenol lipids,Diterpenoids
WIKUREAQNLQTSC-KCBBYMOVSA-N,Margocinin,OCC(c1cc2C(=O)C[C@@H]3[C@](c2cc1O)(C)CCC(=O)C3(C)C)C,IMPHY002183,,https://cb.imsc.res.in/imppat/phytochemical-detailedpage/IMPHY002183,Organic compounds,Lipids and lipid-like molecules,Prenol lipids,Diterpenoids
JMBKXUYCBVKSSY-DOTOQJQBSA-N,Nimbidiol,O=C1C[C@H]2C(C)(C)CCC[C@@]2(c2c1cc(O)c(c2)O)C,IMPHY000016,CHEMBL202413,https://cb.imsc.res.in/imppat/phytochemical-detailedpage/IMPHY000016,Organic compounds,Lipids and lipid-like molecules,Prenol lipids,Diterpenoids
NTNUMTAFBRLDAX-RJYQGEKKSA-N,Nimbilin,C/C=C(/C(=O)OC1CC(OC(=O)C)C2(C3C1(C)C1CC(O)OC4C(=C(C)C(C4)c4ccoc4)C1(C)C(C3OC2)OC(=O)/C=C/c1ccccc1)C)C,IMPHY009726,,https://cb.imsc.res.in/imppat/phytochemical-detailedpage/IMPHY009726,Organic compounds,Lipids and lipid-like molecules,Prenol lipids,Triterpenoids
KGJBTXSQLRRSAE-BUHFOSPRSA-N,Nimbolicin,OC1OC2CC(C(=C2C2(C(C1)C1(C)C(OC(=O)C(=C)C)CC(C3(C1C(C2OC(=O)/C=C/c1ccccc1)OC3)C)OC(=O)C)C)C)c1ccoc1,IMPHY002557,,https://cb.imsc.res.in/imppat/phytochemical-detailedpage/IMPHY002557,Organic compounds,Lipids and lipid-like molecules,Prenol lipids,Triterpenoids
WOSMVRQDGSGWRR-WOJBJXKFSA-N,Nimolinin,O=C1C[C@@]2(O)C(C)(C)CCC[C@@]2(c2c1cc(C(C)C)c(c2)O)C,IMPHY003342,,https://cb.imsc.res.in/imppat/phytochemical-detailedpage/IMPHY003342,Organic compounds,Lipids and lipid-like molecules,Prenol lipids,Diterpenoids
MWOOGOJBHIARFG-UHFFFAOYSA-N,Vanillin,COc1cc(C=O)ccc1O,IMPHY001931,CHEMBL13883,https://cb.imsc.res.in/imppat/phytochemical-detailedpage/IMPHY001931,Organic compounds,Benzenoids,Phenols,Methoxyphenols
RUVUHIUYGJBLGI-AXAJWWPKSA-N,beta-Sitostenone,CC[C@@H](C(C)C)CC[C@H](C1CCC2[C@]1(C)CCC1C2CCC2=CC(=O)CC[C@]12C)C,IMPHY003979,,https://cb.imsc.res.in/imppat/phytochemical-detailedpage/IMPHY003979,Organic compounds,Lipids and lipid-like molecules,Steroids and steroid derivatives,Stigmastanes and derivatives
WGBLBVXSYGYVPN-VQDQNZKNSA-N,"1,3-Diacetylvilasinin",CC(=O)O[C@H]1C[C@@H](OC(=O)C)[C@@]2([C@H]3[C@@]1(C)[C@H]1CC[C@@]4(C(=CC[C@H]4c4ccoc4)[C@]1(C)[C@@H]([C@@H]3OC2)O)C)C,IMPHY005037,CHEMBL2229171,https://cb.imsc.res.in/imppat/phytochemical-detailedpage/IMPHY005037,Organic compounds,Lipids and lipid-like molecules,Prenol lipids,Triterpenoids
KAJFOBKSQVMLSY-SEBWSFJVSA-N,11-Hydroxyazadirachtin B,C/C=C(/C(=O)O[C@@H]1C[C@H](O)[C@]23[C@@H]4[C@@]1(CO[C@H]4[C@H]([C@@]([C@@H]3[C@@](OC2)(O)C(=O)OC)(C)[C@@]12O[C@@]2(C)[C@H]2C[C@@H]1O[C@H]1[C@]2(O)C=CO1)O)C(=O)OC)C,IMPHY014607,,https://cb.imsc.res.in/imppat/phytochemical-detailedpage/IMPHY014607,Organic compounds,Lipids and lipid-like molecules,Prenol lipids,Triterpenoids
ILMJTWSQVCYIKY-FAYCBZKRSA-N,11beta-Azadirachtin H,C/C=C(/C(=O)O[C@H]1C[C@@H](OC(=O)C)[C@@]2([C@H]3[C@@]41CO[C@H]([C@H]4[C@@](C)([C@@H]([C@@H]3OC2)O)[C@@]12O[C@@]2(C)[C@H]2C[C@@H]1O[C@H]1[C@]2(O)C=CO1)O)C(=O)OC)C,IMPHY005975,CHEMBL2272994,https://cb.imsc.res.in/imppat/phytochemical-detailedpage/IMPHY005975,Organic compounds,Lipids and lipid-like molecules,Prenol lipids,Triterpenoids
POHKQJAJFZNNNW-BUKOMCEZSA-N,"13,14-Desepoxyazadirachtin A",C/C=C(/C(=O)O[C@H]1C[C@@H](OC(=O)C)[C@@]2([C@H]3[C@@]41CO[C@]([C@H]4[C@@](C)([C@@H]([C@@H]3OC2)O)C1=C(C)[C@@H]2C[C@@H]1O[C@H]1[C@@]2(O)C=CO1)(O)C(=O)OC)C(=O)OC)C,IMPHY014597,,https://cb.imsc.res.in/imppat/phytochemical-detailedpage/IMPHY014597,Organic compounds,Lipids and lipid-like molecules,Prenol lipids,Triterpenoids
KWAMDQVQFVBEAU-ZRCRZKIJSA-N,17-Epiazadiradione,CC(=O)O[C@@H]1C[C@@H]2[C@]([C@@H]3[C@]1(C)C1=CC(=O)[C@@H]([C@@]1(CC3)C)c1ccoc1)(C)C=CC(=O)C2(C)C,IMPHY003824,CHEMBL1774392,https://cb.imsc.res.in/imppat/phytochemical-detailedpage/IMPHY003824,Organic compounds,Lipids and lipid-like molecules,Prenol lipids,Triterpenoids
CPULIKNSOUFMPL-UHFFFAOYSA-N,"2,4-Dimethylthiophene",Cc1scc(c1)C,IMPHY003237,,https://cb.imsc.res.in/imppat/phytochemical-detailedpage/IMPHY003237,Organic compounds,Organoheterocyclic compounds,Heteroaromatic compounds,
IDEYZABHVQLHAF-GQCTYLIASA-N,2-Methyl-2-pentenal,C/C(=CCC)/C=O,IMPHY011385,CHEMBL2270062,https://cb.imsc.res.in/imppat/phytochemical-detailedpage/IMPHY011385,Organic compounds,Organic oxygen compounds,Organooxygen compounds,Carbonyl compounds
GPSFYJDZKSRMKZ-UHFFFAOYSA-N,"3,4-Dimethylthiophene",Cc1cscc1C,IMPHY008697,,https://cb.imsc.res.in/imppat/phytochemical-detailedpage/IMPHY008697,Organic compounds,Organoheterocyclic compounds,Heteroaromatic compounds,
KUCNSNKUGFEHJF-KSQKNYLWSA-N,6-Deacetylnimbinene,COC(=O)C[C@H]1[C@@]2(C)[C@H](OC3C2=C(C)[C@@H](C3)c2cocc2)[C@@H](C2[C@]1(C)C(=O)CC=C2C)O,IMPHY010582,,https://cb.imsc.res.in/imppat/phytochemical-detailedpage/IMPHY010582,Organic compounds,Organoheterocyclic compounds,Naphthofurans,
HCEYJYMNIQHPPK-UHFFFAOYSA-N,7-Deacetoxy-7-hydroxygedunin,O=C1OC(c2ccoc2)C2(C3(C1O3)C1(C)C(O)CC3C(C1CC2)(C)C=CC(=O)C3(C)C)C,IMPHY009957,CHEMBL1981983,https://cb.imsc.res.in/imppat/phytochemical-detailedpage/IMPHY009957,Organic compounds,Lipids and lipid-like molecules,Prenol lipids,Triterpenoids
SNNRXIOWEMKFFZ-TXCILVRSSA-N,Azadirachtin D,C/C=C(/C(=O)O[C@H]1C[C@@H](OC(=O)C)[C@@]2([C@H]3C41CO[C@]([C@H]4[C@@](C)([C@@H]([C@H]3OC2)O)[C@@]12O[C@@]2(C)[C@@H]2CC1O[C@H]1[C@]2(O)C=CO1)(O)C(=O)OC)C)C,IMPHY014138,,https://cb.imsc.res.in/imppat/phytochemical-detailedpage/IMPHY014138,Organic compounds,Lipids and lipid-like molecules,Prenol lipids,Triterpenoids
JBYMKLQRMUTCTE-VGOSKUKMSA-N,Azadirachtin F,COC(=O)[C@H]([C@H]1[C@@](C)([C@H](O)[C@H]2[C@@H]3[C@]1(C)[C@@H](O)C[C@H]([C@]3(CO2)C(=O)OC)OC(=O)/C(=C/C)/C)[C@@]12O[C@@]2(C)[C@@H]2C[C@H]1O[C@H]1[C@]2(O)C=CO1)O,IMPHY014139,,https://cb.imsc.res.in/imppat/phytochemical-detailedpage/IMPHY014139,Organic compounds,Lipids and lipid-like molecules,Prenol lipids,Triterpenoids
FVEVYGNIVRCALL-HTFNIQLJSA-N,Compositolide,COC(=O)C[C@H]1[C@@]2(C)[C@H](O[C@H]3C2=C(C)[C@@H](C3)C2=CC(OC2=O)O)[C@H]2[C@@H]3[C@]1(C)[C@@H](OC(=O)/C(=C/C)/C)C[C@H]([C@@]3(C)CO2)OC(=O)C,IMPHY011526,CHEMBL2288872,https://cb.imsc.res.in/imppat/phytochemical-detailedpage/IMPHY011526,Organic compounds,Lipids and lipid-like molecules,Prenol lipids,Triterpenoids
ALVPFGSHPUPROW-UHFFFAOYSA-N,Dipropyl disulfide,CCCSSCCC,IMPHY009593,,https://cb.imsc.res.in/imppat/phytochemical-detailedpage/IMPHY009593,Organic compounds,Organosulfur compounds,Organic disulfides,Dialkyldisulfides
AXNCEELXJOSUOL-IETUTBKHSA-N,Limbocidin,C/C=C(/C(=O)O[C@H]1C[C@@H](OC(=O)C)[C@]2([C@H]3[C@@]1(C)[C@H]1[C@H](O)[C@H](O)[C@]4([C@]5([C@]1(C)[C@@H]([C@H]3OC2)O)O[C@@H]5C(=O)[C@H]4C1=CC(=O)OC1=O)C)C)C,IMPHY001341,,https://cb.imsc.res.in/imppat/phytochemical-detailedpage/IMPHY001341,Organic compounds,Lipids and lipid-like molecules,Prenol lipids,Triterpenoids
KTZMJZLZKQMODA-AGKCECBESA-N,Nimbanal,COC(=O)C[C@H]1[C@@]2(C)[C@H](O[C@H]3C2=C(C)[C@@H](C3)c2cocc2)[C@@H]([C@@H]2[C@]1(C)C(=O)C=C[C@@]2(C)C=O)OC(=O)C,IMPHY002620,,https://cb.imsc.res.in/imppat/phytochemical-detailedpage/IMPHY002620,Organic compounds,Lipids and lipid-like molecules,Prenol lipids,Triterpenoids
BGEGLLQERXAQAK-AGKCECBESA-N,Nimbinol,COC(=O)C[C@H]1[C@@]2(C)[C@H](O[C@H]3C2=C(C)[C@@H](C3)c2cocc2)[C@@H]([C@@H]2[C@]1(C)C(=O)C=C[C@@]2(C)CO)OC(=O)C,IMPHY010713,,https://cb.imsc.res.in/imppat/phytochemical-detailedpage/IMPHY010713,Organic compounds,Lipids and lipid-like molecules,Prenol lipids,Triterpenoids
CSXRQWINVNDPIA-ISDWWLKNSA-N,Ohchinolide B,C/C=C(/C(=O)O[C@@H]1[C@@H]2OC[C@]3([C@H]2[C@]([C@@H]2[C@]1(C)C1=C(C)[C@@H](C[C@@H]1OC(=O)C2)c1ccoc1)(C)[C@H](C[C@H]3OC(=O)C)OC(=O)C)C)C,IMPHY005723,CHEMBL451858,https://cb.imsc.res.in/imppat/phytochemical-detailedpage/IMPHY005723,Organic compounds,Lipids and lipid-like molecules,Prenol lipids,Triterpenoids
QMEMRUDWBPMCGJ-SRSHEJQUSA-N,Salannic acid,OC(=O)C[C@H]1[C@@]2(C)[C@H](O[C@H]3C2=C(C)[C@@H](C3)c2cocc2)[C@H]2[C@@H]3[C@]1(C)[C@@H](O)C[C@H]([C@@]3(C)CO2)O,IMPHY011547,,https://cb.imsc.res.in/imppat/phytochemical-detailedpage/IMPHY011547,Organic compounds,Lipids and lipid-like molecules,Prenol lipids,Triterpenoids
FLTWOOAJLVECQQ-QJBQBLRASA-N,Salannol,COC(=O)C[C@@H]1[C@@]2(C)[C@@H](OC(=O)CC(C)C)C[C@H]([C@@]3([C@@H]2[C@H]([C@@H]2[C@@]1(C)C1=C(C)[C@@H](C[C@H]1O2)c1ccoc1)OC3)C)O,IMPHY009514,CHEMBL2288874,https://cb.imsc.res.in/imppat/phytochemical-detailedpage/IMPHY009514,Organic compounds,Lipids and lipid-like molecules,Prenol lipids,Triterpenoids
ARQFJAOVFLFHON-IDCZLCEFSA-N,Salannolactam 21,COC(=O)CC1[C@@]2(C)[C@@H](OC(=O)/C(=C/C)/C)C[C@H]([C@@]3([C@@H]2[C@H]([C@@H]2[C@@]1(C)C1=C(C)[C@@H](C[C@H]1O2)C1=CCNC1=O)OC3)C)OC(=O)C,IMPHY014135,,https://cb.imsc.res.in/imppat/phytochemical-detailedpage/IMPHY014135,Organic compounds,Organoheterocyclic compounds,Naphthofurans,
UIERETOOQGIECD-ONEGZZNKSA-N,Tiglic acid,C/C(=CC)/C(=O)O,IMPHY006221,CHEMBL52416,https://cb.imsc.res.in/imppat/phytochemical-detailedpage/IMPHY006221,Organic compounds,Lipids and lipid-like molecules,Fatty acyls,Fatty acids and conjugates
JHEAMHIBUPEMCC-GXJVPLPWSA-N,Vepinin,CC(=O)O[C@H]1[C@@H]2OC3C4C2(C)[C@@H]([C@@]2([C@@H]1C(C)(C)C(=O)C=C2)C)CC[C@]4([C@@H](C3)c1ccoc1)C,IMPHY012436,,https://cb.imsc.res.in/imppat/phytochemical-detailedpage/IMPHY012436,Organic compounds,Lipids and lipid-like molecules,Prenol lipids,Triterpenoids
DTVGLMFEPSBEIA-JPALLTBASA-N,"[(4R,5R,6S,7S,8R,11R,12R,14S,15S)-12-acetyloxy-4,7-dihydroxy-6-[(1R,2S,6S,9R,11S)-2-hydroxy-11-methyl-5,7,10-trioxatetracyclo[6.3.1.02,6.09,11]dodec-3-en-9-yl]-6,11-dimethyl-3,9-dioxatetracyclo[6.6.1.",C/C=C(/C(=O)O[C@H]1C[C@@H](OC(=O)C)[C@@]2([C@H]3C41CO[C@H]([C@H]4[C@@](C)([C@@H]([C@@H]3OC2)O)[C@@]12O[C@@]2(C)[C@@H]2CC1O[C@H]1[C@]2(O)C=CO1)O)C)C,IMPHY006286,,https://cb.imsc.res.in/imppat/phytochemical-detailedpage/IMPHY006286,Organic compounds,Lipids and lipid-like molecules,Prenol lipids,Triterpenoids
WQXXXHMEBYGSBG-OLQVQODUSA-N,"cis-3,5-Diethyl-1,2,4-trithiolane",CC[C@@H]1SS[C@@H](S1)CC,IMPHY012918,,https://cb.imsc.res.in/imppat/phytochemical-detailedpage/IMPHY012918,Organic compounds,Organoheterocyclic compounds,Trithiolanes,
FTNJWQUOZFUQQJ-UZTPERQESA-N,"dimethyl (2aR,3S,4S,4aR,5S,7aS,8R,10R,10aS,10bR)-10-acetoxy-3,5-dihydroxy-4-[(1aR,2S,3aS,6aS,7S,7aS)-6a-hydroxy-7a-methyl-3a,6a,7,7a-tetrahydro-2,7-methanofuro[2,3-b]oxireno[e]oxepin-1a(2H)-yl]-4-meth",C/C=C(/C(=O)O[C@@H]1C[C@@H](OC(=O)C)[C@@]2([C@H]3[C@@]41CO[C@]([C@H]4[C@@](C)([C@@H]([C@@H]3OC2)O)[C@@]12O[C@@]2(C)[C@H]2C[C@@H]1O[C@H]1[C@]2(O)C=CO1)(O)C(=O)OC)C(=O)OC)C,IMPHY004024,CHEMBL2288846,https://cb.imsc.res.in/imppat/phytochemical-detailedpage/IMPHY004024,Organic compounds,Lipids and lipid-like molecules,Prenol lipids,Triterpenoids
PKOYNOJAZZXAPP-UHFFFAOYSA-N,"7-(Acetyloxy)-21-hydroxy-6-methoxy-4,4,8-trimethyl-3-oxocarda-1,14,20(22)-trienolide",COC1C(OC(=O)C)C2(C)C3=CCC(C3(C)CCC2C2(C1C(C)(C)C(=O)C=C2)C)C1=CC(=O)OC1O,IMPHY013913,,https://cb.imsc.res.in/imppat/phytochemical-detailedpage/IMPHY013913,Organic compounds,Lipids and lipid-like molecules,Prenol lipids,Triterpenoids
ILEDWLMCKZNDJK-UHFFFAOYSA-N,Esculetin,O=c1ccc2c(o1)cc(c(c2)O)O,IMPHY011518,CHEMBL244743,https://cb.imsc.res.in/imppat/phytochemical-detailedpage/IMPHY011518,Organic compounds,Phenylpropanoids and polyketides,Coumarins and derivatives,Hydroxycoumarins
ZXURWFKNHWDZSV-XSVBSQRJSA-N,Isonimolicinolide,CC(=O)O[C@@H]1CC2C(C3C1(C)C1=CC(=O)[C@@]([C@@]1(CC3)C)(OC(=O)C)C1=CC(=O)OC1O)(C)C=CC(=O)C2(C)C,IMPHY000472,,https://cb.imsc.res.in/imppat/phytochemical-detailedpage/IMPHY000472,Organic compounds,Lipids and lipid-like molecules,Prenol lipids,Triterpenoids
SYTYLPHCLSSCOJ-UHFFFAOYSA-N,Isoscopoletin,COc1cc2oc(=O)ccc2cc1O,IMPHY006551,CHEMBL390320,https://cb.imsc.res.in/imppat/phytochemical-detailedpage/IMPHY006551,Organic compounds,Phenylpropanoids and polyketides,Coumarins and derivatives,Hydroxycoumarins
RSMKYRDCCSNYFM-AAGDOFLISA-N,24-Methylenelophenol,C=C(C(C)C)CC[C@H]([C@H]1CC[C@@H]2[C@]1(C)CC[C@H]1C2=CC[C@@H]2[C@]1(C)CC[C@@H]([C@H]2C)O)C,IMPHY012769,,https://cb.imsc.res.in/imppat/phytochemical-detailedpage/IMPHY012769,Organic compounds,Lipids and lipid-like molecules,Steroids and steroid derivatives,Ergostane steroids
XNGZDMDUXPOASU-LLMUJASKSA-N,Melianin A,CC(=O)O[C@@H]1C[C@H]2C(C)(C)[C@H](OC(=O)c3ccccc3)C[C@@H]([C@@]2([C@@H]2[C@]1(C)C1=CC[C@H]([C@@]1(CC2)C)[C@H]1CO[C@H]([C@@H](C1)O)C(O)(C)C)C)OC(=O)C,IMPHY002310,,https://cb.imsc.res.in/imppat/phytochemical-detailedpage/IMPHY002310,Organic compounds,Lipids and lipid-like molecules,Prenol lipids,Triterpenoids
YVGHEOPJZLXYKH-OUKQBFOZSA-N,Nimbolin B,O=C(OC1C2OCC3(C2C(C2C1(C)C1=C(C)C(CC1OC(C2)O)c1cocc1)(C)C(CC3OC(=O)C)OC(=O)C)C)/C=C/c1ccccc1,IMPHY006231,,https://cb.imsc.res.in/imppat/phytochemical-detailedpage/IMPHY006231,Organic compounds,Lipids and lipid-like molecules,Prenol lipids,Triterpenoids
GQNAMBZGINRMBH-IBOKIDTJSA-N,"[(1R,2R,5R,6R,10R,11S,15R,16R,18S)-16,18-diacetyloxy-6-(furan-3-yl)-1,5,10,15-tetramethyl-13-oxapentacyclo[10.6.1.02,10.05,9.015,19]nonadec-8-en-11-yl] (E)-3-phenylprop-2-enoate",O=C(O[C@@H]1C2OC[C@]3(C2[C@]([C@@H]2[C@]1(C)C1=CC[C@H]([C@]1(CC2)C)c1cocc1)(C)[C@H](C[C@H]3OC(=O)C)OC(=O)C)C)/C=C/c1ccccc1,IMPHY006834,,https://cb.imsc.res.in/imppat/phytochemical-detailedpage/IMPHY006834,Organic compounds,Lipids and lipid-like molecules,Prenol lipids,Triterpenoids
LCWARTZNQSKAAQ-VBAOANQZSA-N,melianin B,CC(=O)O[C@@H]1C[C@@H]2[C@@]([C@@H]3[C@]1(C)C1=CC[C@H]([C@@]1(CC3)C)C1COC([C@H]([C@@H](C1)O)O)(C)C)(C)[C@@H](OC(=O)C)C[C@H](C2(C)C)OC(=O)c1ccccc1,IMPHY006825,,https://cb.imsc.res.in/imppat/phytochemical-detailedpage/IMPHY006825,Organic compounds,Lipids and lipid-like molecules,Prenol lipids,Triterpenoids
XOGWGGHUKKQJPR-RBFKZVKLSA-N,Azimine,O=C1CCCCC[C@@H]2CC[C@@H]([C@@H](N2)C)OC(=O)CCCCC[C@@H]2CC[C@H](O1)[C@H](C)N2,IMPHY000681,,https://cb.imsc.res.in/imppat/phytochemical-detailedpage/IMPHY000681,Organic compounds,Phenylpropanoids and polyketides,Macrolides and analogues,
AMSCMASJCYVAIF-QCVMBYIASA-N,Carpaine,O=C1CCCCCCC[C@@H]2CC[C@@H]([C@@H](N2)C)OC(=O)CCCCCCC[C@@H]2CC[C@H](O1)[C@H](C)N2,IMPHY003831,,https://cb.imsc.res.in/imppat/phytochemical-detailedpage/IMPHY003831,Organic compounds,Phenylpropanoids and polyketides,Macrolides and analogues,
HFSACQSILLSUII-ISSAZSKYSA-N,Glutinol,O[C@H]1CC[C@@H]2C(=CC[C@H]3[C@@]2(C)CC[C@@]2([C@]3(C)CC[C@@]3([C@H]2CC(C)(C)CC3)C)C)C1(C)C,IMPHY011978,CHEMBL452242,https://cb.imsc.res.in/imppat/phytochemical-detailedpage/IMPHY011978,Organic compounds,Lipids and lipid-like molecules,Prenol lipids,Triterpenoids
UIDGLYUNOUKLBM-GEBJFKNCSA-N,Narcissin,COc1cc(ccc1O)c1oc2cc(O)cc(c2c(=O)c1O[C@@H]1O[C@H](CO[C@@H]2O[C@@H](C)[C@@H]([C@H]([C@H]2O)O)O)[C@H]([C@@H]([C@H]1O)O)O)O,IMPHY012868,CHEMBL258394,https://cb.imsc.res.in/imppat/phytochemical-detailedpage/IMPHY012868,Organic compounds,Phenylpropanoids and polyketides,Flavonoids,Flavonoid glycosides
HPSSZFFAYWBIPY-UHFFFAOYSA-N,Malvalic acid,CCCCCCCCC1=C(C1)CCCCCCC(=O)O,IMPHY001097,,https://cb.imsc.res.in/imppat/phytochemical-detailedpage/IMPHY001097,Organic compounds,Lipids and lipid-like molecules,Fatty acyls,Fatty acids and conjugates
PQRKPYLNZGDCFH-UHFFFAOYSA-N,Sterculic acid,CCCCCCCCC1=C(C1)CCCCCCCC(=O)O,IMPHY009570,CHEMBL3677268,https://cb.imsc.res.in/imppat/phytochemical-detailedpage/IMPHY009570,Organic compounds,Lipids and lipid-like molecules,Fatty acyls,Fatty acids and conjugates
CJBDUOMQLFKVQC-UHFFFAOYSA-N,3-(2-Hydroxyphenyl)propanoic acid,OC(=O)CCc1ccccc1O,IMPHY006935,,https://cb.imsc.res.in/imppat/phytochemical-detailedpage/IMPHY006935,Organic compounds,Phenylpropanoids and polyketides,Phenylpropanoic acids,
NMHMNPHRMNGLLB-UHFFFAOYSA-N,3-(4-Hydroxyphenyl)propionic acid,OC(=O)CCc1ccc(cc1)O,IMPHY001087,CHEMBL1172560,https://cb.imsc.res.in/imppat/phytochemical-detailedpage/IMPHY001087,Organic compounds,Phenylpropanoids and polyketides,Phenylpropanoic acids,
NGSWKAQJJWESNS-ZZXKWVIFSA-N,4-Hydroxycinnamic acid,OC(=O)/C=C/c1ccc(cc1)O,IMPHY011974,CHEMBL66879,https://cb.imsc.res.in/imppat/phytochemical-detailedpage/IMPHY011974,Organic compounds,Phenylpropanoids and polyketides,Cinnamic acids and derivatives,Hydroxycinnamic acids and derivatives
DHHFDKNIEVKVKS-FMOSSLLZSA-N,Betacyanin,OC[C@H]1O[C@@H](Oc2cc3C[C@H](/[N+](=CC=C/4C[C@H](NC(=C4)C(=O)O)C(=O)O)/c3cc2O)C(=O)[O-])[C@@H]([C@H]([C@@H]1O)O)O,IMPHY004274,CHEMBL1172614,https://cb.imsc.res.in/imppat/phytochemical-detailedpage/IMPHY004274,Organic compounds,Alkaloids and derivatives,Betalains,Betacyanins and derivatives
CWVRJTMFETXNAD-JUHZACGLSA-N,Chlorogenic acid,O=C(O[C@@H]1C[C@@](O)(C[C@H]([C@H]1O)O)C(=O)O)/C=C/c1ccc(c(c1)O)O,IMPHY011844,CHEMBL284616,https://cb.imsc.res.in/imppat/phytochemical-detailedpage/IMPHY011844,Organic compounds,Organic oxygen compounds,Organooxygen compounds,Alcohols and polyols
ZYGHJZDHTFUPRJ-UHFFFAOYSA-N,Coumarin,O=c1ccc2c(o1)cccc2,IMPHY003490,CHEMBL6466,https://cb.imsc.res.in/imppat/phytochemical-detailedpage/IMPHY003490,Organic compounds,Phenylpropanoids and polyketides,Coumarins and derivatives,
YGSDEFSMJLZEOE-UHFFFAOYSA-N,Salicylic acid,OC(=O)c1ccccc1O,IMPHY011523,CHEMBL424,https://cb.imsc.res.in/imppat/phytochemical-detailedpage/IMPHY011523,Organic compounds,Benzenoids,Benzene and substituted derivatives,Benzoic acids and derivatives
NGSWKAQJJWESNS-UTCJRWHESA-N,cis-p-Coumaric acid,OC(=O)/C=Cc1ccc(cc1)O,IMPHY011972,CHEMBL2336752,https://cb.imsc.res.in/imppat/phytochemical-detailedpage/IMPHY011972,Organic compounds,Phenylpropanoids and polyketides,Cinnamic acids and derivatives,Hydroxycinnamic acids and derivatives
IKCBLEDGTPAJDE-VRFZYHLASA-N,Isogomphrenin I,OC[C@H]1O[C@@H](Oc2cc3c(cc2O)C[C@@H](N3/C=C/C2=CC(=N[C@@H](C2)C(=O)O)C(=O)O)C(=O)O)[C@@H]([C@H]([C@@H]1O)O)O,IMPHY006741,,https://cb.imsc.res.in/imppat/phytochemical-detailedpage/IMPHY006741,Organic compounds,Organic oxygen compounds,Organooxygen compounds,Carbohydrates and carbohydrate conjugates
YGLDJHLOOPYMED-ALAGVQDISA-N,Isogomphrenin II,O=C(/C=C/c1ccc(cc1)O)OC[C@H]1O[C@@H](Oc2cc3c(cc2O)C[C@@H](N3/C=C/C2=CC(=N[C@@H](C2)C(=O)O)C(=O)O)C(=O)O)[C@@H]([C@H]([C@@H]1O)O)O,IMPHY000412,,https://cb.imsc.res.in/imppat/phytochemical-detailedpage/IMPHY000412,Organic compounds,Organic oxygen compounds,Organooxygen compounds,Carbohydrates and carbohydrate conjugates
WWXDXMCAUBHMOT-LWTADSRSSA-N,1'-OH-gamma-carotene glucoside/(Carotenoids B-G),OC[C@H]1O[C@@H](OC(CCC/C(=C/C=C/C(=C/C=C/C(=C/C=C/C=C(/C=C/C=C(/C=C/C2=C(C)CCCC2(C)C)C)C)/C)/C)/C)(C)C)C(C([C@@H]1O)O)O,IMPHY002286,,https://cb.imsc.res.in/imppat/phytochemical-detailedpage/IMPHY002286,Organic compounds,Lipids and lipid-like molecules,Prenol lipids,Tetraterpenoids
CIWBSHSKHKDKBQ-JLAZNSOCSA-N,Ascorbic acid,OC[C@@H]([C@H]1OC(=O)C(=C1O)O)O,IMPHY006362,CHEMBL196,https://cb.imsc.res.in/imppat/phytochemical-detailedpage/IMPHY006362,Organic compounds,Organoheterocyclic compounds,Dihydrofurans,Furanones
LUNCCTMWZWBSKQ-QHFAZAOBSA-N,Glycoprotein,OC[C@H]1OC(NC(=O)C[C@@H](C(=O)N)NC(=O)C)[C@@H]([C@H]([C@@H]1O[C@@H]1O[C@H](CO)[C@H]([C@@H]([C@H]1NC(=O)C)O)O[C@@H]1O[C@H](CO)[C@H]([C@@H]([C@@H]1O)O)O)O)NC(=O)C,IMPHY012513,,https://cb.imsc.res.in/imppat/phytochemical-detailedpage/IMPHY012513,Organic compounds,Organic oxygen compounds,Organooxygen compounds,Carbohydrates and carbohydrate conjugates
FPIPGXGPPPQFEQ-OVSJKPMPSA-N,Retinol,OC/C=C(/C=C/C=C(/C=C/C1=C(C)CCCC1(C)C)C)C,IMPHY001308,CHEMBL986,https://cb.imsc.res.in/imppat/phytochemical-detailedpage/IMPHY001308,Organic compounds,Lipids and lipid-like molecules,Prenol lipids,Retinoids
JKQXZKUSFCKOGQ-QAYBQHTQSA-N,Zeaxanthin,O[C@@H]1CC(=C(C(C1)(C)C)/C=C/C(=C/C=C/C(=C/C=C/C=C(/C=C/C=C(/C=C/C1=C(C)C[C@H](CC1(C)C)O)C)C)/C)/C)C,IMPHY011785,CHEMBL2359248,https://cb.imsc.res.in/imppat/phytochemical-detailedpage/IMPHY011785,Organic compounds,Lipids and lipid-like molecules,Prenol lipids,Tetraterpenoids
YZXBAPSDXZZRGB-DOFZRALJSA-N,Arachidonic acid,CCCCC/C=CC/C=CC/C=CC/C=CCCCC(=O)O,IMPHY004302,CHEMBL15594,https://cb.imsc.res.in/imppat/phytochemical-detailedpage/IMPHY004302,Organic compounds,Lipids and lipid-like molecules,Fatty acyls,Fatty acids and conjugates
PVNIIMVLHYAWGP-UHFFFAOYSA-N,Nicotinic acid,OC(=O)c1cccnc1,IMPHY007357,CHEMBL573,https://cb.imsc.res.in/imppat/phytochemical-detailedpage/IMPHY007357,Organic compounds,Organoheterocyclic compounds,Pyridines and derivatives,Pyridinecarboxylic acids and derivatives
JZRWCGZRTZMZEH-UHFFFAOYSA-N,Thiamine,OCCc1sc[n+](c1C)Cc1cnc(nc1N)C,IMPHY000005,CHEMBL1547,https://cb.imsc.res.in/imppat/phytochemical-detailedpage/IMPHY000005,Organic compounds,Organoheterocyclic compounds,Diazines,Pyrimidines and pyrimidine derivatives
ANVAOWXLWRTKGA-NTXLUARGSA-N,alpha-Carotene,C/C(=CC=CC=C(C=CC=C(C=CC1=C(C)CCCC1(C)C)/C)/C)/C=C/C=C(/C=C/[C@H]1C(=CCCC1(C)C)C)C,IMPHY011609,,https://cb.imsc.res.in/imppat/phytochemical-detailedpage/IMPHY011609,Organic compounds,Lipids and lipid-like molecules,Prenol lipids,Tetraterpenoids
LSHVYAFMTMFKBA-PZJWPPBQSA-N,(+)-Catechin gallate,Oc1cc(O)c2c(c1)O[C@@H]([C@H](C2)OC(=O)c1cc(O)c(c(c1)O)O)c1ccc(c(c1)O)O,IMPHY014856,CHEMBL483083,https://cb.imsc.res.in/imppat/phytochemical-detailedpage/IMPHY014856,Organic compounds,Phenylpropanoids and polyketides,Flavonoids,Flavans
RSYUFYQTACJFML-HIFRSBDPSA-N,(-)-Afzelechin,Oc1ccc(cc1)[C@@H]1Oc2cc(O)cc(c2C[C@H]1O)O,IMPHY011989,,https://cb.imsc.res.in/imppat/phytochemical-detailedpage/IMPHY011989,Organic compounds,Phenylpropanoids and polyketides,Flavonoids,Flavans
CDRRULDABVKKHU-UHFFFAOYSA-N,"(3,4,8,10-tetrahydroxy-9-methoxy-6-oxo-3,4,4a,10b-tetrahydro-2H-pyrano[3,2-c]isochromen-2-yl)methyl 3,4,5-trihydroxybenzoate",COc1c(O)cc2c(c1O)C1OC(COC(=O)c3cc(O)c(c(c3)O)O)C(C(C1OC2=O)O)O,IMPHY014309,,https://cb.imsc.res.in/imppat/phytochemical-detailedpage/IMPHY014309,Organic compounds,Benzenoids,Benzene and substituted derivatives,Benzoic acids and derivatives
YWJXCIXBAKGUKZ-HJJNZUOJSA-N,Bergenin,OC[C@H]1O[C@@H]2[C@@H]([C@H]([C@@H]1O)O)OC(=O)c1c2c(O)c(c(c1)O)OC,IMPHY011607,CHEMBL273019,https://cb.imsc.res.in/imppat/phytochemical-detailedpage/IMPHY011607,Organic compounds,Benzenoids,Benzene and substituted derivatives,Benzoic acids and derivatives
LFJQCDVYDGGFCH-JTQLQIEISA-N,(+)-beta-Phellandrene,CC([C@@H]1CCC(=C)C=C1)C,IMPHY011965,,https://cb.imsc.res.in/imppat/phytochemical-detailedpage/IMPHY011965,Organic compounds,Lipids and lipid-like molecules,Prenol lipids,Monoterpenoids
YIRAHEODBQONHI-ZQNQSHIBSA-N,(-)-beta-Bourbonene,CC([C@@H]1CC[C@@]2([C@H]1[C@H]1C(=C)CC[C@@H]21)C)C,IMPHY003977,,https://cb.imsc.res.in/imppat/phytochemical-detailedpage/IMPHY003977,Organic compounds,Lipids and lipid-like molecules,Prenol lipids,Sesquiterpenoids
XBGUIVFBMBVUEG-CCEZHUSRSA-N,(Z)-gamma-bisabolene,CC(=CCC/C(=C1/CCC(=CC1)C)/C)C,IMPHY011839,,https://cb.imsc.res.in/imppat/phytochemical-detailedpage/IMPHY011839,Organic compounds,Lipids and lipid-like molecules,Prenol lipids,Sesquiterpenoids
ITYNGVSTWVVPIC-UHFFFAOYSA-N,Aromadendrene,CC1CCC2C1C1C(C1(C)C)CCC2=C,IMPHY014817,,https://cb.imsc.res.in/imppat/phytochemical-detailedpage/IMPHY014817,Organic compounds,Lipids and lipid-like molecules,Prenol lipids,Sesquiterpenoids
JUQGWBAOQUBVFP-OPFPJEHXSA-N,"Cadina-1,4-diene",CC1=CC2C(=CC1)[C@@H](C)CCC2C(C)C,IMPHY011455,,https://cb.imsc.res.in/imppat/phytochemical-detailedpage/IMPHY011455,Organic compounds,Lipids and lipid-like molecules,Prenol lipids,Sesquiterpenoids
KMOUJOKENFFTPU-QNDFHXLGSA-N,Cosmosiin,OC[C@H]1O[C@@H](Oc2cc(O)c3c(c2)oc(cc3=O)c2ccc(cc2)O)[C@@H]([C@H]([C@@H]1O)O)O,IMPHY012719,CHEMBL487017,https://cb.imsc.res.in/imppat/phytochemical-detailedpage/IMPHY012719,Organic compounds,Phenylpropanoids and polyketides,Flavonoids,Flavonoid glycosides
RKQDKXOBRXTSFS-PIHCAMFYSA-N,Humulene epoxide,C/C/1=CCCC2(C)OC2CC(/C=C/C1)(C)C,IMPHY011873,,https://cb.imsc.res.in/imppat/phytochemical-detailedpage/IMPHY011873,Organic compounds,Organoheterocyclic compounds,Epoxides,
ASOIXDIITRKTOX-UHFFFAOYSA-N,Hypolaetin,Oc1cc(ccc1O)c1cc(=O)c2c(o1)c(O)c(cc2O)O,IMPHY005450,CHEMBL1829395,https://cb.imsc.res.in/imppat/phytochemical-detailedpage/IMPHY005450,Organic compounds,Phenylpropanoids and polyketides,Flavonoids,Flavones
XGEWXQPYPMTSBD-UHFFFAOYSA-N,Ishwarane,CC1CCCC23C1(C)CC1C(C2)C1(C3)C,IMPHY002551,,https://cb.imsc.res.in/imppat/phytochemical-detailedpage/IMPHY002551,Organic compounds,Lipids and lipid-like molecules,Prenol lipids,Sesquiterpenoids
FADPMTSJYFTYLF-COPIHEOBSA-N,Ishwarone,C[C@@H]1CCC(=O)[C@@]23[C@@]1(C)C[C@H]1[C@@H](C2)[C@]1(C3)C,IMPHY001583,,https://cb.imsc.res.in/imppat/phytochemical-detailedpage/IMPHY001583,Organic compounds,Lipids and lipid-like molecules,Prenol lipids,Sesquiterpenoids
MDZKJHQSJHYOHJ-LLICELPBSA-N,Maslinic acid,O[C@@H]1C[C@@]2(C)[C@H](C([C@H]1O)(C)C)CC[C@@]1([C@@H]2CC=C2[C@@]1(C)CC[C@@]1([C@H]2CC(C)(C)CC1)C(=O)O)C,IMPHY011970,CHEMBL201515,https://cb.imsc.res.in/imppat/phytochemical-detailedpage/IMPHY011970,Organic compounds,Lipids and lipid-like molecules,Prenol lipids,Triterpenoids
BNWJOHGLIBDBOB-UHFFFAOYSA-N,Myristicin,C=CCc1cc(OC)c2c(c1)OCO2,IMPHY003398,CHEMBL481044,https://cb.imsc.res.in/imppat/phytochemical-detailedpage/IMPHY003398,Organic compounds,Organoheterocyclic compounds,Benzodioxoles,
WQGWDDDVZFFDIG-UHFFFAOYSA-N,Pyrogallol,Oc1c(O)cccc1O,IMPHY000103,CHEMBL307145,https://cb.imsc.res.in/imppat/phytochemical-detailedpage/IMPHY000103,Organic compounds,Benzenoids,Phenols,Benzenetriols and derivatives
ZMQAAUBTXCXRIC-UHFFFAOYSA-N,Safrole,C=CCc1ccc2c(c1)OCO2,IMPHY004549,CHEMBL242273,https://cb.imsc.res.in/imppat/phytochemical-detailedpage/IMPHY004549,Organic compounds,Organoheterocyclic compounds,Benzodioxoles,
MGSRCZKZVOBKFT-UHFFFAOYSA-N,Thymol,Cc1ccc(c(c1)O)C(C)C,IMPHY006550,CHEMBL29411,https://cb.imsc.res.in/imppat/phytochemical-detailedpage/IMPHY006550,Organic compounds,Lipids and lipid-like molecules,Prenol lipids,Monoterpenoids
QMAYBMKBYCGXDH-KFWWJZLASA-N,Zizanene,CC1=C[C@@H]2[C@H](CC1)C(=CC[C@@H]2C(C)C)C,IMPHY014801,,https://cb.imsc.res.in/imppat/phytochemical-detailedpage/IMPHY014801,Organic compounds,Lipids and lipid-like molecules,Prenol lipids,Sesquiterpenoids
FSRZGYRCMPZNJF-KHMAMNHCSA-N,beta-Cubebene,CC([C@@H]1CC[C@H]([C@]23[C@H]1[C@H]2C(=C)CC3)C)C,IMPHY007376,,https://cb.imsc.res.in/imppat/phytochemical-detailedpage/IMPHY007376,Organic compounds,Lipids and lipid-like molecules,Prenol lipids,Sesquiterpenoids
LHYHMMRYTDARSZ-ZQDZILKHSA-N,delta-Cadinol,CC1=C[C@@H]2[C@H](CC1)[C@](C)(O)CC[C@H]2C(C)C,IMPHY012585,,https://cb.imsc.res.in/imppat/phytochemical-detailedpage/IMPHY012585,Organic compounds,Lipids and lipid-like molecules,Prenol lipids,Sesquiterpenoids
IFIQVSCCFRXSJV-UHFFFAOYSA-N,Tomentosic acid,OCC1(C)C(O)C(O)CC2(C1CCC1(C2CC=C2C1(C)CCC1(C2C(O)C(CC1)(C)C)C(=O)O)C)C,IMPHY012649,,https://cb.imsc.res.in/imppat/phytochemical-detailedpage/IMPHY012649,Organic compounds,Lipids and lipid-like molecules,Prenol lipids,Triterpenoids
OZQAPQSEYFAMCY-SOUVJXGZSA-N,(-)-7-Epi-alpha-selinene,CC1=CCC[C@]2([C@H]1C[C@H](CC2)C(=C)C)C,IMPHY011894,,https://cb.imsc.res.in/imppat/phytochemical-detailedpage/IMPHY011894,Organic compounds,Lipids and lipid-like molecules,Prenol lipids,Sesquiterpenoids
VLXDPFLIRFYIME-KHMAMNHCSA-N,"(1S,2S,6S,7R,8R)-1,3-dimethyl-8-propan-2-yltricyclo[4.4.0.02,7]dec-3-ene",CC([C@H]1CC[C@]2([C@@H]3[C@@H]1[C@H]2C(=CC3)C)C)C,IMPHY012168,,https://cb.imsc.res.in/imppat/phytochemical-detailedpage/IMPHY012168,Organic compounds,Lipids and lipid-like molecules,Prenol lipids,Sesquiterpenoids
YCTKONHGXCYDJD-YKBIRWAZSA-N,"(2E,6E,10E)-3,7,11,15-Tetramethylhexadeca-2,6,10,14-tetraen-1-yl formate",O=COC/C=C(/CC/C=C(/CC/C=C(/CCC=C(C)C)C)C)C,IMPHY002734,,https://cb.imsc.res.in/imppat/phytochemical-detailedpage/IMPHY002734,Organic compounds,Lipids and lipid-like molecules,Prenol lipids,Diterpenoids
ZGIGZINMAOQWLX-HDVIWIBHSA-N,"(2Z,6E)-Farnesyl acetate",C/C(=CCC/C(=CCOC(=O)C)/C)/CCC=C(C)C,IMPHY011570,,https://cb.imsc.res.in/imppat/phytochemical-detailedpage/IMPHY011570,Organic compounds,Lipids and lipid-like molecules,Prenol lipids,Sesquiterpenoids
CHFHDTRINHGRJJ-ZPWMNFGTSA-N,"(6R)-1a-methyl-4-methylidene-6-propan-2-yl-1b,2,3,5,5a,6a-hexahydro-1H-cyclopropa[a]inden-6-ol",C=C1CCC2C(C1)[C@](O)(C(C)C)C1C2(C)C1,IMPHY009754,,https://cb.imsc.res.in/imppat/phytochemical-detailedpage/IMPHY009754,Organic compounds,Lipids and lipid-like molecules,Prenol lipids,Sesquiterpenoids
CRDAMVZIKSXKFV-GNESMGCMSA-N,"(E,Z)-farnesol",OC/C=C(/CC/C=C(CCC=C(C)C)/C)C,IMPHY011631,CHEMBL488357,https://cb.imsc.res.in/imppat/phytochemical-detailedpage/IMPHY011631,Organic compounds,Lipids and lipid-like molecules,Prenol lipids,Sesquiterpenoids
MMSLOZQEMPDGPI-UHFFFAOYSA-N,1-Methyl-4-(prop-1-en-2-yl)benzene,Cc1ccc(cc1)C(=C)C,IMPHY008150,,https://cb.imsc.res.in/imppat/phytochemical-detailedpage/IMPHY008150,Organic compounds,Benzenoids,Benzene and substituted derivatives,Phenylpropenes
RAFGELQLHMBRHD-SLEZCNMESA-N,Bixin,COC(=O)/C=C/C(=CC=CC(=CC=CC=C(C=CC=C(C=CC(=O)O)/C)/C)C)/C,IMPHY004673,CHEMBL1172615,https://cb.imsc.res.in/imppat/phytochemical-detailedpage/IMPHY004673,Organic compounds,Lipids and lipid-like molecules,Prenol lipids,Diterpenoids
PGTJIOWQJWHTJJ-STQMWFEESA-N,Calamenene,CC([C@@H]1CC[C@@H](c2c1cc(C)cc2)C)C,IMPHY014865,,https://cb.imsc.res.in/imppat/phytochemical-detailedpage/IMPHY014865,Organic compounds,Lipids and lipid-like molecules,Prenol lipids,Sesquiterpenoids
IECBDTGWSQNQID-UHFFFAOYSA-N,Chrysanthenone,CC1=CCC2C(=O)C1C2(C)C,IMPHY000915,,https://cb.imsc.res.in/imppat/phytochemical-detailedpage/IMPHY000915,Organic compounds,Lipids and lipid-like molecules,Prenol lipids,Monoterpenoids
QDUJKDRUFBJYSQ-HNNXBMFYSA-N,"Cyclohexene, 6-ethenyl-6-methyl-1-(1-methylethyl)-3-(1-methylethylidene)-, (S)-",C=C[C@@]1(C)CCC(=C(C)C)C=C1C(C)C,IMPHY004135,,https://cb.imsc.res.in/imppat/phytochemical-detailedpage/IMPHY004135,Organic compounds,Lipids and lipid-like molecules,Prenol lipids,Sesquiterpenoids
QNGQIURXCUHNAT-UHFFFAOYSA-N,Eucarvone,CC1=CC=CC(CC1=O)(C)C,IMPHY009966,,https://cb.imsc.res.in/imppat/phytochemical-detailedpage/IMPHY009966,Organic compounds,Lipids and lipid-like molecules,Prenol lipids,Monoterpenoids
LTUMRKDLVGQMJU-IUBLYSDUSA-N,Farnesylacetone,C/C(=CCC/C(=C/CCC(=O)C)/C)/CCC=C(C)C,IMPHY010538,CHEMBL486207,https://cb.imsc.res.in/imppat/phytochemical-detailedpage/IMPHY010538,Organic compounds,Lipids and lipid-like molecules,Prenol lipids,Diterpenoids
OJISWRZIEWCUBN-QIRCYJPOSA-N,Geranylgeraniol,OC/C=C(/CC/C=C(/CC/C=C(/CCC=C(C)C)C)C)C,IMPHY005583,CHEMBL478589,https://cb.imsc.res.in/imppat/phytochemical-detailedpage/IMPHY005583,Organic compounds,Lipids and lipid-like molecules,Prenol lipids,Diterpenoids
PKPQRPBOVUDOLF-JJKPFOCASA-N,Geranylgeranyl octadecanoate,CCCCCCCCCCCCCCCCCC(=O)OC/C=C(/CC/C=C(/CC/C=C(/CCC=C(C)C)C)C)C,IMPHY002733,,https://cb.imsc.res.in/imppat/phytochemical-detailedpage/IMPHY002733,Organic compounds,Lipids and lipid-like molecules,Fatty acyls,Fatty acid esters
PDSNLYSELAIEBU-UHFFFAOYSA-N,Longifolene,C=C1C2CCC3C1(C)CCCC(C23)(C)C,IMPHY004286,,https://cb.imsc.res.in/imppat/phytochemical-detailedpage/IMPHY004286,Organic compounds,Lipids and lipid-like molecules,Prenol lipids,Sesquiterpenoids
ZVKOASAVGLETCT-UOGKPENDSA-N,Norbixin,C/C(=CC=CC=C(C=CC=C(C=CC(=O)O)/C)/C)/C=C/C=C(/C=C/C(=O)O)C,IMPHY004596,CHEMBL1602127,https://cb.imsc.res.in/imppat/phytochemical-detailedpage/IMPHY004596,Organic compounds,Lipids and lipid-like molecules,Prenol lipids,Diterpenoids
YSTPAHQEHQSRJD-UHFFFAOYSA-N,Piperitone,CC1=CC(=O)C(CC1)C(C)C,IMPHY015042,CHEMBL2252746,https://cb.imsc.res.in/imppat/phytochemical-detailedpage/IMPHY015042,Organic compounds,Lipids and lipid-like molecules,Prenol lipids,Monoterpenoids
WGTRJVCFDUCKCM-FMKGYKFTSA-N,Viridiflorene,C[C@@H]1CCC2=C(C)CC[C@@H]3[C@H]([C@H]12)C3(C)C,IMPHY007520,,https://cb.imsc.res.in/imppat/phytochemical-detailedpage/IMPHY007520,Organic compounds,Lipids and lipid-like molecules,Prenol lipids,Sesquiterpenoids
CUUMXRBKJIDIAY-ZDUSSCGKSA-N,alpha-Calacorene,CC([C@@H]1CC=C(c2c1cc(C)cc2)C)C,IMPHY013080,,https://cb.imsc.res.in/imppat/phytochemical-detailedpage/IMPHY013080,Organic compounds,Lipids and lipid-like molecules,Prenol lipids,Sesquiterpenoids
RAFGELQLHMBRHD-IFNPSABLSA-N,beta-Bixin,COC(=O)/C=C/C(=C/C=C/C(=C/C=C/C=C(/C=C/C=C(/C=C/C(=O)O)C)C)/C)/C,IMPHY015126,CHEMBL1574943,https://cb.imsc.res.in/imppat/phytochemical-detailedpage/IMPHY015126,Organic compounds,Lipids and lipid-like molecules,Prenol lipids,Diterpenoids
DMASLKHVQRHNES-FKKUPVFPSA-N,beta-Cryptoxanthin,O[C@@H]1CC(=C(C(C1)(C)C)/C=C/C(=C/C=C/C(=C/C=C/C=C(/C=C/C=C(/C=C/C1=C(C)CCCC1(C)C)C)C)/C)/C)C,IMPHY004645,,https://cb.imsc.res.in/imppat/phytochemical-detailedpage/IMPHY004645,Organic compounds,Lipids and lipid-like molecules,Prenol lipids,Tetraterpenoids
ODADKLYLWWCHNB-LDYBVBFYSA-N,delta-Tocotrienol,C/C(=CCC[C@]1(C)CCc2c(O1)c(C)cc(c2)O)/CC/C=C(/CCC=C(C)C)C,IMPHY012760,CHEMBL121305,https://cb.imsc.res.in/imppat/phytochemical-detailedpage/IMPHY012760,Organic compounds,Lipids and lipid-like molecules,Prenol lipids,Quinone and hydroquinone lipids
UNTSJRBZLAUZBX-VBBCTIIMSA-N,trans-Methylbixin,COC(=O)/C=C/C(=C/C=C/C(=C/C=C/C=C(/C=C/C=C(/C=C/C(=O)OC)C)C)/C)/C,IMPHY014306,,https://cb.imsc.res.in/imppat/phytochemical-detailedpage/IMPHY014306,Organic compounds,Lipids and lipid-like molecules,Prenol lipids,Diterpenoids
ZOJBYZNEUISWFT-UHFFFAOYSA-N,Allyl isothiocyanate,C=CCN=C=S,IMPHY006321,CHEMBL233248,https://cb.imsc.res.in/imppat/phytochemical-detailedpage/IMPHY006321,Organic compounds,Organosulfur compounds,Isothiocyanates,
ACRWYXSKEHUQDB-UHFFFAOYSA-N,Benzenepropanenitrile,N#CCCc1ccccc1,IMPHY009361,,https://cb.imsc.res.in/imppat/phytochemical-detailedpage/IMPHY009361,Organic compounds,Benzenoids,Benzene and substituted derivatives,
LIMQQADUEULBSO-UHFFFAOYSA-N,Butyl isothiocyanate,CCCCN=C=S,IMPHY001878,CHEMBL1814588,https://cb.imsc.res.in/imppat/phytochemical-detailedpage/IMPHY001878,Organic compounds,Organosulfur compounds,Isothiocyanates,
YWHLKYXPLRWGSE-UHFFFAOYSA-N,Dimethyl trisulfide,CSSSC,IMPHY005804,,https://cb.imsc.res.in/imppat/phytochemical-detailedpage/IMPHY005804,Organic compounds,Organosulfur compounds,Organic trisulfides,
IZJDOKYDEWTZSO-UHFFFAOYSA-N,Phenethyl isothiocyanate,S=C=NCCc1ccccc1,IMPHY005144,CHEMBL151649,https://cb.imsc.res.in/imppat/phytochemical-detailedpage/IMPHY005144,Organic compounds,Benzenoids,Benzene and substituted derivatives,
SUSQOBVLVYHIEX-UHFFFAOYSA-N,Phenylacetonitrile,N#CCc1ccccc1,IMPHY006941,CHEMBL3560735,https://cb.imsc.res.in/imppat/phytochemical-detailedpage/IMPHY006941,Organic compounds,Benzenoids,Benzene and substituted derivatives,Benzyl cyanides
SKIHGKNFJKJXPX-UHFFFAOYSA-N,3-Butenyl isothiocyanate,C=CCCN=C=S,IMPHY006018,CHEMBL3593942,https://cb.imsc.res.in/imppat/phytochemical-detailedpage/IMPHY006018,Organic compounds,Organosulfur compounds,Isothiocyanates,
DTDMYWXTWWFLGJ-UHFFFAOYSA-N,4-Decanol,CCCCCCC(CCC)O,IMPHY017149,,https://cb.imsc.res.in/imppat/phytochemical-detailedpage/IMPHY017149,Organic compounds,Lipids and lipid-like molecules,Fatty acyls,Fatty alcohols
YPQKRKAUPLJHDT-UHFFFAOYSA-N,Brassilexin,[nH]1sc2-c(c1)c1c(n2)cccc1,IMPHY005326,,https://cb.imsc.res.in/imppat/phytochemical-detailedpage/IMPHY005326,Organic compounds,Organoheterocyclic compounds,Indoles and derivatives,Indoles
MVMVWNMQGBYIDM-UHFFFAOYSA-N,Cyclobrassinin,CSC1=NCc2c(S1)[nH]c1c2cccc1,IMPHY005269,CHEMBL2442561,https://cb.imsc.res.in/imppat/phytochemical-detailedpage/IMPHY005269,Organic compounds,Organoheterocyclic compounds,Indoles and derivatives,Indoles
YUXKTUVIOWXKPA-UHFFFAOYSA-N,Cyclobrassinin sulfoxide,CS(=O)C1=NCc2c(S1)[nH]c1c2cccc1,IMPHY010019,,https://cb.imsc.res.in/imppat/phytochemical-detailedpage/IMPHY010019,Organic compounds,Organoheterocyclic compounds,Indoles and derivatives,Indoles
HUJXHFRXWWGYQH-UHFFFAOYSA-O,Sinapine,COc1cc(/C=C/C(=O)OCC[N+](C)(C)C)cc(c1O)OC,IMPHY004630,,https://cb.imsc.res.in/imppat/phytochemical-detailedpage/IMPHY004630,Organic compounds,Phenylpropanoids and polyketides,Cinnamic acids and derivatives,Hydroxycinnamic acids and derivatives
QXDHYSHOINNEAZ-HSIBUNQISA-N,"24-Methylene,25-methylcholesta-5-en-3beta-ol",O[C@H]1CC[C@]2(C(=CC[C@@H]3[C@@H]2CC[C@]2([C@H]3CC[C@@H]2[C@@H](CCC(=C)C(C)(C)C)C)C)C1)C,IMPHY004894,,https://cb.imsc.res.in/imppat/phytochemical-detailedpage/IMPHY004894,Organic compounds,Lipids and lipid-like molecules,Steroids and steroid derivatives,Ergostane steroids
PLYQBXHVYUJNQB-ZHVGPZTNSA-N,3-Butenylglucosinolate,C=CCCC(=NOS(=O)(=O)O)S[C@@H]1O[C@H](CO)[C@H]([C@@H]([C@H]1O)O)O,IMPHY006773,,https://cb.imsc.res.in/imppat/phytochemical-detailedpage/IMPHY006773,Organic compounds,Organic oxygen compounds,Organooxygen compounds,Carbohydrates and carbohydrate conjugates
XPRWWANUPMYKMF-HVEGQNEHSA-N,5-Dehydro-avenasterol,C/C=C(C(C)C)/CC[C@H]([C@H]1CC[C@@H]2[C@]1(C)CC[C@H]1C2=CC=C2[C@]1(C)CC[C@@H](C2)O)C,IMPHY004789,,https://cb.imsc.res.in/imppat/phytochemical-detailedpage/IMPHY004789,Organic compounds,Lipids and lipid-like molecules,Steroids and steroid derivatives,Stigmastanes and derivatives
MDKCFLQDBWCQCV-UHFFFAOYSA-N,Benzyl isothiocyanate,S=C=NCc1ccccc1,IMPHY005071,CHEMBL55285,https://cb.imsc.res.in/imppat/phytochemical-detailedpage/IMPHY005071,Organic compounds,Benzenoids,Benzene and substituted derivatives,
OILXMJHPFNGGTO-ZAUYPBDWSA-N,Brassicasterol,O[C@H]1CC[C@]2(C(=CC[C@@H]3[C@@H]2CC[C@]2([C@H]3CC[C@@H]2[C@@H](/C=C/[C@@H](C(C)C)C)C)C)C1)C,IMPHY005590,,https://cb.imsc.res.in/imppat/phytochemical-detailedpage/IMPHY005590,Organic compounds,Lipids and lipid-like molecules,Steroids and steroid derivatives,Ergostane steroids
DPUOLQHDNGRHBS-KTKRTIGZSA-N,Erucic acid,CCCCCCCC/C=CCCCCCCCCCCCC(=O)O,IMPHY011923,CHEMBL1173380,https://cb.imsc.res.in/imppat/phytochemical-detailedpage/IMPHY011923,Organic compounds,Lipids and lipid-like molecules,Fatty acyls,Fatty acids and conjugates
WXYAXKKXIGHXDS-UHFFFAOYSA-N,Hexyl isothiocyanate,CCCCCCN=C=S,IMPHY015737,CHEMBL298717,https://cb.imsc.res.in/imppat/phytochemical-detailedpage/IMPHY015737,Organic compounds,Organosulfur compounds,Isothiocyanates,
VHBFEIBMZHEWSX-UHFFFAOYSA-N,Isopropyl isothiocyanate,CC(N=C=S)C,IMPHY006169,CHEMBL2208211,https://cb.imsc.res.in/imppat/phytochemical-detailedpage/IMPHY006169,Organic compounds,Organosulfur compounds,Isothiocyanates,
JHLPYWLKSLVYOI-SNAWJCMRSA-N,Methyl sinapate,COC(=O)/C=C/c1cc(OC)c(c(c1)OC)O,IMPHY004456,CHEMBL146713,https://cb.imsc.res.in/imppat/phytochemical-detailedpage/IMPHY004456,Organic compounds,Phenylpropanoids and polyketides,Cinnamic acids and derivatives,Hydroxycinnamic acids and derivatives
QKFJKGMPGYROCL-UHFFFAOYSA-N,Phenyl isothiocyanate,S=C=Nc1ccccc1,IMPHY006035,CHEMBL309036,https://cb.imsc.res.in/imppat/phytochemical-detailedpage/IMPHY006035,Organic compounds,Benzenoids,Benzene and substituted derivatives,
IMQLKJBTEOYOSI-UHFFFAOYSA-N,Phytic acid,OP(=O)(OC1C(OP(=O)(O)O)C(OP(=O)(O)O)C(C(C1OP(=O)(O)O)OP(=O)(O)O)OP(=O)(O)O)O,IMPHY007365,CHEMBL2005481,https://cb.imsc.res.in/imppat/phytochemical-detailedpage/IMPHY007365,Organic compounds,Organic oxygen compounds,Organooxygen compounds,Alcohols and polyols
WWBNBPSEKLOHJU-LPUQOGTASA-N,"[(2S,3R,4S,5S,6R)-3,4,5-trihydroxy-6-(hydroxymethyl)oxan-2-yl] 2-(4-hydroxyphenyl)-N-sulfooxyethanimidothioate",OC[C@H]1O[C@@H](SC(=NOS(=O)(=O)O)Cc2ccc(cc2)O)[C@@H]([C@H]([C@@H]1O)O)O,IMPHY008674,,https://cb.imsc.res.in/imppat/phytochemical-detailedpage/IMPHY008674,Organic compounds,Organic oxygen compounds,Organooxygen compounds,Carbohydrates and carbohydrate conjugates
QKFAFSGJTMHRRY-ICSBZGNSSA-M,"potassium;[(E)-1-[3,4,5-trihydroxy-6-(hydroxymethyl)oxan-2-yl]sulfanylbut-3-enylideneamino] sulfate",C=CC/C(=NOS(=O)(=O)[O-])/SC1OC(CO)C(C(C1O)O)O.[K+],IMPHY002968,,https://cb.imsc.res.in/imppat/phytochemical-detailedpage/IMPHY002968,Organic compounds,Organic oxygen compounds,Organooxygen compounds,Carbohydrates and carbohydrate conjugates
TUFJIDJGIQOYFY-UHFFFAOYSA-N,sec-Butyl isothiocyanate,CC(N=C=S)CC,IMPHY007051,CHEMBL3593576,https://cb.imsc.res.in/imppat/phytochemical-detailedpage/IMPHY007051,Organic compounds,Organosulfur compounds,Isothiocyanates,
DBCAVZSSFGIHQZ-YLAYQGCQSA-N,Taraxerone,O=C1CC[C@]2([C@H](C1(C)C)CC[C@@]1([C@@H]2CC[C@@]2(C1=CC[C@@]1([C@H]2CC(C)(C)CC1)C)C)C)C,IMPHY007426,CHEMBL519077,https://cb.imsc.res.in/imppat/phytochemical-detailedpage/IMPHY007426,Organic compounds,Lipids and lipid-like molecules,Prenol lipids,Sesterterpenoids
QNPDXTIZTMEDPN-ODHVOXSDSA-N,"(4aS,6bR,10R,11R,12aR,14aS)-10-hydroxy-11-(4-hydroxybenzoyl)oxy-2,2,6b,9,9,12a,14a-heptamethyl-1,3,4,5,6a,7,8,8a,10,11,12,13,14,14b-tetradecahydropicene-4a-carboxylic acid",Oc1ccc(cc1)C(=O)O[C@@H]1C[C@@]2(C)C(C([C@H]1O)(C)C)CC[C@@]1(C2CC[C@@]2(C1=CC[C@@]1(C2CC(C)(C)CC1)C(=O)O)C)C,IMPHY000851,,https://cb.imsc.res.in/imppat/phytochemical-detailedpage/IMPHY000851,Organic compounds,Lipids and lipid-like molecules,Prenol lipids,Sesterterpenoids
LOQAFRKIRFCVFJ-SFOLIJKKSA-N,Careyagenolide,O[C@@H]1C[C@@]2(C)[C@H](C([C@H]1O)(C)C)CC[C@@]1([C@@H]2CC[C@H]2[C@@]1(C)CC[C@]13[C@@H]2[C@H](C)[C@@](C)(CC1)OC3=O)C,IMPHY002148,,https://cb.imsc.res.in/imppat/phytochemical-detailedpage/IMPHY002148,Organic compounds,Lipids and lipid-like molecules,Prenol lipids,Triterpenoids
GGGUGZHBAOMSFJ-GADYQYKKSA-N,Taraxerol,O[C@H]1CC[C@]2([C@H](C1(C)C)CC[C@@]1([C@@H]2CC[C@@]2(C1=CC[C@@]1([C@H]2CC(C)(C)CC1)C)C)C)C,IMPHY011677,CHEMBL511822,https://cb.imsc.res.in/imppat/phytochemical-detailedpage/IMPHY011677,Organic compounds,Lipids and lipid-like molecules,Prenol lipids,Sesterterpenoids
YWJGYBXHXATAQY-BOTWUFHUSA-N,Taraxerol acetate,CC(=O)O[C@H]1CC[C@]2([C@H](C1(C)C)CC[C@@]1([C@@H]2CC[C@@]2(C1=CC[C@@]1([C@H]2CC(C)(C)CC1)C)C)C)C,IMPHY007372,,https://cb.imsc.res.in/imppat/phytochemical-detailedpage/IMPHY007372,Organic compounds,Lipids and lipid-like molecules,Prenol lipids,Sesterterpenoids
YIWUPYVTWJLBDH-UHFFFAOYSA-N,Valoneic acid,Oc1cc(c(cc1Oc1c(cc(c(c1O)O)O)C(=O)O)C(=O)O)c1cc(O)c(cc1C(=O)O)O,IMPHY014462,,https://cb.imsc.res.in/imppat/phytochemical-detailedpage/IMPHY014462,Organic compounds,Benzenoids,Benzene and substituted derivatives,Diphenylethers
BPAOAXAAABIQKR-UHFFFAOYSA-N,Valoneic acid dilactone,OC(=O)c1cc(O)c(c(c1Oc1cc2c(=O)oc3c4c2c(c1O)oc(=O)c4cc(c3O)O)O)O,IMPHY002529,CHEMBL5079864,https://cb.imsc.res.in/imppat/phytochemical-detailedpage/IMPHY002529,Organic compounds,Phenylpropanoids and polyketides,Tannins,Hydrolyzable tannins
SJSCBAFROHXGCX-MAVWQDHUSA-N,"[(3R,4R,4aR,5R,6aR,6aS,6bR,8aR,10S,12aR,14bS)-4,5,10-trihydroxy-4a-(hydroxymethyl)-2,2,6a,6b,9,9,12a-heptamethyl-1,3,4,5,6,6a,7,8,8a,10,11,12,13,14b-tetradecahydropicen-3-yl] (Z)-2-methylbut-2-enoate",C/C=C(C(=O)O[C@H]1[C@H](O)[C@]2(CO)[C@H](O)C[C@@]3(C(=CC[C@H]4[C@@]3(C)CC[C@@H]3[C@]4(C)CC[C@@H](C3(C)C)O)[C@@H]2CC1(C)C)C)/C,IMPHY005176,CHEMBL450240,https://cb.imsc.res.in/imppat/phytochemical-detailedpage/IMPHY005176,Organic compounds,Lipids and lipid-like molecules,Prenol lipids,Triterpenoids
SNYFCBKVRFHMBC-HCZYAYOXSA-N,Careyagenol D,OC[C@]12C=C[C@@]3(C(=CC[C@H]4[C@@]3(C)CC[C@@H]3[C@]4(C)CC[C@@H](C3(C)C)O)[C@@H]2CC([C@@H]([C@@H]1O)O)(C)C)C,IMPHY000196,,https://cb.imsc.res.in/imppat/phytochemical-detailedpage/IMPHY000196,Organic compounds,Organic oxygen compounds,Organooxygen compounds,Alcohols and polyols
DKSHQCDNYSDMIP-QUVGDXMOSA-N,Careyagenol E,OC[C@]12CC[C@@]3(C(=C2CC([C@H]([C@@H]1O)O)(C)C)C=C[C@H]1[C@@]3(C)CC[C@@H]2[C@]1(C)CC[C@@H](C2(C)C)O)C,IMPHY000339,,https://cb.imsc.res.in/imppat/phytochemical-detailedpage/IMPHY000339,Organic compounds,Lipids and lipid-like molecules,Prenol lipids,Triterpenoids
MXXWOMGUGJBKIW-PORYWJCVSA-N,Chavicine,O=C(N1CCCCC1)/C=CC=C/c1ccc2c(c1)OCO2,IMPHY004217,CHEMBL1395862,https://cb.imsc.res.in/imppat/phytochemical-detailedpage/IMPHY004217,Organic compounds,Alkaloids and derivatives,,
AYDKOFQQBHRXEW-AAUPIIFFSA-N,Theasapogenol B,OC[C@]12[C@H](O)C[C@@]3(C(=CC[C@H]4[C@@]3(C)CC[C@@H]3[C@]4(C)CC[C@@H](C3(C)C)O)[C@@H]2CC([C@H]([C@@H]1O)O)(C)C)C,IMPHY012435,CHEMBL487606,https://cb.imsc.res.in/imppat/phytochemical-detailedpage/IMPHY012435,Organic compounds,Lipids and lipid-like molecules,Prenol lipids,Triterpenoids
DZUAZCZFSVNHEF-FNTXSUCCSA-N,Α-spinasterone,CC[C@@H](C(C)C)/C=C/[C@H]([C@H]1CC[C@@H]2[C@]1(C)CC[C@H]1C2=CC[C@@H]2[C@]1(C)CCC(=O)C2)C,IMPHY014800,,https://cb.imsc.res.in/imppat/phytochemical-detailedpage/IMPHY014800,Organic compounds,Lipids and lipid-like molecules,Steroids and steroid derivatives,Stigmastanes and derivatives
RKHXDCVAPIMDMG-UHFFFAOYSA-N,9-Hydroxyoctadecanoic acid,CCCCCCCCCC(CCCCCCCC(=O)O)O,IMPHY004295,CHEMBL1093742,https://cb.imsc.res.in/imppat/phytochemical-detailedpage/IMPHY004295,Organic compounds,Lipids and lipid-like molecules,Fatty acyls,Fatty acids and conjugates
MPQBLCRFUYGBHE-JRTVQGFMSA-N,Digitalose,O=C[C@@H]([C@H]([C@H]([C@H](O)C)O)OC)O,IMPHY010957,,https://cb.imsc.res.in/imppat/phytochemical-detailedpage/IMPHY010957,Organic compounds,Organic oxygen compounds,Organooxygen compounds,Carbonyl compounds
YCIXWYOBMVNGTB-UHFFFAOYSA-N,Dihydrojasmone,CCCCCC1=C(C)CCC1=O,IMPHY008145,CHEMBL3728427,https://cb.imsc.res.in/imppat/phytochemical-detailedpage/IMPHY008145,Organic compounds,Organic oxygen compounds,Organooxygen compounds,Carbonyl compounds
PSQYTAPXSHCGMF-BQYQJAHWSA-N,beta-Ionone,CC(=O)/C=C/C1=C(C)CCCC1(C)C,IMPHY006485,CHEMBL559945,https://cb.imsc.res.in/imppat/phytochemical-detailedpage/IMPHY006485,Organic compounds,Lipids and lipid-like molecules,Prenol lipids,Sesquiterpenoids
XMRKUJJDDKYUHV-SDFJSLCBSA-N,(-)-Germacrene A,C/C/1=CCC/C(=C/C[C@H](CC1)C(=C)C)/C,IMPHY003695,,https://cb.imsc.res.in/imppat/phytochemical-detailedpage/IMPHY003695,Organic compounds,Lipids and lipid-like molecules,Prenol lipids,Sesquiterpenoids
JZQKTMZYLHNFPL-NMMTYZSQSA-N,"(E,Z)-2,4-Decadienal",CCCCC/C=CC=CC=O,IMPHY014749,,https://cb.imsc.res.in/imppat/phytochemical-detailedpage/IMPHY014749,Organic compounds,Organic oxygen compounds,Organooxygen compounds,Carbonyl compounds
HRHOWZHRCRZVCU-WAYWQWQTSA-N,(Z)-Hex-2-enyl acetate,CCC/C=CCOC(=O)C,IMPHY005992,,https://cb.imsc.res.in/imppat/phytochemical-detailedpage/IMPHY005992,Organic compounds,Organic acids and derivatives,Carboxylic acids and derivatives,Carboxylic acid derivatives
ABDKAPXRBAPSQN-UHFFFAOYSA-N,"1,2-Dimethoxybenzene",COc1ccccc1OC,IMPHY006840,CHEMBL1668603,https://cb.imsc.res.in/imppat/phytochemical-detailedpage/IMPHY006840,Organic compounds,Benzenoids,Benzene and substituted derivatives,Methoxybenzenes
WQAQPCDUOCURKW-UHFFFAOYSA-N,1-Butanethiol,CCCCS,IMPHY016543,CHEMBL3188256,https://cb.imsc.res.in/imppat/phytochemical-detailedpage/IMPHY016543,Organic compounds,Organosulfur compounds,Thiols,Alkylthiols
BBMCTIGTTCKYKF-UHFFFAOYSA-N,1-Heptanol,CCCCCCCO,IMPHY009751,CHEMBL273459,https://cb.imsc.res.in/imppat/phytochemical-detailedpage/IMPHY009751,Organic compounds,Lipids and lipid-like molecules,Fatty acyls,Fatty alcohols
ZSIAUFGUXNUGDI-UHFFFAOYSA-N,1-Hexanol,CCCCCCO,IMPHY007171,CHEMBL14085,https://cb.imsc.res.in/imppat/phytochemical-detailedpage/IMPHY007171,Organic compounds,Lipids and lipid-like molecules,Fatty acyls,Fatty alcohols
AMQJEAYHLZJPGS-UHFFFAOYSA-N,1-Pentanol,CCCCCO,IMPHY008146,CHEMBL14568,https://cb.imsc.res.in/imppat/phytochemical-detailedpage/IMPHY008146,Organic compounds,Organic oxygen compounds,Organooxygen compounds,Alcohols and polyols
AYJXHIDNNLJQDT-UHFFFAOYSA-N,"2,6,6-Trimethyl-2-cyclohexene-1,4-dione",O=C1C=C(C)C(=O)C(C1)(C)C,IMPHY008144,,https://cb.imsc.res.in/imppat/phytochemical-detailedpage/IMPHY008144,Organic compounds,Organic oxygen compounds,Organooxygen compounds,Carbonyl compounds
MMFCJPPRCYDLLZ-CMDGGOBGSA-N,2-Decenal,CCCCCCC/C=C/C=O,IMPHY003915,CHEMBL507518,https://cb.imsc.res.in/imppat/phytochemical-detailedpage/IMPHY003915,Organic compounds,Organic oxygen compounds,Organooxygen compounds,Carbonyl compounds
IXQGCWUGDFDQMF-UHFFFAOYSA-N,2-Ethylphenol,CCc1ccccc1O,IMPHY006556,CHEMBL321029,https://cb.imsc.res.in/imppat/phytochemical-detailedpage/IMPHY006556,Organic compounds,Benzenoids,Phenols,1-hydroxy-4-unsubstituted benzenoids
CETWDUZRCINIHU-UHFFFAOYSA-N,2-Heptanol,CCCCCC(O)C,IMPHY000084,CHEMBL449522,https://cb.imsc.res.in/imppat/phytochemical-detailedpage/IMPHY000084,Organic compounds,Lipids and lipid-like molecules,Fatty acyls,Fatty alcohols
PXIKRTCSSLJURC-UHFFFAOYSA-N,2-Methoxy-4-propylphenol,CCCc1ccc(c(c1)OC)O,IMPHY009744,CHEMBL3186884,https://cb.imsc.res.in/imppat/phytochemical-detailedpage/IMPHY009744,Organic compounds,Benzenoids,Phenols,Methoxyphenols
YOMSJEATGXXYPX-UHFFFAOYSA-N,2-Methoxy-4-vinylphenol,COc1cc(C=C)ccc1O,IMPHY003495,CHEMBL1232595,https://cb.imsc.res.in/imppat/phytochemical-detailedpage/IMPHY003495,Organic compounds,Benzenoids,Phenols,Methoxyphenols
QPRQEDXDYOZYLA-UHFFFAOYSA-N,2-Methyl-1-butanol,CCC(CO)C,IMPHY006934,CHEMBL451923,https://cb.imsc.res.in/imppat/phytochemical-detailedpage/IMPHY006934,Organic compounds,Organic oxygen compounds,Organooxygen compounds,Alcohols and polyols
ZPVFWPFBNIEHGJ-UHFFFAOYSA-N,2-Octanone,CCCCCCC(=O)C,IMPHY007200,CHEMBL18549,https://cb.imsc.res.in/imppat/phytochemical-detailedpage/IMPHY007200,Organic compounds,Organic oxygen compounds,Organooxygen compounds,Carbonyl compounds
JRJGKUTZNBZHNK-UHFFFAOYSA-N,3-Phenylpropyl acetate,CC(=O)OCCCc1ccccc1,IMPHY003480,,https://cb.imsc.res.in/imppat/phytochemical-detailedpage/IMPHY003480,Organic compounds,Benzenoids,Benzene and substituted derivatives,
GNKZMNRKLCTJAY-UHFFFAOYSA-N,4'-Methylacetophenone,Cc1ccc(cc1)C(=O)C,IMPHY007069,CHEMBL271871,https://cb.imsc.res.in/imppat/phytochemical-detailedpage/IMPHY007069,Organic compounds,Organic oxygen compounds,Organooxygen compounds,Carbonyl compounds
NEBQMYHKOREVAL-UHFFFAOYSA-N,"4-Ethyl-1,2-dimethoxybenzene",COc1cc(CC)ccc1OC,IMPHY016417,,https://cb.imsc.res.in/imppat/phytochemical-detailedpage/IMPHY016417,Organic compounds,Benzenoids,Benzene and substituted derivatives,Methoxybenzenes
CHWNEIVBYREQRF-UHFFFAOYSA-N,4-Ethyl-2-methoxyphenol,CCc1ccc(c(c1)OC)O,IMPHY008213,CHEMBL3186900,https://cb.imsc.res.in/imppat/phytochemical-detailedpage/IMPHY008213,Organic compounds,Benzenoids,Phenols,Methoxyphenols
WTWBUQJHJGUZCY-UHFFFAOYSA-N,4-Isopropylbenzaldehyde,O=Cc1ccc(cc1)C(C)C,IMPHY003545,CHEMBL161577,https://cb.imsc.res.in/imppat/phytochemical-detailedpage/IMPHY003545,Organic compounds,Lipids and lipid-like molecules,Prenol lipids,Monoterpenoids
FXLOVSHXALFLKQ-UHFFFAOYSA-N,4-Methylbenzaldehyde,O=Cc1ccc(cc1)C,IMPHY006026,CHEMBL190927,https://cb.imsc.res.in/imppat/phytochemical-detailedpage/IMPHY006026,Organic compounds,Benzenoids,Benzene and substituted derivatives,Benzoyl derivatives
KWOLFJPFCHCOCG-UHFFFAOYSA-N,Acetophenone,CC(=O)c1ccccc1,IMPHY007039,CHEMBL274467,https://cb.imsc.res.in/imppat/phytochemical-detailedpage/IMPHY007039,Organic compounds,Organic oxygen compounds,Organooxygen compounds,Carbonyl compounds
SJWKGDGUQTWDRV-UHFFFAOYSA-N,Allyl heptanoate,CCCCCCC(=O)OCC=C,IMPHY016509,CHEMBL2268885,https://cb.imsc.res.in/imppat/phytochemical-detailedpage/IMPHY016509,Organic compounds,Lipids and lipid-like molecules,Fatty acyls,Fatty acid esters
ZCDYAMJXVAUTIM-UHFFFAOYSA-N,Allyl phenylacetate,C=CCOC(=O)Cc1ccccc1,IMPHY016512,,https://cb.imsc.res.in/imppat/phytochemical-detailedpage/IMPHY016512,Organic compounds,Benzenoids,Benzene and substituted derivatives,
RUVINXPYWBROJD-ONEGZZNKSA-N,Anethole,C/C=C/c1ccc(cc1)OC,IMPHY011763,CHEMBL452630,https://cb.imsc.res.in/imppat/phytochemical-detailedpage/IMPHY011763,Organic compounds,Benzenoids,Phenol ethers,Anisoles
IOJUPLGTWVMSFF-UHFFFAOYSA-N,Benzothiazole,c1ccc2c(c1)scn2,IMPHY009774,CHEMBL510309,https://cb.imsc.res.in/imppat/phytochemical-detailedpage/IMPHY009774,Organic compounds,Organoheterocyclic compounds,Benzothiazoles,
VONGZNXBKCOUHB-UHFFFAOYSA-N,Benzyl butyrate,CCCC(=O)OCc1ccccc1,IMPHY009777,CHEMBL3183179,https://cb.imsc.res.in/imppat/phytochemical-detailedpage/IMPHY009777,Organic compounds,Benzenoids,Benzene and substituted derivatives,Benzyloxycarbonyls
HVJKZICIMIWFCP-UHFFFAOYSA-N,Benzyl isovalerate,CC(CC(=O)OCc1ccccc1)C,IMPHY006060,CHEMBL3184059,https://cb.imsc.res.in/imppat/phytochemical-detailedpage/IMPHY006060,Organic compounds,Benzenoids,Benzene and substituted derivatives,Benzyloxycarbonyls
YZJCDVRXBOPXSQ-UHFFFAOYSA-N,Benzyl valerate,CCCCC(=O)OCc1ccccc1,IMPHY015506,,https://cb.imsc.res.in/imppat/phytochemical-detailedpage/IMPHY015506,Organic compounds,Benzenoids,Benzene and substituted derivatives,Benzyloxycarbonyls
FERIUCNNQQJTOY-UHFFFAOYSA-N,Butyric acid,CCCC(=O)O,IMPHY010081,CHEMBL14227,https://cb.imsc.res.in/imppat/phytochemical-detailedpage/IMPHY010081,Organic compounds,Lipids and lipid-like molecules,Fatty acyls,Fatty acids and conjugates
YVLHTQPPMZOCOW-UHFFFAOYSA-N,Carvacrol methyl ether,COc1cc(ccc1C)C(C)C,IMPHY007201,CHEMBL464709,https://cb.imsc.res.in/imppat/phytochemical-detailedpage/IMPHY007201,Organic compounds,Lipids and lipid-like molecules,Prenol lipids,Monoterpenoids
HPXRVTGHNJAIIH-UHFFFAOYSA-N,Cyclohexanol,OC1CCCCC1,IMPHY009977,CHEMBL32010,https://cb.imsc.res.in/imppat/phytochemical-detailedpage/IMPHY009977,Organic compounds,Organic oxygen compounds,Organooxygen compounds,Alcohols and polyols
YYLLIJHXUHJATK-UHFFFAOYSA-N,Cyclohexyl acetate,CC(=O)OC1CCCCC1,IMPHY015589,,https://cb.imsc.res.in/imppat/phytochemical-detailedpage/IMPHY015589,Organic compounds,Organic acids and derivatives,Carboxylic acids and derivatives,Carboxylic acid derivatives
KSMVZQYAVGTKIV-UHFFFAOYSA-N,Decanal,CCCCCCCCCC=O,IMPHY006970,CHEMBL2228377,https://cb.imsc.res.in/imppat/phytochemical-detailedpage/IMPHY006970,Organic compounds,Organic oxygen compounds,Organooxygen compounds,Carbonyl compounds
NHXSTXWKZVAVOQ-UHFFFAOYSA-N,Ethyl 2-furoate,CCOC(=O)c1ccco1,IMPHY015656,CHEMBL4634762,https://cb.imsc.res.in/imppat/phytochemical-detailedpage/IMPHY015656,Organic compounds,Organoheterocyclic compounds,Furans,Furoic acid and derivatives
MTZQAGJQAFMTAQ-UHFFFAOYSA-N,Ethyl benzoate,CCOC(=O)c1ccccc1,IMPHY006574,CHEMBL510714,https://cb.imsc.res.in/imppat/phytochemical-detailedpage/IMPHY006574,Organic compounds,Benzenoids,Benzene and substituted derivatives,Benzoic acids and derivatives
RGXWDWUGBIJHDO-UHFFFAOYSA-N,Ethyl decanoate,CCCCCCCCCC(=O)OCC,IMPHY015660,CHEMBL3184829,https://cb.imsc.res.in/imppat/phytochemical-detailedpage/IMPHY015660,Organic compounds,Lipids and lipid-like molecules,Fatty acyls,Fatty acid esters
MMXKVMNBHPAILY-UHFFFAOYSA-N,Ethyl dodecanoate,CCCCCCCCCCCC(=O)OCC,IMPHY008065,CHEMBL3187842,https://cb.imsc.res.in/imppat/phytochemical-detailedpage/IMPHY008065,Organic compounds,Lipids and lipid-like molecules,Fatty acyls,Fatty acid esters
SHZIWNPUGXLXDT-UHFFFAOYSA-N,Ethyl hexanoate,CCCCCC(=O)OCC,IMPHY003512,,https://cb.imsc.res.in/imppat/phytochemical-detailedpage/IMPHY003512,Organic compounds,Lipids and lipid-like molecules,Fatty acyls,Fatty acid esters
FMMOOAYVCKXGMF-MURFETPASA-N,Ethyl linoleate,CCCCC/C=CC/C=CCCCCCCCC(=O)OCC,IMPHY010841,CHEMBL2106238,https://cb.imsc.res.in/imppat/phytochemical-detailedpage/IMPHY010841,Organic compounds,Lipids and lipid-like molecules,Fatty acyls,Lineolic acids and derivatives
YYZUSRORWSJGET-UHFFFAOYSA-N,Ethyl octanoate,CCCCCCCC(=O)OCC,IMPHY008066,CHEMBL4633100,https://cb.imsc.res.in/imppat/phytochemical-detailedpage/IMPHY008066,Organic compounds,Lipids and lipid-like molecules,Fatty acyls,Fatty acid esters
DULCUDSUACXJJC-UHFFFAOYSA-N,Ethyl phenylacetate,CCOC(=O)Cc1ccccc1,IMPHY008067,CHEMBL3183476,https://cb.imsc.res.in/imppat/phytochemical-detailedpage/IMPHY008067,Organic compounds,Benzenoids,Benzene and substituted derivatives,
GYCKQBWUSACYIF-UHFFFAOYSA-N,Ethyl salicylate,CCOC(=O)c1ccccc1O,IMPHY011556,CHEMBL2251610,https://cb.imsc.res.in/imppat/phytochemical-detailedpage/IMPHY011556,Organic compounds,Benzenoids,Benzene and substituted derivatives,Benzoic acids and derivatives
MMKRHZKQPFCLLS-UHFFFAOYSA-N,Ethyl tetradecanoate,CCCCCCCCCCCCCC(=O)OCC,IMPHY009962,CHEMBL207555,https://cb.imsc.res.in/imppat/phytochemical-detailedpage/IMPHY009962,Organic compounds,Lipids and lipid-like molecules,Fatty acyls,Fatty acid esters
NWKFECICNXDNOQ-UHFFFAOYSA-N,Flavylium,c1ccc(cc1)c1ccc2c([o+]1)cccc2,IMPHY002588,,https://cb.imsc.res.in/imppat/phytochemical-detailedpage/IMPHY002588,Organic compounds,Phenylpropanoids and polyketides,Flavonoids,Anthocyanidins
XPFVYQJUAUNWIW-UHFFFAOYSA-N,Furfuryl alcohol,OCc1ccco1,IMPHY007006,CHEMBL308187,https://cb.imsc.res.in/imppat/phytochemical-detailedpage/IMPHY007006,Organic compounds,Organoheterocyclic compounds,Heteroaromatic compounds,
BYCHQEILESTMQU-FMIVXFBMSA-N,Geranyl propionate,CCC(=O)OC/C=C(/CCC=C(C)C)C,IMPHY010318,,https://cb.imsc.res.in/imppat/phytochemical-detailedpage/IMPHY010318,Organic compounds,Lipids and lipid-like molecules,Fatty acyls,Fatty alcohol esters
AEMRFAOFKBGASW-UHFFFAOYSA-N,Glycolic acid,OCC(=O)O,IMPHY006174,CHEMBL252557,https://cb.imsc.res.in/imppat/phytochemical-detailedpage/IMPHY006174,Organic compounds,Organic acids and derivatives,Hydroxy acids and derivatives,Alpha hydroxy acids and derivatives
AOGQPLXWSUTHQB-UHFFFAOYSA-N,Hexyl acetate,CCCCCCOC(=O)C,IMPHY007302,CHEMBL2228454,https://cb.imsc.res.in/imppat/phytochemical-detailedpage/IMPHY007302,Organic compounds,Organic acids and derivatives,Carboxylic acids and derivatives,Carboxylic acid derivatives
SIKJAQJRHWYJAI-UHFFFAOYSA-N,Indole,c1ccc2c(c1)[nH]cc2,IMPHY006981,CHEMBL15844,https://cb.imsc.res.in/imppat/phytochemical-detailedpage/IMPHY006981,Organic compounds,Organoheterocyclic compounds,Indoles and derivatives,Indoles
PHTQWCKDNZKARW-UHFFFAOYSA-N,Isoamyl alcohol,OCCC(C)C,IMPHY003513,CHEMBL372396,https://cb.imsc.res.in/imppat/phytochemical-detailedpage/IMPHY003513,Organic compounds,Organic oxygen compounds,Organooxygen compounds,Alcohols and polyols
PQLMXFQTAMDXIZ-UHFFFAOYSA-N,Isoamyl butyrate,CCCC(=O)OCCC(C)C,IMPHY012087,CHEMBL3187370,https://cb.imsc.res.in/imppat/phytochemical-detailedpage/IMPHY012087,Organic compounds,Lipids and lipid-like molecules,Fatty acyls,Fatty acid esters
BJIOGJUNALELMI-ONEGZZNKSA-N,Isoeugenol,C/C=C/c1ccc(c(c1)OC)O,IMPHY011640,CHEMBL193598,https://cb.imsc.res.in/imppat/phytochemical-detailedpage/IMPHY011640,Organic compounds,Benzenoids,Phenols,Methoxyphenols
HJOVHMDZYOCNQW-UHFFFAOYSA-N,Isophorone,CC1=CC(=O)CC(C1)(C)C,IMPHY006668,CHEMBL1882894,https://cb.imsc.res.in/imppat/phytochemical-detailedpage/IMPHY006668,Organic compounds,Organic oxygen compounds,Organooxygen compounds,Carbonyl compounds
ADZHXBNWNZIHIX-XYGAWYNKSA-N,Keracyanin,Oc1cc(O)c2c(c1)[o+]c(c(c2)O[C@@H]1O[C@H](CO[C@@H]2O[C@@H](C)[C@@H]([C@H]([C@H]2O)O)O)[C@H]([C@@H]([C@H]1O)O)O)c1ccc(c(c1)O)O.[Cl-],IMPHY003138,CHEMBL592218,https://cb.imsc.res.in/imppat/phytochemical-detailedpage/IMPHY003138,Organic compounds,Phenylpropanoids and polyketides,Flavonoids,Flavonoid glycosides
OFOBLEOULBTSOW-UHFFFAOYSA-N,Malonic acid,OC(=O)CC(=O)O,IMPHY006997,CHEMBL7942,https://cb.imsc.res.in/imppat/phytochemical-detailedpage/IMPHY006997,Organic compounds,Organic acids and derivatives,Carboxylic acids and derivatives,Dicarboxylic acids and derivatives
QPJVMBTYPHYUOC-UHFFFAOYSA-N,Methyl benzoate,COC(=O)c1ccccc1,IMPHY006700,CHEMBL16435,https://cb.imsc.res.in/imppat/phytochemical-detailedpage/IMPHY006700,Organic compounds,Benzenoids,Benzene and substituted derivatives,Benzoic acids and derivatives
UUIQMZJEGPQKFD-UHFFFAOYSA-N,Methyl butyrate,CCCC(=O)OC,IMPHY013775,CHEMBL15859,https://cb.imsc.res.in/imppat/phytochemical-detailedpage/IMPHY013775,Organic compounds,Lipids and lipid-like molecules,Fatty acyls,Fatty acid esters
NUKZAGXMHTUAFE-UHFFFAOYSA-N,Methyl hexanoate,CCCCCC(=O)OC,IMPHY015835,,https://cb.imsc.res.in/imppat/phytochemical-detailedpage/IMPHY015835,Organic compounds,Lipids and lipid-like molecules,Fatty acyls,Fatty acid esters
WTTJVINHCBCLGX-NQLNTKRDSA-N,Methyl linoleate,CCCCC/C=CC/C=CCCCCCCCC(=O)OC,IMPHY004225,CHEMBL3183866,https://cb.imsc.res.in/imppat/phytochemical-detailedpage/IMPHY004225,Organic compounds,Lipids and lipid-like molecules,Fatty acyls,Lineolic acids and derivatives
JGHZJRVDZXSNKQ-UHFFFAOYSA-N,Methyl octanoate,CCCCCCCC(=O)OC,IMPHY012097,CHEMBL3183908,https://cb.imsc.res.in/imppat/phytochemical-detailedpage/IMPHY012097,Organic compounds,Lipids and lipid-like molecules,Fatty acyls,Fatty acid esters
QYDYPVFESGNLHU-KHPPLWFESA-N,Methyl oleate,CCCCCCCC/C=CCCCCCCCC(=O)OC,IMPHY005950,CHEMBL465725,https://cb.imsc.res.in/imppat/phytochemical-detailedpage/IMPHY005950,Organic compounds,Lipids and lipid-like molecules,Fatty acyls,Fatty acid esters
FLIACVVOZYBSBS-UHFFFAOYSA-N,Methyl palmitate,CCCCCCCCCCCCCCCC(=O)OC,IMPHY006971,CHEMBL335125,https://cb.imsc.res.in/imppat/phytochemical-detailedpage/IMPHY006971,Organic compounds,Lipids and lipid-like molecules,Fatty acyls,Fatty acid esters
OSWPMRLSEDHDFF-UHFFFAOYSA-N,Methyl salicylate,COC(=O)c1ccccc1O,IMPHY003050,CHEMBL108545,https://cb.imsc.res.in/imppat/phytochemical-detailedpage/IMPHY003050,Organic compounds,Benzenoids,Benzene and substituted derivatives,Benzoic acids and derivatives
ZWRUINPWMLAQRD-UHFFFAOYSA-N,Nonan-1-ol,CCCCCCCCCO,IMPHY007276,CHEMBL24563,https://cb.imsc.res.in/imppat/phytochemical-detailedpage/IMPHY007276,Organic compounds,Lipids and lipid-like molecules,Fatty acyls,Fatty alcohols
SECPZKHBENQXJG-FPLPWBNLSA-N,Palmitoleic acid,CCCCCC/C=CCCCCCCCC(=O)O,IMPHY011666,CHEMBL453509,https://cb.imsc.res.in/imppat/phytochemical-detailedpage/IMPHY011666,Organic compounds,Lipids and lipid-like molecules,Fatty acyls,Fatty acids and conjugates
MDHYEMXUFSJLGV-UHFFFAOYSA-N,Phenethyl acetate,CC(=O)OCCc1ccccc1,IMPHY006003,CHEMBL3184025,https://cb.imsc.res.in/imppat/phytochemical-detailedpage/IMPHY006003,Organic compounds,Benzenoids,Benzene and substituted derivatives,
ODLMAHJVESYWTB-UHFFFAOYSA-N,Propylbenzene,CCCc1ccccc1,IMPHY013752,CHEMBL286062,https://cb.imsc.res.in/imppat/phytochemical-detailedpage/IMPHY013752,Organic compounds,Benzenoids,Benzene and substituted derivatives,Phenylpropanes
PPBRXRYQALVLMV-UHFFFAOYSA-N,Styrene,C=Cc1ccccc1,IMPHY006070,CHEMBL285235,https://cb.imsc.res.in/imppat/phytochemical-detailedpage/IMPHY006070,Organic compounds,Benzenoids,Benzene and substituted derivatives,Styrenes
ZCHHRLHTBGRGOT-PLNGDYQASA-N,cis-2-Hexen-1-ol,CCC/C=CCO,IMPHY011695,,https://cb.imsc.res.in/imppat/phytochemical-detailedpage/IMPHY011695,Organic compounds,Lipids and lipid-like molecules,Fatty acyls,Fatty alcohols
UFLHIIWVXFIJGU-ARJAWSKDSA-N,cis-3-Hexen-1-ol,OCC/C=CCC,IMPHY011588,CHEMBL2251452,https://cb.imsc.res.in/imppat/phytochemical-detailedpage/IMPHY011588,Organic compounds,Lipids and lipid-like molecules,Fatty acyls,Fatty alcohols
NPFVOOAXDOBMCE-PLNGDYQASA-N,cis-3-Hexenyl acetate,CC/C=CCCOC(=O)C,IMPHY011804,CHEMBL2251454,https://cb.imsc.res.in/imppat/phytochemical-detailedpage/IMPHY011804,Organic compounds,Organic acids and derivatives,Carboxylic acids and derivatives,Carboxylic acid derivatives
IFTBJDZSLBRRMC-SREVYHEPSA-N,cis-3-Nonen-1-ol,CCCCC/C=CCCO,IMPHY005934,,https://cb.imsc.res.in/imppat/phytochemical-detailedpage/IMPHY005934,Organic compounds,Lipids and lipid-like molecules,Fatty acyls,Fatty alcohols
BJIOGJUNALELMI-ARJAWSKDSA-N,cis-Isoeugenol,C/C=Cc1ccc(c(c1)OC)O,IMPHY011629,CHEMBL445206,https://cb.imsc.res.in/imppat/phytochemical-detailedpage/IMPHY011629,Organic compounds,Benzenoids,Phenols,Methoxyphenols
PXRBWNLUQYZAAX-UHFFFAOYSA-N,delta-Nonalactone,CCCCC1CCCC(=O)O1,IMPHY012164,,https://cb.imsc.res.in/imppat/phytochemical-detailedpage/IMPHY012164,Organic compounds,Organoheterocyclic compounds,Lactones,Delta valerolactones
YEJRWHAVMIAJKC-UHFFFAOYSA-N,gamma-Butyrolactone,O=C1CCCO1,IMPHY009823,CHEMBL95681,https://cb.imsc.res.in/imppat/phytochemical-detailedpage/IMPHY009823,Organic compounds,Organoheterocyclic compounds,Lactones,Gamma butyrolactones
GEDCRNDZBLEQJG-YPIBMZQWSA-N,"3-[(1S,4aS,4bR,7R,8aS,10aS)-4b,7,8a,10a-tetramethyl-7-(4-methylpent-3-enyl)-2-propan-2-ylidene-3,4,4a,5,6,8,9,10-octahydro-1H-phenanthren-1-yl]propan-1-ol",OCCC[C@@H]1C(=C(C)C)CC[C@H]2[C@@]1(C)CC[C@@]1([C@]2(C)CC[C@@](C1)(C)CCC=C(C)C)C,IMPHY000701,,https://cb.imsc.res.in/imppat/phytochemical-detailedpage/IMPHY000701,Organic compounds,Lipids and lipid-like molecules,Prenol lipids,Diterpenoids
SKUVBRVOKSCXDJ-UHFFFAOYSA-N,Carindone,O=C1C2C(=O)C3(OC2C2(C(=C1C)CC(CC2)C(O)(C)C)C)CC1(C)CCC(CC1=C(C3=O)C)C(O)(C)C,IMPHY002292,,https://cb.imsc.res.in/imppat/phytochemical-detailedpage/IMPHY002292,Organic compounds,Lipids and lipid-like molecules,Prenol lipids,Sesquiterpenoids
INPPVVSEQRZCLJ-UHFFFAOYSA-N,Carinol,COc1cc(ccc1O)CC(C(Cc1ccc(c(c1)OC)O)(CO)O)CO,IMPHY006120,,https://cb.imsc.res.in/imppat/phytochemical-detailedpage/IMPHY006120,Organic compounds,"Lignans, neolignans and related compounds",Dibenzylbutane lignans,Dibenzylbutanediol lignans
ZWSWPQHKDLDIDL-ABAIWWIYSA-N,Carissone,O=C1CC[C@]2(C(=C1C)C[C@@H](CC2)C(O)(C)C)C,IMPHY010575,CHEMBL5647338,https://cb.imsc.res.in/imppat/phytochemical-detailedpage/IMPHY010575,Organic compounds,Lipids and lipid-like molecules,Prenol lipids,Sesquiterpenoids
XZTUSOXSLKTKJQ-CESUGQOBSA-N,Digitoxigenin,O[C@H]1CC[C@]2([C@@H](C1)CC[C@@H]1[C@@H]2CC[C@]2([C@]1(O)CC[C@@H]2C1=CC(=O)OC1)C)C,IMPHY003770,CHEMBL1453,https://cb.imsc.res.in/imppat/phytochemical-detailedpage/IMPHY003770,Organic compounds,Lipids and lipid-like molecules,Steroids and steroid derivatives,Steroid lactones
YQUVCSBJEUQKSH-UHFFFAOYSA-N,"3,4-Dihydroxybenzoic acid",OC(=O)c1ccc(c(c1)O)O,IMPHY011883,CHEMBL37537,https://cb.imsc.res.in/imppat/phytochemical-detailedpage/IMPHY011883,Organic compounds,Benzenoids,Benzene and substituted derivatives,Benzoic acids and derivatives
KSEBMYQBYZTDHS-HWKANZROSA-N,Ferulic acid,COc1cc(/C=C/C(=O)O)ccc1O,IMPHY011802,CHEMBL32749,https://cb.imsc.res.in/imppat/phytochemical-detailedpage/IMPHY011802,Organic compounds,Phenylpropanoids and polyketides,Cinnamic acids and derivatives,Hydroxycinnamic acids and derivatives
JMSVCTWVEWCHDZ-UHFFFAOYSA-N,Syringic acid,COc1cc(cc(c1O)OC)C(=O)O,IMPHY000687,CHEMBL1414,https://cb.imsc.res.in/imppat/phytochemical-detailedpage/IMPHY000687,Organic compounds,Benzenoids,Benzene and substituted derivatives,Benzoic acids and derivatives
QBKGCCSZLPZTIE-HAKHBUOSSA-N,"(8E,22Z)-4-hydroxy-2-oxa-11,16,20-triazatricyclo[22.2.2.13,7]nonacosa-1(26),3,5,7(29),8,22,24,27-octaene-10,21-dione",O=C1NCCCCNCCCNC(=O)/C=Cc2ccc(Oc3cc(/C=C/1)ccc3O)cc2,IMPHY010181,,https://cb.imsc.res.in/imppat/phytochemical-detailedpage/IMPHY010181,Organic compounds,Phenylpropanoids and polyketides,Macrolactams,
MRIXVKKOHPQOFK-UHFFFAOYSA-N,4-Methoxysalicylic acid,COc1ccc(c(c1)O)C(=O)O,IMPHY006175,CHEMBL507095,https://cb.imsc.res.in/imppat/phytochemical-detailedpage/IMPHY006175,Organic compounds,Benzenoids,Benzene and substituted derivatives,Benzoic acids and derivatives
BXRGGUXPWTWACZ-UHFFFAOYSA-N,Cadabicilone,CC1C(=O)OC2C1CCC1(C2C(C)C(=O)CC1)C,IMPHY003562,CHEMBL1556978,https://cb.imsc.res.in/imppat/phytochemical-detailedpage/IMPHY003562,Organic compounds,Lipids and lipid-like molecules,Prenol lipids,Terpene lactones
BPYMTHTWCPMYQF-BMJMZVRVSA-N,Cadabicine diacetate,O=C1NCCCCN(CCCNC(=O)/C=C/c2ccc(Oc3cc(/C=C1)ccc3OC(=O)C)cc2)C(=O)C,IMPHY012936,,https://cb.imsc.res.in/imppat/phytochemical-detailedpage/IMPHY012936,Organic compounds,Phenylpropanoids and polyketides,Macrolactams,
IXYCICGPUOJVOW-IWFLNBKMSA-N,Cadabicine methyl ether,COc1ccc2cc1Oc1ccc(cc1)/C=CC(=O)NCCCNCCCCNC(=O)C=C2,IMPHY013714,,https://cb.imsc.res.in/imppat/phytochemical-detailedpage/IMPHY013714,Organic compounds,Phenylpropanoids and polyketides,Macrolactams,
ODBRNZZJSYPIDI-VJXVFPJBSA-N,Isoorientin,OC[C@H]1O[C@H]([C@@H]([C@H]([C@@H]1O)O)O)c1c(O)cc2c(c1O)c(=O)cc(o2)c1ccc(c(c1)O)O,IMPHY001801,CHEMBL239559,https://cb.imsc.res.in/imppat/phytochemical-detailedpage/IMPHY001801,Organic compounds,Phenylpropanoids and polyketides,Flavonoids,Flavonoid glycosides
CMUNUTVVOOHQPW-LURJTMIESA-N,Stachydrine,[O-]C(=O)[C@@H]1CCC[N+]1(C)C,IMPHY001856,CHEMBL1456892,https://cb.imsc.res.in/imppat/phytochemical-detailedpage/IMPHY001856,Organic compounds,Organic acids and derivatives,Carboxylic acids and derivatives,"Amino acids, peptides, and analogues"
AAUQLHHARJUJEH-UHFFFAOYSA-N,2-Hydroxy-6-methoxybenzoic acid,COc1cccc(c1C(=O)O)O,IMPHY006278,CHEMBL3093473,https://cb.imsc.res.in/imppat/phytochemical-detailedpage/IMPHY006278,Organic compounds,Benzenoids,Benzene and substituted derivatives,Benzoic acids and derivatives
PMOWTIHVNWZYFI-AATRIKPKSA-N,2-Hydroxycinnamic acid,OC(=O)/C=C/c1ccccc1O,IMPHY003919,CHEMBL52564,https://cb.imsc.res.in/imppat/phytochemical-detailedpage/IMPHY003919,Organic compounds,Phenylpropanoids and polyketides,Cinnamic acids and derivatives,Hydroxycinnamic acids and derivatives
PCMORTLOPMLEFB-ONEGZZNKSA-N,Sinapic acid,COc1cc(/C=C/C(=O)O)cc(c1O)OC,IMPHY004130,CHEMBL109341,https://cb.imsc.res.in/imppat/phytochemical-detailedpage/IMPHY004130,Organic compounds,Phenylpropanoids and polyketides,Cinnamic acids and derivatives,Hydroxycinnamic acids and derivatives
STECJAGHUSJQJN-USLFZFAMSA-N,Hyoscine,OC[C@H](c1ccccc1)C(=O)OC1C[C@@H]2N([C@H](C1)[C@@H]1[C@H]2O1)C,IMPHY011479,CHEMBL1906925,https://cb.imsc.res.in/imppat/phytochemical-detailedpage/IMPHY011479,Organic compounds,Organic acids and derivatives,Hydroxy acids and derivatives,Beta hydroxy acids and derivatives
SFEUTIOWNUGQMZ-ZHLOSDGBSA-N,Taraxasterol acetate,CC(=O)O[C@H]1CC[C@]2([C@H](C1(C)C)CC[C@@]1([C@@H]2CC[C@H]2[C@@]1(C)CC[C@@]1([C@@H]2[C@H](C)C(=C)CC1)C)C)C,IMPHY011595,CHEMBL1796000,https://cb.imsc.res.in/imppat/phytochemical-detailedpage/IMPHY011595,Organic compounds,Lipids and lipid-like molecules,Prenol lipids,Triterpenoids
TVMGLJJYKIHJNJ-SETHOQODSA-N,isorhamnetin 3-O-(6'-O-p-coumaroyl)-glucoside,COc1cc(ccc1O)c1oc2cc(O)cc(c2c(=O)c1O[C@@H]1O[C@H](COC(=O)/C=C/c2ccc(cc2)O)[C@H]([C@@H]([C@H]1O)O)O)O,IMPHY000829,CHEMBL233903,https://cb.imsc.res.in/imppat/phytochemical-detailedpage/IMPHY000829,Organic compounds,Phenylpropanoids and polyketides,Flavonoids,Flavonoid glycosides
CQLRUIIRRZYHHS-LFXZADKFSA-N,isorhamnetin-3-O-glucoside,OC[C@H]1O[C@@H](Oc2c(oc3c(c2=O)c(O)cc(c3)O)c2ccc(c(c2)OC)O)[C@@H]([C@H]([C@@H]1O)O)O,IMPHY011748,CHEMBL234316,https://cb.imsc.res.in/imppat/phytochemical-detailedpage/IMPHY011748,Organic compounds,Phenylpropanoids and polyketides,Flavonoids,Flavonoid glycosides
LYSHVSOMKBORDM-NFYSVIEISA-N,"(1S,3R,5S,7R,8S,9R,10S,12R,14R,15S,18R,19R,22S,23R)-8,9,10,22-tetrahydroxy-7,18-dimethyl-19-(5-oxo-2H-furan-3-yl)-4,6,11-trioxahexacyclo[12.11.0.03,12.05,10.015,23.018,22]pentacosane-14-carbaldehyde",O=C[C@]12C[C@H]3O[C@]4(O)[C@H](O[C@@H]3C[C@@H]1CC[C@@H]1[C@@H]2CC[C@]2([C@]1(O)CC[C@@H]2C1=CC(=O)OC1)C)O[C@@H]([C@H]([C@H]4O)O)C,IMPHY010184,CHEMBL4743046,https://cb.imsc.res.in/imppat/phytochemical-detailedpage/IMPHY010184,Organic compounds,Lipids and lipid-like molecules,Steroids and steroid derivatives,Steroid lactones
OXKMZIABKYHLAR-SVDYBJNLSA-N,Asclepin,O=C[C@]12C[C@H]3O[C@]4(O)[C@H](O[C@@H]3C[C@@H]1CC[C@@H]1[C@@H]2CC[C@]2([C@]1(O)CC[C@@H]2C1=CC(=O)OC1)C)O[C@@H](C[C@@H]4OC(=O)C)C,IMPHY004000,CHEMBL445086,https://cb.imsc.res.in/imppat/phytochemical-detailedpage/IMPHY004000,Organic compounds,Lipids and lipid-like molecules,Steroids and steroid derivatives,Steroid lactones
OWPWFVVPBYFKBG-SXDHXEJRSA-N,Calactin,O=C[C@]12C[C@H]3O[C@@]4(O)[C@H](O)C[C@H](O[C@H]4O[C@@H]3C[C@@H]1CC[C@@H]1[C@@H]2CC[C@]2([C@]1(O)CC[C@@H]2C1=CC(=O)OC1)C)C,IMPHY004186,CHEMBL502127,https://cb.imsc.res.in/imppat/phytochemical-detailedpage/IMPHY004186,Organic compounds,Lipids and lipid-like molecules,Steroids and steroid derivatives,Steroid lactones
OWPWFVVPBYFKBG-NYVHBPEFSA-N,Calotropin,O=C[C@]12C[C@H]3O[C@@]4(O)[C@@H](O)C[C@H](O[C@H]4O[C@@H]3C[C@@H]1CC[C@@H]1[C@@H]2CC[C@]2([C@]1(O)CC[C@@H]2C1=CC(=O)OC1)C)C,IMPHY004159,CHEMBL495949,https://cb.imsc.res.in/imppat/phytochemical-detailedpage/IMPHY004159,Organic compounds,Lipids and lipid-like molecules,Steroids and steroid derivatives,Steroid lactones
SDXKZPQOVUDXIY-UHFFFAOYSA-N,Gigantol,COc1cc(CCc2ccc(c(c2)O)OC)cc(c1)O,IMPHY003061,CHEMBL426871,https://cb.imsc.res.in/imppat/phytochemical-detailedpage/IMPHY003061,Organic compounds,Phenylpropanoids and polyketides,Stilbenes,
RWSXRVCMGQZWBV-WDSKDSINSA-N,Glutathione,SC[C@@H](C(=O)NCC(=O)O)NC(=O)CC[C@@H](C(=O)O)N,IMPHY012334,CHEMBL1543,https://cb.imsc.res.in/imppat/phytochemical-detailedpage/IMPHY012334,Organic compounds,Organic acids and derivatives,Carboxylic acids and derivatives,"Amino acids, peptides, and analogues"
DONIPVCAKBPJLH-IGACXKNBSA-N,Uscharin,O=C[C@]12C[C@H]3O[C@]4(O)[C@H](O[C@@H]3C[C@@H]1CC[C@@H]1[C@@H]2CC[C@]2([C@]1(O)CC[C@@H]2C1=CC(=O)OC1)C)O[C@@H](C[C@@]14SCC=N1)C,IMPHY000074,CHEMBL500585,https://cb.imsc.res.in/imppat/phytochemical-detailedpage/IMPHY000074,Organic compounds,Lipids and lipid-like molecules,Steroids and steroid derivatives,Steroid lactones
UMRPOGLIBDXFNK-ZYGITSNFSA-N,beta-Amyrin acetate,CC(=O)O[C@H]1CC[C@]2([C@H](C1(C)C)CC[C@@]1([C@@H]2CC=C2[C@@]1(C)CC[C@@]1([C@H]2CC(C)(C)CC1)C)C)C,IMPHY004039,CHEMBL489760,https://cb.imsc.res.in/imppat/phytochemical-detailedpage/IMPHY004039,Organic compounds,Lipids and lipid-like molecules,Prenol lipids,Triterpenoids
QXDMQSPYEZFLGF-UHFFFAOYSA-L,Calcium oxalate,[O-]C(=O)C(=O)[O-].[Ca+2],IMPHY003530,CHEMBL3184709,https://cb.imsc.res.in/imppat/phytochemical-detailedpage/IMPHY003530,Organic compounds,Organic acids and derivatives,Carboxylic acids and derivatives,Dicarboxylic acids and derivatives
NGFFRJBGMSPDMS-ZJJHUPNDSA-N,Calendol,CC1=CC[C@]2([C@H]([C@@H]1C)[C@H]1CC[C@H]3[C@@]([C@@]1(CC2)C)(C)CC[C@@H]1[C@]3(C)CC[C@@H](C1(C)C)O)C,IMPHY004100,,https://cb.imsc.res.in/imppat/phytochemical-detailedpage/IMPHY004100,Organic compounds,Lipids and lipid-like molecules,Prenol lipids,Triterpenoids
NOUHJGOURCZSGH-YLBMLAFRSA-N,Calotroposide C,CO[C@H]1C[C@@H](O[C@@H]([C@H]1O[C@H]1C[C@H](OC)[C@@H]([C@H](O1)C)O[C@H]1C[C@H](OC)[C@@H]([C@H](O1)C)O[C@H]1C[C@H](OC)[C@@H]([C@H](O1)C)O)C)O[C@H]1[C@@H](OC)C[C@@H](O[C@@H]1C)O[C@H]1CC[C@]2(C(=CC[C@@]3([C@@H]2C[C@@H](OC(=O)c2ccccc2)[C@]2([C@]3(O)CC[C@@]2(O)C(=O)C)C)O)C1)C,IMPHY011334,,https://cb.imsc.res.in/imppat/phytochemical-detailedpage/IMPHY011334,Organic compounds,Lipids and lipid-like molecules,Steroids and steroid derivatives,Steroidal glycosides
PTVMWMUODZCOFZ-DHZLCZSBSA-N,Calotroposide E,CO[C@H]1C[C@H](O[C@H]2CC[C@]3(C(=CC[C@@]4([C@@H]3C[C@@H](OC(=O)c3ccccc3)[C@]3([C@]4(O)CC[C@@]3(O)C(=O)C)C)O)C2)C)O[C@@H]([C@H]1O[C@H]1C[C@H](OC)[C@@H]([C@H](O1)C)O[C@H]1C[C@H](OC)[C@@H]([C@H](O1)C)O[C@H]1C[C@H](OC)[C@@H]([C@H](O1)C)O)C,IMPHY008947,,https://cb.imsc.res.in/imppat/phytochemical-detailedpage/IMPHY008947,Organic compounds,Lipids and lipid-like molecules,Steroids and steroid derivatives,Steroidal glycosides
WVIFWIRUJXGCNY-QQVYAMJJSA-N,Calotroposide F,CO[C@H]1C[C@H](O[C@H]2CC[C@]3(C(=CC[C@@]4([C@@H]3C[C@@H](OC(=O)c3ccccc3)[C@]3([C@]4(O)CCC3C(=O)C)C)O)C2)C)O[C@@H]([C@H]1O[C@H]1C[C@H](OC)[C@@H]([C@H](O1)C)O[C@H]1C[C@H](OC)[C@@H]([C@H](O1)C)O[C@H]1C[C@H](OC)[C@@H]([C@H](O1)C)O)C,IMPHY008938,,https://cb.imsc.res.in/imppat/phytochemical-detailedpage/IMPHY008938,Organic compounds,Lipids and lipid-like molecules,Steroids and steroid derivatives,Steroidal glycosides
NOSAHRWCQMENMW-QCZVQURFSA-N,Calotroposide G,CO[C@H]1C[C@H](O[C@H]2CC[C@]3(C(=CC[C@@]4([C@@H]3C[C@@H](OC(=O)c3ccccc3)[C@]3([C@]4(O)CCC3C(=O)C)C)O)C2)C)O[C@@H]([C@H]1O[C@H]1C[C@H](OC)[C@@H]([C@H](O1)C)O[C@H]1C[C@H](OC)[C@@H]([C@H](O1)C)O)C,IMPHY008939,,https://cb.imsc.res.in/imppat/phytochemical-detailedpage/IMPHY008939,Organic compounds,Lipids and lipid-like molecules,Steroids and steroid derivatives,Steroidal glycosides
LXZCEJOKBHKJLM-NSHDSACASA-N,Giganticine,CCOC(=O)Nc1ccc(cc1)[C@@H](C(=O)O)NC(=O)C,IMPHY013024,CHEMBL477129,https://cb.imsc.res.in/imppat/phytochemical-detailedpage/IMPHY013024,Organic compounds,Organic acids and derivatives,Carboxylic acids and derivatives,"Amino acids, peptides, and analogues"
ODSSDTBFHAYYMD-YOJQYFTNSA-N,Lupeol acetate,CC(=O)O[C@H]1CC[C@]2([C@H](C1(C)C)CC[C@@]1([C@@H]2CC[C@H]2[C@@]1(C)CC[C@@]1([C@@H]2[C@@H](CC1)C(=C)C)C)C)C,IMPHY014991,CHEMBL453802,https://cb.imsc.res.in/imppat/phytochemical-detailedpage/IMPHY014991,Organic compounds,Lipids and lipid-like molecules,Prenol lipids,Triterpenoids
XWMMEBCFHUKHEX-ZJJHUPNDSA-N,Taraxasterol,C=C1CC[C@]2([C@H]([C@@H]1C)[C@H]1CC[C@H]3[C@@]([C@@]1(CC2)C)(C)CC[C@@H]1[C@]3(C)CC[C@@H](C1(C)C)O)C,IMPHY015081,,https://cb.imsc.res.in/imppat/phytochemical-detailedpage/IMPHY015081,Organic compounds,Lipids and lipid-like molecules,Prenol lipids,Triterpenoids
XZTUSOXSLKTKJQ-CIXPXFMPSA-N,Uzarigenin,O[C@H]1CC[C@]2([C@H](C1)CC[C@@H]1[C@@H]2CC[C@]2([C@]1(O)CC[C@@H]2C1=CC(=O)OC1)C)C,IMPHY003772,CHEMBL109863,https://cb.imsc.res.in/imppat/phytochemical-detailedpage/IMPHY003772,Organic compounds,Lipids and lipid-like molecules,Steroids and steroid derivatives,Steroid lactones
NOUHJGOURCZSGH-QYBOCLCZSA-N,"[(3S,8S,9R,10R,12R,13S,14R,17R)-17-acetyl-8,14,17-trihydroxy-3-[(2R,4S,5R,6R)-5-[(2S,4S,5R,6R)-5-[(2S,4S,5R,6R)-5-[(2S,4S,5R,6R)-5-[(2S,4S,5R,6R)-5-hydroxy-4-methoxy-6-methyloxan-2-yl]oxy-4-methoxy-6-",CO[C@H]1C[C@@H](O[C@@H]([C@H]1O[C@H]1C[C@H](OC)[C@@H]([C@H](O1)C)O[C@H]1C[C@H](OC)[C@@H]([C@H](O1)C)O[C@H]1C[C@H](OC)[C@@H]([C@H](O1)C)O)C)O[C@H]1[C@@H](OC)C[C@@H](O[C@@H]1C)O[C@H]1CC[C@]2(C(=CC[C@@]3([C@@H]2C[C@@H](OC(=O)c2ccccc2)[C@]2([C@]3(O)CC[C@]2(O)C(=O)C)C)O)C1)C,IMPHY011333,,https://cb.imsc.res.in/imppat/phytochemical-detailedpage/IMPHY011333,Organic compounds,Lipids and lipid-like molecules,Steroids and steroid derivatives,Steroidal glycosides
FURJPEDAWWWECD-RRRAMYLHSA-N,"[(3S,8S,9R,10R,12R,13S,14R,17R)-17-acetyl-8,14-dihydroxy-3-[(2R,4S,5R,6R)-5-[(2S,4S,5R,6R)-5-[(2S,4S,5R,6R)-5-[(2S,4S,5R,6R)-5-[(2S,4S,5R,6R)-5-hydroxy-4-methoxy-6-methyloxan-2-yl]oxy-4-methoxy-6-meth",CO[C@H]1C[C@@H](O[C@@H]([C@H]1O[C@H]1C[C@H](OC)[C@@H]([C@H](O1)C)O[C@H]1C[C@H](OC)[C@@H]([C@H](O1)C)O[C@H]1C[C@H](OC)[C@@H]([C@H](O1)C)O)C)O[C@H]1[C@@H](OC)C[C@@H](O[C@@H]1C)O[C@H]1CC[C@]2(C(=CC[C@@]3([C@@H]2C[C@@H](OC(=O)c2ccccc2)[C@]2([C@]3(O)CC[C@H]2C(=O)C)C)O)C1)C,IMPHY008912,,https://cb.imsc.res.in/imppat/phytochemical-detailedpage/IMPHY008912,Organic compounds,Lipids and lipid-like molecules,Steroids and steroid derivatives,Steroidal glycosides
LYUYMCWIWGASRX-CMDGGOBGSA-N,"2'-Hydroxy-2,3,4',6'-tetramethoxychalcone",COc1cc(O)c(c(c1)OC)C(=O)/C=C/c1cccc(c1OC)OC,IMPHY013002,CHEMBL1254091,https://cb.imsc.res.in/imppat/phytochemical-detailedpage/IMPHY013002,Organic compounds,Phenylpropanoids and polyketides,"Linear 1,3-diarylpropanoids",Chalcones and dihydrochalcones
DLQSYZMPSWHYMW-XYOKQWHBSA-N,Bonducellin,COc1ccc(cc1)/C=C/1COc2c(C1=O)ccc(c2)O,IMPHY001665,CHEMBL450675,https://cb.imsc.res.in/imppat/phytochemical-detailedpage/IMPHY001665,Organic compounds,Phenylpropanoids and polyketides,Homoisoflavonoids,
DVBQHEGQMJLCBQ-OZMZSAIPSA-N,Ellagitannin,CC(=O)C[C@]1(O)C(=O)C=C2[C@@H]3[C@@]1(O)Oc1c3c(cc(c1O)O)C(=O)O[C@H]1[C@H]3[C@@H](OC2=O)[C@@H](O[C@@H]1COC(=O)c1c(-c2c(C(=O)O3)cc(O)c(c2O)O)c(O)c(c(c1)O)O)OC(=O)c1cc(O)c(c(c1)O)O,IMPHY002419,,https://cb.imsc.res.in/imppat/phytochemical-detailedpage/IMPHY002419,Organic compounds,Phenylpropanoids and polyketides,Tannins,Hydrolyzable tannins
VFPFQHQNJCMNBZ-UHFFFAOYSA-N,Ethyl gallate,CCOC(=O)c1cc(O)c(c(c1)O)O,IMPHY009606,CHEMBL453196,https://cb.imsc.res.in/imppat/phytochemical-detailedpage/IMPHY009606,Organic compounds,Benzenoids,Benzene and substituted derivatives,Benzoic acids and derivatives
ZEACOKJOQLAYTD-SOUVJXGZSA-N,Leucodelphidin,Oc1cc2O[C@H](c3cc(O)c(c(c3)O)O)[C@H]([C@H](c2c(c1)O)O)O,IMPHY011885,,https://cb.imsc.res.in/imppat/phytochemical-detailedpage/IMPHY011885,Organic compounds,Phenylpropanoids and polyketides,Flavonoids,Flavans
BBFYUPYFXSSMNV-HMGRVEAOSA-N,Quercimeritrin,OC[C@H]1O[C@@H](Oc2cc(O)c3c(c2)oc(c(c3=O)O)c2ccc(c(c2)O)O)[C@@H]([C@H]([C@@H]1O)O)O,IMPHY012756,CHEMBL248726,https://cb.imsc.res.in/imppat/phytochemical-detailedpage/IMPHY012756,Organic compounds,Phenylpropanoids and polyketides,Flavonoids,Flavonoid glycosides
CXMXRPHRNRROMY-UHFFFAOYSA-N,Sebacic acid,OC(=O)CCCCCCCCC(=O)O,IMPHY009950,CHEMBL1232164,https://cb.imsc.res.in/imppat/phytochemical-detailedpage/IMPHY009950,Organic compounds,Lipids and lipid-like molecules,Fatty acyls,Fatty acids and conjugates
AYXPYQRXGNDJFU-QTPLKFIXSA-N,(-)-Globulol,C[C@@H]1CC[C@@H]2[C@@H]1[C@H]1[C@H](C1(C)C)CC[C@@]2(C)O,IMPHY014690,CHEMBL2171207,https://cb.imsc.res.in/imppat/phytochemical-detailedpage/IMPHY014690,Organic compounds,Lipids and lipid-like molecules,Prenol lipids,Sesquiterpenoids
LCYXQUJDODZYIJ-DJLDLDEBSA-N,(-)-trans-Pinocarveol,C=C1[C@H](O)C[C@@H]2C[C@H]1C2(C)C,IMPHY016013,,https://cb.imsc.res.in/imppat/phytochemical-detailedpage/IMPHY016013,Organic compounds,Lipids and lipid-like molecules,Prenol lipids,Monoterpenoids
KYWIYKKSMDLRDC-UHFFFAOYSA-N,2-Undecanone,CCCCCCCCCC(=O)C,IMPHY011521,CHEMBL1236582,https://cb.imsc.res.in/imppat/phytochemical-detailedpage/IMPHY011521,Organic compounds,Organic oxygen compounds,Organooxygen compounds,Carbonyl compounds
MSJJKJCIFIGTJY-LJISPDSOSA-N,Junenol,C=C1CCC[C@]2([C@H]1[C@@H](O)[C@@H](CC2)C(C)C)C,IMPHY012949,,https://cb.imsc.res.in/imppat/phytochemical-detailedpage/IMPHY012949,Organic compounds,Lipids and lipid-like molecules,Prenol lipids,Sesquiterpenoids
DCSCXTJOXBUFGB-UHFFFAOYSA-N,Verbenone,CC1=CC(=O)C2CC1C2(C)C,IMPHY004077,,https://cb.imsc.res.in/imppat/phytochemical-detailedpage/IMPHY004077,Organic compounds,Lipids and lipid-like molecules,Prenol lipids,Monoterpenoids
LHYHMMRYTDARSZ-CBBWQLFWSA-N,alpha-Muurolol,CC1=C[C@@H]2[C@H](CC1)[C@](C)(O)CC[C@@H]2C(C)C,IMPHY015016,,https://cb.imsc.res.in/imppat/phytochemical-detailedpage/IMPHY015016,Organic compounds,Lipids and lipid-like molecules,Prenol lipids,Sesquiterpenoids
UPVZPMJSRSWJHQ-XIQJJJERSA-N,beta-Copaene,CC([C@@H]1CC[C@]2([C@@H]3[C@H]1C2C(=C)CC3)C)C,IMPHY003719,,https://cb.imsc.res.in/imppat/phytochemical-detailedpage/IMPHY003719,Organic compounds,Lipids and lipid-like molecules,Prenol lipids,Sesquiterpenoids
COGPRPSWSKLKTF-QPSCCSFWSA-N,epi-Cubenol,CC1=C[C@@H]2[C@@](CC1)(O)[C@H](C)CC[C@H]2C(C)C,IMPHY013971,,https://cb.imsc.res.in/imppat/phytochemical-detailedpage/IMPHY013971,Organic compounds,Lipids and lipid-like molecules,Prenol lipids,Sesquiterpenoids
WOXQROZUZURVHX-FMIVXFBMSA-N,(E)-7-hydroxy-8-methoxy-3-(4-methoxybenzylidene)chroman-4-one,COc1ccc(cc1)/C=C/1COc2c(C1=O)ccc(c2OC)O,IMPHY007000,CHEMBL2408720,https://cb.imsc.res.in/imppat/phytochemical-detailedpage/IMPHY007000,Organic compounds,Phenylpropanoids and polyketides,Homoisoflavonoids,
OLBNOBQOQZRLMP-UHFFFAOYSA-N,"2,6-Dimethoxy-1,4-benzoquinone",COC1=CC(=O)C=C(C1=O)OC,IMPHY011476,CHEMBL448515,https://cb.imsc.res.in/imppat/phytochemical-detailedpage/IMPHY011476,Organic compounds,Organic oxygen compounds,Organooxygen compounds,Carbonyl compounds
IECRXMSGDFIOEY-UHFFFAOYSA-N,"4'-Hydroxy-5,6,7,8-tetramethoxyflavone",COc1c(OC)c2oc(cc(=O)c2c(c1OC)OC)c1ccc(cc1)O,IMPHY004070,CHEMBL479077,https://cb.imsc.res.in/imppat/phytochemical-detailedpage/IMPHY004070,Organic compounds,Phenylpropanoids and polyketides,Flavonoids,O-methylated flavonoids
KRPNMZQYEXAVOD-UHFFFAOYSA-N,6-Methoxypulcherrimin,COc1cc2oc3-c4ccc5c(c4COc3c(=O)c2c(c1OC)O)OCO5,IMPHY004801,,https://cb.imsc.res.in/imppat/phytochemical-detailedpage/IMPHY004801,Organic compounds,Phenylpropanoids and polyketides,Flavonoids,Pyranoflavonoids
QDVSQQYDMLUPGR-OFYFIDOVSA-N,Pulcherralpin,COC(=O)C[C@@H]1C(=O)C[C@H]2[C@H]([C@H]1C)[C@@H](O)[C@H]([C@@]1([C@]2(C)CCCC1(C)C)O)OC(=O)/C=C/c1ccccc1,IMPHY006209,CHEMBL455618,https://cb.imsc.res.in/imppat/phytochemical-detailedpage/IMPHY006209,Organic compounds,Lipids and lipid-like molecules,Prenol lipids,Diterpenoids
VFVVDFLDUBZQGX-RRHNGELWSA-N,Tannin B,Oc1cc(O)c2c(c1)O[C@@H]([C@@H]([C@H]2c1c(O)cc2c(c1O)[C@@H]1c3c(O[C@](O2)([C@@H]1O)c1ccc(c(c1)O)O)cc(c1c3O[C@H](c2ccc(c(c2)O)O)[C@@H]([C@H]1c1c(O)cc(c2c1O[C@@H]([C@@H](C2)O)c1ccc(c(c1)O)O)O)O)O)O)c1ccc(c(c1)O)O,IMPHY010759,CHEMBL1213877,https://cb.imsc.res.in/imppat/phytochemical-detailedpage/IMPHY010759,Organic compounds,Phenylpropanoids and polyketides,Flavonoids,Biflavonoids and polyflavonoids
UBTOEGCOMHAXGV-VECAIYLJSA-N,1-S-[(1Z)-N-(sulfooxy)ethanimidoyl]-1-thio-beta-D-glucopyranose,OC[C@H]1O[C@@H](S/C(=NOS(=O)(=O)O)/C)[C@@H]([C@H]([C@@H]1O)O)O,IMPHY004101,,https://cb.imsc.res.in/imppat/phytochemical-detailedpage/IMPHY004101,Organic compounds,Organic oxygen compounds,Organooxygen compounds,Carbohydrates and carbohydrate conjugates
WUOACPNHFRMFPN-VIFPVBQESA-N,(+)-alpha-Terpineol,CC1=CC[C@@H](CC1)C(O)(C)C,IMPHY015997,,https://cb.imsc.res.in/imppat/phytochemical-detailedpage/IMPHY015997,Organic compounds,Lipids and lipid-like molecules,Prenol lipids,Monoterpenoids
ZYTMANIQRDEHIO-KXUCPTDWSA-N,(-)-Isopulegol,C[C@@H]1CC[C@H]([C@@H](C1)O)C(=C)C,IMPHY003710,CHEMBL237994,https://cb.imsc.res.in/imppat/phytochemical-detailedpage/IMPHY003710,Organic compounds,Lipids and lipid-like molecules,Prenol lipids,Monoterpenoids
KQZAHMIZMBERJX-UHFFFAOYSA-N,"3,7-Dimethyloct-7-enal",O=CCC(CCCC(=C)C)C,IMPHY016940,,https://cb.imsc.res.in/imppat/phytochemical-detailedpage/IMPHY016940,Organic compounds,Organic oxygen compounds,Organooxygen compounds,Carbonyl compounds
XMGQYMWWDOXHJM-JTQLQIEISA-N,D-Limonene,CC1=CC[C@@H](CC1)C(=C)C,IMPHY012175,CHEMBL449062,https://cb.imsc.res.in/imppat/phytochemical-detailedpage/IMPHY012175,Organic compounds,Lipids and lipid-like molecules,Prenol lipids,Monoterpenoids
BOTWFXYSPFMFNR-PYDDKJGSSA-N,Phytol,OC/C=C(/CCC[C@@H](CCC[C@@H](CCCC(C)C)C)C)C,IMPHY012712,CHEMBL1644111,https://cb.imsc.res.in/imppat/phytochemical-detailedpage/IMPHY012712,Organic compounds,Lipids and lipid-like molecules,Prenol lipids,Diterpenoids
WONIGEXYPVIKFS-VGMNWLOBSA-N,trans-Verbenol,CC1=C[C@H](O)[C@@H]2C[C@H]1C2(C)C,IMPHY015098,,https://cb.imsc.res.in/imppat/phytochemical-detailedpage/IMPHY015098,Organic compounds,Lipids and lipid-like molecules,Prenol lipids,Monoterpenoids
GUAFOGOEJLSQBT-UHFFFAOYSA-N,Scoparone,COc1cc2oc(=O)ccc2cc1OC,IMPHY011395,CHEMBL325864,https://cb.imsc.res.in/imppat/phytochemical-detailedpage/IMPHY011395,Organic compounds,Phenylpropanoids and polyketides,Coumarins and derivatives,
CCEFMUBVSUDRLG-BBBLOLIVSA-N,(+)-trans-Limonene oxide,CC(=C)[C@@H]1CC[C@]2([C@@H](C1)O2)C,IMPHY015094,,https://cb.imsc.res.in/imppat/phytochemical-detailedpage/IMPHY015094,Organic compounds,Organoheterocyclic compounds,Oxepanes,
XMGQYMWWDOXHJM-SNVBAGLBSA-N,(-)-Limonene,CC1=CC[C@H](CC1)C(=C)C,IMPHY014979,CHEMBL236688,https://cb.imsc.res.in/imppat/phytochemical-detailedpage/IMPHY014979,Organic compounds,Lipids and lipid-like molecules,Prenol lipids,Monoterpenoids
FAMPSKZZVDUYOS-KXWHQPPKSA-N,"(1E,4E,8E)-2,6,6,9-tetramethylcycloundeca-1,4,8-triene",C/C/1=C/CC(C)(C)/C=CC/C(=CCC1)/C,IMPHY011794,,https://cb.imsc.res.in/imppat/phytochemical-detailedpage/IMPHY011794,Organic compounds,Lipids and lipid-like molecules,Prenol lipids,Sesquiterpenoids
LCYXQUJDODZYIJ-VGMNWLOBSA-N,"(1r,3s,5r)-6,6-Dimethyl-2-methylidenebicyclo[3.1.1]heptan-3-ol",C=C1[C@@H](O)C[C@H]2C[C@@H]1C2(C)C,IMPHY012265,,https://cb.imsc.res.in/imppat/phytochemical-detailedpage/IMPHY012265,Organic compounds,Lipids and lipid-like molecules,Prenol lipids,Monoterpenoids
XMGKCJUCYBLMBY-ONCYFVLKSA-N,"(2S,3R,4S,5S,6R)-2-[4-[1,3-Dihydroxy-2-[4-[(E)-3-hydroxyprop-1-enyl]-2,6-dimethoxyphenoxy]propyl]-2-methoxyphenoxy]-6-(hydroxymethyl)oxane-3,4,5-triol",OC/C=C/c1cc(OC)c(c(c1)OC)OC(C(c1ccc(c(c1)OC)O[C@@H]1O[C@H](CO)[C@H]([C@@H]([C@H]1O)O)O)O)CO,IMPHY002047,,https://cb.imsc.res.in/imppat/phytochemical-detailedpage/IMPHY002047,Organic compounds,"Lignans, neolignans and related compounds",Lignan glycosides,
YHBUQBJHSRGZNF-VGOFMYFVSA-N,(E)-alpha-bisabolene,CC(=CC/C=C(/C1CCC(=CC1)C)C)C,IMPHY003807,,https://cb.imsc.res.in/imppat/phytochemical-detailedpage/IMPHY003807,Organic compounds,Lipids and lipid-like molecules,Prenol lipids,Sesquiterpenoids
YHBUQBJHSRGZNF-AUWJEWJLSA-N,(Z)-alpha-Bisabolene,CC(=CC/C=C(C1CCC(=CC1)C)/C)C,IMPHY003798,,https://cb.imsc.res.in/imppat/phytochemical-detailedpage/IMPHY003798,Organic compounds,Lipids and lipid-like molecules,Prenol lipids,Sesquiterpenoids
LOOYOTLEOHYYOV-UHFFFAOYSA-N,"1,3,3-Trimethyl-2-oxabicyclo[2.2.2]oct-5-ene",CC12CCC(C=C1)C(O2)(C)C,IMPHY004555,,https://cb.imsc.res.in/imppat/phytochemical-detailedpage/IMPHY004555,Organic compounds,Organoheterocyclic compounds,Pyrans,
MWKFXSUHUHTGQN-UHFFFAOYSA-N,1-Decanol,CCCCCCCCCCO,IMPHY006947,CHEMBL25363,https://cb.imsc.res.in/imppat/phytochemical-detailedpage/IMPHY006947,Organic compounds,Lipids and lipid-like molecules,Fatty acyls,Fatty alcohols
LQZZUXJYWNFBMV-UHFFFAOYSA-N,1-Dodecanol,CCCCCCCCCCCCO,IMPHY007100,CHEMBL24722,https://cb.imsc.res.in/imppat/phytochemical-detailedpage/IMPHY007100,Organic compounds,Lipids and lipid-like molecules,Fatty acyls,Fatty alcohols
KJIOQYGWTQBHNH-UHFFFAOYSA-N,1-Undecanol,CCCCCCCCCCCO,IMPHY009858,CHEMBL444525,https://cb.imsc.res.in/imppat/phytochemical-detailedpage/IMPHY009858,Organic compounds,Lipids and lipid-like molecules,Fatty acyls,Fatty alcohols
DWPLEOPKBWNPQV-UHFFFAOYSA-N,2'-Methoxyacetophenone,COc1ccccc1C(=O)C,IMPHY017676,CHEMBL5280089,https://cb.imsc.res.in/imppat/phytochemical-detailedpage/IMPHY017676,Organic compounds,Organic oxygen compounds,Organooxygen compounds,Carbonyl compounds
DQGZGGZXMOFHLB-UHFFFAOYSA-N,"2,2-Dimethyl-3-(3-methylenepent-4-enyl)oxirane",C=CC(=C)CCC1OC1(C)C,IMPHY002129,,https://cb.imsc.res.in/imppat/phytochemical-detailedpage/IMPHY002129,Organic compounds,Organoheterocyclic compounds,Epoxides,
KXDDDNKGVUBFQS-UHFFFAOYSA-N,"2,3-Epoxygerianial",O=CC1OC1(C)CCC=C(C)C,IMPHY015876,CHEMBL5279704,https://cb.imsc.res.in/imppat/phytochemical-detailedpage/IMPHY015876,Organic compounds,Organoheterocyclic compounds,Epoxides,
YGFGZTXGYTUXBA-UHFFFAOYSA-N,"2,6-Dimethyl-5-heptenal",O=CC(CCC=C(C)C)C,IMPHY011016,CHEMBL3184983,https://cb.imsc.res.in/imppat/phytochemical-detailedpage/IMPHY011016,Organic compounds,Organic oxygen compounds,Organooxygen compounds,Carbonyl compounds
OJLMARCQPSGYNE-UXBLZVDNSA-N,"3,6-Octadienal, 3,7-dimethyl-",O=CC/C(=C/CC=C(C)C)/C,IMPHY014112,,https://cb.imsc.res.in/imppat/phytochemical-detailedpage/IMPHY014112,Organic compounds,Lipids and lipid-like molecules,Prenol lipids,Monoterpenoids
MDDYCNAAAZKNAJ-UHFFFAOYSA-N,5-Isopropylbicyclo[3.1.0]hexan-2-one,O=C1CCC2(C1C2)C(C)C,IMPHY009739,,https://cb.imsc.res.in/imppat/phytochemical-detailedpage/IMPHY009739,Organic compounds,Organic oxygen compounds,Organooxygen compounds,Carbonyl compounds
ABRWCGWMRMPLID-HMUOIZGVSA-N,"5alpha-Cholestan-3beta-ol, 2-methylene-",CC(CCC[C@H]([C@H]1CC[C@@H]2[C@]1(C)CC[C@H]1[C@H]2CC[C@@H]2[C@]1(C)CC(=C)[C@@H](C2)O)C)C,IMPHY015554,,https://cb.imsc.res.in/imppat/phytochemical-detailedpage/IMPHY015554,Organic compounds,Lipids and lipid-like molecules,Steroids and steroid derivatives,Cholestane steroids
UHEPJGULSIKKTP-UHFFFAOYSA-N,6-Methyl-5-hepten-2-one,CC(=O)CCC=C(C)C,IMPHY007331,CHEMBL46340,https://cb.imsc.res.in/imppat/phytochemical-detailedpage/IMPHY007331,Organic compounds,Organic oxygen compounds,Organooxygen compounds,Carbonyl compounds
MGYMHQJELJYRQS-UHFFFAOYSA-N,Ascaridole,CC(C12CCC(OO1)(C=C2)C)C,IMPHY000171,CHEMBL467614,https://cb.imsc.res.in/imppat/phytochemical-detailedpage/IMPHY000171,Organic compounds,Organoheterocyclic compounds,Dioxanes,"1,2-dioxanes"
DBMJZOMNXBSRED-OQLLNIDSSA-N,Bergamottin,C/C(=CCOc1c2ccoc2cc2c1ccc(=O)o2)/CCC=C(C)C,IMPHY011474,CHEMBL1078442,https://cb.imsc.res.in/imppat/phytochemical-detailedpage/IMPHY011474,Organic compounds,Lipids and lipid-like molecules,Prenol lipids,Terpene lactones
BGEBZHIAGXMEMV-UHFFFAOYSA-N,Bergapten,COc1c2ccc(=O)oc2cc2c1cco2,IMPHY005428,CHEMBL24171,https://cb.imsc.res.in/imppat/phytochemical-detailedpage/IMPHY005428,Organic compounds,Phenylpropanoids and polyketides,Coumarins and derivatives,Furanocoumarins
NIZFPIBTGJOVRT-UHFFFAOYSA-N,Bicyclo[2.2.1]heptan-1-ol,OC12CCC(C2)CC1,IMPHY016781,,https://cb.imsc.res.in/imppat/phytochemical-detailedpage/IMPHY016781,Organic compounds,Lipids and lipid-like molecules,Prenol lipids,Monoterpenoids
FZZNNPQZDRVKLU-YTFOTSKYSA-N,Cadinane,C[C@H]1CC[C@@H]2[C@@H](C1)[C@@H](CC[C@@H]2C)C(C)C,IMPHY007528,,https://cb.imsc.res.in/imppat/phytochemical-detailedpage/IMPHY007528,Organic compounds,Lipids and lipid-like molecules,Prenol lipids,Sesquiterpenoids
BEWYHVAWEKZDPP-UHFFFAOYSA-N,Camphane,CC1(C)C2CCC1(C)CC2,IMPHY007853,,https://cb.imsc.res.in/imppat/phytochemical-detailedpage/IMPHY007853,Organic compounds,Lipids and lipid-like molecules,Prenol lipids,Monoterpenoids
SGAYOTORECIFCJ-MXTXEEQBSA-N,Campherenol,CC(=CCCC1(C)C2CCC1(C)[C@@H](C2)O)C,IMPHY013575,,https://cb.imsc.res.in/imppat/phytochemical-detailedpage/IMPHY013575,Organic compounds,Lipids and lipid-like molecules,Prenol lipids,Sesquiterpenoids
HQKQRXZEXPXXIG-DTWJZALFSA-N,Cedranyl acetate,CC(=O)O[C@]1(C)CC[C@@]23C[C@@H]1C(C)(C)[C@@H]2CC[C@H]3C,IMPHY015552,,https://cb.imsc.res.in/imppat/phytochemical-detailedpage/IMPHY015552,Organic compounds,Lipids and lipid-like molecules,Prenol lipids,Sesquiterpenoids
SCZVLDHREVKTSH-UHFFFAOYSA-N,Chrysoeriol,COc1cc(ccc1O)c1cc(=O)c2c(o1)cc(cc2O)O,IMPHY004433,CHEMBL214321,https://cb.imsc.res.in/imppat/phytochemical-detailedpage/IMPHY004433,Organic compounds,Phenylpropanoids and polyketides,Flavonoids,O-methylated flavonoids
OOCCDEMITAIZTP-QPJJXVBHSA-N,Cinnamyl alcohol,OC/C=C/c1ccccc1,IMPHY004889,CHEMBL324794,https://cb.imsc.res.in/imppat/phytochemical-detailedpage/IMPHY004889,Organic compounds,Phenylpropanoids and polyketides,Cinnamyl alcohols,
NXJCRELRQHZBQA-UHFFFAOYSA-N,Citropten,COc1cc(OC)c2c(c1)oc(=O)cc2,IMPHY011549,CHEMBL481049,https://cb.imsc.res.in/imppat/phytochemical-detailedpage/IMPHY011549,Organic compounds,Phenylpropanoids and polyketides,Coumarins and derivatives,
WHKMPWQXESJAPI-DTFCWUHSSA-N,Citrusin A,OC/C=C/c1ccc(c(c1)OC)OC(C(c1ccc(c(c1)OC)O[C@@H]1O[C@H](CO)[C@H]([C@@H]([C@H]1O)O)O)O)CO,IMPHY008942,,https://cb.imsc.res.in/imppat/phytochemical-detailedpage/IMPHY008942,Organic compounds,"Lignans, neolignans and related compounds",Lignan glycosides,
JOIDTHZGWZZGMU-IHWYPQMZSA-N,Citrusin D,OCC1OC(OC/C=Cc2ccc(c(c2)OC)O)C(C(C1O)O)O,IMPHY013709,,https://cb.imsc.res.in/imppat/phytochemical-detailedpage/IMPHY013709,Organic compounds,Lipids and lipid-like molecules,Fatty acyls,Fatty acyl glycosides
SFLMUHDGSQZDOW-FAOXUISGSA-N,Coniferin,OC/C=C/c1ccc(c(c1)OC)O[C@@H]1O[C@H](CO)[C@H]([C@@H]([C@H]1O)O)O,IMPHY004603,CHEMBL459056,https://cb.imsc.res.in/imppat/phytochemical-detailedpage/IMPHY004603,Organic compounds,Organic oxygen compounds,Organooxygen compounds,Carbohydrates and carbohydrate conjugates
MFYSYFVPBJMHGN-ZPOLXVRWSA-N,Cortisone,OCC(=O)[C@@]1(O)CC[C@@H]2[C@]1(C)CC(=O)[C@H]1[C@H]2CCC2=CC(=O)CC[C@]12C,IMPHY005636,CHEMBL1499,https://cb.imsc.res.in/imppat/phytochemical-detailedpage/IMPHY005636,Organic compounds,Lipids and lipid-like molecules,Steroids and steroid derivatives,Hydroxysteroids
DSSYKIVIOFKYAU-XCBNKYQSSA-N,D-Camphor,O=C1C[C@@H]2C([C@@]1(C)CC2)(C)C,IMPHY014699,,https://cb.imsc.res.in/imppat/phytochemical-detailedpage/IMPHY014699,Organic compounds,Lipids and lipid-like molecules,Prenol lipids,Monoterpenoids
NUPSHWCALHZGOV-UHFFFAOYSA-N,Decyl acetate,CCCCCCCCCCOC(=O)C,IMPHY007099,CHEMBL2228458,https://cb.imsc.res.in/imppat/phytochemical-detailedpage/IMPHY007099,Organic compounds,Lipids and lipid-like molecules,Fatty acyls,Fatty alcohol esters
HFJRKMMYBMWEAD-UHFFFAOYSA-N,Dodecanal,CCCCCCCCCCCC=O,IMPHY007204,CHEMBL2228373,https://cb.imsc.res.in/imppat/phytochemical-detailedpage/IMPHY007204,Organic compounds,Organic oxygen compounds,Organooxygen compounds,Carbonyl compounds
SNRUBQQJIBEYMU-UHFFFAOYSA-N,Dodecane,CCCCCCCCCCCC,IMPHY010000,CHEMBL30959,https://cb.imsc.res.in/imppat/phytochemical-detailedpage/IMPHY010000,Organic compounds,Hydrocarbons,Saturated hydrocarbons,Alkanes
VZWGRQBCURJOMT-UHFFFAOYSA-N,Dodecyl acetate,CCCCCCCCCCCCOC(=O)C,IMPHY007206,CHEMBL2228460,https://cb.imsc.res.in/imppat/phytochemical-detailedpage/IMPHY007206,Organic compounds,Lipids and lipid-like molecules,Fatty acyls,Fatty alcohol esters
OMQADRGFMLGFJF-MNPJBKLOSA-N,Eriocitrin,O[C@@H]1[C@@H](O)[C@H](Oc2cc(O)c3c(c2)O[C@@H](CC3=O)c2ccc(c(c2)O)O)O[C@@H]([C@H]1O)CO[C@@H]1O[C@@H](C)[C@@H]([C@H]([C@H]1O)O)O,IMPHY012252,CHEMBL2165586,https://cb.imsc.res.in/imppat/phytochemical-detailedpage/IMPHY012252,Organic compounds,Phenylpropanoids and polyketides,Flavonoids,Flavonoid glycosides
VADSVXSGIFBZLI-IBEHDNSVSA-N,Eugenyl glucoside,C=CCc1ccc(c(c1)OC)O[C@@H]1O[C@H](CO)[C@H]([C@@H]([C@H]1O)O)O,IMPHY003987,CHEMBL463487,https://cb.imsc.res.in/imppat/phytochemical-detailedpage/IMPHY003987,Organic compounds,Organic oxygen compounds,Organooxygen compounds,Carbohydrates and carbohydrate conjugates
FQMZVFJYMPNUCT-YRNVUSSQSA-N,Geranyl formate,O=COC/C=C(/CCC=C(C)C)C,IMPHY004151,CHEMBL3182514,https://cb.imsc.res.in/imppat/phytochemical-detailedpage/IMPHY004151,Organic compounds,Lipids and lipid-like molecules,Fatty acyls,Fatty alcohol esters
YBKJFYRRNMFOPP-FMIVXFBMSA-N,Geranyl vinyl ether,C=COC/C=C(/CCC=C(C)C)C,IMPHY015698,,https://cb.imsc.res.in/imppat/phytochemical-detailedpage/IMPHY015698,Organic compounds,Lipids and lipid-like molecules,Prenol lipids,Monoterpenoids
JMFFUDMJDZXYCT-BQYQJAHWSA-N,Hept-1-enyl acetate,CCCCC/C=C/OC(=O)C,IMPHY015713,,https://cb.imsc.res.in/imppat/phytochemical-detailedpage/IMPHY015713,Organic compounds,Organic acids and derivatives,Carboxylic acids and derivatives,Carboxylic acid derivatives
ZCZSIDMEHXZRLG-UHFFFAOYSA-N,Heptyl acetate,CCCCCCCOC(=O)C,IMPHY009762,CHEMBL2228455,https://cb.imsc.res.in/imppat/phytochemical-detailedpage/IMPHY009762,Organic compounds,Organic acids and derivatives,Carboxylic acids and derivatives,Carboxylic acid derivatives
QUQPHWDTPGMPEX-QJBIFVCTSA-N,Hesperidin,COc1ccc(cc1O)[C@@H]1CC(=O)c2c(O1)cc(cc2O)O[C@@H]1O[C@H](CO[C@@H]2O[C@@H](C)[C@@H]([C@H]([C@H]2O)O)O)[C@H]([C@@H]([C@H]1O)O)O,IMPHY003992,CHEMBL449317,https://cb.imsc.res.in/imppat/phytochemical-detailedpage/IMPHY003992,Organic compounds,Phenylpropanoids and polyketides,Flavonoids,Flavonoid glycosides
JARKCYVAAOWBJS-UHFFFAOYSA-N,Hexanal,CCCCCC=O,IMPHY006347,CHEMBL280331,https://cb.imsc.res.in/imppat/phytochemical-detailedpage/IMPHY006347,Organic compounds,Organic oxygen compounds,Organooxygen compounds,Carbonyl compounds
AYXPYQRXGNDJFU-AOWZIMASSA-N,Ledol,C[C@@H]1CC[C@H]2[C@@H]1[C@H]1[C@H](C1(C)C)CC[C@@]2(C)O,IMPHY014986,CHEMBL4525000,https://cb.imsc.res.in/imppat/phytochemical-detailedpage/IMPHY014986,Organic compounds,Lipids and lipid-like molecules,Prenol lipids,Sesquiterpenoids
IBXCKSUZOFKGSB-UHFFFAOYSA-N,Limocitrin,COc1cc(ccc1O)c1oc2c(OC)c(O)cc(c2c(=O)c1O)O,IMPHY006106,CHEMBL452488,https://cb.imsc.res.in/imppat/phytochemical-detailedpage/IMPHY006106,Organic compounds,Phenylpropanoids and polyketides,Flavonoids,Flavones
LCKHNFJHVWUHTR-UHFFFAOYSA-N,Limocitrol,COc1cc(ccc1O)c1oc2c(OC)c(O)c(c(c2c(=O)c1O)O)OC,IMPHY009317,,https://cb.imsc.res.in/imppat/phytochemical-detailedpage/IMPHY009317,Organic compounds,Phenylpropanoids and polyketides,Flavonoids,Flavones
CCEFMUBVSUDRLG-AEJSXWLSSA-N,"Limonene oxide, cis-(-)-",CC(=C)[C@H]1CC[C@]2([C@@H](C1)O2)C,IMPHY010781,,https://cb.imsc.res.in/imppat/phytochemical-detailedpage/IMPHY010781,Organic compounds,Organoheterocyclic compounds,Oxepanes,
UWKAYLJWKGQEPM-UHFFFAOYSA-N,Linalyl acetate,C=CC(OC(=O)C)(CCC=C(C)C)C,IMPHY007067,CHEMBL502773,https://cb.imsc.res.in/imppat/phytochemical-detailedpage/IMPHY007067,Organic compounds,Lipids and lipid-like molecules,Prenol lipids,Monoterpenoids
WAQIIHCCEMGYKP-UHFFFAOYSA-N,Linalyl propionate,CCC(=O)OC(CCC=C(C)C)(C=C)C,IMPHY006324,CHEMBL3186660,https://cb.imsc.res.in/imppat/phytochemical-detailedpage/IMPHY006324,Organic compounds,Lipids and lipid-like molecules,Prenol lipids,Monoterpenoids
XCYJPXQACVEIOS-UHFFFAOYSA-N,M-Cymene,Cc1cccc(c1)C(C)C,IMPHY000602,,https://cb.imsc.res.in/imppat/phytochemical-detailedpage/IMPHY000602,Organic compounds,Benzenoids,Benzene and substituted derivatives,Cumenes
SCBBUPSCKNUDCO-UHFFFAOYSA-N,"Mentha-1,4,8-triene",CC1=CCC(=CC1)C(=C)C,IMPHY016801,,https://cb.imsc.res.in/imppat/phytochemical-detailedpage/IMPHY016801,Organic compounds,Hydrocarbons,Unsaturated hydrocarbons,Branched unsaturated hydrocarbons
NFLGAXVYCFJBMK-BDAKNGLRSA-N,Menthone,C[C@@H]1CC[C@H](C(=O)C1)C(C)C,IMPHY015004,CHEMBL276311,https://cb.imsc.res.in/imppat/phytochemical-detailedpage/IMPHY015004,Organic compounds,Lipids and lipid-like molecules,Prenol lipids,Monoterpenoids
GVOWHGSUZUUUDR-UHFFFAOYSA-N,Methyl 2-(methylamino)benzoate,COC(=O)c1ccccc1NC,IMPHY007137,CHEMBL1409791,https://cb.imsc.res.in/imppat/phytochemical-detailedpage/IMPHY007137,Organic compounds,Benzenoids,Benzene and substituted derivatives,Benzoic acids and derivatives
ZFLPOPCZMXGUOJ-UHFFFAOYSA-N,Methyl citronellate,COC(=O)CC(CCC=C(C)C)C,IMPHY009852,CHEMBL3185204,https://cb.imsc.res.in/imppat/phytochemical-detailedpage/IMPHY009852,Organic compounds,Lipids and lipid-like molecules,Prenol lipids,Monoterpenoids
YRHYCMZPEVDGFQ-UHFFFAOYSA-N,Methyl decanoate,CCCCCCCCCC(=O)OC,IMPHY007221,CHEMBL2137647,https://cb.imsc.res.in/imppat/phytochemical-detailedpage/IMPHY007221,Organic compounds,Lipids and lipid-like molecules,Fatty acyls,Fatty acid esters
ACOBBFVLNKYODD-CSKARUKUSA-N,Methyl geranate,COC(=O)/C=C(/CCC=C(C)C)C,IMPHY006177,CHEMBL6146974,https://cb.imsc.res.in/imppat/phytochemical-detailedpage/IMPHY006177,Organic compounds,Lipids and lipid-like molecules,Prenol lipids,Monoterpenoids
UFWIBTONFRDIAS-UHFFFAOYSA-N,Naphthalene,c1ccc2c(c1)cccc2,IMPHY009853,CHEMBL16293,https://cb.imsc.res.in/imppat/phytochemical-detailedpage/IMPHY009853,Organic compounds,Benzenoids,Naphthalenes,
DFPMSGMNTNDNHN-ZPHOTFPESA-N,Naringin,OC[C@H]1O[C@@H](Oc2cc(O)c3c(c2)O[C@@H](CC3=O)c2ccc(cc2)O)[C@@H]([C@H]([C@@H]1O)O)O[C@@H]1O[C@@H](C)[C@@H]([C@H]([C@H]1O)O)O,IMPHY000911,CHEMBL451532,https://cb.imsc.res.in/imppat/phytochemical-detailedpage/IMPHY000911,Organic compounds,Phenylpropanoids and polyketides,Flavonoids,Flavonoid glycosides
GLZPCOQZEFWAFX-YFHOEESVSA-N,Nerol,OC/C=C(CCC=C(C)C)/C,IMPHY012654,CHEMBL452683,https://cb.imsc.res.in/imppat/phytochemical-detailedpage/IMPHY012654,Organic compounds,Lipids and lipid-like molecules,Prenol lipids,Monoterpenoids
GJQIMXVRFNLMTB-UHFFFAOYSA-N,Nonyl acetate,CCCCCCCCCOC(=O)C,IMPHY008597,CHEMBL2228457,https://cb.imsc.res.in/imppat/phytochemical-detailedpage/IMPHY008597,Organic compounds,Lipids and lipid-like molecules,Fatty acyls,Fatty alcohol esters
WTOYNNBCKUYIKC-JMSVASOKSA-N,Nootkatone,O=C1C[C@@H](C)[C@]2(C(=C1)CC[C@H](C2)C(=C)C)C,IMPHY009360,CHEMBL446299,https://cb.imsc.res.in/imppat/phytochemical-detailedpage/IMPHY009360,Organic compounds,Lipids and lipid-like molecules,Prenol lipids,Sesquiterpenoids
XYNXVLJULQJJED-UHFFFAOYSA-N,Octadienyl formate,CCCCC=CC=COC=O,IMPHY017713,,https://cb.imsc.res.in/imppat/phytochemical-detailedpage/IMPHY017713,Organic compounds,Organic acids and derivatives,Carboxylic acids and derivatives,Carboxylic acid derivatives
YLYBTZIQSIBWLI-UHFFFAOYSA-N,Octyl acetate,CCCCCCCCOC(=O)C,IMPHY007214,CHEMBL2228456,https://cb.imsc.res.in/imppat/phytochemical-detailedpage/IMPHY007214,Organic compounds,Lipids and lipid-like molecules,Fatty acyls,Fatty alcohol esters
RUMOYJJNUMEFDD-UHFFFAOYSA-N,Perillaldehyde,O=CC1=CCC(CC1)C(=C)C,IMPHY012157,CHEMBL469537,https://cb.imsc.res.in/imppat/phytochemical-detailedpage/IMPHY012157,Organic compounds,Lipids and lipid-like molecules,Prenol lipids,Monoterpenoids
NDTYTMIUWGWIMO-UHFFFAOYSA-N,Perillyl alcohol,OCC1=CCC(CC1)C(=C)C,IMPHY000619,CHEMBL444711,https://cb.imsc.res.in/imppat/phytochemical-detailedpage/IMPHY000619,Organic compounds,Lipids and lipid-like molecules,Prenol lipids,Monoterpenoids
ZCCUUQDIBDJBTK-UHFFFAOYSA-N,Psoralen,O=c1ccc2c(o1)cc1c(c2)cco1,IMPHY006350,CHEMBL164660,https://cb.imsc.res.in/imppat/phytochemical-detailedpage/IMPHY006350,Organic compounds,Phenylpropanoids and polyketides,Coumarins and derivatives,Furanocoumarins
CZCBTSFUTPZVKJ-UHFFFAOYSA-N,Rose oxide,CC1CCOC(C1)C=C(C)C,IMPHY015059,,https://cb.imsc.res.in/imppat/phytochemical-detailedpage/IMPHY015059,Organic compounds,Organoheterocyclic compounds,Oxanes,
QJVXKWHHAMZTBY-GCPOEHJPSA-N,Syringin,OC/C=C/c1cc(OC)c(c(c1)OC)O[C@@H]1O[C@H](CO)[C@H]([C@@H]([C@H]1O)O)O,IMPHY004977,CHEMBL250872,https://cb.imsc.res.in/imppat/phytochemical-detailedpage/IMPHY004977,Organic compounds,Organic oxygen compounds,Organooxygen compounds,Carbohydrates and carbohydrate conjugates
ULSUXBXHSYSGDT-UHFFFAOYSA-N,Tangeretin,COc1ccc(cc1)c1cc(=O)c2c(o1)c(OC)c(c(c2OC)OC)OC,IMPHY007207,CHEMBL73930,https://cb.imsc.res.in/imppat/phytochemical-detailedpage/IMPHY007207,Organic compounds,Phenylpropanoids and polyketides,Flavonoids,O-methylated flavonoids
CMKQOKAXUWQAHG-UHFFFAOYSA-N,Terpinyl propionate,CCC(=O)OC(C1CCC(=CC1)C)(C)C,IMPHY015948,CHEMBL3188389,https://cb.imsc.res.in/imppat/phytochemical-detailedpage/IMPHY015948,Organic compounds,Lipids and lipid-like molecules,Prenol lipids,Monoterpenoids
YTZKOQUCBOVLHL-UHFFFAOYSA-N,Tert-butylbenzene,CC(c1ccccc1)(C)C,IMPHY015497,CHEMBL1797277,https://cb.imsc.res.in/imppat/phytochemical-detailedpage/IMPHY015497,Organic compounds,Benzenoids,Benzene and substituted derivatives,Phenylpropanes
WHOZNOZYMBRCBL-UHFFFAOYSA-N,Tetradec-2-enal,CCCCCCCCCCCC=CC=O,IMPHY015085,,https://cb.imsc.res.in/imppat/phytochemical-detailedpage/IMPHY015085,Organic compounds,Lipids and lipid-like molecules,Fatty acyls,Fatty aldehydes
ORHBXUUXSCNDEV-UHFFFAOYSA-N,Umbelliferone,Oc1ccc2c(c1)oc(=O)cc2,IMPHY005587,CHEMBL51628,https://cb.imsc.res.in/imppat/phytochemical-detailedpage/IMPHY005587,Organic compounds,Phenylpropanoids and polyketides,Coumarins and derivatives,Hydroxycoumarins
KMPQYAYAQWNLME-UHFFFAOYSA-N,Undecanal,CCCCCCCCCCC=O,IMPHY007076,CHEMBL1236576,https://cb.imsc.res.in/imppat/phytochemical-detailedpage/IMPHY007076,Organic compounds,Organic oxygen compounds,Organooxygen compounds,Carbonyl compounds
RSJKGSCJYJTIGS-UHFFFAOYSA-N,Undecane,CCCCCCCCCCC,IMPHY002875,CHEMBL132474,https://cb.imsc.res.in/imppat/phytochemical-detailedpage/IMPHY002875,Organic compounds,Hydrocarbons,Saturated hydrocarbons,Alkanes
ZDPHROOEEOARMN-UHFFFAOYSA-N,Undecanoic acid,CCCCCCCCCCC(=O)O,IMPHY007068,CHEMBL108030,https://cb.imsc.res.in/imppat/phytochemical-detailedpage/IMPHY007068,Organic compounds,Lipids and lipid-like molecules,Fatty acyls,Fatty acids and conjugates
VLXDPFLIRFYIME-MWHZVNNOSA-N,Ylangene,CC(C1CC[C@]2(C3C1C2C(=CC3)C)C)C,IMPHY015118,,https://cb.imsc.res.in/imppat/phytochemical-detailedpage/IMPHY015118,Organic compounds,Lipids and lipid-like molecules,Prenol lipids,Sesquiterpenoids
XCPQUQHBVVXMRQ-UHFFFAOYSA-N,alpha-Fenchene,C=C1CC2C(C1CC2)(C)C,IMPHY003567,,https://cb.imsc.res.in/imppat/phytochemical-detailedpage/IMPHY003567,Organic compounds,Lipids and lipid-like molecules,Prenol lipids,Monoterpenoids
PFSTYGCNVAVZBK-JQGMZEBDSA-N,alpha-Sinensal,C=C/C(=C/C/C=C(/CC/C=C(/C=O)C)C)/C,IMPHY011086,,https://cb.imsc.res.in/imppat/phytochemical-detailedpage/IMPHY011086,Organic compounds,Lipids and lipid-like molecules,Prenol lipids,Sesquiterpenoids
PGBNIHXXFQBCPU-ILXRZTDVSA-N,beta-Santalene,CC(=CCC[C@]1(C)[C@H]2CC[C@@H](C1=C)C2)C,IMPHY011668,,https://cb.imsc.res.in/imppat/phytochemical-detailedpage/IMPHY011668,Organic compounds,Lipids and lipid-like molecules,Prenol lipids,Sesquiterpenoids
NOPLRNXKHZRXHT-YFVJMOTDSA-N,beta-Sinensal,C=CC(=C)CC/C=C(/CC/C=C(/C=O)C)C,IMPHY005609,,https://cb.imsc.res.in/imppat/phytochemical-detailedpage/IMPHY005609,Organic compounds,Lipids and lipid-like molecules,Prenol lipids,Sesquiterpenoids
YMBFCQPIMVLNIU-GRKKQISMSA-N,cis-alpha-Bergamotene,CC(=CCCC1(C)[C@@H]2CC=C([C@H]1C2)C)C,IMPHY014863,,https://cb.imsc.res.in/imppat/phytochemical-detailedpage/IMPHY014863,Organic compounds,Lipids and lipid-like molecules,Prenol lipids,Monoterpenoids
NNRLDGQZIVUQTE-UHFFFAOYSA-N,gamma-Terpineol,CC(=C1CCC(CC1)(C)O)C,IMPHY001816,,https://cb.imsc.res.in/imppat/phytochemical-detailedpage/IMPHY001816,Organic compounds,Lipids and lipid-like molecules,Prenol lipids,Monoterpenoids
XNMPFDIYAMOYRM-UHFFFAOYSA-N,"p-Mentha-1,3,8-triene",CC1=CC=C(CC1)C(=C)C,IMPHY011004,,https://cb.imsc.res.in/imppat/phytochemical-detailedpage/IMPHY011004,Organic compounds,Lipids and lipid-like molecules,Prenol lipids,Monoterpenoids
AJSJXSBFZDIRIS-UHFFFAOYSA-N,"p-Mentha-3,8-diene",CC1CCC(=CC1)C(=C)C,IMPHY009872,,https://cb.imsc.res.in/imppat/phytochemical-detailedpage/IMPHY009872,Organic compounds,Lipids and lipid-like molecules,Prenol lipids,Monoterpenoids
YCAQPZXDWPHYBD-UHFFFAOYSA-N,trans-3-Caren-2-ol,CC1=CCC2C(C1O)C2(C)C,IMPHY012623,,https://cb.imsc.res.in/imppat/phytochemical-detailedpage/IMPHY012623,Organic compounds,Lipids and lipid-like molecules,Prenol lipids,Monoterpenoids
NPFVOOAXDOBMCE-SNAWJCMRSA-N,trans-3-Hexenyl acetate,CC/C=C/CCOC(=O)C,IMPHY011687,,https://cb.imsc.res.in/imppat/phytochemical-detailedpage/IMPHY011687,Organic compounds,Organic acids and derivatives,Carboxylic acids and derivatives,Carboxylic acid derivatives
BRHDDEIRQPDPMG-WCBMZHEXSA-N,trans-Linalool oxide,C=C[C@]1(C)CC[C@H](O1)C(O)(C)C,IMPHY014989,CHEMBL2252947,https://cb.imsc.res.in/imppat/phytochemical-detailedpage/IMPHY014989,Organic compounds,Organoheterocyclic compounds,Tetrahydrofurans,
MYCFGFMJUUNKBN-RAMGSTBQSA-N,trans-Sabinene hydrate acetate,CC(=O)O[C@@]1(C)CC[C@@]2(C1C2)C(C)C,IMPHY011354,,https://cb.imsc.res.in/imppat/phytochemical-detailedpage/IMPHY011354,Organic compounds,Lipids and lipid-like molecules,Prenol lipids,Monoterpenoids
IRDFGGRWKUKANK-WUCCLRPBSA-N,trans-Sesquisabinene hydrate,CC(=CCCC([C@]12CC[C@](C2C1)(C)O)C)C,IMPHY012907,,https://cb.imsc.res.in/imppat/phytochemical-detailedpage/IMPHY012907,Organic compounds,Lipids and lipid-like molecules,Prenol lipids,Sesquiterpenoids
OUXAABAEPHHZPC-UHFFFAOYSA-N,"2,10-Epoxypinane",CC1(C)C2CCC3(C1C2)CO3,IMPHY009764,,https://cb.imsc.res.in/imppat/phytochemical-detailedpage/IMPHY009764,Organic compounds,Lipids and lipid-like molecules,Prenol lipids,Monoterpenoids
BRHDDEIRQPDPMG-WPRPVWTQSA-N,"2-Furanmethanol, 5-ethenyltetrahydro-alpha,alpha,5-trimethyl-, cis-",C=C[C@@]1(C)CC[C@H](O1)C(O)(C)C,IMPHY012920,,https://cb.imsc.res.in/imppat/phytochemical-detailedpage/IMPHY012920,Organic compounds,Organoheterocyclic compounds,Oxolanes,
CIPXOBMYVWRNLL-UHFFFAOYSA-N,Isoterpinolene,CC1CCC(=C(C)C)C=C1,IMPHY009871,,https://cb.imsc.res.in/imppat/phytochemical-detailedpage/IMPHY009871,Organic compounds,Lipids and lipid-like molecules,Prenol lipids,Monoterpenoids
FQMZVFJYMPNUCT-XFFZJAGNSA-N,Neryl formate,O=COC/C=C(CCC=C(C)C)/C,IMPHY004150,,https://cb.imsc.res.in/imppat/phytochemical-detailedpage/IMPHY004150,Organic compounds,Lipids and lipid-like molecules,Fatty acyls,Fatty alcohol esters
WWRCMNKATXZARA-UHFFFAOYSA-N,O-Cymene,CC(c1ccccc1C)C,IMPHY000545,,https://cb.imsc.res.in/imppat/phytochemical-detailedpage/IMPHY000545,Organic compounds,Benzenoids,Benzene and substituted derivatives,Cumenes
KXSDPILWMGFJMM-UHFFFAOYSA-N,Sabinene hydrate,CC(C12CCC(C2C1)(C)O)C,IMPHY012205,CHEMBL5305985,https://cb.imsc.res.in/imppat/phytochemical-detailedpage/IMPHY012205,Organic compounds,Lipids and lipid-like molecules,Prenol lipids,Monoterpenoids
QOTBQNVNUBKJMS-UHFFFAOYSA-N,Xanthyletin,CC1(C)C=Cc2c(O1)cc1c(c2)ccc(=O)o1,IMPHY006654,CHEMBL303846,https://cb.imsc.res.in/imppat/phytochemical-detailedpage/IMPHY006654,Organic compounds,Phenylpropanoids and polyketides,Coumarins and derivatives,Pyranocoumarins
OZOFRBKHLATMMU-MKBHYRRPSA-N,"3-[(1R,2R,5R,6R,7R,10S,11S,14S)-11-(furan-3-yl)-5-(2-hydroxypropan-2-yl)-2,6,10-trimethyl-3,13-dioxo-12,15-dioxatetracyclo[8.5.0.01,14.02,7]pentadecan-6-yl]-3-hydroxypropanoic acid",OC(=O)CC([C@@]1(C)[C@@H](CC(=O)[C@@]2([C@@H]1CC[C@@]1([C@]32O[C@@H]3C(=O)O[C@H]1c1ccoc1)C)C)C(O)(C)C)O,IMPHY010588,,https://cb.imsc.res.in/imppat/phytochemical-detailedpage/IMPHY010588,Organic compounds,Lipids and lipid-like molecules,Steroids and steroid derivatives,Steroid lactones
HWAJASVMTDEFJN-UHFFFAOYSA-N,Deacetylnomilin,O=C1CC(O)C2(C(C(O1)(C)C)CC(=O)C1(C2CCC2(C31OC3C(=O)OC2c1ccoc1)C)C)C,IMPHY013121,,https://cb.imsc.res.in/imppat/phytochemical-detailedpage/IMPHY013121,Organic compounds,Lipids and lipid-like molecules,Prenol lipids,Triterpenoids
QANMHLXAZMSUEX-UHFFFAOYSA-N,Kinetin,c1coc(c1)CNc1ncnc2c1[nH]cn2,IMPHY003289,CHEMBL228792,https://cb.imsc.res.in/imppat/phytochemical-detailedpage/IMPHY003289,Organic compounds,Organoheterocyclic compounds,Imidazopyrimidines,Purines and purine derivatives
KBDSLGBFQAGHBE-MSGMIQHVSA-N,Limonin,O=C1OC[C@]23[C@H](C1)OC([C@@H]2CC(=O)[C@@]1([C@@H]3CC[C@@]2([C@]31O[C@@H]3C(=O)O[C@H]2c1cocc1)C)C)(C)C,IMPHY003373,CHEMBL517449,https://cb.imsc.res.in/imppat/phytochemical-detailedpage/IMPHY003373,Organic compounds,Lipids and lipid-like molecules,Prenol lipids,Triterpenoids
FYIKIBQJAJRKQM-WNCNYDOCSA-N,Limonin 17-beta-D-glucopyranoside,OC[C@H]1O[C@@H](O[C@H]([C@]2(C)CC[C@H]3[C@@]([C@@]42O[C@@H]4C(=O)O)(C)C(=O)C[C@@H]2[C@]43COC(=O)C[C@@H]4OC2(C)C)c2cocc2)[C@@H]([C@H]([C@@H]1O)O)O,IMPHY013349,,https://cb.imsc.res.in/imppat/phytochemical-detailedpage/IMPHY013349,Organic compounds,Lipids and lipid-like molecules,Prenol lipids,Triterpenoids
KPDOJFFZKAUIOE-WNGDLQANSA-N,Nomilin,CC(=O)O[C@H]1CC(=O)OC([C@H]2[C@@]1(C)[C@H]1CC[C@@]3([C@]4([C@@]1(C(=O)C2)C)O[C@@H]4C(=O)O[C@H]3c1ccoc1)C)(C)C,IMPHY006687,CHEMBL4740267,https://cb.imsc.res.in/imppat/phytochemical-detailedpage/IMPHY006687,Organic compounds,Lipids and lipid-like molecules,Prenol lipids,Triterpenoids
MAYJEFRPIKEYBL-OASIGRBWSA-N,Obacunone,O=C1C=C[C@]2([C@H](C(O1)(C)C)CC(=O)[C@@]1([C@@H]2CC[C@@]2([C@]31O[C@@H]3C(=O)O[C@H]2c1ccoc1)C)C)C,IMPHY001934,CHEMBL404140,https://cb.imsc.res.in/imppat/phytochemical-detailedpage/IMPHY001934,Organic compounds,Lipids and lipid-like molecules,Prenol lipids,Triterpenoids
YLRXAIKMLINXQY-ZDUSSCGKSA-O,Magnoflorine,COc1ccc2c(-c3c(O)c(OC)cc4c3[C@H](C2)[N+](C)(C)CC4)c1O,IMPHY008905,CHEMBL235428,https://cb.imsc.res.in/imppat/phytochemical-detailedpage/IMPHY008905,Organic compounds,Alkaloids and derivatives,Aporphines,
JLUQTCXCAFSSLD-UHFFFAOYSA-N,Anemonin,O=C1C=CC2(O1)CCC12C=CC(=O)O1,IMPHY000163,CHEMBL1972777,https://cb.imsc.res.in/imppat/phytochemical-detailedpage/IMPHY000163,Organic compounds,Organoheterocyclic compounds,Dihydrofurans,Furanones
RNYZJZKPGHQTJR-UHFFFAOYSA-N,Protoanemonin,C=C1C=CC(=O)O1,IMPHY007261,,https://cb.imsc.res.in/imppat/phytochemical-detailedpage/IMPHY007261,Organic compounds,Organoheterocyclic compounds,Dihydrofurans,Furanones
SHAHCGJNHYXFLV-UHFFFAOYSA-N,Cleomeolide,O=C1OC2(C)CCC=C1CCC1(C)C(C)CCC(CC2O)C1=C,IMPHY003539,,https://cb.imsc.res.in/imppat/phytochemical-detailedpage/IMPHY003539,Organic compounds,Organic acids and derivatives,Carboxylic acids and derivatives,Carboxylic acid derivatives
FGOHVEYPHSAVIG-UHFFFAOYSA-N,Kaempferide 3-glucuronide,COc1ccc(cc1)c1oc2cc(O)cc(c2c(=O)c1OC1OC(C(=O)O)C(C(C1O)O)O)O,IMPHY013438,,https://cb.imsc.res.in/imppat/phytochemical-detailedpage/IMPHY013438,Organic compounds,Phenylpropanoids and polyketides,Flavonoids,Flavonoid glycosides
XGADTAYOFHOFIW-NVXWUHKLSA-N,"(2R,3R)-2-(4-hydroxy-3-methoxyphenyl)-3-(hydroxymethyl)-5-methoxy-2,3-dihydropyrano[3,2-h][1,4]benzodioxin-9-one",OC[C@H]1Oc2c(OC)cc3c(c2O[C@@H]1c1ccc(c(c1)OC)O)oc(=O)cc3,IMPHY011405,,https://cb.imsc.res.in/imppat/phytochemical-detailedpage/IMPHY011405,Organic compounds,"Lignans, neolignans and related compounds",Coumarinolignans,
IXSZNNRKGDOXQI-YJBOKZPZSA-N,Clemiscosin D,OC[C@@H]1Oc2c(OC)cc3c(c2O[C@H]1c1cc(OC)c(c(c1)OC)O)oc(=O)cc3,IMPHY010835,CHEMBL256915,https://cb.imsc.res.in/imppat/phytochemical-detailedpage/IMPHY010835,Organic compounds,"Lignans, neolignans and related compounds",Coumarinolignans,
OCBGWPJNUZMLCA-NVXWUHKLSA-N,Cleomiscosin A,OC[C@H]1Oc2c(O[C@@H]1c1ccc(c(c1)OC)O)c(OC)cc1c2oc(=O)cc1,IMPHY011335,CHEMBL510091,https://cb.imsc.res.in/imppat/phytochemical-detailedpage/IMPHY011335,Organic compounds,"Lignans, neolignans and related compounds",Coumarinolignans,
GZXPCBAETDEQAX-CRAIPNDOSA-N,Cleomiscosin C,OC[C@H]1Oc2c(O[C@@H]1c1cc(OC)c(c(c1)OC)O)c(OC)cc1c2oc(=O)cc1,IMPHY004124,CHEMBL465491,https://cb.imsc.res.in/imppat/phytochemical-detailedpage/IMPHY004124,Organic compounds,"Lignans, neolignans and related compounds",Coumarinolignans,
QYEWAEAWMXRMHB-YFTUCIGFSA-N,Viscosin,CCCCCCC[C@H](CC(=O)N[C@H](C(=O)N[C@@H](C(=O)N[C@@H]1[C@@H](C)OC(=O)[C@@H](NC(=O)[C@@H](CO)NC(=O)[C@H](CC(C)C)NC(=O)[C@H](NC(=O)[C@@H](NC(=O)[C@H](NC1=O)C(C)C)CC(C)C)CO)[C@H](CC)C)CCC(=O)O)CC(C)C)O,IMPHY006064,CHEMBL4059769,https://cb.imsc.res.in/imppat/phytochemical-detailedpage/IMPHY006064,Organic compounds,Organic acids and derivatives,Peptidomimetics,Depsipeptides
QQGLQYQXUKHWPX-XNTDXEJSSA-N,"{[(E)-(2-phenyl-1-{[3,4,5-trihydroxy-6-(hydroxymethyl)oxan-2-yl]sulfanyl}ethylidene)amino]oxy}sulfonic acid",OCC1OC(S/C(=N/OS(=O)(=O)O)/Cc2ccccc2)C(C(C1O)O)O,IMPHY011475,,https://cb.imsc.res.in/imppat/phytochemical-detailedpage/IMPHY011475,Organic compounds,Organic oxygen compounds,Organooxygen compounds,Carbohydrates and carbohydrate conjugates
GYFSYEVKFOOLFZ-UHFFFAOYSA-N,Berberrubine chloride,COc1ccc2c(c1O)c[n+]1c(-c3cc4OCOc4cc3CC1)c2.[Cl-],IMPHY006050,CHEMBL1223099,https://cb.imsc.res.in/imppat/phytochemical-detailedpage/IMPHY006050,Organic compounds,Alkaloids and derivatives,Protoberberine alkaloids and derivatives,
YYFOFDHQVIODOQ-UHFFFAOYSA-O,Columbamine,COc1cc2CC[n+]3c(-c2cc1O)cc1c(c3)c(OC)c(cc1)OC,IMPHY006685,CHEMBL400345,https://cb.imsc.res.in/imppat/phytochemical-detailedpage/IMPHY006685,Organic compounds,Alkaloids and derivatives,Protoberberine alkaloids and derivatives,
MXTLAHSTUOXGQF-UHFFFAOYSA-O,Jatrorrhizine,COc1cc2-c3cc4ccc(c(c4c[n+]3CCc2cc1O)OC)OC,IMPHY007190,CHEMBL251055,https://cb.imsc.res.in/imppat/phytochemical-detailedpage/IMPHY007190,Organic compounds,Alkaloids and derivatives,Protoberberine alkaloids and derivatives,
VSOJKDUWYQCWFM-UHFFFAOYSA-N,Noroxyhydrastinine,O=C1NCCc2c1cc1OCOc1c2,IMPHY007292,CHEMBL449731,https://cb.imsc.res.in/imppat/phytochemical-detailedpage/IMPHY007292,Organic compounds,Organoheterocyclic compounds,Isoquinolines and derivatives,Isoquinolones and derivatives
ZHYQCBCBTQWPLC-UHFFFAOYSA-N,Oxyberberine,COc1c(OC)ccc2c1c(=O)n1c(-c3cc4OCOc4cc3CC1)c2,IMPHY000342,CHEMBL11531,https://cb.imsc.res.in/imppat/phytochemical-detailedpage/IMPHY000342,Organic compounds,Organoheterocyclic compounds,Isoquinolines and derivatives,Isoquinolones and derivatives
QUCQEUCGKKTEBI-UHFFFAOYSA-N,Palmatine,COc1cc2CC[n+]3c(-c2cc1OC)cc1c(c3)c(OC)c(cc1)OC,IMPHY005330,CHEMBL206106,https://cb.imsc.res.in/imppat/phytochemical-detailedpage/IMPHY005330,Organic compounds,Alkaloids and derivatives,Protoberberine alkaloids and derivatives,
OEGWOBMNQDATKP-UHFFFAOYSA-O,Thalifendine,COc1c(O)ccc2c1c[n+]1CCc3c(-c1c2)cc1c(c3)OCO1,IMPHY003135,CHEMBL1187148,https://cb.imsc.res.in/imppat/phytochemical-detailedpage/IMPHY003135,Organic compounds,Alkaloids and derivatives,Protoberberine alkaloids and derivatives,
GKJXQIXFMHLUCW-UHFFFAOYSA-N,(-)-8-Oxocanadine,O=C1N2CCc3c(C2Cc2c1c(O)c(cc2)O)cc1c(c3)OCO1,IMPHY014496,,https://cb.imsc.res.in/imppat/phytochemical-detailedpage/IMPHY014496,Organic compounds,Alkaloids and derivatives,Protoberberine alkaloids and derivatives,
MZIUUCTTWZPXOV-UHFFFAOYSA-N,8-Oxypalmatine,COc1cc2CCn3c(-c2cc1OC)cc1c(c3=O)c(OC)c(cc1)OC,IMPHY000297,CHEMBL3950972,https://cb.imsc.res.in/imppat/phytochemical-detailedpage/IMPHY000297,Organic compounds,Organoheterocyclic compounds,Isoquinolines and derivatives,Isoquinolones and derivatives
VZTUIEROBZXUFA-UHFFFAOYSA-N,Canadine,COc1c(OC)ccc2c1CN1CCc3c(C1C2)cc1c(c3)OCO1,IMPHY012187,CHEMBL275097,https://cb.imsc.res.in/imppat/phytochemical-detailedpage/IMPHY012187,Organic compounds,Alkaloids and derivatives,Protoberberine alkaloids and derivatives,
IUJAMGNYPWYUPM-UHFFFAOYSA-N,Hentriacontane,CCCCCCCCCCCCCCCCCCCCCCCCCCCCCCC,IMPHY008910,CHEMBL257490,https://cb.imsc.res.in/imppat/phytochemical-detailedpage/IMPHY008910,Organic compounds,Hydrocarbons,Saturated hydrocarbons,Alkanes
NPJICTMALKLTFW-NEOYQNEMSA-N,stigmast-5-en-3beta-yl beta-D-glucopyranoside,CC[C@@H](C(C)C)CC[C@H]([C@H]1CC[C@@H]2[C@]1(C)CC[C@H]1[C@H]2CC=C2[C@]1(C)CC[C@@H](C2)O[C@@H]1OC(CO)[C@H](C(C1O)O)O)C,IMPHY015071,,https://cb.imsc.res.in/imppat/phytochemical-detailedpage/IMPHY015071,Organic compounds,Lipids and lipid-like molecules,Steroids and steroid derivatives,Stigmastanes and derivatives
YABASAWVVRQMEU-YBXTVTTCSA-N,Cycloartanol,CC(CCC[C@H]([C@H]1CC[C@@]2([C@]1(C)CC[C@@]13[C@H]2CC[C@@H]2[C@]3(C1)CC[C@@H](C2(C)C)O)C)C)C,IMPHY003952,CHEMBL225763,https://cb.imsc.res.in/imppat/phytochemical-detailedpage/IMPHY003952,Organic compounds,Lipids and lipid-like molecules,Steroids and steroid derivatives,Cycloartanols and derivatives
BJQWYEJQWHSSCJ-UHFFFAOYSA-N,Heptacosane,CCCCCCCCCCCCCCCCCCCCCCCCCCC,IMPHY001896,,https://cb.imsc.res.in/imppat/phytochemical-detailedpage/IMPHY001896,Organic compounds,Hydrocarbons,Saturated hydrocarbons,Alkanes
MCSMMGJCXCBSKD-XCHVDQMNSA-N,Isomultiflorenol,O[C@H]1CC[C@]2([C@H](C1(C)C)CCC1=C2CC[C@@]2([C@]1(C)CC[C@@]1([C@H]2CC(C)(C)CC1)C)C)C,IMPHY001953,,https://cb.imsc.res.in/imppat/phytochemical-detailedpage/IMPHY001953,Organic compounds,Organic oxygen compounds,Organooxygen compounds,Alcohols and polyols
SUJUOAZFECLBOA-UHFFFAOYSA-N,Tritriacontane,CCCCCCCCCCCCCCCCCCCCCCCCCCCCCCCCC,IMPHY009483,,https://cb.imsc.res.in/imppat/phytochemical-detailedpage/IMPHY009483,Organic compounds,Hydrocarbons,Saturated hydrocarbons,Alkanes
ZXEPHOYZDSLBJV-CQOAVJQGSA-N,(all-E)-6'-Apo-y-caroten-6'-al,O=C/C=C/C(=C/C=C/C(=C/C=C/C=C(/C=C/C=C(/C=C/C=C(/CCC=C(C)C)C)C)C)/C)/C,IMPHY008915,,https://cb.imsc.res.in/imppat/phytochemical-detailedpage/IMPHY008915,Organic compounds,Lipids and lipid-like molecules,Prenol lipids,Triterpenoids
IXQKXEUSCPEQRD-DKRGWESNSA-N,Cucurbitacin B,CC(=O)OC(/C=C/C(=O)[C@@]([C@H]1[C@H](O)C[C@@]2([C@]1(C)CC(=O)[C@@]1([C@H]2CC=C2[C@H]1C[C@H](O)C(=O)C2(C)C)C)C)(O)C)(C)C,IMPHY011913,CHEMBL508185,https://cb.imsc.res.in/imppat/phytochemical-detailedpage/IMPHY011913,Organic compounds,Lipids and lipid-like molecules,Steroids and steroid derivatives,Cucurbitacins
OAIJSZIZWZSQBC-GYZMGTAESA-N,Lycopene,C/C(=CC=CC=C(C=CC=C(C=CC=C(CCC=C(C)C)/C)/C)/C)/C=C/C=C(/C=C/C=C(/CCC=C(C)C)C)C,IMPHY012567,CHEMBL501174,https://cb.imsc.res.in/imppat/phytochemical-detailedpage/IMPHY012567,Organic compounds,Lipids and lipid-like molecules,Prenol lipids,Tetraterpenoids
JWANJDUXWSJWER-XOLJFFFDSA-N,Stigmast-7-en-3-one,CC[C@@H](C(C)C)CC[C@H]([C@H]1CC[C@@H]2[C@]1(C)CC[C@H]1C2=CCC2[C@]1(C)CCC(=O)C2)C,IMPHY005823,,https://cb.imsc.res.in/imppat/phytochemical-detailedpage/IMPHY005823,Organic compounds,Lipids and lipid-like molecules,Steroids and steroid derivatives,Stigmastanes and derivatives
DBGTUWALVWZRLX-XQWCSVHFSA-N,"24-Ethylcholesta-7,22-dienol",CCC(C(CO)C)C=C[C@H]([C@H]1CC[C@@H]2[C@]1(C)CC[C@H]1C2=CCC2[C@]1(C)CCCC2)C,IMPHY009542,,https://cb.imsc.res.in/imppat/phytochemical-detailedpage/IMPHY009542,Organic compounds,Lipids and lipid-like molecules,Steroids and steroid derivatives,Stigmastanes and derivatives
VLWMWRUVVUBMRS-VIAXKJMFSA-N,"24-Methylcholesta-5,22-dienol",OCC(C(C=C[C@H]([C@H]1CC[C@@H]2[C@]1(C)CC[C@H]1[C@H]2CC=C2[C@]1(C)CCCC2)C)C)C,IMPHY014634,,https://cb.imsc.res.in/imppat/phytochemical-detailedpage/IMPHY014634,Organic compounds,Lipids and lipid-like molecules,Steroids and steroid derivatives,Ergostane steroids
AVSXSVCZWQODGV-DPAQBDIFSA-N,Desmosterol,O[C@H]1CC[C@]2(C(=CC[C@@H]3[C@@H]2CC[C@]2([C@H]3CC[C@@H]2[C@@H](CCC=C(C)C)C)C)C1)C,IMPHY003448,CHEMBL455876,https://cb.imsc.res.in/imppat/phytochemical-detailedpage/IMPHY003448,Organic compounds,Lipids and lipid-like molecules,Steroids and steroid derivatives,Cholestane steroids
OSELKOCHBMDKEJ-WGMIZEQOSA-N,Fucosterol,C/C=C(C(C)C)/CC[C@H]([C@H]1CC[C@@H]2[C@]1(C)CC[C@H]1[C@H]2CC=C2[C@]1(C)CC[C@@H](C2)O)C,IMPHY011613,CHEMBL1836654,https://cb.imsc.res.in/imppat/phytochemical-detailedpage/IMPHY011613,Organic compounds,Lipids and lipid-like molecules,Steroids and steroid derivatives,Stigmastanes and derivatives
IXQKXEUSCPEQRD-LTWLCXHNSA-N,"[(E,6R)-6-[(2S,9R,13R,16R,17R)-2,16-dihydroxy-4,4,9,13,14-pentamethyl-3,11-dioxo-2,7,8,10,12,15,16,17-octahydro-1H-cyclopenta[a]phenanthren-17-yl]-6-hydroxy-2-methyl-5-oxohept-3-en-2-yl] acetate",CC(=O)OC(/C=C/C(=O)[C@@]([C@H]1[C@H](O)CC2([C@]1(C)CC(=O)[C@@]1(C2CC=C2C1C[C@H](O)C(=O)C2(C)C)C)C)(O)C)(C)C,IMPHY014886,,https://cb.imsc.res.in/imppat/phytochemical-detailedpage/IMPHY014886,Organic compounds,Lipids and lipid-like molecules,Steroids and steroid derivatives,Cucurbitacins
MCWVPSBQQXUCTB-OQTIOYDCSA-N,delta7-Avenasterol,C/C=C(C(C)C)/CC[C@H]([C@H]1CC[C@@H]2[C@]1(C)CC[C@H]1C2=CC[C@@H]2[C@]1(C)CC[C@@H](C2)O)C,IMPHY011545,,https://cb.imsc.res.in/imppat/phytochemical-detailedpage/IMPHY011545,Organic compounds,Lipids and lipid-like molecules,Steroids and steroid derivatives,Stigmastanes and derivatives
XJLZCPIILZRCPS-ANMPWZFDSA-N,Eburicol,CC(C(=C)CC[C@H]([C@H]1CC[C@@]2([C@]1(C)CCC1=C2CC[C@@H]2[C@]1(C)CC[C@@H](C2(C)C)O)C)C)C,IMPHY011756,CHEMBL1644796,https://cb.imsc.res.in/imppat/phytochemical-detailedpage/IMPHY011756,Organic compounds,Lipids and lipid-like molecules,Prenol lipids,Triterpenoids
CAHGCLMLTWQZNJ-WZLOIPHISA-N,Euphol,CC(=CCC[C@H]([C@@H]1CC[C@]2([C@@]1(C)CCC1=C2CC[C@@H]2[C@]1(C)CC[C@@H](C2(C)C)O)C)C)C,IMPHY011853,CHEMBL465181,https://cb.imsc.res.in/imppat/phytochemical-detailedpage/IMPHY011853,Organic compounds,Lipids and lipid-like molecules,Prenol lipids,Triterpenoids
ZDFUASMRJUVZJP-GIIHIBIBSA-N,Multiflorenol,O[C@H]1CC[C@]2([C@H](C1(C)C)CC=C1[C@@H]2CC[C@@]2([C@]1(C)CC[C@@]1([C@H]2CC(C)(C)CC1)C)C)C,IMPHY009342,,https://cb.imsc.res.in/imppat/phytochemical-detailedpage/IMPHY009342,Organic compounds,Lipids and lipid-like molecules,Prenol lipids,Triterpenoids
CAHGCLMLTWQZNJ-HGKXYCPESA-N,Tirucallol,CC(=CCC[C@@H]([C@@H]1CC[C@]2([C@@]1(C)CCC1=C2CC[C@@H]2[C@]1(C)CC[C@@H](C2(C)C)O)C)C)C,IMPHY011855,,https://cb.imsc.res.in/imppat/phytochemical-detailedpage/IMPHY011855,Organic compounds,Lipids and lipid-like molecules,Prenol lipids,Triterpenoids
WQZGKKKJIJFFOK-VFUOTHLCSA-N,beta-D-Glucose,OC[C@H]1O[C@@H](O)[C@@H]([C@H]([C@@H]1O)O)O,IMPHY014925,CHEMBL1614854,https://cb.imsc.res.in/imppat/phytochemical-detailedpage/IMPHY014925,Organic compounds,Organic oxygen compounds,Organooxygen compounds,Carbohydrates and carbohydrate conjugates
QAHZAHIPKNLGAS-KZRPXEQKSA-N,"(3alpha,11S)-1,2-Didehydro-3,7-dimethoxycrinan-11-ol",CO[C@H]1C=C[C@@]23[C@@H](C1)N(Cc1c3cc3OCOc3c1OC)C[C@@H]2O,IMPHY010066,CHEMBL1173110,https://cb.imsc.res.in/imppat/phytochemical-detailedpage/IMPHY010066,Organic compounds,Alkaloids and derivatives,Amaryllidaceae alkaloids,Crinine- and haemanthamine-type amaryllidaceae alkaloids
IYGOTFHCAGRISA-UHFFFAOYSA-N,Criasbetaine,COc1cc2c(cc1OC)c[n+]1c3c2cc([O-])cc3CC1,IMPHY009894,,https://cb.imsc.res.in/imppat/phytochemical-detailedpage/IMPHY009894,Organic compounds,Organoheterocyclic compounds,Quinolines and derivatives,Benzoquinolines
YGPRSGKVLATIHT-SPOWBLRKSA-N,Crinamin,CO[C@H]1C=C[C@]23[C@H](C1)N(C[C@@H]2O)Cc1c3cc2OCOc2c1,IMPHY003988,CHEMBL516991,https://cb.imsc.res.in/imppat/phytochemical-detailedpage/IMPHY003988,Organic compounds,Alkaloids and derivatives,Amaryllidaceae alkaloids,Crinine- and haemanthamine-type amaryllidaceae alkaloids
NVOXRHIABFKYOT-UHFFFAOYSA-N,Crinasiadine,O=c1[nH]c2ccccc2c2c1cc1OCOc1c2,IMPHY004848,,https://cb.imsc.res.in/imppat/phytochemical-detailedpage/IMPHY004848,Organic compounds,Alkaloids and derivatives,Amaryllidaceae alkaloids,Phenanthridine- and phenanthridone-type amaryllidaceae alkaloids
XFYYJHYSDXQMAE-UHFFFAOYSA-N,Crinasiatine,Oc1ccc(cc1)CC1COc2c(O1)cc1c(c2)c2ccccc2[nH]c1=O,IMPHY004849,,https://cb.imsc.res.in/imppat/phytochemical-detailedpage/IMPHY004849,Organic compounds,Organoheterocyclic compounds,Quinolines and derivatives,Benzoquinolines
XGVJWXAYKUHDOO-DANNLKNASA-N,Lycorine,O[C@H]1C=C2CCN3[C@H]2[C@@H]([C@@H]1O)c1cc2OCOc2cc1C3,IMPHY003832,CHEMBL400092,https://cb.imsc.res.in/imppat/phytochemical-detailedpage/IMPHY003832,Organic compounds,Alkaloids and derivatives,Amaryllidaceae alkaloids,Lycorine-type amaryllidaceae alkaloids
DFQOXFIPAAMFAU-UHFFFAOYSA-O,Ungeremine,Oc1cc2CC[n+]3c2c(c1)c1cc2OCOc2cc1c3,IMPHY001614,CHEMBL253553,https://cb.imsc.res.in/imppat/phytochemical-detailedpage/IMPHY001614,Organic compounds,Organoheterocyclic compounds,Quinolines and derivatives,Benzoquinolines
ALECKIMNHVMLRG-YQNLORQQSA-N,"[(2R,3S,4S,5R,6R)-3,4,5-trihydroxy-6-[[(1S,17S,18S,19S)-17-hydroxy-5,7-dioxa-12-azapentacyclo[10.6.1.02,10.04,8.015,19]nonadeca-2,4(8),9,15-tetraen-18-yl]oxy]oxan-2-yl]methyl hexadecanoate",CCCCCCCCCCCCCCCC(=O)OC[C@H]1O[C@@H](O[C@@H]2[C@@H](O)C=C3[C@@H]4[C@@H]2c2cc5OCOc5cc2CN4CC3)[C@@H]([C@H]([C@@H]1O)O)O,IMPHY010521,,https://cb.imsc.res.in/imppat/phytochemical-detailedpage/IMPHY010521,Organic compounds,Alkaloids and derivatives,Amaryllidaceae alkaloids,Lycorine-type amaryllidaceae alkaloids
KWAOMPWGIIXDPH-MVWHLILJSA-N,Hamayne,O[C@H]1C=C[C@]23[C@H](C1)N(C[C@@H]2O)Cc1c3cc2OCOc2c1,IMPHY001270,CHEMBL3916492,https://cb.imsc.res.in/imppat/phytochemical-detailedpage/IMPHY001270,Organic compounds,Alkaloids and derivatives,Amaryllidaceae alkaloids,Crinine- and haemanthamine-type amaryllidaceae alkaloids
FYXDMSFPWCORTF-UWOSJZGMSA-N,Daturataturin A,OC[C@H]1O[C@@H](OCC2=C(C)C[C@@H](OC2=O)[C@H]([C@H]2CC[C@@H]3[C@]2(C)CC[C@H]2[C@H]3[C@H](O)C=C3[C@]2(C)C(=O)C=CC3)C)[C@@H]([C@H]([C@@H]1O)O)O,IMPHY002897,,https://cb.imsc.res.in/imppat/phytochemical-detailedpage/IMPHY002897,Organic compounds,Lipids and lipid-like molecules,Steroids and steroid derivatives,Steroid lactones
SLSIBLKBHNKZTB-UHFFFAOYSA-N,Skimmianine,COc1ccc2c(c1OC)nc1c(c2OC)cco1,IMPHY007265,CHEMBL21396,https://cb.imsc.res.in/imppat/phytochemical-detailedpage/IMPHY007265,Organic compounds,Organoheterocyclic compounds,Quinolines and derivatives,Furanoquinolines
ZEBIACKKLGVLFZ-TXEJJXNPSA-N,Cuscohygrine,O=C(C[C@@H]1CCCN1C)C[C@H]1CCCN1C,IMPHY012663,,https://cb.imsc.res.in/imppat/phytochemical-detailedpage/IMPHY012663,Organic compounds,Alkaloids and derivatives,,
RKUNBYITZUJHSG-VFSICIBPSA-N,Hyoscyamine,OC[C@H](c1ccccc1)C(=O)OC1C[C@@H]2CC[C@H](C1)N2C,IMPHY012357,CHEMBL2449003,https://cb.imsc.res.in/imppat/phytochemical-detailedpage/IMPHY012357,Organic compounds,Alkaloids and derivatives,Tropane alkaloids,
CYHOMWAPJJPNMW-DHBOJHSNSA-N,Tropine,OC1C[C@@H]2CC[C@H](C1)N2C,IMPHY010143,CHEMBL1356617,https://cb.imsc.res.in/imppat/phytochemical-detailedpage/IMPHY010143,Organic compounds,Alkaloids and derivatives,Tropane alkaloids,
UZLXIIADBIXQHY-JNUSPZCGSA-N,"(1S,2S,4S,5R,10R,11S,13S,14R,15R,18S)-15-[(1S)-1-[(1S,4R,6S)-1,6-dimethyl-2-oxo-3,7-dioxabicyclo[4.1.0]heptan-4-yl]ethyl]-5,13-dihydroxy-10,14-dimethyl-3-oxapentacyclo[9.7.0.02,4.05,10.014,18]octadec-",C[C@@H]([C@H]1CC[C@@H]2[C@]1(C)[C@@H](O)C[C@H]1[C@H]2[C@@H]2O[C@@H]2[C@@]2([C@]1(C)C(=O)C=CC2)O)[C@@H]1OC(=O)[C@@]2([C@@](C1)(C)O2)C,IMPHY010419,,https://cb.imsc.res.in/imppat/phytochemical-detailedpage/IMPHY010419,Organic compounds,Lipids and lipid-like molecules,Steroids and steroid derivatives,Steroid lactones
RTIXKCRFFJGDFG-UHFFFAOYSA-N,Chrysin,Oc1cc(O)c2c(c1)oc(cc2=O)c1ccccc1,IMPHY005513,CHEMBL117,https://cb.imsc.res.in/imppat/phytochemical-detailedpage/IMPHY005513,Organic compounds,Phenylpropanoids and polyketides,Flavonoids,Flavones
GSYQNAMOFFWAPF-IILNCVEESA-N,Hyoscine N-oxide,OC[C@H](c1ccccc1)C(=O)OC1C[C@@H]2[C@@H]3[C@H]([C@H](C1)[N+]2([O-])C)O3,IMPHY003102,,https://cb.imsc.res.in/imppat/phytochemical-detailedpage/IMPHY003102,Organic compounds,Organic acids and derivatives,Hydroxy acids and derivatives,Beta hydroxy acids and derivatives
FURUXTVZLHCCNA-AWEZNQCLSA-N,Liquiritigenin,Oc1ccc(cc1)[C@@H]1CC(=O)c2c(O1)cc(cc2)O,IMPHY001869,CHEMBL252642,https://cb.imsc.res.in/imppat/phytochemical-detailedpage/IMPHY001869,Organic compounds,Phenylpropanoids and polyketides,Flavonoids,Flavans
FTVWIRXFELQLPI-ZDUSSCGKSA-N,Naringetol,Oc1ccc(cc1)[C@@H]1CC(=O)c2c(O1)cc(cc2O)O,IMPHY010550,CHEMBL9352,https://cb.imsc.res.in/imppat/phytochemical-detailedpage/IMPHY010550,Organic compounds,Phenylpropanoids and polyketides,Flavonoids,Flavans
TWSTVCZSHMUIOQ-ZPRSOMTPSA-N,Withametelin F,O=C1O[C@@H]2C[C@](C1=C)(C)OC[C@H]2[C@H]1CC[C@@H]2[C@]1(C)CC[C@H]1[C@H]2C[C@@H]2[C@]3([C@]1(C)C(=O)C=CC3)O2,IMPHY010476,CHEMBL2333592,https://cb.imsc.res.in/imppat/phytochemical-detailedpage/IMPHY010476,Organic compounds,Lipids and lipid-like molecules,Steroids and steroid derivatives,Steroid lactones
XZAZAOLSGSUKBT-GNMXKYBVSA-N,Withametelin H,COCC1=C(C)C[C@@H](OC1=O)[C@H]([C@H]1CC[C@@H]2[C@]1(C)CC[C@H]1[C@H]2C[C@H]([C@@]2([C@]1(C)C(=O)C=CC2)O)O)CO,IMPHY014530,,https://cb.imsc.res.in/imppat/phytochemical-detailedpage/IMPHY014530,Organic compounds,Lipids and lipid-like molecules,Steroids and steroid derivatives,Steroid lactones
SHUUIGOWNXWQBK-RFPVSNSDSA-N,Withanolide 1,CC(=O)OC1[C@H]2[C@@H]3CC[C@@H]([C@@]3(C)CC[C@@H]2[C@@]2([C@@]3([C@H]1O3)C(O)C=CC2=O)C)[C@]([C@H]1CC(=C(C(=O)O1)C)C)(O)C,IMPHY014526,,https://cb.imsc.res.in/imppat/phytochemical-detailedpage/IMPHY014526,Organic compounds,Lipids and lipid-like molecules,Steroids and steroid derivatives,Steroid lactones
SASUFNRGCZMRFD-JCUIILOWSA-N,Withanolide D,CC1=C(C)C(=O)O[C@H](C1)[C@@]([C@H]1CC[C@@H]2[C@]1(C)CC[C@H]1[C@H]2C[C@@H]2[C@]3([C@]1(C)C(=O)C=C[C@@H]3O)O2)(O)C,IMPHY003936,CHEMBL4288984,https://cb.imsc.res.in/imppat/phytochemical-detailedpage/IMPHY003936,Organic compounds,Lipids and lipid-like molecules,Steroids and steroid derivatives,Steroid lactones
ZYXVOZNURJLMFP-BNNRDBEOSA-N,Withastramonolide,OCC1=C(C)C[C@@H](OC1=O)[C@H]([C@H]1CC[C@@H]2[C@]1(C)[C@@H](O)C[C@H]1[C@H]2[C@@H]2O[C@@H]2[C@@]2([C@]1(C)C(=O)C=CC2)O)C,IMPHY003653,,https://cb.imsc.res.in/imppat/phytochemical-detailedpage/IMPHY003653,Organic compounds,Lipids and lipid-like molecules,Steroids and steroid derivatives,Steroid lactones
FRQMNJFBOJQRAQ-KCRLEBACSA-N,"[(1R,3S,5S,6S,7R)-6-hydroxy-8-methyl-7-[(E)-2-methylbut-2-enoyl]oxy-8-azabicyclo[3.2.1]octan-3-yl] (E)-2-methylbut-2-enoate",C/C=C(/C(=O)O[C@H]1C[C@@H]2N([C@H](C1)[C@H]([C@H]2O)OC(=O)/C(=C/C)/C)C)C,IMPHY011621,,https://cb.imsc.res.in/imppat/phytochemical-detailedpage/IMPHY011621,Organic compounds,Alkaloids and derivatives,Tropane alkaloids,
IYIFZADLIMVECH-UHFFFAOYSA-N,24-Ethyllophenol,CCC(C(C)C)CCC(C1CCC2C1(C)CCC1C2=CCC2C1(C)CCC(C2C)O)C,IMPHY008933,,https://cb.imsc.res.in/imppat/phytochemical-detailedpage/IMPHY008933,Organic compounds,Lipids and lipid-like molecules,Steroids and steroid derivatives,Stigmastanes and derivatives
NWPXYRKVJLBSQU-UHFFFAOYSA-N,24-Methyl-31-norlanost-9(11)-enol,CC(C(CCC(C1CCC2(C1(C)CC=C1C2CCC2C1(C)CCC(C2C)O)C)C)C)C,IMPHY008825,,https://cb.imsc.res.in/imppat/phytochemical-detailedpage/IMPHY008825,Organic compounds,Lipids and lipid-like molecules,Steroids and steroid derivatives,Ergostane steroids
INDVLXYUCBVVKW-PXBBAZSNSA-N,24-Methylenecholesterol,O[C@H]1CC[C@]2(C(=CC[C@@H]3[C@@H]2CC[C@]2([C@H]3CC[C@@H]2[C@@H](CCC(=C)C(C)C)C)C)C1)C,IMPHY003661,CHEMBL477971,https://cb.imsc.res.in/imppat/phytochemical-detailedpage/IMPHY003661,Organic compounds,Lipids and lipid-like molecules,Steroids and steroid derivatives,Ergostane steroids
KLLFGBWPBOBVAC-MWUYWPEYSA-N,24-Methyllophenol,CC(C(CC[C@H]([C@H]1CC[C@@H]2[C@]1(C)CCC1=C2CC[C@@H]2[C@]1(C)CC[C@@H]([C@H]2C)O)C)C)C,IMPHY002345,,https://cb.imsc.res.in/imppat/phytochemical-detailedpage/IMPHY002345,Organic compounds,Lipids and lipid-like molecules,Steroids and steroid derivatives,Ergostane steroids
KAQDYZSKYROZFD-FFPCMTLYSA-N,31-Nor-7-lanosterol acetate,CCCCC[C@@H](C1CC[C@@]2([C@]1(C)CCC1C2=CCC2[C@]1(C)CC[C@@H](C2(C)C)OC(=O)C)C)C,IMPHY006494,,https://cb.imsc.res.in/imppat/phytochemical-detailedpage/IMPHY006494,Organic compounds,Lipids and lipid-like molecules,Steroids and steroid derivatives,
OQKCUVXEGARQNX-KHFSBCPJSA-N,31-Norcycloartanol acetate,CC(CCCC(C1CCC2C1(C)CCC13C2CC[C@@H]2C3(C1)CCC(C2(C)C)OC(=O)C)C)C,IMPHY006482,,https://cb.imsc.res.in/imppat/phytochemical-detailedpage/IMPHY006482,Organic compounds,Lipids and lipid-like molecules,Prenol lipids,Triterpenoids
XZEUYTKSAYNYPK-YETBRXCGSA-N,31-Norcycloartenol,CC(=CCC[C@H]([C@H]1CC[C@@]2([C@]1(C)CCC13[C@H]2CC[C@@H]2C3(C1)CC[C@@H]([C@H]2C)O)C)C)C,IMPHY001380,,https://cb.imsc.res.in/imppat/phytochemical-detailedpage/IMPHY001380,Organic compounds,Lipids and lipid-like molecules,Steroids and steroid derivatives,Cycloartanols and derivatives
JYNBNJRQZZSLPN-NYVWVNPOSA-N,Daturadiol,O[C@@H]1C[C@]2(C)[C@@H]([C@@]3([C@@H]1C(C)(C)[C@@H](O)CC3)C)CC=C1[C@@]2(C)CC[C@@]2([C@H]1CC(CC2)(C)C)C,IMPHY003091,CHEMBL3633243,https://cb.imsc.res.in/imppat/phytochemical-detailedpage/IMPHY003091,Organic compounds,Lipids and lipid-like molecules,Prenol lipids,Triterpenoids
YCTXVPCDHZMBHX-QCDSSADQSA-N,Daturaolone,O[C@@H]1C[C@]2(C)[C@@H]([C@@]3([C@@H]1C(C)(C)C(=O)CC3)C)CC=C1[C@@]2(C)CC[C@@]2([C@H]1CC(CC2)(C)C)C,IMPHY002062,CHEMBL2005473,https://cb.imsc.res.in/imppat/phytochemical-detailedpage/IMPHY002062,Organic compounds,Lipids and lipid-like molecules,Prenol lipids,Triterpenoids
XJLZCPIILZRCPS-CKCUNPICSA-N,Euphorbadienol,CC(C(=C)CC[C@@H]([C@@H]1CC[C@]2([C@@]1(C)CCC1=C2CC[C@@H]2[C@]1(C)CC[C@@H](C2(C)C)O)C)C)C,IMPHY011758,CHEMBL518556,https://cb.imsc.res.in/imppat/phytochemical-detailedpage/IMPHY011758,Organic compounds,Lipids and lipid-like molecules,Prenol lipids,Triterpenoids
IDUOEQBMSXEDBW-UHFFFAOYSA-N,Homofluorodaturatine,O=C1C=Cc2c(=C1)n1CCCC(=O)C3=c1c2CCN3,IMPHY007999,,https://cb.imsc.res.in/imppat/phytochemical-detailedpage/IMPHY007999,Organic compounds,Organoheterocyclic compounds,Pyrroloazepines,
CAHGCLMLTWQZNJ-BQNIITSRSA-N,Lanosterol,CC(=CCC[C@H]([C@H]1CC[C@@]2([C@]1(C)CCC1=C2CC[C@@H]2[C@]1(C)CC[C@@H](C2(C)C)O)C)C)C,IMPHY011857,CHEMBL225111,https://cb.imsc.res.in/imppat/phytochemical-detailedpage/IMPHY011857,Organic compounds,Lipids and lipid-like molecules,Prenol lipids,Triterpenoids
LMYZQUNLYGJIHI-SPONXPENSA-N,Lophenol,CC(CCC[C@H]([C@H]1CC[C@@H]2[C@]1(C)CC[C@H]1C2=CC[C@@H]2[C@]1(C)CC[C@@H]([C@H]2C)O)C)C,IMPHY008729,,https://cb.imsc.res.in/imppat/phytochemical-detailedpage/IMPHY008729,Organic compounds,Lipids and lipid-like molecules,Steroids and steroid derivatives,Cholestane steroids
MMNYKQIDRZNIKT-VSADUBDNSA-N,Obtusifoliol,CC(C(=C)CC[C@H]([C@H]1CC[C@@]2([C@]1(C)CCC1=C2CC[C@@H]2[C@]1(C)CC[C@@H]([C@H]2C)O)C)C)C,IMPHY006659,CHEMBL481434,https://cb.imsc.res.in/imppat/phytochemical-detailedpage/IMPHY006659,Organic compounds,Lipids and lipid-like molecules,Steroids and steroid derivatives,Ergostane steroids
PQZVBIJEPVKNOZ-PCLZMVHQSA-N,Withanolide S,CC1=C(C)C(=O)O[C@H](C1)[C@@]([C@]1(O)CC[C@@]2([C@]1(C)CC[C@H]1[C@H]2C[C@H]([C@@]2([C@]1(C)C(=O)C=CC2)O)O)O)(O)C,IMPHY008698,CHEMBL4211019,https://cb.imsc.res.in/imppat/phytochemical-detailedpage/IMPHY008698,Organic compounds,Lipids and lipid-like molecules,Steroids and steroid derivatives,Steroid lactones
OSELKOCHBMDKEJ-JUGJNGJRSA-N,(24E)-24-N-Propylidenecholesterol,C/C=C(/C(C)C)CC[C@H]([C@H]1CC[C@@H]2[C@]1(C)CC[C@H]1[C@H]2CC=C2[C@]1(C)CC[C@@H](C2)O)C,IMPHY011956,CHEMBL519971,https://cb.imsc.res.in/imppat/phytochemical-detailedpage/IMPHY011956,Organic compounds,Lipids and lipid-like molecules,Steroids and steroid derivatives,Stigmastanes and derivatives
KWIUHFFTVRNATP-UHFFFAOYSA-N,Betaine,[O-]C(=O)C[N+](C)(C)C,IMPHY003963,CHEMBL1182,https://cb.imsc.res.in/imppat/phytochemical-detailedpage/IMPHY003963,Organic compounds,Organic acids and derivatives,Carboxylic acids and derivatives,"Amino acids, peptides, and analogues"
OEYIOHPDSNJKLS-UHFFFAOYSA-N,Choline,OCC[N+](C)(C)C,IMPHY004055,CHEMBL920,https://cb.imsc.res.in/imppat/phytochemical-detailedpage/IMPHY004055,Organic compounds,Organic nitrogen compounds,Organonitrogen compounds,Quaternary ammonium salts
KUBCEEMXQZUPDQ-UHFFFAOYSA-N,Hordenine,CN(CCc1ccc(cc1)O)C,IMPHY007130,CHEMBL505789,https://cb.imsc.res.in/imppat/phytochemical-detailedpage/IMPHY007130,Organic compounds,Benzenoids,Benzene and substituted derivatives,Phenethylamines
AOHCBEAZXHZMOR-ZDUSSCGKSA-N,Hypaphorine,[O-]C(=O)[C@@H]([N+](C)(C)C)Cc1c[nH]c2c1cccc2,IMPHY000994,CHEMBL2235164,https://cb.imsc.res.in/imppat/phytochemical-detailedpage/IMPHY000994,Organic compounds,Organic acids and derivatives,Carboxylic acids and derivatives,"Amino acids, peptides, and analogues"
SEOVTRFCIGRIMH-UHFFFAOYSA-N,Indole-3-acetic acid,OC(=O)Cc1c[nH]c2c1cccc2,IMPHY011555,CHEMBL82411,https://cb.imsc.res.in/imppat/phytochemical-detailedpage/IMPHY011555,Organic compounds,Organoheterocyclic compounds,Indoles and derivatives,Indolyl carboxylic acids and derivatives
QFHMLRWKLHONAO-UHFFFAOYSA-N,Methyl 2-(dimethylamino)-3-(1H-indol-3-yl)propanoate,COC(=O)C(N(C)C)Cc1c[nH]c2c1cccc2,IMPHY003523,CHEMBL273276,https://cb.imsc.res.in/imppat/phytochemical-detailedpage/IMPHY003523,Organic compounds,Organic acids and derivatives,Carboxylic acids and derivatives,"Amino acids, peptides, and analogues"
QFHMLRWKLHONAO-ZDUSSCGKSA-N,"N,N-Dimethyltryptophan methyl ester",COC(=O)[C@@H](N(C)C)Cc1c[nH]c2c1cccc2,IMPHY015061,,https://cb.imsc.res.in/imppat/phytochemical-detailedpage/IMPHY015061,Organic compounds,Organic acids and derivatives,Carboxylic acids and derivatives,"Amino acids, peptides, and analogues"
WWNNZCOKKKDOPX-UHFFFAOYSA-N,Trigonelline,C[n+]1cccc(c1)C(=O)[O-],IMPHY005839,CHEMBL350675,https://cb.imsc.res.in/imppat/phytochemical-detailedpage/IMPHY005839,Organic compounds,Alkaloids and derivatives,,
DZGWFCGJZKJUFP-UHFFFAOYSA-N,Tyramine,NCCc1ccc(cc1)O,IMPHY005961,CHEMBL11608,https://cb.imsc.res.in/imppat/phytochemical-detailedpage/IMPHY005961,Organic compounds,Benzenoids,Benzene and substituted derivatives,Phenethylamines
OUXWXNAPFVZXLX-LBXNTXCASA-N,"(1aS,4S,4aR,5S,6R,8aS)-5-[2-(furan-3-yl)ethyl]-4-hydroxy-5,6-dimethyl-1,4,4a,6,7,8-hexahydrocyclopropa[j]naphthalene-1a-carboxylic acid",O[C@H]1C=C[C@@]2([C@]3([C@H]1[C@@](C)(CCc1cocc1)[C@H](C)CC3)C2)C(=O)O,IMPHY005688,,https://cb.imsc.res.in/imppat/phytochemical-detailedpage/IMPHY005688,Organic compounds,Lipids and lipid-like molecules,Prenol lipids,Diterpenoids
PHKSUFCCGLWIMC-SIKIZQCASA-N,Hautriwaic acid,OC[C@]12CC[C@H]([C@]([C@H]2CCC=C1C(=O)O)(C)CCc1ccoc1)C,IMPHY009398,,https://cb.imsc.res.in/imppat/phytochemical-detailedpage/IMPHY009398,Organic compounds,Lipids and lipid-like molecules,Prenol lipids,Diterpenoids
YSXFFLGRZJWNFM-UHFFFAOYSA-N,Penduletin,COc1c(oc2c(c1=O)c(O)c(c(c2)OC)OC)c1ccc(cc1)O,IMPHY004336,CHEMBL165509,https://cb.imsc.res.in/imppat/phytochemical-detailedpage/IMPHY004336,Organic compounds,Phenylpropanoids and polyketides,Flavonoids,O-methylated flavonoids
URFCJEUYXNAHFI-ZDUSSCGKSA-N,Pinocembrin,Oc1cc2O[C@@H](CC(=O)c2c(c1)O)c1ccccc1,IMPHY007196,CHEMBL399910,https://cb.imsc.res.in/imppat/phytochemical-detailedpage/IMPHY007196,Organic compounds,Phenylpropanoids and polyketides,Flavonoids,Flavans
DWZAJFZEYZIHPO-UHFFFAOYSA-N,Santin,COc1ccc(cc1)c1oc2cc(O)c(c(c2c(=O)c1OC)O)OC,IMPHY012746,CHEMBL161957,https://cb.imsc.res.in/imppat/phytochemical-detailedpage/IMPHY012746,Organic compounds,Phenylpropanoids and polyketides,Flavonoids,O-methylated flavonoids
NVPPDJQPJXYMLK-UHFFFAOYSA-N,Viscosol,COc1ccc(cc1CC=C(C)C)c1oc2cc(O)c(c(c2c(=O)c1OC)O)OC,IMPHY002903,,https://cb.imsc.res.in/imppat/phytochemical-detailedpage/IMPHY002903,Organic compounds,Phenylpropanoids and polyketides,Flavonoids,Flavones
DZVVEETZRZUXLI-RVWOYFKVSA-N,R1-Barrigenol,OC[C@@]12[C@@H](O)[C@H](O)C(C[C@H]2C2=CC[C@H]3[C@@]([C@@]2([C@H]([C@H]1O)O)C)(C)CC[C@@H]1[C@]3(C)CC[C@@H](C1(C)C)O)(C)C,IMPHY008974,CHEMBL520888,https://cb.imsc.res.in/imppat/phytochemical-detailedpage/IMPHY008974,Organic compounds,Lipids and lipid-like molecules,Prenol lipids,Triterpenoids
FIKTURVKRGQNQD-VHEBQXMUSA-N,trans-2-Icosenoic acid,CCCCCCCCCCCCCCCCC/C=C/C(=O)O,IMPHY010988,CHEMBL4282100,https://cb.imsc.res.in/imppat/phytochemical-detailedpage/IMPHY010988,Organic compounds,Lipids and lipid-like molecules,Fatty acyls,Fatty acids and conjugates
HAVWRBANWNTOJX-UHFFFAOYSA-N,Fraxetin,COc1cc2ccc(=O)oc2c(c1O)O,IMPHY004553,CHEMBL54909,https://cb.imsc.res.in/imppat/phytochemical-detailedpage/IMPHY004553,Organic compounds,Phenylpropanoids and polyketides,Coumarins and derivatives,Hydroxycoumarins
AZHUOPNKXMFIAA-PKNBQFBNSA-N,1-Methyl-4(1H)-quinolinimine,Cn1ccc(=N)c2c1cccc2,IMPHY010092,,https://cb.imsc.res.in/imppat/phytochemical-detailedpage/IMPHY010092,Organic compounds,Organoheterocyclic compounds,Quinolines and derivatives,Hydroquinolines
OCFIUNGSKQZESJ-UHFFFAOYSA-N,3-(2-Hydroxyethyl)quinazolin-4-one,OCCn1cnc2c(c1=O)cccc2,IMPHY009519,CHEMBL1163168,https://cb.imsc.res.in/imppat/phytochemical-detailedpage/IMPHY009519,Organic compounds,Organoheterocyclic compounds,Diazanaphthalenes,Benzodiazines
CSJAXRKDCCWCSJ-UHFFFAOYSA-N,Echinopsine,Cn1ccc(=O)c2c1cccc2,IMPHY007251,,https://cb.imsc.res.in/imppat/phytochemical-detailedpage/IMPHY007251,Organic compounds,Organoheterocyclic compounds,Quinolines and derivatives,Quinolones and derivatives
ROOBHHSRWJOKSH-UHFFFAOYSA-N,1-Hentriacontanol,CCCCCCCCCCCCCCCCCCCCCCCCCCCCCCCO,IMPHY007132,,https://cb.imsc.res.in/imppat/phytochemical-detailedpage/IMPHY007132,Organic compounds,Lipids and lipid-like molecules,Fatty acyls,Fatty alcohols
OTAAVXRYMFBGJJ-UHFFFAOYSA-N,"4(3H)-Quinazolinone, 7-hydroxy-3-(2-hydroxyethyl)-",OCCn1cnc2c(c1=O)ccc(c2)O,IMPHY014104,,https://cb.imsc.res.in/imppat/phytochemical-detailedpage/IMPHY014104,Organic compounds,Organoheterocyclic compounds,Diazanaphthalenes,Benzodiazines
PEFNSGRTCBGNAN-QNDFHXLGSA-N,Cynaroside,OC[C@H]1O[C@@H](Oc2cc(O)c3c(c2)oc(cc3=O)c2ccc(c(c2)O)O)[C@@H]([C@H]([C@@H]1O)O)O,IMPHY011646,CHEMBL233929,https://cb.imsc.res.in/imppat/phytochemical-detailedpage/IMPHY011646,Organic compounds,Phenylpropanoids and polyketides,Flavonoids,Flavonoid glycosides
AVWRKZWQTYIKIY-UHFFFAOYSA-N,Allophanic acid,NC(=O)NC(=O)O,IMPHY007641,,https://cb.imsc.res.in/imppat/phytochemical-detailedpage/IMPHY007641,Organic compounds,Organic acids and derivatives,Organic carbonic acids and derivatives,Ureas
XIRNKXNNONJFQO-UHFFFAOYSA-N,Ethyl palmitate,CCCCCCCCCCCCCCCC(=O)OCC,IMPHY009624,CHEMBL3561042,https://cb.imsc.res.in/imppat/phytochemical-detailedpage/IMPHY009624,Organic compounds,Lipids and lipid-like molecules,Fatty acyls,Fatty acid esters
HPCVECTWKNBXCO-LNFVHJCCSA-N,"[(3S,4aR,6aR,6bS,8aR,14aR,14bR)-4,4,6a,6b,8a,11,11,14b-octamethyl-1,2,3,4a,5,6,7,8,9,10,12,13,14,14a-tetradecahydropicen-3-yl] acetate",CC(=O)O[C@H]1CC[C@]2([C@H](C1(C)C)CC[C@@]1([C@@H]2CCC2=C3CC(C)(C)CC[C@@]3(CC[C@@]12C)C)C)C,IMPHY008815,,https://cb.imsc.res.in/imppat/phytochemical-detailedpage/IMPHY008815,Organic compounds,Lipids and lipid-like molecules,Prenol lipids,Triterpenoids
UDXDFWBZZQHDRO-NSTYLNEOSA-N,alpha-Amyrenyl acetate,CC(=O)O[C@H]1CC[C@]2([C@H](C1(C)C)CC[C@@]1([C@@H]2CC=C2[C@@]1(C)CC[C@@]1([C@H]2[C@@H](C)[C@H](C)CC1)C)C)C,IMPHY004141,CHEMBL471754,https://cb.imsc.res.in/imppat/phytochemical-detailedpage/IMPHY004141,Organic compounds,Lipids and lipid-like molecules,Prenol lipids,Triterpenoids
WPQRDUGBKUNFJW-ZZSHFKPLSA-N,Echinacin,O=C(OC[C@H]1O[C@@H](Oc2cc(O)c3c(c2)oc(cc3=O)c2ccc(cc2)O)[C@@H]([C@H]([C@@H]1O)O)O)/C=C/c1ccc(cc1)O,IMPHY006183,CHEMBL3597472,https://cb.imsc.res.in/imppat/phytochemical-detailedpage/IMPHY006183,Organic compounds,Phenylpropanoids and polyketides,Flavonoids,Flavonoid glycosides
UTUISHMYVAZILQ-BYJCKKJLSA-N,Echinaticin,OC[C@H]1O[C@@H](Oc2cc(O)c3c(c2)oc(cc3=O)c2ccc(cc2)O)[C@@H]([C@H]([C@@H]1OC(=O)/C=C/c1ccc(cc1)O)O)O,IMPHY002769,,https://cb.imsc.res.in/imppat/phytochemical-detailedpage/IMPHY002769,Organic compounds,Phenylpropanoids and polyketides,Flavonoids,Flavonoid glycosides
XQDCKJKKMFWXGB-UHFFFAOYSA-N,Wedelolactone,COc1cc(O)c2c(c1)oc(=O)c1c2oc2c1cc(c(c2)O)O,IMPHY004585,CHEMBL97453,https://cb.imsc.res.in/imppat/phytochemical-detailedpage/IMPHY004585,Organic compounds,Phenylpropanoids and polyketides,Isoflavonoids,Coumestans
LGMIOFBBNYCMNF-FWCABEFESA-N,"(8S,9S,10R,13S,14S,17R)-10,13-dimethyl-17-[(1R)-1-[(3S)-3-methyl-2,3,4,5-tetrahydropyridin-6-yl]ethyl]-1,2,6,7,8,9,11,12,14,15,16,17-dodecahydrocyclopenta[a]phenanthren-3-one",C[C@H]1CCC(=NC1)[C@@H]([C@H]1CC[C@@H]2[C@]1(C)CC[C@H]1[C@H]2CCC2=CC(=O)CC[C@]12C)C,IMPHY000107,CHEMBL514438,https://cb.imsc.res.in/imppat/phytochemical-detailedpage/IMPHY000107,Organic compounds,Lipids and lipid-like molecules,Steroids and steroid derivatives,Steroidal alkaloids
ULCZGKYHRYJXAU-UHFFFAOYSA-N,1-Heptacosanol,CCCCCCCCCCCCCCCCCCCCCCCCCCCO,IMPHY006165,,https://cb.imsc.res.in/imppat/phytochemical-detailedpage/IMPHY006165,Organic compounds,Lipids and lipid-like molecules,Fatty acyls,Fatty alcohols
STXSKYBHAOAVNE-UHFFFAOYSA-N,2-Formyl-terthienyl,O=CC1(CC=CS1)c1sccc1c1cccs1,IMPHY014646,,https://cb.imsc.res.in/imppat/phytochemical-detailedpage/IMPHY014646,Organic compounds,Organoheterocyclic compounds,Bi- and oligothiophenes,
YCTLKNVWQFQYLE-RRKPGTBZSA-N,25beta-Hydroxyverazine,O[C@H]1CC[C@]2(C(=CC[C@@H]3[C@@H]2CC[C@]2([C@H]3CC[C@@H]2[C@@H](C2=NC[C@](CC2)(C)O)C)C)C1)C,IMPHY000172,CHEMBL463129,https://cb.imsc.res.in/imppat/phytochemical-detailedpage/IMPHY000172,Organic compounds,Lipids and lipid-like molecules,Steroids and steroid derivatives,Steroidal alkaloids
BLVNKXGGFFUMSS-CGYGGFEXSA-N,4beta-Hydroxyverazine,C[C@H]1CCC(=NC1)[C@H]([C@H]1CC[C@@H]2[C@]1(C)CC[C@H]1[C@H]2CC=C2[C@]1(C)CC[C@@H]([C@@H]2O)O)C,IMPHY000102,CHEMBL517301,https://cb.imsc.res.in/imppat/phytochemical-detailedpage/IMPHY000102,Organic compounds,Lipids and lipid-like molecules,Steroids and steroid derivatives,Steroidal alkaloids
RODDEOSIMRCKKR-QWMOJLDXSA-N,Ecliptalbine,O[C@H]1CC[C@]2(C(=CC[C@@H]3[C@@H]2CC[C@]2([C@H]3CC[C@@H]2[C@H](c2ncc(cc2O)C)C)C)C1)C,IMPHY000543,CHEMBL457812,https://cb.imsc.res.in/imppat/phytochemical-detailedpage/IMPHY000543,Organic compounds,Lipids and lipid-like molecules,Steroids and steroid derivatives,Pregnane steroids
SWTXHUUBYZNDAJ-BXTYSGRPSA-N,Veramiline,C[C@H]1CC[C@H](NC1)[C@H]([C@H]1CC[C@@H]2[C@]1(C)CC[C@H]1[C@H]2CC=C2[C@]1(C)CC[C@@H](C2)O)C,IMPHY001522,CHEMBL463130,https://cb.imsc.res.in/imppat/phytochemical-detailedpage/IMPHY001522,Organic compounds,Lipids and lipid-like molecules,Steroids and steroid derivatives,Steroidal alkaloids
WAYZWWNNJZMQCQ-UHFFFAOYSA-N,alpha-Terthienylmethanol,OCc1ccc(s1)c1ccc(s1)c1cccs1,IMPHY009791,CHEMBL90170,https://cb.imsc.res.in/imppat/phytochemical-detailedpage/IMPHY009791,Organic compounds,Organoheterocyclic compounds,Bi- and oligothiophenes,
XHGCEYVOGZHRLW-UHFFFAOYSA-N,Heptacosan-14-ol,CCCCCCCCCCCCCC(CCCCCCCCCCCCC)O,IMPHY008304,,https://cb.imsc.res.in/imppat/phytochemical-detailedpage/IMPHY008304,Organic compounds,Lipids and lipid-like molecules,Fatty acyls,Fatty alcohols
LUTYTNLPIUCKBJ-UHFFFAOYSA-N,Demethylwedelolactone,Oc1cc(O)c2c(c1)oc(=O)c1c2oc2c1cc(c(c2)O)O,IMPHY006131,CHEMBL2089002,https://cb.imsc.res.in/imppat/phytochemical-detailedpage/IMPHY006131,Organic compounds,Phenylpropanoids and polyketides,Isoflavonoids,Coumestans
ZKMRZIYTCZLEAV-VVJIWJAZSA-N,Eclalbasaponin I,OC[C@H]1O[C@@H](O[C@H]2CC[C@]3([C@H](C2(C)C)CC[C@@]2([C@@H]3CC=C3[C@@]2(C)C[C@H]([C@@]2([C@H]3CC(C)(C)CC2)C(=O)O[C@@H]2O[C@H](CO)[C@H]([C@@H]([C@H]2O)O)O)O)C)C)[C@@H]([C@H]([C@@H]1O)O)O,IMPHY007884,CHEMBL3343908,https://cb.imsc.res.in/imppat/phytochemical-detailedpage/IMPHY007884,Organic compounds,Lipids and lipid-like molecules,Prenol lipids,Terpene glycosides
SWPIUPKKRPROAF-YGLONEJHSA-N,Eclalbasaponin II,OC[C@H]1O[C@@H](O[C@H]2CC[C@]3([C@H](C2(C)C)CC[C@@]2([C@@H]3CC=C3[C@@]2(C)C[C@H]([C@@]2([C@H]3CC(C)(C)CC2)C(=O)O)O[C@@H]2O[C@H](CO)[C@H]([C@@H]([C@H]2O)O)O)C)C)[C@@H]([C@H]([C@@H]1O)O)O,IMPHY007885,,https://cb.imsc.res.in/imppat/phytochemical-detailedpage/IMPHY007885,Organic compounds,Lipids and lipid-like molecules,Prenol lipids,Terpene glycosides
VDLZBNZYXLJBRB-XMJBUMATSA-N,Eclalbasaponin III,OC[C@H]1O[C@@H](O[C@H]2CC[C@]3([C@H](C2(C)C)CC[C@@]2([C@@H]3CC=C3[C@@]2(C)C[C@H]([C@@]2([C@H]3CC(C)(C)CC2)C(=O)O[C@@H]2O[C@H](CO)[C@H]([C@@H]([C@H]2O)O)O)O)C)C)[C@@H]([C@H]([C@@H]1O)O)O[C@@H]1O[C@H](CO)[C@H]([C@@H]([C@H]1O)O)O,IMPHY007886,CHEMBL3343917,https://cb.imsc.res.in/imppat/phytochemical-detailedpage/IMPHY007886,Organic compounds,Lipids and lipid-like molecules,Prenol lipids,Terpene glycosides
SNICXCGAKADSCV-JTQLQIEISA-N,Nicotine,CN1CCC[C@H]1c1cccnc1,IMPHY007301,CHEMBL3,https://cb.imsc.res.in/imppat/phytochemical-detailedpage/IMPHY007301,Organic compounds,Organoheterocyclic compounds,Pyridines and derivatives,Pyrrolidinylpyridines
ZONJATNKKGGVSU-UHFFFAOYSA-N,14-Methylpentadecanoic acid,CC(CCCCCCCCCCCCC(=O)O)C,IMPHY003284,,https://cb.imsc.res.in/imppat/phytochemical-detailedpage/IMPHY003284,Organic compounds,Lipids and lipid-like molecules,Fatty acyls,Fatty acids and conjugates
RETGXUCYBMOWOH-MEDZGJRSSA-N,(-)-Isoelaeocarpiline,C[C@H]1CC=CC2=C1C(=O)[C@@H]1[C@H](O2)CCN2[C@H]1CCC2,IMPHY009951,CHEMBL521711,https://cb.imsc.res.in/imppat/phytochemical-detailedpage/IMPHY009951,Organic compounds,Organoheterocyclic compounds,Indolizidines,
MQDDWIVNNZPOCB-HOTGVXAUSA-N,Elaeocarpidine,C1CN2[C@H](C1)N1CCc3c([C@@H]1CC2)[nH]c1c3cccc1,IMPHY003258,,https://cb.imsc.res.in/imppat/phytochemical-detailedpage/IMPHY003258,Organic compounds,Organoheterocyclic compounds,Indoles and derivatives,Pyridoindoles
DXTYYNIKCKARPP-OSAQELSMSA-N,Isoelaeocarpine,Cc1cccc2c1C(=O)[C@H]1[C@@H](O2)CCN2[C@@H]1CCC2,IMPHY013459,CHEMBL608812,https://cb.imsc.res.in/imppat/phytochemical-detailedpage/IMPHY013459,Organic compounds,Organoheterocyclic compounds,Benzopyrans,1-benzopyrans
DXTYYNIKCKARPP-UHFFFAOYSA-N,Isoeleocarpine,Cc1cccc2c1C(=O)C1C(O2)CCN2C1CCC2,IMPHY014903,,https://cb.imsc.res.in/imppat/phytochemical-detailedpage/IMPHY014903,Organic compounds,Organoheterocyclic compounds,Benzopyrans,1-benzopyrans
HKEQVXVLTOSXLQ-UHFFFAOYSA-N,Mearnsetin,COc1c(O)cc(cc1O)c1oc2cc(O)cc(c2c(=O)c1O)O,IMPHY001242,CHEMBL484633,https://cb.imsc.res.in/imppat/phytochemical-detailedpage/IMPHY001242,Organic compounds,Phenylpropanoids and polyketides,Flavonoids,Flavones
DCVYKZDCAVEJHM-CXDUWYADSA-N,Euphorbol hexacosanoate,CCCCCCCCCCCCCCCCCCCCCCCCCC(=O)O[C@H]1CC[C@]2([C@H](C1(C)C)CCC1=C2CC[C@@]2([C@]1(C)CC[C@H]2[C@H](CCC(=C)C(C)C)C)C)C,IMPHY008110,,https://cb.imsc.res.in/imppat/phytochemical-detailedpage/IMPHY008110,Organic compounds,Lipids and lipid-like molecules,Prenol lipids,Triterpenoids
WWZMXEIBZCEIFB-UHFFFAOYSA-N,Tinyatoxin,O=C(Cc1ccc(cc1)O)OCC1=CC2C3OC4(OC2(C2C(C1)(O)C(=O)C(=C2)C)C(CC3(O4)C(=C)C)C)Cc1ccccc1,IMPHY012047,,https://cb.imsc.res.in/imppat/phytochemical-detailedpage/IMPHY012047,Organic compounds,Lipids and lipid-like molecules,Prenol lipids,Diterpenoids
NMGVHLDIHNFGQB-UHFFFAOYSA-N,"3-[6-[[3,5-Dihydroxy-6-methyl-4-(3,4,5-trihydroxy-6-methyloxan-2-yl)oxyoxan-2-yl]oxymethyl]-3,4,5-trihydroxyoxan-2-yl]oxy-2-(3,4-dihydroxyphenyl)-5-hydroxy-7-methoxychromen-4-one",COc1cc(O)c2c(c1)oc(c(c2=O)OC1OC(COC2OC(C)C(C(C2O)OC2OC(C)C(C(C2O)O)O)O)C(C(C1O)O)O)c1ccc(c(c1)O)O,IMPHY005708,,https://cb.imsc.res.in/imppat/phytochemical-detailedpage/IMPHY005708,Organic compounds,Phenylpropanoids and polyketides,Flavonoids,Flavonoid glycosides
SOSLMHZOJATCCP-AEIZVZFYSA-N,Afzelin,Oc1ccc(cc1)c1oc2cc(O)cc(c2c(=O)c1O[C@@H]1O[C@@H](C)[C@@H]([C@H]([C@H]1O)O)O)O,IMPHY011919,CHEMBL240528,https://cb.imsc.res.in/imppat/phytochemical-detailedpage/IMPHY011919,Organic compounds,Phenylpropanoids and polyketides,Flavonoids,Flavonoid glycosides
XMHIUKTWLZUKEX-UHFFFAOYSA-M,Cerotate,CCCCCCCCCCCCCCCCCCCCCCCCCC(=O)[O-],IMPHY006445,,https://cb.imsc.res.in/imppat/phytochemical-detailedpage/IMPHY006445,Organic compounds,Lipids and lipid-like molecules,Fatty acyls,Fatty acids and conjugates
HHLFWLYXYJOTON-UHFFFAOYSA-N,Glyoxylic acid,O=CC(=O)O,IMPHY012026,CHEMBL1162545,https://cb.imsc.res.in/imppat/phytochemical-detailedpage/IMPHY012026,Organic compounds,Organic acids and derivatives,Carboxylic acids and derivatives,Carboxylic acids
LCTONWCANYUPML-UHFFFAOYSA-N,Pyruvic acid,OC(=O)C(=O)C,IMPHY000136,CHEMBL1162144,https://cb.imsc.res.in/imppat/phytochemical-detailedpage/IMPHY000136,Organic compounds,Organic acids and derivatives,Keto acids and derivatives,Alpha-keto acids and derivatives
IMPKVMRTXBRHRB-MBMOQRBOSA-N,Quercitol,O[C@@H]1C[C@@H](O)[C@@H](C([C@H]1O)O)O,IMPHY011805,CHEMBL1950778,https://cb.imsc.res.in/imppat/phytochemical-detailedpage/IMPHY011805,Organic compounds,Organic oxygen compounds,Organooxygen compounds,Alcohols and polyols
VHOCUJPBKOZGJD-UHFFFAOYSA-N,Triacontanoic acid,CCCCCCCCCCCCCCCCCCCCCCCCCCCCCC(=O)O,IMPHY000601,,https://cb.imsc.res.in/imppat/phytochemical-detailedpage/IMPHY000601,Organic compounds,Lipids and lipid-like molecules,Fatty acyls,Fatty acids and conjugates
LMYPJDRBDUBCIH-RVCQYGEOSA-N,"2,4,6-Tri-O-galloyl-beta-gulucose",O[C@@H]1O[C@H](COC(=O)c2cc(O)c(c(c2)O)O)[C@H]([C@@H]([C@H]1OC(=O)c1cc(O)c(c(c1)O)O)O)OC(=O)c1cc(O)c(c(c1)O)O,IMPHY014557,,https://cb.imsc.res.in/imppat/phytochemical-detailedpage/IMPHY014557,Organic compounds,Phenylpropanoids and polyketides,Tannins,
QJYNZEYHSMRWBK-NIKIMHBISA-N,Pentagalloylglucose,O=C(c1cc(O)c(c(c1)O)O)O[C@@H]1O[C@H](COC(=O)c2cc(O)c(c(c2)O)O)[C@H]([C@@H]([C@H]1OC(=O)c1cc(O)c(c(c1)O)O)OC(=O)c1cc(O)c(c(c1)O)O)OC(=O)c1cc(O)c(c(c1)O)O,IMPHY006658,CHEMBL382408,https://cb.imsc.res.in/imppat/phytochemical-detailedpage/IMPHY006658,Organic compounds,Phenylpropanoids and polyketides,Tannins,
IMTIXJBINQBHFH-LYIDWWDXSA-N,Ingenol triacetate,CC(=O)OCC1=C[C@H]2[C@H]3[C@H](C3(C)C)C[C@H]([C@]3([C@@]([C@@H]1OC(=O)C)(O)[C@@H](OC(=O)C)C(=C3)C)C2=O)C,IMPHY006664,,https://cb.imsc.res.in/imppat/phytochemical-detailedpage/IMPHY006664,Organic compounds,Lipids and lipid-like molecules,Prenol lipids,Diterpenoids
JSPGKOBNHWTKNT-CEQUPMLCSA-N,"Cycloart-23-en-3beta,25-diol",C[C@@H]([C@H]1CC[C@@]2([C@]1(C)CC[C@@]13[C@@H]2CC[C@@H]2[C@]3(C1)CC[C@@H](C2(C)C)O)C)C/C=C/C(O)(C)C,IMPHY010090,,https://cb.imsc.res.in/imppat/phytochemical-detailedpage/IMPHY010090,Organic compounds,Lipids and lipid-like molecules,Steroids and steroid derivatives,Cycloartanols and derivatives
IGDXQFIAOCIECM-YBTMEFRXSA-N,Euphorcinol,O[C@H]1CC[C@@H]([C@@]2([C@@H]1[C@]1(C)CC[C@@]3([C@]([C@H]1CC2)(C)CC[C@@]1([C@H]3CC(C)(C)CC1)C)C)C)C,IMPHY010660,,https://cb.imsc.res.in/imppat/phytochemical-detailedpage/IMPHY010660,Organic compounds,Lipids and lipid-like molecules,Prenol lipids,Triterpenoids
JODOMONSUPBWHC-POQDVTCNSA-N,Euphorginol,O[C@H]1C[C@@]2(C)C3=CC[C@@]4([C@H]([C@H]3CC[C@@H]2[C@@]2([C@@H]1C(C)(C)CCC2)C)CC(CC4)(C)C)C,IMPHY013631,,https://cb.imsc.res.in/imppat/phytochemical-detailedpage/IMPHY013631,Organic compounds,Lipids and lipid-like molecules,Prenol lipids,Triterpenoids
BXSZDBKFCLUDHC-LPXZGXEUSA-N,"12,20-Dideoxyphorbol-13-isobutyrate",O=C(C(C)C)O[C@@]12C[C@@H](C)[C@]3([C@H]([C@@H]1C2(C)C)C=C(C)C[C@]1([C@H]3C=C(C1=O)C)O)O,IMPHY014143,,https://cb.imsc.res.in/imppat/phytochemical-detailedpage/IMPHY014143,Organic compounds,Lipids and lipid-like molecules,Prenol lipids,Diterpenoids
COEAYBCRVYIVFL-UHFFFAOYSA-N,Euphorbinol,CC(C(=C)C)CCC(C1CCC2(C1(C)CCC1=C2CCC2C1(C)CCC(C2(C)C)O)C)C,IMPHY002378,,https://cb.imsc.res.in/imppat/phytochemical-detailedpage/IMPHY002378,Organic compounds,Lipids and lipid-like molecules,Prenol lipids,Triterpenoids
VEBVPUXQAPLADL-GMMWQBCJSA-N,Ingenol,OCC1=C[C@H]2[C@H]3[C@H](C3(C)C)C[C@H]([C@]3([C@@]([C@@H]1O)(O)[C@@H](O)C(=C3)C)C2=O)C,IMPHY000943,CHEMBL346507,https://cb.imsc.res.in/imppat/phytochemical-detailedpage/IMPHY000943,Organic compounds,Lipids and lipid-like molecules,Prenol lipids,Diterpenoids
MTXOHECJOIIIJM-PHFLZNSYSA-N,12-Deoxyphorbol-13-isobutyrate-20-acetate,CC(=O)OCC1=C[C@H]2[C@H]3[C@@](C3(C)C)(OC(=O)C(C)C)C[C@H]([C@@]2([C@H]2[C@@](C1)(O)C(=O)C(=C2)C)O)C,IMPHY012674,CHEMBL486418,https://cb.imsc.res.in/imppat/phytochemical-detailedpage/IMPHY012674,Organic compounds,Lipids and lipid-like molecules,Prenol lipids,Diterpenoids
KLAGYIBJNXLDTL-UHFFFAOYSA-N,"3,3'-Di-O-methylellagic acid",COc1c(O)cc2c3c1oc(=O)c1c3c(oc2=O)c(c(c1)O)OC,IMPHY006157,CHEMBL487203,https://cb.imsc.res.in/imppat/phytochemical-detailedpage/IMPHY006157,Organic compounds,Phenylpropanoids and polyketides,Tannins,Hydrolyzable tannins
OLOOJGVNMBJLLR-UHFFFAOYSA-N,Imperatorin,CC(=CCOc1c2occc2cc2c1oc(=O)cc2)C,IMPHY008913,CHEMBL453805,https://cb.imsc.res.in/imppat/phytochemical-detailedpage/IMPHY008913,Organic compounds,Phenylpropanoids and polyketides,Coumarins and derivatives,Furanocoumarins
GIJHDGJRTUSBJR-UHFFFAOYSA-N,Bergaptol,O=c1ccc2c(o1)cc1c(c2O)cco1,IMPHY004534,CHEMBL242711,https://cb.imsc.res.in/imppat/phytochemical-detailedpage/IMPHY004534,Organic compounds,Phenylpropanoids and polyketides,Coumarins and derivatives,Furanocoumarins
GRBHNQFQFHLCHO-BHMAJAPKSA-N,Lupenone,CC(=C)[C@@H]1CC[C@]2([C@H]1[C@H]1CC[C@H]3[C@@]([C@]1(C)CC2)(C)CC[C@@H]1[C@]3(C)CCC(=O)C1(C)C)C,IMPHY011471,CHEMBL486393,https://cb.imsc.res.in/imppat/phytochemical-detailedpage/IMPHY011471,Organic compounds,Lipids and lipid-like molecules,Prenol lipids,Triterpenoids
BTXWOKJOAGWCSN-JBYJGCOVSA-N,Methyl oleanolate,COC(=O)[C@@]12CCC(C[C@H]2C2=CC[C@H]3[C@@]([C@@]2(CC1)C)(C)CC[C@@H]1[C@]3(C)CC[C@@H](C1(C)C)O)(C)C,IMPHY011461,CHEMBL487412,https://cb.imsc.res.in/imppat/phytochemical-detailedpage/IMPHY011461,Organic compounds,Lipids and lipid-like molecules,Prenol lipids,Triterpenoids
NPJICTMALKLTFW-GATNZVKGSA-N,beta-Sitosterol-d-glucoside,CC[C@@H](C(C)C)CC[C@H]([C@H]1CC[C@@H]2[C@]1(C)CC[C@H]1[C@H]2CC=C2[C@]1(C)CCC(C2)O[C@@H]1O[C@H](CO)[C@H]([C@@H]([C@H]1O)O)O)C,IMPHY014841,,https://cb.imsc.res.in/imppat/phytochemical-detailedpage/IMPHY014841,Organic compounds,Lipids and lipid-like molecules,Steroids and steroid derivatives,Stigmastanes and derivatives
GEZHEQNLKAOMCA-JDDSCDDDSA-N,"(Z)-4-[(2S,8R,17S,19R)-12-hydroxy-8,21,21-trimethyl-5-(3-methylbut-2-enyl)-8-(4-methylpent-3-enyl)-14,18-dioxo-3,7,20-trioxahexacyclo[15.4.1.02,15.02,19.04,13.06,11]docosa-4(13),5,9,11,15-pentaen-19-y",CC(=CCc1c2O[C@]34[C@@]5(C/C=C(C(=O)O)/C)OC(C4C[C@H](C5=O)C=C3C(=O)c2c(c2c1O[C@](C)(CCC=C(C)C)C=C2)O)(C)C)C,IMPHY001877,CHEMBL265955,https://cb.imsc.res.in/imppat/phytochemical-detailedpage/IMPHY001877,Organic compounds,Organoheterocyclic compounds,Benzopyrans,1-benzopyrans
DMYAAHDGSITLHJ-UHFFFAOYSA-N,Alpha-guttiferin,COc1c(CC=C(C)C)c(O)c(c2c1c(C)c(c(=O)o2)C)C(=O)C1=CCCC(C1C(O)C)C,IMPHY000493,,https://cb.imsc.res.in/imppat/phytochemical-detailedpage/IMPHY000493,Organic compounds,Phenylpropanoids and polyketides,Coumarins and derivatives,Hydroxycoumarins
COVMVPHACFXMAX-OYNOKLRGSA-N,Morellic acid,CC(=CCc1c2O[C@]34C(=C[C@@H]5C[C@H]3C(O[C@@]4(C/C=C(C(=O)O)/C)C5=O)(C)C)C(=O)c2c(c2c1OC(C)(C)C=C2)O)C,IMPHY015014,CHEMBL1765391,https://cb.imsc.res.in/imppat/phytochemical-detailedpage/IMPHY015014,Organic compounds,Organoheterocyclic compounds,Benzopyrans,1-benzopyrans
COQAPWLZSHQTKA-ZDLGFXPLSA-N,Morellin,O=C/C(=CCC12OC(C3C42Oc2c(C(=O)C4=CC(C1=O)C3)c(O)c1c(c2CC=C(C)C)OC(C=C1)(C)C)(C)C)/C,IMPHY010122,,https://cb.imsc.res.in/imppat/phytochemical-detailedpage/IMPHY010122,Organic compounds,Organoheterocyclic compounds,Benzopyrans,1-benzopyrans
COVMVPHACFXMAX-LICLKQGHSA-N,"(E)-4-[12-hydroxy-8,8,21,21-tetramethyl-5-(3-methylbut-2-enyl)-14,18-dioxo-3,7,20-trioxahexacyclo[15.4.1.02,15.02,19.04,13.06,11]docosa-4(13),5,9,11,15-pentaen-19-yl]-2-methylbut-2-enoic acid",CC(=CCc1c2OC34C(=CC5CC3C(OC4(C/C=C(/C(=O)O)C)C5=O)(C)C)C(=O)c2c(c2c1OC(C)(C)C=C2)O)C,IMPHY014090,,https://cb.imsc.res.in/imppat/phytochemical-detailedpage/IMPHY014090,Organic compounds,Organoheterocyclic compounds,Benzopyrans,1-benzopyrans
VZQQLPACAVHZQT-JTMUNMDNSA-N,Desoxymorellin,CC(=CCc1c2OC(C)(C)C=Cc2c(c2c1O[C@@]13C(=C[C@H]4CC1C(O[C@]3(CC=C(C)C)C4=O)(C)C)C2=O)O)C,IMPHY001733,CHEMBL3809306,https://cb.imsc.res.in/imppat/phytochemical-detailedpage/IMPHY001733,Organic compounds,Organoheterocyclic compounds,Benzopyrans,1-benzopyrans
ORNMPVMTDJIPQS-NXABCWRFSA-N,Dihydroisomorellin,O=C/C(=C/C[C@@]12OC(C3[C@@]42Oc2c(CC=C(C)C)c5OC(C)(C)C=Cc5c(c2C(=O)C4C[C@H](C1=O)C3)O)(C)C)/C,IMPHY001732,CHEMBL3809753,https://cb.imsc.res.in/imppat/phytochemical-detailedpage/IMPHY001732,Organic compounds,Organoheterocyclic compounds,Benzopyrans,1-benzopyrans
COQAPWLZSHQTKA-PVKLYBQVSA-N,Isomorellin,O=C/C(=C/C[C@]12OC([C@H]3[C@]42Oc2c(C(=O)C4=C[C@@H](C1=O)C3)c(O)c1c(c2CC=C(C)C)OC(C=C1)(C)C)(C)C)/C,IMPHY010220,,https://cb.imsc.res.in/imppat/phytochemical-detailedpage/IMPHY010220,Organic compounds,Organoheterocyclic compounds,Benzopyrans,1-benzopyrans
IKFKEJSONUWRCD-UNOMPAQXSA-N,Moreollin,CCOC1C2CC3C4(C1C(=O)c1c(O4)c(CC=C(C)C)c4c(c1O)C=CC(O4)(C)C)C(C2=O)(C/C=C(C=O)/C)OC3(C)C,IMPHY008399,,https://cb.imsc.res.in/imppat/phytochemical-detailedpage/IMPHY008399,Organic compounds,Organoheterocyclic compounds,Benzopyrans,1-benzopyrans
GFWPWSNIXRDQJC-LMSSTIIKSA-N,Morelloflavone,Oc1ccc(cc1)[C@H]1Oc2cc(O)cc(c2C(=O)[C@@H]1c1c(O)cc(c2c1oc(cc2=O)c1ccc(c(c1)O)O)O)O,IMPHY006368,CHEMBL1215433,https://cb.imsc.res.in/imppat/phytochemical-detailedpage/IMPHY006368,Organic compounds,Phenylpropanoids and polyketides,Flavonoids,Biflavonoids and polyflavonoids
OIPILFWXSMYKGL-UHFFFAOYSA-N,Acetylcholine,CC(=O)OCC[N+](C)(C)C,IMPHY012020,CHEMBL667,https://cb.imsc.res.in/imppat/phytochemical-detailedpage/IMPHY012020,Organic compounds,Organic nitrogen compounds,Organonitrogen compounds,Quaternary ammonium salts
NTYJJOPFIAHURM-UHFFFAOYSA-N,Histamine,NCCc1cnc[nH]1,IMPHY005990,CHEMBL90,https://cb.imsc.res.in/imppat/phytochemical-detailedpage/IMPHY005990,Organic compounds,Organic nitrogen compounds,Organonitrogen compounds,Amines
QZAYGJVTTNCVMB-UHFFFAOYSA-N,Serotonin,NCCc1c[nH]c2c1cc(O)cc2,IMPHY004653,CHEMBL39,https://cb.imsc.res.in/imppat/phytochemical-detailedpage/IMPHY004653,Organic compounds,Organoheterocyclic compounds,Indoles and derivatives,Tryptamines and derivatives
HHWOKJDCJVESIF-JRJVTICQSA-N,"(4aR,5R,6R,8aR)-5-[2-(furan-3-yl)ethyl]-5,6,8a-trimethyl-3,4,4a,6,7,8-hexahydronaphthalene-1-carboxylic acid",OC(=O)C1=CCC[C@H]2[C@@]1(C)CC[C@H]([C@@]2(C)CCc1ccoc1)C,IMPHY003648,,https://cb.imsc.res.in/imppat/phytochemical-detailedpage/IMPHY003648,Organic compounds,Lipids and lipid-like molecules,Prenol lipids,Diterpenoids
UGSBWJKLOVIZMZ-UDDICAGYSA-N,10-epi-Nidoresedic acid,OC(=O)C1=CC=C[C@@H]2[C@@]1(C)CC[C@H]([C@]2(C)CCc1cocc1)C,IMPHY014398,,https://cb.imsc.res.in/imppat/phytochemical-detailedpage/IMPHY014398,Organic compounds,Lipids and lipid-like molecules,Prenol lipids,Diterpenoids
LKCDRCCSEGFFNK-CULFUZIZSA-N,"15,16-Dihydro-15-methoxy-16-oxohardwickiic acid",COC1C=C(C(=O)O1)CC[C@@]1(C)[C@H](C)CC[C@@]2([C@@H]1CCC=C2C(=O)O)C,IMPHY007411,,https://cb.imsc.res.in/imppat/phytochemical-detailedpage/IMPHY007411,Organic compounds,Lipids and lipid-like molecules,Prenol lipids,Terpene lactones
AQUDFOQNDLVDOV-BKXNNBNLSA-N,"15-Methoxy-16-oxo-15,16H-strictic acid",COC1OC(=O)C(=C1)CC[C@]1(C)C/C=CC=C(/C(=C)CC[C@H]1C)C(=O)O,IMPHY000367,,https://cb.imsc.res.in/imppat/phytochemical-detailedpage/IMPHY000367,Organic compounds,Organoheterocyclic compounds,Dihydrofurans,Furanones
YIWQRXOLZOSKOP-POUUYTLGSA-N,2alpha-Acetoxyhardwickiic acid,CC(=O)O[C@H]1C=C(C(=O)O)[C@]2([C@H](C1)[C@@](C)(CCc1cocc1)[C@@H](CC2)C)C,IMPHY010011,,https://cb.imsc.res.in/imppat/phytochemical-detailedpage/IMPHY010011,Organic compounds,Lipids and lipid-like molecules,Prenol lipids,Diterpenoids
YPQZGQIOLDZFBE-UHFFFAOYSA-N,"7,2',4'-Trimethoxyflavone",COc1ccc(c(c1)OC)c1cc(=O)c2c(o1)cc(cc2)OC,IMPHY012659,,https://cb.imsc.res.in/imppat/phytochemical-detailedpage/IMPHY012659,Organic compounds,Phenylpropanoids and polyketides,Flavonoids,O-methylated flavonoids
CVULDJMCSSACEO-VMPREFPWSA-N,Asperphenamate,O=C([C@@H](NC(=O)c1ccccc1)Cc1ccccc1)OC[C@@H](NC(=O)c1ccccc1)Cc1ccccc1,IMPHY005141,CHEMBL496238,https://cb.imsc.res.in/imppat/phytochemical-detailedpage/IMPHY005141,Organic compounds,Organic acids and derivatives,Carboxylic acids and derivatives,"Amino acids, peptides, and analogues"
UKHQJOTZHQQZBX-BAOHTXIFSA-N,Centipedic acid,C/C(=CCCc1cocc1)/CC/C=C(C(=O)O)/CCC=C(C)C,IMPHY010190,CHEMBL1989337,https://cb.imsc.res.in/imppat/phytochemical-detailedpage/IMPHY010190,Organic compounds,Lipids and lipid-like molecules,Prenol lipids,Sesquiterpenoids
UKXNCRFTOXSKTE-KFCWCOGWSA-N,Clerodane,CCC(CC[C@@]1(C)[C@H](C)CC[C@@]2([C@@H]1CCC[C@@H]2C)C)C,IMPHY000631,,https://cb.imsc.res.in/imppat/phytochemical-detailedpage/IMPHY000631,Organic compounds,Lipids and lipid-like molecules,Prenol lipids,Diterpenoids
FCJKOBAGJCMBSO-AQMVCYDESA-N,Norhardwickiic acid,OC(=O)CC[C@@]1(C)[C@H](C)CC[C@@]2([C@@H]1CCC=C2C(=O)O)C,IMPHY006706,,https://cb.imsc.res.in/imppat/phytochemical-detailedpage/IMPHY006706,Organic compounds,Lipids and lipid-like molecules,Fatty acyls,Fatty acids and conjugates
REJAAYKOPDSYHA-CGYOTGJGSA-N,Norstrictic acid,OC(=O)CC[C@]1(C)C/C=CC=C(/C(=C)CC[C@H]1C)C(=O)O,IMPHY000369,,https://cb.imsc.res.in/imppat/phytochemical-detailedpage/IMPHY000369,Organic compounds,Organic acids and derivatives,Carboxylic acids and derivatives,Dicarboxylic acids and derivatives
PHJADXZUQNOLEH-VEUUUYJLSA-N,Strictic acid,C=C1CC[C@@H](C)[C@@](C)(C/C=CC=C/1C(=O)O)CCc1cocc1,IMPHY006682,CHEMBL1973570,https://cb.imsc.res.in/imppat/phytochemical-detailedpage/IMPHY006682,Organic compounds,Organoheterocyclic compounds,Heteroaromatic compounds,
IHFBPDAQLQOCBX-UHFFFAOYSA-N,Hispidulin,COc1c(O)cc2c(c1O)c(=O)cc(o2)c1ccc(cc1)O,IMPHY005442,CHEMBL293776,https://cb.imsc.res.in/imppat/phytochemical-detailedpage/IMPHY005442,Organic compounds,Phenylpropanoids and polyketides,Flavonoids,O-methylated flavonoids
JVXZRQGOGOXCEC-UHFFFAOYSA-N,Scutellarein,Oc1ccc(cc1)c1cc(=O)c2c(o1)cc(c(c2O)O)O,IMPHY012747,CHEMBL55415,https://cb.imsc.res.in/imppat/phytochemical-detailedpage/IMPHY012747,Organic compounds,Phenylpropanoids and polyketides,Flavonoids,Flavones
LIDPBIULZNRIJE-QHSBEEBCSA-N,Telekin,O=C1O[C@H]2[C@@H](C1=C)C[C@@]1([C@](C2)(C)CCCC1=C)O,IMPHY009421,CHEMBL406233,https://cb.imsc.res.in/imppat/phytochemical-detailedpage/IMPHY009421,Organic compounds,Lipids and lipid-like molecules,Prenol lipids,Terpene lactones
TZVDWGXUGGUMCE-JVHXOXOBSA-N,Bauerenol,C[C@@H]1CC[C@]2([C@@H]([C@H]1C)[C@]1(C)CC[C@H]3C(=CC[C@@H]4[C@]3(C)CC[C@@H](C4(C)C)O)[C@]1(CC2)C)C,IMPHY012314,,https://cb.imsc.res.in/imppat/phytochemical-detailedpage/IMPHY012314,Organic compounds,Lipids and lipid-like molecules,Prenol lipids,Triterpenoids
DTHUXXMWYWKQKX-QXZXTIJDSA-N,Bauerenyl acetate,CC(=O)O[C@H]1CC[C@]2([C@H](C1(C)C)CC=C1[C@@H]2CC[C@@]2([C@]1(C)CC[C@@]1([C@H]2[C@@H](C)[C@H](C)CC1)C)C)C,IMPHY011226,,https://cb.imsc.res.in/imppat/phytochemical-detailedpage/IMPHY011226,Organic compounds,Lipids and lipid-like molecules,Prenol lipids,Triterpenoids
WQLVFSAGQJTQCK-VKROHFNGSA-N,Diosgenin,C[C@@H]1CC[C@@]2(OC1)O[C@@H]1[C@H]([C@@H]2C)[C@@]2([C@@H](C1)[C@@H]1CC=C3[C@]([C@H]1CC2)(C)CC[C@@H](C3)O)C,IMPHY003681,CHEMBL412437,https://cb.imsc.res.in/imppat/phytochemical-detailedpage/IMPHY003681,Organic compounds,Lipids and lipid-like molecules,Prenol lipids,Triterpenoids
XCDQFROEGGNAER-PFOIMGGJSA-N,Epifriedelanol,O[C@H]1CC[C@@H]2[C@]([C@H]1C)(C)CC[C@H]1[C@@]2(C)CC[C@@]2([C@]1(C)CC[C@@]1([C@H]2CC(C)(C)CC1)C)C,IMPHY011859,CHEMBL464649,https://cb.imsc.res.in/imppat/phytochemical-detailedpage/IMPHY011859,Organic compounds,Lipids and lipid-like molecules,Prenol lipids,Triterpenoids
OVFDXRVXQRNNCT-UHFFFAOYSA-N,"Flavone,5,8-dihydroxy-7,4?-dimethoxy flavone",COc1ccc(cc1)c1cc(=O)c2c(o1)c(O)c(cc2O)OC,IMPHY002363,CHEMBL5565150,https://cb.imsc.res.in/imppat/phytochemical-detailedpage/IMPHY002363,Organic compounds,Phenylpropanoids and polyketides,Flavonoids,O-methylated flavonoids
RHXAGMUUCXBJAP-VMPITWQZSA-N,Helisorin,COC(=O)C(Cc1ccc(c(c1)O)O)OC(=O)/C=C/C1=CC2C3C(C1C(=O)C2(O)c1c3cc(c(c1)O)O)C(=O)OC(C(=O)OC)Cc1ccc(c(c1)O)O,IMPHY000707,,https://cb.imsc.res.in/imppat/phytochemical-detailedpage/IMPHY000707,Organic compounds,Benzenoids,Fluorenes,
KHVMAMXQPVHXTJ-ORYXKJSJSA-N,Hibifolin,O[C@@H]1[C@@H](O)[C@@H](O[C@@H]([C@H]1O)C(=O)O)Oc1c(O)cc(c2c1oc(c1ccc(c(c1)O)O)c(c2=O)O)O,IMPHY006127,CHEMBL1822703,https://cb.imsc.res.in/imppat/phytochemical-detailedpage/IMPHY006127,Organic compounds,Phenylpropanoids and polyketides,Flavonoids,Flavonoid glycosides
UTGPYHWDXYRYGT-UHFFFAOYSA-N,Tetratriacontanoic acid,CCCCCCCCCCCCCCCCCCCCCCCCCCCCCCCCCC(=O)O,IMPHY007370,,https://cb.imsc.res.in/imppat/phytochemical-detailedpage/IMPHY007370,Organic compounds,Lipids and lipid-like molecules,Fatty acyls,Fatty acids and conjugates
JPUKWEQWGBDDQB-DTGCRPNFSA-N,Trifolin,OC[C@H]1O[C@@H](Oc2c(oc3c(c2=O)c(O)cc(c3)O)c2ccc(cc2)O)[C@@H]([C@H]([C@H]1O)O)O,IMPHY014966,CHEMBL453290,https://cb.imsc.res.in/imppat/phytochemical-detailedpage/IMPHY014966,Organic compounds,Phenylpropanoids and polyketides,Flavonoids,Flavonoid glycosides
OULAJFUGPPVRBK-UHFFFAOYSA-N,1-Tetratriacontanol,CCCCCCCCCCCCCCCCCCCCCCCCCCCCCCCCCCO,IMPHY005283,,https://cb.imsc.res.in/imppat/phytochemical-detailedpage/IMPHY005283,Organic compounds,Lipids and lipid-like molecules,Fatty acyls,Fatty alcohols
UTGPYHWDXYRYGT-UHFFFAOYSA-M,Geddate,CCCCCCCCCCCCCCCCCCCCCCCCCCCCCCCCCC(=O)[O-],IMPHY002911,,https://cb.imsc.res.in/imppat/phytochemical-detailedpage/IMPHY002911,Organic compounds,Lipids and lipid-like molecules,Fatty acyls,Fatty acids and conjugates
WTBZNVRBNJWSPF-DZEACCAPSA-N,Isocucurbitacin B,CC(=O)OC(/C=C/C(=O)[C@@]([C@H]1[C@H](O)C[C@@]2([C@]1(C)CC(=O)[C@@]1([C@H]2CC=C2[C@H]1CC(=O)[C@H](C2(C)C)O)C)C)(O)C)(C)C,IMPHY012813,,https://cb.imsc.res.in/imppat/phytochemical-detailedpage/IMPHY012813,Organic compounds,Lipids and lipid-like molecules,Steroids and steroid derivatives,Cucurbitacins
NLRIJHGYFNZMGB-UHFFFAOYSA-N,8-Nonynoic acid,C#CCCCCCCC(=O)O,IMPHY012189,,https://cb.imsc.res.in/imppat/phytochemical-detailedpage/IMPHY012189,Organic compounds,Lipids and lipid-like molecules,Fatty acyls,Fatty acids and conjugates
KHOZXYSECXUORA-UHFFFAOYSA-N,9-Decynoic acid,C#CCCCCCCCC(=O)O,IMPHY012773,,https://cb.imsc.res.in/imppat/phytochemical-detailedpage/IMPHY012773,Organic compounds,Lipids and lipid-like molecules,Fatty acyls,Fatty acids and conjugates
SXYMMDGPXYVCER-HYSOADAZSA-O,Cyanidin 3-sophoroside,OCC1O[C@@H](Oc2cc3c(O)cc(cc3[o+]c2c2ccc(c(c2)O)O)O)C(C([C@@H]1O)O)O[C@@H]1OC(CO)[C@H](C([C@H]1O)O)O,IMPHY001033,,https://cb.imsc.res.in/imppat/phytochemical-detailedpage/IMPHY001033,Organic compounds,Phenylpropanoids and polyketides,Flavonoids,Flavonoid glycosides
LOXRHOFBKUTJEZ-UOVHCIAHSA-O,Cyanidin 3-sophoroside-5-glucoside,OCC1O[C@@H](Oc2cc3c(cc(cc3[o+]c2c2ccc(c(c2)O)O)O)O[C@@H]2OC(CO)[C@H]([C@@H](C2O)O)O)C(C([C@@H]1O)O)O[C@@H]1OC(CO)[C@H](C([C@H]1O)O)O,IMPHY001037,,https://cb.imsc.res.in/imppat/phytochemical-detailedpage/IMPHY001037,Organic compounds,Phenylpropanoids and polyketides,Flavonoids,Flavonoid glycosides
COAWNPJQKJEHPG-UHFFFAOYSA-N,Cyanidin chloride,Oc1cc(O)c2c(c1)[o+]c(c(c2)O)c1ccc(c(c1)O)O.[Cl-],IMPHY008934,CHEMBL511367,https://cb.imsc.res.in/imppat/phytochemical-detailedpage/IMPHY008934,Organic compounds,Phenylpropanoids and polyketides,Flavonoids,Hydroxyflavonoids
QDVZZZBBPRFPDG-DHJOXOLYSA-N,Cyanin chloride,OC[C@H]1O[C@@H](Oc2cc(O)cc3c2cc(O[C@@H]2O[C@H](CO)[C@H]([C@@H]([C@H]2O)O)O)c([o+]3)c2ccc(c(c2)O)O)[C@@H]([C@H]([C@@H]1O)O)O.[Cl-],IMPHY008925,,https://cb.imsc.res.in/imppat/phytochemical-detailedpage/IMPHY008925,Organic compounds,Phenylpropanoids and polyketides,Flavonoids,Flavonoid glycosides
FTJPDYTXORWVLU-UHFFFAOYSA-N,Dotetracontane,CCCCCCCCCCCCCCCCCCCCCCCCCCCCCCCCCCCCCCCCCC,IMPHY013865,,https://cb.imsc.res.in/imppat/phytochemical-detailedpage/IMPHY013865,Organic compounds,Hydrocarbons,Saturated hydrocarbons,Alkanes
XZTRGHMNLXAJPZ-DGBSRBSYSA-N,Kaempferol 3-xylosylglucoside,OC[C@H]1O[C@H]([C@@H]([C@H]1O)O)OC[C@H]1O[C@@H](Oc2c(oc3c(c2=O)c(O)cc(c3)O)c2ccc(cc2)O)[C@@H]([C@H]([C@@H]1O)O)O,IMPHY010218,,https://cb.imsc.res.in/imppat/phytochemical-detailedpage/IMPHY010218,Organic compounds,Phenylpropanoids and polyketides,Flavonoids,Flavonoid glycosides
UTECWQIXBMWRRR-QXHWVZJPSA-N,Quercetin 3-diglucoside,OC[C@H]1O[C@@H](Oc2c(oc3c(c2=O)c(O)cc(c3)O)c2ccc(c(c2)O)O)[C@@H]([C@H]([C@@H]1O[C@@H]1O[C@H](CO)[C@H]([C@@H]([C@H]1O)O)O)O)O,IMPHY003606,CHEMBL3103833,https://cb.imsc.res.in/imppat/phytochemical-detailedpage/IMPHY003606,Organic compounds,Phenylpropanoids and polyketides,Flavonoids,Flavonoid glycosides
IQBMWEYFKNVACH-MEBVLIOMSA-N,Quercetin 3-sophorotrioside,OC[C@H]1O[C@@H](Oc2c(oc3c(c2=O)c(O)cc(c3)O)c2ccc(c(c2)O)O)[C@@H]([C@H]([C@@H]1O)O)O[C@@H]1O[C@H](CO)[C@H]([C@@H]([C@H]1O[C@@H]1O[C@H](CO)[C@H]([C@@H]([C@H]1O)O)O)O)O,IMPHY005573,,https://cb.imsc.res.in/imppat/phytochemical-detailedpage/IMPHY005573,Organic compounds,Phenylpropanoids and polyketides,Flavonoids,Flavonoid glycosides
BNSCASRSSGJHQH-DLYJTTMZSA-N,"Quercetin-3,7-diglucoside",OC[C@@H]1O[C@H](Oc2cc(O)c3c(c2)oc(c(c3=O)O[C@@H]2O[C@H](CO)[C@H]([C@H]([C@H]2O)O)O)c2ccc(c(c2)O)O)[C@H]([C@H]([C@H]1O)O)O,IMPHY010734,,https://cb.imsc.res.in/imppat/phytochemical-detailedpage/IMPHY010734,Organic compounds,Phenylpropanoids and polyketides,Flavonoids,Flavonoid glycosides
MOYBJCPSZDTMHJ-PAEPIACBSA-N,"Stigmast-5-ene-3beta,4alpha-diol",CC[C@@H](C(C)C)CC[C@H]([C@H]1CC[C@@H]2[C@]1(C)CC[C@H]1[C@H]2CC=C2[C@]1(C)CC[C@@H]([C@H]2O)O)C,IMPHY014648,,https://cb.imsc.res.in/imppat/phytochemical-detailedpage/IMPHY014648,Organic compounds,Lipids and lipid-like molecules,Steroids and steroid derivatives,Stigmastanes and derivatives
YYMDYQRVMDHIKC-UHFFFAOYSA-N,n-Hentriacontan-4-one-10-ol,CCCCCCCCCCCCCCCCCCCCCC(CCCCCC(=O)CCC)O,IMPHY014216,,https://cb.imsc.res.in/imppat/phytochemical-detailedpage/IMPHY014216,Organic compounds,Lipids and lipid-like molecules,Fatty acyls,Fatty alcohols
NKVTYAQSEJBFHE-UHFFFAOYSA-N,n-Nonacosan-4-ol-18-one,CCCCCCCCCCCC(=O)CCCCCCCCCCCCCC(CCC)O,IMPHY014210,,https://cb.imsc.res.in/imppat/phytochemical-detailedpage/IMPHY014210,Organic compounds,Lipids and lipid-like molecules,Fatty acyls,Fatty alcohols
ZMUBBDGDFMAIMP-CZIZESTLSA-N,Methyl (e)-11-methoxy-9-oxo-10-nonadecenoate,CCCCCCCC/C(=CC(=O)CCCCCCCC(=O)OC)/OC,IMPHY013665,,https://cb.imsc.res.in/imppat/phytochemical-detailedpage/IMPHY013665,Organic compounds,Lipids and lipid-like molecules,Fatty acyls,Fatty acid esters
GYLXZHKHPYLEIF-UHFFFAOYSA-N,Methyl malvalate,CCCCCCCCC1=C(C1)CCCCCCC(=O)OC,IMPHY008398,,https://cb.imsc.res.in/imppat/phytochemical-detailedpage/IMPHY008398,Organic compounds,Lipids and lipid-like molecules,Fatty acyls,Fatty acid esters
CMRNMZJAUFXOQF-UHFFFAOYSA-N,Methyl sterculate,CCCCCCCCC1=C(C1)CCCCCCCC(=O)OC,IMPHY001803,,https://cb.imsc.res.in/imppat/phytochemical-detailedpage/IMPHY001803,Organic compounds,Lipids and lipid-like molecules,Fatty acyls,Fatty acid esters
ZHOLUHXKCIXGSR-GBHAUCNQSA-N,"11alpha-Hydroxyandrosta-1,4-diene-3,17-dione",O=C1C=C[C@]2(C(=C1)CC[C@@H]1[C@@H]2[C@H](O)C[C@]2([C@H]1CCC2=O)C)C,IMPHY011416,,https://cb.imsc.res.in/imppat/phytochemical-detailedpage/IMPHY011416,Organic compounds,Lipids and lipid-like molecules,Steroids and steroid derivatives,Androstane steroids
ZHOLUHXKCIXGSR-KCZNZURUSA-N,11beta-Hydroxyboldione,O=C1C=C[C@]2(C(=C1)CC[C@@H]1[C@@H]2[C@@H](O)C[C@]2([C@H]1CCC2=O)C)C,IMPHY011293,,https://cb.imsc.res.in/imppat/phytochemical-detailedpage/IMPHY011293,Organic compounds,Lipids and lipid-like molecules,Steroids and steroid derivatives,Androstane steroids
MDZRHDNUSKCTSP-MLCXWSTKSA-N,Conamine,N[C@H]1CCC2(C(=CCC3C2CCC24C3CCC4C(N(C2)C)C)C1)C,IMPHY008970,,https://cb.imsc.res.in/imppat/phytochemical-detailedpage/IMPHY008970,Organic compounds,Lipids and lipid-like molecules,Steroids and steroid derivatives,Steroidal alkaloids
ICKQFGPZAUSMPE-PFKVMXGZSA-N,Conanine,CN1C[C@]23[C@@H]([C@@H]1C)CC[C@H]3[C@H]1[C@H](CC2)[C@@]2(C)CCCCC2CC1,IMPHY012961,,https://cb.imsc.res.in/imppat/phytochemical-detailedpage/IMPHY012961,Organic compounds,Lipids and lipid-like molecules,Steroids and steroid derivatives,Steroidal alkaloids
WXUYRHRCXDRFJK-LQOGWUMHSA-N,Conarrhimine,N[C@H]1CC[C@]2(C(=CC[C@@H]3[C@@H]2CC[C@]24[C@H]3CC[C@@H]4[C@@H](NC2)C)C1)C,IMPHY002132,,https://cb.imsc.res.in/imppat/phytochemical-detailedpage/IMPHY002132,Organic compounds,Organoheterocyclic compounds,Azaspirodecane derivatives,
ALQAUMHHCJMVID-LQOGWUMHSA-N,Conckurchine,N[C@H]1CC[C@]2(C(=CC[C@@H]3[C@@H]2CC[C@]24[C@H]3CC[C@@H]4[C@@H](N=C2)C)C1)C,IMPHY010971,CHEMBL2262637,https://cb.imsc.res.in/imppat/phytochemical-detailedpage/IMPHY010971,Organic compounds,Organoheterocyclic compounds,Pyrrolines,
CHMBCKMSXBNZSX-QLPKIABKSA-N,Conessidine,CN[C@H]1CC[C@]2(C(=CC[C@@H]3[C@@H]2CC[C@]24[C@H]3CC[C@@H]4[C@@H](N=C2)C)C1)C,IMPHY005696,CHEMBL2262847,https://cb.imsc.res.in/imppat/phytochemical-detailedpage/IMPHY005696,Organic compounds,Organoheterocyclic compounds,Pyrrolines,
PHYSDIZFXRPRAH-ALCLCTQTSA-N,Conessimine,CN([C@H]1CC[C@]2(C(=CC[C@@H]3[C@@H]2CC[C@]24[C@H]3CC[C@@H]4[C@@H](NC2)C)C1)C)C,IMPHY002096,CHEMBL2262636,https://cb.imsc.res.in/imppat/phytochemical-detailedpage/IMPHY002096,Organic compounds,Organoheterocyclic compounds,Azaspirodecane derivatives,
GPLGAQQQNWMVMM-MYAJQUOBSA-N,Conessine,CN([C@H]1CC[C@]2(C(=CC[C@@H]3[C@@H]2CC[C@]24[C@H]3CC[C@@H]4[C@@H](N(C2)C)C)C1)C)C,IMPHY012520,CHEMBL191703,https://cb.imsc.res.in/imppat/phytochemical-detailedpage/IMPHY012520,Organic compounds,Lipids and lipid-like molecules,Steroids and steroid derivatives,Steroidal alkaloids
SHCHXCXYUPHKHW-QLPKIABKSA-N,Conimine,CN[C@H]1CC[C@]2(C(=CC[C@@H]3[C@@H]2CC[C@]24[C@H]3CC[C@@H]4[C@@H](NC2)C)C1)C,IMPHY002225,,https://cb.imsc.res.in/imppat/phytochemical-detailedpage/IMPHY002225,Organic compounds,Organoheterocyclic compounds,Azaspirodecane derivatives,
ROMMFYOMFNJWDB-JHITXLNUSA-N,Dihydroisoconessimine,CN[C@H]1CC[C@]2([C@H](C1)CC[C@@H]1[C@@H]2CC[C@]23[C@H]1CC[C@@H]3[C@@H](N(C2)C)C)C,IMPHY000328,,https://cb.imsc.res.in/imppat/phytochemical-detailedpage/IMPHY000328,Organic compounds,Lipids and lipid-like molecules,Steroids and steroid derivatives,Steroidal alkaloids
PSOQPSXOOXHHBU-LJZXKFISSA-N,Holadienine,O=C1C=C[C@]2(C(=C1)CC[C@@H]1[C@@H]2CC[C@]23[C@H]1CC[C@@H]3[C@@H](N(C2)C)C)C,IMPHY013094,,https://cb.imsc.res.in/imppat/phytochemical-detailedpage/IMPHY013094,Organic compounds,Lipids and lipid-like molecules,Steroids and steroid derivatives,Steroidal alkaloids
MDIHJZIBYXGUFH-YBVJDGITSA-N,Holafrine,O=C(O[C@@H]1CC2C(C3[C@@]41CNC([C@H]4CC3)C)CC=C1[C@]2(C)CC[C@@H](C1)N(C)C)CC=C(C)C,IMPHY008829,,https://cb.imsc.res.in/imppat/phytochemical-detailedpage/IMPHY008829,Organic compounds,Lipids and lipid-like molecules,Steroids and steroid derivatives,Steroid esters
QESDNCVYXJTJRY-NFKVXLAQSA-N,Holarrhenine,CN([C@H]1CC[C@]2(C(=CC[C@@H]3[C@@H]2C[C@@H](O)[C@]24[C@H]3CC[C@@H]4[C@@H](N(C2)C)C)C1)C)C,IMPHY011169,,https://cb.imsc.res.in/imppat/phytochemical-detailedpage/IMPHY011169,Organic compounds,Lipids and lipid-like molecules,Steroids and steroid derivatives,Steroidal alkaloids
GZIHCSJHMIRZCP-UHFFFAOYSA-N,Holarrhetine,CN1CC2C3(C1)C(OC(=O)CC=C(C)C)CC1C(C3CC2)CC=C2C1(C)CCC(C2)N(C)C,IMPHY008819,,https://cb.imsc.res.in/imppat/phytochemical-detailedpage/IMPHY008819,Organic compounds,Lipids and lipid-like molecules,Steroids and steroid derivatives,Steroid esters
ZCBATDUBXUJVRC-LQOGWUMHSA-N,Holarrhimine,OC[C@]12CC[C@H]3[C@H]([C@@H]1CC[C@@H]2[C@@H](N)C)CC=C1[C@]3(C)CC[C@@H](C1)N,IMPHY013264,,https://cb.imsc.res.in/imppat/phytochemical-detailedpage/IMPHY013264,Organic compounds,Lipids and lipid-like molecules,Steroids and steroid derivatives,Pregnane steroids
MTTRNPRLWQGKCB-KUJPYBTHSA-N,Irehdiamine B,CN[C@H]1CC[C@]2(C(=CC[C@@H]3[C@@H]2CC[C@]2([C@H]3CC[C@@H]2[C@@H](N)C)C)C1)C,IMPHY001601,,https://cb.imsc.res.in/imppat/phytochemical-detailedpage/IMPHY001601,Organic compounds,Lipids and lipid-like molecules,Steroids and steroid derivatives,Pregnane steroids
YTNIUPZRMQLHNV-XSIUSZODSA-N,Kurchessine,CN([C@H]1CC[C@]2(C(=CC[C@@H]3[C@@H]2CC[C@]2([C@H]3CC[C@@H]2[C@@H](N(C)C)C)C)C1)C)C,IMPHY004099,CHEMBL344384,https://cb.imsc.res.in/imppat/phytochemical-detailedpage/IMPHY004099,Organic compounds,Lipids and lipid-like molecules,Steroids and steroid derivatives,Azasteroids and derivatives
UBWOPONWVXRTKE-UHFFFAOYSA-N,Kurchine,CNC1CCC2(C(=CCC3C2CCC24C3CCC4C(N(C2)C)C)C1)C,IMPHY010604,,https://cb.imsc.res.in/imppat/phytochemical-detailedpage/IMPHY010604,Organic compounds,Lipids and lipid-like molecules,Steroids and steroid derivatives,Steroidal alkaloids
OXOKQBJXPMVNLS-QTGGLPCTSA-N,Kurcholessine,O[C@H]1C[C@@]2(O)[C@H](C)[C@H](CC[C@@]2([C@@H]2[C@@H]1[C@@H]1CC[C@H]3[C@]1(CC2)CN([C@H]3C)C)C)N(C)C,IMPHY003851,,https://cb.imsc.res.in/imppat/phytochemical-detailedpage/IMPHY003851,Organic compounds,Lipids and lipid-like molecules,Steroids and steroid derivatives,Steroidal alkaloids
DSCFFEYYQKSRSV-MBXCVVGISA-N,L-Quebrachitol,COC1[C@H](O)[C@@H](O)C([C@@H]([C@H]1O)O)O,IMPHY014972,,https://cb.imsc.res.in/imppat/phytochemical-detailedpage/IMPHY014972,Organic compounds,Organic oxygen compounds,Organooxygen compounds,Alcohols and polyols
RYMSXDCZDKINTN-BDOTYWONSA-N,Norholadiene,O=C1C=C[C@]2(C(=C1)CC[C@@H]1[C@@H]2CC[C@]23[C@H]1CC[C@@H]3[C@@H](NC2)C)C,IMPHY002156,,https://cb.imsc.res.in/imppat/phytochemical-detailedpage/IMPHY002156,Organic compounds,Lipids and lipid-like molecules,Steroids and steroid derivatives,Oxosteroids
QESDNCVYXJTJRY-IINYINBQSA-N,Pubescimine,CN(C1CC[C@]2(C(=CC[C@@H]3[C@@H]2C[C@H](O)[C@]24[C@H]3CC[C@@H]4[C@@H](N(C2)C)C)C1)C)C,IMPHY010956,,https://cb.imsc.res.in/imppat/phytochemical-detailedpage/IMPHY010956,Organic compounds,Lipids and lipid-like molecules,Steroids and steroid derivatives,Steroidal alkaloids
KXEMQEGRZWUKJS-RURTYGRKSA-N,Pubescine,COc1ccc2c(c1)[nH]c1c2CCN2[C@H]1C[C@H]1[C@@H](C2)[C@H](C)OC=C1C(=O)OC,IMPHY003716,CHEMBL1329821,https://cb.imsc.res.in/imppat/phytochemical-detailedpage/IMPHY003716,Organic compounds,Alkaloids and derivatives,Yohimbine alkaloids,
FNCKOVJIJVZKHE-OIPWLAMZSA-N,Regholarrhenine A,O=C1C=C[C@]2(C(=C1)CC[C@@H]1[C@@H]2[C@H](O)C[C@]23[C@H]1CC[C@@H]3[C@@H](N(C2)C)C)C,IMPHY010721,,https://cb.imsc.res.in/imppat/phytochemical-detailedpage/IMPHY010721,Organic compounds,Lipids and lipid-like molecules,Steroids and steroid derivatives,Steroidal alkaloids
VZEOMTUPOPCHIZ-RSOCUBRASA-N,Regholarrhenine B,O=C1C=C[C@]2(C(=C1)CC[C@@H]1[C@@H]2[C@H](O)C[C@]23[C@H]1CC[C@@H]3[C@@H](NC2)C)C,IMPHY010824,,https://cb.imsc.res.in/imppat/phytochemical-detailedpage/IMPHY010824,Organic compounds,Lipids and lipid-like molecules,Steroids and steroid derivatives,Oxosteroids
IJXJZTJHUIMUND-ALCLCTQTSA-N,Regholarrhenine D,CN([C@H]1CC[C@]2(C(=CC[C@@H]3[C@@H]2CC[C@]24[C@H]3CC[C@@H]4[C@@H](N(C2)O)C)C1)C)C,IMPHY002427,,https://cb.imsc.res.in/imppat/phytochemical-detailedpage/IMPHY002427,Organic compounds,Organoheterocyclic compounds,Azaspirodecane derivatives,
OXOKQBJXPMVNLS-WBYSGCIYSA-N,Regholarrhenine E,O[C@@H]1C[C@@]2(O)[C@H](C)[C@H](CC[C@@]2([C@@H]2[C@@H]1[C@@H]1CC[C@H]3[C@]1(CC2)CN([C@H]3C)C)C)N(C)C,IMPHY003852,,https://cb.imsc.res.in/imppat/phytochemical-detailedpage/IMPHY003852,Organic compounds,Lipids and lipid-like molecules,Steroids and steroid derivatives,Steroidal alkaloids
UCNIUVSOJLHWRM-DPBQVHGISA-N,Regholarrhenine F,OC[C@@]12CC[C@H]3[C@H]([C@@H]2CC[C@@H]1[C@@H](N(C)C)C)CC=C1[C@]3(C)CC[C@@H](C1)N(C)C,IMPHY002562,,https://cb.imsc.res.in/imppat/phytochemical-detailedpage/IMPHY002562,Organic compounds,Lipids and lipid-like molecules,Steroids and steroid derivatives,Hydroxysteroids
XGTRFWNUPBJUPH-YSFFVJTJSA-N,Holadysamine,CNC1CC[C@]2(C(=CC[C@@H]3[C@@H]2CC[C@]2([C@H]3CC=C2C(O)C)C)C1)C,IMPHY008870,,https://cb.imsc.res.in/imppat/phytochemical-detailedpage/IMPHY008870,Organic compounds,Lipids and lipid-like molecules,Steroids and steroid derivatives,Hydroxysteroids
QCJJVDOQIBEJFX-YVBZONKWSA-N,Holadysine,CC[C@H]1C(=O)C[C@@H]2[C@]1(C)CC[C@H]1[C@H]2CC=C2[C@]1(C)CC[C@H](C2)NC,IMPHY000306,,https://cb.imsc.res.in/imppat/phytochemical-detailedpage/IMPHY000306,Organic compounds,Lipids and lipid-like molecules,Steroids and steroid derivatives,Pregnane steroids
XPLAXRSHXHPUNS-FCWRMTCOSA-N,Holantosine A,CO[C@H]1C[C@H](O[C@H]2CC[C@]3([C@H](C2)CC[C@@H]2[C@@H]3CC[C@]34[C@]2(O)CC[C@@H]4C(OC3)(C)O)C)O[C@@H]([C@H]1N)C,IMPHY010291,,https://cb.imsc.res.in/imppat/phytochemical-detailedpage/IMPHY010291,Organic compounds,Lipids and lipid-like molecules,Steroids and steroid derivatives,Steroidal glycosides
WBFUKUDNJLPCFA-AEZDWOFXSA-N,Holantosine B,CO[C@H]1C[C@H](O[C@H]2CC[C@]3([C@H](C2)CC[C@@H]2[C@@H]3CC[C@]34[C@@]52CC[C@@H]4[C@](O5)(OC3)C)C)O[C@@H]([C@H]1N)C,IMPHY010427,,https://cb.imsc.res.in/imppat/phytochemical-detailedpage/IMPHY010427,Organic compounds,Organic oxygen compounds,Organooxygen compounds,Carbohydrates and carbohydrate conjugates
XPLAXRSHXHPUNS-AJXXJKKOSA-N,Holantosine C,CO[C@@H]1C[C@H](O[C@H]2CC[C@]3([C@H](C2)CC[C@@H]2[C@@H]3CC[C@]34[C@]2(O)CC[C@@H]4[C@](OC3)(C)O)C)O[C@H]([C@@H]1N)C,IMPHY010257,,https://cb.imsc.res.in/imppat/phytochemical-detailedpage/IMPHY010257,Organic compounds,Lipids and lipid-like molecules,Steroids and steroid derivatives,Steroidal glycosides
WBFUKUDNJLPCFA-DRTPBXFPSA-N,Holantosine D,CO[C@@H]1C[C@H](O[C@H]2CC[C@]3([C@H](C2)CC[C@@H]2[C@@H]3CC[C@]34[C@@]52CC[C@@H]4[C@](O5)(OC3)C)C)O[C@H]([C@@H]1N)C,IMPHY010279,,https://cb.imsc.res.in/imppat/phytochemical-detailedpage/IMPHY010279,Organic compounds,Organic oxygen compounds,Organooxygen compounds,Carbohydrates and carbohydrate conjugates
GPRZXDPWGLHIQE-QGVNFLHTSA-N,Holaphyllamine,N[C@H]1CC[C@]2(C(=CC[C@@H]3[C@@H]2CC[C@]2([C@H]3CC[C@@H]2C(=O)C)C)C1)C,IMPHY013059,,https://cb.imsc.res.in/imppat/phytochemical-detailedpage/IMPHY013059,Organic compounds,Lipids and lipid-like molecules,Steroids and steroid derivatives,Pregnane steroids
OWRKWFAIPXJPJE-BIBIXIOVSA-N,Holaphylline,CN[C@H]1CC[C@]2(C(=CC[C@@H]3[C@@H]2CC[C@]2([C@H]3CC[C@@H]2C(=O)C)C)C1)C,IMPHY012979,,https://cb.imsc.res.in/imppat/phytochemical-detailedpage/IMPHY012979,Organic compounds,Lipids and lipid-like molecules,Steroids and steroid derivatives,Pregnane steroids
LWZNDYKDUGVSBN-OWURWKMOSA-N,Kurchaline,C/C=C/1[C@H](O)C[C@@H]2[C@]1(C)CC[C@H]1[C@H]2CC=C2[C@]1(C)C[C@@H](O)[C@@H](C2)N(C)C,IMPHY000304,,https://cb.imsc.res.in/imppat/phytochemical-detailedpage/IMPHY000304,Organic compounds,Lipids and lipid-like molecules,Steroids and steroid derivatives,Androstane steroids
BEPGTHDUUROBHM-UHFFFAOYSA-N,Triacanthine,CC(=CCn1cnc(c2-c1ncn2)N)C,IMPHY000806,,https://cb.imsc.res.in/imppat/phytochemical-detailedpage/IMPHY000806,Organic compounds,Organoheterocyclic compounds,Imidazopyrimidines,Purines and purine derivatives
BEERHVKGSHXGPX-OXFPABETSA-N,Antidysentericine,CN([C@H]1CC[C@]2(C(=CC[C@@H]3[C@@H]2CC[C@]24[C@H]3CC[C@@H]4C(NC2=O)C)C1)C)C,IMPHY013719,,https://cb.imsc.res.in/imppat/phytochemical-detailedpage/IMPHY013719,Organic compounds,Lipids and lipid-like molecules,Steroids and steroid derivatives,Hydroxysteroids
FELCJAPFJOPHSD-ROUWMTJPSA-N,Betulinaldehyde,O=C[C@@]12CC[C@H]([C@@H]2[C@@H]2[C@](CC1)(C)[C@]1(C)CC[C@@H]3[C@]([C@H]1CC2)(C)CC[C@@H](C3(C)C)O)C(=C)C,IMPHY007313,CHEMBL512622,https://cb.imsc.res.in/imppat/phytochemical-detailedpage/IMPHY007313,Organic compounds,Lipids and lipid-like molecules,Prenol lipids,Triterpenoids
FAXPUMXEROXVIL-AOESGJPPSA-N,Holarricine,OC[C@]12CC(=O)[C@H]3[C@H]([C@@H]1CC(=O)[C@@H]2[C@@H](N)C)CC=C1[C@]3(C)CC[C@@H](C1)N,IMPHY002401,,https://cb.imsc.res.in/imppat/phytochemical-detailedpage/IMPHY002401,Organic compounds,Lipids and lipid-like molecules,Steroids and steroid derivatives,Pregnane steroids
BNZYDQIAPCVNAT-VURMDHGXSA-N,Isoricinoleic Acid,CCCCC/C=CCCC(CCCCCCCC(=O)O)O,IMPHY005445,,https://cb.imsc.res.in/imppat/phytochemical-detailedpage/IMPHY005445,Organic compounds,Lipids and lipid-like molecules,Fatty acyls,Fatty acids and conjugates
GJSNFPYLOSEROJ-PWFQONRBSA-N,Kurchiline,CN([C@@H]1C[C@@H]2CC[C@@H]3[C@@H]([C@]2(C[C@H]1O)C)CC[C@]1([C@H]3CC[C@@H]1C(=O)C)C)C,IMPHY000475,,https://cb.imsc.res.in/imppat/phytochemical-detailedpage/IMPHY000475,Organic compounds,Lipids and lipid-like molecules,Steroids and steroid derivatives,Pregnane steroids
QZZGJDVWLFXDLK-UHFFFAOYSA-N,Tetracosanoic acid,CCCCCCCCCCCCCCCCCCCCCCCC(=O)O,IMPHY000165,CHEMBL1173620,https://cb.imsc.res.in/imppat/phytochemical-detailedpage/IMPHY000165,Organic compounds,Lipids and lipid-like molecules,Fatty acyls,Fatty acids and conjugates
COHYTHOBJLSHDF-BUHFOSPRSA-N,Indigo,O=C1c2ccccc2N/C/1=C1/Nc2c(C1=O)cccc2,IMPHY005061,CHEMBL599552,https://cb.imsc.res.in/imppat/phytochemical-detailedpage/IMPHY005061,Organic compounds,Organoheterocyclic compounds,Indoles and derivatives,Indolines
XTIQPKJOGKMOSY-FCEUIQTBSA-N,"[(12S,15R,16R)-14,14-dimethyl-6-oxo-4-phenyl-3,11,13-trioxatetracyclo[8.6.0.02,7.012,16]hexadeca-1(10),2(7),4,8-tetraen-15-yl] acetate",CC(=O)O[C@@H]1[C@@H]2[C@H](OC1(C)C)Oc1c2c2oc(cc(=O)c2cc1)c1ccccc1,IMPHY010936,,https://cb.imsc.res.in/imppat/phytochemical-detailedpage/IMPHY010936,Organic compounds,Phenylpropanoids and polyketides,Flavonoids,Flavones
ORDAZKGHSNRHTD-UXHICEINSA-N,Deguelin,COc1cc2c(cc1OC)OC[C@@H]1[C@H]2C(=O)c2c(O1)c1C=CC(Oc1cc2)(C)C,IMPHY000590,CHEMBL393417,https://cb.imsc.res.in/imppat/phytochemical-detailedpage/IMPHY000590,Organic compounds,Phenylpropanoids and polyketides,Isoflavonoids,Rotenoids
JUVIOZPCNVVQFO-HBGVWJBISA-N,Rotenone,COc1cc2c(cc1OC)OC[C@@H]1[C@H]2C(=O)c2c(O1)c1C[C@@H](Oc1cc2)C(=C)C,IMPHY007255,CHEMBL429023,https://cb.imsc.res.in/imppat/phytochemical-detailedpage/IMPHY007255,Organic compounds,Phenylpropanoids and polyketides,Isoflavonoids,Rotenoids
ZPEHYKMRUBEPSQ-XMCHAPAWSA-N,Sumatrol,COc1cc2OC[C@@H]3[C@H](c2cc1OC)C(=O)c1c(O3)c2C[C@@H](Oc2cc1O)C(=C)C,IMPHY004824,CHEMBL518045,https://cb.imsc.res.in/imppat/phytochemical-detailedpage/IMPHY004824,Organic compounds,Phenylpropanoids and polyketides,Isoflavonoids,Rotenoids
AQBZCCQCDWNNJQ-AUSIDOKSSA-N,Tephrosin,COc1cc2c(cc1OC)OC[C@@H]1[C@@]2(O)C(=O)c2c(O1)c1C=CC(Oc1cc2)(C)C,IMPHY012317,CHEMBL241806,https://cb.imsc.res.in/imppat/phytochemical-detailedpage/IMPHY012317,Organic compounds,Phenylpropanoids and polyketides,Isoflavonoids,Rotenoids
NGQVFILFHVPLFE-UHFFFAOYSA-N,Dehydrodeguelin,COc1cc2-c3c(COc2cc1OC)oc1c(c3=O)ccc2c1C=CC(O2)(C)C,IMPHY007810,CHEMBL465673,https://cb.imsc.res.in/imppat/phytochemical-detailedpage/IMPHY007810,Organic compounds,Phenylpropanoids and polyketides,Isoflavonoids,Rotenoids
XVARCVCWNFACQC-RKQHYHRCSA-N,Indican (plant indican),OC[C@H]1O[C@@H](Oc2c[nH]c3c2cccc3)[C@@H]([C@H]([C@@H]1O)O)O,IMPHY000958,CHEMBL2063300,https://cb.imsc.res.in/imppat/phytochemical-detailedpage/IMPHY000958,Organic compounds,Organic oxygen compounds,Organooxygen compounds,Carbohydrates and carbohydrate conjugates
SFVVQRJOGUKCEG-XTWPYSKKSA-N,Indicine,O[C@@H]1CCN2[C@@H]1C(=CC2)COC(=O)[C@]([C@@H](O)C)(C(C)C)O,IMPHY003782,CHEMBL471483,https://cb.imsc.res.in/imppat/phytochemical-detailedpage/IMPHY003782,Organic compounds,Alkaloids and derivatives,,
PNGWMVLNWUQYJN-PQJIZZRHSA-N,Rotenol,COc1cc2c(cc1OC)OCCC2C(=O)c1ccc2c(c1O)C[C@@H](O2)C(=C)C,IMPHY013398,,https://cb.imsc.res.in/imppat/phytochemical-detailedpage/IMPHY013398,Organic compounds,Organoheterocyclic compounds,Benzopyrans,1-benzopyrans
OMDQUFIYNPYJFM-XKDAHURESA-N,Galactomannan,OC[C@H]1O[C@H](OC[C@H]2O[C@@H](O)[C@H]([C@H]([C@@H]2O[C@@H]2O[C@H](CO)[C@H]([C@@H]([C@@H]2O)O)O)O)O)[C@@H]([C@H]([C@H]1O)O)O,IMPHY003421,,https://cb.imsc.res.in/imppat/phytochemical-detailedpage/IMPHY003421,Organic compounds,Organic oxygen compounds,Organooxygen compounds,Carbohydrates and carbohydrate conjugates
PCKPVGOLPKLUHR-UHFFFAOYSA-N,1H-Indol-3-ol,Oc1c[nH]c2c1cccc2,IMPHY004677,,https://cb.imsc.res.in/imppat/phytochemical-detailedpage/IMPHY004677,Organic compounds,Organoheterocyclic compounds,Indoles and derivatives,Hydroxyindoles
CRDNMYFJWFXOCH-BUHFOSPRSA-N,Indirubin,O=C1/C(=C/2C(=O)Nc3c2cccc3)/Nc2c1cccc2,IMPHY004491,,https://cb.imsc.res.in/imppat/phytochemical-detailedpage/IMPHY004491,Organic compounds,Organoheterocyclic compounds,Indoles and derivatives,Indolines
XTIQPKJOGKMOSY-HJNYFJLDSA-N,Pseudosemiglabrin,CC(=O)O[C@H]1[C@@H]2[C@H](OC1(C)C)Oc1c2c2oc(cc(=O)c2cc1)c1ccccc1,IMPHY011298,CHEMBL517326,https://cb.imsc.res.in/imppat/phytochemical-detailedpage/IMPHY011298,Organic compounds,Phenylpropanoids and polyketides,Flavonoids,Flavones
CDOSHBSSFJOMGT-SNVBAGLBSA-N,(+)-Linalool,C=C[C@](CCC=C(C)C)(O)C,IMPHY014882,CHEMBL4452537,https://cb.imsc.res.in/imppat/phytochemical-detailedpage/IMPHY014882,Organic compounds,Lipids and lipid-like molecules,Prenol lipids,Monoterpenoids
GKWIQRXSJFOVGL-UHFFFAOYSA-N,"1,5,9,13-Tetramethyl-1-vinyltetradecyl acetate",C=CC(OC(=O)C)(CCCC(CCCC(CCCC(C)C)C)C)C,IMPHY007358,,https://cb.imsc.res.in/imppat/phytochemical-detailedpage/IMPHY007358,Organic compounds,Lipids and lipid-like molecules,Prenol lipids,Diterpenoids
KGIGUEBEKRSTEW-UHFFFAOYSA-N,2-Vinylpyridine,C=Cc1ccccn1,IMPHY006136,CHEMBL2134875,https://cb.imsc.res.in/imppat/phytochemical-detailedpage/IMPHY006136,Organic compounds,Organoheterocyclic compounds,Pyridines and derivatives,
ZYOIERVDBAKXBR-ARJAWSKDSA-N,2-[(Z)-but-2-enyl]-3-methyl-6-oxabicyclo[3.2.0]hept-2-en-7-one,CC1=C(C/C=CC)C2C(C1)OC2=O,IMPHY007293,,https://cb.imsc.res.in/imppat/phytochemical-detailedpage/IMPHY007293,Organic compounds,Organoheterocyclic compounds,Lactones,Beta propiolactones
IQDXAJNQKSIPGB-HQSZAHFGSA-N,Geranyllinalool,C=CC(CC/C=C(/CC/C=C(/CCC=C(C)C)C)C)(O)C,IMPHY006176,,https://cb.imsc.res.in/imppat/phytochemical-detailedpage/IMPHY006176,Organic compounds,Lipids and lipid-like molecules,Prenol lipids,Diterpenoids
KEVYVLWNCKMXJX-UHFFFAOYSA-N,Isophytol,C=CC(CCCC(CCCC(CCCC(C)C)C)C)(O)C,IMPHY000112,CHEMBL453797,https://cb.imsc.res.in/imppat/phytochemical-detailedpage/IMPHY000112,Organic compounds,Lipids and lipid-like molecules,Prenol lipids,Diterpenoids
XMLSXPIVAXONDL-PLNGDYQASA-N,Jasmone,CC/C=CCC1=C(C)CCC1=O,IMPHY001555,CHEMBL2251602,https://cb.imsc.res.in/imppat/phytochemical-detailedpage/IMPHY001555,Organic compounds,Organic oxygen compounds,Organooxygen compounds,Carbonyl compounds
KVWWIYGFBYDJQC-GHMZBOCLSA-N,Methyl (1R-trans)-3-oxo-2-pentylcyclopentaneacetate,CCCCC[C@@H]1[C@H](CCC1=O)CC(=O)OC,IMPHY006890,,https://cb.imsc.res.in/imppat/phytochemical-detailedpage/IMPHY006890,Organic compounds,Lipids and lipid-like molecules,Fatty acyls,Lineolic acids and derivatives
VAMXMNNIEUEQDV-UHFFFAOYSA-N,Methyl anthranilate,COC(=O)c1ccccc1N,IMPHY006968,CHEMBL1493986,https://cb.imsc.res.in/imppat/phytochemical-detailedpage/IMPHY006968,Organic compounds,Benzenoids,Benzene and substituted derivatives,Benzoic acids and derivatives
GEWDNTWNSAZUDX-WQMVXFAESA-N,Methyl jasmonate,CC/C=CC[C@@H]1[C@H](CCC1=O)CC(=O)OC,IMPHY003691,CHEMBL2139332,https://cb.imsc.res.in/imppat/phytochemical-detailedpage/IMPHY003691,Organic compounds,Lipids and lipid-like molecules,Fatty acyls,Lineolic acids and derivatives
GXANMBISFKBPEX-ARJAWSKDSA-N,cis-3-Hexenal,CC/C=CCC=O,IMPHY003689,,https://cb.imsc.res.in/imppat/phytochemical-detailedpage/IMPHY003689,Organic compounds,Organic oxygen compounds,Organooxygen compounds,Carbonyl compounds
BCOXBEHFBZOJJZ-ARJAWSKDSA-N,cis-3-Hexenyl benzoate,CC/C=CCCOC(=O)c1ccccc1,IMPHY011696,CHEMBL3182851,https://cb.imsc.res.in/imppat/phytochemical-detailedpage/IMPHY011696,Organic compounds,Benzenoids,Benzene and substituted derivatives,Benzoic acids and derivatives
IWDCLRJOBJJRNH-UHFFFAOYSA-N,p-Cresol,Cc1ccc(cc1)O,IMPHY003113,CHEMBL16645,https://cb.imsc.res.in/imppat/phytochemical-detailedpage/IMPHY003113,Organic compounds,Benzenoids,Phenols,Cresols
RWZYAGGXGHYGMB-UHFFFAOYSA-N,Anthranilic acid,OC(=O)c1ccccc1N,IMPHY005706,CHEMBL14173,https://cb.imsc.res.in/imppat/phytochemical-detailedpage/IMPHY005706,Organic compounds,Benzenoids,Benzene and substituted derivatives,Benzoic acids and derivatives
KSMITTDZTTZFML-LURJTMIESA-N,Jasminine,COC(=O)c1cncc2c1CC(=O)N[C@H]2C,IMPHY001068,,https://cb.imsc.res.in/imppat/phytochemical-detailedpage/IMPHY001068,Organic compounds,Organoheterocyclic compounds,Diazanaphthalenes,Naphthyridines
NLVMTSRTOGOFQD-MWRQYBNOSA-N,Kolavenic acid,OC(=O)/C=C(/CC[C@@]1(C)[C@H](C)CC[C@@]2([C@@H]1CCC=C2C)C)C,IMPHY006192,CHEMBL1517738,https://cb.imsc.res.in/imppat/phytochemical-detailedpage/IMPHY006192,Organic compounds,Lipids and lipid-like molecules,Prenol lipids,Diterpenoids
PQTMZYKTDFKGKV-UUMJGGROSA-N,Kolavenol,OC/C=C(/CC[C@@]1(C)[C@H](C)CC[C@@]2([C@@H]1CCC=C2C)C)C,IMPHY006267,CHEMBL99403,https://cb.imsc.res.in/imppat/phytochemical-detailedpage/IMPHY006267,Organic compounds,Lipids and lipid-like molecules,Prenol lipids,Diterpenoids
CCPPLLJZDQAOHD-GJGKEFFFSA-N,"(9Z)-(12S,13R)-12,13-Epoxyoctadecenoic acid",CCCCC[C@H]1O[C@H]1C/C=CCCCCCCCC(=O)O,IMPHY011724,,https://cb.imsc.res.in/imppat/phytochemical-detailedpage/IMPHY011724,Organic compounds,Lipids and lipid-like molecules,Fatty acyls,Fatty acids and conjugates
CZVXBFUKBZRMKR-JTQLQIEISA-N,(R)-Lavandulol,OC[C@@H](C(=C)C)CC=C(C)C,IMPHY006428,,https://cb.imsc.res.in/imppat/phytochemical-detailedpage/IMPHY006428,Organic compounds,Lipids and lipid-like molecules,Prenol lipids,Monoterpenoids
HYNGAVZPWWXQIU-UHFFFAOYSA-N,Lavandulyl acetate,CC(=O)OCC(C(=C)C)CC=C(C)C,IMPHY009832,,https://cb.imsc.res.in/imppat/phytochemical-detailedpage/IMPHY009832,Organic compounds,Lipids and lipid-like molecules,Prenol lipids,Monoterpenoids
NOOLISFMXDJSKH-UHFFFAOYSA-N,Menthol,CC1CCC(C(C1)O)C(C)C,IMPHY015003,CHEMBL256087,https://cb.imsc.res.in/imppat/phytochemical-detailedpage/IMPHY015003,Organic compounds,Lipids and lipid-like molecules,Prenol lipids,Monoterpenoids
BKATZVAUANSCKN-UHFFFAOYSA-N,Myrtenyl acetate,CC(=O)OCC1=CCC2CC1C2(C)C,IMPHY009874,,https://cb.imsc.res.in/imppat/phytochemical-detailedpage/IMPHY009874,Organic compounds,Lipids and lipid-like molecules,Prenol lipids,Monoterpenoids
TZDMGBLPGZXHJI-UHFFFAOYSA-N,Pinocarvone,C=C1C(=O)CC2CC1C2(C)C,IMPHY002072,,https://cb.imsc.res.in/imppat/phytochemical-detailedpage/IMPHY002072,Organic compounds,Lipids and lipid-like molecules,Prenol lipids,Monoterpenoids
NZGWDASTMWDZIW-MRVPVSSYSA-N,Pulegone,C[C@@H]1CCC(=C(C)C)C(=O)C1,IMPHY011884,CHEMBL2924219,https://cb.imsc.res.in/imppat/phytochemical-detailedpage/IMPHY011884,Organic compounds,Lipids and lipid-like molecules,Prenol lipids,Monoterpenoids
XMOCLSLCDHWDHP-SWLSCSKDSA-N,(+)-Gallocatechin,Oc1cc2O[C@H](c3cc(O)c(c(c3)O)O)[C@H](Cc2c(c1)O)O,IMPHY011735,CHEMBL125743,https://cb.imsc.res.in/imppat/phytochemical-detailedpage/IMPHY011735,Organic compounds,Phenylpropanoids and polyketides,Flavonoids,Flavans
QWCKQJZIFLGMSD-UHFFFAOYSA-N,2-Aminobutyric acid,CCC(C(=O)O)N,IMPHY010914,CHEMBL55242,https://cb.imsc.res.in/imppat/phytochemical-detailedpage/IMPHY010914,Organic compounds,Organic acids and derivatives,Carboxylic acids and derivatives,"Amino acids, peptides, and analogues"
YUSWMAULDXZHPY-UHFFFAOYSA-N,Amentoflavone,Oc1ccc(cc1)c1cc(=O)c2c(o1)c(c(cc2O)O)c1cc(ccc1O)c1cc(=O)c2c(o1)cc(cc2O)O,IMPHY005599,CHEMBL63354,https://cb.imsc.res.in/imppat/phytochemical-detailedpage/IMPHY005599,Organic compounds,Phenylpropanoids and polyketides,Flavonoids,Biflavonoids and polyflavonoids
FNAZRRHPUDJQCJ-UHFFFAOYSA-N,Heneicosane,CCCCCCCCCCCCCCCCCCCCC,IMPHY009382,,https://cb.imsc.res.in/imppat/phytochemical-detailedpage/IMPHY009382,Organic compounds,Hydrocarbons,Saturated hydrocarbons,Alkanes
HDPSXKXQSOVYLL-PQSJUMPYSA-N,Homomangiferin,OC[C@H]1O[C@H]([C@@H]([C@H]([C@@H]1O)O)O)c1c(OC)cc2c(c1O)c(=O)c1c(o2)cc(c(c1)O)O,IMPHY008001,CHEMBL3233510,https://cb.imsc.res.in/imppat/phytochemical-detailedpage/IMPHY008001,Organic compounds,Organoheterocyclic compounds,Benzopyrans,1-benzopyrans
XRSFADLIOJRIOB-UGMDJPENSA-N,Indicoside A,CO[C@@H]([C@@H]1O[C@H]([C@@H]([C@H]1O)O)OCC(C(C)C)(CC[C@H]([C@H]1C[C@H]([C@@H]2[C@]1(C)CC[C@H]1[C@@]2(O)[C@H](O)[C@@H]([C@@H]2[C@]1(C)CC[C@@H](C2)O)O)O)C)O)CO,IMPHY008246,,https://cb.imsc.res.in/imppat/phytochemical-detailedpage/IMPHY008246,Organic compounds,Lipids and lipid-like molecules,Steroids and steroid derivatives,"Bile acids, alcohols and derivatives"
IBGRVYOSJQYELQ-LKNOIKRKSA-M,Indicoside B,CO[C@H]1[C@H](COS(=O)(=O)[O-])O[C@H]([C@@H]1O)O[C@H](C(C)C)CC[C@H]([C@H]1C[C@H]([C@@H]2[C@]1(C)CC[C@H]1[C@@]2(O)C[C@@H]([C@@H]2[C@]1(C)CC[C@@H](C2)O)O)O)C.[Na+],IMPHY010624,,https://cb.imsc.res.in/imppat/phytochemical-detailedpage/IMPHY010624,Organic compounds,Lipids and lipid-like molecules,Steroids and steroid derivatives,Steroidal glycosides
AEDDIBAIWPIIBD-ZJKJAXBQSA-N,Mangiferin,OC[C@H]1O[C@H]([C@@H]([C@H]([C@@H]1O)O)O)c1c(O)cc2c(c1O)c(=O)c1c(o2)cc(c(c1)O)O,IMPHY012744,CHEMBL464825,https://cb.imsc.res.in/imppat/phytochemical-detailedpage/IMPHY012744,Organic compounds,Organoheterocyclic compounds,Benzopyrans,1-benzopyrans
MZPNVEOVZSHYMZ-NTXGJNAHSA-N,Mangiferonic acid,C[C@@H]([C@H]1CC[C@@]2([C@]1(C)CC[C@@]13[C@H]2CC[C@@H]2[C@]3(C1)CCC(=O)C2(C)C)C)CC/C=C(/C(=O)O)C,IMPHY002541,CHEMBL490331,https://cb.imsc.res.in/imppat/phytochemical-detailedpage/IMPHY002541,Organic compounds,Lipids and lipid-like molecules,Steroids and steroid derivatives,Cycloartanols and derivatives
ZQIULKXWJGSFAC-UHFFFAOYSA-N,Manglupenone,OCC(=C)C1CCC2(C1C1=CCC3C(C1(C)CC2)(C)CCC1C3(C)C=CC(=O)C1(C)C)C,IMPHY013677,,https://cb.imsc.res.in/imppat/phytochemical-detailedpage/IMPHY013677,Organic compounds,Lipids and lipid-like molecules,Prenol lipids,Triterpenoids
NRPKURNSADTHLJ-UHFFFAOYSA-N,Octyl gallate,CCCCCCCCOC(=O)c1cc(O)c(c(c1)O)O,IMPHY012199,CHEMBL277346,https://cb.imsc.res.in/imppat/phytochemical-detailedpage/IMPHY012199,Organic compounds,Benzenoids,Benzene and substituted derivatives,Benzoic acids and derivatives
IIOADSXXVWNOSC-UHFFFAOYSA-N,"Pentyl 3,4,5-trihydroxybenzoate",CCCCCOC(=O)c1cc(O)c(c(c1)O)O,IMPHY009311,CHEMBL494006,https://cb.imsc.res.in/imppat/phytochemical-detailedpage/IMPHY009311,Organic compounds,Benzenoids,Benzene and substituted derivatives,Benzoic acids and derivatives
ZTHYODDOHIVTJV-UHFFFAOYSA-N,Propyl gallate,CCCOC(=O)c1cc(O)c(c(c1)O)O,IMPHY008789,CHEMBL7983,https://cb.imsc.res.in/imppat/phytochemical-detailedpage/IMPHY008789,Organic compounds,Benzenoids,Benzene and substituted derivatives,Benzoic acids and derivatives
POOSGDOYLQNASK-UHFFFAOYSA-N,Tetracosane,CCCCCCCCCCCCCCCCCCCCCCCC,IMPHY009355,CHEMBL4172502,https://cb.imsc.res.in/imppat/phytochemical-detailedpage/IMPHY009355,Organic compounds,Hydrocarbons,Saturated hydrocarbons,Alkanes
HMTHXCPTLNEEGY-UHFFFAOYSA-N,"3,4-Dihydroxy-5-oxocyclohex-3-ene-1-carboxylic acid",OC(=O)C1CC(=C(C(=O)C1)O)O,IMPHY007896,,https://cb.imsc.res.in/imppat/phytochemical-detailedpage/IMPHY007896,Organic compounds,Organic oxygen compounds,Organooxygen compounds,Carbonyl compounds
VEVZSMAEJFVWIL-UHFFFAOYSA-O,Cyanidin,Oc1cc(O)c2c(c1)[o+]c(c(c2)O)c1ccc(c(c1)O)O,IMPHY008945,CHEMBL404515,https://cb.imsc.res.in/imppat/phytochemical-detailedpage/IMPHY008945,Organic compounds,Phenylpropanoids and polyketides,Flavonoids,Hydroxyflavonoids
XHEFDIBZLJXQHF-UHFFFAOYSA-N,Fisetin,Oc1ccc2c(c1)oc(c(c2=O)O)c1ccc(c(c1)O)O,IMPHY005433,CHEMBL31574,https://cb.imsc.res.in/imppat/phytochemical-detailedpage/IMPHY005433,Organic compounds,Phenylpropanoids and polyketides,Flavonoids,Flavones
XPSQLJPYMGXWMB-UHFFFAOYSA-N,Gallic acid 6-phenylhexyl ester,O=C(c1cc(O)c(c(c1)O)O)OCCCCCCc1ccccc1,IMPHY014409,CHEMBL83943,https://cb.imsc.res.in/imppat/phytochemical-detailedpage/IMPHY014409,Organic compounds,Benzenoids,Benzene and substituted derivatives,Benzoic acids and derivatives
CDAISMWEOUEBRE-UHFFFAOYSA-N,Inositol,OC1C(O)C(O)C(C(C1O)O)O,IMPHY008252,,https://cb.imsc.res.in/imppat/phytochemical-detailedpage/IMPHY008252,Organic compounds,Organic oxygen compounds,Organooxygen compounds,Alcohols and polyols
DUYRYUZIBGFLDD-AAVRWANBSA-N,(+)-gamma-Gurjunene,C[C@@H]1CC[C@H]2C1=C[C@@H](CC[C@H]2C)C(=C)C,IMPHY003956,,https://cb.imsc.res.in/imppat/phytochemical-detailedpage/IMPHY003956,Organic compounds,Lipids and lipid-like molecules,Prenol lipids,Sesquiterpenoids
RTBLDXVIGWSICW-JMSVASOKSA-N,(-)-Cyperene,CC1=C2C[C@@H]3C([C@@]2(CC1)[C@H](C)CC3)(C)C,IMPHY004120,,https://cb.imsc.res.in/imppat/phytochemical-detailedpage/IMPHY004120,Organic compounds,Lipids and lipid-like molecules,Prenol lipids,Sesquiterpenoids
PFTAWBLQPZVEMU-UKRRQHHQSA-N,(-)-Epicatechin,Oc1cc2O[C@H](c3ccc(c(c3)O)O)[C@@H](Cc2c(c1)O)O,IMPHY014908,CHEMBL583912,https://cb.imsc.res.in/imppat/phytochemical-detailedpage/IMPHY014908,Organic compounds,Phenylpropanoids and polyketides,Flavonoids,Flavans
WLNGPDPILFYWKF-OAHLLOKOSA-N,(-)-beta-Chamigrene,CC1=CC[C@@]2(CC1)C(=C)CCCC2(C)C,IMPHY010179,,https://cb.imsc.res.in/imppat/phytochemical-detailedpage/IMPHY010179,Organic compounds,Lipids and lipid-like molecules,Prenol lipids,Sesquiterpenoids
RKQDKXOBRXTSFS-QZFXXANLSA-N,"(4E,7E)-1,5,9,9-Tetramethyl-12-oxabicyclo[9.1.0]dodeca-4,7-diene",C/C/1=C/CCC2(C)OC2CC(/C=CC1)(C)C,IMPHY011872,,https://cb.imsc.res.in/imppat/phytochemical-detailedpage/IMPHY011872,Organic compounds,Organoheterocyclic compounds,Epoxides,
WONIGEXYPVIKFS-YIZRAAEISA-N,(S)-cis-Verbenol,CC1=C[C@H](O)[C@H]2C[C@@H]1C2(C)C,IMPHY014877,,https://cb.imsc.res.in/imppat/phytochemical-detailedpage/IMPHY014877,Organic compounds,Lipids and lipid-like molecules,Prenol lipids,Monoterpenoids
MBDOYVRWFFCFHM-PLNGDYQASA-N,(Z)-2-hexenal,CCC/C=CC=O,IMPHY011976,,https://cb.imsc.res.in/imppat/phytochemical-detailedpage/IMPHY011976,Organic compounds,Organic oxygen compounds,Organooxygen compounds,Carbonyl compounds
VERMEZLHWFHDLK-UHFFFAOYSA-N,"1,2,3,4-Benzenetetrol",Oc1c(O)ccc(c1O)O,IMPHY014001,,https://cb.imsc.res.in/imppat/phytochemical-detailedpage/IMPHY014001,Organic compounds,Benzenoids,Phenols,Benzenetriols and derivatives
RDJUHLUBPADHNP-UHFFFAOYSA-N,"1,2,3,5-Tetrahydroxybenzene",Oc1cc(O)c(c(c1)O)O,IMPHY012016,,https://cb.imsc.res.in/imppat/phytochemical-detailedpage/IMPHY012016,Organic compounds,Benzenoids,Phenols,1-hydroxy-4-unsubstituted benzenoids
ADXMFHMYYFZEGM-HWKANZROSA-N,"1,5-Heptadiene-3,4-diol",C/C=C/C(C(C=C)O)O,IMPHY012828,,https://cb.imsc.res.in/imppat/phytochemical-detailedpage/IMPHY012828,Organic compounds,Organic oxygen compounds,Organooxygen compounds,Alcohols and polyols
BXWNKGSJHAJOGX-UHFFFAOYSA-N,1-Hexadecanol,CCCCCCCCCCCCCCCCO,IMPHY002983,CHEMBL706,https://cb.imsc.res.in/imppat/phytochemical-detailedpage/IMPHY002983,Organic compounds,Lipids and lipid-like molecules,Fatty acyls,Fatty alcohols
LBVRQJWOZIMWNY-UHFFFAOYSA-N,1-Isopropyl-4-methylenebicyclo[3.1.0]hex-2-ene,CC(C12C=CC(=C)C2C1)C,IMPHY009778,,https://cb.imsc.res.in/imppat/phytochemical-detailedpage/IMPHY009778,Organic compounds,Lipids and lipid-like molecules,Prenol lipids,Monoterpenoids
KLTVSWGXIAYTHO-UHFFFAOYSA-N,1-Octen-3-one,CCCCCC(=O)C=C,IMPHY006337,CHEMBL3186486,https://cb.imsc.res.in/imppat/phytochemical-detailedpage/IMPHY006337,Organic compounds,Organic oxygen compounds,Organooxygen compounds,Carbonyl compounds
JZQKTMZYLHNFPL-BLHCBFLLSA-N,"2,4-Decadienal",CCCCC/C=C/C=C/C=O,IMPHY003723,CHEMBL443949,https://cb.imsc.res.in/imppat/phytochemical-detailedpage/IMPHY003723,Organic compounds,Organic oxygen compounds,Organooxygen compounds,Carbonyl compounds
NARIBLVZTLPQJB-UHFFFAOYSA-N,2-(3-Methylphenyl)propan-2-ol,Cc1cccc(c1)C(O)(C)C,IMPHY009847,,https://cb.imsc.res.in/imppat/phytochemical-detailedpage/IMPHY009847,Organic compounds,Benzenoids,Benzene and substituted derivatives,Phenylpropanes
TVTCXPXLRKTHAU-UHFFFAOYSA-N,2-Heptadecanone,CCCCCCCCCCCCCCCC(=O)C,IMPHY008305,CHEMBL3273575,https://cb.imsc.res.in/imppat/phytochemical-detailedpage/IMPHY008305,Organic compounds,Organic oxygen compounds,Organooxygen compounds,Carbonyl compounds
NEJDKFPXHQRVMV-HWKANZROSA-N,2-Methyl-2-buten-1-OL,C/C(=CC)/CO,IMPHY006565,,https://cb.imsc.res.in/imppat/phytochemical-detailedpage/IMPHY006565,Organic compounds,Organic oxygen compounds,Organooxygen compounds,Alcohols and polyols
HNVRRHSXBLFLIG-UHFFFAOYSA-N,2-Methyl-3-buten-2-OL,C=CC(O)(C)C,IMPHY007162,CHEMBL4245903,https://cb.imsc.res.in/imppat/phytochemical-detailedpage/IMPHY007162,Organic compounds,Organic oxygen compounds,Organooxygen compounds,Alcohols and polyols
WLAMNBDJUVNPJU-UHFFFAOYSA-N,2-Methylbutanoic acid,CC(C(=O)O)CC,IMPHY007045,CHEMBL1160012,https://cb.imsc.res.in/imppat/phytochemical-detailedpage/IMPHY007045,Organic compounds,Lipids and lipid-like molecules,Fatty acyls,Fatty acids and conjugates
IQUPABOKLQSFBK-UHFFFAOYSA-N,2-Nitrophenol,[O-][N+](=O)c1ccccc1O,IMPHY012066,CHEMBL14205,https://cb.imsc.res.in/imppat/phytochemical-detailedpage/IMPHY012066,Organic compounds,Benzenoids,Phenols,Nitrophenols
BSAIUMLZVGUGKX-BQYQJAHWSA-N,2-Nonenal,CCCCCC/C=C/C=O,IMPHY003760,CHEMBL450072,https://cb.imsc.res.in/imppat/phytochemical-detailedpage/IMPHY003760,Organic compounds,Organic oxygen compounds,Organooxygen compounds,Carbonyl compounds
CYIFVRUOHKNECG-UHFFFAOYSA-N,2-Tridecanone,CCCCCCCCCCCC(=O)C,IMPHY001881,CHEMBL480097,https://cb.imsc.res.in/imppat/phytochemical-detailedpage/IMPHY001881,Organic compounds,Organic oxygen compounds,Organooxygen compounds,Carbonyl compounds
KJRRQXYWFQKJIP-UHFFFAOYSA-N,3-Methylfuran,Cc1cocc1,IMPHY017066,,https://cb.imsc.res.in/imppat/phytochemical-detailedpage/IMPHY017066,Organic compounds,Organoheterocyclic compounds,Heteroaromatic compounds,
FWGYRFWKBWPRJD-UHFFFAOYSA-N,"4-Methyl-2,3-dihydrofuran",CC1=COCC1,IMPHY013802,,https://cb.imsc.res.in/imppat/phytochemical-detailedpage/IMPHY013802,Organic compounds,Organoheterocyclic compounds,Dihydrofurans,
KSKXSFZGARKWOW-GQCTYLIASA-N,"6-Methyl-3,5-heptadien-2-one",CC(=C/C=C/C(=O)C)C,IMPHY006419,,https://cb.imsc.res.in/imppat/phytochemical-detailedpage/IMPHY006419,Organic compounds,Organic oxygen compounds,Organooxygen compounds,Carbonyl compounds
DOUAMAQITOOBGB-UHFFFAOYSA-N,"7-Hexadecenoic acid, ethyl ester, (Z)-",CCCCCCCCC=CCCCCCC(=O)OCC,IMPHY009982,,https://cb.imsc.res.in/imppat/phytochemical-detailedpage/IMPHY009982,Organic compounds,Lipids and lipid-like molecules,Fatty acyls,Fatty acid esters
RWCCWEUUXYIKHB-UHFFFAOYSA-N,Benzophenone,O=C(c1ccccc1)c1ccccc1,IMPHY003520,CHEMBL90039,https://cb.imsc.res.in/imppat/phytochemical-detailedpage/IMPHY003520,Organic compounds,Benzenoids,Benzene and substituted derivatives,Benzophenones
DKPFZGUDAPQIHT-UHFFFAOYSA-N,Butyl acetate,CCCCOC(=O)C,IMPHY008972,CHEMBL284391,https://cb.imsc.res.in/imppat/phytochemical-detailedpage/IMPHY008972,Organic compounds,Organic acids and derivatives,Carboxylic acids and derivatives,Carboxylic acid derivatives
XUPYJHCZDLZNFP-UHFFFAOYSA-N,Butyl butyrate,CCCCOC(=O)CCC,IMPHY007713,,https://cb.imsc.res.in/imppat/phytochemical-detailedpage/IMPHY007713,Organic compounds,Lipids and lipid-like molecules,Fatty acyls,Fatty acid esters
NDKYEUQMPZIGFN-UHFFFAOYSA-N,Butyl laurate,CCCCCCCCCCCC(=O)OCCCC,IMPHY016549,,https://cb.imsc.res.in/imppat/phytochemical-detailedpage/IMPHY016549,Organic compounds,Lipids and lipid-like molecules,Fatty acyls,Fatty acid esters
BTMVHUNTONAYDX-UHFFFAOYSA-N,Butyl propionate,CCCCOC(=O)CC,IMPHY015531,CHEMBL3561586,https://cb.imsc.res.in/imppat/phytochemical-detailedpage/IMPHY015531,Organic compounds,Organic acids and derivatives,Carboxylic acids and derivatives,Carboxylic acid derivatives
WCASXYBKJHWFMY-NSCUHMNNSA-N,Crotyl alcohol,C/C=C/CO,IMPHY011042,CHEMBL118459,https://cb.imsc.res.in/imppat/phytochemical-detailedpage/IMPHY011042,Organic compounds,Organic oxygen compounds,Organooxygen compounds,Alcohols and polyols
COVFEVWNJUOYRL-UHFFFAOYSA-N,Digallic acid,O=C(c1cc(O)c(c(c1)O)O)Oc1cc(cc(c1O)O)C(=O)O,IMPHY003557,CHEMBL366356,https://cb.imsc.res.in/imppat/phytochemical-detailedpage/IMPHY003557,Organic compounds,Phenylpropanoids and polyketides,Depsides and depsidones,
JRBPAEWTRLWTQC-UHFFFAOYSA-N,Dodecylamine,CCCCCCCCCCCCN,IMPHY013781,CHEMBL109904,https://cb.imsc.res.in/imppat/phytochemical-detailedpage/IMPHY013781,Organic compounds,Organic nitrogen compounds,Organonitrogen compounds,Amines
ZZPSOALECBMAMW-UHFFFAOYSA-N,Eremophyllene,CC(=C)C1CCC2C(C1)(C)C(=CCC2)C,IMPHY009983,,https://cb.imsc.res.in/imppat/phytochemical-detailedpage/IMPHY009983,Organic compounds,Lipids and lipid-like molecules,Prenol lipids,Sesquiterpenoids
OMSUIQOIVADKIM-UHFFFAOYSA-N,Ethyl 3-hydroxybutyrate,CCOC(=O)CC(O)C,IMPHY007967,,https://cb.imsc.res.in/imppat/phytochemical-detailedpage/IMPHY007967,Organic compounds,Organic acids and derivatives,Hydroxy acids and derivatives,Beta hydroxy acids and derivatives
OBNCKNCVKJNDBV-UHFFFAOYSA-N,Ethyl butyrate,CCCC(=O)OCC,IMPHY006033,CHEMBL44800,https://cb.imsc.res.in/imppat/phytochemical-detailedpage/IMPHY006033,Organic compounds,Lipids and lipid-like molecules,Fatty acyls,Fatty acid esters
BYEVBITUADOIGY-UHFFFAOYSA-N,Ethyl nonanoate,CCCCCCCCC(=O)OCC,IMPHY015668,CHEMBL3187336,https://cb.imsc.res.in/imppat/phytochemical-detailedpage/IMPHY015668,Organic compounds,Lipids and lipid-like molecules,Fatty acyls,Fatty acid esters
MVLVMROFTAUDAG-UHFFFAOYSA-N,Ethyl stearate,CCCCCCCCCCCCCCCCCC(=O)OCC,IMPHY007193,,https://cb.imsc.res.in/imppat/phytochemical-detailedpage/IMPHY007193,Organic compounds,Lipids and lipid-like molecules,Fatty acyls,Fatty acid esters
ICMAFTSLXCXHRK-UHFFFAOYSA-N,Ethyl valerate,CCCCC(=O)OCC,IMPHY009973,CHEMBL47483,https://cb.imsc.res.in/imppat/phytochemical-detailedpage/IMPHY009973,Organic compounds,Lipids and lipid-like molecules,Fatty acyls,Fatty acid esters
OALYTRUKMRCXNH-UHFFFAOYSA-N,Gamma-nonalactone,CCCCCC1CCC(=O)O1,IMPHY012082,CHEMBL191935,https://cb.imsc.res.in/imppat/phytochemical-detailedpage/IMPHY012082,Organic compounds,Organoheterocyclic compounds,Lactones,Gamma butyrolactones
FXHGMKSSBGDXIY-UHFFFAOYSA-N,Heptanal,CCCCCCC=O,IMPHY007186,CHEMBL18104,https://cb.imsc.res.in/imppat/phytochemical-detailedpage/IMPHY007186,Organic compounds,Organic oxygen compounds,Organooxygen compounds,Carbonyl compounds
XAPCMTMQBXLDBB-UHFFFAOYSA-N,Hexyl butyrate,CCCCCCOC(=O)CCC,IMPHY005127,CHEMBL3182794,https://cb.imsc.res.in/imppat/phytochemical-detailedpage/IMPHY005127,Organic compounds,Lipids and lipid-like molecules,Fatty acyls,Fatty acid esters
NCDCLPBOMHPFCV-UHFFFAOYSA-N,Hexyl hexanoate,CCCCCCOC(=O)CCCCC,IMPHY015734,CHEMBL3187323,https://cb.imsc.res.in/imppat/phytochemical-detailedpage/IMPHY015734,Organic compounds,Lipids and lipid-like molecules,Fatty acyls,Fatty acid esters
ICWHTQRTTHCUHW-GZBFAFLISA-N,Hinesol,C[C@H]1CCC=C([C@@]21CC[C@H](C2)C(O)(C)C)C,IMPHY011947,CHEMBL505813,https://cb.imsc.res.in/imppat/phytochemical-detailedpage/IMPHY011947,Organic compounds,Lipids and lipid-like molecules,Prenol lipids,Sesquiterpenoids
WPFVBOQKRVRMJB-UHFFFAOYSA-N,Hydroxycitronellal,O=CCC(CCCC(O)(C)C)C,IMPHY013755,CHEMBL3186027,https://cb.imsc.res.in/imppat/phytochemical-detailedpage/IMPHY013755,Organic compounds,Organic oxygen compounds,Organooxygen compounds,Carbonyl compounds
KQNPFQTWMSNSAP-UHFFFAOYSA-N,Isobutyric acid,CC(C(=O)O)C,IMPHY006907,CHEMBL108778,https://cb.imsc.res.in/imppat/phytochemical-detailedpage/IMPHY006907,Organic compounds,Organic acids and derivatives,Carboxylic acids and derivatives,Carboxylic acids
ONVABDHFQKWOSV-UHFFFAOYSA-N,Kaur-16-ene,C=C1CC23CC1CCC3C1(C(CC2)C(C)(C)CCC1)C,IMPHY014971,,https://cb.imsc.res.in/imppat/phytochemical-detailedpage/IMPHY014971,Organic compounds,Lipids and lipid-like molecules,Prenol lipids,Diterpenoids
AWGFYZFANDHELM-SCPMJEMWSA-N,Mangiferic acid,CC/C=C/CCCC/C=C/CCCCCCCC(=O)O,IMPHY014122,,https://cb.imsc.res.in/imppat/phytochemical-detailedpage/IMPHY014122,Organic compounds,Lipids and lipid-like molecules,Fatty acyls,Lineolic acids and derivatives
WAKCWJNDXBPEBP-UHFFFAOYSA-N,Methyl 14-methylpentadecanoate,COC(=O)CCCCCCCCCCCCC(C)C,IMPHY009864,,https://cb.imsc.res.in/imppat/phytochemical-detailedpage/IMPHY009864,Organic compounds,Lipids and lipid-like molecules,Fatty acyls,Fatty acid esters
HDJLSECJEQSPKW-UHFFFAOYSA-N,Methyl 2-furoate,COC(=O)c1ccco1,IMPHY001956,,https://cb.imsc.res.in/imppat/phytochemical-detailedpage/IMPHY001956,Organic compounds,Organoheterocyclic compounds,Furans,Furoic acid and derivatives
OCWLYWIFNDCWRZ-UHFFFAOYSA-N,Methyl 2-methylbutyrate,CCC(C(=O)OC)C,IMPHY009863,CHEMBL2287316,https://cb.imsc.res.in/imppat/phytochemical-detailedpage/IMPHY009863,Organic compounds,Lipids and lipid-like molecules,Fatty acyls,Fatty acid esters
UQDUPQYQJKYHQI-UHFFFAOYSA-N,Methyl dodecanoate,CCCCCCCCCCCC(=O)OC,IMPHY007215,CHEMBL1894365,https://cb.imsc.res.in/imppat/phytochemical-detailedpage/IMPHY007215,Organic compounds,Lipids and lipid-like molecules,Fatty acyls,Fatty acid esters
HPEUJPJOZXNMSJ-UHFFFAOYSA-N,Methyl stearate,CCCCCCCCCCCCCCCCCC(=O)OC,IMPHY007213,,https://cb.imsc.res.in/imppat/phytochemical-detailedpage/IMPHY007213,Organic compounds,Lipids and lipid-like molecules,Fatty acyls,Fatty acid esters
ZAZKJZBWRNNLDS-UHFFFAOYSA-N,Methyl tetradecanoate,CCCCCCCCCCCCCC(=O)OC,IMPHY003518,CHEMBL207549,https://cb.imsc.res.in/imppat/phytochemical-detailedpage/IMPHY003518,Organic compounds,Lipids and lipid-like molecules,Fatty acyls,Fatty acid esters
GDOPTJXRTPNYNR-UHFFFAOYSA-N,Methylcyclopentane,CC1CCCC1,IMPHY009817,CHEMBL30940,https://cb.imsc.res.in/imppat/phytochemical-detailedpage/IMPHY009817,Organic compounds,Hydrocarbons,Saturated hydrocarbons,Cycloalkanes
FBUKVWPVBMHYJY-UHFFFAOYSA-N,Nonanoic acid,CCCCCCCCC(=O)O,IMPHY012100,CHEMBL108436,https://cb.imsc.res.in/imppat/phytochemical-detailedpage/IMPHY012100,Organic compounds,Lipids and lipid-like molecules,Fatty acyls,Fatty acids and conjugates
QCDYQQDYXPDABM-UHFFFAOYSA-N,Phloroglucinol,Oc1cc(O)cc(c1)O,IMPHY003265,CHEMBL473159,https://cb.imsc.res.in/imppat/phytochemical-detailedpage/IMPHY003265,Organic compounds,Benzenoids,Phenols,Benzenetriols and derivatives
VYOZKWKETGHHDW-UHFFFAOYSA-N,Pogostol,CC1CCC2C1CC(CCC2(C)O)C(=C)C,IMPHY009848,,https://cb.imsc.res.in/imppat/phytochemical-detailedpage/IMPHY009848,Organic compounds,Lipids and lipid-like molecules,Prenol lipids,Sesquiterpenoids
FTBUKOLPOATXGV-UHFFFAOYSA-N,Propyl dodecanoate,CCCCCCCCCCCC(=O)OCCC,IMPHY016831,,https://cb.imsc.res.in/imppat/phytochemical-detailedpage/IMPHY016831,Organic compounds,Lipids and lipid-like molecules,Fatty acyls,Fatty acid esters
DPBVJRXPSXTHOL-UHFFFAOYSA-N,Propyl myristate,CCCCCCCCCCCCCC(=O)OCCC,IMPHY017775,CHEMBL207607,https://cb.imsc.res.in/imppat/phytochemical-detailedpage/IMPHY017775,Organic compounds,Lipids and lipid-like molecules,Fatty acyls,Fatty acid esters
BEKZXQKGTDVSKX-UHFFFAOYSA-N,Propyl palmitate,CCCCCCCCCCCCCCCC(=O)OCCC,IMPHY016832,,https://cb.imsc.res.in/imppat/phytochemical-detailedpage/IMPHY016832,Organic compounds,Lipids and lipid-like molecules,Fatty acyls,Fatty acid esters
OGCGGWYLHSJRFY-SECBINFHSA-N,alpha-Campholenal,O=CC[C@H]1CC=C(C1(C)C)C,IMPHY011407,CHEMBL3184714,https://cb.imsc.res.in/imppat/phytochemical-detailedpage/IMPHY011407,Organic compounds,Lipids and lipid-like molecules,Prenol lipids,Monoterpenoids
ADIDQIZBYUABQK-RWMBFGLXSA-N,alpha-Guaiene,CC(=C)[C@@H]1CC[C@@H](C2=C(C1)[C@@H](C)CC2)C,IMPHY008936,,https://cb.imsc.res.in/imppat/phytochemical-detailedpage/IMPHY008936,Organic compounds,Lipids and lipid-like molecules,Prenol lipids,Sesquiterpenoids
DYLPEFGBWGEFBB-OSFYFWSMSA-N,beta-Cedrene,C=C1CC[C@@]23C[C@@H]1C(C)(C)[C@@H]2CC[C@H]3C,IMPHY011614,,https://cb.imsc.res.in/imppat/phytochemical-detailedpage/IMPHY011614,Organic compounds,Lipids and lipid-like molecules,Prenol lipids,Sesquiterpenoids
GDVRUDXLQBVIKP-HQHREHCSSA-N,beta-Glucogallin,OC[C@H]1O[C@@H](OC(=O)c2cc(O)c(c(c2)O)O)[C@@H]([C@H]([C@@H]1O)O)O,IMPHY010070,CHEMBL480283,https://cb.imsc.res.in/imppat/phytochemical-detailedpage/IMPHY010070,Organic compounds,Phenylpropanoids and polyketides,Tannins,
GIBQERSGRNPMEH-RYUDHWBXSA-N,beta-Guaiene,CC(=C1CC[C@@H](C2=C(C1)[C@@H](C)CC2)C)C,IMPHY003962,,https://cb.imsc.res.in/imppat/phytochemical-detailedpage/IMPHY003962,Organic compounds,Lipids and lipid-like molecules,Prenol lipids,Sesquiterpenoids
NGXNAIZTJAUMGV-UHFFFAOYSA-N,cis-p-2-Menthen-1-ol,OC1CCC(C=C1)C(C)(C)C,IMPHY015570,,https://cb.imsc.res.in/imppat/phytochemical-detailedpage/IMPHY015570,Organic compounds,Organic oxygen compounds,Organooxygen compounds,Alcohols and polyols
YHAJBLWYOIUHHM-GUTXKFCHSA-N,delta-Guaiene,CC(=C)[C@@H]1CCC(=C2[C@@H](C1)[C@@H](C)CC2)C,IMPHY008946,,https://cb.imsc.res.in/imppat/phytochemical-detailedpage/IMPHY008946,Organic compounds,Lipids and lipid-like molecules,Prenol lipids,Sesquiterpenoids
IPBFYZQJXZJBFQ-UHFFFAOYSA-N,gamma-Octalactone,CCCCC1CCC(=O)O1,IMPHY008880,CHEMBL3559967,https://cb.imsc.res.in/imppat/phytochemical-detailedpage/IMPHY008880,Organic compounds,Organoheterocyclic compounds,Lactones,Gamma butyrolactones
RLSSMJSEOOYNOY-UHFFFAOYSA-N,m-Cresol,Cc1cccc(c1)O,IMPHY003283,CHEMBL298312,https://cb.imsc.res.in/imppat/phytochemical-detailedpage/IMPHY003283,Organic compounds,Benzenoids,Phenols,Cresols
ZJSIKVDEOWWVEH-KBPBESRZSA-N,(-)-alpha-Himachalene,CC1=C[C@H]2[C@@H](CC1)C(=C)CCCC2(C)C,IMPHY010609,CHEMBL3120652,https://cb.imsc.res.in/imppat/phytochemical-detailedpage/IMPHY010609,Organic compounds,Lipids and lipid-like molecules,Prenol lipids,Sesquiterpenoids
YDKWKCQTFWTPEG-FCWXTNMASA-N,"(1R,2S,3R,6R,7R,9S,10S,11S,13S,14S)-3,7,10-trimethyl-11-propan-2-yl-15-oxapentacyclo[7.5.1.02,6.07,13.010,14]pentadecane-6,9,14-triol",CC([C@@H]1C[C@@H]2[C@@]3([C@@]1(C)[C@@]1(O)O[C@@H]3[C@H]3[C@]([C@@]2(C1)C)(O)CC[C@H]3C)O)C,IMPHY005118,,https://cb.imsc.res.in/imppat/phytochemical-detailedpage/IMPHY005118,Organic compounds,Lipids and lipid-like molecules,Prenol lipids,Sesquiterpenoids
NIRMOOCHGJGPKG-UHFFFAOYSA-N,"(4aS,7S,8aS,10aS)-1,1,4a,7-Tetramethyl-7-vinyl-1,2,3,4,4a,6,7,8,8a,9,10,10a-dodecahydrophenanthrene",C=CC1(C)CC=C2C(C1)CCC1C2(C)CCCC1(C)C,IMPHY017101,,https://cb.imsc.res.in/imppat/phytochemical-detailedpage/IMPHY017101,Organic compounds,Lipids and lipid-like molecules,Prenol lipids,Diterpenoids
VSMOENVRRABVKN-UHFFFAOYSA-N,1-Octen-3-OL,CCCCCC(C=C)O,IMPHY005345,CHEMBL3183573,https://cb.imsc.res.in/imppat/phytochemical-detailedpage/IMPHY005345,Organic compounds,Lipids and lipid-like molecules,Fatty acyls,Fatty alcohols
WWUVJRULCWHUSA-UHFFFAOYSA-N,2-Methyl-1-pentene,CCCC(=C)C,IMPHY016250,,https://cb.imsc.res.in/imppat/phytochemical-detailedpage/IMPHY016250,Organic compounds,Hydrocarbons,Unsaturated hydrocarbons,Branched unsaturated hydrocarbons
YVBAUDVGOFCUSG-UHFFFAOYSA-N,2-Pentylfuran,CCCCCc1ccco1,IMPHY005811,CHEMBL3182720,https://cb.imsc.res.in/imppat/phytochemical-detailedpage/IMPHY005811,Organic compounds,Organoheterocyclic compounds,Heteroaromatic compounds,
RLYSXAZAJUMULG-UHFFFAOYSA-N,3-(Isopropyl)-6-methylcyclohex-2-en-1-one,O=C1C=C(CCC1C)C(C)C,IMPHY009773,,https://cb.imsc.res.in/imppat/phytochemical-detailedpage/IMPHY009773,Organic compounds,Lipids and lipid-like molecules,Prenol lipids,Monoterpenoids
MXLMTQWGSQIYOW-UHFFFAOYSA-N,3-Methyl-2-butanol,CC(C(C)C)O,IMPHY015348,CHEMBL443470,https://cb.imsc.res.in/imppat/phytochemical-detailedpage/IMPHY015348,Organic compounds,Organic oxygen compounds,Organooxygen compounds,Alcohols and polyols
FCSRUSQUAVXUKK-KCQAQPDRSA-N,7-epi-alpha-Eudesmol,CC1=CCC[C@]2([C@H]1C[C@H](CC2)C(O)(C)C)C,IMPHY011589,,https://cb.imsc.res.in/imppat/phytochemical-detailedpage/IMPHY011589,Organic compounds,Lipids and lipid-like molecules,Prenol lipids,Sesquiterpenoids
MPYYVGIJHREDBO-YWPYICTPSA-N,Bornyl isovalerate,CC(CC(=O)O[C@@H]1C[C@H]2C([C@]1(C)CC2)(C)C)C,IMPHY011438,,https://cb.imsc.res.in/imppat/phytochemical-detailedpage/IMPHY011438,Organic compounds,Lipids and lipid-like molecules,Prenol lipids,Monoterpenoids
KUKRLSJNTMLPPK-UHFFFAOYSA-N,Bornylene,CC1(C)C2CCC1(C)C=C2,IMPHY000711,,https://cb.imsc.res.in/imppat/phytochemical-detailedpage/IMPHY000711,Organic compounds,Hydrocarbons,Polycyclic hydrocarbons,
ZEEUIOBUKGZKPS-IDTAVKCVSA-N,Cyclocolorenone,C[C@@H]1CC[C@@H]2[C@H](C3=C(C(=O)C[C@H]13)C)C2(C)C,IMPHY001507,,https://cb.imsc.res.in/imppat/phytochemical-detailedpage/IMPHY001507,Organic compounds,Lipids and lipid-like molecules,Prenol lipids,Sesquiterpenoids
FFNDMZIBVDSQFI-UHFFFAOYSA-N,Delphinidin,Oc1cc(O)c2c(c1)[o+]c(c(c2)O)c1cc(O)c(c(c1)O)O.[Cl-],IMPHY007124,CHEMBL590878,https://cb.imsc.res.in/imppat/phytochemical-detailedpage/IMPHY007124,Organic compounds,Phenylpropanoids and polyketides,Flavonoids,Hydroxyflavonoids
IQLMHLRIRXSXLQ-UHFFFAOYSA-N,"Drima-7,9-diene",CC1=CCC2C(C1=C)(C)CCCC2(C)C,IMPHY014114,,https://cb.imsc.res.in/imppat/phytochemical-detailedpage/IMPHY014114,Organic compounds,Hydrocarbons,Unsaturated hydrocarbons,Branched unsaturated hydrocarbons
XEKOWRVHYACXOJ-UHFFFAOYSA-N,Ethyl acetate,CCOC(=O)C,IMPHY007417,CHEMBL14152,https://cb.imsc.res.in/imppat/phytochemical-detailedpage/IMPHY007417,Organic compounds,Organic acids and derivatives,Carboxylic acids and derivatives,Carboxylic acid derivatives
IMNFDUFMRHMDMM-UHFFFAOYSA-N,Heptane,CCCCCCC,IMPHY007291,CHEMBL134658,https://cb.imsc.res.in/imppat/phytochemical-detailedpage/IMPHY007291,Organic compounds,Hydrocarbons,Saturated hydrocarbons,Alkanes
VXVIYGXUCPLQBI-UHFFFAOYSA-N,Isochinomin,OCC1OC(C(C(C1O)O)O)c1c(OC)cc(c2c1oc1cc(O)c(cc1c2=O)O)O,IMPHY006213,,https://cb.imsc.res.in/imppat/phytochemical-detailedpage/IMPHY006213,Organic compounds,Organoheterocyclic compounds,Benzopyrans,1-benzopyrans
CDYBOKJASDEORM-HBVDJMOISA-N,Isomangiferin,OC[C@H]1O[C@H]([C@@H]([C@H]([C@@H]1O)O)O)c1c(O)cc(c2c1oc1cc(O)c(cc1c2=O)O)O,IMPHY005052,,https://cb.imsc.res.in/imppat/phytochemical-detailedpage/IMPHY005052,Organic compounds,Organoheterocyclic compounds,Benzopyrans,1-benzopyrans
IGGWKHQYMAJOHK-HHUCQEJWSA-N,"Labd-14-ene, 8,13-epoxy-, (13S)-",C=C[C@@]1(C)CC[C@H]2[C@@](O1)(C)CC[C@@H]1[C@]2(C)CCCC1(C)C,IMPHY003883,,https://cb.imsc.res.in/imppat/phytochemical-detailedpage/IMPHY003883,Organic compounds,Lipids and lipid-like molecules,Prenol lipids,Triterpenoids
AUHZEENZYGFFBQ-UHFFFAOYSA-N,Mesitylene,Cc1cc(C)cc(c1)C,IMPHY012088,CHEMBL1797281,https://cb.imsc.res.in/imppat/phytochemical-detailedpage/IMPHY012088,Organic compounds,Benzenoids,Benzene and substituted derivatives,
LQERIDTXQFOHKA-UHFFFAOYSA-N,Nonadecane,CCCCCCCCCCCCCCCCCCC,IMPHY009369,,https://cb.imsc.res.in/imppat/phytochemical-detailedpage/IMPHY009369,Organic compounds,Hydrocarbons,Saturated hydrocarbons,Alkanes
FIGVVZUWCLSUEI-UHFFFAOYSA-N,Tricosane,CCCCCCCCCCCCCCCCCCCCCCC,IMPHY009490,,https://cb.imsc.res.in/imppat/phytochemical-detailedpage/IMPHY009490,Organic compounds,Hydrocarbons,Saturated hydrocarbons,Alkanes
WONIGEXYPVIKFS-UHFFFAOYSA-N,Verbenol,CC1=CC(O)C2CC1C2(C)C,IMPHY012198,,https://cb.imsc.res.in/imppat/phytochemical-detailedpage/IMPHY012198,Organic compounds,Lipids and lipid-like molecules,Prenol lipids,Monoterpenoids
XUTBNOJXXIWRCB-UHFFFAOYSA-N,beta-Bulnesene,CC1CCC2=C(C)CCC(=C(C)C)CC12,IMPHY013079,,https://cb.imsc.res.in/imppat/phytochemical-detailedpage/IMPHY013079,Organic compounds,Lipids and lipid-like molecules,Prenol lipids,Sesquiterpenoids
NGIVKZGKEPRIGG-CQSZACIVSA-N,gamma-Curcumene,CC(=CCC[C@H](C1=CC=C(CC1)C)C)C,IMPHY009815,,https://cb.imsc.res.in/imppat/phytochemical-detailedpage/IMPHY009815,Organic compounds,Lipids and lipid-like molecules,Prenol lipids,Sesquiterpenoids
HTNUCKDQVIZWMJ-AMIGDOOGSA-N,"(2R,6R)-2-methyl-3-methylidene-6-[(1S,3R,8R,11S,12S,15R,16R)-7,7,12,16-tetramethyl-6-oxo-15-pentacyclo[9.7.0.01,3.03,8.012,16]octadecanyl]heptanoic acid",C=C([C@H](C(=O)O)C)CC[C@H]([C@H]1CC[C@@]2([C@]1(C)CC[C@@]13[C@H]2CC[C@@H]2[C@]3(C1)CCC(=O)C2(C)C)C)C,IMPHY002238,CHEMBL3953079,https://cb.imsc.res.in/imppat/phytochemical-detailedpage/IMPHY002238,Organic compounds,Lipids and lipid-like molecules,Steroids and steroid derivatives,Cycloartanols and derivatives
FCQSIIVNJCMJLB-SRBJWBKWSA-N,"(2R,6R)-6-[(1S,3R,6S,8R,11S,12S,15R,16R)-6-hydroxy-7,7,12,16-tetramethyl-15-pentacyclo[9.7.0.01,3.03,8.012,16]octadecanyl]-2-methyl-3-methylideneheptanoic acid",C=C([C@H](C(=O)O)C)CC[C@H]([C@H]1CC[C@@]2([C@]1(C)CC[C@@]13[C@H]2CC[C@@H]2[C@]3(C1)CC[C@@H](C2(C)C)O)C)C,IMPHY002237,CHEMBL3926423,https://cb.imsc.res.in/imppat/phytochemical-detailedpage/IMPHY002237,Organic compounds,Lipids and lipid-like molecules,Steroids and steroid derivatives,Cycloartanols and derivatives
KHRXLABAHCIXIJ-VGMYXFKYSA-N,"9,19-Cyclolanost-24-ene-3,26-diol, (3beta)-",OC/C(=C/CC[C@H]([C@H]1CC[C@@]2([C@]1(C)CC[C@@]13[C@H]2CC[C@@H]2[C@]3(C1)CC[C@@H](C2(C)C)O)C)C)/C,IMPHY008590,,https://cb.imsc.res.in/imppat/phytochemical-detailedpage/IMPHY008590,Organic compounds,Lipids and lipid-like molecules,Steroids and steroid derivatives,Cycloartanols and derivatives
PSZDOEIIIJFCFE-OSQDELBUSA-N,Erythrodiol,OC[C@]12CC[C@@]3(C(=CC[C@H]4[C@@]3(C)CC[C@@H]3[C@]4(C)CC[C@@H](C3(C)C)O)[C@@H]2CC(CC1)(C)C)C,IMPHY002190,CHEMBL400074,https://cb.imsc.res.in/imppat/phytochemical-detailedpage/IMPHY002190,Organic compounds,Lipids and lipid-like molecules,Prenol lipids,Triterpenoids
CYHOTEDWAOHQLA-HCJSCJCOSA-N,Mangiferolic acid,C[C@@H]([C@H]1CC[C@@]2([C@]1(C)CC[C@@]13[C@H]2CC[C@@H]2[C@]3(C1)CC[C@@H](C2(C)C)O)C)CC/C=C(/C(=O)O)C,IMPHY004152,CHEMBL552007,https://cb.imsc.res.in/imppat/phytochemical-detailedpage/IMPHY004152,Organic compounds,Lipids and lipid-like molecules,Steroids and steroid derivatives,Cycloartanols and derivatives
STHRNDDZYFUIDO-OSQDELBUSA-N,Oleanolic aldehyde,O=C[C@]12CC[C@@]3(C(=CC[C@H]4[C@@]3(C)CC[C@@H]3[C@]4(C)CC[C@@H](C3(C)C)O)[C@@H]2CC(CC1)(C)C)C,IMPHY001221,CHEMBL487413,https://cb.imsc.res.in/imppat/phytochemical-detailedpage/IMPHY001221,Organic compounds,Lipids and lipid-like molecules,Prenol lipids,Triterpenoids
YWYQTGBBEZQBGO-BERLURQNSA-N,Pregnanediol,O[C@@H]1CC[C@]2([C@@H](C1)CC[C@@H]1[C@@H]2CC[C@]2([C@H]1CC[C@@H]2[C@@H](O)C)C)C,IMPHY013931,CHEMBL269897,https://cb.imsc.res.in/imppat/phytochemical-detailedpage/IMPHY013931,Organic compounds,Lipids and lipid-like molecules,Steroids and steroid derivatives,Pregnane steroids
GHMLBKRAJCXXBS-UHFFFAOYSA-N,Resorcinol,Oc1cccc(c1)O,IMPHY004665,CHEMBL24147,https://cb.imsc.res.in/imppat/phytochemical-detailedpage/IMPHY004665,Organic compounds,Benzenoids,Phenols,Benzenediols
CYHOTEDWAOHQLA-AKGXXHIGSA-N,Isomangiferolic acid,C[C@@H]([C@H]1CC[C@@]2([C@]1(C)CC[C@@]13[C@H]2CC[C@@H]2[C@]3(C1)CC[C@H](C2(C)C)O)C)CC/C=C(/C(=O)O)C,IMPHY004154,CHEMBL558710,https://cb.imsc.res.in/imppat/phytochemical-detailedpage/IMPHY004154,Organic compounds,Lipids and lipid-like molecules,Steroids and steroid derivatives,Cycloartanols and derivatives
JNELGWHKGNBSMD-UHFFFAOYSA-N,Xanthone,O=c1c2ccccc2oc2c1cccc2,IMPHY006836,CHEMBL186784,https://cb.imsc.res.in/imppat/phytochemical-detailedpage/IMPHY006836,Organic compounds,Organoheterocyclic compounds,Benzopyrans,1-benzopyrans
GUBGYTABKSRVRQ-DCSYEGIMSA-N,beta-Lactose,OC[C@H]1O[C@@H](O)[C@@H]([C@H]([C@@H]1O[C@@H]1O[C@H](CO)[C@@H]([C@@H]([C@H]1O)O)O)O)O,IMPHY011294,,https://cb.imsc.res.in/imppat/phytochemical-detailedpage/IMPHY011294,Organic compounds,Organic oxygen compounds,Organooxygen compounds,Carbohydrates and carbohydrate conjugates
KGGGRGBDMBZXKF-KZMOAHQXSA-N,"(4aR,5R,6aR,6aS,6bR,9R,10R,11S,12aR,14bR)-5,10,11-trihydroxy-9-(hydroxymethyl)-2,2,6a,6b,9,12a-hexamethyl-1,3,4,5,6,6a,7,8,8a,10,11,12,13,14b-tetradecahydropicene-4a-carboxylic acid",OC[C@]1(C)[C@@H](O)[C@@H](O)C[C@]2(C1CC[C@@]1([C@@H]2CC=C2[C@@]1(C)C[C@@H](O)[C@@]1([C@@H]2CC(CC1)(C)C)C(=O)O)C)C,IMPHY005454,,https://cb.imsc.res.in/imppat/phytochemical-detailedpage/IMPHY005454,Organic compounds,Lipids and lipid-like molecules,Prenol lipids,Triterpenoids
RWNHLTKFBKYDOJ-JEERONPWSA-N,Bayogenin,OC[C@]1(C)[C@@H](O)[C@@H](O)C[C@]2([C@H]1CC[C@@]1([C@@H]2CC=C2[C@@]1(C)CC[C@@]1([C@H]2CC(CC1)(C)C)C(=O)O)C)C,IMPHY011626,CHEMBL1797308,https://cb.imsc.res.in/imppat/phytochemical-detailedpage/IMPHY011626,Organic compounds,Lipids and lipid-like molecules,Prenol lipids,Triterpenoids
PGOYMURMZNDHNS-MYPRUECHSA-N,Hederagenin,OC[C@]1(C)[C@@H](O)CC[C@]2([C@H]1CC[C@@]1([C@@H]2CC=C2[C@@]1(C)CC[C@@]1([C@H]2CC(CC1)(C)C)C(=O)O)C)C,IMPHY007224,CHEMBL486400,https://cb.imsc.res.in/imppat/phytochemical-detailedpage/IMPHY007224,Organic compounds,Lipids and lipid-like molecules,Prenol lipids,Triterpenoids
IDQVFXZQPGAVAM-YPRSBIJBSA-N,Protobassic acid,OC[C@]1(C)[C@@H](O)[C@@H](O)C[C@]2([C@H]1[C@H](O)C[C@@]1([C@@H]2CC=C2[C@@]1(C)CC[C@@]1([C@H]2CC(CC1)(C)C)C(=O)O)C)C,IMPHY003866,,https://cb.imsc.res.in/imppat/phytochemical-detailedpage/IMPHY003866,Organic compounds,Lipids and lipid-like molecules,Prenol lipids,Triterpenoids
GCRTVIUGJCJVDD-IUCAKERBSA-N,(-)-Carvomenthone,CC([C@H]1CC[C@@H](C(=O)C1)C)C,IMPHY013764,,https://cb.imsc.res.in/imppat/phytochemical-detailedpage/IMPHY013764,Organic compounds,Lipids and lipid-like molecules,Prenol lipids,Monoterpenoids
XHXUANMFYXWVNG-WCQGTBRESA-N,"(1S,2R,5S)-2-isopropyl-5-methylcyclohexyl acetate",C[C@H]1CC[C@@H]([C@H](C1)OC(=O)C)C(C)C,IMPHY004194,,https://cb.imsc.res.in/imppat/phytochemical-detailedpage/IMPHY004194,Organic compounds,Lipids and lipid-like molecules,Prenol lipids,Monoterpenoids
NPNUFJAVOOONJE-BLOBHPOZSA-N,"(1S,4E,9S)-4,11,11-trimethyl-8-methylidenebicyclo[7.2.0]undec-4-ene",C/C/1=CCCC(=C)[C@@H]2[C@H](CC1)C(C2)(C)C,IMPHY012737,,https://cb.imsc.res.in/imppat/phytochemical-detailedpage/IMPHY012737,Organic compounds,Lipids and lipid-like molecules,Prenol lipids,Sesquiterpenoids
COGPRPSWSKLKTF-APIJFGDWSA-N,"1,10-Di-epcubenol",CC1=C[C@@H]2[C@](CC1)(O)[C@H](C)CC[C@@H]2C(C)C,IMPHY013972,,https://cb.imsc.res.in/imppat/phytochemical-detailedpage/IMPHY013972,Organic compounds,Lipids and lipid-like molecules,Prenol lipids,Sesquiterpenoids
GOQRXDTWKVYHJH-UHFFFAOYSA-N,1-Methylene-4-(1-methylvinyl)cyclohexane,C=C1CCC(CC1)C(=C)C,IMPHY013815,,https://cb.imsc.res.in/imppat/phytochemical-detailedpage/IMPHY013815,Organic compounds,Lipids and lipid-like molecules,Prenol lipids,Monoterpenoids
MQWIFDHBNGIVPO-KYOSRNDESA-N,"2-[(2R,8R,8aS)-8,8a-dimethyl-1,2,3,4,6,7,8,8a-octahydronaphthalen-2-yl]propan-2-ol",C[C@@H]1CCC=C2[C@@]1(C)C[C@@H](CC2)C(O)(C)C,IMPHY015107,,https://cb.imsc.res.in/imppat/phytochemical-detailedpage/IMPHY015107,Organic compounds,Lipids and lipid-like molecules,Prenol lipids,Sesquiterpenoids
NMRPBPVERJPACX-UHFFFAOYSA-N,3-Octanol,CCCCCC(CC)O,IMPHY001828,CHEMBL487998,https://cb.imsc.res.in/imppat/phytochemical-detailedpage/IMPHY001828,Organic compounds,Lipids and lipid-like molecules,Fatty acyls,Fatty alcohols
STZUZYMKSMSTOU-UHFFFAOYSA-N,3-Octyl acetate,CCCCCC(OC(=O)C)CC,IMPHY004541,,https://cb.imsc.res.in/imppat/phytochemical-detailedpage/IMPHY004541,Organic compounds,Organic acids and derivatives,Carboxylic acids and derivatives,Carboxylic acid derivatives
IFJYSOWCCJPUJS-UHFFFAOYSA-N,"6,9-Guaiadiene",CC(C1=CCC(C2=C(C1)C(C)CC2)C)C,IMPHY011063,,https://cb.imsc.res.in/imppat/phytochemical-detailedpage/IMPHY011063,Organic compounds,Lipids and lipid-like molecules,Prenol lipids,Sesquiterpenoids
YGMNGQDLUQECTO-UJNFCWOMSA-N,Carvone oxide,CC(=C)[C@H]1CC(=O)[C@@]2([C@H](C1)O2)C,IMPHY009731,,https://cb.imsc.res.in/imppat/phytochemical-detailedpage/IMPHY009731,Organic compounds,Organoheterocyclic compounds,Oxepanes,
YTHRBOFHFYZBRJ-UHFFFAOYSA-N,Carvyl acetate,CC(=O)OC1CC(CC=C1C)C(=C)C,IMPHY012072,CHEMBL1351619,https://cb.imsc.res.in/imppat/phytochemical-detailedpage/IMPHY012072,Organic compounds,Lipids and lipid-like molecules,Prenol lipids,Monoterpenoids
KONGRWVLXLWGDV-BYGOPZEFSA-N,Cubebol,CC([C@@H]1CC[C@H]([C@]23[C@H]1[C@H]2[C@@](C)(O)CC3)C)C,IMPHY003822,,https://cb.imsc.res.in/imppat/phytochemical-detailedpage/IMPHY003822,Organic compounds,Lipids and lipid-like molecules,Prenol lipids,Sesquiterpenoids
KRCZYMFUWVJCLI-UHFFFAOYSA-N,Dihydrocarveol,CC(=C)C1CCC(C(C1)O)C,IMPHY012130,,https://cb.imsc.res.in/imppat/phytochemical-detailedpage/IMPHY012130,Organic compounds,Lipids and lipid-like molecules,Prenol lipids,Monoterpenoids
TUSIZTVSUSBSQI-UHFFFAOYSA-N,Dihydrocarvyl acetate,CC(=O)OC1CC(CCC1C)C(=C)C,IMPHY004067,CHEMBL1730107,https://cb.imsc.res.in/imppat/phytochemical-detailedpage/IMPHY004067,Organic compounds,Lipids and lipid-like molecules,Prenol lipids,Monoterpenoids
IVTQSEFLDHBCDZ-DMDPSCGWSA-N,Dihydroedulan I,C[C@H]1CC[C@H]2[C@@](O1)(C)C=CCC2(C)C,IMPHY011330,,https://cb.imsc.res.in/imppat/phytochemical-detailedpage/IMPHY011330,Organic compounds,Organoheterocyclic compounds,Benzopyrans,
IVTQSEFLDHBCDZ-IAUSTGCCSA-N,Dihydroedulan II,C[C@@H]1CCC2[C@@](O1)(C)C=CCC2(C)C,IMPHY010385,,https://cb.imsc.res.in/imppat/phytochemical-detailedpage/IMPHY010385,Organic compounds,Organoheterocyclic compounds,Benzopyrans,
SDMLCXJKAYFHQM-LIJSYYTGSA-N,Hedycaryol,C/C/1=C/CC/C(=CC[C@H](CC1)C(O)(C)C)/C,IMPHY006515,,https://cb.imsc.res.in/imppat/phytochemical-detailedpage/IMPHY006515,Organic compounds,Lipids and lipid-like molecules,Prenol lipids,Sesquiterpenoids
YGWKXXYGDYYFJU-UHFFFAOYSA-N,Menthofuran,CC1CCc2c(C1)occ2C,IMPHY012487,CHEMBL1522900,https://cb.imsc.res.in/imppat/phytochemical-detailedpage/IMPHY012487,Organic compounds,Lipids and lipid-like molecules,Prenol lipids,Monoterpenoids
DUNCVNHORHNONW-UHFFFAOYSA-N,Myrcenol,C=CC(=C)CCCC(O)(C)C,IMPHY000022,,https://cb.imsc.res.in/imppat/phytochemical-detailedpage/IMPHY000022,Organic compounds,Organic oxygen compounds,Organooxygen compounds,Alcohols and polyols
XHXUANMFYXWVNG-USWWRNFRSA-N,Neomenthyl acetate,C[C@@H]1CC[C@H]([C@H](C1)OC(=O)C)C(C)C,IMPHY004195,,https://cb.imsc.res.in/imppat/phytochemical-detailedpage/IMPHY004195,Organic compounds,Lipids and lipid-like molecules,Prenol lipids,Monoterpenoids
MKPMHJQMNACGDI-UHFFFAOYSA-N,"P-Mentha-2,8-dien-1-ol",CC(=C)C1CCC(C=C1)(C)O,IMPHY012362,,https://cb.imsc.res.in/imppat/phytochemical-detailedpage/IMPHY012362,Organic compounds,Lipids and lipid-like molecules,Prenol lipids,Monoterpenoids
HKZQJZIFODOLFR-UHFFFAOYSA-N,Piperitenone,CC1=CC(=O)C(=C(C)C)CC1,IMPHY003296,CHEMBL54161,https://cb.imsc.res.in/imppat/phytochemical-detailedpage/IMPHY003296,Organic compounds,Lipids and lipid-like molecules,Prenol lipids,Monoterpenoids
AKASWINDKIEEBO-UHFFFAOYSA-N,Piperitenone oxide,CC(=C1CCC2(C(C1=O)O2)C)C,IMPHY012202,,https://cb.imsc.res.in/imppat/phytochemical-detailedpage/IMPHY012202,Organic compounds,Organoheterocyclic compounds,Oxepanes,
USMNOWBWPHYOEA-MRTMQBJTSA-N,Thujone,O=C1C[C@]2([C@@H]([C@H]1C)C2)C(C)C,IMPHY011901,CHEMBL1444078,https://cb.imsc.res.in/imppat/phytochemical-detailedpage/IMPHY011901,Organic compounds,Lipids and lipid-like molecules,Prenol lipids,Monoterpenoids
FAIMMSRDTUMTQR-UHFFFAOYSA-N,alpha-Bourbonene,CC(C1CCC2(C1C1C(=CCC21)C)C)C,IMPHY004971,,https://cb.imsc.res.in/imppat/phytochemical-detailedpage/IMPHY004971,Organic compounds,Lipids and lipid-like molecules,Prenol lipids,Sesquiterpenoids
AZOCECCLWFDTAP-BDAKNGLRSA-N,cis-Dihydrocarvone,CC(=C)[C@H]1CC[C@H](C(=O)C1)C,IMPHY016898,,https://cb.imsc.res.in/imppat/phytochemical-detailedpage/IMPHY016898,Organic compounds,Lipids and lipid-like molecules,Prenol lipids,Monoterpenoids
RNDFUOKDULDZPR-MCIONIFRSA-N,"cis-Muurola-4(14),5-diene",C=C1CC[C@@H]2C(=C1)[C@H](CC[C@H]2C)C(C)C,IMPHY014870,,https://cb.imsc.res.in/imppat/phytochemical-detailedpage/IMPHY014870,Organic compounds,Lipids and lipid-like molecules,Prenol lipids,Sesquiterpenoids
PGTJIOWQJWHTJJ-QWHCGFSZSA-N,trans-Calamenene,CC([C@H]1CC[C@@H](c2c1cc(C)cc2)C)C,IMPHY012910,,https://cb.imsc.res.in/imppat/phytochemical-detailedpage/IMPHY012910,Organic compounds,Lipids and lipid-like molecules,Prenol lipids,Sesquiterpenoids
RNDFUOKDULDZPR-WLDKUNSKSA-N,"trans-Muurola-4(14),5-diene",C=C1CCC2C(=C1)[C@H](CC[C@@H]2C)C(C)C,IMPHY013572,,https://cb.imsc.res.in/imppat/phytochemical-detailedpage/IMPHY013572,Organic compounds,Lipids and lipid-like molecules,Prenol lipids,Sesquiterpenoids
NOOLISFMXDJSKH-BBBLOLIVSA-N,(+)-Isomenthol,C[C@@H]1CC[C@@H]([C@H](C1)O)C(C)C,IMPHY014951,CHEMBL1907990,https://cb.imsc.res.in/imppat/phytochemical-detailedpage/IMPHY014951,Organic compounds,Lipids and lipid-like molecules,Prenol lipids,Monoterpenoids
SEZLYIWMVRUIKT-UHFFFAOYSA-N,Isopiperitenone,CC1=CC(=O)C(CC1)C(=C)C,IMPHY008440,,https://cb.imsc.res.in/imppat/phytochemical-detailedpage/IMPHY008440,Organic compounds,Lipids and lipid-like molecules,Prenol lipids,Monoterpenoids
IAFONZHDZMCORS-SFGNSQDASA-N,cis-Piperitone oxide,CC([C@@H]1CC[C@]2([C@@H](C1=O)O2)C)C,IMPHY012290,,https://cb.imsc.res.in/imppat/phytochemical-detailedpage/IMPHY012290,Organic compounds,Organoheterocyclic compounds,Oxepanes,
NFLGAXVYCFJBMK-UHFFFAOYSA-N,p-Menthan-3-one,CC1CCC(C(=O)C1)C(C)C,IMPHY012178,CHEMBL1719455,https://cb.imsc.res.in/imppat/phytochemical-detailedpage/IMPHY012178,Organic compounds,Lipids and lipid-like molecules,Prenol lipids,Monoterpenoids
LKQMMFFQYMYQOJ-SFDCQRBFSA-N,"(1S,2S,3S,6S)-3-ethenyl-3,7,7-trimethyl-2-prop-1-en-2-ylbicyclo[4.1.0]heptane",C=C[C@]1(C)CC[C@H]2[C@@H]([C@H]1C(=C)C)C2(C)C,IMPHY007307,,https://cb.imsc.res.in/imppat/phytochemical-detailedpage/IMPHY007307,Organic compounds,Lipids and lipid-like molecules,Prenol lipids,Sesquiterpenoids
BQZSFXARLMHSGX-CMDGGOBGSA-N,1-Octenyl acetate,CCCCCC/C=C/OC(=O)C,IMPHY011070,,https://cb.imsc.res.in/imppat/phytochemical-detailedpage/IMPHY011070,Organic compounds,Organic acids and derivatives,Carboxylic acids and derivatives,Carboxylic acid derivatives
JHHZQADGLDKIPM-AATRIKPKSA-N,3-Hepten-2-one,CCC/C=C/C(=O)C,IMPHY016065,,https://cb.imsc.res.in/imppat/phytochemical-detailedpage/IMPHY016065,Organic compounds,Organic oxygen compounds,Organooxygen compounds,Carbonyl compounds
RHLVCLIPMVJYKS-UHFFFAOYSA-N,3-Octanone,CCCCCC(=O)CC,IMPHY003179,CHEMBL2269087,https://cb.imsc.res.in/imppat/phytochemical-detailedpage/IMPHY003179,Organic compounds,Organic oxygen compounds,Organooxygen compounds,Carbonyl compounds
CUFNKYGDVFVPHO-UHFFFAOYSA-N,Azulene,c1ccc2-c(cc1)ccc2,IMPHY007852,CHEMBL3272628,https://cb.imsc.res.in/imppat/phytochemical-detailedpage/IMPHY007852,Organic compounds,Hydrocarbons,Unsaturated hydrocarbons,Olefins
BAVONGHXFVOKBV-UHFFFAOYSA-N,Carveol,CC(=C)C1CC=C(C(C1)O)C,IMPHY011999,CHEMBL1385229,https://cb.imsc.res.in/imppat/phytochemical-detailedpage/IMPHY011999,Organic compounds,Lipids and lipid-like molecules,Prenol lipids,Monoterpenoids
VKOSQMWSWLZQPA-UHFFFAOYSA-N,Cirsilineol,COc1cc2oc(cc(=O)c2c(c1OC)O)c1ccc(c(c1)OC)O,IMPHY005371,CHEMBL487213,https://cb.imsc.res.in/imppat/phytochemical-detailedpage/IMPHY005371,Organic compounds,Phenylpropanoids and polyketides,Flavonoids,O-methylated flavonoids
MBNGWHIJMBWFHU-UHFFFAOYSA-N,Diosmetin,COc1ccc(cc1O)c1cc(=O)c2c(o1)cc(cc2O)O,IMPHY005431,CHEMBL90568,https://cb.imsc.res.in/imppat/phytochemical-detailedpage/IMPHY005431,Organic compounds,Phenylpropanoids and polyketides,Flavonoids,O-methylated flavonoids
GZSOSUNBTXMUFQ-YFAPSIMESA-N,Diosmin,COc1ccc(cc1O)c1cc(=O)c2c(o1)cc(cc2O)O[C@@H]1O[C@H](CO[C@@H]2O[C@@H](C)[C@@H]([C@H]([C@H]2O)O)O)[C@H]([C@@H]([C@H]1O)O)O,IMPHY005432,CHEMBL231884,https://cb.imsc.res.in/imppat/phytochemical-detailedpage/IMPHY005432,Organic compounds,Phenylpropanoids and polyketides,Flavonoids,Flavonoid glycosides
SUNVJLYYDZCIIK-UHFFFAOYSA-N,Durohydroquinone,Cc1c(O)c(C)c(c(c1C)O)C,IMPHY016631,CHEMBL160233,https://cb.imsc.res.in/imppat/phytochemical-detailedpage/IMPHY016631,Organic compounds,Benzenoids,Phenols,Benzenediols
ZBGMIPWQNKUQOU-UHFFFAOYSA-N,Furylpropyl ketone,O=C(CCCc1ccco1)CCCc1ccco1,IMPHY017237,,https://cb.imsc.res.in/imppat/phytochemical-detailedpage/IMPHY017237,Organic compounds,Organoheterocyclic compounds,Heteroaromatic compounds,
XMRKUJJDDKYUHV-DFSVIBJJSA-N,Germacrene a,C/C/1=CCC/C(=C/C[C@@H](CC1)C(=C)C)/C,IMPHY003694,,https://cb.imsc.res.in/imppat/phytochemical-detailedpage/IMPHY003694,Organic compounds,Lipids and lipid-like molecules,Prenol lipids,Sesquiterpenoids
NPNUFJAVOOONJE-FLFDDASRSA-N,Isocaryophyllene,C/C/1=C/CCC(=C)[C@@H]2[C@@H](CC1)C(C2)(C)C,IMPHY012738,CHEMBL448700,https://cb.imsc.res.in/imppat/phytochemical-detailedpage/IMPHY012738,Organic compounds,Lipids and lipid-like molecules,Prenol lipids,Sesquiterpenoids
RMIANEGNSBUGDJ-UHFFFAOYSA-N,Isopulegone,CC1CCC(C(=O)C1)C(=C)C,IMPHY003238,,https://cb.imsc.res.in/imppat/phytochemical-detailedpage/IMPHY003238,Organic compounds,Lipids and lipid-like molecules,Prenol lipids,Monoterpenoids
WEZDOYDDKIHCLM-RBSFLKMASA-N,Premnaspirodiene,CC(=C)[C@@H]1CC[C@]2(C1)[C@H](C)CCC=C2C,IMPHY002866,,https://cb.imsc.res.in/imppat/phytochemical-detailedpage/IMPHY002866,Organic compounds,Lipids and lipid-like molecules,Prenol lipids,Sesquiterpenoids
WOULTTPZJDSDEI-UHFFFAOYSA-N,Shyobunol,C=CC1(C)CCC(C(C1C(=C)C)O)C(C)C,IMPHY016854,,https://cb.imsc.res.in/imppat/phytochemical-detailedpage/IMPHY016854,Organic compounds,Lipids and lipid-like molecules,Prenol lipids,Sesquiterpenoids
FILMMSADAAQBJS-UHFFFAOYSA-N,o-Menth-8-ene,CC(=C)C1CCCCC1C,IMPHY012582,,https://cb.imsc.res.in/imppat/phytochemical-detailedpage/IMPHY012582,Organic compounds,Lipids and lipid-like molecules,Prenol lipids,Monoterpenoids
OBJREHLZEIEGDU-CNJBRALLSA-N,4-(Rhamnosyloxy)phenylacetonitrile,N#CCc1ccc(cc1)O[C@@H]1O[C@@H](C)[C@@H]([C@H]([C@H]1O)O)O,IMPHY009543,CHEMBL446981,https://cb.imsc.res.in/imppat/phytochemical-detailedpage/IMPHY009543,Organic compounds,Organic oxygen compounds,Organooxygen compounds,Carbohydrates and carbohydrate conjugates
CHLICZRVGGXEOD-UHFFFAOYSA-N,1-Methoxy-4-methylbenzene,COc1ccc(cc1)C,IMPHY016804,CHEMBL154155,https://cb.imsc.res.in/imppat/phytochemical-detailedpage/IMPHY016804,Organic compounds,Benzenoids,Phenol ethers,Anisoles
HLZKNKRTKFSKGZ-UHFFFAOYSA-N,1-Tetradecanol,CCCCCCCCCCCCCCO,IMPHY007182,CHEMBL24022,https://cb.imsc.res.in/imppat/phytochemical-detailedpage/IMPHY007182,Organic compounds,Lipids and lipid-like molecules,Fatty acyls,Fatty alcohols
NDFKTBCGKNOHPJ-AATRIKPKSA-N,2-Heptenal,CCCC/C=C/C=O,IMPHY003649,CHEMBL454759,https://cb.imsc.res.in/imppat/phytochemical-detailedpage/IMPHY003649,Organic compounds,Organic oxygen compounds,Organooxygen compounds,Carbonyl compounds
ZCHHRLHTBGRGOT-SNAWJCMRSA-N,2-Hexen-1-OL,CCC/C=C/CO,IMPHY011694,CHEMBL2228463,https://cb.imsc.res.in/imppat/phytochemical-detailedpage/IMPHY011694,Organic compounds,Lipids and lipid-like molecules,Fatty acyls,Fatty alcohols
LVBXEMGDVWVTGY-VOTSOKGWSA-N,2-Octenal,CCCCC/C=C/C=O,IMPHY005549,CHEMBL448058,https://cb.imsc.res.in/imppat/phytochemical-detailedpage/IMPHY005549,Organic compounds,Organic oxygen compounds,Organooxygen compounds,Carbonyl compounds
ALSTYHKOOCGGFT-UHFFFAOYSA-N,"9-Octadecen-1-ol, (9Z)-",CCCCCCCCC=CCCCCCCCCO,IMPHY011225,,https://cb.imsc.res.in/imppat/phytochemical-detailedpage/IMPHY011225,Organic compounds,Lipids and lipid-like molecules,Fatty acyls,Fatty alcohols
NSDDRJXKROCWRZ-UHFFFAOYSA-N,Isobutyl isothiocyanate,CC(CN=C=S)C,IMPHY008005,CHEMBL3593941,https://cb.imsc.res.in/imppat/phytochemical-detailedpage/IMPHY008005,Organic compounds,Organosulfur compounds,Isothiocyanates,
IJXHLVMUNBOGRR-UHFFFAOYSA-N,Methyl nonanoate,CCCCCCCCC(=O)OC,IMPHY015840,CHEMBL1234788,https://cb.imsc.res.in/imppat/phytochemical-detailedpage/IMPHY015840,Organic compounds,Lipids and lipid-like molecules,Fatty acyls,Fatty acid esters
ALSTYHKOOCGGFT-KTKRTIGZSA-N,Oleyl alcohol,CCCCCCCC/C=CCCCCCCCCO,IMPHY015026,CHEMBL2105350,https://cb.imsc.res.in/imppat/phytochemical-detailedpage/IMPHY015026,Organic compounds,Lipids and lipid-like molecules,Fatty acyls,Fatty alcohols
XNGKCOFXDHYSGR-UHFFFAOYSA-N,Perillene,CC(=CCCc1cocc1)C,IMPHY007131,,https://cb.imsc.res.in/imppat/phytochemical-detailedpage/IMPHY007131,Organic compounds,Organoheterocyclic compounds,Heteroaromatic compounds,
NAAJVHHFAXWBOK-ZDUSSCGKSA-N,ar-Turmerone,CC(=CC(=O)C[C@@H](c1ccc(cc1)C)C)C,IMPHY012381,CHEMBL1668333,https://cb.imsc.res.in/imppat/phytochemical-detailedpage/IMPHY012381,Organic compounds,Lipids and lipid-like molecules,Prenol lipids,Sesquiterpenoids
CDJJKTLOZJAGIZ-UHFFFAOYSA-N,p-Tolyl acetate,CC(=O)Oc1ccc(cc1)C,IMPHY009861,CHEMBL501246,https://cb.imsc.res.in/imppat/phytochemical-detailedpage/IMPHY009861,Organic compounds,Benzenoids,Phenol esters,
HZYHMHHBBBSGHB-ODYTWBPASA-N,"trans-2,cis-6-Nonadienal",CC/C=CCC/C=C/C=O,IMPHY010939,,https://cb.imsc.res.in/imppat/phytochemical-detailedpage/IMPHY010939,Organic compounds,Organic oxygen compounds,Organooxygen compounds,Carbonyl compounds
QSGQMXJNFWYWMM-QOYUQHOESA-N,Niazirinin,N#CCc1ccc(cc1)O[C@@H]1O[C@@H](C)[C@@H]([C@H]([C@H]1O)O)OC(=O)C,IMPHY001105,CHEMBL507561,https://cb.imsc.res.in/imppat/phytochemical-detailedpage/IMPHY001105,Organic compounds,Organic oxygen compounds,Organooxygen compounds,Carbohydrates and carbohydrate conjugates
DRPKGNAZZMOSQF-XKENVVIXSA-N,niaziminin B,CCOC(=S)/C=N/Cc1ccc(cc1)O[C@@H]1O[C@@H](C)[C@@H]([C@H]([C@H]1O)O)OC(=O)C,IMPHY014415,CHEMBL409159,https://cb.imsc.res.in/imppat/phytochemical-detailedpage/IMPHY014415,Organic compounds,Organic oxygen compounds,Organooxygen compounds,Carbohydrates and carbohydrate conjugates
TYASLDPXCAROPT-UHFFFAOYSA-N,"1,7-Octadien-3-ol, 2,6-dimethyl-",C=CC(CCC(C(=C)C)O)C,IMPHY013843,,https://cb.imsc.res.in/imppat/phytochemical-detailedpage/IMPHY013843,Organic compounds,Lipids and lipid-like molecules,Fatty acyls,Fatty alcohols
XMOCLSLCDHWDHP-IUODEOHRSA-N,Epigallocatechin,Oc1cc2O[C@H](c3cc(O)c(c(c3)O)O)[C@@H](Cc2c(c1)O)O,IMPHY011737,CHEMBL47386,https://cb.imsc.res.in/imppat/phytochemical-detailedpage/IMPHY011737,Organic compounds,Phenylpropanoids and polyketides,Flavonoids,Flavans
WMBWREPUVVBILR-WIYYLYMNSA-N,Epigallocatechin gallate,Oc1cc(O)c2c(c1)O[C@@H]([C@@H](C2)OC(=O)c1cc(O)c(c(c1)O)O)c1cc(O)c(c(c1)O)O,IMPHY011670,CHEMBL297453,https://cb.imsc.res.in/imppat/phytochemical-detailedpage/IMPHY011670,Organic compounds,Phenylpropanoids and polyketides,Flavonoids,Flavans
YRRAGUMVDQQZIY-UHFFFAOYSA-N,Gossypetin,Oc1cc(ccc1O)c1oc2c(O)c(O)cc(c2c(=O)c1O)O,IMPHY004425,CHEMBL253570,https://cb.imsc.res.in/imppat/phytochemical-detailedpage/IMPHY004425,Organic compounds,Phenylpropanoids and polyketides,Flavonoids,Flavones
AIONOLUJZLIMTK-AWEZNQCLSA-N,Hesperetin,COc1ccc(cc1O)[C@@H]1CC(=O)c2c(O1)cc(cc2O)O,IMPHY006750,CHEMBL399121,https://cb.imsc.res.in/imppat/phytochemical-detailedpage/IMPHY006750,Organic compounds,Phenylpropanoids and polyketides,Flavonoids,O-methylated flavonoids
UYZWETYQWXDQOM-VPUABCQISA-N,"N,alpha-L-rhamnopyranosyl vincosamide",OC[C@H]1O[C@@H](O[C@@H]2OC=C3[C@H]([C@H]2C=C)C[C@H]2N(C3=O)CCc3c2n(O[C@@H]2O[C@@H](C)[C@@H]([C@H]([C@H]2O)O)O)c2c3cccc2)[C@@H]([C@H]([C@@H]1O)O)O,IMPHY014473,CHEMBL2348849,https://cb.imsc.res.in/imppat/phytochemical-detailedpage/IMPHY014473,Organic compounds,Organoheterocyclic compounds,Indoles and derivatives,Pyridoindoles
JOSHUAQJVMGTGS-NBUQLFNLSA-N,Niazimicin A,CCOC(=S)NCc1ccc(cc1)O[C@@H]1O[C@@H](C)[C@@H]([C@H]([C@H]1O)O)O,IMPHY008612,,https://cb.imsc.res.in/imppat/phytochemical-detailedpage/IMPHY008612,Organic compounds,Organic oxygen compounds,Organooxygen compounds,Carbohydrates and carbohydrate conjugates
ZOIAMMQYAZSWRX-CNJBRALLSA-N,Niazinin,COC(=S)NCc1ccc(cc1)O[C@@H]1O[C@@H](C)[C@@H]([C@H]([C@H]1O)O)O,IMPHY008611,CHEMBL1223972,https://cb.imsc.res.in/imppat/phytochemical-detailedpage/IMPHY008611,Organic compounds,Organic oxygen compounds,Organooxygen compounds,Carbohydrates and carbohydrate conjugates
ZVOLCUVKHLEPEV-UHFFFAOYSA-N,Quercetagetin,Oc1ccc(cc1O)c1oc2cc(O)c(c(c2c(=O)c1O)O)O,IMPHY005545,CHEMBL413552,https://cb.imsc.res.in/imppat/phytochemical-detailedpage/IMPHY005545,Organic compounds,Phenylpropanoids and polyketides,Flavonoids,Flavones
KATOLVAXCGIBLO-UHFFFAOYSA-N,"1,3-Dibenzylurea",O=C(NCc1ccccc1)NCc1ccccc1,IMPHY006066,CHEMBL504463,https://cb.imsc.res.in/imppat/phytochemical-detailedpage/IMPHY006066,Organic compounds,Benzenoids,Benzene and substituted derivatives,
WGQKYBSKWIADBV-UHFFFAOYSA-N,Benzylamine,NCc1ccccc1,IMPHY006011,CHEMBL522,https://cb.imsc.res.in/imppat/phytochemical-detailedpage/IMPHY006011,Organic compounds,Benzenoids,Benzene and substituted derivatives,Phenylmethylamines
OGWNPNIRZURLGD-UHFFFAOYSA-N,Pterygospermin,S=C1OC2(N1Cc1ccccc1)C=CC1(C=C2)OC(=S)N1Cc1ccccc1,IMPHY006655,,https://cb.imsc.res.in/imppat/phytochemical-detailedpage/IMPHY006655,Organic compounds,Benzenoids,Benzene and substituted derivatives,
UKBUAVLRSUYDBZ-AWNLEHAGSA-N,28-Isoavenasterol acetate,C/C=C(/C(C)C)CC[C@H]([C@H]1CCC2([C@]1(C)CCC1C2=CCC2[C@]1(C)CC[C@@H](C2)OC(=O)C)C)C,IMPHY007308,,https://cb.imsc.res.in/imppat/phytochemical-detailedpage/IMPHY007308,Organic compounds,Lipids and lipid-like molecules,Prenol lipids,Triterpenoids
GHGKPLPBPGYSOO-FBZNIEFRSA-N,Clerosterol,CC[C@H](C(=C)C)CC[C@H]([C@H]1CC[C@@H]2[C@]1(C)CC[C@H]1[C@H]2CC=C2[C@]1(C)CC[C@@H](C2)O)C,IMPHY014878,CHEMBL252365,https://cb.imsc.res.in/imppat/phytochemical-detailedpage/IMPHY014878,Organic compounds,Lipids and lipid-like molecules,Steroids and steroid derivatives,Stigmastanes and derivatives
KEMQGTRYUADPNZ-UHFFFAOYSA-N,Heptadecanoic acid,CCCCCCCCCCCCCCCCC(=O)O,IMPHY000120,CHEMBL1172910,https://cb.imsc.res.in/imppat/phytochemical-detailedpage/IMPHY000120,Organic compounds,Lipids and lipid-like molecules,Fatty acyls,Fatty acids and conjugates
QQHRYSLWMCEKRX-UHFFFAOYSA-N,Moringyne,OCC1OC(OC(=O)c2c(C)cccc2C)C(C(C1O)O)O,IMPHY013682,,https://cb.imsc.res.in/imppat/phytochemical-detailedpage/IMPHY013682,Organic compounds,Organic oxygen compounds,Organooxygen compounds,Carbohydrates and carbohydrate conjugates
YKNWIILGEFFOPE-UHFFFAOYSA-N,Pentacosane,CCCCCCCCCCCCCCCCCCCCCCCCC,IMPHY009377,,https://cb.imsc.res.in/imppat/phytochemical-detailedpage/IMPHY009377,Organic compounds,Hydrocarbons,Saturated hydrocarbons,Alkanes
KEEQQEKLEZRLDS-QYDMNQLSSA-N,Roridin E,C/C/1=C/C(=O)OC[C@]23CCC(=C[C@H]2O[C@H]2[C@]4([C@]3(C)[C@H](OC(=O)/C=CC=C/[C@@H](OCC1)[C@H](O)C)C2)CO4)C,IMPHY013471,,https://cb.imsc.res.in/imppat/phytochemical-detailedpage/IMPHY013471,Organic compounds,Lipids and lipid-like molecules,Prenol lipids,Sesquiterpenoids
STSOHAOGZMLWFR-RRPHZQQHSA-N,4-Hydroxymellein,C[C@H]1OC(=O)c2c(C1O)cccc2O,IMPHY001301,CHEMBL253573,https://cb.imsc.res.in/imppat/phytochemical-detailedpage/IMPHY001301,Organic compounds,Organoheterocyclic compounds,Benzopyrans,2-benzopyrans
UTOPWMOLSKOLTQ-UHFFFAOYSA-N,Octacosanoic acid,CCCCCCCCCCCCCCCCCCCCCCCCCCCC(=O)O,IMPHY000599,CHEMBL2261064,https://cb.imsc.res.in/imppat/phytochemical-detailedpage/IMPHY000599,Organic compounds,Lipids and lipid-like molecules,Fatty acyls,Fatty acids and conjugates
DMCPFOBLJMLSNX-UHFFFAOYSA-N,3-Indoleacetonitrile,N#CCc1c[nH]c2c1cccc2,IMPHY010082,CHEMBL1812654,https://cb.imsc.res.in/imppat/phytochemical-detailedpage/IMPHY010082,Organic compounds,Organoheterocyclic compounds,Indoles and derivatives,Indoles
JPUKWEQWGBDDQB-DTGCRPNFSA-M,kaempferol 3-O-beta-D-galactoside(1-),OC[C@H]1O[C@@H](Oc2c(oc3c(c2=O)c([O-])cc(c3)O)c2ccc(cc2)O)[C@@H]([C@H]([C@H]1O)O)O,IMPHY004211,,https://cb.imsc.res.in/imppat/phytochemical-detailedpage/IMPHY004211,Organic compounds,Phenylpropanoids and polyketides,Flavonoids,Flavonoid glycosides
AMXYRHBJZOVHOL-ODYTWBPASA-N,"(2E,6Z)-Nona-2,6-dien-1-ol",CC/C=CCC/C=C/CO,IMPHY010304,CHEMBL3186514,https://cb.imsc.res.in/imppat/phytochemical-detailedpage/IMPHY010304,Organic compounds,Lipids and lipid-like molecules,Fatty acyls,Fatty alcohols
VHVMXWZXFBOANQ-UHFFFAOYSA-N,1-Penten-3-OL,CCC(C=C)O,IMPHY001971,CHEMBL2269086,https://cb.imsc.res.in/imppat/phytochemical-detailedpage/IMPHY001971,Organic compounds,Organic oxygen compounds,Organooxygen compounds,Alcohols and polyols
QSJXEFYPDANLFS-UHFFFAOYSA-N,"2,3-Butanedione",CC(=O)C(=O)C,IMPHY007109,CHEMBL365809,https://cb.imsc.res.in/imppat/phytochemical-detailedpage/IMPHY007109,Organic compounds,Organic oxygen compounds,Organooxygen compounds,Carbonyl compounds
KUFFULVDNCHOFZ-UHFFFAOYSA-N,"2,4-Dimethylphenol",Cc1ccc(c(c1)C)O,IMPHY016313,CHEMBL29878,https://cb.imsc.res.in/imppat/phytochemical-detailedpage/IMPHY016313,Organic compounds,Benzenoids,Benzene and substituted derivatives,Xylenes
IEMMBWWQXVXBEU-UHFFFAOYSA-N,2-Acetylfuran,CC(=O)c1ccco1,IMPHY002750,,https://cb.imsc.res.in/imppat/phytochemical-detailedpage/IMPHY002750,Organic compounds,Organic oxygen compounds,Organooxygen compounds,Carbonyl compounds
YIWUKEYIRIRTPP-UHFFFAOYSA-N,2-Ethylhexanol,CCCCC(CO)CC,IMPHY006032,CHEMBL31637,https://cb.imsc.res.in/imppat/phytochemical-detailedpage/IMPHY006032,Organic compounds,Lipids and lipid-like molecules,Fatty acyls,Fatty alcohols
RCQKLWAPRHHRNN-UHFFFAOYSA-N,2-Methyl-4-pentenal,C=CCC(C=O)C,IMPHY016260,,https://cb.imsc.res.in/imppat/phytochemical-detailedpage/IMPHY016260,Organic compounds,Organic oxygen compounds,Organic oxides,
FCWYQRVIQDNGBI-UHFFFAOYSA-N,2-Methyltetrahydrofuran-3-one,O=C1CCOC1C,IMPHY012163,CHEMBL3188615,https://cb.imsc.res.in/imppat/phytochemical-detailedpage/IMPHY012163,Organic compounds,Organoheterocyclic compounds,Dihydrofurans,Furanones
FIDBXHOCOXRPRO-CWWKMNTPSA-N,"3,6-Nonadienal",O=CC/C=CC/C=CCC,IMPHY016097,,https://cb.imsc.res.in/imppat/phytochemical-detailedpage/IMPHY016097,Organic compounds,Organic oxygen compounds,Organooxygen compounds,Carbonyl compounds
ASUAYTHWZCLXAN-UHFFFAOYSA-N,3-Methyl-2-buten-1-OL,OCC=C(C)C,IMPHY000037,CHEMBL3184952,https://cb.imsc.res.in/imppat/phytochemical-detailedpage/IMPHY000037,Organic compounds,Organic oxygen compounds,Organooxygen compounds,Alcohols and polyols
VZUAUHWZIKOMFC-UHFFFAOYSA-N,4-Acetyloxybut-2-enyl acetate,CC(=O)OCC=CCOC(=O)C,IMPHY016220,,https://cb.imsc.res.in/imppat/phytochemical-detailedpage/IMPHY016220,Organic compounds,Organic acids and derivatives,Carboxylic acids and derivatives,Dicarboxylic acids and derivatives
LZBXPXAOYQVZEC-RIYZIHGNSA-N,Dendrolasin,C/C(=CCCc1cocc1)/CCC=C(C)C,IMPHY007908,,https://cb.imsc.res.in/imppat/phytochemical-detailedpage/IMPHY007908,Organic compounds,Lipids and lipid-like molecules,Prenol lipids,Monoterpenoids
FKRCODPIKNYEAC-UHFFFAOYSA-N,Ethyl propionate,CCOC(=O)CC,IMPHY015670,CHEMBL44115,https://cb.imsc.res.in/imppat/phytochemical-detailedpage/IMPHY015670,Organic compounds,Organic acids and derivatives,Carboxylic acids and derivatives,Carboxylic acid derivatives
XLSMFKSTNGKWQX-UHFFFAOYSA-N,Hydroxyacetone,CC(=O)CO,IMPHY013759,,https://cb.imsc.res.in/imppat/phytochemical-detailedpage/IMPHY013759,Organic compounds,Organic oxygen compounds,Organooxygen compounds,Carbonyl compounds
GJRQTCIYDGXPES-UHFFFAOYSA-N,Isobutyl acetate,CC(COC(=O)C)C,IMPHY007219,CHEMBL46999,https://cb.imsc.res.in/imppat/phytochemical-detailedpage/IMPHY007219,Organic compounds,Organic acids and derivatives,Carboxylic acids and derivatives,Carboxylic acid derivatives
SHOJXDKTYKFBRD-UHFFFAOYSA-N,Mesityl oxide,CC(=CC(=O)C)C,IMPHY007418,CHEMBL3185916,https://cb.imsc.res.in/imppat/phytochemical-detailedpage/IMPHY007418,Organic compounds,Organic oxygen compounds,Organooxygen compounds,Carbonyl compounds
FZWLAAWBMGSTSO-UHFFFAOYSA-N,Thiazole,c1nccs1,IMPHY015955,CHEMBL15605,https://cb.imsc.res.in/imppat/phytochemical-detailedpage/IMPHY015955,Organic compounds,Organoheterocyclic compounds,Azoles,Thiazoles
BTSIZIIPFNVMHF-ARJAWSKDSA-N,cis-2-Penten-1-ol,CC/C=CCO,IMPHY003855,CHEMBL2269088,https://cb.imsc.res.in/imppat/phytochemical-detailedpage/IMPHY003855,Organic compounds,Organic oxygen compounds,Organooxygen compounds,Alcohols and polyols
QWVGKYWNOKOFNN-UHFFFAOYSA-N,o-Cresol,Cc1ccccc1O,IMPHY003555,CHEMBL46931,https://cb.imsc.res.in/imppat/phytochemical-detailedpage/IMPHY003555,Organic compounds,Benzenoids,Phenols,Cresols
LKNPFZQVNZFLIC-VQHVLOKHSA-N,"2,4-Dihydroxychalcone",Oc1ccc(c(c1)O)/C=C/C(=O)c1ccccc1,IMPHY014119,CHEMBL373249,https://cb.imsc.res.in/imppat/phytochemical-detailedpage/IMPHY014119,Organic compounds,Phenylpropanoids and polyketides,"Linear 1,3-diarylpropanoids",Chalcones and dihydrochalcones
OLQWUZUMRBBFFC-UHFFFAOYSA-N,"1,2,8-Trimethoxy-6-methyl-9H-carbazole",COc1ccc2c(c1OC)[nH]c1c2cc(cc1OC)C,IMPHY014450,CHEMBL4076427,https://cb.imsc.res.in/imppat/phytochemical-detailedpage/IMPHY014450,Organic compounds,Organoheterocyclic compounds,Indoles and derivatives,Carbazoles
VZOALRHIINZPKX-UHFFFAOYSA-N,1-methoxy-9H-carbazole-3-carboxylic acid,COc1cc(cc2c1[nH]c1c2cccc1)C(=O)O,IMPHY013944,CHEMBL498081,https://cb.imsc.res.in/imppat/phytochemical-detailedpage/IMPHY013944,Organic compounds,Organoheterocyclic compounds,Indoles and derivatives,Carbazoles
WNIJCVSAQYOBMV-UHFFFAOYSA-N,Bikoeniquinone A,COc1cc(C)c(c2c1[nH]c1c2cccc1)C1=C(C)C(=O)c2c(C1=O)[nH]c1c2cccc1,IMPHY007665,,https://cb.imsc.res.in/imppat/phytochemical-detailedpage/IMPHY007665,Organic compounds,Organoheterocyclic compounds,Indoles and derivatives,Carbazoles
DUWZYYIUQUHQBX-UHFFFAOYSA-N,Bismahanine,CC(=CCCC1(C)C=Cc2c(O1)c(C)cc1c2[nH]c2c1cc(c(c2)O)c1c(O)ccc2c1[nH]c1c2cc(c2c1C=CC(O2)(C)CCC=C(C)C)C)C,IMPHY007698,,https://cb.imsc.res.in/imppat/phytochemical-detailedpage/IMPHY007698,Organic compounds,Organoheterocyclic compounds,Indoles and derivatives,Carbazoles
FKJFKIPTKQPIFB-UHFFFAOYSA-N,Bismurrayaquinone A,CC1=C(C2=C(C)C(=O)c3c(C2=O)[nH]c2c3cccc2)C(=O)c2c(C1=O)c1ccccc1[nH]2,IMPHY007679,,https://cb.imsc.res.in/imppat/phytochemical-detailedpage/IMPHY007679,Organic compounds,Organoheterocyclic compounds,Indoles and derivatives,Carbazoles
HYKYGURKMDNXGG-WJDWOHSUSA-N,Clausenatine A,O=Cc1cc2c(c(c1O)C/C=C(CCC=C(C)C)/C)[nH]c1c2cccc1,IMPHY006797,,https://cb.imsc.res.in/imppat/phytochemical-detailedpage/IMPHY006797,Organic compounds,Organoheterocyclic compounds,Indoles and derivatives,Carbazoles
KXNHNLQCCJZSEK-UHFFFAOYSA-N,Currayanine,CC(=C)C1CCC2(CC1c1c(O2)c(C)cc2c1[nH]c1c2cccc1)C,IMPHY003310,CHEMBL1973644,https://cb.imsc.res.in/imppat/phytochemical-detailedpage/IMPHY003310,Organic compounds,Organoheterocyclic compounds,Indoles and derivatives,Carbazoles
YPSWCORASQDCJM-UHFFFAOYSA-N,Curryangine,Cc1cc2c3ccccc3n3c2c2c1OC1(C)CCC(C2C1)C3(C)C,IMPHY011605,CHEMBL1971508,https://cb.imsc.res.in/imppat/phytochemical-detailedpage/IMPHY011605,Organic compounds,Organoheterocyclic compounds,Quinolines and derivatives,Benzoquinolines
GAEQWKVGMHUUKO-UHFFFAOYSA-N,Girinimbine,Cc1cc2c(c3c1OC(C)(C)C=C3)[nH]c1c2cccc1,IMPHY007590,CHEMBL1477760,https://cb.imsc.res.in/imppat/phytochemical-detailedpage/IMPHY007590,Organic compounds,Organoheterocyclic compounds,Indoles and derivatives,Carbazoles
SCQKOFCBSCEEQG-UHFFFAOYSA-N,Isomurrayazoline,Cc1ccc2c(c1)c1ccc3c4c1n2C(C)(C)C1C4CC(O3)(CC1)C,IMPHY009546,,https://cb.imsc.res.in/imppat/phytochemical-detailedpage/IMPHY009546,Organic compounds,Organoheterocyclic compounds,Quinolines and derivatives,Benzoquinolines
FBXPHUZRLGTRFW-UHFFFAOYSA-N,Koeniginequinone A,COc1ccc2c(c1)[nH]c1c2C(=O)C(=CC1=O)C,IMPHY013047,CHEMBL496241,https://cb.imsc.res.in/imppat/phytochemical-detailedpage/IMPHY013047,Organic compounds,Organoheterocyclic compounds,Indoles and derivatives,Carbazoles
NIRRSVHUEHTZSM-UHFFFAOYSA-N,Koeniginequinone B,COc1cc2[nH]c3c(c2cc1OC)C(=O)C(=CC3=O)C,IMPHY013044,CHEMBL4575424,https://cb.imsc.res.in/imppat/phytochemical-detailedpage/IMPHY013044,Organic compounds,Organoheterocyclic compounds,Indoles and derivatives,Carbazoles
HTNVFUBCWIYPJN-UHFFFAOYSA-N,Mahanimbine,CC(=CCCC1(C)C=Cc2c(O1)c(C)cc1c2[nH]c2c1cccc2)C,IMPHY005074,CHEMBL495873,https://cb.imsc.res.in/imppat/phytochemical-detailedpage/IMPHY005074,Organic compounds,Organoheterocyclic compounds,Indoles and derivatives,Carbazoles
JSSIAXXILAGJKE-FOWTUZBSSA-N,Mahanimbinol,C/C(=CCc1c(O)c(C)cc2c1[nH]c1c2cccc1)/CCC=C(C)C,IMPHY003846,CHEMBL497101,https://cb.imsc.res.in/imppat/phytochemical-detailedpage/IMPHY003846,Organic compounds,Organoheterocyclic compounds,Indoles and derivatives,Carbazoles
PURITTXNCHNYEP-UHFFFAOYSA-N,Mukoenine A,CC(=CCc1c(O)c(C)cc2c1[nH]c1c2cccc1)C,IMPHY004635,CHEMBL4104856,https://cb.imsc.res.in/imppat/phytochemical-detailedpage/IMPHY004635,Organic compounds,Organoheterocyclic compounds,Indoles and derivatives,Carbazoles
NEAHWGSQUXSRNW-UHFFFAOYSA-N,Mukonal,O=Cc1cc2c(cc1O)[nH]c1c2cccc1,IMPHY004663,CHEMBL1077147,https://cb.imsc.res.in/imppat/phytochemical-detailedpage/IMPHY004663,Organic compounds,Organoheterocyclic compounds,Indoles and derivatives,Carbazoles
APZRRMFSHXMDTQ-UHFFFAOYSA-N,Mukonicine,COc1cc(OC)cc2c1[nH]c1c2cc(c2c1C=CC(O2)(C)C)C,IMPHY006918,,https://cb.imsc.res.in/imppat/phytochemical-detailedpage/IMPHY006918,Organic compounds,Organoheterocyclic compounds,Indoles and derivatives,Carbazoles
OBQIZMYFDVTSTF-UHFFFAOYSA-N,Murrastifoline F,COc1cc(C)cc2c1n(c1c(C)cc(c3c1c1ccccc1[nH]3)OC)c1c2cccc1,IMPHY008385,,https://cb.imsc.res.in/imppat/phytochemical-detailedpage/IMPHY008385,Organic compounds,Organoheterocyclic compounds,Indoles and derivatives,Carbazoles
UBTAPPWQYRWQOH-UHFFFAOYSA-N,Murrayacine,O=Cc1cc2c(c3c1OC(C)(C)C=C3)[nH]c1c2cccc1,IMPHY004402,,https://cb.imsc.res.in/imppat/phytochemical-detailedpage/IMPHY004402,Organic compounds,Organoheterocyclic compounds,Indoles and derivatives,Carbazoles
VEZSSHVWEILOAM-UHFFFAOYSA-N,Murrayacinine,O=Cc1cc2c(c3c1OC(C)(CCC=C(C)C)C=C3)[nH]c1c2cccc1,IMPHY000215,,https://cb.imsc.res.in/imppat/phytochemical-detailedpage/IMPHY000215,Organic compounds,Organoheterocyclic compounds,Indoles and derivatives,Carbazoles
RIEXGJSQJLHVLX-UHFFFAOYSA-N,Murrayamine A,Oc1ccc2c(c1)[nH]c1c2cc(c2c1C=CC(O2)(C)C)C,IMPHY014158,,https://cb.imsc.res.in/imppat/phytochemical-detailedpage/IMPHY014158,Organic compounds,Organoheterocyclic compounds,Indoles and derivatives,Carbazoles
FWNZQNAJETXQPP-UHFFFAOYSA-N,Murrayanine,COc1cc(C=O)cc2c1[nH]c1c2cccc1,IMPHY007568,CHEMBL1689802,https://cb.imsc.res.in/imppat/phytochemical-detailedpage/IMPHY007568,Organic compounds,Organoheterocyclic compounds,Indoles and derivatives,Carbazoles
YPSWCORASQDCJM-MFEFFIJZSA-N,Murrayazoline,Cc1cc2c3ccccc3n3c2c2c1O[C@@]1(C)CC[C@H]([C@@H]2C1)C3(C)C,IMPHY014889,CHEMBL524719,https://cb.imsc.res.in/imppat/phytochemical-detailedpage/IMPHY014889,Organic compounds,Organoheterocyclic compounds,Quinolines and derivatives,Benzoquinolines
VAFPWCIGDGFJNB-UHFFFAOYSA-N,Murrayazolinine,Cc1cc2c(c3c1OC1(C)CCC(C3C1)C(O)(C)C)[nH]c1c2cccc1,IMPHY000248,,https://cb.imsc.res.in/imppat/phytochemical-detailedpage/IMPHY000248,Organic compounds,Organoheterocyclic compounds,Indoles and derivatives,Carbazoles
SIYXICWJEWHFMI-UHFFFAOYSA-N,Murrayazolinol,Cc1cc2c3ccccc3n3c2c2c1OC1(C)CC2C(C3(C)C)CC1O,IMPHY003352,,https://cb.imsc.res.in/imppat/phytochemical-detailedpage/IMPHY003352,Organic compounds,Organoheterocyclic compounds,Quinolines and derivatives,Benzoquinolines
MBRLOUHOWLUMFF-UHFFFAOYSA-N,Osthole,COc1ccc2c(c1CC=C(C)C)oc(=O)cc2,IMPHY001134,CHEMBL52229,https://cb.imsc.res.in/imppat/phytochemical-detailedpage/IMPHY001134,Organic compounds,Phenylpropanoids and polyketides,Coumarins and derivatives,
PZKFYTOLVRCMOA-UHFFFAOYSA-N,1-Hepten-3-OL,CCCCC(C=C)O,IMPHY008303,,https://cb.imsc.res.in/imppat/phytochemical-detailedpage/IMPHY008303,Organic compounds,Organic oxygen compounds,Organooxygen compounds,Alcohols and polyols
WRFXXJKURVTLSY-UHFFFAOYSA-N,"2,6-Dimethyloctan-2-ol",CCC(CCCC(O)(C)C)C,IMPHY013839,CHEMBL3188990,https://cb.imsc.res.in/imppat/phytochemical-detailedpage/IMPHY013839,Organic compounds,Organic oxygen compounds,Organooxygen compounds,Alcohols and polyols
JRTBBCBDKSRRCY-UHFFFAOYSA-N,"3,7-Dimethyloct-6-en-3-ol",CCC(CCC=C(C)C)(O)C,IMPHY013838,CHEMBL3183324,https://cb.imsc.res.in/imppat/phytochemical-detailedpage/IMPHY013838,Organic compounds,Lipids and lipid-like molecules,Prenol lipids,Monoterpenoids
MKUWVMRNQOOSAT-UHFFFAOYSA-N,3-Buten-2-OL,CC(C=C)O,IMPHY011050,,https://cb.imsc.res.in/imppat/phytochemical-detailedpage/IMPHY011050,Organic compounds,Organic oxygen compounds,Organooxygen compounds,Alcohols and polyols
PIQXMYAEJSMANF-UHFFFAOYSA-N,9-Decenyl acetate,C=CCCCCCCCCOC(=O)C,IMPHY011047,CHEMBL3185404,https://cb.imsc.res.in/imppat/phytochemical-detailedpage/IMPHY011047,Organic compounds,Lipids and lipid-like molecules,Fatty acyls,Fatty alcohol esters
RGZSQWQPBWRIAQ-LSDHHAIUSA-N,Bisabolol,CC(=CCC[C@]([C@@H]1CCC(=CC1)C)(O)C)C,IMPHY014845,CHEMBL1171719,https://cb.imsc.res.in/imppat/phytochemical-detailedpage/IMPHY014845,Organic compounds,Lipids and lipid-like molecules,Prenol lipids,Sesquiterpenoids
KNXMUFRWYNVISA-UHFFFAOYSA-N,Ethyl heptadecanoate,CCCCCCCCCCCCCCCCC(=O)OCC,IMPHY002953,,https://cb.imsc.res.in/imppat/phytochemical-detailedpage/IMPHY002953,Organic compounds,Lipids and lipid-like molecules,Fatty acyls,Fatty acid esters
JYYFMIOPGOFNPK-AGRJPVHOSA-N,Ethyl linolenate,CC/C=CC/C=CC/C=CCCCCCCCC(=O)OCC,IMPHY006410,CHEMBL2005772,https://cb.imsc.res.in/imppat/phytochemical-detailedpage/IMPHY006410,Organic compounds,Lipids and lipid-like molecules,Fatty acyls,Lineolic acids and derivatives
DYEQPYSFRWUNNV-APIJFGDWSA-N,Eudesmane,C[C@@H]1CCC[C@]2([C@H]1C[C@@H](CC2)C(C)C)C,IMPHY005830,,https://cb.imsc.res.in/imppat/phytochemical-detailedpage/IMPHY005830,Organic compounds,Lipids and lipid-like molecules,Prenol lipids,Sesquiterpenoids
XXYOEHRZCDHOOF-UHFFFAOYSA-N,Hept-1-EN-2-OL,CCCCCC(=C)O,IMPHY014285,,https://cb.imsc.res.in/imppat/phytochemical-detailedpage/IMPHY014285,Organic compounds,Organic oxygen compounds,Organooxygen compounds,Enols
AWNOGHRWORTNEI-UHFFFAOYSA-N,Nopyl acetate,CC(=O)OCCC1=CCC2CC1C2(C)C,IMPHY012304,CHEMBL257347,https://cb.imsc.res.in/imppat/phytochemical-detailedpage/IMPHY012304,Organic compounds,Lipids and lipid-like molecules,Prenol lipids,Monoterpenoids
OSORMYZMWHVFOZ-UHFFFAOYSA-N,Phenethyl benzoate,O=C(c1ccccc1)OCCc1ccccc1,IMPHY011029,CHEMBL2252208,https://cb.imsc.res.in/imppat/phytochemical-detailedpage/IMPHY011029,Organic compounds,Benzenoids,Benzene and substituted derivatives,Benzoic acids and derivatives
DCKVNWZUADLDEH-UHFFFAOYSA-N,Sec-butyl acetate,CCC(OC(=O)C)C,IMPHY012084,,https://cb.imsc.res.in/imppat/phytochemical-detailedpage/IMPHY012084,Organic compounds,Organic acids and derivatives,Carboxylic acids and derivatives,Carboxylic acid derivatives
WXQGPFZDVCRBME-QEJZJMRPSA-N,Thujopsene,CC1=CC[C@]2([C@@]3([C@H]1C3)C(C)(C)CCC2)C,IMPHY010815,,https://cb.imsc.res.in/imppat/phytochemical-detailedpage/IMPHY010815,Organic compounds,Lipids and lipid-like molecules,Prenol lipids,Sesquiterpenoids
LEAQUNCACNBDEV-ZHACJKMWSA-N,Undecenol,CCCCCCCCC/C=C/O,IMPHY013333,,https://cb.imsc.res.in/imppat/phytochemical-detailedpage/IMPHY013333,Organic compounds,Organic oxygen compounds,Organooxygen compounds,Enols
CKQGCFFDQIFZFA-UHFFFAOYSA-N,Undecyl acetate,CCCCCCCCCCCOC(=O)C,IMPHY012153,CHEMBL2228459,https://cb.imsc.res.in/imppat/phytochemical-detailedpage/IMPHY012153,Organic compounds,Lipids and lipid-like molecules,Fatty acyls,Fatty alcohol esters
HZRFVTRTTXBHSE-UHFFFAOYSA-N,alpha-Cedrene epoxide,CC1CCC2C31CC1OC1(C(C3)C2(C)C)C,IMPHY011100,,https://cb.imsc.res.in/imppat/phytochemical-detailedpage/IMPHY011100,Organic compounds,Lipids and lipid-like molecules,Prenol lipids,Sesquiterpenoids
WWXYBSVWYPHUPZ-UHFFFAOYSA-N,"3,8-Dimethyl-3-(4-methylpent-3-en-1-yl)-3,11-dihydropyrano[3,2-a]carbazol-9-ol",CC(=CCCC1(C)C=Cc2c(O1)ccc1c2[nH]c2c1cc(c(c2)O)C)C,IMPHY008454,CHEMBL498436,https://cb.imsc.res.in/imppat/phytochemical-detailedpage/IMPHY008454,Organic compounds,Organoheterocyclic compounds,Indoles and derivatives,Carbazoles
IUZVYLWUISSZCS-UHFFFAOYSA-N,Koenigicine,COc1cc2c(cc1OC)[nH]c1c2cc(C)c2c1C=CC(O2)(C)C,IMPHY002900,CHEMBL3893262,https://cb.imsc.res.in/imppat/phytochemical-detailedpage/IMPHY002900,Organic compounds,Organoheterocyclic compounds,Indoles and derivatives,Carbazoles
OSERHKINMDLESD-UHFFFAOYSA-N,Koenimbine,COc1ccc2c(c1)c1cc(C)c3c(c1[nH]2)C=CC(O3)(C)C,IMPHY007446,CHEMBL2323768,https://cb.imsc.res.in/imppat/phytochemical-detailedpage/IMPHY007446,Organic compounds,Organoheterocyclic compounds,Indoles and derivatives,Carbazoles
RTEIBQDXHHQYRJ-CXUHLZMHSA-N,Murrayanol,COc1cc2[nH]c3c(c2cc1C)ccc(c3C/C=C(/CCC=C(C)C)C)O,IMPHY008387,,https://cb.imsc.res.in/imppat/phytochemical-detailedpage/IMPHY008387,Organic compounds,Organoheterocyclic compounds,Indoles and derivatives,Carbazoles
YZBKHDJPIAYXQH-UHFFFAOYSA-N,(+)-Mahanimbicine,CC(=CCCC1(C)C=Cc2c(O1)ccc1c2[nH]c2c1cc(cc2)C)C,IMPHY002993,CHEMBL2323762,https://cb.imsc.res.in/imppat/phytochemical-detailedpage/IMPHY002993,Organic compounds,Organoheterocyclic compounds,Indoles and derivatives,Carbazoles
MDFQXBNVOAKNAY-BBBLOLIVSA-N,(+)-cis-Sabinol,CC([C@]12C[C@@H]2C(=C)[C@@H](C1)O)C,IMPHY015062,,https://cb.imsc.res.in/imppat/phytochemical-detailedpage/IMPHY015062,Organic compounds,Lipids and lipid-like molecules,Prenol lipids,Monoterpenoids
YNDNDGLKKJXJED-IVYXGSQZSA-N,"(1S,16S,19R,21S)-8,16,20,20-tetramethyl-15-oxa-4-azahexacyclo[14.4.1.02,14.03,11.05,10.019,21]henicosa-2(14),3(11),5(10),6,8,12-hexaene",Cc1ccc2c(c1)c1ccc3c(c1[nH]2)[C@H]1[C@H]2[C@](O3)(C)CC[C@H]2C1(C)C,IMPHY000218,,https://cb.imsc.res.in/imppat/phytochemical-detailedpage/IMPHY000218,Organic compounds,Organoheterocyclic compounds,Indoles and derivatives,Carbazoles
CZCBTSFUTPZVKJ-NXEZZACHSA-N,"(2S,4R)-4-methyl-2-(2-methylprop-1-en-1-yl)tetrahydro-2H-pyran",C[C@@H]1CCO[C@@H](C1)C=C(C)C,IMPHY012179,,https://cb.imsc.res.in/imppat/phytochemical-detailedpage/IMPHY012179,Organic compounds,Organoheterocyclic compounds,Oxanes,
DWMBXHWBPZZCTN-HSZRJFAPSA-N,"(R)-3,5-Dimethyl-3-(4-methylpent-3-en-1-yl)-3,11-dihydropyrano[3,2-a]carbazol-9-ol",CC(=CCC[C@]1(C)C=Cc2c(O1)c(C)cc1c2[nH]c2c1ccc(c2)O)C,IMPHY006804,,https://cb.imsc.res.in/imppat/phytochemical-detailedpage/IMPHY006804,Organic compounds,Organoheterocyclic compounds,Indoles and derivatives,Carbazoles
GWHJZXXIDMPWGX-UHFFFAOYSA-N,"1,2,4-Trimethylbenzene",Cc1ccc(c(c1)C)C,IMPHY006039,CHEMBL1797280,https://cb.imsc.res.in/imppat/phytochemical-detailedpage/IMPHY006039,Organic compounds,Benzenoids,Benzene and substituted derivatives,
DSNHSQKRULAAEI-UHFFFAOYSA-N,"1,4-Diethylbenzene",CCc1ccc(cc1)CC,IMPHY009876,CHEMBL3187283,https://cb.imsc.res.in/imppat/phytochemical-detailedpage/IMPHY009876,Organic compounds,Benzenoids,Benzene and substituted derivatives,
CWLQUGTUXBXTLF-UHFFFAOYSA-N,1-Methylpyrrolidine-2-carboxylic acid,CN1CCCC1C(=O)O,IMPHY012022,,https://cb.imsc.res.in/imppat/phytochemical-detailedpage/IMPHY012022,Organic compounds,Organic acids and derivatives,Carboxylic acids and derivatives,"Amino acids, peptides, and analogues"
XFRVVPUIAFSTFO-UHFFFAOYSA-N,1-Tridecanol,CCCCCCCCCCCCCO,IMPHY009700,CHEMBL24832,https://cb.imsc.res.in/imppat/phytochemical-detailedpage/IMPHY009700,Organic compounds,Lipids and lipid-like molecules,Fatty acyls,Fatty alcohols
HBEDSQVIWPRPAY-UHFFFAOYSA-N,"2,3-Dihydrobenzofuran",c1ccc2c(c1)OCC2,IMPHY001223,CHEMBL370688,https://cb.imsc.res.in/imppat/phytochemical-detailedpage/IMPHY001223,Organic compounds,Organoheterocyclic compounds,Coumarans,
SATICYYAWWYRAM-VNKDHWASSA-N,"2,4-Heptadienal",CC/C=C/C=C/C=O,IMPHY005551,CHEMBL2269080,https://cb.imsc.res.in/imppat/phytochemical-detailedpage/IMPHY005551,Organic compounds,Organic oxygen compounds,Organooxygen compounds,Carbonyl compounds
QNVRIHYSUZMSGM-UHFFFAOYSA-N,2-Hexanol,CCCCC(O)C,IMPHY002133,CHEMBL45425,https://cb.imsc.res.in/imppat/phytochemical-detailedpage/IMPHY002133,Organic compounds,Organic oxygen compounds,Organooxygen compounds,Alcohols and polyols
SJWFXCIHNDVPSH-UHFFFAOYSA-N,2-Octanol,CCCCCCC(O)C,IMPHY005653,CHEMBL510068,https://cb.imsc.res.in/imppat/phytochemical-detailedpage/IMPHY005653,Organic compounds,Lipids and lipid-like molecules,Fatty acyls,Fatty alcohols
JYVLIDXNZAXMDK-UHFFFAOYSA-N,2-Pentanol,CCCC(O)C,IMPHY005993,CHEMBL45065,https://cb.imsc.res.in/imppat/phytochemical-detailedpage/IMPHY005993,Organic compounds,Organic oxygen compounds,Organooxygen compounds,Alcohols and polyols
ZSPTYLOMNJNZNG-UHFFFAOYSA-N,3-Buten-1-ol,OCCC=C,IMPHY011040,,https://cb.imsc.res.in/imppat/phytochemical-detailedpage/IMPHY011040,Organic compounds,Organic oxygen compounds,Organooxygen compounds,Alcohols and polyols
IWTBVKIGCDZRPL-UHFFFAOYSA-N,3-Methyl-1-pentanol,OCCC(CC)C,IMPHY011018,,https://cb.imsc.res.in/imppat/phytochemical-detailedpage/IMPHY011018,Organic compounds,Organic oxygen compounds,Organooxygen compounds,Alcohols and polyols
ZXNBBWHRUSXUFZ-UHFFFAOYSA-N,3-Methyl-2-pentanol,CCC(C(O)C)C,IMPHY011002,,https://cb.imsc.res.in/imppat/phytochemical-detailedpage/IMPHY011002,Organic compounds,Organic oxygen compounds,Organooxygen compounds,Alcohols and polyols
YVBCULSIZWMTFY-UHFFFAOYSA-N,4-Heptanol,CCCC(CCC)O,IMPHY001840,,https://cb.imsc.res.in/imppat/phytochemical-detailedpage/IMPHY001840,Organic compounds,Organic oxygen compounds,Organooxygen compounds,Alcohols and polyols
QGFSQVPRCWJZQK-UHFFFAOYSA-N,9-Decen-1-OL,OCCCCCCCCC=C,IMPHY010811,CHEMBL3183198,https://cb.imsc.res.in/imppat/phytochemical-detailedpage/IMPHY010811,Organic compounds,Lipids and lipid-like molecules,Fatty acyls,Fatty alcohols
CUSONBTUCOAEMV-UHFFFAOYSA-N,Bicyclomahanimbine,Cc1cc2c3ccccc3[nH]c2c2c1OC1(C)CCC3C1C2C3(C)C,IMPHY012776,,https://cb.imsc.res.in/imppat/phytochemical-detailedpage/IMPHY012776,Organic compounds,Organoheterocyclic compounds,Indoles and derivatives,Carbazoles
SLKPBCXNFNIJSV-HNNXBMFYSA-N,Cuparene,Cc1ccc(cc1)[C@]1(C)CCCC1(C)C,IMPHY006932,,https://cb.imsc.res.in/imppat/phytochemical-detailedpage/IMPHY006932,Organic compounds,Lipids and lipid-like molecules,Prenol lipids,Sesquiterpenoids
CETBSQOFQKLHHZ-UHFFFAOYSA-N,Diethyl disulfide,CCSSCC,IMPHY009969,,https://cb.imsc.res.in/imppat/phytochemical-detailedpage/IMPHY009969,Organic compounds,Organosulfur compounds,Organic disulfides,Dialkyldisulfides
UYOWSPACKJLYKD-UHFFFAOYSA-N,Hexenyl 2-methylbutanoate,CCCCC=COC(=O)C(CC)C,IMPHY017731,,https://cb.imsc.res.in/imppat/phytochemical-detailedpage/IMPHY017731,Organic compounds,Lipids and lipid-like molecules,Fatty acyls,Fatty acid esters
CZZZOTXCAIDYOZ-UHFFFAOYSA-N,Koenigine,COc1cc2c(cc1O)[nH]c1c2cc(C)c2c1C=CC(O2)(C)C,IMPHY004357,CHEMBL5589765,https://cb.imsc.res.in/imppat/phytochemical-detailedpage/IMPHY004357,Organic compounds,Organoheterocyclic compounds,Indoles and derivatives,Carbazoles
VISKLVOLGCYFCW-UHFFFAOYSA-N,Koenine,Oc1ccc2c(c1)c1cc(C)c3c(c1[nH]2)C=CC(O3)(C)C,IMPHY004358,CHEMBL5593986,https://cb.imsc.res.in/imppat/phytochemical-detailedpage/IMPHY004358,Organic compounds,Organoheterocyclic compounds,Indoles and derivatives,Carbazoles
JZOCDHMHLGUPFI-UHFFFAOYSA-N,Linalyl formate,O=COC(CCC=C(C)C)(C=C)C,IMPHY009835,CHEMBL3185940,https://cb.imsc.res.in/imppat/phytochemical-detailedpage/IMPHY009835,Organic compounds,Lipids and lipid-like molecules,Prenol lipids,Monoterpenoids
ZMSFODUWJLWJOE-UHFFFAOYSA-N,Mahanimbinine,Cc1cc2c(c3c1OC(C)(CCCC(O)(C)C)C=C3)[nH]c1c2cccc1,IMPHY013675,,https://cb.imsc.res.in/imppat/phytochemical-detailedpage/IMPHY013675,Organic compounds,Organoheterocyclic compounds,Indoles and derivatives,Carbazoles
KSTPFEFAPRYLOZ-UHFFFAOYSA-N,Mukolidine,O=Cc1ccc2c(c1)c1cccc(c1[nH]2)OC,IMPHY004509,,https://cb.imsc.res.in/imppat/phytochemical-detailedpage/IMPHY004509,Organic compounds,Organoheterocyclic compounds,Indoles and derivatives,Carbazoles
SGZIASPZRSVPDJ-UHFFFAOYSA-N,Mukoline,OCc1ccc2c(c1)c1cccc(c1[nH]2)OC,IMPHY004494,,https://cb.imsc.res.in/imppat/phytochemical-detailedpage/IMPHY004494,Organic compounds,Organoheterocyclic compounds,Indoles and derivatives,Carbazoles
SGTCGCCQZOUMJJ-YMILTQATSA-N,Scopolin,OC[C@H]1O[C@@H](Oc2cc3oc(=O)ccc3cc2OC)[C@@H]([C@H]([C@@H]1O)O)O,IMPHY003411,CHEMBL225024,https://cb.imsc.res.in/imppat/phytochemical-detailedpage/IMPHY003411,Organic compounds,Phenylpropanoids and polyketides,Coumarins and derivatives,Coumarin glycosides
SZHOJFHSIKHZHA-UHFFFAOYSA-N,Tridecanoic acid,CCCCCCCCCCCCC(=O)O,IMPHY009513,CHEMBL107874,https://cb.imsc.res.in/imppat/phytochemical-detailedpage/IMPHY009513,Organic compounds,Lipids and lipid-like molecules,Fatty acyls,Fatty acids and conjugates
GJYKUZUTZNTBEC-UHFFFAOYSA-N,beta-Thujene,CC1C=CC2(C1C2)C(C)C,IMPHY004680,,https://cb.imsc.res.in/imppat/phytochemical-detailedpage/IMPHY004680,Organic compounds,Lipids and lipid-like molecules,Prenol lipids,Monoterpenoids
NOLWRMQDWRAODO-UHFFFAOYSA-N,epsilon-Muurolene,C=C1CCC2C(C1)C(CCC2=C)C(C)C,IMPHY014901,,https://cb.imsc.res.in/imppat/phytochemical-detailedpage/IMPHY014901,Organic compounds,Lipids and lipid-like molecules,Prenol lipids,Sesquiterpenoids
KNKVHLASDDREQS-UHFFFAOYSA-N,(1-methoxy-9H-carbazol-3-yl)methanol,COc1cc(CO)cc2c1[nH]c1c2cccc1,IMPHY003309,CHEMBL503498,https://cb.imsc.res.in/imppat/phytochemical-detailedpage/IMPHY003309,Organic compounds,Organoheterocyclic compounds,Indoles and derivatives,Carbazoles
PHKYYUQQYARDIU-UHFFFAOYSA-N,3-Methyl-9H-carbazole,Cc1ccc2c(c1)c1ccccc1[nH]2,IMPHY005492,CHEMBL1173768,https://cb.imsc.res.in/imppat/phytochemical-detailedpage/IMPHY005492,Organic compounds,Organoheterocyclic compounds,Indoles and derivatives,Carbazoles
ODQBPNZNDIOBFN-UHFFFAOYSA-N,3-Methyl-9H-carbazole-9-carbaldehyde,O=Cn1c2ccc(cc2c2c1cccc2)C,IMPHY014156,,https://cb.imsc.res.in/imppat/phytochemical-detailedpage/IMPHY014156,Organic compounds,Organoheterocyclic compounds,Indoles and derivatives,Carbazoles
ZLOJFAGTWDOURE-UHFFFAOYSA-N,3-methyl-9H-carbazol-2-ol,Cc1cc2c(cc1O)[nH]c1c2cccc1,IMPHY014033,CHEMBL1927325,https://cb.imsc.res.in/imppat/phytochemical-detailedpage/IMPHY014033,Organic compounds,Organoheterocyclic compounds,Indoles and derivatives,Carbazoles
MQYXUWHLBZFQQO-ISZJTHHZSA-N,Epilupeol,CC(=C)[C@@H]1CC[C@]2([C@H]1[C@H]1CC[C@H]3[C@@]([C@]1(C)CC2)(C)CC[C@@H]1[C@]3(C)CC[C@H](C1(C)C)O)C,IMPHY012474,CHEMBL459702,https://cb.imsc.res.in/imppat/phytochemical-detailedpage/IMPHY012474,Organic compounds,Lipids and lipid-like molecules,Prenol lipids,Triterpenoids
IXMBCIFWOAKVNY-UHFFFAOYSA-N,Murrayenol,OC1OC(CC1C1CCC2(C1(C)CCC1C2=CCC2C1(C)C=CC(C2(C)C)O)C)C1OC1(C)C,IMPHY013527,,https://cb.imsc.res.in/imppat/phytochemical-detailedpage/IMPHY013527,Organic compounds,Lipids and lipid-like molecules,Prenol lipids,Triterpenoids
XYYYPIAQQFQTAN-UHFFFAOYSA-N,2-methoxy-3-methyl-9H-carbazole,COc1cc2[nH]c3c(c2cc1C)cccc3,IMPHY014199,CHEMBL1501672,https://cb.imsc.res.in/imppat/phytochemical-detailedpage/IMPHY014199,Organic compounds,Organoheterocyclic compounds,Indoles and derivatives,Carbazoles
QTAGQHZOLRFCBU-UHFFFAOYSA-N,"4-[(3,3-Dimethyloxiran-2-yl)methoxy]furo[3,2-g]chromen-7-one",O=c1ccc2c(o1)cc1c(c2OCC2OC2(C)C)cco1,IMPHY012384,CHEMBL1510267,https://cb.imsc.res.in/imppat/phytochemical-detailedpage/IMPHY012384,Organic compounds,Phenylpropanoids and polyketides,Coumarins and derivatives,Furanocoumarins
CTJZWFCPUDPLME-LLVKDONJSA-N,Heraclenin,O=c1ccc2c(o1)c(OC[C@H]1OC1(C)C)c1c(c2)cco1,IMPHY010831,CHEMBL500034,https://cb.imsc.res.in/imppat/phytochemical-detailedpage/IMPHY010831,Organic compounds,Phenylpropanoids and polyketides,Coumarins and derivatives,Furanocoumarins
FOINLJRVEBYARJ-LLVKDONJSA-N,Heraclenol,O=c1ccc2c(o1)c(OC[C@H](C(O)(C)C)O)c1c(c2)cco1,IMPHY011366,CHEMBL1173444,https://cb.imsc.res.in/imppat/phytochemical-detailedpage/IMPHY011366,Organic compounds,Phenylpropanoids and polyketides,Coumarins and derivatives,Furanocoumarins
IGWDEVSBEKYORK-UHFFFAOYSA-N,Isoimperatorin,CC(=CCOc1c2ccoc2cc2c1ccc(=O)o2)C,IMPHY007198,CHEMBL448060,https://cb.imsc.res.in/imppat/phytochemical-detailedpage/IMPHY007198,Organic compounds,Phenylpropanoids and polyketides,Coumarins and derivatives,Furanocoumarins
VNNTVHKCIBWHDR-UHFFFAOYSA-N,Isosaxalin,O=c1ccc2c(o1)c(OCC(C(Cl)(C)C)O)c1c(c2)cco1,IMPHY008488,CHEMBL5287559,https://cb.imsc.res.in/imppat/phytochemical-detailedpage/IMPHY008488,Organic compounds,Phenylpropanoids and polyketides,Coumarins and derivatives,Furanocoumarins
GIKICDROPGNERQ-UHFFFAOYSA-N,Mukonine,COC(=O)c1cc(OC)c2c(c1)c1ccccc1[nH]2,IMPHY008333,CHEMBL236143,https://cb.imsc.res.in/imppat/phytochemical-detailedpage/IMPHY008333,Organic compounds,Organoheterocyclic compounds,Indoles and derivatives,Carbazoles
SVPDNNKLQWHTPC-UHFFFAOYSA-N,Pabularinone,O=c1ccc2c(o1)c(OCC(=O)C(C)C)c1c(c2)cco1,IMPHY002711,CHEMBL1725773,https://cb.imsc.res.in/imppat/phytochemical-detailedpage/IMPHY002711,Organic compounds,Phenylpropanoids and polyketides,Coumarins and derivatives,Furanocoumarins
JSSIAXXILAGJKE-VBKFSLOCSA-N,"1-(3,7-Dimethyl-octa-2,6-dienyl)-3-methyl-9H-carbazol-2-ol",C/C(=C/Cc1c(O)c(C)cc2c1[nH]c1c2cccc1)/CCC=C(C)C,IMPHY003880,,https://cb.imsc.res.in/imppat/phytochemical-detailedpage/IMPHY003880,Organic compounds,Organoheterocyclic compounds,Indoles and derivatives,Carbazoles
AIFRHYZBTHREPW-UHFFFAOYSA-N,"9H-Pyrido[3,4-B]indole",c1ccc2c(c1)[nH]c1c2ccnc1,IMPHY011602,CHEMBL275224,https://cb.imsc.res.in/imppat/phytochemical-detailedpage/IMPHY011602,Organic compounds,Organoheterocyclic compounds,Indoles and derivatives,Pyridoindoles
VTTONGPRPXSUTJ-UHFFFAOYSA-N,Bufotenine,CN(CCc1c[nH]c2c1cc(O)cc2)C,IMPHY001252,CHEMBL416526,https://cb.imsc.res.in/imppat/phytochemical-detailedpage/IMPHY001252,Organic compounds,Organoheterocyclic compounds,Indoles and derivatives,Tryptamines and derivatives
WTDRDQBEARUVNC-LURJTMIESA-N,Levodopa,OC(=O)[C@H](Cc1ccc(c(c1)O)O)N,IMPHY013742,CHEMBL1009,https://cb.imsc.res.in/imppat/phytochemical-detailedpage/IMPHY013742,Organic compounds,Organic acids and derivatives,Carboxylic acids and derivatives,"Amino acids, peptides, and analogues"
ZSTKHSQDNIGFLM-UHFFFAOYSA-N,"N,N-Dimethyl-5-methoxytryptamine",COc1ccc2c(c1)c(CCN(C)C)c[nH]2,IMPHY003370,CHEMBL7257,https://cb.imsc.res.in/imppat/phytochemical-detailedpage/IMPHY003370,Organic compounds,Organoheterocyclic compounds,Indoles and derivatives,Tryptamines and derivatives
DMULVCHRPCFFGV-UHFFFAOYSA-N,"N,N-Dimethyltryptamine",CN(CCc1c[nH]c2c1cccc2)C,IMPHY006316,CHEMBL12420,https://cb.imsc.res.in/imppat/phytochemical-detailedpage/IMPHY006316,Organic compounds,Organoheterocyclic compounds,Indoles and derivatives,Tryptamines and derivatives
XYYVPBBISSKKQB-UHFFFAOYSA-N,"6-methoxy-1-methyl-9H-pyrido[3,4-b]indole",COc1ccc2c(c1)c1ccnc(c1[nH]2)C,IMPHY010037,CHEMBL278193,https://cb.imsc.res.in/imppat/phytochemical-detailedpage/IMPHY010037,Organic compounds,Alkaloids and derivatives,Harmala alkaloids,
VYFYYTLLBUKUHU-UHFFFAOYSA-N,Dopamine,NCCc1ccc(c(c1)O)O,IMPHY007257,CHEMBL59,https://cb.imsc.res.in/imppat/phytochemical-detailedpage/IMPHY007257,Organic compounds,Benzenoids,Phenols,Benzenediols
DANYIYRPLHHOCZ-UHFFFAOYSA-N,Acacetin,COc1ccc(cc1)c1cc(=O)c2c(o1)cc(cc2O)O,IMPHY004611,CHEMBL243664,https://cb.imsc.res.in/imppat/phytochemical-detailedpage/IMPHY004611,Organic compounds,Phenylpropanoids and polyketides,Flavonoids,O-methylated flavonoids
APJYDQYYACXCRM-UHFFFAOYSA-N,Tryptamine,NCCc1c[nH]c2c1cccc2,IMPHY001842,CHEMBL6640,https://cb.imsc.res.in/imppat/phytochemical-detailedpage/IMPHY001842,Organic compounds,Organoheterocyclic compounds,Indoles and derivatives,Tryptamines and derivatives
GMXMKSFJQLFOSO-JARDSOJUSA-N,nectandrin-B,COc1cc(ccc1O)[C@@H]1O[C@@H]([C@H]([C@H]1C)C)c1ccc(c(c1)OC)O,IMPHY003641,CHEMBL228326,https://cb.imsc.res.in/imppat/phytochemical-detailedpage/IMPHY003641,Organic compounds,"Lignans, neolignans and related compounds",Furanoid lignans,Tetrahydrofuran lignans
QMAYBMKBYCGXDH-KKUMJFAQSA-N,(+)-alpha-Cadinene,CC1=C[C@@H]2[C@@H](CC1)C(=CC[C@H]2C(C)C)C,IMPHY011660,,https://cb.imsc.res.in/imppat/phytochemical-detailedpage/IMPHY011660,Organic compounds,Lipids and lipid-like molecules,Prenol lipids,Sesquiterpenoids
UPVZPMJSRSWJHQ-KYRRZXGASA-N,"(1S,6R,7R)-1-methyl-3-methylidene-8-propan-2-yltricyclo[4.4.0.02,7]decane",CC(C1CC[C@]2([C@H]3[C@@H]1C2C(=C)CC3)C)C,IMPHY003720,,https://cb.imsc.res.in/imppat/phytochemical-detailedpage/IMPHY003720,Organic compounds,Lipids and lipid-like molecules,Prenol lipids,Sesquiterpenoids
WMOPMQRJLLIEJV-DOMZBBRYSA-N,10-epi-gamma-Eudesmol,CC1=C2C[C@@H](CC[C@@]2(CCC1)C)C(O)(C)C,IMPHY011939,,https://cb.imsc.res.in/imppat/phytochemical-detailedpage/IMPHY011939,Organic compounds,Lipids and lipid-like molecules,Prenol lipids,Sesquiterpenoids
XBWACJDEQIZTPR-UHFFFAOYSA-N,Cyclosativene,CC(C1CCC2(C3C1C1C(C21C)C3)C)C,IMPHY009840,,https://cb.imsc.res.in/imppat/phytochemical-detailedpage/IMPHY009840,Organic compounds,Lipids and lipid-like molecules,Prenol lipids,Sesquiterpenoids
NUQDPKOFUKFKFD-UHFFFAOYSA-N,Isoledene,CC1CCC2C(C3=C1CCC3C)C2(C)C,IMPHY009706,,https://cb.imsc.res.in/imppat/phytochemical-detailedpage/IMPHY009706,Organic compounds,Hydrocarbons,Polycyclic hydrocarbons,
HVLGGQYBXOJMLO-UHFFFAOYSA-N,Mintsulfide,CC(C1CCC2(C1C1SC2CCC1=C)C)C,IMPHY002558,,https://cb.imsc.res.in/imppat/phytochemical-detailedpage/IMPHY002558,Organic compounds,Lipids and lipid-like molecules,Prenol lipids,Sesquiterpenoids
DPQYOKVMVCQHMY-KBUPBQIOSA-N,Selin-11-en-4alpha-ol,CC(=C)[C@@H]1CC[C@@]2([C@@H](C1)[C@](C)(O)CCC2)C,IMPHY012596,CHEMBL505457,https://cb.imsc.res.in/imppat/phytochemical-detailedpage/IMPHY012596,Organic compounds,Lipids and lipid-like molecules,Prenol lipids,Sesquiterpenoids
DUXYWXYOBMKGIN-UHFFFAOYSA-N,Trimyristin,CCCCCCCCCCCCCC(=O)OC(COC(=O)CCCCCCCCCCCCC)COC(=O)CCCCCCCCCCCCC,IMPHY000031,,https://cb.imsc.res.in/imppat/phytochemical-detailedpage/IMPHY000031,Organic compounds,Lipids and lipid-like molecules,Glycerolipids,Triradylcglycerols
ULTBCADWJVQRCF-QWHCGFSZSA-N,"trans-Cadina-1(6),4-diene",CC1=CC2=C(CC1)[C@@H](C)CC[C@@H]2C(C)C,IMPHY009697,,https://cb.imsc.res.in/imppat/phytochemical-detailedpage/IMPHY009697,Organic compounds,Lipids and lipid-like molecules,Prenol lipids,Sesquiterpenoids
OHBQPCCCRFSCAX-UHFFFAOYSA-N,"1,4-Dimethoxybenzene",COc1ccc(cc1)OC,IMPHY007431,CHEMBL1668604,https://cb.imsc.res.in/imppat/phytochemical-detailedpage/IMPHY007431,Organic compounds,Benzenoids,Benzene and substituted derivatives,Methoxybenzenes
CFRFHWQYWJMEJN-UHFFFAOYSA-N,2-Aminofluorene,Nc1ccc2-c3c(Cc2c1)cccc3,IMPHY012033,CHEMBL84472,https://cb.imsc.res.in/imppat/phytochemical-detailedpage/IMPHY012033,Organic compounds,Benzenoids,Fluorenes,
VZTUKBKUWSHDFM-CYBMUJFWSA-N,Anonaine,c1ccc2-c3c4[C@@H](Cc2c1)NCCc4cc1c3OCO1,IMPHY001469,CHEMBL401798,https://cb.imsc.res.in/imppat/phytochemical-detailedpage/IMPHY001469,Organic compounds,Alkaloids and derivatives,Aporphines,
QHMGJGNTMQDRQA-UHFFFAOYSA-N,Dotriacontane,CCCCCCCCCCCCCCCCCCCCCCCCCCCCCCCC,IMPHY000309,,https://cb.imsc.res.in/imppat/phytochemical-detailedpage/IMPHY000309,Organic compounds,Hydrocarbons,Saturated hydrocarbons,Alkanes
CBFCDTFDPHXCNY-UHFFFAOYSA-N,Eicosane,CCCCCCCCCCCCCCCCCCCC,IMPHY006951,,https://cb.imsc.res.in/imppat/phytochemical-detailedpage/IMPHY006951,Organic compounds,Hydrocarbons,Saturated hydrocarbons,Alkanes
HMSWAIKSFDFLKN-UHFFFAOYSA-N,Hexacosane,CCCCCCCCCCCCCCCCCCCCCCCCCC,IMPHY009359,,https://cb.imsc.res.in/imppat/phytochemical-detailedpage/IMPHY009359,Organic compounds,Hydrocarbons,Saturated hydrocarbons,Alkanes
DCAYPVUWAIABOU-UHFFFAOYSA-N,Hexadecane,CCCCCCCCCCCCCCCC,IMPHY000308,CHEMBL134994,https://cb.imsc.res.in/imppat/phytochemical-detailedpage/IMPHY000308,Organic compounds,Hydrocarbons,Saturated hydrocarbons,Alkanes
OVSQVDMCBVZWGM-QSOFNFLRSA-N,Isoquercitrin,OC[C@H]1O[C@@H](Oc2c(oc3c(c2=O)c(O)cc(c3)O)c2ccc(c(c2)O)O)[C@@H]([C@H]([C@@H]1O)O)O,IMPHY012721,CHEMBL250450,https://cb.imsc.res.in/imppat/phytochemical-detailedpage/IMPHY012721,Organic compounds,Phenylpropanoids and polyketides,Flavonoids,Flavonoid glycosides
FNTJVYCFNVUBOL-ZUGPOPFOSA-N,Kaempferol 3-glucuronide,Oc1ccc(cc1)c1oc2cc(O)cc(c2c(=O)c1O[C@@H]1O[C@H](C(=O)O)[C@H]([C@@H]([C@H]1O)O)O)O,IMPHY011601,,https://cb.imsc.res.in/imppat/phytochemical-detailedpage/IMPHY011601,Organic compounds,Phenylpropanoids and polyketides,Flavonoids,Flavonoid glycosides
XCUCMLUTCAKSOZ-FIRIVFDPSA-N,Liensinine,COc1cc2CCN([C@@H](c2cc1Oc1cc(ccc1O)C[C@H]1N(C)CCc2c1cc(OC)c(c2)OC)Cc1ccc(cc1)O)C,IMPHY001484,CHEMBL5426688,https://cb.imsc.res.in/imppat/phytochemical-detailedpage/IMPHY001484,Organic compounds,Organoheterocyclic compounds,Isoquinolines and derivatives,Benzylisoquinolines
ALKCLFLTXBBMMP-UHFFFAOYSA-N,Linalyl hexanoate,CCCCCC(=O)OC(CCC=C(C)C)(C=C)C,IMPHY005967,,https://cb.imsc.res.in/imppat/phytochemical-detailedpage/IMPHY005967,Organic compounds,Lipids and lipid-like molecules,Prenol lipids,Monoterpenoids
MUMCCPUVOAUBAN-UHFFFAOYSA-N,Liriodenine,O=C1c2ccccc2-c2c3c1nccc3cc1c2OCO1,IMPHY002753,CHEMBL37736,https://cb.imsc.res.in/imppat/phytochemical-detailedpage/IMPHY002753,Organic compounds,Alkaloids and derivatives,Aporphines,
UTECWQIXBMWRRR-LMGQGNMHSA-N,Meratin,OC[C@H]1O[C@@H](Oc2c(oc3c(c2=O)c(O)cc(c3)O)c2ccc(c(c2)O)O)[C@@H]([C@H]([C@@H]1OC1OC(CO)[C@@H](C([C@@H]1O)O)O)O)O,IMPHY003596,,https://cb.imsc.res.in/imppat/phytochemical-detailedpage/IMPHY003596,Organic compounds,Phenylpropanoids and polyketides,Flavonoids,Flavonoid glycosides
QGBRLVONZXHAKJ-UHFFFAOYSA-N,Methyl arachidate,CCCCCCCCCCCCCCCCCCCC(=O)OC,IMPHY002876,,https://cb.imsc.res.in/imppat/phytochemical-detailedpage/IMPHY002876,Organic compounds,Lipids and lipid-like molecules,Fatty acyls,Fatty acid esters
VORKGRIRMPBCCZ-UHFFFAOYSA-N,Methyl tricosanoate,CCCCCCCCCCCCCCCCCCCCCCC(=O)OC,IMPHY016755,,https://cb.imsc.res.in/imppat/phytochemical-detailedpage/IMPHY016755,Organic compounds,Lipids and lipid-like molecules,Fatty acyls,Fatty acid esters
DUBCCGAQYVUYEU-UHFFFAOYSA-N,Miquelianin,Oc1cc(O)c2c(c1)oc(c(c2=O)OC1OC(C(=O)O)C(C(C1O)O)O)c1ccc(c(c1)O)O,IMPHY015051,CHEMBL1506682,https://cb.imsc.res.in/imppat/phytochemical-detailedpage/IMPHY015051,Organic compounds,Phenylpropanoids and polyketides,Flavonoids,Flavonoid glycosides
BOKVLBSSPUTWLV-UHFFFAOYSA-N,N-Methylcoclaurine,COc1cc2CCN(C(c2cc1O)Cc1ccc(cc1)O)C,IMPHY015010,CHEMBL453292,https://cb.imsc.res.in/imppat/phytochemical-detailedpage/IMPHY015010,Organic compounds,Organoheterocyclic compounds,Isoquinolines and derivatives,Benzylisoquinolines
NKBBUUNAVOMVER-UHFFFAOYSA-N,Norarmepavine,COc1cc2C(NCCc2cc1OC)Cc1ccc(cc1)O,IMPHY003501,CHEMBL510363,https://cb.imsc.res.in/imppat/phytochemical-detailedpage/IMPHY003501,Organic compounds,Organoheterocyclic compounds,Isoquinolines and derivatives,Benzylisoquinolines
AKXOIHNFHOEPHN-CQSZACIVSA-N,O-Nornuciferine,COc1c(O)cc2c3c1-c1ccccc1C[C@H]3N(CC2)C,IMPHY005774,CHEMBL2316499,https://cb.imsc.res.in/imppat/phytochemical-detailedpage/IMPHY005774,Organic compounds,Alkaloids and derivatives,Aporphines,
PEUHBSAKNWEJHZ-UHFFFAOYSA-N,n-Heptadecadiene,CCCCCCCCCCCCCC=CC=C,IMPHY017265,,https://cb.imsc.res.in/imppat/phytochemical-detailedpage/IMPHY017265,Organic compounds,Hydrocarbons,Unsaturated hydrocarbons,Olefins
ZBKFZIUKXTWQTP-QGZVFWFLSA-N,(-)-Armepavine,COc1cc2c(cc1OC)CCN([C@@H]2Cc1ccc(cc1)O)C,IMPHY012539,CHEMBL1186510,https://cb.imsc.res.in/imppat/phytochemical-detailedpage/IMPHY012539,Organic compounds,Organoheterocyclic compounds,Isoquinolines and derivatives,Benzylisoquinolines
CPGCVOVWHCWVTP-LJAQVGFWSA-N,(S)-nonacosan-10-ol,CCCCCCCCCCCCCCCCCCC[C@H](CCCCCCCCC)O,IMPHY004030,,https://cb.imsc.res.in/imppat/phytochemical-detailedpage/IMPHY004030,Organic compounds,Lipids and lipid-like molecules,Fatty acyls,Fatty alcohols
NBDNEUOVIJYCGZ-CYBMUJFWSA-N,Asimilobine,COc1c(O)cc2c3c1-c1ccccc1C[C@H]3NCC2,IMPHY001768,CHEMBL469423,https://cb.imsc.res.in/imppat/phytochemical-detailedpage/IMPHY001768,Organic compounds,Alkaloids and derivatives,Aporphines,
VNNKFCMTGJUPOQ-UHFFFAOYSA-N,Dehydroanonaine,C1Nc2cc3ccccc3c3c2c(C1)cc1c3OCO1,IMPHY007059,,https://cb.imsc.res.in/imppat/phytochemical-detailedpage/IMPHY007059,Organic compounds,Alkaloids and derivatives,Aporphines,
YUWBTKIVDAWQHK-UHFFFAOYSA-N,Dehydroaporheine,CN1CCc2c3c1cc1ccccc1c3c1c(c2)OCO1,IMPHY005342,CHEMBL1171263,https://cb.imsc.res.in/imppat/phytochemical-detailedpage/IMPHY005342,Organic compounds,Alkaloids and derivatives,Aporphines,
JBGSWIBJAGBGOP-UHFFFAOYSA-N,Dehydronuciferine,COc1c(OC)cc2c3c1c1ccccc1cc3N(CC2)C,IMPHY007184,CHEMBL2316501,https://cb.imsc.res.in/imppat/phytochemical-detailedpage/IMPHY007184,Organic compounds,Alkaloids and derivatives,Aporphines,
DMBHHRLKUKUOEG-UHFFFAOYSA-N,Diphenylamine,c1ccc(cc1)Nc1ccccc1,IMPHY001886,CHEMBL38688,https://cb.imsc.res.in/imppat/phytochemical-detailedpage/IMPHY001886,Organic compounds,Benzenoids,Benzene and substituted derivatives,Aniline and substituted anilines
AJPXZTKPPINUKN-FIRIVFDPSA-N,Isoliensinine,COc1ccc(cc1)C[C@H]1N(C)CCc2c1cc(Oc1cc(ccc1O)C[C@H]1N(C)CCc3c1cc(O)c(c3)OC)c(c2)OC,IMPHY004520,CHEMBL502370,https://cb.imsc.res.in/imppat/phytochemical-detailedpage/IMPHY004520,Organic compounds,Organoheterocyclic compounds,Isoquinolines and derivatives,Benzylisoquinolines
YXVXMURDCBMPRH-AWEZNQCLSA-N,Lirinidine,COc1cc2CCN([C@@H]3c2c(-c2ccccc2C3)c1O)C,IMPHY003521,,https://cb.imsc.res.in/imppat/phytochemical-detailedpage/IMPHY003521,Organic compounds,Alkaloids and derivatives,Aporphines,
ZKTMLINFIQCERN-QGZVFWFLSA-O,Lotusine,COc1cc2c(cc1O)CC[N+]([C@@H]2Cc1ccc(cc1)O)(C)C,IMPHY004529,,https://cb.imsc.res.in/imppat/phytochemical-detailedpage/IMPHY004529,Organic compounds,Organoheterocyclic compounds,Isoquinolines and derivatives,Benzylisoquinolines
DYUUPIKEWLHQGQ-FJOIUHRLSA-N,"Lutein 5,6-epoxide",C/C(=CC=CC=C(C=CC=C(C=C[C@]12O[C@]2(C)C[C@H](CC1(C)C)O)/C)/C)/C=C/C=C(/C=C/[C@H]1C(=C[C@@H](CC1(C)C)O)C)C,IMPHY004626,,https://cb.imsc.res.in/imppat/phytochemical-detailedpage/IMPHY004626,Organic compounds,Lipids and lipid-like molecules,Prenol lipids,Tetraterpenoids
MIBATSHDJRIUJK-ROJLCIKYSA-N,Neferine,COc1ccc(cc1)C[C@H]1N(C)CCc2c1cc(Oc1cc(ccc1O)C[C@H]1N(C)CCc3c1cc(OC)c(c3)OC)c(c2)OC,IMPHY001605,CHEMBL455560,https://cb.imsc.res.in/imppat/phytochemical-detailedpage/IMPHY001605,Organic compounds,Organoheterocyclic compounds,Isoquinolines and derivatives,Benzylisoquinolines
RFPZGZUMXXMVEL-UBSYNHCDSA-N,Nelumboside,OC[C@H]1O[C@@H](O[C@H]2[C@H](O)[C@@H](O)[C@@H](O[C@@H]2C(=O)O)Oc2c(oc3c(c2=O)c(O)cc(c3)O)c2ccc(c(c2)O)O)[C@@H]([C@H]([C@@H]1O)O)O,IMPHY001988,,https://cb.imsc.res.in/imppat/phytochemical-detailedpage/IMPHY001988,Organic compounds,Phenylpropanoids and polyketides,Flavonoids,Flavonoid glycosides
ORJVQPIHKOARKV-OAHLLOKOSA-N,Nuciferine,COc1cc2CCN([C@H]3c2c(-c2ccccc2C3)c1OC)C,IMPHY002256,CHEMBL464529,https://cb.imsc.res.in/imppat/phytochemical-detailedpage/IMPHY002256,Organic compounds,Alkaloids and derivatives,Aporphines,
WUYQEGNOQLRQAQ-CQSZACIVSA-N,Pronuciferine,COc1c(OC)cc2c3c1C1(C=CC(=O)C=C1)C[C@H]3N(CC2)C,IMPHY005647,CHEMBL237766,https://cb.imsc.res.in/imppat/phytochemical-detailedpage/IMPHY005647,Organic compounds,Alkaloids and derivatives,Proaporphines,
JCTYWRARKVGOBK-CQSZACIVSA-N,Roemerine,CN1CCc2c3[C@H]1Cc1ccccc1-c3c1c(c2)OCO1,IMPHY011610,CHEMBL483825,https://cb.imsc.res.in/imppat/phytochemical-detailedpage/IMPHY011610,Organic compounds,Alkaloids and derivatives,Aporphines,
SZCBXWMUOPQSOX-WVJDLNGLSA-N,Violaxanthin,C/C(=CC=CC=C(C=CC=C(C=C[C@]12O[C@]2(C)C[C@H](CC1(C)C)O)/C)/C)/C=C/C=C(/C=C/[C@]12O[C@]2(C)C[C@H](CC1(C)C)O)C,IMPHY012568,,https://cb.imsc.res.in/imppat/phytochemical-detailedpage/IMPHY012568,Organic compounds,Lipids and lipid-like molecules,Prenol lipids,Tetraterpenoids
PGYAYSRVSAJXTE-CLONMANBSA-N,all-trans-Neoxanthin,C/C(=CC=CC=C(C=CC=C(C=C=C1C(C)(C)C[C@@H](C[C@@]1(C)O)O)/C)/C)/C=C/C=C(/C=C/[C@]12O[C@]2(C)C[C@H](CC1(C)C)O)C,IMPHY012728,,https://cb.imsc.res.in/imppat/phytochemical-detailedpage/IMPHY012728,Organic compounds,Lipids and lipid-like molecules,Prenol lipids,Tetraterpenoids
QQKAHDMMPBQDAC-AWEZNQCLSA-N,dl-Nornuciferine,COc1cc2CCN[C@@H]3c2c(-c2ccccc2C3)c1OC,IMPHY003739,CHEMBL325416,https://cb.imsc.res.in/imppat/phytochemical-detailedpage/IMPHY003739,Organic compounds,Alkaloids and derivatives,Aporphines,
NPJICTMALKLTFW-KUENWNPSSA-N,3beta-(alpha-D-Glucopyranosyloxy)stigmasta-5-ene,CC[C@@H](C(C)C)CC[C@H]([C@H]1CC[C@@H]2[C@]1(C)CC[C@H]1[C@H]2CC=C2[C@]1(C)CC[C@@H](C2)O[C@H]1O[C@H](CO)[C@H]([C@@H]([C@H]1O)O)O)C,IMPHY014837,,https://cb.imsc.res.in/imppat/phytochemical-detailedpage/IMPHY014837,Organic compounds,Lipids and lipid-like molecules,Steroids and steroid derivatives,Stigmastanes and derivatives
MUPFEKGTMRGPLJ-ZQSKZDJDSA-N,Raffinose,OC[C@H]1O[C@@]([C@H]([C@@H]1O)O)(CO)O[C@H]1O[C@H](CO[C@H]2O[C@H](CO)[C@@H]([C@@H]([C@H]2O)O)O)[C@H]([C@@H]([C@H]1O)O)O,IMPHY012320,CHEMBL603717,https://cb.imsc.res.in/imppat/phytochemical-detailedpage/IMPHY012320,Organic compounds,Organic oxygen compounds,Organooxygen compounds,Carbohydrates and carbohydrate conjugates
UQZIYBXSHAGNOE-XNSRJBNMSA-N,Stachyose,OC[C@H]1O[C@@]([C@H]([C@@H]1O)O)(CO)O[C@H]1O[C@H](CO[C@H]2O[C@H](CO[C@H]3O[C@H](CO)[C@@H]([C@@H]([C@H]3O)O)O)[C@@H]([C@@H]([C@H]2O)O)O)[C@H]([C@@H]([C@H]1O)O)O,IMPHY003358,CHEMBL1625803,https://cb.imsc.res.in/imppat/phytochemical-detailedpage/IMPHY003358,Organic compounds,Organic oxygen compounds,Organooxygen compounds,Carbohydrates and carbohydrate conjugates
YCIMNLLNPGFGHC-UHFFFAOYSA-N,Catechol,Oc1ccccc1O,IMPHY004079,CHEMBL280998,https://cb.imsc.res.in/imppat/phytochemical-detailedpage/IMPHY004079,Organic compounds,Benzenoids,Phenols,Benzenediols
CWVRJTMFETXNAD-NXLLHMKUSA-N,Neochlorogenic acid,O=C(O[C@@H]1C[C@](O)(C[C@H]([C@@H]1O)O)C(=O)O)/C=C/c1ccc(c(c1)O)O,IMPHY011914,CHEMBL249450,https://cb.imsc.res.in/imppat/phytochemical-detailedpage/IMPHY011914,Organic compounds,Organic oxygen compounds,Organooxygen compounds,Alcohols and polyols
HTSOYRHMEMWMRT-UHFFFAOYSA-N,(+)-N-Methylisococlaurine,COc1cc2c(cc1O)CCN(C2Cc1ccc(cc1)O)C,IMPHY005704,CHEMBL3828751,https://cb.imsc.res.in/imppat/phytochemical-detailedpage/IMPHY005704,Organic compounds,Organoheterocyclic compounds,Isoquinolines and derivatives,Benzylisoquinolines
BEEARZYDKRRUMX-LLQJXQHLSA-N,24-Methylene-24-dihydroparkeol,C=C(C(C)C)CC[C@H]([C@H]1CC[C@@]2([C@]1(C)CC=C1C2CCC2[C@]1(C)CC[C@@H](C2(C)C)O)C)C,IMPHY010695,,https://cb.imsc.res.in/imppat/phytochemical-detailedpage/IMPHY010695,Organic compounds,Lipids and lipid-like molecules,Steroids and steroid derivatives,Ergostane steroids
QQKAHDMMPBQDAC-CQSZACIVSA-N,N-Nornuciferine,COc1cc2CCN[C@H]3c2c(-c2ccccc2C3)c1OC,IMPHY003690,CHEMBL1164391,https://cb.imsc.res.in/imppat/phytochemical-detailedpage/IMPHY003690,Organic compounds,Alkaloids and derivatives,Aporphines,
MCOQHIWZJUDQIC-UHFFFAOYSA-N,Barban,ClCC#CCOC(=O)Nc1cccc(c1)Cl,IMPHY006170,CHEMBL1570161,https://cb.imsc.res.in/imppat/phytochemical-detailedpage/IMPHY006170,Organic compounds,Benzenoids,Benzene and substituted derivatives,Phenylcarbamic acid esters
JLPDBLFIVFSOCC-XYXFTTADSA-N,Oleandrin,CO[C@H]1C[C@H](O[C@H]2CC[C@]3([C@@H](C2)CC[C@@H]2[C@@H]3CC[C@]3([C@]2(O)C[C@@H]([C@@H]3C2=CC(=O)OC2)OC(=O)C)C)C)O[C@H]([C@@H]1O)C,IMPHY003634,CHEMBL4285883,https://cb.imsc.res.in/imppat/phytochemical-detailedpage/IMPHY003634,Organic compounds,Lipids and lipid-like molecules,Steroids and steroid derivatives,Steroid lactones
ORNBQBCIOKFOEO-QGVNFLHTSA-N,Pregnenolone,O[C@H]1CC[C@]2(C(=CC[C@@H]3[C@@H]2CC[C@]2([C@H]3CC[C@@H]2C(=O)C)C)C1)C,IMPHY007300,CHEMBL253363,https://cb.imsc.res.in/imppat/phytochemical-detailedpage/IMPHY007300,Organic compounds,Lipids and lipid-like molecules,Steroids and steroid derivatives,Pregnane steroids
YBZZSZQZDODUAA-FNFYTULRSA-N,Odoroside A,CO[C@@H]1C[C@H](O[C@H]2CC[C@]3([C@@H](C2)CC[C@@H]2[C@@H]3CC[C@]3([C@]2(O)CC[C@@H]3C2=CC(=O)OC2)C)C)O[C@@H]([C@@H]1O)C,IMPHY011715,CHEMBL229259,https://cb.imsc.res.in/imppat/phytochemical-detailedpage/IMPHY011715,Organic compounds,Lipids and lipid-like molecules,Steroids and steroid derivatives,Steroid lactones
VCVUOYGJEFVXDV-YBQUAYIVSA-N,16-Dehydroadynerigenin-beta-d-diginoside,CO[C@@H]1[C@@H](O)[C@H](O[C@H]2CC[C@]3([C@@H](C2)CC[C@@]24[C@@H]3CC[C@]3([C@]4(O2)CC=C3C2=CC(=O)OC2)C)C)O[C@@H]([C@@H]1O)C,IMPHY002330,,https://cb.imsc.res.in/imppat/phytochemical-detailedpage/IMPHY002330,Organic compounds,Organic oxygen compounds,Organooxygen compounds,Carbohydrates and carbohydrate conjugates
FHDXJOXIIORNFS-HRQGBTQPSA-N,Adynerigenin beta-neritrioside,CO[C@@H]1C[C@H](O[C@H]2CC[C@]3([C@@H](C2)CC[C@@]24[C@@H]3CC[C@]3([C@]4(O2)CC[C@@H]3C2=CC(=O)OC2)C)C)O[C@@H]([C@@H]1O[C@@H]1O[C@H](CO[C@@H]2O[C@H](CO)[C@H]([C@@H]([C@H]2O)O)O)[C@H]([C@@H]([C@H]1O)O)O)C,IMPHY013587,,https://cb.imsc.res.in/imppat/phytochemical-detailedpage/IMPHY013587,Organic compounds,Lipids and lipid-like molecules,Steroids and steroid derivatives,Steroid lactones
NHKSOXLLXSSPRN-BVPVVMNGSA-N,Adynerigenin beta-odorotrioside,CO[C@@H]1[C@@H](O)[C@H](O[C@H]2CC[C@]3([C@@H](C2)CC[C@@]24[C@@H]3CC[C@]3([C@]4(O2)CC[C@@H]3C2=CC(=O)OC2)C)C)O[C@@H]([C@@H]1O[C@@H]1O[C@H](CO[C@@H]2O[C@H](CO)[C@H]([C@@H]([C@H]2O)O)O)[C@H]([C@@H]([C@H]1O)O)O)C,IMPHY014578,,https://cb.imsc.res.in/imppat/phytochemical-detailedpage/IMPHY014578,Organic compounds,Lipids and lipid-like molecules,Steroids and steroid derivatives,Steroid lactones
NPQJYTKOLRTWRO-BGKNSHFJSA-N,Adynerigenine,O[C@H]1CC[C@]2([C@@H](C1)CC[C@@]13[C@@H]2CC[C@]2([C@]3(O1)CC[C@@H]2C1=CC(=O)OC1)C)C,IMPHY014335,,https://cb.imsc.res.in/imppat/phytochemical-detailedpage/IMPHY014335,Organic compounds,Lipids and lipid-like molecules,Steroids and steroid derivatives,Steroid lactones
BYZQVAOKDQTHHP-QFUJVLJYSA-N,Adynerin,CO[C@@H]1C[C@H](O[C@H]2CC[C@]3([C@@H](C2)CC[C@@]24[C@@H]3CC[C@]3([C@]4(O2)CC[C@@H]3C2=CC(=O)OC2)C)C)O[C@@H]([C@@H]1O)C,IMPHY000953,CHEMBL375720,https://cb.imsc.res.in/imppat/phytochemical-detailedpage/IMPHY000953,Organic compounds,Lipids and lipid-like molecules,Steroids and steroid derivatives,Steroid lactones
IYGYMKDQCDOMRE-ZWKOTPCHSA-N,Bicuculline,CN1CCc2c([C@H]1[C@@H]1OC(=O)c3c1ccc1c3OCO1)cc1c(c2)OCO1,IMPHY011634,CHEMBL417990,https://cb.imsc.res.in/imppat/phytochemical-detailedpage/IMPHY011634,Organic compounds,Alkaloids and derivatives,Phthalide isoquinolines,
VJKUPQSHOVKBCO-NGKRNLQBSA-N,C15H18O7.C15H16O6,CC(=C)[C@@H]1[C@@H]2OC(=O)[C@H]1[C@]1([C@]3([C@@H]2OC(=O)[C@]23[C@@H](C1)O2)C)O.O=C1O[C@H]2[C@H]([C@@H]1[C@]1(O)C[C@@H]3[C@]4([C@@]1([C@@H]2OC4=O)C)O3)C(O)(C)C,IMPHY014048,CHEMBL4780122,https://cb.imsc.res.in/imppat/phytochemical-detailedpage/IMPHY014048,Organic compounds,Organoheterocyclic compounds,Furopyrans,
MMCIFJWGSIWJLP-XAMPRYAMSA-N,Dambonitol,CO[C@@H]1C(O)[C@H](OC)[C@H](C([C@H]1O)O)O,IMPHY005174,,https://cb.imsc.res.in/imppat/phytochemical-detailedpage/IMPHY005174,Organic compounds,Organic oxygen compounds,Organooxygen compounds,Alcohols and polyols
ROKXRURUBUVHBD-QSHOECCGSA-N,Desacetyloleandrin,CO[C@H]1C[C@H](O[C@H]2CC[C@]3([C@@H](C2)CC[C@@H]2[C@@H]3CC[C@]3([C@]2(O)C[C@@H]([C@@H]3C2=CC(=O)OC2)O)C)C)O[C@H]([C@@H]1O)C,IMPHY011368,CHEMBL4292704,https://cb.imsc.res.in/imppat/phytochemical-detailedpage/IMPHY011368,Organic compounds,Lipids and lipid-like molecules,Steroids and steroid derivatives,Steroid lactones
LPLNPAQMNWFTAI-SVRRIJHPSA-N,Isoneriucoumaric acid,O=C(O[C@@H]1C[C@@]2(C)[C@H](C([C@H]1O)(C)C)CC[C@@]1([C@@H]2CC=C2[C@@]1(C)CC[C@@]1([C@H]2[C@@H](C)[C@H](C)CC1)C(=O)O)C)/C=C/c1ccc(cc1)O,IMPHY011535,,https://cb.imsc.res.in/imppat/phytochemical-detailedpage/IMPHY011535,Organic compounds,Lipids and lipid-like molecules,Prenol lipids,Triterpenoids
IONFWKSMWBHQIK-IIJUFBHKSA-N,Kaneric acid,C[C@@H]1CC[C@]2([C@H]([C@H]1C)C1=CC[C@H]3[C@@]([C@@]1(CC2)C)(C)CCC1[C@]3(C)[C@H](O)C[C@@H](C1(C)C)O)C(=O)O,IMPHY008362,,https://cb.imsc.res.in/imppat/phytochemical-detailedpage/IMPHY008362,Organic compounds,Lipids and lipid-like molecules,Prenol lipids,Triterpenoids
VKHWETGILILUMN-UHFFFAOYSA-N,"Methyl 8,16-dihydroxyhexadecanoate",OCCCCCCCCC(CCCCCCC(=O)OC)O,IMPHY013489,,https://cb.imsc.res.in/imppat/phytochemical-detailedpage/IMPHY013489,Organic compounds,Lipids and lipid-like molecules,Fatty acyls,Fatty alcohols
RAYDSAOBFLQKKD-BHFSEWEZSA-N,Neriantin,OC[C@H]1OC(O[C@H]2CC[C@]3([C@@H](C2)CC[C@@H]2[C@@H]3CC[C@]3(C2C(O)C=C3C2=CC(=O)OC2)C)C)[C@@H]([C@H]([C@@H]1O)O)O,IMPHY008577,,https://cb.imsc.res.in/imppat/phytochemical-detailedpage/IMPHY008577,Organic compounds,Lipids and lipid-like molecules,Steroids and steroid derivatives,Steroidal glycosides
KUTOHRFWBGRRJP-HKOCHUGDSA-N,Neriaside,CO[C@@H]1C[C@H](O[C@H]2CC[C@]3([C@@H](C2)CCC(=O)[C@@H]3CC[C@@]2(C)[C@@H](O)CC[C@@H]2C2=CC(=O)OC2)C)O[C@@H]([C@@H]1O)C,IMPHY002707,,https://cb.imsc.res.in/imppat/phytochemical-detailedpage/IMPHY002707,Organic compounds,Lipids and lipid-like molecules,Prenol lipids,Terpene lactones
UZQOZJNEDXAJEZ-VZJXLKLWSA-N,Neritaloside,CO[C@@H]1[C@@H](O)[C@H](O[C@H]2CC[C@]3([C@@H](C2)CC[C@@H]2[C@@H]3CC[C@]3([C@]2(O)C[C@@H]([C@@H]3C2=CC(=O)OC2)OC(=O)C)C)C)O[C@@H]([C@@H]1O)C,IMPHY014735,CHEMBL510771,https://cb.imsc.res.in/imppat/phytochemical-detailedpage/IMPHY014735,Organic compounds,Lipids and lipid-like molecules,Steroids and steroid derivatives,Steroid lactones
LBCSKUSUYQVKDB-PWPRZKDRSA-N,Odoroside K,CO[C@@H]1[C@@H](O)[C@H](O[C@H]2CC[C@]3([C@H](C2)CC[C@@H]2[C@@H]3CC[C@]3([C@]2(O)CC[C@@H]3C2=CC(=O)OC2)C)C)O[C@@H]([C@@H]1O[C@@H]1O[C@H](CO)[C@H]([C@@H]([C@H]1O)O)O)C,IMPHY004044,,https://cb.imsc.res.in/imppat/phytochemical-detailedpage/IMPHY004044,Organic compounds,Lipids and lipid-like molecules,Steroids and steroid derivatives,Steroid lactones
WLKITKZNBMSWFH-PWJYONHCSA-N,Oleagenin,O[C@H]1CC[C@]2([C@@H](C1)CC[C@@]13[C@@H]2CC[C@](C3=O)(C)[C@H](CC1)C1=CC(=O)OC1)C,IMPHY000269,,https://cb.imsc.res.in/imppat/phytochemical-detailedpage/IMPHY000269,Organic compounds,Organoheterocyclic compounds,Dihydrofurans,Furanones
MGVRARFPKYMFHG-ZFTKPFTMSA-N,Oleanderol,OC[C@@]12CC[C@@]3([C@@H](C1=CC[C@H]1[C@@]2(C)CC[C@@H]2[C@]1(C)CC[C@@H](C2(C)C)O)[C@@H](CC3)C(=C)C)CO,IMPHY009450,,https://cb.imsc.res.in/imppat/phytochemical-detailedpage/IMPHY009450,Organic compounds,Lipids and lipid-like molecules,Prenol lipids,Triterpenoids
IWCNCUVTGOMGKG-YOVVEKLRSA-N,Oleandrigenin,O[C@H]1CC[C@]2([C@@H](C1)CC[C@@H]1[C@@H]2CC[C@]2([C@]1(O)C[C@@H]([C@@H]2C1=CC(=O)OC1)OC(=O)C)C)C,IMPHY007502,CHEMBL374839,https://cb.imsc.res.in/imppat/phytochemical-detailedpage/IMPHY007502,Organic compounds,Lipids and lipid-like molecules,Steroids and steroid derivatives,Steroid lactones
RSDOPYMFZBJHRL-UHFFFAOYSA-N,Oxotremorine,O=C1CCCN1CC#CCN1CCCC1,IMPHY012044,CHEMBL7634,https://cb.imsc.res.in/imppat/phytochemical-detailedpage/IMPHY012044,Organic compounds,Organoheterocyclic compounds,Pyrrolidines,N-alkylpyrrolidines
VPUNMTHWNSJUOG-OHIZAEECSA-N,Solanoside,CO[C@H]1[C@@H](O)[C@H](O[C@H]2CC[C@]3([C@@H](C2)CC[C@@H]2[C@@H]3CC[C@]3([C@]2(O)CC[C@@H]3C2=CC(=O)OC2)C)C)O[C@H]([C@@H]1O)C,IMPHY015028,,https://cb.imsc.res.in/imppat/phytochemical-detailedpage/IMPHY015028,Organic compounds,Lipids and lipid-like molecules,Steroids and steroid derivatives,Steroid lactones
ITYAEKHTQKSNBZ-LZDXGJHISA-N,Urechitoxin,CO[C@H]1C[C@H](O[C@H]2CC[C@]3([C@@H](C2)CC[C@@H]2[C@@H]3CC[C@]3([C@]2(O)C[C@@H]([C@@H]3C2=CC(=O)OC2)OC(=O)C)C)C)O[C@H]([C@@H]1O[C@@H]1O[C@H](CO)[C@H]([C@@H]([C@H]1O)O)O)C,IMPHY011417,,https://cb.imsc.res.in/imppat/phytochemical-detailedpage/IMPHY011417,Organic compounds,Lipids and lipid-like molecules,Steroids and steroid derivatives,Steroid lactones
DGXIUFDVYPIXCI-XRBCGWODSA-N,Urs-12(13)-ene,C[C@@H]1CC[C@]2([C@@H]([C@H]1C)C1=CC[C@H]3[C@@]([C@@]1(CC2)C)(C)CC[C@@H]1[C@]3(C)CCCC1(C)C)C,IMPHY011000,,https://cb.imsc.res.in/imppat/phytochemical-detailedpage/IMPHY011000,Organic compounds,Lipids and lipid-like molecules,Prenol lipids,Triterpenoids
SULYEHHGGXARJS-UHFFFAOYSA-N,"2',4'-Dihydroxyacetophenone",Oc1ccc(c(c1)O)C(=O)C,IMPHY006552,CHEMBL243374,https://cb.imsc.res.in/imppat/phytochemical-detailedpage/IMPHY006552,Organic compounds,Organic oxygen compounds,Organooxygen compounds,Carbonyl compounds
TXFPEBPIARQUIG-UHFFFAOYSA-N,4-Hydroxyacetophenone,CC(=O)c1ccc(cc1)O,IMPHY006148,CHEMBL201083,https://cb.imsc.res.in/imppat/phytochemical-detailedpage/IMPHY006148,Organic compounds,Organic oxygen compounds,Organooxygen compounds,Carbonyl compounds
JGMOKGBVKVMRFX-LEKSSAKUSA-N,6-Dehydroprogesterone,O=C1CC[C@]2(C(=C1)C=C[C@@H]1[C@@H]2CC[C@]2([C@H]1CC[C@@H]2C(=O)C)C)C,IMPHY001171,CHEMBL4101936,https://cb.imsc.res.in/imppat/phytochemical-detailedpage/IMPHY001171,Organic compounds,Lipids and lipid-like molecules,Steroids and steroid derivatives,Pregnane steroids
UYGZZVKOVWATFR-GGLFOPPFSA-N,Neridienone A,O=C1CC[C@]2(C(=C1)C=C[C@@H]1[C@@H]2C[C@@H](O)[C@]2([C@H]1CC=C2C(=O)C)C)C,IMPHY000566,CHEMBL375572,https://cb.imsc.res.in/imppat/phytochemical-detailedpage/IMPHY000566,Organic compounds,Lipids and lipid-like molecules,Steroids and steroid derivatives,Oxosteroids
NCBLKWGLSQARQJ-BJSXQCTJSA-N,Neridienone B,OC[C@H]([C@H]1CC[C@@H]2[C@]1(C)C(=O)C[C@H]1[C@H]2C=CC2=CC(=O)CC[C@]12C)O,IMPHY000835,CHEMBL219812,https://cb.imsc.res.in/imppat/phytochemical-detailedpage/IMPHY000835,Organic compounds,Lipids and lipid-like molecules,Steroids and steroid derivatives,Hydroxysteroids
YBZZSZQZDODUAA-XVTMPWIQSA-N,Odorosid B,CO[C@@H]1C[C@H](O[C@H]2CC[C@]3(C(C2)CC[C@@H]2[C@@H]3CC[C@]3([C@]2(O)CC[C@@H]3C2=CC(=O)OC2)C)C)O[C@@H]([C@@H]1O)C,IMPHY011644,,https://cb.imsc.res.in/imppat/phytochemical-detailedpage/IMPHY011644,Organic compounds,Lipids and lipid-like molecules,Steroids and steroid derivatives,Steroid lactones
VFXXNAVZODKBIW-JKXVGBJFSA-N,Plumericin,COC(=O)C1=CO[C@H]2[C@H]3[C@@H]1C=C[C@@]13OC(=O)/C(=C/C)/[C@@H]1O2,IMPHY003884,CHEMBL517300,https://cb.imsc.res.in/imppat/phytochemical-detailedpage/IMPHY003884,Organic compounds,Lipids and lipid-like molecules,Prenol lipids,Terpene lactones
WDJUZGPOPHTGOT-ADSZZZNASA-N,"3-[(3S,5R,8R,9S,10S,13R,14S,17S)-3-[(2R,4S,5S,6R)-5-[(2S,4S,5S,6R)-5-[(2S,4S,5S,6R)-4,5-dihydroxy-6-methyloxan-2-yl]oxy-4-hydroxy-6-methyloxan-2-yl]oxy-4-hydroxy-6-methyloxan-2-yl]oxy-14-hydroxy-10,13",O=C1OCC(=C1)[C@@H]1CC[C@]2([C@]1(C)CC[C@H]1[C@H]2CC[C@H]2[C@]1(C)CC[C@@H](C2)O[C@H]1C[C@H](O)[C@@H]([C@H](O1)C)O[C@H]1C[C@H](O)[C@@H]([C@H](O1)C)O[C@H]1C[C@H](O)[C@@H]([C@H](O1)C)O)O,IMPHY003792,,https://cb.imsc.res.in/imppat/phytochemical-detailedpage/IMPHY003792,Organic compounds,Lipids and lipid-like molecules,Steroids and steroid derivatives,Steroid lactones
PVAMXWLZJKTXFW-VQMOFDJESA-N,Gitoxigenin,O[C@H]1CC[C@]2([C@@H](C1)CC[C@@H]1[C@@H]2CC[C@]2([C@]1(O)C[C@@H]([C@@H]2C1=CC(=O)OC1)O)C)C,IMPHY003245,CHEMBL464658,https://cb.imsc.res.in/imppat/phytochemical-detailedpage/IMPHY003245,Organic compounds,Lipids and lipid-like molecules,Steroids and steroid derivatives,Steroid lactones
CPFNIKYEDJFRAT-RVPZLBNISA-N,Strospeside,CO[C@@H]1[C@@H](O)[C@H](O[C@H]2CC[C@]3([C@@H](C2)CC[C@@H]2[C@@H]3CC[C@]3([C@]2(O)C[C@@H]([C@@H]3C2=CC(=O)OC2)O)C)C)O[C@@H]([C@@H]1O)C,IMPHY004166,,https://cb.imsc.res.in/imppat/phytochemical-detailedpage/IMPHY004166,Organic compounds,Lipids and lipid-like molecules,Steroids and steroid derivatives,Steroid lactones
UHDLSEIMWUMGBH-FYGYTTHQSA-N,"[(3S,5R,8R,9S,10S,13R,14S,16S,17R)-14-hydroxy-3-[(2R,4R,5S,6R)-5-hydroxy-4-methoxy-6-methyloxan-2-yl]oxy-10,13-dimethyl-17-(5-oxo-2H-furan-3-yl)-1,2,3,4,5,6,7,8,9,11,12,15,16,17-tetradecahydrocyclopen",CO[C@@H]1C[C@H](O[C@H]2CC[C@]3([C@@H](C2)CC[C@@H]2[C@@H]3CC[C@]3([C@]2(O)C[C@@H]([C@@H]3C2=CC(=O)OC2)OC(=O)CC(C)C)C)C)O[C@@H]([C@@H]1O)C,IMPHY010069,,https://cb.imsc.res.in/imppat/phytochemical-detailedpage/IMPHY010069,Organic compounds,Lipids and lipid-like molecules,Steroids and steroid derivatives,Steroid lactones
LBWPYRZGHYVSEL-UHFFFAOYSA-N,"2,6,10-Trimethylpentadecane",CCCCCC(CCCC(CCCC(C)C)C)C,IMPHY015240,,https://cb.imsc.res.in/imppat/phytochemical-detailedpage/IMPHY015240,Organic compounds,Lipids and lipid-like molecules,Prenol lipids,Sesquiterpenoids
AISQJRLSHDWVGU-UHFFFAOYSA-N,2-Methyldocosane,CCCCCCCCCCCCCCCCCCCCC(C)C,IMPHY015279,,https://cb.imsc.res.in/imppat/phytochemical-detailedpage/IMPHY015279,Organic compounds,Hydrocarbons,Saturated hydrocarbons,Alkanes
ZRSNZINYAWTAHE-UHFFFAOYSA-N,4-Methoxybenzaldehyde,COc1ccc(cc1)C=O,IMPHY003482,CHEMBL161598,https://cb.imsc.res.in/imppat/phytochemical-detailedpage/IMPHY003482,Organic compounds,Benzenoids,Benzene and substituted derivatives,Benzoyl derivatives
JVFPKSJJCQBJRO-ZIGVIQCPSA-N,Arbortristoside B,OCC1C(O)C([C@H]2C1[C@@H](OC=C2C(=O)OC)O[C@@H]1O[C@H](CO)[C@H]([C@@H]([C@H]1O)O)O)OC(=O)/C=C/c1ccc(c(c1)O)O,IMPHY012931,,https://cb.imsc.res.in/imppat/phytochemical-detailedpage/IMPHY012931,Organic compounds,Lipids and lipid-like molecules,Prenol lipids,Terpene glycosides
CZSBHMFVVLYIQQ-DRVLGOCHSA-N,Crocetin gentiobiosylglucosyl ester,OC[C@H]1O[C@@H](OC[C@H]2O[C@@H](OC(=O)/C(=C/C=C/C(=C/C=C/C=C(/C=C/C=C(/C(=O)O[C@@H]3O[C@H](CO)[C@H]([C@@H]([C@H]3O)O)O)C)C)/C)/C)[C@@H]([C@H]([C@@H]2O)O)O)[C@@H]([C@H]([C@@H]1O)O)O,IMPHY004098,CHEMBL2311863,https://cb.imsc.res.in/imppat/phytochemical-detailedpage/IMPHY004098,Organic compounds,Lipids and lipid-like molecules,Prenol lipids,Diterpenoids
SEBIKDIMAPSUBY-RTJKDTQDSA-N,Crocin,OC[C@H]1O[C@@H](OC[C@H]2O[C@@H](OC(=O)/C(=C/C=C/C(=C/C=C/C=C(/C=C/C=C(/C(=O)O[C@@H]3O[C@H](CO[C@@H]4O[C@H](CO)[C@H]([C@@H]([C@H]4O)O)O)[C@H]([C@@H]([C@H]3O)O)O)C)C)/C)/C)[C@@H]([C@H]([C@@H]2O)O)O)[C@@H]([C@H]([C@@H]1O)O)O,IMPHY011824,CHEMBL446785,https://cb.imsc.res.in/imppat/phytochemical-detailedpage/IMPHY011824,Organic compounds,Lipids and lipid-like molecules,Prenol lipids,Diterpenoids
JDBBFQGXBSMMHP-AZPIFPLPSA-N,Nyctanthoside,OC[C@H]1[C@@H](O)[C@H]([C@H]2[C@@H]1[C@@H](OC=C2C(=O)OC)O[C@@H]1O[C@H](CO)[C@H]([C@@H]([C@H]1O)O)O)O,IMPHY007589,,https://cb.imsc.res.in/imppat/phytochemical-detailedpage/IMPHY007589,Organic compounds,Lipids and lipid-like molecules,Prenol lipids,Terpene glycosides
OJZQWQZTFYKVNT-KBLKYLEWSA-N,arbortristoside C,OC[C@H]1O[C@@H](O[C@@H]2OC=C([C@@H]3[C@H]2[C@@H](C)[C@H]([C@H]3O)OC(=O)/C=C/c2ccc(cc2)O)C(=O)OC)[C@@H]([C@H]([C@@H]1O)O)O,IMPHY002936,CHEMBL505478,https://cb.imsc.res.in/imppat/phytochemical-detailedpage/IMPHY002936,Organic compounds,Lipids and lipid-like molecules,Prenol lipids,Terpene glycosides
VULLCGFNYWDRHL-YJOFKXFJSA-N,beta-D-gentiobiosyl crocetin,OC[C@H]1O[C@@H](OC[C@H]2O[C@@H](OC(=O)/C(=C/C=C/C(=C/C=C/C=C(/C=C/C=C(/C(=O)O)C)C)/C)/C)[C@@H]([C@H]([C@@H]2O)O)O)[C@@H]([C@H]([C@@H]1O)O)O,IMPHY003940,CHEMBL450567,https://cb.imsc.res.in/imppat/phytochemical-detailedpage/IMPHY003940,Organic compounds,Lipids and lipid-like molecules,Prenol lipids,Diterpenoids
LMWNGLDCJDIIBR-CMDGGOBGSA-N,beta-Methylionone,CCC(=O)/C=C/C1=C(C)CCCC1(C)C,IMPHY017437,,https://cb.imsc.res.in/imppat/phytochemical-detailedpage/IMPHY017437,Organic compounds,Lipids and lipid-like molecules,Prenol lipids,Sesquiterpenoids
JIJQKFPGBBEJNF-UHFFFAOYSA-N,Curlone,CC(C1CCC(=C)C=C1)CC(=O)C=C(C)C,IMPHY005798,,https://cb.imsc.res.in/imppat/phytochemical-detailedpage/IMPHY005798,Organic compounds,Lipids and lipid-like molecules,Prenol lipids,Sesquiterpenoids
DOIRQSBPFJWKBE-UHFFFAOYSA-N,Dibutyl phthalate,CCCCOC(=O)c1ccccc1C(=O)OCCCC,IMPHY007903,CHEMBL272485,https://cb.imsc.res.in/imppat/phytochemical-detailedpage/IMPHY007903,Organic compounds,Benzenoids,Benzene and substituted derivatives,Benzoic acids and derivatives
XUMBMVFBXHLACL-UHFFFAOYSA-N,Melanin,Cc1c2[nH]cc3c2c(c(=O)c1=O)c1c[nH]c2c1c3c(=O)c(=O)c2C,IMPHY012901,CHEMBL4283875,https://cb.imsc.res.in/imppat/phytochemical-detailedpage/IMPHY012901,Organic compounds,Benzenoids,Anthracenes,
QDEYKGKBMCIYCT-AZPIFPLPSA-N,6beta-Hydroxyloganin,OC[C@H]1O[C@@H](O[C@@H]2OC=C([C@@H]3[C@H]2[C@@H](C)[C@H]([C@H]3O)O)C(=O)OC)[C@@H]([C@H]([C@@H]1O)O)O,IMPHY009922,CHEMBL492202,https://cb.imsc.res.in/imppat/phytochemical-detailedpage/IMPHY009922,Organic compounds,Lipids and lipid-like molecules,Prenol lipids,Terpene glycosides
MLCOOYQKNSDMRD-HRNXZSIZSA-N,Arborside A,OC[C@H]1O[C@@H](O[C@@H]2OC=C([C@@H]3[C@H]2[C@@H](C)[C@H]([C@H]3OC(=O)c2ccccc2)OC(=O)c2ccccc2)C(=O)OC)[C@@H]([C@H]([C@@H]1O)O)O,IMPHY008916,,https://cb.imsc.res.in/imppat/phytochemical-detailedpage/IMPHY008916,Organic compounds,Lipids and lipid-like molecules,Prenol lipids,Terpene glycosides
SRHCEINKSBRPGZ-YDAJUWBCSA-N,Arborside B,OC[C@H]1O[C@@H](O[C@@H]2OC=C([C@@H]3[C@H]2[C@@H](C)[C@H](C3)OC(=O)c2ccccc2)C(=O)OC)[C@@H]([C@H]([C@@H]1O)O)O,IMPHY008917,,https://cb.imsc.res.in/imppat/phytochemical-detailedpage/IMPHY008917,Organic compounds,Lipids and lipid-like molecules,Prenol lipids,Terpene glycosides
RLPKXOJGDCPDQA-GJBXJWLOSA-N,Arborside D,OC[C@H]1O[C@@H](O[C@@H]2OC=C([C@@H]3[C@H]2[C@@H](COC(=O)c2ccccc2)[C@H]([C@H]3O)O)C(=O)OC)[C@@H]([C@H]([C@@H]1O)O)O,IMPHY014596,,https://cb.imsc.res.in/imppat/phytochemical-detailedpage/IMPHY014596,Organic compounds,Lipids and lipid-like molecules,Prenol lipids,Terpene glycosides
PSOYNZJMRVQTDR-OVEXURONSA-N,Arbortristoside A,OC[C@H]1O[C@@H](O[C@@H]2OC=C([C@@H]3[C@H]2[C@@H](C)[C@H]([C@H]3O)OC(=O)/C=C/c2ccc(cc2)OC)C(=O)OC)[C@@H]([C@H]([C@@H]1O)O)O,IMPHY010708,CHEMBL504519,https://cb.imsc.res.in/imppat/phytochemical-detailedpage/IMPHY010708,Organic compounds,Lipids and lipid-like molecules,Prenol lipids,Terpene glycosides
MHNHQOVNRYKGDF-WBDXUMFHSA-N,Arbortristoside D,OC[C@H]1O[C@@H](O[C@@H]2OC=C([C@@H]3[C@H]2[C@@H](COC(=O)/C=C/c2ccc(c(c2)O)O)[C@H]([C@H]3O)O)C(=O)OC)[C@@H]([C@H]([C@@H]1O)O)O,IMPHY007639,,https://cb.imsc.res.in/imppat/phytochemical-detailedpage/IMPHY007639,Organic compounds,Lipids and lipid-like molecules,Prenol lipids,Terpene glycosides
BFVPQNASGKMXJQ-WBDYHHAWSA-N,Arbortristoside E,COc1ccc(cc1)/C=C/C(=O)OC[C@H]1O[C@@H](O[C@@H]2OC=C([C@@H]3[C@H]2[C@@H](C)[C@H]([C@H]3O)O)C(=O)OC)[C@@H]([C@H]([C@@H]1O)O)O,IMPHY007640,,https://cb.imsc.res.in/imppat/phytochemical-detailedpage/IMPHY007640,Organic compounds,Lipids and lipid-like molecules,Prenol lipids,Terpene glycosides
UHIGZYLCYRQESL-VJWFJHQPSA-N,Calceolarioside A,OC[C@H]1O[C@@H](OCCc2ccc(c(c2)O)O)[C@@H]([C@H]([C@@H]1OC(=O)/C=C/c1ccc(c(c1)O)O)O)O,IMPHY004561,CHEMBL481635,https://cb.imsc.res.in/imppat/phytochemical-detailedpage/IMPHY004561,Organic compounds,Phenylpropanoids and polyketides,Cinnamic acids and derivatives,Hydroxycinnamic acids and derivatives
AEJMLRVPTZEQEF-HISSRJBZSA-N,Loganin pentaacetate,COC(=O)C1=CO[C@H]([C@H]2[C@@H]1C[C@@H]([C@@H]2C)OC(=O)C)O[C@@H]1O[C@H](COC(=O)C)[C@H]([C@@H]([C@H]1OC(=O)C)OC(=O)C)OC(=O)C,IMPHY012564,,https://cb.imsc.res.in/imppat/phytochemical-detailedpage/IMPHY012564,Organic compounds,Organic acids and derivatives,Carboxylic acids and derivatives,Hexacarboxylic acids and derivatives
SRPLWSLPCHPUKL-BIEDGCQKSA-N,Nyctanthic acid,OC(=O)CC[C@@]1(C)[C@@H](CC[C@@]2([C@@H]1CC=C1[C@@]2(C)CC[C@@]2([C@H]1CC(C)(C)CC2)C)C)C(=C)C,IMPHY009338,,https://cb.imsc.res.in/imppat/phytochemical-detailedpage/IMPHY009338,Organic compounds,Lipids and lipid-like molecules,Steroids and steroid derivatives,Steroid acids
GWVDBZWVFGFBCN-UHFFFAOYSA-N,Tetratriacontane,CCCCCCCCCCCCCCCCCCCCCCCCCCCCCCCCCC,IMPHY002954,,https://cb.imsc.res.in/imppat/phytochemical-detailedpage/IMPHY002954,Organic compounds,Hydrocarbons,Saturated hydrocarbons,Alkanes
CKHOFHNVFXPKRY-BTFZNIMDSA-N,"methyl (1S,4aS,5S,6R,7R,7aR)-6-benzoyloxy-5-hydroxy-7-methyl-1-[(2S,3R,4S,5S,6R)-3,4,5-trihydroxy-6-(hydroxymethyl)oxan-2-yl]oxy-1,4a,5,6,7,7a-hexahydrocyclopenta[c]pyran-4-carboxylate",OC[C@H]1O[C@@H](O[C@@H]2OC=C([C@@H]3[C@H]2[C@@H](C)[C@H]([C@H]3O)OC(=O)c2ccccc2)C(=O)OC)[C@@H]([C@H]([C@@H]1O)O)O,IMPHY007638,,https://cb.imsc.res.in/imppat/phytochemical-detailedpage/IMPHY007638,Organic compounds,Lipids and lipid-like molecules,Prenol lipids,Terpene glycosides
PWBXSZOZBWBLEW-FNCVBFRFSA-N,"2,3,6-Tri-O-methyl-D-mannose",COC[C@H]([C@H]([C@@H]([C@@H](C=O)OC)OC)O)O,IMPHY014747,,https://cb.imsc.res.in/imppat/phytochemical-detailedpage/IMPHY014747,Organic compounds,Organic oxygen compounds,Organooxygen compounds,Carbonyl compounds
PWBXSZOZBWBLEW-BZNPZCIMSA-N,"2,3,6-Tri-o-methyl-d-glucose",COC[C@H]([C@H]([C@@H]([C@H](C=O)OC)OC)O)O,IMPHY013328,,https://cb.imsc.res.in/imppat/phytochemical-detailedpage/IMPHY013328,Organic compounds,Organic oxygen compounds,Organooxygen compounds,Carbonyl compounds
CPALRJNELRTQTO-LMGRHVLHSA-N,"2,3-di-O-methyl-d-mannose",[2H]CO[C@@H]([C@@H]([C@@H](CO)O)O)[C@H](OC[2H])C=O,IMPHY014641,,https://cb.imsc.res.in/imppat/phytochemical-detailedpage/IMPHY014641,Organic compounds,Lipids and lipid-like molecules,Fatty acyls,Fatty alcohols
GUBGYTABKSRVRQ-KWCWEWCRSA-N,4-O-beta-D-Mannopyranosyl-D-mannopyranose,OC[C@H]1OC(O)[C@H]([C@H]([C@@H]1O[C@@H]1O[C@H](CO)[C@H]([C@@H]([C@@H]1O)O)O)O)O,IMPHY011419,,https://cb.imsc.res.in/imppat/phytochemical-detailedpage/IMPHY011419,Organic compounds,Organic oxygen compounds,Organooxygen compounds,Carbohydrates and carbohydrate conjugates
IZHVBANLECCAGF-UHFFFAOYSA-N,"Glyceryl 1,3-distearate",CCCCCCCCCCCCCCCCCC(=O)OCC(COC(=O)CCCCCCCCCCCCCCCCC)O,IMPHY000442,CHEMBL3989749,https://cb.imsc.res.in/imppat/phytochemical-detailedpage/IMPHY000442,Organic compounds,Lipids and lipid-like molecules,Glycerolipids,Diradylglycerols
BITHHVVYSMSWAG-KTKRTIGZSA-N,cis-11-Eicosenoic acid,CCCCCCCC/C=CCCCCCCCCCC(=O)O,IMPHY014861,CHEMBL4640620,https://cb.imsc.res.in/imppat/phytochemical-detailedpage/IMPHY014861,Organic compounds,Lipids and lipid-like molecules,Fatty acyls,Fatty acids and conjugates
JUQGWBAOQUBVFP-NEJHNUGDSA-N,"(1R,4S)-1,6-dimethyl-4-propan-2-yl-1,2,3,4,4a,7-hexahydronaphthalene",CC1=CC2C(=CC1)[C@H](C)CC[C@H]2C(C)C,IMPHY011320,,https://cb.imsc.res.in/imppat/phytochemical-detailedpage/IMPHY011320,Organic compounds,Lipids and lipid-like molecules,Prenol lipids,Sesquiterpenoids
GQVMHMFBVWSSPF-SOYUKNQTSA-N,"2,6-Dimethyl-2,4,6-octatriene",C/C=C(/C=C/C=C(C)C)C,IMPHY006417,CHEMBL2268552,https://cb.imsc.res.in/imppat/phytochemical-detailedpage/IMPHY006417,Organic compounds,Lipids and lipid-like molecules,Prenol lipids,Monoterpenoids
QIGBRXMKCJKVMJ-UHFFFAOYSA-N,Hydroquinone,Oc1ccc(cc1)O,IMPHY006959,CHEMBL537,https://cb.imsc.res.in/imppat/phytochemical-detailedpage/IMPHY006959,Organic compounds,Benzenoids,Phenols,Benzenediols
CQUAYTJDLQBXCQ-NHYWBVRUSA-N,Isolongifolene,CC1(C)[C@H]2CC[C@@]3(C1=CCCC3(C)C)C2,IMPHY008451,CHEMBL3183415,https://cb.imsc.res.in/imppat/phytochemical-detailedpage/IMPHY008451,Organic compounds,Lipids and lipid-like molecules,Prenol lipids,Sesquiterpenoids
CJRKEDMYNFITCQ-MUGBGTHKSA-N,Maalialcohol,C[C@]1(O)CCC[C@@]2([C@@H]1[C@H]1[C@H](C1(C)C)CC2)C,IMPHY000302,,https://cb.imsc.res.in/imppat/phytochemical-detailedpage/IMPHY000302,Organic compounds,Lipids and lipid-like molecules,Prenol lipids,Sesquiterpenoids
NNWHUJCUHAELCL-UHFFFAOYSA-N,Methyl isoeugenol,CC=Cc1ccc(c(c1)OC)OC,IMPHY012069,,https://cb.imsc.res.in/imppat/phytochemical-detailedpage/IMPHY012069,Organic compounds,Benzenoids,Benzene and substituted derivatives,Methoxybenzenes
NNWHUJCUHAELCL-SNAWJCMRSA-N,Methylisoeugenol,C/C=C/c1ccc(c(c1)OC)OC,IMPHY015011,CHEMBL465829,https://cb.imsc.res.in/imppat/phytochemical-detailedpage/IMPHY015011,Organic compounds,Benzenoids,Benzene and substituted derivatives,Methoxybenzenes
QSUQBXKPPUWLTH-DOMZBBRYSA-N,beta-Vetivenene,CC(=C1CC=C2[C@](C1)(C)[C@H](C)CC=C2)C,IMPHY002874,,https://cb.imsc.res.in/imppat/phytochemical-detailedpage/IMPHY002874,Organic compounds,Lipids and lipid-like molecules,Prenol lipids,Sesquiterpenoids
DOJDQRFOTHOBEK-UHFFFAOYSA-N,1-Octen-3-yl acetate,CCCCCC(OC(=O)C)C=C,IMPHY005390,,https://cb.imsc.res.in/imppat/phytochemical-detailedpage/IMPHY005390,Organic compounds,Organic acids and derivatives,Carboxylic acids and derivatives,Carboxylic acid derivatives
YLOBZQJVNNUEPZ-NYAJVKMDSA-N,14-Hydroxy-alpha-humulene,OCC1(C)/C=C/C/C(=C/CC/C(=C/C1)/C)/C,IMPHY015168,,https://cb.imsc.res.in/imppat/phytochemical-detailedpage/IMPHY015168,Organic compounds,Lipids and lipid-like molecules,Prenol lipids,Sesquiterpenoids
VSFHYKIILWBKOH-UHFFFAOYSA-N,"2,2-Dimethyl-3,4-octadienal",CCCC=C=CC(C=O)(C)C,IMPHY015210,,https://cb.imsc.res.in/imppat/phytochemical-detailedpage/IMPHY015210,Organic compounds,Organic oxygen compounds,Organooxygen compounds,Carbonyl compounds
UDBAGFUFASPUFS-UHFFFAOYSA-N,"6,6-Dimethyl-2-methylenebicyclo[3.1.1]hept-3-yl acetate",CC(=O)OC1CC2CC(C1=C)C2(C)C,IMPHY009757,,https://cb.imsc.res.in/imppat/phytochemical-detailedpage/IMPHY009757,Organic compounds,Lipids and lipid-like molecules,Prenol lipids,Monoterpenoids
IRDFGGRWKUKANK-CVSAEHQPSA-N,7-epi-cis-Sesquisabinene hydrate,CC(=CCCC([C@]12CC[C@@](C2C1)(C)O)C)C,IMPHY014876,,https://cb.imsc.res.in/imppat/phytochemical-detailedpage/IMPHY014876,Organic compounds,Lipids and lipid-like molecules,Prenol lipids,Sesquiterpenoids
WJSDHUCWMSHDCR-VMPITWQZSA-N,Cinnamyl acetate,CC(=O)OC/C=C/c1ccccc1,IMPHY004184,,https://cb.imsc.res.in/imppat/phytochemical-detailedpage/IMPHY004184,Organic compounds,Benzenoids,Benzene and substituted derivatives,Styrenes
YDXQPTHHAPCTPP-UHFFFAOYSA-N,Oct-3-en-1-ol,CCCCC=CCCO,IMPHY016015,,https://cb.imsc.res.in/imppat/phytochemical-detailedpage/IMPHY016015,Organic compounds,Lipids and lipid-like molecules,Fatty acyls,Fatty alcohols
KWFJIXPIFLVMPM-UHFFFAOYSA-N,alpha-Santalene,CC(=CCCC1(C)C2CC3C1(C)C3C2)C,IMPHY007366,,https://cb.imsc.res.in/imppat/phytochemical-detailedpage/IMPHY007366,Organic compounds,Lipids and lipid-like molecules,Prenol lipids,Sesquiterpenoids
YYWZKGZIIKPPJZ-XKSSXDPKSA-N,cis-2-Pinanol,C[C@]1(O)CC[C@H]2C[C@@H]1C2(C)C,IMPHY011451,,https://cb.imsc.res.in/imppat/phytochemical-detailedpage/IMPHY011451,Organic compounds,Lipids and lipid-like molecules,Prenol lipids,Monoterpenoids
WHIUDXGNUHDGLA-AYMWDHPDSA-N,epi-Longipinanol,C[C@H]1C2CC[C@]([C@H]3C1CCC(C23)(C)C)(C)O,IMPHY010015,,https://cb.imsc.res.in/imppat/phytochemical-detailedpage/IMPHY010015,Organic compounds,Organic oxygen compounds,Organooxygen compounds,Alcohols and polyols
KBGKQZVCLWKUDQ-NFRVFMFJSA-N,"2-(3,4-dihydroxyphenyl)-7-hydroxy-5-[(2S,4S,5S)-3,4,5-trihydroxy-6-(hydroxymethyl)oxan-2-yl]oxychromen-4-one",OCC1O[C@@H](Oc2cc(O)cc3c2c(=O)cc(o3)c2ccc(c(c2)O)O)C([C@H]([C@@H]1O)O)O,IMPHY004749,,https://cb.imsc.res.in/imppat/phytochemical-detailedpage/IMPHY004749,Organic compounds,Phenylpropanoids and polyketides,Flavonoids,Flavonoid glycosides
RGHHSNMVTDWUBI-UHFFFAOYSA-N,4-Hydroxybenzaldehyde,O=Cc1ccc(cc1)O,IMPHY009356,CHEMBL14193,https://cb.imsc.res.in/imppat/phytochemical-detailedpage/IMPHY009356,Organic compounds,Organic oxygen compounds,Organooxygen compounds,Carbonyl compounds
JBFOLLJCGUCDQP-UNJWAJPSSA-N,Apigenin-7-o-glucuronide,OC(=O)[C@H]1O[C@H](Oc2cc(O)c3c(c2)oc(cc3=O)c2ccc(cc2)O)[C@@H]([C@H]([C@@H]1O)O)O,IMPHY011710,,https://cb.imsc.res.in/imppat/phytochemical-detailedpage/IMPHY011710,Organic compounds,Phenylpropanoids and polyketides,Flavonoids,Flavonoid glycosides
HCRBXQFHJMCTLF-UHFFFAOYSA-N,Ethyl 2-methylbutyrate,CCOC(=O)C(CC)C,IMPHY002939,,https://cb.imsc.res.in/imppat/phytochemical-detailedpage/IMPHY002939,Organic compounds,Lipids and lipid-like molecules,Fatty acyls,Fatty acid esters
KWMAWXWUGIEVDG-UHFFFAOYSA-N,Eupalitin,COc1cc2oc(c3ccc(cc3)O)c(c(=O)c2c(c1OC)O)O,IMPHY005709,,https://cb.imsc.res.in/imppat/phytochemical-detailedpage/IMPHY005709,Organic compounds,Phenylpropanoids and polyketides,Flavonoids,Flavones
SENMWXPDXHHPBM-MUUDIHSKSA-N,Molludistin,COc1cc(O)c2c(c1[C@@H]1OC[C@@H]([C@@H](C1O)O)O)oc(cc2=O)c1ccc(cc1)O,IMPHY004783,,https://cb.imsc.res.in/imppat/phytochemical-detailedpage/IMPHY004783,Organic compounds,Phenylpropanoids and polyketides,Flavonoids,Flavonoid glycosides
PLAPMLGJVGLZOV-VPRICQMDSA-N,Orientin,OC[C@H]1O[C@H]([C@@H]([C@H]([C@@H]1O)O)O)c1c(O)cc(c2c1oc(cc2=O)c1ccc(c(c1)O)O)O,IMPHY005455,CHEMBL520866,https://cb.imsc.res.in/imppat/phytochemical-detailedpage/IMPHY005455,Organic compounds,Phenylpropanoids and polyketides,Flavonoids,Flavonoid glycosides
DOUMFZQKYFQNTF-WUTVXBCWSA-N,Rosmarinic acid,O=C(O[C@@H](C(=O)O)Cc1ccc(c(c1)O)O)/C=C/c1ccc(c(c1)O)O,IMPHY004597,CHEMBL324842,https://cb.imsc.res.in/imppat/phytochemical-detailedpage/IMPHY004597,Organic compounds,Phenylpropanoids and polyketides,Cinnamic acids and derivatives,Hydroxycinnamic acids and derivatives
MGGPOESVKAWHRB-KZOVRTNRSA-N,Samaderine E,O=C1O[C@@H]2C[C@H]3C(=CC(=O)[C@H]([C@@]3([C@@H]3[C@@]42[C@](C1)(O)[C@](C)(OC4)[C@H]([C@@H]3O)O)C)O)C,IMPHY000596,,https://cb.imsc.res.in/imppat/phytochemical-detailedpage/IMPHY000596,Organic compounds,Lipids and lipid-like molecules,Prenol lipids,Terpene lactones
RMZHSBMIZBMVMN-LSDHHAIUSA-N,"Selina-4(15),7(11)-diene",C=C1CCC[C@]2([C@H]1CC(=C(C)C)CC2)C,IMPHY004372,,https://cb.imsc.res.in/imppat/phytochemical-detailedpage/IMPHY004372,Organic compounds,Lipids and lipid-like molecules,Prenol lipids,Sesquiterpenoids
BHMYRYNHHQYGTN-UHFFFAOYSA-N,Stenocereol,OC1CCC2(C(C1)C(O)CC1=C2CCC2(C1(C)CCC2C(CCC=C(C)C)C)C)C,IMPHY013552,,https://cb.imsc.res.in/imppat/phytochemical-detailedpage/IMPHY013552,Organic compounds,Lipids and lipid-like molecules,Steroids and steroid derivatives,Cholestane steroids
NNWMHSNRRWMMBI-PJISEHJASA-N,Terminoloside,OC[C@H]1O[C@@H](OC[C@H]2O[C@@H](OC(=O)[C@]34CC[C@@]5(C(=CC[C@H]6[C@@]5(C)C[C@@H](O)[C@@H]5[C@]6(C)C[C@H]([C@@H]([C@@]5(C)CO)O)O)[C@@H]4CC(CC3)(C)C)C)[C@@H]([C@H]([C@@H]2O)O)O)[C@@H]([C@H]([C@@H]1O[C@@H]1O[C@@H](C)[C@@H]([C@H]([C@H]1O)O)O)O)O,IMPHY007228,,https://cb.imsc.res.in/imppat/phytochemical-detailedpage/IMPHY007228,Organic compounds,Lipids and lipid-like molecules,Prenol lipids,Terpene glycosides
KMXFZRSJMDYPPG-UHFFFAOYSA-N,Tetratetracontane,CCCCCCCCCCCCCCCCCCCCCCCCCCCCCCCCCCCCCCCCCCCC,IMPHY013796,,https://cb.imsc.res.in/imppat/phytochemical-detailedpage/IMPHY013796,Organic compounds,Hydrocarbons,Saturated hydrocarbons,Alkanes
YAPXSYXFLHDPCK-GHMSYJMUSA-N,Thunbergol,C/C/1=C/CC/C(=C/CCC(/C=C/C(CC1)C(C)C)(C)O)/C,IMPHY005940,,https://cb.imsc.res.in/imppat/phytochemical-detailedpage/IMPHY005940,Organic compounds,Lipids and lipid-like molecules,Prenol lipids,Diterpenoids
BNMGUJRJUUDLHW-ODCOUYPHSA-N,Unii-CQ2F5O6yiy,OC[C@H]1O[C@@H](OC[C@H]2O[C@@H](OC(=O)[C@@]34CC[C@H]([C@@H]([C@H]4C4=CC[C@H]5[C@@]([C@@]4(CC3)C)(C)C[C@@H](O)[C@@H]3[C@]5(C)C[C@H]([C@@H]([C@@]3(C)CO)O)O)C)C)[C@@H]([C@H]([C@@H]2O)O)O)[C@@H]([C@H]([C@@H]1O[C@H]1O[C@@H](C)[C@H]([C@@H]([C@@H]1O)O)O)O)O,IMPHY004249,,https://cb.imsc.res.in/imppat/phytochemical-detailedpage/IMPHY004249,Organic compounds,Lipids and lipid-like molecules,Prenol lipids,Terpene glycosides
AYXPYQRXGNDJFU-IROTVPAZSA-N,epi-Globulol,C[C@H]1CC[C@@H]2[C@H]1[C@@H]1[C@@H](C1(C)C)CC[C@@]2(C)O,IMPHY012289,,https://cb.imsc.res.in/imppat/phytochemical-detailedpage/IMPHY012289,Organic compounds,Lipids and lipid-like molecules,Prenol lipids,Sesquiterpenoids
BZZSCXPOEAFLES-NUTCYAROSA-N,ocimumoside A,CCCCCCCCCCCCCCCCCCCCCC(=O)O[C@@H](CO[C@H]1O[C@H](CN)[C@H]([C@@H]([C@H]1O)O)O)COC(=O)CCCCCCCCCCCCCCC,IMPHY013339,CHEMBL400056,https://cb.imsc.res.in/imppat/phytochemical-detailedpage/IMPHY013339,Organic compounds,Lipids and lipid-like molecules,Glycerolipids,Glycosylglycerols
LGYCXVJXWRPVSQ-PLEJJZNTSA-N,ocimumoside B,CCCCCCCCCCCCCCCCCC(=O)OC[C@@H](OC(=O)CCCCCCCCCCCCC)CO[C@@H]1O[C@H](CO[C@H]2O[C@H](CO)[C@@H]([C@@H]([C@H]2O)O)O)[C@@H]([C@@H]([C@H]1O)O)O,IMPHY013340,CHEMBL253127,https://cb.imsc.res.in/imppat/phytochemical-detailedpage/IMPHY013340,Organic compounds,Lipids and lipid-like molecules,Glycerolipids,Glycosylglycerols
LHYHMMRYTDARSZ-LJISPDSOSA-N,tau-Cadinol,CC1=C[C@H]2[C@H](CC1)[C@](C)(O)CC[C@H]2C(C)C,IMPHY012587,,https://cb.imsc.res.in/imppat/phytochemical-detailedpage/IMPHY012587,Organic compounds,Lipids and lipid-like molecules,Prenol lipids,Sesquiterpenoids
UFLHIIWVXFIJGU-ONEGZZNKSA-N,trans-3-Hexen-1-ol,OCC/C=C/CC,IMPHY011692,CHEMBL3184538,https://cb.imsc.res.in/imppat/phytochemical-detailedpage/IMPHY011692,Organic compounds,Lipids and lipid-like molecules,Fatty acyls,Fatty alcohols
VEGYMPQCXPVQJY-OAHLLOKOSA-N,(+)-delta-Selinene,CC1=C2C=C(CC[C@]2(CCC1)C)C(C)C,IMPHY011484,,https://cb.imsc.res.in/imppat/phytochemical-detailedpage/IMPHY011484,Organic compounds,Lipids and lipid-like molecules,Prenol lipids,Sesquiterpenoids
MBIPADCEHSKJDQ-PBOSXPJTSA-N,"(1aR,7R,7aR,7bS)-1,1,7,7a-tetramethyl-2,3,5,6,7,7b-hexahydro-1aH-cyclopropa[a]naphthalene",C[C@@H]1CCC=C2[C@@]1(C)[C@H]1[C@H](C1(C)C)CC2,IMPHY010585,,https://cb.imsc.res.in/imppat/phytochemical-detailedpage/IMPHY010585,Organic compounds,Lipids and lipid-like molecules,Prenol lipids,Sesquiterpenoids
RDWUNORUTVEHJF-KKZNHRDASA-N,"Bicyclo[2.2.1]heptan-2-ol, 1,7,7-trimethyl-, formate, (1R,2R,4R)-rel-",O=CO[C@@H]1C[C@@H]2C([C@@]1(C)CC2)(C)C,IMPHY014942,,https://cb.imsc.res.in/imppat/phytochemical-detailedpage/IMPHY014942,Organic compounds,Lipids and lipid-like molecules,Prenol lipids,Monoterpenoids
XUEHVOLRMXNRKQ-HKGGGCDWSA-N,Cubebene,CC([C@H]1CC[C@@H](C23[C@@H]1C2C(=CC3)C)C)C,IMPHY014884,,https://cb.imsc.res.in/imppat/phytochemical-detailedpage/IMPHY014884,Organic compounds,Lipids and lipid-like molecules,Prenol lipids,Sesquiterpenoids
POIARNZEYGURDG-FNORWQNLSA-N,Damascenone,C/C=C/C(=O)C1=C(C)C=CCC1(C)C,IMPHY006404,CHEMBL3733030,https://cb.imsc.res.in/imppat/phytochemical-detailedpage/IMPHY006404,Organic compounds,Organic oxygen compounds,Organooxygen compounds,Carbonyl compounds
JBOONPKUPONSIB-KCQAQPDRSA-N,Salvial-4(14)-en-1-one,C=C1CCC(=O)[C@]2([C@@H](C1)[C@@H](CC2)C(C)C)C,IMPHY009709,,https://cb.imsc.res.in/imppat/phytochemical-detailedpage/IMPHY009709,Organic compounds,Lipids and lipid-like molecules,Prenol lipids,Sesquiterpenoids
SQIFACVGCPWBQZ-UHFFFAOYSA-N,"alpha,alpha-Dimethyl-4-methylenecyclohexanemethanol",CC(C1CCC(=C)CC1)(O)C,IMPHY006965,,https://cb.imsc.res.in/imppat/phytochemical-detailedpage/IMPHY006965,Organic compounds,Lipids and lipid-like molecules,Prenol lipids,Monoterpenoids
USDOQCCMRDNVAH-KKUMJFAQSA-N,beta-Cadinene,CC1=CC[C@@H]2[C@@H](C1)[C@@H](CC=C2C)C(C)C,IMPHY010603,CHEMBL3120653,https://cb.imsc.res.in/imppat/phytochemical-detailedpage/IMPHY010603,Organic compounds,Lipids and lipid-like molecules,Prenol lipids,Sesquiterpenoids
JPYLHKPRBLLDDJ-ARJAWSKDSA-N,(Z)-dec-7-en-1-ol,OCCCCCC/C=CCC,IMPHY016111,,https://cb.imsc.res.in/imppat/phytochemical-detailedpage/IMPHY016111,Organic compounds,Lipids and lipid-like molecules,Fatty acyls,Fatty alcohols
KWKAKUADMBZCLK-UHFFFAOYSA-N,1-Octene,CCCCCCC=C,IMPHY007254,CHEMBL1376677,https://cb.imsc.res.in/imppat/phytochemical-detailedpage/IMPHY007254,Organic compounds,Hydrocarbons,Unsaturated hydrocarbons,Unsaturated aliphatic hydrocarbons
OFHHDSQXFXLTKC-UHFFFAOYSA-N,10-Undecenal,C=CCCCCCCCCC=O,IMPHY009153,CHEMBL3185269,https://cb.imsc.res.in/imppat/phytochemical-detailedpage/IMPHY009153,Organic compounds,Organic oxygen compounds,Organooxygen compounds,Carbonyl compounds
BYGQBDHUGHBGMD-UHFFFAOYSA-N,2-Methylbutyraldehyde,CC(C=O)CC,IMPHY006037,CHEMBL2270060,https://cb.imsc.res.in/imppat/phytochemical-detailedpage/IMPHY006037,Organic compounds,Organic oxygen compounds,Organooxygen compounds,Carbonyl compounds
VQKFNUFAXTZWDK-UHFFFAOYSA-N,2-Methylfuran,Cc1ccco1,IMPHY000550,CHEMBL1445555,https://cb.imsc.res.in/imppat/phytochemical-detailedpage/IMPHY000550,Organic compounds,Organoheterocyclic compounds,Heteroaromatic compounds,
AFABGHUZZDYHJO-UHFFFAOYSA-N,2-Methylpentane,CCCC(C)C,IMPHY017745,CHEMBL30909,https://cb.imsc.res.in/imppat/phytochemical-detailedpage/IMPHY017745,Organic compounds,Hydrocarbons,Saturated hydrocarbons,Alkanes
PFEOZHBOMNWTJB-UHFFFAOYSA-N,3-Methylpentane,CCC(CC)C,IMPHY017707,CHEMBL357767,https://cb.imsc.res.in/imppat/phytochemical-detailedpage/IMPHY017707,Organic compounds,Hydrocarbons,Saturated hydrocarbons,Alkanes
AQIXEPGDORPWBJ-UHFFFAOYSA-N,3-Pentanol,CCC(CC)O,IMPHY001849,CHEMBL47100,https://cb.imsc.res.in/imppat/phytochemical-detailedpage/IMPHY001849,Organic compounds,Organic oxygen compounds,Organooxygen compounds,Alcohols and polyols
CSCPPACGZOOCGX-UHFFFAOYSA-N,Acetone,CC(=O)C,IMPHY012019,CHEMBL14253,https://cb.imsc.res.in/imppat/phytochemical-detailedpage/IMPHY012019,Organic compounds,Organic oxygen compounds,Organooxygen compounds,Carbonyl compounds
ZTQSAGDEMFDKMZ-UHFFFAOYSA-N,Butyraldehyde,CCCC=O,IMPHY007714,CHEMBL1478334,https://cb.imsc.res.in/imppat/phytochemical-detailedpage/IMPHY007714,Organic compounds,Organic oxygen compounds,Organooxygen compounds,Carbonyl compounds
PIYDVAYKYBWPPY-UHFFFAOYSA-N,Heptadecanal,CCCCCCCCCCCCCCCCC=O,IMPHY009749,,https://cb.imsc.res.in/imppat/phytochemical-detailedpage/IMPHY009749,Organic compounds,Lipids and lipid-like molecules,Fatty acyls,Fatty aldehydes
YDZCHDQXPLJVBG-UHFFFAOYSA-N,Hexenyl acetate,CCCCC=COC(=O)C,IMPHY016684,,https://cb.imsc.res.in/imppat/phytochemical-detailedpage/IMPHY016684,Organic compounds,Organic acids and derivatives,Carboxylic acids and derivatives,Carboxylic acid derivatives
AMIMRNSIRUDHCM-UHFFFAOYSA-N,Isobutyraldehyde,O=CC(C)C,IMPHY006661,CHEMBL1404017,https://cb.imsc.res.in/imppat/phytochemical-detailedpage/IMPHY006661,Organic compounds,Organic oxygen compounds,Organooxygen compounds,Carbonyl compounds
KFZMGEQAYNKOFK-UHFFFAOYSA-N,Isopropyl alcohol,CC(O)C,IMPHY012042,CHEMBL582,https://cb.imsc.res.in/imppat/phytochemical-detailedpage/IMPHY012042,Organic compounds,Organic oxygen compounds,Organooxygen compounds,Alcohols and polyols
KXKVLQRXCPHEJC-UHFFFAOYSA-N,Methyl acetate,COC(=O)C,IMPHY007146,CHEMBL14079,https://cb.imsc.res.in/imppat/phytochemical-detailedpage/IMPHY007146,Organic compounds,Organic acids and derivatives,Carboxylic acids and derivatives,Carboxylic acid derivatives
BKIMMITUMNQMOS-UHFFFAOYSA-N,Nonane,CCCCCCCCC,IMPHY007202,CHEMBL335900,https://cb.imsc.res.in/imppat/phytochemical-detailedpage/IMPHY007202,Organic compounds,Hydrocarbons,Saturated hydrocarbons,Alkanes
HGBOYTHUEUWSSQ-UHFFFAOYSA-N,Pentanal,CCCCC=O,IMPHY007222,CHEMBL18602,https://cb.imsc.res.in/imppat/phytochemical-detailedpage/IMPHY007222,Organic compounds,Organic oxygen compounds,Organooxygen compounds,Carbonyl compounds
PCSMJKASWLYICJ-UHFFFAOYSA-N,Succinaldehyde,O=CCCC=O,IMPHY017031,,https://cb.imsc.res.in/imppat/phytochemical-detailedpage/IMPHY017031,Organic compounds,Organic oxygen compounds,Organooxygen compounds,Carbonyl compounds
YXFVVABEGXRONW-UHFFFAOYSA-N,Toluene,Cc1ccccc1,IMPHY010995,CHEMBL9113,https://cb.imsc.res.in/imppat/phytochemical-detailedpage/IMPHY010995,Organic compounds,Benzenoids,Benzene and substituted derivatives,Toluenes
CWRKZMLUDFBPAO-SREVYHEPSA-N,cis-4-Decenal,CCCCC/C=CCCC=O,IMPHY014718,,https://cb.imsc.res.in/imppat/phytochemical-detailedpage/IMPHY014718,Organic compounds,Organic oxygen compounds,Organooxygen compounds,Carbonyl compounds
OJYKYCDSGQGTRJ-BFONTGBQSA-N,trans-beta-Santalol,OC/C(=C/CC[C@]1(C)[C@H]2CC[C@@H](C1=C)C2)/C,IMPHY006021,,https://cb.imsc.res.in/imppat/phytochemical-detailedpage/IMPHY006021,Organic compounds,Lipids and lipid-like molecules,Prenol lipids,Sesquiterpenoids
VJYWBLDDQZIGJI-UHFFFAOYSA-N,1-Methylhexyl acetate,CCCCCC(OC(=O)C)C,IMPHY006992,,https://cb.imsc.res.in/imppat/phytochemical-detailedpage/IMPHY006992,Organic compounds,Organic acids and derivatives,Carboxylic acids and derivatives,Carboxylic acid derivatives
BATOPAZDIZEVQF-MQQKCMAXSA-N,"2,4-Hexadienal",C/C=C/C=C/C=O,IMPHY008196,CHEMBL1576086,https://cb.imsc.res.in/imppat/phytochemical-detailedpage/IMPHY008196,Organic compounds,Organic oxygen compounds,Organooxygen compounds,Carbonyl compounds
NCPWFIVLKCFWSP-BSWSSELBSA-N,"2,4-Nonadien-1-ol",CCCC/C=C/C=C/CO,IMPHY017400,,https://cb.imsc.res.in/imppat/phytochemical-detailedpage/IMPHY017400,Organic compounds,Lipids and lipid-like molecules,Fatty acyls,Fatty alcohols
XSWSEQPWKOWORN-UHFFFAOYSA-N,2-Dodecanol,CCCCCCCCCCC(O)C,IMPHY015249,CHEMBL446067,https://cb.imsc.res.in/imppat/phytochemical-detailedpage/IMPHY015249,Organic compounds,Lipids and lipid-like molecules,Fatty acyls,Fatty alcohols
CATSNJVOTSVZJV-UHFFFAOYSA-N,2-Heptanone,CCCCCC(=O)C,IMPHY004121,CHEMBL18893,https://cb.imsc.res.in/imppat/phytochemical-detailedpage/IMPHY004121,Organic compounds,Organic oxygen compounds,Organooxygen compounds,Carbonyl compounds
NGDNVOAEIVQRFH-UHFFFAOYSA-N,2-Nonanol,CCCCCCCC(O)C,IMPHY009626,CHEMBL454517,https://cb.imsc.res.in/imppat/phytochemical-detailedpage/IMPHY009626,Organic compounds,Lipids and lipid-like molecules,Fatty acyls,Fatty alcohols
LFPGJDSJDXWCIJ-UHFFFAOYSA-N,2-Tridecylfuran,CCCCCCCCCCCCCc1ccco1,IMPHY017679,,https://cb.imsc.res.in/imppat/phytochemical-detailedpage/IMPHY017679,Organic compounds,Organoheterocyclic compounds,Heteroaromatic compounds,
KNUFNLWDGZQKKJ-ONEGZZNKSA-N,"3,4-Dimethoxy cinnamaldehyde",O=C/C=C/c1ccc(c(c1)OC)OC,IMPHY015312,CHEMBL465888,https://cb.imsc.res.in/imppat/phytochemical-detailedpage/IMPHY015312,Organic compounds,Phenylpropanoids and polyketides,Cinnamaldehydes,
BFCBRSFYYLSTAA-UHFFFAOYSA-N,"3-Cyclohexen-1-ol, 4-methyl-1-(1-methylethyl)-, acetate",CC(=O)OC1(CCC(=CC1)C)C(C)C,IMPHY011058,,https://cb.imsc.res.in/imppat/phytochemical-detailedpage/IMPHY011058,Organic compounds,Lipids and lipid-like molecules,Prenol lipids,Monoterpenoids
LPCWMYHBLXLJJQ-SNAWJCMRSA-N,3-Hexen-2-one,CC/C=C/C(=O)C,IMPHY016366,,https://cb.imsc.res.in/imppat/phytochemical-detailedpage/IMPHY016366,Organic compounds,Organic oxygen compounds,Organooxygen compounds,Carbonyl compounds
XHYAQFCRAQUBTD-HWKANZROSA-N,3-Methoxycinnamaldehyde,O=C/C=C/c1cccc(c1)OC,IMPHY016373,CHEMBL5418642,https://cb.imsc.res.in/imppat/phytochemical-detailedpage/IMPHY016373,Organic compounds,Phenylpropanoids and polyketides,Cinnamaldehydes,
NTPLXRHDUXRPNE-UHFFFAOYSA-N,4'-Methoxyacetophenone,COc1ccc(cc1)C(=O)C,IMPHY006149,CHEMBL401912,https://cb.imsc.res.in/imppat/phytochemical-detailedpage/IMPHY006149,Organic compounds,Organic oxygen compounds,Organooxygen compounds,Carbonyl compounds
JLCDSZXBELPBRD-UHFFFAOYSA-N,4'-Methoxybutyrophenone,CCCC(=O)c1ccc(cc1)OC,IMPHY017739,,https://cb.imsc.res.in/imppat/phytochemical-detailedpage/IMPHY017739,Organic compounds,Organic oxygen compounds,Organooxygen compounds,Carbonyl compounds
ZEYHEAKUIGZSGI-UHFFFAOYSA-N,4-Methoxybenzoic acid,COc1ccc(cc1)C(=O)O,IMPHY011515,CHEMBL21932,https://cb.imsc.res.in/imppat/phytochemical-detailedpage/IMPHY011515,Organic compounds,Benzenoids,Benzene and substituted derivatives,Benzoic acids and derivatives
AXCXHFKZHDEKTP-NSCUHMNNSA-N,4-Methoxycinnamaldehyde,COc1ccc(cc1)/C=C/C=O,IMPHY006451,CHEMBL452173,https://cb.imsc.res.in/imppat/phytochemical-detailedpage/IMPHY006451,Organic compounds,Phenylpropanoids and polyketides,Cinnamaldehydes,
NBQNHOLVIKSXDR-UHFFFAOYSA-N,"Anisole, p-undecyl-",CCCCCCCCCCCc1ccc(cc1)OC,IMPHY016807,,https://cb.imsc.res.in/imppat/phytochemical-detailedpage/IMPHY016807,Organic compounds,Benzenoids,Phenol ethers,Anisoles
KNKVJBRMGKXDGO-UHFFFAOYSA-N,Avocadenofuran,C=CCCCCCCCCCCCc1ccco1,IMPHY016520,CHEMBL1608830,https://cb.imsc.res.in/imppat/phytochemical-detailedpage/IMPHY016520,Organic compounds,Organoheterocyclic compounds,Heteroaromatic compounds,
MGNABOKOTWYILU-OWBHPGMISA-N,Avocadienofuran,C=CCCCCCCCCC/C=Cc1ccco1,IMPHY016521,,https://cb.imsc.res.in/imppat/phytochemical-detailedpage/IMPHY016521,Organic compounds,Organoheterocyclic compounds,Heteroaromatic compounds,
ONYOTXAYIZRIPJ-UHFFFAOYSA-N,Avocadynofuran,C#CCCCCCCCCCCCc1ccco1,IMPHY016522,CHEMBL1453347,https://cb.imsc.res.in/imppat/phytochemical-detailedpage/IMPHY016522,Organic compounds,Organoheterocyclic compounds,Heteroaromatic compounds,
FAYVYPCDXDCHCL-UHFFFAOYSA-N,"Benzene, 1-methoxy-4-(1-methyl-2-propenyl)-",COc1ccc(cc1)C(C=C)C,IMPHY016142,,https://cb.imsc.res.in/imppat/phytochemical-detailedpage/IMPHY016142,Organic compounds,Benzenoids,Phenol ethers,Anisoles
ZCTQGTTXIYCGGC-UHFFFAOYSA-N,Benzyl salicylate,O=C(c1ccccc1O)OCc1ccccc1,IMPHY007048,CHEMBL460124,https://cb.imsc.res.in/imppat/phytochemical-detailedpage/IMPHY007048,Organic compounds,Benzenoids,Benzene and substituted derivatives,Benzoic acids and derivatives
YJHVMPKSUPGGPZ-GUIRCDHDSA-N,Eudesmol,C[C@@H]1CCC[C@]2([C@H]1C[C@@H](CC2)C(O)(C)C)C,IMPHY010640,,https://cb.imsc.res.in/imppat/phytochemical-detailedpage/IMPHY010640,Organic compounds,Lipids and lipid-like molecules,Prenol lipids,Sesquiterpenoids
QSQLTHHMFHEFIY-UHFFFAOYSA-N,Methyl behenate,CCCCCCCCCCCCCCCCCCCCCC(=O)OC,IMPHY009681,,https://cb.imsc.res.in/imppat/phytochemical-detailedpage/IMPHY009681,Organic compounds,Lipids and lipid-like molecules,Fatty acyls,Fatty acid esters
KFYISTOZYAKAPV-UHFFFAOYSA-N,beta-Calacorene,CC(C1CCC(=C)c2c1cc(C)cc2)C,IMPHY009765,,https://cb.imsc.res.in/imppat/phytochemical-detailedpage/IMPHY009765,Organic compounds,Lipids and lipid-like molecules,Prenol lipids,Sesquiterpenoids
IEPWIPZLLIOZLU-ARJAWSKDSA-N,cis-3-Hexenyl salicylate,CC/C=CCCOC(=O)c1ccccc1O,IMPHY015566,CHEMBL1897308,https://cb.imsc.res.in/imppat/phytochemical-detailedpage/IMPHY015566,Organic compounds,Benzenoids,Benzene and substituted derivatives,Benzoic acids and derivatives
RUVINXPYWBROJD-ARJAWSKDSA-N,cis-Anethole,C/C=Cc1ccc(cc1)OC,IMPHY011762,CHEMBL1468832,https://cb.imsc.res.in/imppat/phytochemical-detailedpage/IMPHY011762,Organic compounds,Benzenoids,Phenol ethers,Anisoles
WRRZKDVBPZBNJN-ONEGZZNKSA-N,p-Methoxybenzylideneacetone,COc1ccc(cc1)/C=C/C(=O)C,IMPHY017716,CHEMBL72155,https://cb.imsc.res.in/imppat/phytochemical-detailedpage/IMPHY017716,Organic compounds,Benzenoids,Phenol ethers,Anisoles
ULWYRERWMYGJNF-ULPBYVOSSA-N,Phyllanthol,C[C@@H]1CC[C@]2([C@@H]([C@H]1C)[C@@]13CC[C@H]4[C@@]([C@]3(C1)CC2)(C)CC[C@@H]1[C@]4(C)CC[C@@H](C1(C)C)O)C,IMPHY002413,,https://cb.imsc.res.in/imppat/phytochemical-detailedpage/IMPHY002413,Organic compounds,Lipids and lipid-like molecules,Prenol lipids,Triterpenoids
VLNRAGRUEHHINT-ZXNIMFAASA-N,21alpha-Hydroxyfriedelan-3-one,O=C1CC[C@@H]2[C@]([C@H]1C)(C)CC[C@H]1[C@@]2(C)CC[C@@]2([C@]1(C)CC[C@@]1([C@H]2CC(C)(C)[C@@H](C1)O)C)C,IMPHY010004,,https://cb.imsc.res.in/imppat/phytochemical-detailedpage/IMPHY010004,Organic compounds,Lipids and lipid-like molecules,Prenol lipids,Triterpenoids
POKGESLRCWHPFR-GEWRCSBCSA-N,Glochidonol,CC(=C)[C@@H]1CC[C@]2([C@H]1[C@H]1CC[C@H]3[C@@]([C@]1(C)CC2)(C)CC[C@@H]1[C@]3(C)[C@H](O)CC(=O)C1(C)C)C,IMPHY002605,,https://cb.imsc.res.in/imppat/phytochemical-detailedpage/IMPHY002605,Organic compounds,Lipids and lipid-like molecules,Prenol lipids,Triterpenoids
FPLNRAYTBIFSFW-UHFFFAOYSA-N,1-Tricosanol,CCCCCCCCCCCCCCCCCCCCCCCO,IMPHY005263,,https://cb.imsc.res.in/imppat/phytochemical-detailedpage/IMPHY005263,Organic compounds,Lipids and lipid-like molecules,Fatty acyls,Fatty alcohols
IKOBLAPERMAFGU-JZYMYGMISA-N,Kokoonol,OC[C@]12CC[C@@]3([C@@H]([C@@]2(C)CC[C@@]2([C@H]1CC(C)(C)CC2)C)CC[C@]1([C@H]3CCC(=O)[C@@H]1C)C)C,IMPHY010625,,https://cb.imsc.res.in/imppat/phytochemical-detailedpage/IMPHY010625,Organic compounds,Lipids and lipid-like molecules,Prenol lipids,Triterpenoids
VWYANPOOORUCFJ-RLUCXGOASA-N,Sorghumol,CC([C@H]1CC[C@H]2[C@@]1(C)CC[C@@]1([C@]2(C)CC=C2[C@H]1CC[C@@H]1[C@]2(C)CC[C@@H](C1(C)C)O)C)C,IMPHY011675,,https://cb.imsc.res.in/imppat/phytochemical-detailedpage/IMPHY011675,Organic compounds,Lipids and lipid-like molecules,Prenol lipids,Triterpenoids
WQWTUUFHPFYTRZ-HEPYAADOSA-N,"[(3R,3aS,5aS,5bS,7aR,9S,11aS,13aR,13bS)-3a,5a,8,8,11a,13a-hexamethyl-3-propan-2-yl-1,2,3,4,5,5b,6,7,7a,9,10,11,13,13b-tetradecahydrocyclopenta[a]chrysen-9-yl] acetate",CC(=O)O[C@H]1CC[C@]2([C@H](C1(C)C)CC[C@@H]1C2=CC[C@]2([C@@]1(C)CC[C@@]1([C@@H]2CC[C@@H]1C(C)C)C)C)C,IMPHY011143,,https://cb.imsc.res.in/imppat/phytochemical-detailedpage/IMPHY011143,Organic compounds,Lipids and lipid-like molecules,Prenol lipids,Triterpenoids
QWRTXOOFEHOROQ-BFWDZPHWSA-N,"(1aR,4S,4aS,7R,7aS,7bR)-1,1,4,7-tetramethyl-2,3,4,5,6,7,7a,7b-octahydro-1aH-cyclopropa[h]azulen-4a-ol",C[C@@H]1CC[C@]2([C@@H]1[C@H]1[C@H](C1(C)C)CC[C@@H]2C)O,IMPHY006946,,https://cb.imsc.res.in/imppat/phytochemical-detailedpage/IMPHY006946,Organic compounds,Lipids and lipid-like molecules,Prenol lipids,Sesquiterpenoids
HAVYZKHVTLAPDZ-PRUKLFJYSA-N,"1,4,4-Trimethyl-8-methylene-1,5-cycloundecadiene",C=C1CCC/C(=CCC(/C=CC1)(C)C)/C,IMPHY005541,,https://cb.imsc.res.in/imppat/phytochemical-detailedpage/IMPHY005541,Organic compounds,Lipids and lipid-like molecules,Prenol lipids,Sesquiterpenoids
OLBAYJUQWFSQAY-UHFFFAOYSA-N,"4-Allyl-1,2-diacetoxybenzene",C=CCc1ccc(c(c1)OC(=O)C)OC(=O)C,IMPHY005374,,https://cb.imsc.res.in/imppat/phytochemical-detailedpage/IMPHY005374,Organic compounds,Benzenoids,Phenol esters,
FHEHIXJLCWUPCZ-UHFFFAOYSA-N,"4-Allylbenzene-1,2-diol",C=CCc1ccc(c(c1)O)O,IMPHY006593,CHEMBL111134,https://cb.imsc.res.in/imppat/phytochemical-detailedpage/IMPHY006593,Organic compounds,Benzenoids,Phenols,Benzenediols
PARWTEYYJSDGQM-UHFFFAOYSA-N,Allylpyrocatechol,Oc1c(CC=C)cccc1O,IMPHY003129,,https://cb.imsc.res.in/imppat/phytochemical-detailedpage/IMPHY003129,Organic compounds,Benzenoids,Phenols,Benzenediols
TZLTUMDXQSXWJG-UHFFFAOYSA-N,Allylpyrocatechol diacetate,C=CCc1cccc(c1OC(=O)C)OC(=O)C,IMPHY007615,,https://cb.imsc.res.in/imppat/phytochemical-detailedpage/IMPHY007615,Organic compounds,Benzenoids,Phenol esters,
QQRSPHJOOXUALR-UHFFFAOYSA-N,Apiole,C=CCc1cc(OC)c2c(c1OC)OCO2,IMPHY011558,CHEMBL1560118,https://cb.imsc.res.in/imppat/phytochemical-detailedpage/IMPHY011558,Organic compounds,Organoheterocyclic compounds,Benzodioxoles,
BYLJEQIUXOYKOB-BQYQJAHWSA-N,Artemisiatriene,C=CC(/C=C/C(=C)C)(C)C,IMPHY009827,,https://cb.imsc.res.in/imppat/phytochemical-detailedpage/IMPHY009827,Organic compounds,Hydrocarbons,Unsaturated hydrocarbons,Branched unsaturated hydrocarbons
NPBVQXIMTZKSBA-UHFFFAOYSA-N,Chavibetol,C=CCc1ccc(c(c1)O)OC,IMPHY006297,CHEMBL259093,https://cb.imsc.res.in/imppat/phytochemical-detailedpage/IMPHY006297,Organic compounds,Benzenoids,Phenols,Methoxyphenols
LIKYNOPXHGPMIH-UHFFFAOYSA-N,Dillapiol,C=CCc1cc2OCOc2c(c1OC)OC,IMPHY001144,CHEMBL470874,https://cb.imsc.res.in/imppat/phytochemical-detailedpage/IMPHY001144,Organic compounds,Organoheterocyclic compounds,Benzodioxoles,
QEBNYNLSCGVZOH-GZBFAFLISA-N,Eremophilene,CC(=C)[C@@H]1CCC2=CCC[C@@H]([C@]2(C1)C)C,IMPHY011579,,https://cb.imsc.res.in/imppat/phytochemical-detailedpage/IMPHY011579,Organic compounds,Lipids and lipid-like molecules,Prenol lipids,Sesquiterpenoids
FWKQNCXZGNBPFD-UHFFFAOYSA-N,Guaiazulene,CC(c1ccc(c2-c(c1)c(C)cc2)C)C,IMPHY003270,CHEMBL1408759,https://cb.imsc.res.in/imppat/phytochemical-detailedpage/IMPHY003270,Organic compounds,Lipids and lipid-like molecules,Prenol lipids,Sesquiterpenoids
IIZCEIWXLSJQFP-UHFFFAOYSA-N,"p-Menthane-1,3-diol",CC(C1CCC(CC1O)(C)O)C,IMPHY017327,,https://cb.imsc.res.in/imppat/phytochemical-detailedpage/IMPHY017327,Organic compounds,Lipids and lipid-like molecules,Prenol lipids,Monoterpenoids
VHQQPFLOGSTQPC-UHFFFAOYSA-N,Pentatriacontane,CCCCCCCCCCCCCCCCCCCCCCCCCCCCCCCCCCC,IMPHY009485,,https://cb.imsc.res.in/imppat/phytochemical-detailedpage/IMPHY009485,Organic compounds,Hydrocarbons,Saturated hydrocarbons,Alkanes
WFMIUXMJJBBOGJ-UHFFFAOYSA-N,Thymol acetate,CC(=O)Oc1cc(C)ccc1C(C)C,IMPHY010887,CHEMBL3343661,https://cb.imsc.res.in/imppat/phytochemical-detailedpage/IMPHY010887,Organic compounds,Lipids and lipid-like molecules,Prenol lipids,Monoterpenoids
LSQXNMXDFRRDSJ-UHFFFAOYSA-N,Thymol methyl ether,COc1cc(C)ccc1C(C)C,IMPHY001658,CHEMBL2424841,https://cb.imsc.res.in/imppat/phytochemical-detailedpage/IMPHY001658,Organic compounds,Lipids and lipid-like molecules,Prenol lipids,Monoterpenoids
CXENHBSYCFFKJS-DZKMRSEMSA-N,"(3E,6Z)-3,7,11-trimethyldodeca-1,3,6,10-tetraene",C=C/C(=C/C/C=C(CCC=C(C)C)/C)/C,IMPHY011816,,https://cb.imsc.res.in/imppat/phytochemical-detailedpage/IMPHY011816,Organic compounds,Lipids and lipid-like molecules,Prenol lipids,Sesquiterpenoids
AHAREKHAZNPPMI-WAYWQWQTSA-N,"1,3-Hexadiene, (Z)-",CC/C=CC=C,IMPHY017460,,https://cb.imsc.res.in/imppat/phytochemical-detailedpage/IMPHY017460,Organic compounds,Hydrocarbons,Unsaturated hydrocarbons,Olefins
MDZKJHQSJHYOHJ-LJJNEPIXSA-N,"2alpha,3alpha-Dihydroxyolean-12-en-28-oic acid",O[C@@H]1C[C@@]2(C)C(C([C@@H]1O)(C)C)CC[C@@]1([C@@H]2CC=C2[C@@]1(C)CC[C@@]1([C@@H]2CC(C)(C)CC1)C(=O)O)C,IMPHY011971,,https://cb.imsc.res.in/imppat/phytochemical-detailedpage/IMPHY011971,Organic compounds,Lipids and lipid-like molecules,Prenol lipids,Triterpenoids
OIGWAXDAPKFNCQ-UHFFFAOYSA-N,4-Isopropylbenzyl alcohol,OCc1ccc(cc1)C(C)C,IMPHY011557,CHEMBL3183500,https://cb.imsc.res.in/imppat/phytochemical-detailedpage/IMPHY011557,Organic compounds,Lipids and lipid-like molecules,Prenol lipids,Monoterpenoids
ZIIAJIWLQUVGHB-UHFFFAOYSA-N,Cirsimaritin,COc1cc2oc(cc(=O)c2c(c1OC)O)c1ccc(cc1)O,IMPHY005327,CHEMBL348436,https://cb.imsc.res.in/imppat/phytochemical-detailedpage/IMPHY005327,Organic compounds,Phenylpropanoids and polyketides,Flavonoids,O-methylated flavonoids
OROGSEYTTFOCAN-DNJOTXNNSA-N,Codeine,COc1ccc2c3c1O[C@@H]1[C@@]43CCN([C@H](C2)[C@@H]4C=C[C@@H]1O)C,IMPHY004945,CHEMBL485,https://cb.imsc.res.in/imppat/phytochemical-detailedpage/IMPHY004945,Organic compounds,Alkaloids and derivatives,Morphinans,
ZZTYPLSBNNGEIS-OPAXANQDSA-N,Pomolic acid,O[C@H]1CC[C@]2([C@H](C1(C)C)CC[C@@]1([C@@H]2CC=C2[C@@]1(C)CC[C@@]1([C@H]2[C@](C)(O)[C@H](C)CC1)C(=O)O)C)C,IMPHY003298,CHEMBL486986,https://cb.imsc.res.in/imppat/phytochemical-detailedpage/IMPHY003298,Organic compounds,Lipids and lipid-like molecules,Prenol lipids,Triterpenoids
QCDYOIZVELGOLZ-UHFFFAOYSA-N,Salvigenin,COc1ccc(cc1)c1cc(=O)c2c(o1)cc(c(c2O)OC)OC,IMPHY001711,CHEMBL376644,https://cb.imsc.res.in/imppat/phytochemical-detailedpage/IMPHY001711,Organic compounds,Phenylpropanoids and polyketides,Flavonoids,O-methylated flavonoids
CXQWRCVTCMQVQX-LSDHHAIUSA-N,Taxifolin,Oc1cc2O[C@H](c3ccc(c(c3)O)O)[C@H](C(=O)c2c(c1)O)O,IMPHY011967,CHEMBL66,https://cb.imsc.res.in/imppat/phytochemical-detailedpage/IMPHY011967,Organic compounds,Phenylpropanoids and polyketides,Flavonoids,Flavans
OXVUXGFZHDKYLS-BLIWDXROSA-N,Tormentic acid,O[C@@H]1C[C@@]2(C)[C@H](C([C@H]1O)(C)C)CC[C@@]1([C@@H]2CC=C2[C@@]1(C)CC[C@@]1([C@H]2[C@](C)(O)[C@H](C)CC1)C(=O)O)C,IMPHY012225,CHEMBL239077,https://cb.imsc.res.in/imppat/phytochemical-detailedpage/IMPHY012225,Organic compounds,Lipids and lipid-like molecules,Prenol lipids,Triterpenoids
INTCVZZCTDGTCB-URGYJCLVSA-N,gamma-Cadinol,CC1=CCC2C(C1)[C@H](CC[C@]2(C)O)C(C)C,IMPHY013577,,https://cb.imsc.res.in/imppat/phytochemical-detailedpage/IMPHY013577,Organic compounds,Lipids and lipid-like molecules,Prenol lipids,Sesquiterpenoids
LUJAXSNNYBCFEE-UHFFFAOYSA-N,"3,7-Di-O-methylquercetin",COc1cc(O)c2c(c1)oc(c(c2=O)OC)c1ccc(c(c1)O)O,IMPHY004640,CHEMBL164861,https://cb.imsc.res.in/imppat/phytochemical-detailedpage/IMPHY004640,Organic compounds,Phenylpropanoids and polyketides,Flavonoids,O-methylated flavonoids
BJBUTJQYZDYRMJ-UHFFFAOYSA-N,Kumatakenin,COc1c(oc2c(c1=O)c(O)cc(c2)OC)c1ccc(cc1)O,IMPHY004360,CHEMBL349724,https://cb.imsc.res.in/imppat/phytochemical-detailedpage/IMPHY004360,Organic compounds,Phenylpropanoids and polyketides,Flavonoids,O-methylated flavonoids
BKRYNIDYZDMZFQ-GWNMQOMSSA-N,Coleon S,O=C1c2c(O)c(C(C)C)c(c(c2[C@@]2(C(=C1O)C(C)(C)[C@H](CC2)O)C)O)O,IMPHY002423,,https://cb.imsc.res.in/imppat/phytochemical-detailedpage/IMPHY002423,Organic compounds,Lipids and lipid-like molecules,Prenol lipids,Diterpenoids
KYZIIBUTEUCONI-VTXLXBFVSA-N,Coleon T,O=C1c2c(O)c(C(C)C)c(c(c2[C@@]2([C@@H](C1=O)C(C)(C)[C@H](CC2)O)C)O)O,IMPHY002493,,https://cb.imsc.res.in/imppat/phytochemical-detailedpage/IMPHY002493,Organic compounds,Lipids and lipid-like molecules,Prenol lipids,Diterpenoids
GJRSGESHUAFWMY-UHFFFAOYSA-N,(-)-Isolonchocarpin,O=C1CC(Oc2c1ccc1c2C=CC(O1)(C)C)c1ccccc1,IMPHY009374,CHEMBL3401061,https://cb.imsc.res.in/imppat/phytochemical-detailedpage/IMPHY009374,Organic compounds,Phenylpropanoids and polyketides,Flavonoids,Pyranoflavonoids
XTLSKKJNOIMMBK-UHFFFAOYSA-N,"1,3-Propanedione, 1-(4-methoxy-5-benzofuranyl)-3-phenyl-",COc1c(ccc2c1cco2)C(=O)CC(=O)c1ccccc1,IMPHY010206,CHEMBL4285296,https://cb.imsc.res.in/imppat/phytochemical-detailedpage/IMPHY010206,Organic compounds,Phenylpropanoids and polyketides,"Linear 1,3-diarylpropanoids",Chalcones and dihydrochalcones
NQNOTBRHBRJKKH-UHFFFAOYSA-N,"2-Phenylfuro[2,3-h]chromen-4-one",O=c1cc(oc2c1ccc1c2cco1)c1ccccc1,IMPHY000059,CHEMBL224157,https://cb.imsc.res.in/imppat/phytochemical-detailedpage/IMPHY000059,Organic compounds,Phenylpropanoids and polyketides,Flavonoids,Flavones
VKSKFMRCZHZMHZ-UHFFFAOYSA-N,3'-Methoxypongapin,COc1cc(cc2c1OCO2)c1oc2c(c(=O)c1OC)ccc1c2cco1,IMPHY001744,,https://cb.imsc.res.in/imppat/phytochemical-detailedpage/IMPHY001744,Organic compounds,Phenylpropanoids and polyketides,Flavonoids,Flavones
VJDKLMJTJDOWEK-ORIPQNMZSA-N,"3,4-Dihydroxy-trans-cinnamic acid hexacosyl ester",CCCCCCCCCCCCCCCCCCCCCCCCCCOC(=O)/C=C/c1ccc(c(c1)O)O,IMPHY008265,,https://cb.imsc.res.in/imppat/phytochemical-detailedpage/IMPHY008265,Organic compounds,Phenylpropanoids and polyketides,Cinnamic acids and derivatives,Hydroxycinnamic acids and derivatives
QTBGQPUZOKCZJO-QOSDPKFLSA-N,"3-(3,4-Dihydroxyphenyl)propenoic acid triacontyl ester",CCCCCCCCCCCCCCCCCCCCCCCCCCCCCCOC(=O)/C=C/c1ccc(c(c1)O)O,IMPHY010892,,https://cb.imsc.res.in/imppat/phytochemical-detailedpage/IMPHY010892,Organic compounds,Phenylpropanoids and polyketides,Cinnamic acids and derivatives,Hydroxycinnamic acids and derivatives
VORPREYJNTUAGI-UHFFFAOYSA-N,"4,5-Dihydroxy-1-methylpiperidine-2-carboxylic acid",CN1CC(O)C(CC1C(=O)O)O,IMPHY005354,,https://cb.imsc.res.in/imppat/phytochemical-detailedpage/IMPHY005354,Organic compounds,Organic acids and derivatives,Carboxylic acids and derivatives,"Amino acids, peptides, and analogues"
UBKPBGYXBIXFFC-UHFFFAOYSA-N,Demethoxykanugin,COc1c(oc2c(c1=O)ccc(c2)OC)c1ccc2c(c1)OCO2,IMPHY001180,CHEMBL2205108,https://cb.imsc.res.in/imppat/phytochemical-detailedpage/IMPHY001180,Organic compounds,Phenylpropanoids and polyketides,Flavonoids,O-methylated flavonoids
NAMFTZBUZYVNST-UHFFFAOYSA-N,Fisetin tetramethyl ether,COc1ccc2c(c1)oc(c(c2=O)OC)c1ccc(c(c1)OC)OC,IMPHY008156,CHEMBL575808,https://cb.imsc.res.in/imppat/phytochemical-detailedpage/IMPHY008156,Organic compounds,Phenylpropanoids and polyketides,Flavonoids,O-methylated flavonoids
FRVADZRMUKVHBJ-UHFFFAOYSA-N,Gamatin,COc1c2c(occ(c2=O)c2ccc3c(c2)OCO3)cc2c1cco2,IMPHY008838,,https://cb.imsc.res.in/imppat/phytochemical-detailedpage/IMPHY008838,Organic compounds,Phenylpropanoids and polyketides,Isoflavonoids,Isoflav-2-enes
OYCTVEVNYAUZKM-UHFFFAOYSA-N,Glabra II,COc1cc(cc2c1OCO2)c1cc(=O)c2c(o1)c1ccoc1cc2,IMPHY001695,,https://cb.imsc.res.in/imppat/phytochemical-detailedpage/IMPHY001695,Organic compounds,Phenylpropanoids and polyketides,Flavonoids,Flavones
JNBKPNKHWDVXRA-SOFGYWHQSA-N,Glabrachalcone,COc1cc(OC)c(cc1/C=C/C(=O)c1ccc2c(c1O)C=CC(O2)(C)C)OC,IMPHY005515,CHEMBL2043073,https://cb.imsc.res.in/imppat/phytochemical-detailedpage/IMPHY005515,Organic compounds,Phenylpropanoids and polyketides,"Linear 1,3-diarylpropanoids",Chalcones and dihydrochalcones
RJYLDTKZVYKSBL-GQCTYLIASA-N,Glabrachromene I,COc1cc2OC(C)(C)C=Cc2c(c1C(=O)/C=C/c1ccc2c(c1)OCO2)O,IMPHY001769,CHEMBL4862947,https://cb.imsc.res.in/imppat/phytochemical-detailedpage/IMPHY001769,Organic compounds,Phenylpropanoids and polyketides,"Linear 1,3-diarylpropanoids",Chalcones and dihydrochalcones
CKTFYXPCWPPHAT-UHFFFAOYSA-N,Isopongachromene,COc1cc2c(=O)cc(oc2c2c1OC(C)(C)C=C2)c1ccc2c(c1)OCO2,IMPHY004719,,https://cb.imsc.res.in/imppat/phytochemical-detailedpage/IMPHY004719,Organic compounds,Phenylpropanoids and polyketides,Flavonoids,Pyranoflavonoids
DPAGRPSAFDXQDN-UHFFFAOYSA-N,Isopongaflavone,COc1cc2OC(C)(C)C=Cc2c2c1c(=O)cc(o2)c1ccccc1,IMPHY000068,CHEMBL454843,https://cb.imsc.res.in/imppat/phytochemical-detailedpage/IMPHY000068,Organic compounds,Phenylpropanoids and polyketides,Flavonoids,Pyranoflavonoids
TVQDAUGFXODUEY-UHFFFAOYSA-N,Isopongaglabol,COc1ccc(cc1)c1cc(=O)c2c(o1)c1ccoc1cc2,IMPHY002375,CHEMBL224211,https://cb.imsc.res.in/imppat/phytochemical-detailedpage/IMPHY002375,Organic compounds,Phenylpropanoids and polyketides,Flavonoids,Flavones
OVAZJVLXWGEKHQ-UHFFFAOYSA-N,Kanjone,COc1cc2c(=O)cc(oc2c2c1occ2)c1ccccc1,IMPHY002122,,https://cb.imsc.res.in/imppat/phytochemical-detailedpage/IMPHY002122,Organic compounds,Phenylpropanoids and polyketides,Flavonoids,Flavones
HZHNYQLMLQAKSH-UHFFFAOYSA-N,Kanugin,COc1ccc2c(c1)oc(c(c2=O)OC)c1cc(OC)c2c(c1)OCO2,IMPHY013088,CHEMBL3581067,https://cb.imsc.res.in/imppat/phytochemical-detailedpage/IMPHY013088,Organic compounds,Phenylpropanoids and polyketides,Flavonoids,O-methylated flavonoids
QCLBGWSAIHOGCA-UHFFFAOYSA-N,Karanjachromene,COc1c(oc2c(c1=O)ccc1c2C=CC(O1)(C)C)c1ccccc1,IMPHY002547,CHEMBL2204384,https://cb.imsc.res.in/imppat/phytochemical-detailedpage/IMPHY002547,Organic compounds,Phenylpropanoids and polyketides,Flavonoids,Pyranoflavonoids
LKPQNZRGGNOPPU-UHFFFAOYSA-N,Karanjin,COc1c(oc2c(c1=O)ccc1c2cco1)c1ccccc1,IMPHY000675,CHEMBL208484,https://cb.imsc.res.in/imppat/phytochemical-detailedpage/IMPHY000675,Organic compounds,Phenylpropanoids and polyketides,Flavonoids,Flavones
UEXPKLJRGIWQBF-CSKARUKUSA-N,Lonchocarpin,O=C(c1ccc2c(c1O)C=CC(O2)(C)C)/C=C/c1ccccc1,IMPHY008167,CHEMBL457644,https://cb.imsc.res.in/imppat/phytochemical-detailedpage/IMPHY008167,Organic compounds,Phenylpropanoids and polyketides,"Linear 1,3-diarylpropanoids",Chalcones and dihydrochalcones
JRTNAZKQGYGUQE-UHFFFAOYSA-N,Ovalichromene B,O=C1CC(Oc2c1ccc1c2C=CC(O1)(C)C)c1ccc2c(c1)OCO2,IMPHY000058,,https://cb.imsc.res.in/imppat/phytochemical-detailedpage/IMPHY000058,Organic compounds,Phenylpropanoids and polyketides,Flavonoids,Pyranoflavonoids
SDJBCBKWKASUCJ-UHFFFAOYSA-N,Ovalitenone,COc1c(ccc2c1cco2)C(=O)CC(=O)c1ccc2c(c1)OCO2,IMPHY008165,,https://cb.imsc.res.in/imppat/phytochemical-detailedpage/IMPHY008165,Organic compounds,Phenylpropanoids and polyketides,"Linear 1,3-diarylpropanoids",Chalcones and dihydrochalcones
QNWOJWLIFBMWKQ-UHFFFAOYSA-N,Pinnatin,COc1c2c(=O)cc(oc2cc2c1cco2)c1ccccc1,IMPHY004340,CHEMBL395770,https://cb.imsc.res.in/imppat/phytochemical-detailedpage/IMPHY004340,Organic compounds,Phenylpropanoids and polyketides,Flavonoids,Flavones
SVCOJIPWISPOJZ-UHFFFAOYSA-N,Pongachromene,COc1c(oc2c(c1=O)ccc1c2C=CC(O1)(C)C)c1ccc2c(c1)OCO2,IMPHY002540,CHEMBL573848,https://cb.imsc.res.in/imppat/phytochemical-detailedpage/IMPHY002540,Organic compounds,Phenylpropanoids and polyketides,Flavonoids,Pyranoflavonoids
USQMGTCZKGEZKA-UHFFFAOYSA-N,Pongaglabol,O=c1cc(oc2c1c(O)cc1c2cco1)c1ccccc1,IMPHY009464,,https://cb.imsc.res.in/imppat/phytochemical-detailedpage/IMPHY009464,Organic compounds,Phenylpropanoids and polyketides,Flavonoids,Flavones
OLRNTGNFKYRPHW-UHFFFAOYSA-N,Pongaglabrone,O=c1cc(oc2c1ccc1c2cco1)c1ccc2c(c1)OCO2,IMPHY000086,CHEMBL583961,https://cb.imsc.res.in/imppat/phytochemical-detailedpage/IMPHY000086,Organic compounds,Phenylpropanoids and polyketides,Flavonoids,Flavones
IGFBIJDAWSAJIF-UHFFFAOYSA-N,Pongapin,COc1c(oc2c(c1=O)ccc1c2cco1)c1ccc2c(c1)OCO2,IMPHY003184,CHEMBL577397,https://cb.imsc.res.in/imppat/phytochemical-detailedpage/IMPHY003184,Organic compounds,Phenylpropanoids and polyketides,Flavonoids,Flavones
CHMQLCYFVBURMW-GDNBJRDFSA-N,Pongapinone A,COc1cc2OC(C)(C)C=Cc2c(c1C(=O)/C=C(/c1ccc2c(c1)OCO2)O)OC,IMPHY009077,,https://cb.imsc.res.in/imppat/phytochemical-detailedpage/IMPHY009077,Organic compounds,Organoheterocyclic compounds,Benzopyrans,1-benzopyrans
QNKSZZRDFRCBNL-SFHVURJKSA-N,Pongapinone B,COc1cc(OC)c2c(c1CC=C(C)C)O[C@@H](CC2=O)c1ccc2c(c1)OCO2,IMPHY009064,CHEMBL455366,https://cb.imsc.res.in/imppat/phytochemical-detailedpage/IMPHY009064,Organic compounds,Phenylpropanoids and polyketides,Flavonoids,Flavans
WXBAKLJXQYICHT-UHFFFAOYSA-N,Glabone,COc1ccc(cc1)c1cc(=O)c2c(o1)cc1c(c2)cco1,IMPHY013049,CHEMBL223067,https://cb.imsc.res.in/imppat/phytochemical-detailedpage/IMPHY013049,Organic compounds,Phenylpropanoids and polyketides,Flavonoids,Flavones
URNICEODGHJCAQ-UHFFFAOYSA-N,Pongone,COc1cccc(c1)c1cc(=O)c2c(o1)cc1c(c2)cco1,IMPHY013402,CHEMBL224607,https://cb.imsc.res.in/imppat/phytochemical-detailedpage/IMPHY013402,Organic compounds,Phenylpropanoids and polyketides,Flavonoids,Flavones
YPWHZCPMOQGCDQ-HMGRVEAOSA-N,kaempferol 7-O-glucoside,OC[C@H]1O[C@@H](Oc2cc(O)c3c(c2)oc(c(c3=O)O)c2ccc(cc2)O)[C@@H]([C@H]([C@@H]1O)O)O,IMPHY014969,CHEMBL469441,https://cb.imsc.res.in/imppat/phytochemical-detailedpage/IMPHY014969,Organic compounds,Phenylpropanoids and polyketides,Flavonoids,Flavonoid glycosides
RQSSRCUNGIYPIQ-HKVUYSFSSA-N,Pongamoside D,OCC1O[C@@H](Oc2ccc3c(c2)oc(c(c3=O)OC)c2ccc3c(c2)OCO3)C([C@H]([C@@H]1O)O)O,IMPHY013431,,https://cb.imsc.res.in/imppat/phytochemical-detailedpage/IMPHY013431,Organic compounds,Phenylpropanoids and polyketides,Flavonoids,Flavonoid glycosides
HYEHSSXMOHMVLQ-UYRXBGFRSA-N,Pongagallone A,COc1cc(OC)c(cc1C(=O)/C=C(/c1ccccc1)O)CC=C(C)C,IMPHY009053,,https://cb.imsc.res.in/imppat/phytochemical-detailedpage/IMPHY009053,Organic compounds,Phenylpropanoids and polyketides,"Linear 1,3-diarylpropanoids",Chalcones and dihydrochalcones
SLBZGVSJTQHLIP-WQRHYEAKSA-N,Pongagallone B,COc1cc(OC)c(cc1C(=O)/C=C(/c1ccc2c(c1)OCO2)O)CC=C(C)C,IMPHY009060,,https://cb.imsc.res.in/imppat/phytochemical-detailedpage/IMPHY009060,Organic compounds,Phenylpropanoids and polyketides,"Linear 1,3-diarylpropanoids",Chalcones and dihydrochalcones
BHXMKOWAHQATKJ-WJDWOHSUSA-N,Ponganone II,COc1c(cc(c2c1C=CC(O2)(C)C)OC)C(=O)/C=C(/c1ccc2c(c1)OCO2)O,IMPHY001229,,https://cb.imsc.res.in/imppat/phytochemical-detailedpage/IMPHY001229,Organic compounds,Organoheterocyclic compounds,Benzopyrans,1-benzopyrans
WBKMMUGBIOVPMR-IBGZPJMESA-N,Ponganone III,COc1cc(ccc1OC)[C@@H]1CC(=O)c2c(O1)c1C=CC(Oc1cc2)(C)C,IMPHY001439,,https://cb.imsc.res.in/imppat/phytochemical-detailedpage/IMPHY001439,Organic compounds,Phenylpropanoids and polyketides,Flavonoids,Pyranoflavonoids
GEIXOHJDUNAJMC-SFHVURJKSA-N,Ponganone IV,COc1ccc(cc1OC)[C@@H]1CC(=O)c2c(O1)c1C=CC(Oc1c(c2)OC)(C)C,IMPHY001462,,https://cb.imsc.res.in/imppat/phytochemical-detailedpage/IMPHY001462,Organic compounds,Phenylpropanoids and polyketides,Flavonoids,Pyranoflavonoids
RANWLOKZQCJYQF-UHFFFAOYSA-N,Ponganone IX,COC(c1ccc2c(c1)OCO2)CC(=O)c1ccc2c(c1OC)cco2,IMPHY001486,,https://cb.imsc.res.in/imppat/phytochemical-detailedpage/IMPHY001486,Organic compounds,Benzenoids,Benzene and substituted derivatives,Butyrophenones
XNGHNFHZIWCLLJ-SFHVURJKSA-N,Ponganone V,COc1cc2O[C@@H](CC(=O)c2cc1OCC=C(C)C)c1ccc2c(c1)OCO2,IMPHY003033,,https://cb.imsc.res.in/imppat/phytochemical-detailedpage/IMPHY003033,Organic compounds,Phenylpropanoids and polyketides,Flavonoids,O-methylated flavonoids
SPRVETRFINSEAB-SOFGYWHQSA-N,Ponganone VI,COc1cc(C(=O)/C=C/c2ccc(c(c2)OC)OC)c(c2c1OC(C)(C)C=C2)O,IMPHY001463,,https://cb.imsc.res.in/imppat/phytochemical-detailedpage/IMPHY001463,Organic compounds,Phenylpropanoids and polyketides,"Linear 1,3-diarylpropanoids",Chalcones and dihydrochalcones
YPJDWRMBYIHNFK-UHFFFAOYSA-N,Ponganone VII,COc1ccc(c(c1)OC)C(=O)CCc1ccc2c(c1)OCO2,IMPHY002569,CHEMBL4086867,https://cb.imsc.res.in/imppat/phytochemical-detailedpage/IMPHY002569,Organic compounds,Organic oxygen compounds,Organooxygen compounds,Carbonyl compounds
UETHJWQOQPORJI-UHFFFAOYSA-N,Ponganone VIII,COC(c1ccc2c(c1)OCO2)CC(=O)c1cc(OC)c2c(c1OC)C=CC(O2)(C)C,IMPHY001464,,https://cb.imsc.res.in/imppat/phytochemical-detailedpage/IMPHY001464,Organic compounds,Organoheterocyclic compounds,Benzopyrans,1-benzopyrans
WGOHQWRDEQYATJ-LCYFTJDESA-N,Ponganone X,COc1cc(OC)c(c(c1)OC)C(=O)/C=C(/c1ccc2c(c1)OCO2)O,IMPHY001487,,https://cb.imsc.res.in/imppat/phytochemical-detailedpage/IMPHY001487,Organic compounds,Phenylpropanoids and polyketides,Cinnamic acids and derivatives,
NEPXOYCAYKISIF-UHFFFAOYSA-N,Ponganone XI,COc1c(oc2c(c1=O)cc1c(c2)occ1)c1ccccc1,IMPHY001488,,https://cb.imsc.res.in/imppat/phytochemical-detailedpage/IMPHY001488,Organic compounds,Phenylpropanoids and polyketides,Flavonoids,Flavones
SXNBVULTHKFMNO-UHFFFAOYSA-N,Dihydroxyoctadecanoic acid,CCCCCCCCCCCCCCCCC(C(=O)O)(O)O,IMPHY011512,,https://cb.imsc.res.in/imppat/phytochemical-detailedpage/IMPHY011512,Organic compounds,Lipids and lipid-like molecules,Fatty acyls,Fatty acids and conjugates
ATNNLHXCRAAGJS-QZQOTICOSA-N,Docosenoic acid,CCCCCCCCCCCCCCCCCCC/C=C/C(=O)O,IMPHY006507,CHEMBL4284416,https://cb.imsc.res.in/imppat/phytochemical-detailedpage/IMPHY006507,Organic compounds,Lipids and lipid-like molecules,Fatty acyls,Fatty acids and conjugates
WKEIAFLNVZWDKU-ZZXKWVIFSA-N,Glabrachromene II,O=C(c1ccc2c(c1O)C=CC(O2)(C)C)/C=C/c1ccc2c(c1)OCO2,IMPHY006225,CHEMBL3581071,https://cb.imsc.res.in/imppat/phytochemical-detailedpage/IMPHY006225,Organic compounds,Phenylpropanoids and polyketides,"Linear 1,3-diarylpropanoids",Chalcones and dihydrochalcones
XMHIUKTWLZUKEX-UHFFFAOYSA-N,Hexacosanoic acid,CCCCCCCCCCCCCCCCCCCCCCCCCC(=O)O,IMPHY000589,CHEMBL464787,https://cb.imsc.res.in/imppat/phytochemical-detailedpage/IMPHY000589,Organic compounds,Lipids and lipid-like molecules,Fatty acyls,Fatty acids and conjugates
ULNRTPCFRBIMKL-GHVJWSGMSA-N,Tetracosenoic acid,CCCCCCCCCCCCCCCCCCCCC/C=C/C(=O)O,IMPHY006187,CHEMBL4292310,https://cb.imsc.res.in/imppat/phytochemical-detailedpage/IMPHY006187,Organic compounds,Lipids and lipid-like molecules,Fatty acyls,Fatty acids and conjugates
VLSXHSGQICXETC-MDZDMXLPSA-N,Pongachalcone I,COc1cc2OC(C)(C)C=Cc2c(c1C(=O)/C=C/c1ccccc1)O,IMPHY000349,CHEMBL3401055,https://cb.imsc.res.in/imppat/phytochemical-detailedpage/IMPHY000349,Organic compounds,Phenylpropanoids and polyketides,"Linear 1,3-diarylpropanoids",Chalcones and dihydrochalcones
WNUBZQVPFKTBOZ-QPJJXVBHSA-N,Pongachalcone II,COc1cc(/C=C/C(=O)c2ccc3c(c2O)C=CC(O3)(C)C)ccc1O,IMPHY000579,CHEMBL463206,https://cb.imsc.res.in/imppat/phytochemical-detailedpage/IMPHY000579,Organic compounds,Phenylpropanoids and polyketides,"Linear 1,3-diarylpropanoids",Chalcones and dihydrochalcones
YRBMKGMWALNDRF-IFJDGRBTSA-N,"(1S,2S,20S,42S,46R)-7,8,9,12,13,14,25,26,27,30,31,32,35,36,37-pentadecahydroxy-46-[(2R,3R)-3,5,7-trihydroxy-2-(3,4,5-trihydroxyphenyl)-3,4-dihydro-2H-chromen-6-yl]-3,18,21,41,43-pentaoxanonacyclo[27.1",O[C@@H]1Cc2c(O[C@@H]1c1cc(O)c(c(c1)O)O)cc(c(c2O)[C@@H]1[C@@H]2OC(=O)c3c1c(O)c(O)c(c3-c1c3C(=O)O[C@@H]2[C@H]2OC(=O)c4cc(O)c(c(c4-c4c(C(=O)OC[C@@H]2OC(=O)c2c(-c3c(c(c1O)O)O)c(O)c(c(c2)O)O)cc(c(c4O)O)O)O)O)O)O,IMPHY008262,,https://cb.imsc.res.in/imppat/phytochemical-detailedpage/IMPHY008262,Organic compounds,Phenylpropanoids and polyketides,Tannins,Complex tannins
QHRCDTOIELUASN-SLNGYGRDSA-N,Amritoside,OC[C@H]1O[C@@H](O[C@H]2C[C@@](O)(C(=O)O)[C@@]([C@H]3[C@]2(C)[C@](O)(CCC3)C(=O)OC)(C)C[C@@H](c2ccoc2)O)[C@@H]([C@H]([C@@H]1O)O)O,IMPHY000714,,https://cb.imsc.res.in/imppat/phytochemical-detailedpage/IMPHY000714,Organic compounds,Lipids and lipid-like molecules,Prenol lipids,Terpene glycosides
QJOSZTCZZUNIRY-UHFFFAOYSA-N,Guajavin A,OC1Cc2c(O)cc(c(c2OC1c1cc(O)c(c(c1)O)O)C1C2OC(=O)c3c1c(O)c(O)c(c3-c1c(C(=O)OC2C2OC(=O)c3cc(O)c(c(c3-c3c(C(=O)OCC2OC(=O)c2cc(O)c(c(c2)O)O)cc(c(c3O)O)O)O)O)cc(c(c1O)O)O)O)O,IMPHY008261,,https://cb.imsc.res.in/imppat/phytochemical-detailedpage/IMPHY008261,Organic compounds,Phenylpropanoids and polyketides,Tannins,Complex tannins
FLZGFQFYDGHWLR-UHFFFAOYSA-N,Luteic acid,Oc1cc2c(=O)oc3c(c2c(c1O)O)c(cc(c3O)O)C(=O)O,IMPHY004367,,https://cb.imsc.res.in/imppat/phytochemical-detailedpage/IMPHY004367,Organic compounds,Phenylpropanoids and polyketides,Tannins,Hydrolyzable tannins
XWKIGIQTPIVWIV-UHFFFAOYSA-N,Psidinin A,OC1Cc2c(O)cc3c(c2OC1c1cc(O)c(c(c1)O)O)C1C2OC(=O)C4C1(O3)C(=O)C(=C4c1c3C(=O)OC2C2OC(=O)c4cc(O)c(c(c4-c4c(C(=O)OCC2OC(=O)c2c(-c3c(c(c1O)O)O)c(O)c(c(c2)O)O)cc(c(c4O)O)O)O)O)O,IMPHY009217,,https://cb.imsc.res.in/imppat/phytochemical-detailedpage/IMPHY009217,Organic compounds,Phenylpropanoids and polyketides,Tannins,Complex tannins
JWYWLEDKHVAFKH-UHFFFAOYSA-N,Psidinin B,OC1Cc2c(OC1c1cc(O)c(c(c1)O)O)cc(c1c2OC23C1C1OC(=O)C3C(=C(C2=O)O)c2c(O)c(O)c(c3-c4c(C(=O)OC5C(C1OC(=O)c23)OC(=O)c1cc(O)c(c(c1-c1c(C(=O)OC5)cc(c(c1O)O)O)O)O)cc(c(c4O)O)O)O)O,IMPHY009218,,https://cb.imsc.res.in/imppat/phytochemical-detailedpage/IMPHY009218,Organic compounds,Phenylpropanoids and polyketides,Tannins,Complex tannins
NIFMLTJCPJDRJC-UHFFFAOYSA-N,Psidinin C,OC1Cc2c(O)cc3c(c2OC1c1cc(O)c(c(c1)O)O)C1C2OC(=O)C4C1(O3)C(=O)C(=C4c1c(C(=O)OC2C2OC(=O)c3cc(O)c(c(c3-c3c(C(=O)OCC2OC(=O)c2cc(O)c(c(c2)O)O)cc(c(c3O)O)O)O)O)cc(c(c1O)O)O)O,IMPHY009219,,https://cb.imsc.res.in/imppat/phytochemical-detailedpage/IMPHY009219,Organic compounds,Phenylpropanoids and polyketides,Tannins,Complex tannins
VSPCKOOTYYLLDQ-UHFFFAOYSA-N,Psiguavin,OC1Cc2c(O)cc(c3c2OC1C1=CC(=O)C2(C1C1(OC2=O)C(=O)C2=C4C1c1c5C(=O)OC(C(C32)OC4=O)C2OC(=O)c3cc(O)c(c(c3-c3c(C(=O)OCC2OC(=O)c2cc(-c5c(c(c1O)O)O)c(O)c(c2O)O)cc(c(c3O)O)O)O)O)O)O,IMPHY008680,,https://cb.imsc.res.in/imppat/phytochemical-detailedpage/IMPHY008680,Organic compounds,Phenylpropanoids and polyketides,Tannins,Hydrolyzable tannins
PZZRDJXEMZMZFD-IEGSVRCHSA-N,Guaijaverin,Oc1cc(O)c2c(c1)oc(c(c2=O)O[C@@H]1OC[C@@H]([C@@H]([C@H]1O)O)O)c1ccc(c(c1)O)O,IMPHY011898,CHEMBL464507,https://cb.imsc.res.in/imppat/phytochemical-detailedpage/IMPHY011898,Organic compounds,Phenylpropanoids and polyketides,Flavonoids,Flavonoid glycosides
LXNHXLLTXMVWPM-UHFFFAOYSA-N,Pyridoxine,OCc1c(CO)cnc(c1O)C,IMPHY000158,CHEMBL1364,https://cb.imsc.res.in/imppat/phytochemical-detailedpage/IMPHY000158,Organic compounds,Organoheterocyclic compounds,Pyridines and derivatives,Pyridoxines
NPNUFJAVOOONJE-ULKYWBSGSA-N,"(1R,4Z,9R)-4,11,11-Trimethyl-8-methylenebicyclo[7.2.0]undec-4-ene",C/C/1=C/CCC(=C)[C@H]2[C@@H](CC1)C(C2)(C)C,IMPHY014786,,https://cb.imsc.res.in/imppat/phytochemical-detailedpage/IMPHY014786,Organic compounds,Lipids and lipid-like molecules,Prenol lipids,Sesquiterpenoids
WNHOMUCDFNTSEV-UHFFFAOYSA-N,"1,1-Diethoxyhexane",CCCCCC(OCC)OCC,IMPHY006024,,https://cb.imsc.res.in/imppat/phytochemical-detailedpage/IMPHY006024,Organic compounds,Organic oxygen compounds,Organooxygen compounds,Ethers
IIYGOARYARWJBO-UHFFFAOYSA-N,"2,2,4-Trimethylheptane",CCCC(CC(C)(C)C)C,IMPHY016295,,https://cb.imsc.res.in/imppat/phytochemical-detailedpage/IMPHY016295,Organic compounds,Hydrocarbons,Saturated hydrocarbons,Alkanes
AUKVIBNBLXQNIZ-UHFFFAOYSA-N,"2,4-Dimethylheptane",CCCC(CC(C)C)C,IMPHY016308,,https://cb.imsc.res.in/imppat/phytochemical-detailedpage/IMPHY016308,Organic compounds,Hydrocarbons,Saturated hydrocarbons,Alkanes
XNLICIUVMPYHGG-UHFFFAOYSA-N,2-Pentanone,CCCC(=O)C,IMPHY006989,CHEMBL45345,https://cb.imsc.res.in/imppat/phytochemical-detailedpage/IMPHY006989,Organic compounds,Organic oxygen compounds,Organooxygen compounds,Carbonyl compounds
BTSIZIIPFNVMHF-ONEGZZNKSA-N,2-Penten-1-OL,CC/C=C/CO,IMPHY003844,,https://cb.imsc.res.in/imppat/phytochemical-detailedpage/IMPHY003844,Organic compounds,Organic oxygen compounds,Organooxygen compounds,Alcohols and polyols
QCDWFXQBSFUVSP-UHFFFAOYSA-N,2-Phenoxyethanol,OCCOc1ccccc1,IMPHY016819,CHEMBL1229846,https://cb.imsc.res.in/imppat/phytochemical-detailedpage/IMPHY016819,Organic compounds,Benzenoids,Phenol ethers,
TYZFMFVWHZKYSE-UHFFFAOYSA-N,3-Mercapto-1-hexanol,CCCC(CCO)S,IMPHY016369,,https://cb.imsc.res.in/imppat/phytochemical-detailedpage/IMPHY016369,Organic compounds,Organosulfur compounds,Thiols,Alkylthiols
JUCARGIKESIVLB-UHFFFAOYSA-N,3-Mercaptohexyl acetate,CCCC(CCOC(=O)C)S,IMPHY016370,,https://cb.imsc.res.in/imppat/phytochemical-detailedpage/IMPHY016370,Organic compounds,Organic acids and derivatives,Carboxylic acids and derivatives,Carboxylic acid derivatives
NXTOCVYXABBSGX-UHFFFAOYSA-N,3-Methyl-4-octanone,CCCCC(=O)C(CC)C,IMPHY016380,,https://cb.imsc.res.in/imppat/phytochemical-detailedpage/IMPHY016380,Organic compounds,Organic oxygen compounds,Organooxygen compounds,Carbonyl compounds
LAIUFBWHERIJIH-UHFFFAOYSA-N,3-Methylheptane,CCCCC(CC)C,IMPHY016375,,https://cb.imsc.res.in/imppat/phytochemical-detailedpage/IMPHY016375,Organic compounds,Hydrocarbons,Saturated hydrocarbons,Alkanes
MJYUBUQHKCAJQR-UHFFFAOYSA-N,"4,8-Methanoazulen-9-ol, decahydro-2,2,4,8-tetramethyl-, stereoisomer",OC1C2(C)CCCC1(C)C1C2CC(C1)(C)C,IMPHY011079,,https://cb.imsc.res.in/imppat/phytochemical-detailedpage/IMPHY011079,Organic compounds,Organic oxygen compounds,Organooxygen compounds,Alcohols and polyols
GOUILHYTHSOMQJ-UHFFFAOYSA-N,5-Ethyl-2(5H)-furanone,CCC1OC(=O)C=C1,IMPHY015407,,https://cb.imsc.res.in/imppat/phytochemical-detailedpage/IMPHY015407,Organic compounds,Organoheterocyclic compounds,Dihydrofurans,Furanones
DHKHKXVYLBGOIT-UHFFFAOYSA-N,Acetal,CCOC(OCC)C,IMPHY006009,CHEMBL1338583,https://cb.imsc.res.in/imppat/phytochemical-detailedpage/IMPHY006009,Organic compounds,Organic oxygen compounds,Organooxygen compounds,Ethers
HNZUNIKWNYHEJJ-FMIVXFBMSA-N,Geranylacetone,C/C(=CCCC(=O)C)/CCC=C(C)C,IMPHY001548,,https://cb.imsc.res.in/imppat/phytochemical-detailedpage/IMPHY001548,Organic compounds,Lipids and lipid-like molecules,Prenol lipids,Monoterpenoids
MYLXGCVCCZCOHU-LXTVHRRPSA-N,Gleenol,CC1=C[C@]2(CC1)[C@H](C)CC[C@H]([C@H]2O)C(C)C,IMPHY015704,,https://cb.imsc.res.in/imppat/phytochemical-detailedpage/IMPHY015704,Organic compounds,Lipids and lipid-like molecules,Prenol lipids,Monoterpenoids
MNWFXJYAOYHMED-UHFFFAOYSA-N,Heptanoic acid,CCCCCCC(=O)O,IMPHY007195,CHEMBL320358,https://cb.imsc.res.in/imppat/phytochemical-detailedpage/IMPHY007195,Organic compounds,Lipids and lipid-like molecules,Fatty acyls,Fatty acids and conjugates
GLDOVTGHNKAZLK-UHFFFAOYSA-N,Stearyl alcohol,CCCCCCCCCCCCCCCCCCO,IMPHY006898,CHEMBL24640,https://cb.imsc.res.in/imppat/phytochemical-detailedpage/IMPHY006898,Organic compounds,Lipids and lipid-like molecules,Fatty acyls,Fatty alcohols
IOUUIFSIQMVYKP-UHFFFAOYSA-N,Tetradecyl acetate,CCCCCCCCCCCCCCOC(=O)C,IMPHY012134,CHEMBL2228462,https://cb.imsc.res.in/imppat/phytochemical-detailedpage/IMPHY012134,Organic compounds,Lipids and lipid-like molecules,Fatty acyls,Fatty alcohol esters
GOSWTRUMMSCNCW-HNNGNKQASA-N,Zeatin riboside,OC/C(=C/CNc1ncnc2c1ncn2[C@@H]1O[C@@H]([C@H]([C@H]1O)O)CO)/C,IMPHY003593,,https://cb.imsc.res.in/imppat/phytochemical-detailedpage/IMPHY003593,Organic compounds,"Nucleosides, nucleotides, and analogues",Purine nucleosides,
VYBREYKSZAROCT-UHFFFAOYSA-N,alpha-Myrcene,C=CC(=C)CCCC(=C)C,IMPHY017302,,https://cb.imsc.res.in/imppat/phytochemical-detailedpage/IMPHY017302,Organic compounds,Hydrocarbons,Unsaturated hydrocarbons,Branched unsaturated hydrocarbons
RGACQXBDYBCJCY-ALCCZGGFSA-N,cis-3-Hexenyl hexanoate,CCCCCC(=O)OCC/C=CCC,IMPHY015990,CHEMBL3187552,https://cb.imsc.res.in/imppat/phytochemical-detailedpage/IMPHY015990,Organic compounds,Lipids and lipid-like molecules,Fatty acyls,Fatty acid esters
PUWNTRHCKNHSAT-UHFFFAOYSA-N,gamma-Himachalene,CC1=CC2C(CC1)C(=CCCC2(C)C)C,IMPHY005821,,https://cb.imsc.res.in/imppat/phytochemical-detailedpage/IMPHY005821,Organic compounds,Lipids and lipid-like molecules,Prenol lipids,Sesquiterpenoids
IVSZLXZYQVIEFR-UHFFFAOYSA-N,m-Xylene,Cc1cccc(c1)C,IMPHY006952,CHEMBL286727,https://cb.imsc.res.in/imppat/phytochemical-detailedpage/IMPHY006952,Organic compounds,Benzenoids,Benzene and substituted derivatives,Xylenes
HXSUWRNHJVTUAL-UHFFFAOYSA-N,p-Menth-1(7)-en-9-ol,OCC(C1CCC(=C)CC1)C,IMPHY017492,,https://cb.imsc.res.in/imppat/phytochemical-detailedpage/IMPHY017492,Organic compounds,Lipids and lipid-like molecules,Prenol lipids,Monoterpenoids
ZTYHGIAOVUPAAH-UHFFFAOYSA-N,p-Menth-1-en-9-ol,OCC(C1CCC(=CC1)C)C,IMPHY012262,,https://cb.imsc.res.in/imppat/phytochemical-detailedpage/IMPHY012262,Organic compounds,Lipids and lipid-like molecules,Prenol lipids,Monoterpenoids
DTCCTIQRPGSLPT-ONEGZZNKSA-N,trans-2-Pentenal,CC/C=C/C=O,IMPHY005935,CHEMBL256368,https://cb.imsc.res.in/imppat/phytochemical-detailedpage/IMPHY005935,Organic compounds,Organic oxygen compounds,Organooxygen compounds,Carbonyl compounds
HBTHUBMUAHAWBC-YDHLFZDLSA-N,(-)-Acorenone,O=C1C[C@@]2(CC=C1C)[C@@H](C)CC[C@H]2C(C)C,IMPHY004029,CHEMBL1814555,https://cb.imsc.res.in/imppat/phytochemical-detailedpage/IMPHY004029,Organic compounds,Organic oxygen compounds,Organooxygen compounds,Carbonyl compounds
ZHCPVYWHSOILQL-LWRPEEJLSA-N,"(1R,4Z,8Z)-6,6,9-trimethyl-2-methylidenecycloundeca-4,8-dien-1-ol",C/C/1=C/CC(C)(C)/C=CCC(=C)[C@@H](CC1)O,IMPHY011262,,https://cb.imsc.res.in/imppat/phytochemical-detailedpage/IMPHY011262,Organic compounds,Lipids and lipid-like molecules,Prenol lipids,Sesquiterpenoids
WYXVNCHVXOXVRH-BTLVJFLNSA-N,"(2E,6E)-2,6-dimethyl-8-(oxan-2-yloxy)octa-2,6-dienal",O=C/C(=C/CC/C(=C/COC1CCCCO1)/C)/C,IMPHY016340,,https://cb.imsc.res.in/imppat/phytochemical-detailedpage/IMPHY016340,Organic compounds,Lipids and lipid-like molecules,Prenol lipids,Monoterpenoids
ZGIGZINMAOQWLX-CYRKZOTCSA-N,"(2Z,6Z)-Farnesyl acetate",C/C(=C/CC/C(=CCOC(=O)C)/C)/CCC=C(C)C,IMPHY011778,,https://cb.imsc.res.in/imppat/phytochemical-detailedpage/IMPHY011778,Organic compounds,Lipids and lipid-like molecules,Prenol lipids,Sesquiterpenoids
SYIBJHROSBOWGC-MBXJOHMKSA-N,(3E)-3-Ethylidene-1-cycloheptene,C/C=C/1CCCCC=C1,IMPHY016360,,https://cb.imsc.res.in/imppat/phytochemical-detailedpage/IMPHY016360,Organic compounds,Hydrocarbons,Unsaturated hydrocarbons,Branched unsaturated hydrocarbons
JHEPBQHNVNUAFL-WAYWQWQTSA-N,(3z)-Hexenol,CCCC/C=CO,IMPHY015362,,https://cb.imsc.res.in/imppat/phytochemical-detailedpage/IMPHY015362,Organic compounds,Organic oxygen compounds,Organooxygen compounds,Enols
ZQLAQUUTBNRDBN-UHFFFAOYSA-N,1(7)-Bicyclo(5.3.0)decane,C1CCC2=C(CC1)CCC2,IMPHY017082,,https://cb.imsc.res.in/imppat/phytochemical-detailedpage/IMPHY017082,Organic compounds,Hydrocarbons,Polycyclic hydrocarbons,
UIOXNNAWANDJCZ-UHFFFAOYSA-N,"1,1-Dimethoxypropane",CCC(OC)OC,IMPHY017200,,https://cb.imsc.res.in/imppat/phytochemical-detailedpage/IMPHY017200,Organic compounds,Organic oxygen compounds,Organooxygen compounds,Ethers
FYHNWJNOEQBNGO-UHFFFAOYSA-N,"1,2,3,4,4a,5,6,8a-Octahydro-naphthalene",C1CCC2C(C1)C=CCC2,IMPHY016169,,https://cb.imsc.res.in/imppat/phytochemical-detailedpage/IMPHY016169,Organic compounds,Hydrocarbons,Polycyclic hydrocarbons,
CXWXQJXEFPUFDZ-UHFFFAOYSA-N,"1,2,3,4-Tetrahydronaphthalene",C1CCc2c(C1)cccc2,IMPHY016168,CHEMBL1575635,https://cb.imsc.res.in/imppat/phytochemical-detailedpage/IMPHY016168,Organic compounds,Benzenoids,Tetralins,
OVTOUIPTRRPHCA-UHFFFAOYSA-N,"1,2,4a,5,6,8a-Hexahydronaphthalene",C1=CC2C(CC1)C=CCC2,IMPHY016172,,https://cb.imsc.res.in/imppat/phytochemical-detailedpage/IMPHY016172,Organic compounds,Hydrocarbons,Polycyclic hydrocarbons,
YVCUGZBVCHODNB-UHFFFAOYSA-N,"1,3,3-Trimethyl-2-oxabicyclo[2.2.2]octan-6-ol",OC1CC2CCC1(C)OC2(C)C,IMPHY013982,,https://cb.imsc.res.in/imppat/phytochemical-detailedpage/IMPHY013982,Organic compounds,Organoheterocyclic compounds,Oxanes,
MGNZXYYWBUKAII-UHFFFAOYSA-N,"1,3-Cyclohexadiene",C1CC=CC=C1,IMPHY016175,,https://cb.imsc.res.in/imppat/phytochemical-detailedpage/IMPHY016175,Organic compounds,Hydrocarbons,Unsaturated hydrocarbons,Olefins
ZJIQIJIQBTVTDY-FGEFZZPRSA-N,"1,5,7-Octatrien-3-ol, 3,7-dimethyl-, (3R,5E)-",C=C[C@@](C/C=C/C(=C)C)(O)C,IMPHY006774,,https://cb.imsc.res.in/imppat/phytochemical-detailedpage/IMPHY006774,Organic compounds,Organic oxygen compounds,Organooxygen compounds,Alcohols and polyols
RYOGZVTWMZNTGL-UDRCNDPASA-N,"1,5-Dimethyl-1,5-cyclooctadiene",CC1=CCCC(=CCC1)C,IMPHY016190,,https://cb.imsc.res.in/imppat/phytochemical-detailedpage/IMPHY016190,Organic compounds,Hydrocarbons,Unsaturated hydrocarbons,Branched unsaturated hydrocarbons
KJCVRFUGPWSIIH-UHFFFAOYSA-N,1-Naphthol,Oc1cccc2c1cccc2,IMPHY016147,CHEMBL122617,https://cb.imsc.res.in/imppat/phytochemical-detailedpage/IMPHY016147,Organic compounds,Benzenoids,Naphthalenes,Naphthols and derivatives
UXIDQHJXTXQPNK-ILNZVKDWSA-N,"12-Oxabicyclo[9.1.0]dodeca-3,7-diene",C1C/C=CCC2C(CC/C=C1)O2,IMPHY016996,,https://cb.imsc.res.in/imppat/phytochemical-detailedpage/IMPHY016996,Organic compounds,Organoheterocyclic compounds,Epoxides,
ZVCPCZRXWGOICC-UHFFFAOYSA-N,1H-Benzocycloheptene,C1=CC=C2C(=CC=CC2)C=C1,IMPHY016211,,https://cb.imsc.res.in/imppat/phytochemical-detailedpage/IMPHY016211,Organic compounds,Hydrocarbons,Polycyclic hydrocarbons,
ZITVKGIRQCDOSX-UHFFFAOYSA-N,1H-Cyclopropa[a]naphthalene,c1ccc2c(c1)ccc1c2C1,IMPHY016212,,https://cb.imsc.res.in/imppat/phytochemical-detailedpage/IMPHY016212,Organic compounds,Benzenoids,Naphthalenes,
ZAASYBLGJDURHX-UHFFFAOYSA-N,"2(1H)-Naphthalenone, 4a,5,6,7,8,8a-hexahydro-7alpha-isopropyl-4abeta,8abeta-dimethyl-",O=C1C=CC2(C(C1)(C)CC(CC2)C(C)C)C,IMPHY016348,,https://cb.imsc.res.in/imppat/phytochemical-detailedpage/IMPHY016348,Organic compounds,Lipids and lipid-like molecules,Prenol lipids,Sesquiterpenoids
JOELYYRJYYLNRR-UHFFFAOYSA-N,"2,3,5-Trihydroxybenzoic acid",Oc1cc(O)c(c(c1)C(=O)O)O,IMPHY009656,CHEMBL3544545,https://cb.imsc.res.in/imppat/phytochemical-detailedpage/IMPHY009656,Organic compounds,Benzenoids,Benzene and substituted derivatives,Benzoic acids and derivatives
AQFCDVGUEQOTAC-UHFFFAOYSA-N,"2,5-Diethylphenol",CCc1ccc(c(c1)O)CC,IMPHY016321,,https://cb.imsc.res.in/imppat/phytochemical-detailedpage/IMPHY016321,Organic compounds,Benzenoids,Phenols,1-hydroxy-4-unsubstituted benzenoids
VCLWSWMAOCDYJR-DJWHJZFYSA-N,"2,6,10-Dodecatrien-1-ol",C/C=C/CC/C=C/CC/C=C/CO,IMPHY017180,,https://cb.imsc.res.in/imppat/phytochemical-detailedpage/IMPHY017180,Organic compounds,Lipids and lipid-like molecules,Fatty acyls,Fatty alcohols
BTANRVKWQNVYAZ-UHFFFAOYSA-N,2-Butanol,CCC(O)C,IMPHY007710,CHEMBL45462,https://cb.imsc.res.in/imppat/phytochemical-detailedpage/IMPHY007710,Organic compounds,Organic oxygen compounds,Organooxygen compounds,Alcohols and polyols
POAOYUHQDCAZBD-UHFFFAOYSA-N,2-Butoxyethanol,CCCCOCCO,IMPHY012099,CHEMBL284588,https://cb.imsc.res.in/imppat/phytochemical-detailedpage/IMPHY012099,Organic compounds,Organic oxygen compounds,Organooxygen compounds,Ethers
IBVJWOMJGCHRRW-UHFFFAOYSA-N,2-Carene,CC1=CC2C(CC1)C2(C)C,IMPHY006929,CHEMBL2286984,https://cb.imsc.res.in/imppat/phytochemical-detailedpage/IMPHY006929,Organic compounds,Lipids and lipid-like molecules,Prenol lipids,Monoterpenoids
ZGAISLUCRDPXPK-UITAMQMPSA-N,"2-Decene, 4-methyl-, (Z)-",CCCCCCC(/C=CC)C,IMPHY016225,,https://cb.imsc.res.in/imppat/phytochemical-detailedpage/IMPHY016225,Organic compounds,Hydrocarbons,Unsaturated hydrocarbons,Unsaturated aliphatic hydrocarbons
LVVHLEIGMGTYJL-UHFFFAOYSA-N,2-Methylnon-2-en-4-one,CCCCCC(=O)C=C(C)C,IMPHY016254,,https://cb.imsc.res.in/imppat/phytochemical-detailedpage/IMPHY016254,Organic compounds,Organic oxygen compounds,Organooxygen compounds,Carbonyl compounds
JWUJQDFVADABEY-UHFFFAOYSA-N,2-Methyltetrahydrofuran,CC1CCCO1,IMPHY017709,CHEMBL1580503,https://cb.imsc.res.in/imppat/phytochemical-detailedpage/IMPHY017709,Organic compounds,Organoheterocyclic compounds,Tetrahydrofurans,
WNRBYZQFEBIUGD-UHFFFAOYSA-N,"3,7(11)-Eudesmadiene",CC1=CCCC2(C1CC(=C(C)C)CC2)C,IMPHY009688,,https://cb.imsc.res.in/imppat/phytochemical-detailedpage/IMPHY009688,Organic compounds,Lipids and lipid-like molecules,Prenol lipids,Sesquiterpenoids
VEIYJWQZNGASMA-UHFFFAOYSA-N,3-Cyclohexene-1-methanol,OCC1CCC=CC1,IMPHY015328,CHEMBL3188995,https://cb.imsc.res.in/imppat/phytochemical-detailedpage/IMPHY015328,Organic compounds,Organic oxygen compounds,Organooxygen compounds,Alcohols and polyols
FGLNIYXXYPEICN-FNORWQNLSA-N,"3-Octen-5-yne, 2,7-dimethyl-, (E)-",CC(/C=C/C#CC(C)C)C,IMPHY016392,,https://cb.imsc.res.in/imppat/phytochemical-detailedpage/IMPHY016392,Organic compounds,Hydrocarbons,Unsaturated hydrocarbons,Enynes
PLNRDADPGQMIIQ-UHFFFAOYSA-N,"3-ethylidene-3a-methyl-2,4,5,6,7,7a-hexahydro-1H-indene",CC=C1CCC2C1(C)CCCC2,IMPHY017534,,https://cb.imsc.res.in/imppat/phytochemical-detailedpage/IMPHY017534,Organic compounds,Hydrocarbons,Unsaturated hydrocarbons,Branched unsaturated hydrocarbons
MUXWALMJUFGNDY-UHFFFAOYSA-N,"4,7-Methanoazulene",c1cc2-c(c1)cc1Cc2cc1,IMPHY017050,,https://cb.imsc.res.in/imppat/phytochemical-detailedpage/IMPHY017050,Organic compounds,Hydrocarbons,Aromatic hydrocarbons,
JYPYONFSJRKPQY-UHFFFAOYSA-N,"6,7-Dimethyl-1,2,3,5,8,8a-hexahydronaphthalene",CC1=C(C)CC2C(=CCCC2)C1,IMPHY016477,,https://cb.imsc.res.in/imppat/phytochemical-detailedpage/IMPHY016477,Organic compounds,Hydrocarbons,Unsaturated hydrocarbons,Branched unsaturated hydrocarbons
ABTUXHHGWUMMDY-ZMDWBYSWSA-N,"6,9,12,15-Docosatetraenoic acid, methyl ester",CCCCCC/C=C/C/C=C/C/C=C/C/C=C/CCCCC(=O)OC,IMPHY015428,,https://cb.imsc.res.in/imppat/phytochemical-detailedpage/IMPHY015428,Organic compounds,Lipids and lipid-like molecules,Fatty acyls,Fatty acid esters
RWNJOXUVHRXHSD-UHFFFAOYSA-N,6-Heptenoic acid,C=CCCCCC(=O)O,IMPHY016468,,https://cb.imsc.res.in/imppat/phytochemical-detailedpage/IMPHY016468,Organic compounds,Lipids and lipid-like molecules,Fatty acyls,Fatty acids and conjugates
WQIRCLDVWQIBLO-UHFFFAOYSA-N,6-Methyl-2-(4-methylphenyl)hept-5-en-2-ol,CC(=CCCC(c1ccc(cc1)C)(O)C)C,IMPHY009747,CHEMBL465590,https://cb.imsc.res.in/imppat/phytochemical-detailedpage/IMPHY009747,Organic compounds,Lipids and lipid-like molecules,Prenol lipids,Sesquiterpenoids
OHEFFKYYKJVVOX-UHFFFAOYSA-N,6-Methylhept-5-en-2-ol,CC(CCC=C(C)C)O,IMPHY010086,,https://cb.imsc.res.in/imppat/phytochemical-detailedpage/IMPHY010086,Organic compounds,Lipids and lipid-like molecules,Fatty acyls,Fatty alcohols
UCQHFDKBUHCAFR-ILXRZTDVSA-N,7-Epi-sesquithujene,CC(=CCC[C@H]([C@]12CC=C([C@@H]2C1)C)C)C,IMPHY003947,,https://cb.imsc.res.in/imppat/phytochemical-detailedpage/IMPHY003947,Organic compounds,Lipids and lipid-like molecules,Prenol lipids,Sesquiterpenoids
YOVSPTNQHMDJAG-UHFFFAOYSA-N,7-Isopropenyl-4a-methyl-1-methylenedecahydronaphthalene,C=C1CCCC2(C1CC(CC2)C(=C)C)C,IMPHY012181,,https://cb.imsc.res.in/imppat/phytochemical-detailedpage/IMPHY012181,Organic compounds,Lipids and lipid-like molecules,Prenol lipids,Sesquiterpenoids
LUOZEWPJSYBORW-UHFFFAOYSA-N,7-Methylquinolin-8-ol,Cc1ccc2c(c1O)nccc2,IMPHY017545,,https://cb.imsc.res.in/imppat/phytochemical-detailedpage/IMPHY017545,Organic compounds,Organoheterocyclic compounds,Quinolines and derivatives,8-hydroxyquinolines
GIZDDYRFNKGZNW-UHFFFAOYSA-N,"Acetic acid, 7-hydroxy-1,3,4,5,6,7-hexahydro-2H-naphthalen-4a-ylmethyl ester",CC(=O)OCC12CCCCC2=CC(CC1)O,IMPHY017491,,https://cb.imsc.res.in/imppat/phytochemical-detailedpage/IMPHY017491,Organic compounds,Organic acids and derivatives,Carboxylic acids and derivatives,Carboxylic acid derivatives
DVBSKQAFCDJNSL-QLFBSQMISA-N,Acoradiene,CC1=CC[C@@]2(CC1)[C@H](C)CC[C@H]2C(=C)C,IMPHY015122,,https://cb.imsc.res.in/imppat/phytochemical-detailedpage/IMPHY015122,Organic compounds,Hydrocarbons,Unsaturated hydrocarbons,Branched unsaturated hydrocarbons
ORILYTVJVMAKLC-UHFFFAOYSA-N,Adamantane,C1C2CC3CC1CC(C2)C3,IMPHY012107,CHEMBL1230831,https://cb.imsc.res.in/imppat/phytochemical-detailedpage/IMPHY012107,Organic compounds,Hydrocarbons,Polycyclic hydrocarbons,
FHIYBTOOLROABN-UHFFFAOYSA-N,Amritoside,OCC1OC(OCC2OC(Oc3cc4c(=O)oc5c6c4c(c3O)oc(=O)c6cc(c5O)O)C(C(C2O)O)O)C(C(C1O)O)O,IMPHY009978,,https://cb.imsc.res.in/imppat/phytochemical-detailedpage/IMPHY009978,Organic compounds,Phenylpropanoids and polyketides,Tannins,Hydrolyzable tannins
BOJKULTULYSRAS-OTESTREVSA-N,Andrographolide,OC[C@]1(C)[C@H](O)CC[C@@]2([C@@H]1CCC(=C)[C@H]2C/C=C/1[C@H](O)COC1=O)C,IMPHY004978,CHEMBL186141,https://cb.imsc.res.in/imppat/phytochemical-detailedpage/IMPHY004978,Organic compounds,Organoheterocyclic compounds,Lactones,Gamma butyrolactones
WILLVGWOOMVDNT-UHFFFAOYSA-N,"Aromadendrene, dehydro-",CC1CC=C2C1C1C(C1(C)C)CCC2=C,IMPHY016518,,https://cb.imsc.res.in/imppat/phytochemical-detailedpage/IMPHY016518,Organic compounds,Hydrocarbons,Unsaturated hydrocarbons,Branched unsaturated hydrocarbons
JXSVIVRDWWRQRT-UYDOISQJSA-N,Asiatic acid,OC[C@]1(C)[C@@H](O)[C@H](O)C[C@]2([C@H]1CC[C@@]1([C@@H]2CC=C2[C@@]1(C)CC[C@@]1([C@H]2[C@@H](C)[C@@H](CC1)C)C(=O)O)C)C,IMPHY003657,CHEMBL404313,https://cb.imsc.res.in/imppat/phytochemical-detailedpage/IMPHY003657,Organic compounds,Lipids and lipid-like molecules,Prenol lipids,Triterpenoids
UCQHFDKBUHCAFR-RBSFLKMASA-N,"Bicyclo(3.1.0)hex-2-ene, 5-(1,5-dimethyl-4-hexenyl)-2-methyl-",CC(=CCC[C@H]([C@@]12CC=C([C@H]2C1)C)C)C,IMPHY003945,,https://cb.imsc.res.in/imppat/phytochemical-detailedpage/IMPHY003945,Organic compounds,Lipids and lipid-like molecules,Prenol lipids,Sesquiterpenoids
WPHGSKGZRAQSGP-UHFFFAOYSA-N,Bicyclo[4.1.0]heptane,C1CCC2C(C1)C2,IMPHY017965,,https://cb.imsc.res.in/imppat/phytochemical-detailedpage/IMPHY017965,Organic compounds,Hydrocarbons,Polycyclic hydrocarbons,
FTSINDMZMFBWFS-UHFFFAOYSA-N,"Bicyclo[4.4.0]dec-1-ene, 2-isopropyl-5-methyl-9-methylene-",C=C1CCC2C(=C(CCC2C)C(C)C)C1,IMPHY012637,,https://cb.imsc.res.in/imppat/phytochemical-detailedpage/IMPHY012637,Organic compounds,Lipids and lipid-like molecules,Prenol lipids,Sesquiterpenoids
DTHZPEJKTHPMPF-UPHRSURJSA-N,Bicyclo[7.2.0]undec-4-ene,C1=CCCC2C(CCC1)CC2,IMPHY016534,,https://cb.imsc.res.in/imppat/phytochemical-detailedpage/IMPHY016534,Organic compounds,Hydrocarbons,Polycyclic hydrocarbons,
FQCPIVQMUJDDQN-UHFFFAOYSA-N,CC=Cccc=cccc=cccc=cco,CC=CCCC=CCCC=CCCC=CCO,IMPHY016342,,https://cb.imsc.res.in/imppat/phytochemical-detailedpage/IMPHY016342,Organic compounds,Lipids and lipid-like molecules,Fatty acyls,Fatty alcohols
VMOJIHDTVZTGDO-UHFFFAOYSA-N,Cadalene,Cc1ccc2c(c1)c(ccc2C)C(C)C,IMPHY000070,,https://cb.imsc.res.in/imppat/phytochemical-detailedpage/IMPHY000070,Organic compounds,Lipids and lipid-like molecules,Prenol lipids,Sesquiterpenoids
FUQAYSQLAOJBBC-CXTZMWEQSA-N,Caryolan-8-ol,C[C@]12CCC[C@](C2)(O)C2C(CC1)C(C2)(C)C,IMPHY003640,,https://cb.imsc.res.in/imppat/phytochemical-detailedpage/IMPHY003640,Organic compounds,Organic oxygen compounds,Organooxygen compounds,Alcohols and polyols
DJYWGTBEZVORGE-ROCQPJABSA-N,Cedr-8(15)-en-9-alpha-ol,O[C@H]1CC23CC(C1=C)C(C3CCC2C)(C)C,IMPHY015550,,https://cb.imsc.res.in/imppat/phytochemical-detailedpage/IMPHY015550,Organic compounds,Lipids and lipid-like molecules,Prenol lipids,Sesquiterpenoids
VLXDPFLIRFYIME-UHFFFAOYSA-N,Copaene,CC(C1CCC2(C3C1C2C(=CC3)C)C)C,IMPHY014881,,https://cb.imsc.res.in/imppat/phytochemical-detailedpage/IMPHY014881,Organic compounds,Lipids and lipid-like molecules,Prenol lipids,Sesquiterpenoids
KWFAQPWLROZBAY-UHFFFAOYSA-N,Cubenene,C12C3C4C2=C2C1C3=C42,IMPHY008944,,https://cb.imsc.res.in/imppat/phytochemical-detailedpage/IMPHY008944,Organic compounds,Hydrocarbons,Polycyclic hydrocarbons,
DMEGYFMYUHOHGS-UHFFFAOYSA-N,Cycloheptane,C1CCCCCC1,IMPHY016586,CHEMBL453194,https://cb.imsc.res.in/imppat/phytochemical-detailedpage/IMPHY016586,Organic compounds,Hydrocarbons,Saturated hydrocarbons,Cycloalkanes
HGCIXCUEYOPUTN-UHFFFAOYSA-N,Cyclohexene,C1CCC=CC1,IMPHY012095,CHEMBL16396,https://cb.imsc.res.in/imppat/phytochemical-detailedpage/IMPHY012095,Organic compounds,Hydrocarbons,Unsaturated hydrocarbons,Olefins
VRSGYUIZSVSWIY-UHFFFAOYSA-N,Cycloisolongifolene,CC1(C)CCCC23C41CC(CC24)C3(C)C,IMPHY016597,,https://cb.imsc.res.in/imppat/phytochemical-detailedpage/IMPHY016597,Organic compounds,Lipids and lipid-like molecules,Prenol lipids,Monoterpenoids
SITNPFCTAOJHRR-HTQZYQBOSA-N,"Cyclopentane, 1,2-dimethyl-3-methylene-, trans-",C[C@@H]1CCC(=C)[C@H]1C,IMPHY016600,,https://cb.imsc.res.in/imppat/phytochemical-detailedpage/IMPHY016600,Organic compounds,Hydrocarbons,Unsaturated hydrocarbons,Branched unsaturated hydrocarbons
UNAJREJGSQDJGU-ZRDIBKRKSA-N,Dimethylionone,CCC(=O)/C(=C/C1C(=CCCC1(C)C)C)/C,IMPHY017659,,https://cb.imsc.res.in/imppat/phytochemical-detailedpage/IMPHY017659,Organic compounds,Lipids and lipid-like molecules,Prenol lipids,Sesquiterpenoids
ZSBOMYJPSRFZAL-JLHYYAGUSA-N,Geranyl butyrate,CCCC(=O)OC/C=C(/CCC=C(C)C)C,IMPHY004438,CHEMBL3187344,https://cb.imsc.res.in/imppat/phytochemical-detailedpage/IMPHY004438,Organic compounds,Lipids and lipid-like molecules,Fatty acyls,Fatty alcohol esters
IXORZMNAPKEEDV-OBDJNFEBSA-N,Gibberellic acid,OC(=O)[C@H]1[C@H]2[C@]3([C@H]4[C@]51CC(=C)[C@](C5)(O)CC4)C=C[C@@H]([C@@]2(C)C(=O)O3)O,IMPHY011559,CHEMBL1232952,https://cb.imsc.res.in/imppat/phytochemical-detailedpage/IMPHY011559,Organic compounds,Lipids and lipid-like molecules,Prenol lipids,Diterpenoids
RSQSQJNRHICNNH-NFMPGMCNSA-N,Gibberellin A4,C=C1C[C@@]23C[C@H]1CC[C@H]3[C@@]13[C@H]([C@@H]2C(=O)O)[C@@](C)([C@H](CC1)O)C(=O)O3,IMPHY007843,,https://cb.imsc.res.in/imppat/phytochemical-detailedpage/IMPHY007843,Organic compounds,Lipids and lipid-like molecules,Prenol lipids,Diterpenoids
ZOWHLBOPCIHIHW-LUGKBOQRSA-N,Gibberellin A5,OC(=O)[C@H]1[C@H]2[C@]3([C@H]4[C@]51CC(=C)[C@](C5)(O)CC4)CC=CC2(C)C(=O)O3,IMPHY001320,,https://cb.imsc.res.in/imppat/phytochemical-detailedpage/IMPHY001320,Organic compounds,Lipids and lipid-like molecules,Prenol lipids,Diterpenoids
XNBWKKYPKJHUKD-JXHFLFEZSA-N,Gibberellin A6,OC(=O)[C@H]1[C@H]2[C@]3([C@H]4[C@]51CC(=C)[C@](C5)(O)CC4)C[C@H]1[C@@H](C2(C)C(=O)O3)O1,IMPHY001311,,https://cb.imsc.res.in/imppat/phytochemical-detailedpage/IMPHY001311,Organic compounds,Lipids and lipid-like molecules,Prenol lipids,Diterpenoids
SEEGHKWOBVVBTQ-NFMPGMCNSA-N,Gibberellin A7,OC(=O)[C@H]1[C@H]2[C@]3([C@H]4[C@]51CC(=C)[C@@H](C5)CC4)C=C[C@@H]([C@@]2(C)C(=O)O3)O,IMPHY006739,,https://cb.imsc.res.in/imppat/phytochemical-detailedpage/IMPHY006739,Organic compounds,Lipids and lipid-like molecules,Prenol lipids,Diterpenoids
HHTRBFQBAMTIOP-SWPOCXOTSA-N,Goreishic acid I,O[C@@H]1C[C@@]2(C)[C@H](C([C@H]1O)(C)C)CC[C@@]1([C@@H]2CC=C2[C@@]1(C)CC[C@@]1(C2=C(C)[C@H](C)CC1)C(=O)O)C,IMPHY003079,,https://cb.imsc.res.in/imppat/phytochemical-detailedpage/IMPHY003079,Organic compounds,Lipids and lipid-like molecules,Prenol lipids,Triterpenoids
ADBNLBJPUAZWEK-HWRJJQNZSA-N,Guavacoumaric acid,O=C(/C=Cc1ccc(cc1)O)OC[C@@]1(C)[C@@H](O)[C@H](O)C[C@]2([C@H]1CC[C@@]1([C@@H]2CC=C2[C@@]1(C)CC[C@@]1([C@H]2[C@@H](C)[C@@H](CC1)C)C(=O)O)C)C,IMPHY000430,,https://cb.imsc.res.in/imppat/phytochemical-detailedpage/IMPHY000430,Organic compounds,Lipids and lipid-like molecules,Prenol lipids,Triterpenoids
MJTXEUZBYBMCSL-CYHUXCCFSA-N,Guavanoic acid,CC(=O)O[C@@]1(C)CC[C@]2([C@@H]([C@H]1C)C1=CC[C@H]3[C@@]([C@@]1(CC2)C)(C)CC[C@@H]1[C@]3(C)C[C@@H](O)[C@@H](C1(C)C)O)C(=O)O,IMPHY000429,,https://cb.imsc.res.in/imppat/phytochemical-detailedpage/IMPHY000429,Organic compounds,Lipids and lipid-like molecules,Prenol lipids,Triterpenoids
DOMGXWDOTMOBEH-UHFFFAOYSA-N,Guavin A,OC1Cc2c(O)cc(c(c2OC1c1ccc(c(c1)O)O)C1C2OC(=O)C3=C1C(=O)C(C1(C3c3c(C(=O)OC2C2OC(=O)c4cc(O)c(c(c4-c4c(C(=O)OCC2OC(=O)c2cc(O)c(c(c2)O)O)cc(c(c4O)O)O)O)O)cc(c(c3O1)O)O)O)(O)O)O,IMPHY013533,,https://cb.imsc.res.in/imppat/phytochemical-detailedpage/IMPHY013533,Organic compounds,Phenylpropanoids and polyketides,Tannins,Complex tannins
NCAYOGILTZXFSF-UHFFFAOYSA-N,Guavin D,CC(=O)OC1COC(=O)c2cc(O)c(c(c2-c2c(C(=O)OC1C1OC(=O)c3cc(O)c(c4c3C3C5=C(C(C1OC5=O)c1c(O)cc(c5c1OC(C(C5)O)c1ccc(c(c1)O)O)O)C(=O)C(C3(O4)O)(O)O)O)cc(O)c(c2O)O)O)O,IMPHY013534,,https://cb.imsc.res.in/imppat/phytochemical-detailedpage/IMPHY013534,Organic compounds,Phenylpropanoids and polyketides,Tannins,Complex tannins
MFTSECOLKFLUSD-UHFFFAOYSA-N,Hexahydroxydiphenic acid,OC(=O)c1cc(O)c(c(c1c1c(cc(c(c1O)O)O)C(=O)O)O)O,IMPHY001226,CHEMBL5179584,https://cb.imsc.res.in/imppat/phytochemical-detailedpage/IMPHY001226,Organic compounds,Phenylpropanoids and polyketides,Tannins,Hydrolyzable tannins
MFKDWUVVBCMPAJ-QKVAXZNZSA-N,Ilelatifol D,C[C@@H]1CC[C@@]23[C@@H]([C@H]1C)[C@]1(C=C[C@H]4[C@@]([C@@]1(CC2)C)(C)CC[C@@H]1[C@]4(C)C[C@@H](O)[C@@H](C1(C)C)O)OC3=O,IMPHY001358,,https://cb.imsc.res.in/imppat/phytochemical-detailedpage/IMPHY001358,Organic compounds,Lipids and lipid-like molecules,Prenol lipids,Triterpenoids
GLKQAHXBJLGAFT-UHFFFAOYSA-N,Isoaromadendrene epoxide,CC1CCC2C1C1C(C1(C)C)CC1C2(C)O1,IMPHY015752,,https://cb.imsc.res.in/imppat/phytochemical-detailedpage/IMPHY015752,Organic compounds,Lipids and lipid-like molecules,Prenol lipids,Sesquiterpenoids
HLHIVJRLODSUCI-ADEWGFFLSA-N,Isopulegyl acetate,C[C@@H]1CC[C@H]([C@@H](C1)OC(=O)C)C(=C)C,IMPHY009704,CHEMBL3120645,https://cb.imsc.res.in/imppat/phytochemical-detailedpage/IMPHY009704,Organic compounds,Lipids and lipid-like molecules,Prenol lipids,Monoterpenoids
BWAXOYJGXIEEOE-UHFFFAOYSA-N,Italicene,CC1=CC2C3(CC1)C(C)CCC3C2(C)C,IMPHY014958,,https://cb.imsc.res.in/imppat/phytochemical-detailedpage/IMPHY014958,Organic compounds,Lipids and lipid-like molecules,Prenol lipids,Monoterpenoids
FEVUQLLYZLSRLB-HEIPXHRQSA-N,Jacoumaric acid,O=C(O[C@H]1[C@H](O)C[C@]2(C(C1(C)C)CC[C@@]1(C2CC=C2[C@@]1(C)CC[C@@]1([C@H]2[C@@H](C)[C@H](C)CC1)C(=O)O)C)C)/C=C/c1ccc(cc1)O,IMPHY001897,,https://cb.imsc.res.in/imppat/phytochemical-detailedpage/IMPHY001897,Organic compounds,Lipids and lipid-like molecules,Prenol lipids,Triterpenoids
WCEIQUQVIOGRBF-UHFFFAOYSA-N,Longicyclene,CC1(C)CCCC2(C3C1C1C(C21C)C3)C,IMPHY005974,,https://cb.imsc.res.in/imppat/phytochemical-detailedpage/IMPHY005974,Organic compounds,Lipids and lipid-like molecules,Prenol lipids,Sesquiterpenoids
PRNJXUQTUSFYLV-NTCAYCPXSA-N,Nerolidyl acetate,C=CC(OC(=O)C)(CC/C=C(/CCC=C(C)C)C)C,IMPHY011357,,https://cb.imsc.res.in/imppat/phytochemical-detailedpage/IMPHY011357,Organic compounds,Lipids and lipid-like molecules,Prenol lipids,Sesquiterpenoids
WXTWDABXJFQNRI-UHFFFAOYSA-N,Obtusinin,COc1cc2ccc(=O)oc2cc1OCC(C(O)(C)C)O,IMPHY003266,CHEMBL1574904,https://cb.imsc.res.in/imppat/phytochemical-detailedpage/IMPHY003266,Organic compounds,Phenylpropanoids and polyketides,Coumarins and derivatives,
WFNDDSQUKATKNX-UHFFFAOYSA-N,Phenethyl butyrate,CCCC(=O)OCCc1ccccc1,IMPHY017732,CHEMBL3187974,https://cb.imsc.res.in/imppat/phytochemical-detailedpage/IMPHY017732,Organic compounds,Lipids and lipid-like molecules,Fatty acyls,Fatty acid esters
SRHDLIDOZXPROB-UHFFFAOYSA-N,Rosifoliol,CC1CCCC2(C1=CC(CC2)C(O)(C)C)C,IMPHY009200,,https://cb.imsc.res.in/imppat/phytochemical-detailedpage/IMPHY009200,Organic compounds,Lipids and lipid-like molecules,Prenol lipids,Sesquiterpenoids
PBWRFXQNNGSAQG-UHFFFAOYSA-N,Sabinyl acetate,CC(=O)OC1CC2(C(C1=C)C2)C(C)C,IMPHY015063,,https://cb.imsc.res.in/imppat/phytochemical-detailedpage/IMPHY015063,Organic compounds,Lipids and lipid-like molecules,Prenol lipids,Monoterpenoids
ZQGDEJAPCUGBRH-UHFFFAOYSA-N,Santolina triene,C=CC(C(=C)C)C=C(C)C,IMPHY004669,,https://cb.imsc.res.in/imppat/phytochemical-detailedpage/IMPHY004669,Organic compounds,Hydrocarbons,Unsaturated hydrocarbons,Branched unsaturated hydrocarbons
FYIJLTSMNXUNLT-CXQFPWCTSA-N,Strictinin,O[C@H]1[C@@H](O[C@H]2[C@H]([C@@H]1O)OC(=O)c1cc(O)c(c(c1-c1c(C(=O)OC2)cc(c(c1O)O)O)O)O)OC(=O)c1cc(O)c(c(c1)O)O,IMPHY006999,CHEMBL504212,https://cb.imsc.res.in/imppat/phytochemical-detailedpage/IMPHY006999,Organic compounds,Phenylpropanoids and polyketides,Tannins,Hydrolyzable tannins
RUNWDIHBXBYUGE-UHFFFAOYSA-N,"Tetracosa-2,6,10,14,18,22-hexaene",CC=CCCC=CCCC=CCCC=CCCC=CCCC=CC,IMPHY016343,,https://cb.imsc.res.in/imppat/phytochemical-detailedpage/IMPHY016343,Organic compounds,Hydrocarbons,Unsaturated hydrocarbons,Unsaturated aliphatic hydrocarbons
DFBIFSIVSFAGEV-UHFFFAOYSA-N,"Tetracyclo[6.3.2.0(2,5).0(1,8)]tridecan-9-ol, 4,4-dimethyl-",OC1CCC23C1(CCC1C3CC1(C)C)CC2,IMPHY012630,,https://cb.imsc.res.in/imppat/phytochemical-detailedpage/IMPHY012630,Organic compounds,Organic oxygen compounds,Organooxygen compounds,Alcohols and polyols
WYURNTSHIVDZCO-UHFFFAOYSA-N,Tetrahydrofuran,C1CCCO1,IMPHY012090,CHEMBL276521,https://cb.imsc.res.in/imppat/phytochemical-detailedpage/IMPHY012090,Organic compounds,Organoheterocyclic compounds,Tetrahydrofurans,
FUQAYSQLAOJBBC-PAPYEOQZSA-N,"Tricyclo(6.3.1.02,5)dodecan-1-ol, 4,4,8-trimethyl-, (1R,2S,5R,8S)-",C[C@]12CCC[C@](C2)(O)[C@@H]2[C@@H](CC1)C(C2)(C)C,IMPHY004022,CHEMBL3120650,https://cb.imsc.res.in/imppat/phytochemical-detailedpage/IMPHY004022,Organic compounds,Organic oxygen compounds,Organooxygen compounds,Alcohols and polyols
IYNRVIKPUTZSOR-HWKANZROSA-N,Vinyl crotonate,C=COC(=O)/C=C/C,IMPHY016874,,https://cb.imsc.res.in/imppat/phytochemical-detailedpage/IMPHY016874,Organic compounds,Lipids and lipid-like molecules,Fatty acyls,Fatty acid esters
KKYRQKLPCNUOOY-FNORWQNLSA-N,Z-3-Hexadecen-7-yne,CCCCCCCCC#CCC/C=C/CC,IMPHY016876,,https://cb.imsc.res.in/imppat/phytochemical-detailedpage/IMPHY016876,Organic compounds,Hydrocarbons,Unsaturated hydrocarbons,Enynes
MMQXBTULXAEKQE-WEXMTHPVSA-N,"[(10R,11R)-10-[(15S,19R)-2,3,4,7,8,9,19-heptahydroxy-12,17-dioxo-13,16-dioxatetracyclo[13.3.1.05,18.06,11]nonadeca-1,3,5(18),6,8,10-hexaen-14-yl]-3,4,5,17,18,19-hexahydroxy-8,14-dioxo-9,13-dioxatricyc",O=C(c1cc(O)c(c(c1)O)O)O[C@@H]1COC(=O)c2cc(O)c(c(c2-c2c(C(=O)O[C@H]1C1OC(=O)c3cc(O)c(c(c3-c3c4C(=O)O[C@H]1[C@H](O)c4c(O)c(c3O)O)O)O)cc(O)c(c2O)O)O)O,IMPHY011403,,https://cb.imsc.res.in/imppat/phytochemical-detailedpage/IMPHY011403,Organic compounds,Phenylpropanoids and polyketides,Tannins,Hydrolyzable tannins
XPGWKKLDFXNBPJ-GNSINPLFSA-N,allo-Aromadendrene epoxide,CC1CCC2C1[C@@H]1[C@@H](C1(C)C)CCC12OC1,IMPHY012915,,https://cb.imsc.res.in/imppat/phytochemical-detailedpage/IMPHY012915,Organic compounds,Lipids and lipid-like molecules,Prenol lipids,Sesquiterpenoids
PDEQKAVEYSOLJX-RQGDDBKYSA-N,alpha-Santalol,OC/C(=CCC[C@]1(C)C2C[C@@H]3C1(C)[C@@H]3C2)/C,IMPHY004049,CHEMBL512210,https://cb.imsc.res.in/imppat/phytochemical-detailedpage/IMPHY004049,Organic compounds,Lipids and lipid-like molecules,Prenol lipids,Sesquiterpenoids
ZHMYLLJMCGLTQY-UEWDXFNNSA-N,beta-Acorenol,C=C1CCC2(CC1)[C@@H](C)CCC2C(O)(C)C,IMPHY012916,,https://cb.imsc.res.in/imppat/phytochemical-detailedpage/IMPHY012916,Organic compounds,Organic oxygen compounds,Organooxygen compounds,Alcohols and polyols
URVNHQCLMBMWIW-UHFFFAOYSA-N,beta-Terpinyl acetate,CC(=O)OC1(C)CCC(CC1)C(=C)C,IMPHY017802,,https://cb.imsc.res.in/imppat/phytochemical-detailedpage/IMPHY017802,Organic compounds,Lipids and lipid-like molecules,Prenol lipids,Monoterpenoids
HBVOEGGRCJCMLG-WLRTZDKTSA-N,cis-Lanceol,OC/C(=C/CCC(=C)C1CCC(=CC1)C)/C,IMPHY006660,,https://cb.imsc.res.in/imppat/phytochemical-detailedpage/IMPHY006660,Organic compounds,Lipids and lipid-like molecules,Prenol lipids,Sesquiterpenoids
PNVTXOFNJFHXOK-VHSXEESVSA-N,"cis-p-Mentha-1(7),8-dien-2-ol",CC(=C)[C@H]1CCC(=C)[C@@H](C1)O,IMPHY003675,CHEMBL507840,https://cb.imsc.res.in/imppat/phytochemical-detailedpage/IMPHY003675,Organic compounds,Lipids and lipid-like molecules,Prenol lipids,Monoterpenoids
PNVTXOFNJFHXOK-ZJUUUORDSA-N,"trans-1(7),8-p-Menthadien-2-ol",CC(=C)[C@@H]1CCC(=C)[C@H](C1)O,IMPHY003685,,https://cb.imsc.res.in/imppat/phytochemical-detailedpage/IMPHY003685,Organic compounds,Lipids and lipid-like molecules,Prenol lipids,Monoterpenoids
PQQIABJSQBQEFM-USOYLUNWSA-N,Methyl arjunolate,COC(=O)[C@@]12CCC(C[C@H]2C2=CC[C@H]3[C@@]([C@@]2(CC1)C)(C)CC[C@@H]1[C@]3(C)C[C@H]([C@@H]([C@@]1(C)CO)O)O)(C)C,IMPHY006856,CHEMBL5283040,https://cb.imsc.res.in/imppat/phytochemical-detailedpage/IMPHY006856,Organic compounds,Lipids and lipid-like molecules,Prenol lipids,Triterpenoids
JLJLRLWOEMWYQK-OBDJNFEBSA-N,Gibberellin A1,OC(=O)[C@H]1[C@H]2[C@]3([C@H]4[C@]51CC(=C)[C@](C5)(O)CC4)CC[C@@H]([C@@]2(C)C(=O)O3)O,IMPHY004629,,https://cb.imsc.res.in/imppat/phytochemical-detailedpage/IMPHY004629,Organic compounds,Lipids and lipid-like molecules,Prenol lipids,Diterpenoids
SWRFKGRMQVLMKA-JIZJWZDPSA-N,Casuarictin,O=C(c1cc(O)c(c(c1)O)O)O[C@@H]1O[C@@H]2COC(=O)c3cc(O)c(c(c3-c3c(C(=O)O[C@H]2[C@H]2[C@H]1OC(=O)c1cc(O)c(c(c1-c1c(C(=O)O2)cc(c(c1O)O)O)O)O)cc(O)c(c3O)O)O)O,IMPHY003927,CHEMBL446979,https://cb.imsc.res.in/imppat/phytochemical-detailedpage/IMPHY003927,Organic compounds,Phenylpropanoids and polyketides,Tannins,Hydrolyzable tannins
CHBITXAMNKHJCR-JNUHSSLSSA-N,Casuariin,O[C@@H]1COC(=O)c2cc(O)c(c(c2-c2c(C(=O)O[C@H]1[C@@H]1OC(=O)c3cc(O)c(c(c3-c3c4C(=O)O[C@H]1[C@H](O)c4c(O)c(c3O)O)O)O)cc(O)c(c2O)O)O)O,IMPHY002671,CHEMBL509562,https://cb.imsc.res.in/imppat/phytochemical-detailedpage/IMPHY002671,Organic compounds,Phenylpropanoids and polyketides,Tannins,Hydrolyzable tannins
MBPYHNAWMKVREM-BDYNXYCRSA-N,Isostrictinin,OC[C@H]1O[C@@H](OC(=O)c2cc(O)c(c(c2)O)O)[C@H]2[C@H]([C@@H]1O)OC(=O)c1cc(O)c(c(c1-c1c(C(=O)O2)cc(O)c(c1O)O)O)O,IMPHY004322,,https://cb.imsc.res.in/imppat/phytochemical-detailedpage/IMPHY004322,Organic compounds,Phenylpropanoids and polyketides,Tannins,Hydrolyzable tannins
IYMHVUYNBVWXKH-ZITZVVOASA-N,Pedunculagin,OC1O[C@@H]2COC(=O)c3cc(O)c(c(c3-c3c(C(=O)O[C@H]2[C@H]2[C@H]1OC(=O)c1cc(O)c(c(c1-c1c(C(=O)O2)cc(c(c1O)O)O)O)O)cc(O)c(c3O)O)O)O,IMPHY004827,CHEMBL506204,https://cb.imsc.res.in/imppat/phytochemical-detailedpage/IMPHY004827,Organic compounds,Phenylpropanoids and polyketides,Tannins,Hydrolyzable tannins
MMQXBTULXAEKQE-FEMRLJFXSA-N,"[(10R,11R)-10-[(15S,19S)-2,3,4,7,8,9,19-heptahydroxy-12,17-dioxo-13,16-dioxatetracyclo[13.3.1.05,18.06,11]nonadeca-1,3,5(18),6,8,10-hexaen-14-yl]-3,4,5,17,18,19-hexahydroxy-8,14-dioxo-9,13-dioxatricyc",O=C(c1cc(O)c(c(c1)O)O)O[C@@H]1COC(=O)c2cc(O)c(c(c2-c2c(C(=O)O[C@H]1C1OC(=O)c3cc(O)c(c(c3-c3c4C(=O)O[C@H]1[C@@H](O)c4c(O)c(c3O)O)O)O)cc(O)c(c2O)O)O)O,IMPHY010319,,https://cb.imsc.res.in/imppat/phytochemical-detailedpage/IMPHY010319,Organic compounds,Phenylpropanoids and polyketides,Tannins,Hydrolyzable tannins
SOEACRLLVZHBKW-DJWKRKHSSA-N,"6-[(1Z)-prop-1-en-1-yl]-2,3,4,5-tetrahydropyridine",C/C=CC1=NCCCC1,IMPHY005827,,https://cb.imsc.res.in/imppat/phytochemical-detailedpage/IMPHY005827,Organic compounds,Organoheterocyclic compounds,Pyridines and derivatives,Hydropyridines
RHWSKVCZXBAWLZ-OCAPTIKFSA-N,"9-Azabicyclo(3.3.1)nonan-3-one, 9-methyl-",O=C1C[C@@H]2CCC[C@H](C1)N2C,IMPHY000274,CHEMBL1329064,https://cb.imsc.res.in/imppat/phytochemical-detailedpage/IMPHY000274,Organic compounds,Organoheterocyclic compounds,Piperidines,Piperidinones
JIYPUEZSSJAXBO-UHFFFAOYSA-N,9-Azabicyclo[3.3.1]nonan-3-one,O=C1CC2CCCC(C1)N2,IMPHY006851,,https://cb.imsc.res.in/imppat/phytochemical-detailedpage/IMPHY006851,Organic compounds,Organoheterocyclic compounds,Piperidines,Piperidinones
HTZWHTQVHWHSHN-UHFFFAOYSA-N,9-Methyl-9-azabicyclo[3.3.1]nonan-3-amine,NC1CC2CCCC(C1)N2C,IMPHY002824,,https://cb.imsc.res.in/imppat/phytochemical-detailedpage/IMPHY002824,Organic compounds,Organoheterocyclic compounds,Piperidines,Aminopiperidines
TYHJMEIBGDDCPA-UHFFFAOYSA-N,Methylisopelletierine,CC(=O)CC1CCCCN1C,IMPHY006983,,https://cb.imsc.res.in/imppat/phytochemical-detailedpage/IMPHY006983,Organic compounds,Organoheterocyclic compounds,Piperidines,
JEIZLWNUBXHADF-UHFFFAOYSA-N,Pelletierine,CC(=O)CC1CCCCN1,IMPHY007448,CHEMBL2448876,https://cb.imsc.res.in/imppat/phytochemical-detailedpage/IMPHY007448,Organic compounds,Organoheterocyclic compounds,Piperidines,
OWBTYPJTUOEWEK-UHFFFAOYSA-N,"2,3-Butanediol",CC(C(O)C)O,IMPHY002926,CHEMBL2312529,https://cb.imsc.res.in/imppat/phytochemical-detailedpage/IMPHY002926,Organic compounds,Organic oxygen compounds,Organooxygen compounds,Alcohols and polyols
IGJQUJNPMOYEJY-UHFFFAOYSA-N,2-Acetylpyrrole,CC(=O)c1ccc[nH]1,IMPHY001688,CHEMBL1414126,https://cb.imsc.res.in/imppat/phytochemical-detailedpage/IMPHY001688,Organic compounds,Organic oxygen compounds,Organooxygen compounds,Carbonyl compounds
WLPYSOCRPHTIDZ-UHFFFAOYSA-N,2-Pentyn-1-ol,CCC#CCO,IMPHY017762,,https://cb.imsc.res.in/imppat/phytochemical-detailedpage/IMPHY017762,Organic compounds,Organic oxygen compounds,Organooxygen compounds,Alcohols and polyols
PCWGTDULNUVNBN-UHFFFAOYSA-N,4-Methyl-1-pentanol,OCCCC(C)C,IMPHY002063,CHEMBL2260955,https://cb.imsc.res.in/imppat/phytochemical-detailedpage/IMPHY002063,Organic compounds,Organic oxygen compounds,Organooxygen compounds,Alcohols and polyols
DGZBGCMPRYFWFF-UHFFFAOYSA-N,Bergamotene,CC(=CCCC1(C)C2CCC(=C)C1C2)C,IMPHY014830,,https://cb.imsc.res.in/imppat/phytochemical-detailedpage/IMPHY014830,Organic compounds,Lipids and lipid-like molecules,Prenol lipids,Monoterpenoids
PHXATPHONSXBIL-UHFFFAOYSA-N,Gamma-undecalactone,CCCCCCCC1CCC(=O)O1,IMPHY017735,CHEMBL195827,https://cb.imsc.res.in/imppat/phytochemical-detailedpage/IMPHY017735,Organic compounds,Organoheterocyclic compounds,Lactones,Gamma butyrolactones
FFNTWLBZRJZJEJ-PYGBXMOSSA-N,Granatin B,O=C(c1cc(O)c(c(c1)O)O)O[C@@H]1O[C@@H]2COC(=O)c3cc(O)c(c(c3-c3c(C(=O)O[C@@H]4[C@H]1OC(=O)C1=CC(=O)C(C5(C1c1c(C(=O)O[C@H]24)cc(c(c1O5)O)O)O)(O)O)cc(O)c(c3O)O)O)O,IMPHY006724,,https://cb.imsc.res.in/imppat/phytochemical-detailedpage/IMPHY006724,Organic compounds,Phenylpropanoids and polyketides,Tannins,Hydrolyzable tannins
ZJVUMAFASBFUBG-JQIYSYFTSA-N,Punicalagin,OC1O[C@H]2COC(=O)c3cc(O)c(c(c3-c3c(O)c(O)c4c5c3c(=O)oc3c(c(c(-c6c(C(=O)O[C@H]2[C@H]2[C@H]1OC(=O)c1cc(O)c(c(c1-c1c(C(=O)O2)cc(c(c1O)O)O)O)O)cc(O)c(c6O)O)c(c(=O)o4)c53)O)O)O)O,IMPHY006904,,https://cb.imsc.res.in/imppat/phytochemical-detailedpage/IMPHY006904,Organic compounds,Phenylpropanoids and polyketides,Tannins,Hydrolyzable tannins
IQHIEHIKNWLKFB-GEIWXXOPSA-N,Punicalin,OC1O[C@H]2COC(=O)c3cc(O)c(c(c3-c3c(O)c(O)c4c5c3c(=O)oc3c(c(c(-c6c(C(=O)O[C@H]2[C@@H]([C@H]1O)O)cc(O)c(c6O)O)c(c(=O)o4)c53)O)O)O)O,IMPHY006864,,https://cb.imsc.res.in/imppat/phytochemical-detailedpage/IMPHY006864,Organic compounds,Phenylpropanoids and polyketides,Tannins,Hydrolyzable tannins
JFJWMFPFMLRLMI-UHFFFAOYSA-N,Brevifolincarboxylic acid,OC(=O)C1CC(=O)c2c1c1c(O)c(O)c(cc1c(=O)o2)O,IMPHY007469,CHEMBL5278759,https://cb.imsc.res.in/imppat/phytochemical-detailedpage/IMPHY007469,Organic compounds,Phenylpropanoids and polyketides,Isocoumarins and derivatives,
GSZXURISMHFXFN-UHFFFAOYSA-N,Granatin A,OC1C2OC(=O)c3cc(O)c(c4c3C3C(=CC(=O)C(C3(O4)O)(O)O)C(=O)OC1C1OC2COC(=O)c2cc(O)c(c(c2-c2c(C(=O)O1)cc(O)c(c2O)O)O)O)O,IMPHY000509,,https://cb.imsc.res.in/imppat/phytochemical-detailedpage/IMPHY000509,Organic compounds,Phenylpropanoids and polyketides,Tannins,Hydrolyzable tannins
DPBVYZVSXAZMAY-UUUCSUBKSA-N,Punicafolin,O=C(c1cc(O)c(c(c1)O)O)O[C@@H]1O[C@@H]2COC(=O)c3cc(O)c(c(c3-c3c(C(=O)O[C@H]([C@H]1OC(=O)c1cc(O)c(c(c1)O)O)[C@@H]2OC(=O)c1cc(O)c(c(c1)O)O)cc(O)c(c3O)O)O)O,IMPHY004350,CHEMBL507308,https://cb.imsc.res.in/imppat/phytochemical-detailedpage/IMPHY004350,Organic compounds,Phenylpropanoids and polyketides,Tannins,Hydrolyzable tannins
FBUBVLUPUDBFME-UHFFFAOYSA-N,Xanthoxylin,COc1cc(OC)cc(c1C(=O)C)O,IMPHY008971,CHEMBL450288,https://cb.imsc.res.in/imppat/phytochemical-detailedpage/IMPHY008971,Organic compounds,Organic oxygen compounds,Organooxygen compounds,Carbonyl compounds
KCQFLGUEZXYOER-IPKUFKRGSA-N,"[(5R)-4,5-dihydroxy-3-(3,4,5-trihydroxybenzoyl)oxy-4-[(3,4,5-trihydroxybenzoyl)oxymethyl]oxolan-2-yl]methyl 3,4,5-trihydroxybenzoate",O=C(c1cc(O)c(c(c1)O)O)OC1C(COC(=O)c2cc(O)c(c(c2)O)O)O[C@H](C1(O)COC(=O)c1cc(O)c(c(c1)O)O)O,IMPHY012332,,https://cb.imsc.res.in/imppat/phytochemical-detailedpage/IMPHY012332,Organic compounds,Benzenoids,Benzene and substituted derivatives,Benzoic acids and derivatives
JPFCOVZKLAXXOE-XBNSMERZSA-N,Proanthocyanidin,COc1c(O)cc(cc1O)C1Oc2c(C[C@H]1O)c(O)cc(c2[C@@H]1[C@@H](O)[C@H](Oc2c1c(O)cc(c2)O)c1ccc(cc1)O)O,IMPHY000622,,https://cb.imsc.res.in/imppat/phytochemical-detailedpage/IMPHY000622,Organic compounds,Phenylpropanoids and polyketides,Flavonoids,Biflavonoids and polyflavonoids
YTMNONATNXDQJF-UHFFFAOYSA-N,Cyanidin 3-glucoside,OCC1OC(Oc2cc3c(O)cc(cc3[o+]c2c2ccc(c(c2)O)O)O)C(C(C1O)O)O.[Cl-],IMPHY014890,,https://cb.imsc.res.in/imppat/phytochemical-detailedpage/IMPHY014890,Organic compounds,Phenylpropanoids and polyketides,Flavonoids,Flavonoid glycosides
DNXHEGUUPJUMQT-CBZIJGRNSA-N,Estrone,Oc1ccc2c(c1)CC[C@@H]1[C@@H]2CC[C@]2([C@H]1CCC2=O)C,IMPHY012051,CHEMBL1405,https://cb.imsc.res.in/imppat/phytochemical-detailedpage/IMPHY012051,Organic compounds,Lipids and lipid-like molecules,Steroids and steroid derivatives,Estrane steroids
CKDDRHZIAZRDBW-UHFFFAOYSA-N,Heneicosanoic acid,CCCCCCCCCCCCCCCCCCCCC(=O)O,IMPHY005085,CHEMBL1172909,https://cb.imsc.res.in/imppat/phytochemical-detailedpage/IMPHY005085,Organic compounds,Lipids and lipid-like molecules,Fatty acyls,Fatty acids and conjugates
ZJWIIMLSNZOCBP-BTTVDUMLSA-N,Myrtillin,OC[C@H]1O[C@@H](Oc2cc3c(O)cc(cc3[o+]c2c2cc(O)c(c(c2)O)O)O)[C@@H]([C@H]([C@@H]1O)O)O.[Cl-],IMPHY005386,,https://cb.imsc.res.in/imppat/phytochemical-detailedpage/IMPHY005386,Organic compounds,Phenylpropanoids and polyketides,Flavonoids,Flavonoid glycosides
ISYWECDDZWTKFF-UHFFFAOYSA-N,Nonadecanoic acid,CCCCCCCCCCCCCCCCCCC(=O)O,IMPHY008595,CHEMBL1169674,https://cb.imsc.res.in/imppat/phytochemical-detailedpage/IMPHY008595,Organic compounds,Lipids and lipid-like molecules,Fatty acyls,Fatty acids and conjugates
CUXYLFPMQMFGPL-BGDVVUGTSA-N,Punicic acid,CCCC/C=CC=CC=C/CCCCCCCC(=O)O,IMPHY015031,CHEMBL5205249,https://cb.imsc.res.in/imppat/phytochemical-detailedpage/IMPHY015031,Organic compounds,Lipids and lipid-like molecules,Fatty acyls,Lineolic acids and derivatives
XEZVDURJDFGERA-UHFFFAOYSA-N,Tricosanoic acid,CCCCCCCCCCCCCCCCCCCCCCC(=O)O,IMPHY005391,CHEMBL1173462,https://cb.imsc.res.in/imppat/phytochemical-detailedpage/IMPHY005391,Organic compounds,Lipids and lipid-like molecules,Fatty acyls,Fatty acids and conjugates
ZQMDJECDLYTUCE-LCENJUANSA-N,delphinidin 3-O-beta-D-glucoside-5-O-beta-D-glucoside betaine,OC[C@H]1O[C@@H](Oc2cc(=O)cc3-c2cc(O[C@@H]2O[C@H](CO)[C@H]([C@@H]([C@H]2O)O)O)c(o3)c2cc(O)c(c(c2)O)O)[C@@H]([C@H]([C@@H]1O)O)O,IMPHY002910,,https://cb.imsc.res.in/imppat/phytochemical-detailedpage/IMPHY002910,Organic compounds,Phenylpropanoids and polyketides,Flavonoids,Flavonoid glycosides
PZBGHZIQCYOWLL-GJOOHKEJSA-N,Rubiatriol,O[C@@H]1C[C@@H]2[C@](C3=CC[C@@]4([C@]([C@@H]13)(C)CC[C@]1([C@H]4[C@H](O)C[C@@H]1C(C)C)C)C)(C)CC[C@@H](C2(C)C)O,IMPHY009172,,https://cb.imsc.res.in/imppat/phytochemical-detailedpage/IMPHY009172,Organic compounds,Lipids and lipid-like molecules,Prenol lipids,Triterpenoids
JKJVBHYKKRDSPP-UHFFFAOYSA-N,"1,3,6-Trihydroxy-2-methylanthracene-9,10-dione",Oc1ccc2c(c1)C(=O)c1c(C2=O)c(O)c(c(c1)O)C,IMPHY004482,CHEMBL251491,https://cb.imsc.res.in/imppat/phytochemical-detailedpage/IMPHY004482,Organic compounds,Benzenoids,Anthracenes,Anthraquinones
MYMGMMVFIFXMSB-TUABHHCTSA-N,"1,3,6-trihydroxy-2-methyl-9,10-anthraquinone-3-O-(6'-O-acetyl)-alpha-L-rhamnopyranosyl-(1->2)-beta-D-glucopyranoside",CC(=O)OC[C@H]1O[C@@H](Oc2cc3C(=O)c4cc(O)ccc4C(=O)c3c(c2C)O)[C@@H]([C@H]([C@@H]1O)O)O[C@@H]1O[C@@H](C)[C@@H]([C@H]([C@H]1O)O)O,IMPHY016904,,https://cb.imsc.res.in/imppat/phytochemical-detailedpage/IMPHY016904,Organic compounds,Benzenoids,Anthracenes,Anthraquinones
AMASNOYUTARFHX-UHFFFAOYSA-N,"1,3-Dimethoxy-2-carboxy-anthraquinone",COc1cc2C(=O)c3ccccc3C(=O)c2c(c1C(=O)O)OC,IMPHY016903,,https://cb.imsc.res.in/imppat/phytochemical-detailedpage/IMPHY016903,Organic compounds,Benzenoids,Anthracenes,Anthracenecarboxylic acids and derivatives
JXHLSZPLSSDYCF-UHFFFAOYSA-N,"1,4-Dihydroxy-2-methylanthraquinone",Oc1c(C)cc(c2c1C(=O)c1ccccc1C2=O)O,IMPHY007348,,https://cb.imsc.res.in/imppat/phytochemical-detailedpage/IMPHY007348,Organic compounds,Benzenoids,Anthracenes,Anthraquinones
YTYGCAMPADDVCW-UHFFFAOYSA-N,"1,4-Dihydroxy-5-methoxy-2-methylanthracene-9,10-dione",COc1cccc2c1C(=O)c1c(C2=O)c(O)c(cc1O)C,IMPHY014250,,https://cb.imsc.res.in/imppat/phytochemical-detailedpage/IMPHY014250,Organic compounds,Benzenoids,Anthracenes,Anthraquinones
AJCZWDJTCCZJJT-UHFFFAOYSA-N,"1,5-Dihydroxy-2-methylanthracene-9,10-dione",Oc1c(C)ccc2c1C(=O)c1c(C2=O)c(O)ccc1,IMPHY003386,,https://cb.imsc.res.in/imppat/phytochemical-detailedpage/IMPHY003386,Organic compounds,Benzenoids,Anthracenes,Anthraquinones
VVXSWOYLOUBWNW-UHFFFAOYSA-N,1-Hydroxy-2-carboxy-3-methoxyanthraquinone,COc1cc2C(=O)c3ccccc3C(=O)c2c(c1C(=O)O)O,IMPHY010044,,https://cb.imsc.res.in/imppat/phytochemical-detailedpage/IMPHY010044,Organic compounds,Benzenoids,Anthracenes,Anthracenecarboxylic acids and derivatives
BYQWRZGQEZAOPQ-UHFFFAOYSA-N,1-Hydroxy-2-methoxyanthraquinone,COc1ccc2c(c1O)C(=O)c1c(C2=O)cccc1,IMPHY006985,CHEMBL451977,https://cb.imsc.res.in/imppat/phytochemical-detailedpage/IMPHY006985,Organic compounds,Benzenoids,Anthracenes,Anthraquinones
CZODYZFOLUNSFR-UHFFFAOYSA-N,1-Hydroxy-2-methylanthraquinone,O=C1c2ccccc2C(=O)c2c1ccc(c2O)C,IMPHY011544,CHEMBL42302,https://cb.imsc.res.in/imppat/phytochemical-detailedpage/IMPHY011544,Organic compounds,Benzenoids,Anthracenes,Anthraquinones
OBAYLECORSQIQW-UHFFFAOYSA-N,"2-(Methoxymethyl)-1,3-dihydroxyanthraquinone",COCc1c(O)cc2c(c1O)C(=O)c1c(C2=O)cccc1,IMPHY013874,CHEMBL485454,https://cb.imsc.res.in/imppat/phytochemical-detailedpage/IMPHY013874,Organic compounds,Benzenoids,Anthracenes,Anthraquinones
RGCKGOZRHPZPFP-UHFFFAOYSA-N,Alizarin,O=C1c2ccccc2C(=O)c2c1ccc(c2O)O,IMPHY008180,CHEMBL55814,https://cb.imsc.res.in/imppat/phytochemical-detailedpage/IMPHY008180,Organic compounds,Benzenoids,Anthracenes,Anthraquinones
RZVHIXYEVGDQDX-UHFFFAOYSA-N,Anthraquinone,O=C1c2ccccc2C(=O)c2c1cccc2,IMPHY007192,CHEMBL55659,https://cb.imsc.res.in/imppat/phytochemical-detailedpage/IMPHY007192,Organic compounds,Benzenoids,Anthracenes,Anthraquinones
OWFHAMHRUCUSRM-UHFFFAOYSA-N,Dehydro-alpha-lapachone,O=C1C2=C(C=CC(O2)(C)C)C(=O)c2c1cccc2,IMPHY006054,CHEMBL272253,https://cb.imsc.res.in/imppat/phytochemical-detailedpage/IMPHY006054,Organic compounds,Organoheterocyclic compounds,Naphthopyrans,Naphthopyranones
AKPYYGWMASCNAF-UHFFFAOYSA-N,Dihydromollugin,COC(=O)c1c2CCC(Oc2c2c(c1O)cccc2)(C)C,IMPHY000612,CHEMBL459117,https://cb.imsc.res.in/imppat/phytochemical-detailedpage/IMPHY000612,Organic compounds,Organoheterocyclic compounds,Naphthopyrans,
AFMYCYWCHKTNNE-UHFFFAOYSA-N,Furomollugin,COC(=O)c1c(O)c2ccccc2c2c1cco2,IMPHY001250,CHEMBL464791,https://cb.imsc.res.in/imppat/phytochemical-detailedpage/IMPHY001250,Organic compounds,Organoheterocyclic compounds,Naphthofurans,
AMIDUPFSOUCLQB-UHFFFAOYSA-N,Lucidin,OCc1c(O)cc2c(c1O)C(=O)c1c(C2=O)cccc1,IMPHY002465,,https://cb.imsc.res.in/imppat/phytochemical-detailedpage/IMPHY002465,Organic compounds,Benzenoids,Anthracenes,Anthraquinones
VRARPPQMEQUQET-UHFFFAOYSA-N,Lucidin ethyl ether,CCOCc1c(O)cc2c(c1O)C(=O)c1c(C2=O)cccc1,IMPHY003108,,https://cb.imsc.res.in/imppat/phytochemical-detailedpage/IMPHY003108,Organic compounds,Benzenoids,Anthracenes,Anthraquinones
NVKNRXOMCYTFJF-WFLOGZPDSA-N,Lucidinprimeveroside,OCc1c(O[C@@H]2O[C@H](CO[C@@H]3OC[C@H]([C@@H]([C@H]3O)O)O)[C@H]([C@@H]([C@H]2O)O)O)cc2c(c1O)C(=O)c1c(C2=O)cccc1,IMPHY001718,CHEMBL521217,https://cb.imsc.res.in/imppat/phytochemical-detailedpage/IMPHY001718,Organic compounds,Benzenoids,Anthracenes,Anthraquinones
VLGATXOTCNBWIT-UHFFFAOYSA-N,Mollugin,COC(=O)c1c2C=CC(Oc2c2c(c1O)cccc2)(C)C,IMPHY009502,CHEMBL446008,https://cb.imsc.res.in/imppat/phytochemical-detailedpage/IMPHY009502,Organic compounds,Organoheterocyclic compounds,Naphthopyrans,
PLDISGVCDWLKQC-UHFFFAOYSA-N,Munjistin,O=C1c2ccccc2C(=O)c2c1c(O)c(c(c2)O)C(=O)O,IMPHY001478,,https://cb.imsc.res.in/imppat/phytochemical-detailedpage/IMPHY001478,Organic compounds,Benzenoids,Anthracenes,Anthracenecarboxylic acids and derivatives
NSGZEHPFOUCUHD-UHFFFAOYSA-N,Nordamnacanthal,O=Cc1c(O)cc2c(c1O)C(=O)c1c(C2=O)cccc1,IMPHY001728,CHEMBL2297225,https://cb.imsc.res.in/imppat/phytochemical-detailedpage/IMPHY001728,Organic compounds,Benzenoids,Anthracenes,Anthraquinones
RIXNFYQZWDGQAE-JMGFFJFSSA-N,Oleanolic acid acetate,CC(=O)O[C@@H]1CC[C@]2(C(C1(C)C)CC[C@@]1(C2CC=C2[C@@]1(C)CC[C@@]1(C2CC(C)(C)CC1)C(=O)O)C)C,IMPHY015030,,https://cb.imsc.res.in/imppat/phytochemical-detailedpage/IMPHY015030,Organic compounds,Lipids and lipid-like molecules,Prenol lipids,Triterpenoids
FFWOKTFYGVYKIR-UHFFFAOYSA-N,Physcion,COc1cc(O)c2c(c1)C(=O)c1c(C2=O)c(O)cc(c1)C,IMPHY012117,CHEMBL42624,https://cb.imsc.res.in/imppat/phytochemical-detailedpage/IMPHY012117,Organic compounds,Benzenoids,Anthracenes,Anthraquinones
BBNQQADTFFCFGB-UHFFFAOYSA-N,Purpurin,Oc1c(O)cc(c2c1C(=O)c1ccccc1C2=O)O,IMPHY007258,CHEMBL294264,https://cb.imsc.res.in/imppat/phytochemical-detailedpage/IMPHY007258,Organic compounds,Benzenoids,Anthracenes,Anthraquinones
GCGGSVAWTYHZBI-CVQRFVFPSA-N,Ruberythric acid,O[C@H]1[C@@H](O[C@@H]([C@H]([C@@H]1O)O)CO[C@@H]1OC[C@H]([C@@H]([C@H]1O)O)O)Oc1ccc2c(c1O)C(=O)c1c(C2=O)cccc1,IMPHY007831,,https://cb.imsc.res.in/imppat/phytochemical-detailedpage/IMPHY007831,Organic compounds,Benzenoids,Anthracenes,Anthraquinones
IRZTUXPRIUZXMP-UHFFFAOYSA-N,Rubiadin,O=C1c2ccccc2C(=O)c2c1c(O)c(c(c2)O)C,IMPHY009340,CHEMBL251251,https://cb.imsc.res.in/imppat/phytochemical-detailedpage/IMPHY009340,Organic compounds,Benzenoids,Anthracenes,Anthraquinones
DYHKKGMKQBRCCG-UHFFFAOYSA-N,Rubilactone,COC(=O)c1c(O)c2ccccc2c2c1ccc(=O)o2,IMPHY009636,CHEMBL502634,https://cb.imsc.res.in/imppat/phytochemical-detailedpage/IMPHY009636,Organic compounds,Organoheterocyclic compounds,Naphthopyrans,
XKMQEXKAMXHKQU-JPYDJGNCSA-N,Rubioncolin B,COC(=O)c1c(O)c2ccccc2c2c1[C@@H]1Oc3c4ccccc4c(c(c3[C@@H]3[C@@]1(O2)C(C)(C)OC3=O)C(=O)OC)O,IMPHY009195,,https://cb.imsc.res.in/imppat/phytochemical-detailedpage/IMPHY009195,Organic compounds,Lipids and lipid-like molecules,Steroids and steroid derivatives,Steroid lactones
KHSRLAHIQUDPFJ-VWPWYMCRSA-N,Rubiprasin A,CC(=O)O[C@H]1CC[C@]2([C@H](C1(C)C)CC[C@@]1([C@@H]2CC(=O)[C@]2([C@@]1(C)[C@@H](O)C[C@@]1([C@H]2CC(C)(C)CC1)C)O)C)C,IMPHY013313,,https://cb.imsc.res.in/imppat/phytochemical-detailedpage/IMPHY013313,Organic compounds,Lipids and lipid-like molecules,Prenol lipids,Triterpenoids
GWMSDMQWKMSCJR-WWPUQACTSA-N,Rubiprasin B,CC(=O)O[C@H]1CC[C@]2([C@H](C1(C)C)CC[C@@]1([C@@H]2CC(=O)[C@]2([C@@]1(C)CC[C@@]1([C@H]2CC(C)(C)CC1)C)O)C)C,IMPHY013312,,https://cb.imsc.res.in/imppat/phytochemical-detailedpage/IMPHY013312,Organic compounds,Lipids and lipid-like molecules,Prenol lipids,Triterpenoids
WPWWKBNOXTZDQJ-UHFFFAOYSA-N,Xanthopurpurin,Oc1cc(O)c2c(c1)C(=O)c1c(C2=O)cccc1,IMPHY005759,CHEMBL372711,https://cb.imsc.res.in/imppat/phytochemical-detailedpage/IMPHY005759,Organic compounds,Benzenoids,Anthracenes,Anthraquinones
JTXWJQOIXGIONJ-MXBKMJCMSA-N,rubiarbonol A,OC[C@]12CC[C@@]3([C@]([C@H]2[C@@H](C[C@H]1C(C)C)O)(C)CC=C1[C@H]3[C@@H](O)C[C@@H]2[C@]1(C)CC[C@@H](C2(C)C)O)C,IMPHY013076,CHEMBL467405,https://cb.imsc.res.in/imppat/phytochemical-detailedpage/IMPHY013076,Organic compounds,Lipids and lipid-like molecules,Prenol lipids,Triterpenoids
UBLKZBSRTSLNTC-RRHGHHQTSA-N,"(1R,2R,4aS,6aR,6aS,6bR,8aR,10S,12aR,14bS)-10-hydroxy-2-(hydroxymethyl)-1,6a,6b,9,9,12a-hexamethyl-2,3,4,5,6,6a,7,8,8a,10,11,12,13,14b-tetradecahydro-1H-picene-4a-carboxylic acid",OC[C@@H]1CC[C@]2([C@@H]([C@H]1C)C1=CC[C@H]3[C@@]([C@@]1(CC2)C)(C)CC[C@@H]1[C@]3(C)CC[C@@H](C1(C)C)O)C(=O)O,IMPHY007614,,https://cb.imsc.res.in/imppat/phytochemical-detailedpage/IMPHY007614,Organic compounds,Lipids and lipid-like molecules,Prenol lipids,Triterpenoids
WENIKWFUTBDGAV-BFDBMYDBSA-N,"(1R,2R,4aS,6aR,6aS,6bR,8aR,10S,12aR,14bS)-2-(hydroxymethyl)-10-[(E)-3-(4-hydroxyphenyl)prop-2-enoyl]oxy-1,6a,6b,9,9,12a-hexamethyl-2,3,4,5,6,6a,7,8,8a,10,11,12,13,14b-tetradecahydro-1H-picene-4a-carbo",OC[C@@H]1CC[C@]2([C@@H]([C@H]1C)C1=CC[C@H]3[C@@]([C@@]1(CC2)C)(C)CC[C@@H]1[C@]3(C)CC[C@@H](C1(C)C)OC(=O)/C=C/c1ccc(cc1)O)C(=O)O,IMPHY005650,,https://cb.imsc.res.in/imppat/phytochemical-detailedpage/IMPHY005650,Organic compounds,Lipids and lipid-like molecules,Prenol lipids,Triterpenoids
JJFLSBOGTGPZMM-UHFFFAOYSA-N,"1,4-Dihydroxy-2-carboethoxyanthraquinone",COC(=O)c1ccc2c(c1)C(=O)c1c(C2=O)cccc1,IMPHY000604,,https://cb.imsc.res.in/imppat/phytochemical-detailedpage/IMPHY000604,Organic compounds,Benzenoids,Anthracenes,Anthracenecarboxylic acids and derivatives
LPUCQUKLBVSNAF-UJXPUUNTSA-N,"1-Hydroxy-2-(beta-D-glucosyloxy)-9,10-anthraquinone",OC[C@H]1O[C@@H](Oc2ccc3c(c2O)C(=O)c2c(C3=O)cccc2)[C@@H]([C@H]([C@@H]1O)O)O,IMPHY002056,CHEMBL1086418,https://cb.imsc.res.in/imppat/phytochemical-detailedpage/IMPHY002056,Organic compounds,Benzenoids,Anthracenes,Anthraquinones
NVVVVKLKMLQLMW-UHFFFAOYSA-N,"3-Hydroxy-1-methoxy-2-(methoxymethyl)anthracene-9,10-dione",COCc1c(O)cc2c(c1OC)C(=O)c1c(C2=O)cccc1,IMPHY004478,CHEMBL3956907,https://cb.imsc.res.in/imppat/phytochemical-detailedpage/IMPHY004478,Organic compounds,Benzenoids,Anthracenes,Anthraquinones
VXOJXCBBJWLAPR-QNUDGYJQSA-N,Primeveroside,O[C@H]1[C@H](O)[C@@H](CO[C@@H]2OC[C@H]([C@@H]([C@H]2O)O)O)O[C@H]([C@@H]1O)O[C@@H](c1ccccc1)C,IMPHY005181,,https://cb.imsc.res.in/imppat/phytochemical-detailedpage/IMPHY005181,Organic compounds,Organic oxygen compounds,Organooxygen compounds,Carbohydrates and carbohydrate conjugates
OOKBSCGBRWBGFL-UHFFFAOYSA-N,Pseudopurpurin,O=C1c2ccccc2C(=O)c2c1c(O)c(c(c2O)O)C(=O)O,IMPHY004838,,https://cb.imsc.res.in/imppat/phytochemical-detailedpage/IMPHY004838,Organic compounds,Benzenoids,Anthracenes,Anthracenecarboxylic acids and derivatives
WTHXGIAKMIQVNJ-YFKYUTKVSA-N,Rubianin,OC[C@H]1OC([C@@H]([C@H]([C@@H]1O)O)O)c1c(O)cc2c(c1O)C(=O)c1c(C2=O)cccc1,IMPHY007303,,https://cb.imsc.res.in/imppat/phytochemical-detailedpage/IMPHY007303,Organic compounds,Benzenoids,Anthracenes,Anthraquinones
QFHNVRXMVIWOFO-UHFFFAOYSA-N,10-Hydroxy-16-hentriacontanone,CCCCCCCCCCCCCCCC(=O)CCCCCC(CCCCCCCCC)O,IMPHY005736,,https://cb.imsc.res.in/imppat/phytochemical-detailedpage/IMPHY005736,Organic compounds,Lipids and lipid-like molecules,Fatty acyls,Fatty alcohols
VENIIVIRETXKSV-BQYQJAHWSA-N,Ximenynic acid,CCCCCC/C=C/C#CCCCCCCCC(=O)O,IMPHY004905,CHEMBL1967321,https://cb.imsc.res.in/imppat/phytochemical-detailedpage/IMPHY004905,Organic compounds,Lipids and lipid-like molecules,Fatty acyls,Fatty acids and conjugates
PMMYEEVYMWASQN-IMJSIDKUSA-N,cis-4-Hydroxy-L-proline,O[C@@H]1CN[C@@H](C1)C(=O)O,IMPHY003456,CHEMBL1233477,https://cb.imsc.res.in/imppat/phytochemical-detailedpage/IMPHY003456,Organic compounds,Organic acids and derivatives,Carboxylic acids and derivatives,"Amino acids, peptides, and analogues"
HBVOEGGRCJCMLG-DTHCKZEYSA-N,"(2E)-2-methyl-6-[(1S)-4-methylcyclohex-3-en-1-yl]hepta-2,6-dien-1-ol",OC/C(=C/CCC(=C)[C@H]1CCC(=CC1)C)/C,IMPHY016005,CHEMBL443875,https://cb.imsc.res.in/imppat/phytochemical-detailedpage/IMPHY016005,Organic compounds,Lipids and lipid-like molecules,Prenol lipids,Sesquiterpenoids
ZHWZEHFYKZGQFR-MECSIWFOSA-N,"(R,Z)-2-Methyl-6-(4-methylcyclohexa-1,4-dien-1-yl)hept-2-en-1-ol",C[C@@H](C1=CCC(=CC1)C)CC/C=C(CO)/C,IMPHY017816,,https://cb.imsc.res.in/imppat/phytochemical-detailedpage/IMPHY017816,Organic compounds,Lipids and lipid-like molecules,Prenol lipids,Sesquiterpenoids
YQJDEISISMGJAB-ACAGNQJTSA-N,(Z)-gamma-Curcumen-12-ol,CC(C1=CC=C(CC1)C)CC/C=C(CO)/C,IMPHY017836,,https://cb.imsc.res.in/imppat/phytochemical-detailedpage/IMPHY017836,Organic compounds,Lipids and lipid-like molecules,Prenol lipids,Sesquiterpenoids
AWXTUFPUJSQYGO-OAHLLOKOSA-N,Bisabolenol,OCC1=CC[C@H](CC1)C(=C)CCC=C(C)C,IMPHY016538,,https://cb.imsc.res.in/imppat/phytochemical-detailedpage/IMPHY016538,Organic compounds,Lipids and lipid-like molecules,Prenol lipids,Sesquiterpenoids
ANUDPTAIJBXSOG-UHFFFAOYSA-N,Bisabolenol D,CC(C(CCC(C1C=CC(C=C1)C)C)O)C,IMPHY016938,,https://cb.imsc.res.in/imppat/phytochemical-detailedpage/IMPHY016938,Organic compounds,Lipids and lipid-like molecules,Prenol lipids,Sesquiterpenoids
FUCSWNUANQRDFQ-WZUFQYTHSA-N,"Campherene-2,13-diol",OC/C(=CCCC1(C)C2CCC1(C)C(C2)O)/C,IMPHY016553,,https://cb.imsc.res.in/imppat/phytochemical-detailedpage/IMPHY016553,Organic compounds,Lipids and lipid-like molecules,Prenol lipids,Sesquiterpenoids
JGINTSAQGRHGMG-WZUFQYTHSA-N,alpha-Bergamotenol,OC/C(=CCCC1(C)C2CC=C(C1C2)C)/C,IMPHY011356,,https://cb.imsc.res.in/imppat/phytochemical-detailedpage/IMPHY011356,Organic compounds,Lipids and lipid-like molecules,Prenol lipids,Monoterpenoids
BPKXTDIRERUUAY-UHFFFAOYSA-N,alpha-Santaldiol,OCC(=CCCC1(C)C2CC3C1(C)C3C2)CO,IMPHY016886,CHEMBL459111,https://cb.imsc.res.in/imppat/phytochemical-detailedpage/IMPHY016886,Organic compounds,Lipids and lipid-like molecules,Prenol lipids,Sesquiterpenoids
GDUPVLWBFYDTHE-RRFJBIMHSA-N,beta-Santaldiol,OCC(=CCC[C@@]1(C)[C@@H]2CC[C@H](C1=C)C2)CO,IMPHY016892,CHEMBL455859,https://cb.imsc.res.in/imppat/phytochemical-detailedpage/IMPHY016892,Organic compounds,Lipids and lipid-like molecules,Prenol lipids,Sesquiterpenoids
JXZQZARENYGJMK-CQSZACIVSA-N,(-)-beta-Curcumene,CC(=CCC[C@H](C1=CCC(=CC1)C)C)C,IMPHY002533,,https://cb.imsc.res.in/imppat/phytochemical-detailedpage/IMPHY002533,Organic compounds,Lipids and lipid-like molecules,Prenol lipids,Sesquiterpenoids
OJYKYCDSGQGTRJ-WZUFQYTHSA-N,"(2R,6S,7S,10Z)-beta-Santala-3(15),10-dien-12-ol",OC/C(=CCCC1(C)C2CCC(C1=C)C2)/C,IMPHY012013,,https://cb.imsc.res.in/imppat/phytochemical-detailedpage/IMPHY012013,Organic compounds,Lipids and lipid-like molecules,Prenol lipids,Sesquiterpenoids
QTUUQMSYZBNFDW-BLJQVZHCSA-N,"(2S,3R,4R,5S,6S)-2-(hydroxymethyl)-6-(((2S,3R,4R,5S,6R)-3,4,5-trihydroxy-6-(((4aR,8aS)-4-isopropyl-1,7-dimethyl-1,2,3,4,4a,5,8,8a-octahydronaphthalen-1-yl)oxy)tetrahydro-2H-pyran-2-yl)methoxy)tetrahyd",OC[C@@H]1O[C@H](OC[C@@H]2O[C@H](OC3(C)CCC([C@@H]4[C@@H]3CC(=CC4)C)C(C)C)[C@H]([C@@H]([C@H]2O)O)O)[C@H]([C@@H]([C@H]1O)O)O,IMPHY007378,,https://cb.imsc.res.in/imppat/phytochemical-detailedpage/IMPHY007378,Organic compounds,Organic oxygen compounds,Organooxygen compounds,Carbohydrates and carbohydrate conjugates
OJYKYCDSGQGTRJ-VZUCSPMQSA-N,(E)-2-methyl-5-(2-methyl-3-methylidene-2-bicyclo[2.2.1]heptanyl)pent-2-en-1-ol,OC/C(=C/CCC1(C)C2CCC(C1=C)C2)/C,IMPHY003172,,https://cb.imsc.res.in/imppat/phytochemical-detailedpage/IMPHY003172,Organic compounds,Lipids and lipid-like molecules,Prenol lipids,Sesquiterpenoids
NZSCHTYUGUVLHG-WEVVVXLNSA-N,"(E)-5-((1R,3R,6S)-2,3-Dimethyltricyclo[2.2.1.02,6]heptan-3-yl)-2-methylpent-2-enoic acid",OC(=O)/C(=C/CCC1(C)C2CC3C1(C)C3C2)/C,IMPHY001656,CHEMBL1469634,https://cb.imsc.res.in/imppat/phytochemical-detailedpage/IMPHY001656,Organic compounds,Lipids and lipid-like molecules,Prenol lipids,Sesquiterpenoids
FXCIQPDJVYFUQG-UUSOHVMFSA-N,"(S,Z)-2-Methyl-6-(p-tolyl)hept-2-en-1-ol",OC/C(=CCC[C@@H](c1ccc(cc1)C)C)/C,IMPHY011209,,https://cb.imsc.res.in/imppat/phytochemical-detailedpage/IMPHY011209,Organic compounds,Lipids and lipid-like molecules,Prenol lipids,Sesquiterpenoids
XJPBRODHZKDRCB-CSKARUKUSA-N,"3,7-Dimethylocta-1,3,7-triene",C=C/C(=C/CCC(=C)C)/C,IMPHY004414,,https://cb.imsc.res.in/imppat/phytochemical-detailedpage/IMPHY004414,Organic compounds,Lipids and lipid-like molecules,Prenol lipids,Monoterpenoids
VJYFMQREUJXCQV-UHFFFAOYSA-N,3-(4-Methylcyclohex-3-en-1-yl)butanal,O=CCC(C1CCC(=CC1)C)C,IMPHY016719,,https://cb.imsc.res.in/imppat/phytochemical-detailedpage/IMPHY016719,Organic compounds,Lipids and lipid-like molecules,Prenol lipids,Monoterpenoids
YGHRJJRRZDOVPD-UHFFFAOYSA-N,3-Methylbutanal,O=CCC(C)C,IMPHY001854,CHEMBL18360,https://cb.imsc.res.in/imppat/phytochemical-detailedpage/IMPHY001854,Organic compounds,Organic oxygen compounds,Organooxygen compounds,Carbonyl compounds
PGBNIHXXFQBCPU-QLFBSQMISA-N,Epi-beta-Santalene,CC(=CCC[C@@]1(C)[C@H]2CC[C@@H](C1=C)C2)C,IMPHY011669,,https://cb.imsc.res.in/imppat/phytochemical-detailedpage/IMPHY011669,Organic compounds,Lipids and lipid-like molecules,Prenol lipids,Sesquiterpenoids
DQFZAJLLIXCPGQ-HBNTYKKESA-N,Exo-norbicycloekasantalal,O=CC[C@@]1(C)[C@@H]2CC[C@H](C1=C)C2,IMPHY002346,,https://cb.imsc.res.in/imppat/phytochemical-detailedpage/IMPHY002346,Organic compounds,Lipids and lipid-like molecules,Prenol lipids,Monoterpenoids
BBAMLNIPVMLTSQ-VNHYZAJKSA-N,Himachalol,CC1=C[C@H]2[C@@H](CC1)[C@](C)(O)CCCC2(C)C,IMPHY002103,,https://cb.imsc.res.in/imppat/phytochemical-detailedpage/IMPHY002103,Organic compounds,Lipids and lipid-like molecules,Prenol lipids,Sesquiterpenoids
LDSSHHGVKDZTIX-UHFFFAOYSA-N,Norecasantalic acid,OC(=O)CC1(C)C2CC3C1(C)C3C2,IMPHY014524,,https://cb.imsc.res.in/imppat/phytochemical-detailedpage/IMPHY014524,Organic compounds,Lipids and lipid-like molecules,Prenol lipids,Monoterpenoids
LSIXBBPOJBJQHN-UHFFFAOYSA-N,Santene,CC1=C(C)C2CC1CC2,IMPHY000571,,https://cb.imsc.res.in/imppat/phytochemical-detailedpage/IMPHY000571,Organic compounds,Hydrocarbons,Unsaturated hydrocarbons,Branched unsaturated hydrocarbons
BDRPBIDNZZQJOI-UHFFFAOYSA-N,Santenone,O=C1CC2C(C1(C)CC2)C,IMPHY008853,,https://cb.imsc.res.in/imppat/phytochemical-detailedpage/IMPHY008853,Organic compounds,Lipids and lipid-like molecules,Prenol lipids,Monoterpenoids
XVULBTBTFGYVRC-HHUCQEJWSA-N,Sclareol,C=C[C@@](CC[C@H]1[C@](C)(O)CC[C@@H]2[C@]1(C)CCCC2(C)C)(O)C,IMPHY005400,CHEMBL294740,https://cb.imsc.res.in/imppat/phytochemical-detailedpage/IMPHY005400,Organic compounds,Lipids and lipid-like molecules,Prenol lipids,Diterpenoids
ZWUWJJHLJNLVDD-UHFFFAOYSA-N,Teresantalol,OCC1(C)C2CC3C1(C)C3C2,IMPHY005814,,https://cb.imsc.res.in/imppat/phytochemical-detailedpage/IMPHY005814,Organic compounds,Lipids and lipid-like molecules,Prenol lipids,Monoterpenoids
QHDPITNBVDSMQH-UHFFFAOYSA-N,alpha-Teresantalic acid,OC(=O)C1(C)C2CC3C1(C)C3C2,IMPHY004466,,https://cb.imsc.res.in/imppat/phytochemical-detailedpage/IMPHY004466,Organic compounds,Lipids and lipid-like molecules,Prenol lipids,Monoterpenoids
CTORLPNPQPAKGI-VLKQAIDCSA-N,alpha-trans-Bergamotenol,CC1=CC[C@H]2C[C@@H]1[C@]2(C)CC/C=C(C(=O)O)/C,IMPHY014552,,https://cb.imsc.res.in/imppat/phytochemical-detailedpage/IMPHY014552,Organic compounds,Lipids and lipid-like molecules,Prenol lipids,Monoterpenoids
DQOVXHMHLOWECL-UHFFFAOYSA-N,beta-Longipinene,C=C1CCC2C3C1C2(C)CCCC3(C)C,IMPHY009737,,https://cb.imsc.res.in/imppat/phytochemical-detailedpage/IMPHY009737,Organic compounds,Lipids and lipid-like molecules,Prenol lipids,Monoterpenoids
YKWVCZPTAAKDIY-XQLPTFJDSA-N,beta-Oplopenone,CC([C@@H]1CCC(=C)[C@H]2[C@H]1[C@H](CC2)C(=O)C)C,IMPHY009742,,https://cb.imsc.res.in/imppat/phytochemical-detailedpage/IMPHY009742,Organic compounds,Lipids and lipid-like molecules,Prenol lipids,Sesquiterpenoids
OJYKYCDSGQGTRJ-GQYWAMEOSA-N,beta-SANTALOL,OC/C(=CCC[C@]1(C)[C@H]2CC[C@@H](C1=C)C2)/C,IMPHY011752,CHEMBL3586094,https://cb.imsc.res.in/imppat/phytochemical-detailedpage/IMPHY011752,Organic compounds,Lipids and lipid-like molecules,Prenol lipids,Sesquiterpenoids
PMCPDNGTLRPFQQ-YHYXMXQVSA-N,beta-Santalic acid,OC(=O)/C(=CCCC1(C)C2CCC(C1=C)C2)/C,IMPHY009705,,https://cb.imsc.res.in/imppat/phytochemical-detailedpage/IMPHY009705,Organic compounds,Lipids and lipid-like molecules,Prenol lipids,Sesquiterpenoids
SCWPFSIZUZUCCE-UHFFFAOYSA-N,beta-Terpinene,C=C1CCC(=CC1)C(C)C,IMPHY007267,,https://cb.imsc.res.in/imppat/phytochemical-detailedpage/IMPHY007267,Organic compounds,Lipids and lipid-like molecules,Prenol lipids,Monoterpenoids
WYGLLWYGQRUNLF-XZCMGSLHSA-N,germacrene C,C/C/1=CCC/C(=C/C=C(CC1)/C(C)C)/C,IMPHY002920,,https://cb.imsc.res.in/imppat/phytochemical-detailedpage/IMPHY002920,Organic compounds,Lipids and lipid-like molecules,Prenol lipids,Sesquiterpenoids
VCOCESNMLNDPLX-KCOKAVLFSA-N,trans-Isolongifolanone,O=C1CCC([C@]23C1C(C)(C)[C@@H](C3)CC2)(C)C,IMPHY009699,,https://cb.imsc.res.in/imppat/phytochemical-detailedpage/IMPHY009699,Organic compounds,Lipids and lipid-like molecules,Prenol lipids,Monoterpenoids
WVVSZNPYNCNODU-XTQGRXLLSA-N,Ergometrine,OC[C@@H](NC(=O)[C@H]1CN(C)[C@H]2C(=C1)c1cccc3c1c(C2)c[nH]3)C,IMPHY011751,CHEMBL119443,https://cb.imsc.res.in/imppat/phytochemical-detailedpage/IMPHY011751,Organic compounds,Alkaloids and derivatives,Ergoline and derivatives,Lysergic acids and derivatives
XFZJEEAOWLFHDH-NFJBMHMQSA-N,Procyanidin B2,Oc1cc(O)c2c(c1)O[C@@H]([C@@H]([C@H]2c1c(O)cc(c2c1O[C@@H]([C@@H](C2)O)c1ccc(c(c1)O)O)O)O)c1ccc(c(c1)O)O,IMPHY011577,CHEMBL38714,https://cb.imsc.res.in/imppat/phytochemical-detailedpage/IMPHY011577,Organic compounds,Phenylpropanoids and polyketides,Flavonoids,Biflavonoids and polyflavonoids
KZJWDPNRJALLNS-BWRKXDIJSA-N,Stigmast-5-en-3-ol,CC[C@@H](C(C)C)CC[C@H]([C@H]1CC[C@@H]2[C@]1(C)CC[C@H]1[C@H]2CC=C2[C@]1(C)CCC(C2)O)C,IMPHY014757,,https://cb.imsc.res.in/imppat/phytochemical-detailedpage/IMPHY014757,Organic compounds,Lipids and lipid-like molecules,Steroids and steroid derivatives,Stigmastanes and derivatives
JPUKWEQWGBDDQB-QSOFNFLRSA-M,Kaempferol 3-O-beta-D-glucoside,OC[C@H]1O[C@@H](Oc2c(oc3c(c2=O)c([O-])cc(c3)O)c2ccc(cc2)O)[C@@H]([C@H]([C@@H]1O)O)O,IMPHY004221,,https://cb.imsc.res.in/imppat/phytochemical-detailedpage/IMPHY004221,Organic compounds,Phenylpropanoids and polyketides,Flavonoids,Flavonoid glycosides
DIRROHKULXIUCB-DHJOXOLYSA-N,"Pelargonidin 3,5-diglucoside",OC[C@H]1O[C@@H](Oc2cc(O)cc3c2cc(O[C@@H]2O[C@H](CO)[C@H]([C@@H]([C@H]2O)O)O)c([o+]3)c2ccc(cc2)O)[C@@H]([C@H]([C@@H]1O)O)O.[Cl-],IMPHY012395,,https://cb.imsc.res.in/imppat/phytochemical-detailedpage/IMPHY012395,Organic compounds,Phenylpropanoids and polyketides,Flavonoids,Flavonoid glycosides
JMIFIYIEXODVTO-UHFFFAOYSA-N,Patuletin,COc1c(O)cc2c(c1O)c(=O)c(c(o2)c1ccc(c(c1)O)O)O,IMPHY005643,CHEMBL465155,https://cb.imsc.res.in/imppat/phytochemical-detailedpage/IMPHY005643,Organic compounds,Phenylpropanoids and polyketides,Flavonoids,Flavones
XWIDINOKCRFVHQ-UHFFFAOYSA-N,Spinacetin,COc1cc(ccc1O)c1oc2cc(O)c(c(c2c(=O)c1O)O)OC,IMPHY004311,,https://cb.imsc.res.in/imppat/phytochemical-detailedpage/IMPHY004311,Organic compounds,Phenylpropanoids and polyketides,Flavonoids,Flavones
OSRWKMOFHSWRRX-WEVVVXLNSA-N,(E)-3-methyl-2-nonen-4-one,CCCCCC(=O)/C(=C/C)/C,IMPHY017927,,https://cb.imsc.res.in/imppat/phytochemical-detailedpage/IMPHY017927,Organic compounds,Organic oxygen compounds,Organooxygen compounds,Carbonyl compounds
YBEHXFMOGLQNNU-UHFFFAOYSA-N,"(e,z)-2-4-Heptadienal",CC(C=O)C=C=CCC,IMPHY015682,,https://cb.imsc.res.in/imppat/phytochemical-detailedpage/IMPHY015682,Organic compounds,Organic oxygen compounds,Organooxygen compounds,Carbonyl compounds
LNTKBBRCAIFQLG-UHFFFAOYSA-N,"1,1,2-Trimethyl-1,2-dihydronaphthalene",CC1C=Cc2c(C1(C)C)cccc2,IMPHY015976,,https://cb.imsc.res.in/imppat/phytochemical-detailedpage/IMPHY015976,Organic compounds,Benzenoids,Naphthalenes,
DVVATNQISMINCX-SCFJQAPRSA-N,"2,4-Octadienal, (E,Z)-",CCC/C=CC=CC=O,IMPHY015683,,https://cb.imsc.res.in/imppat/phytochemical-detailedpage/IMPHY015683,Organic compounds,Organic oxygen compounds,Organooxygen compounds,Carbonyl compounds
HLPIHRDZBHXTFJ-UHFFFAOYSA-N,2-Ethylfuran,CCc1ccco1,IMPHY005257,CHEMBL2269084,https://cb.imsc.res.in/imppat/phytochemical-detailedpage/IMPHY005257,Organic compounds,Organoheterocyclic compounds,Heteroaromatic compounds,
PANBRUWVURLWGY-MDZDMXLPSA-N,2-Undecenal,CCCCCCCC/C=C/C=O,IMPHY005526,CHEMBL451328,https://cb.imsc.res.in/imppat/phytochemical-detailedpage/IMPHY005526,Organic compounds,Organic oxygen compounds,Organooxygen compounds,Carbonyl compounds
QJJDNZGPQDGNDX-UHFFFAOYSA-N,Dihydro-beta-ionone,CC(=O)CCC1=C(C)CCCC1(C)C,IMPHY004702,CHEMBL3188345,https://cb.imsc.res.in/imppat/phytochemical-detailedpage/IMPHY004702,Organic compounds,Lipids and lipid-like molecules,Prenol lipids,Sesquiterpenoids
AVQIAPJJWFUCIT-VOTSOKGWSA-N,Epoxy-beta-ionone,O=CC(=O)/C=C/C1=C(C)CCCC1(C)C,IMPHY015650,,https://cb.imsc.res.in/imppat/phytochemical-detailedpage/IMPHY015650,Organic compounds,Lipids and lipid-like molecules,Prenol lipids,Sesquiterpenoids
JLPUXFOGCDVKGO-TUAOUCFPSA-N,Geosmin,C[C@H]1CCC[C@@]2([C@]1(O)CCCC2)C,IMPHY003141,CHEMBL2374043,https://cb.imsc.res.in/imppat/phytochemical-detailedpage/IMPHY003141,Organic compounds,Organic oxygen compounds,Organooxygen compounds,Alcohols and polyols
SGAWOGXMMPSZPB-UHFFFAOYSA-N,Safranal,O=CC1=C(C)C=CCC1(C)C,IMPHY006322,CHEMBL3183495,https://cb.imsc.res.in/imppat/phytochemical-detailedpage/IMPHY006322,Organic compounds,Organic oxygen compounds,Organic oxides,
LGJMUZUPVCAVPU-HRJGVYIJSA-N,Stigmastanol,CC[C@@H](C(C)C)CC[C@H]([C@H]1CC[C@@H]2[C@]1(C)CC[C@H]1[C@H]2CC[C@@H]2[C@]1(C)CC[C@@H](C2)O)C,IMPHY014899,CHEMBL252364,https://cb.imsc.res.in/imppat/phytochemical-detailedpage/IMPHY014899,Organic compounds,Lipids and lipid-like molecules,Steroids and steroid derivatives,Stigmastanes and derivatives
CNUDBTRUORMMPA-UHFFFAOYSA-N,Thiophene-2-carbaldehyde,O=Cc1cccs1,IMPHY017715,CHEMBL328441,https://cb.imsc.res.in/imppat/phytochemical-detailedpage/IMPHY017715,Organic compounds,Organic oxygen compounds,Organooxygen compounds,Carbonyl compounds
MOQGCGNUWBPGTQ-UHFFFAOYSA-N,beta-Cyclocitral,O=CC1=C(C)CCCC1(C)C,IMPHY009752,CHEMBL1952257,https://cb.imsc.res.in/imppat/phytochemical-detailedpage/IMPHY009752,Organic compounds,Organic oxygen compounds,Organic oxides,
BQPYEFAVIPEQIK-CGCSGISQSA-N,Spinasaponin A,OC[C@H]1O[C@@H](O[C@@H]2[C@@H](O)[C@@H](O[C@@H]([C@H]2O)C(=O)O)O[C@H]2CC[C@]3([C@H](C2(C)C)CC[C@@]2([C@@H]3CC=C3[C@@]2(C)CC[C@@]2([C@H]3CC(C)(C)CC2)C(=O)O)C)C)[C@@H]([C@H]([C@@H]1O)O)O,IMPHY011412,,https://cb.imsc.res.in/imppat/phytochemical-detailedpage/IMPHY011412,Organic compounds,Lipids and lipid-like molecules,Prenol lipids,Terpene glycosides
JDGKHHCYVKBIIT-UHFFFAOYSA-N,Spinasaponin B,OCC1OC(OC2C(O)C(OC(C2O)C(=O)O)OC2CCC3(C(C2(C)CO)CCC2(C3CC=C3C2(C)CCC2(C3CC(C)(C)CC2)C(=O)O)C)C)C(C(C1O)O)O,IMPHY011121,,https://cb.imsc.res.in/imppat/phytochemical-detailedpage/IMPHY011121,Organic compounds,Lipids and lipid-like molecules,Prenol lipids,Terpene glycosides
NKDFYOWSKOHCCO-YPVLXUMRSA-N,20-Hydroxyecdysone,O[C@H]1C[C@@]2(C)[C@@H](C[C@H]1O)C(=O)C=C1[C@@H]2CC[C@]2([C@@]1(O)CC[C@@H]2[C@]([C@@H](CCC(O)(C)C)O)(O)C)C,IMPHY012847,CHEMBL224128,https://cb.imsc.res.in/imppat/phytochemical-detailedpage/IMPHY012847,Organic compounds,Lipids and lipid-like molecules,Steroids and steroid derivatives,"Bile acids, alcohols and derivatives"
XTSYLJLNVWBIFH-IJYGRGDZSA-N,24(28)-Dehydromakisterone A,O[C@H]1C[C@@]2(C)[C@@H](C[C@H]1O)C(=O)C=C1[C@@H]2CC[C@]2([C@@]1(O)CC[C@@H]2[C@]([C@@H](CC(=C)C(O)(C)C)O)(O)C)C,IMPHY002682,CHEMBL3794280,https://cb.imsc.res.in/imppat/phytochemical-detailedpage/IMPHY002682,Organic compounds,Lipids and lipid-like molecules,Steroids and steroid derivatives,"Bile acids, alcohols and derivatives"
BBZORTSKYSEICL-UHFFFAOYSA-N,"5,3',4'-Trihydroxy-3-methoxy-6,7-methylenedioxyflavone",COc1c(oc2c(c1=O)c(O)c1c(c2)OCO1)c1ccc(c(c1)O)O,IMPHY010698,,https://cb.imsc.res.in/imppat/phytochemical-detailedpage/IMPHY010698,Organic compounds,Phenylpropanoids and polyketides,Flavonoids,O-methylated flavonoids
QDUQFPNXGXDSQJ-UHFFFAOYSA-N,"5,4'-Dihydroxy-3,3'-dimethoxy-6,7-methylenedioxyflavone",COc1c(oc2c(c1=O)c(O)c1c(c2)OCO1)c1ccc(c(c1)OC)O,IMPHY010007,,https://cb.imsc.res.in/imppat/phytochemical-detailedpage/IMPHY010007,Organic compounds,Phenylpropanoids and polyketides,Flavonoids,O-methylated flavonoids
GMFLGNRCCFYOKL-ACCCYTKYSA-N,Polypodine b,O[C@H]1C[C@]2(C)[C@H]3CC[C@]4([C@@](C3=CC(=O)[C@@]2(C[C@H]1O)O)(O)CC[C@@H]4[C@]([C@@H](CCC(O)(C)C)O)(O)C)C,IMPHY000955,CHEMBL502028,https://cb.imsc.res.in/imppat/phytochemical-detailedpage/IMPHY000955,Organic compounds,Lipids and lipid-like molecules,Steroids and steroid derivatives,"Bile acids, alcohols and derivatives"
YIDAQAJEKNRLJS-QJAHINBCSA-N,Spinatoside,COc1c(O)cc2c(c1O)c(=O)c(c(o2)c1ccc(c(c1)O)O[C@@H]1O[C@H](C(=O)O)[C@H]([C@@H]([C@H]1O)O)O)OC,IMPHY009724,,https://cb.imsc.res.in/imppat/phytochemical-detailedpage/IMPHY009724,Organic compounds,Phenylpropanoids and polyketides,Flavonoids,Flavonoid glycosides
KRCLQJBBBGFWTC-DNSONDRFSA-N,(3S)-O-(N-Methoxy-N-D-glucosylglycyl)betulinic acid,OC[C@H]1OC(N(CC(=O)O[C@H]2CC[C@]3(C(C2(C)C)CC[C@@]2(C3CCC3[C@@]2(C)CC[C@@]2(C3C(CC2)C(=C)C)C(=O)O)C)C)OC)[C@@H]([C@H]([C@@H]1O)O)O,IMPHY001947,,https://cb.imsc.res.in/imppat/phytochemical-detailedpage/IMPHY001947,Organic compounds,Lipids and lipid-like molecules,Prenol lipids,Triterpenoids
AAOFJKLTRKOQTQ-UHFFFAOYSA-N,"1-(2-Hydroxy-4,6-dimethoxy-3-methylphenyl)ethan-1-one",COc1cc(OC)c(c(c1C(=O)C)O)C,IMPHY011359,CHEMBL1484869,https://cb.imsc.res.in/imppat/phytochemical-detailedpage/IMPHY011359,Organic compounds,Organic oxygen compounds,Organooxygen compounds,Carbonyl compounds
GKSGTWUNURZTKD-UHFFFAOYSA-N,"2',6'-Dihydroxy-4'-methoxyacetophenone",COc1cc(O)c(c(c1)O)C(=O)C,IMPHY011363,CHEMBL490514,https://cb.imsc.res.in/imppat/phytochemical-detailedpage/IMPHY011363,Organic compounds,Organic oxygen compounds,Organooxygen compounds,Carbonyl compounds
SUTUBQHKZRNZRA-UHFFFAOYSA-N,Eugenin,COc1cc(O)c2c(c1)oc(cc2=O)C,IMPHY000239,CHEMBL446974,https://cb.imsc.res.in/imppat/phytochemical-detailedpage/IMPHY000239,Organic compounds,Organoheterocyclic compounds,Benzopyrans,1-benzopyrans
XCDQFROEGGNAER-VYFOYESCSA-N,Friedelanol,O[C@@H]1CC[C@@H]2[C@]([C@H]1C)(C)CC[C@H]1[C@@]2(C)CC[C@@]2([C@]1(C)CC[C@@]1([C@H]2CC(C)(C)CC1)C)C,IMPHY011819,CHEMBL229563,https://cb.imsc.res.in/imppat/phytochemical-detailedpage/IMPHY011819,Organic compounds,Lipids and lipid-like molecules,Prenol lipids,Triterpenoids
RIXNFYQZWDGQAE-DFHVBEEKSA-N,3-O-Acetyloleanolic acid,CC(=O)O[C@H]1CC[C@]2([C@H](C1(C)C)CC[C@@]1([C@@H]2CC=C2[C@@]1(C)CC[C@@]1([C@H]2CC(C)(C)CC1)C(=O)O)C)C,IMPHY012958,CHEMBL486822,https://cb.imsc.res.in/imppat/phytochemical-detailedpage/IMPHY012958,Organic compounds,Lipids and lipid-like molecules,Prenol lipids,Triterpenoids
KJXSIXMJHKAJOD-LSDHHAIUSA-N,Dihydromyricetin,Oc1cc2O[C@H](c3cc(O)c(c(c3)O)O)[C@H](C(=O)c2c(c1)O)O,IMPHY005438,CHEMBL3348861,https://cb.imsc.res.in/imppat/phytochemical-detailedpage/IMPHY005438,Organic compounds,Phenylpropanoids and polyketides,Flavonoids,Flavans
WIIMVXRNTVGXEQ-KTHVRTEASA-O,Delphinidin 3-gentiobioside,OCC1O[C@@H](OCC2O[C@@H](Oc3cc4c(O)cc(cc4[o+]c3c3cc(O)c(c(c3)O)O)O)C([C@H]([C@@H]2O)O)O)C([C@H]([C@@H]1O)O)O,IMPHY001031,,https://cb.imsc.res.in/imppat/phytochemical-detailedpage/IMPHY001031,Organic compounds,Phenylpropanoids and polyketides,Flavonoids,Flavonoid glycosides
JEUXKMNBLUZESY-XJNRXAPPSA-O,Malvidin 3-laminaribioside,OCC1O[C@@H](Oc2cc3c(O)cc(cc3[o+]c2c2cc(OC)c(c(c2)OC)O)O)C(C([C@@H]1O)O[C@@H]1OC(CO)[C@H](C([C@H]1O)O)O)O,IMPHY000919,,https://cb.imsc.res.in/imppat/phytochemical-detailedpage/IMPHY000919,Organic compounds,Phenylpropanoids and polyketides,Flavonoids,Flavonoid glycosides
DBJVUXSMCARDEQ-RVYBPKRDSA-O,Petunidin 3-gentiobioside,OCC1O[C@@H](OCC2O[C@@H](Oc3cc4c(O)cc(cc4[o+]c3c3cc(O)c(c(c3)OC)O)O)C(C([C@H]2O)O)O)C(C([C@@H]1O)O)O,IMPHY001032,,https://cb.imsc.res.in/imppat/phytochemical-detailedpage/IMPHY001032,Organic compounds,Phenylpropanoids and polyketides,Flavonoids,Flavonoid glycosides
BXGVVQADPFXGHD-LSDHHAIUSA-N,Widdrol,C[C@@]1(O)CC=C2[C@@](CC1)(C)CCCC2(C)C,IMPHY007367,CHEMBL2253133,https://cb.imsc.res.in/imppat/phytochemical-detailedpage/IMPHY007367,Organic compounds,Organic oxygen compounds,Organooxygen compounds,Alcohols and polyols
IFYYFLINQYPWGJ-UHFFFAOYSA-N,gamma-Decalactone,CCCCCCC1CCC(=O)O1,IMPHY009467,CHEMBL365740,https://cb.imsc.res.in/imppat/phytochemical-detailedpage/IMPHY009467,Organic compounds,Organoheterocyclic compounds,Lactones,Gamma butyrolactones
FOHXFLPXBUAOJM-OWORMUAASA-N,Myricetin 3-O-glucoside,OC[C@H]1OC(Oc2c(oc3c(c2=O)c(O)cc(c3)O)c2cc(O)c(c(c2)O)O)[C@@H]([C@H]([C@@H]1O)O)O,IMPHY011851,CHEMBL2282026,https://cb.imsc.res.in/imppat/phytochemical-detailedpage/IMPHY011851,Organic compounds,Phenylpropanoids and polyketides,Flavonoids,Flavonoid glycosides
NPNUFJAVOOONJE-QWAJQTJBSA-N,(E)-2-epi-beta-caryophyllene,C/C/1=CCCC(=C)[C@H]2[C@@H](CC1)C(C2)(C)C,IMPHY014785,,https://cb.imsc.res.in/imppat/phytochemical-detailedpage/IMPHY014785,Organic compounds,Lipids and lipid-like molecules,Prenol lipids,Sesquiterpenoids
DPZNOMCNRMUKPS-UHFFFAOYSA-N,"1,3-Dimethoxybenzene",COc1cccc(c1)OC,IMPHY007419,CHEMBL2252486,https://cb.imsc.res.in/imppat/phytochemical-detailedpage/IMPHY007419,Organic compounds,Benzenoids,Benzene and substituted derivatives,Methoxybenzenes
DFMBJBXEHZSTJQ-WZUFQYTHSA-N,14-Hydroxy-9-epi-(E)-caryophyllene,OCC1(C)CC2C1CC/C(=CCCC2=C)/C,IMPHY013574,,https://cb.imsc.res.in/imppat/phytochemical-detailedpage/IMPHY013574,Organic compounds,Lipids and lipid-like molecules,Prenol lipids,Sesquiterpenoids
GMTOMMKQRBMRFT-BQYQJAHWSA-N,14-Hydroxy-z-caryophyllene,OCC1CCCC(C2C(/C=C/1)C(C2)(C)C)C,IMPHY017920,,https://cb.imsc.res.in/imppat/phytochemical-detailedpage/IMPHY017920,Organic compounds,Lipids and lipid-like molecules,Prenol lipids,Sesquiterpenoids
GEAGRKQCZVLNAU-UHFFFAOYSA-N,"2,3-(S)-hexahydroxydiphenoyl-D-glucose",OCC1OC(O)C2C(C1O)OC(=O)c1cc(O)c(c(c1-c1c(C(=O)O2)cc(O)c(c1O)O)O)O,IMPHY000896,,https://cb.imsc.res.in/imppat/phytochemical-detailedpage/IMPHY000896,Organic compounds,Phenylpropanoids and polyketides,Tannins,Hydrolyzable tannins
BVTAIXWVSMPSFL-UHFFFAOYSA-N,"2-((3,3-Dimethyloxiran-2-yl)methyl)-3-methylfuran",Cc1ccoc1CC1OC1(C)C,IMPHY009211,,https://cb.imsc.res.in/imppat/phytochemical-detailedpage/IMPHY009211,Organic compounds,Organoheterocyclic compounds,Heteroaromatic compounds,
QYGTVPFTIUUDSL-WZUFQYTHSA-N,Caryophyllenyl alcohol,CC1CCC(O)/C(=CCC2C1CC2(C)C)/C,IMPHY009770,,https://cb.imsc.res.in/imppat/phytochemical-detailedpage/IMPHY009770,Organic compounds,Lipids and lipid-like molecules,Prenol lipids,Sesquiterpenoids
SBLZVJIHPWRSQQ-HNAYVOBHSA-N,Dihydrodehydrodiconiferyl alcohol,OCCCc1cc2c(c(c1)OC)O[C@@H]([C@H]2CO)c1ccc(c(c1)OC)O,IMPHY003007,CHEMBL261907,https://cb.imsc.res.in/imppat/phytochemical-detailedpage/IMPHY003007,Organic compounds,Phenylpropanoids and polyketides,2-arylbenzofuran flavonoids,
QLJNETOQFQXTLI-WMYFGKAISA-N,Pinoresinol 4-O-beta-D-glucopyranoside,OC[C@H]1O[C@@H](Oc2ccc(cc2OC)[C@H]2OC[C@H]3[C@@H]2CO[C@@H]3c2ccc(c(c2)OC)O)[C@@H]([C@H]([C@@H]1O)O)O,IMPHY000761,CHEMBL1083218,https://cb.imsc.res.in/imppat/phytochemical-detailedpage/IMPHY000761,Organic compounds,"Lignans, neolignans and related compounds",Lignan glycosides,
IYXGMLAORQQRHW-LITQUBMNSA-N,Oleoresin tumeric,O=C(CC(=O)/C=C/c1ccc(cc1)O)/C=C/c1ccc(cc1)O.COc1cc(/C=C/C(=O)CC(=O)/C=C/c2ccc(c(c2)OC)O)ccc1O.COc1cc(/C=C/C(=O)CC(=O)/C=C/c2ccc(cc2)O)ccc1O,IMPHY013073,,https://cb.imsc.res.in/imppat/phytochemical-detailedpage/IMPHY013073,Organic compounds,Phenylpropanoids and polyketides,Diarylheptanoids,Linear diarylheptanoids
NVVDQMVGALBDGE-KSWFMABOSA-N,Coronaridine,CC[C@H]1C[C@@H]2CN3[C@@H]1[C@](C2)(C(=O)OC)c1[nH]c2c(c1CC3)cccc2,IMPHY007011,CHEMBL364613,https://cb.imsc.res.in/imppat/phytochemical-detailedpage/IMPHY007011,Organic compounds,Alkaloids and derivatives,Ibogan-type alkaloids,
LRLCVRYKAFDXKU-DYIBVVGTSA-N,Ibogamine,CC[C@H]1C[C@@H]2CN3[C@@H]1[C@@H](C2)c1[nH]c2c(c1CC3)cccc2,IMPHY000996,CHEMBL467828,https://cb.imsc.res.in/imppat/phytochemical-detailedpage/IMPHY000996,Organic compounds,Alkaloids and derivatives,Ibogan-type alkaloids,
FPUHKQMDWMVBRI-PHKAQXKASA-N,Iso-voacangine,CC[C@H]1C[C@H]2CN3[C@@H]1[C@](C2)(C(=O)OC)c1[nH]c2c(c1CC3)ccc(c2)OC,IMPHY006789,,https://cb.imsc.res.in/imppat/phytochemical-detailedpage/IMPHY006789,Organic compounds,Alkaloids and derivatives,Ibogan-type alkaloids,
MMAYTCMMKJYIAM-RUGRQLENSA-N,Voacangine,CC[C@H]1C[C@@H]2CN3[C@@H]1[C@](C2)(C(=O)OC)c1[nH]c2c(c1CC3)cc(cc2)OC,IMPHY010496,CHEMBL182120,https://cb.imsc.res.in/imppat/phytochemical-detailedpage/IMPHY010496,Organic compounds,Alkaloids and derivatives,Ibogan-type alkaloids,
FFVRRQMGGGTQRH-YWKPPDPDSA-N,(-)-Dregamine,CC[C@H]1CN(C)[C@@H]2[C@H]([C@H]1CC(=O)c1c(C2)c2c([nH]1)cccc2)C(=O)OC,IMPHY003742,CHEMBL5285280,https://cb.imsc.res.in/imppat/phytochemical-detailedpage/IMPHY003742,Organic compounds,Alkaloids and derivatives,Vobasan alkaloids,
LCVACABZTLIWCE-QLKAYGNNSA-N,Gomezine,C/C=C/1CN2CCC1C(=C)c1c(C2)c2c([nH]1)cccc2,IMPHY010600,,https://cb.imsc.res.in/imppat/phytochemical-detailedpage/IMPHY010600,Organic compounds,Alkaloids and derivatives,Vallesaman alkaloids,
XUDAGNVXWJRKJD-AQNXPRMDSA-N,Hecubine,CC[C@]12CCc3c(CCN(C1)C[C@@H]1[C@H]2O1)c1c(n3C)cccc1,IMPHY008283,,https://cb.imsc.res.in/imppat/phytochemical-detailedpage/IMPHY008283,Organic compounds,Alkaloids and derivatives,Quebrachamine alkaloids,
XGWIRMWTCWJZPG-ZHBRIVESSA-N,Isovoacristine,COC(=O)[C@@]12C[C@H]3CN([C@H]1[C@H](C3)[C@@H](O)C)CCc1c2[nH]c2c1ccc(c2)OC,IMPHY002078,CHEMBL360973,https://cb.imsc.res.in/imppat/phytochemical-detailedpage/IMPHY002078,Organic compounds,Alkaloids and derivatives,Ibogan-type alkaloids,
FFVRRQMGGGTQRH-DTPILHQWSA-N,Tabernaemontanine,CC[C@@H]1CN(C)[C@@H]2[C@H]([C@H]1CC(=O)c1c(C2)c2c([nH]1)cccc2)C(=O)OC,IMPHY003743,,https://cb.imsc.res.in/imppat/phytochemical-detailedpage/IMPHY003743,Organic compounds,Alkaloids and derivatives,Vobasan alkaloids,
FNGGIPWAZSFKCN-ACRUOGEOSA-N,Tabersonine,COC(=O)C1=C2Nc3c([C@@]42[C@@H]2[C@@](C1)(CC)C=CCN2CC4)cccc3,IMPHY005481,CHEMBL2011511,https://cb.imsc.res.in/imppat/phytochemical-detailedpage/IMPHY005481,Organic compounds,Alkaloids and derivatives,Plumeran-type alkaloids,
VCMIRXRRQJNZJT-XRMSBCOFSA-N,Voacamine,COC(=O)C1[C@H]2C[C@H](c3cc4[nH]c5c(c4cc3OC)CCN3[C@@H]4[C@]5(C[C@H](C[C@@H]4CC)C3)C(=O)OC)c3c(C[C@H]1N(C/C/2=C/C)C)c1ccccc1[nH]3,IMPHY002112,,https://cb.imsc.res.in/imppat/phytochemical-detailedpage/IMPHY002112,Organic compounds,Alkaloids and derivatives,Ibogan-type alkaloids,
OYMQKBZMKFJPMH-VJMPXSKLSA-N,Voacristine,COC(=O)[C@@]12C[C@@H]3CN([C@H]1[C@H](C3)[C@@H](O)C)CCc1c2[nH]c2c1cc(cc2)OC,IMPHY010966,,https://cb.imsc.res.in/imppat/phytochemical-detailedpage/IMPHY010966,Organic compounds,Alkaloids and derivatives,Ibogan-type alkaloids,
OGDFTQDRHAGLTB-QRVBRYPASA-N,Voaphylline,CC[C@]12CCc3[nH]c4c(c3CCN(C1)C[C@@H]1[C@H]2O1)cccc4,IMPHY009094,,https://cb.imsc.res.in/imppat/phytochemical-detailedpage/IMPHY009094,Organic compounds,Alkaloids and derivatives,Quebrachamine alkaloids,
TYPMTMPLTVSOBU-PYZKSWLESA-N,"methyl (1S,14R,15Z,18S)-15-ethylidene-17-methyl-12-oxo-10,17-diazatetracyclo[12.3.1.03,11.04,9]octadeca-3(11),4,6,8-tetraene-18-carboxylate",COC(=O)[C@@H]1[C@@H]2Cc3c(C(=O)C[C@H]1/C(=C/C)/CN2C)[nH]c1c3cccc1,IMPHY010439,,https://cb.imsc.res.in/imppat/phytochemical-detailedpage/IMPHY010439,Organic compounds,Alkaloids and derivatives,Vobasan alkaloids,
OYMQKBZMKFJPMH-WRGQPFOFSA-N,19(R)-Heyneanine,COC(=O)[C@@]12C[C@H]3CN([C@H]1[C@H](C3)[C@H](O)C)CCc1c2[nH]c2c1cc(cc2)OC,IMPHY014741,CHEMBL512646,https://cb.imsc.res.in/imppat/phytochemical-detailedpage/IMPHY014741,Organic compounds,Alkaloids and derivatives,Ibogan-type alkaloids,
QZRIMAMDGWAHPQ-ATPAGDLWSA-N,Conophylline,COC(=O)C1=C2Nc3c([C@@]42[C@@H]2[C@@](C1)(CC)[C@H](O)[C@H]1Oc5c([C@H]1N2CC4)cc1c(c5)NC2=C(C[C@]4([C@H]5[C@@]12CCN5C[C@@H]1[C@H]4O1)CC)C(=O)OC)cc(c(c3OC)OC)O,IMPHY010671,CHEMBL506768,https://cb.imsc.res.in/imppat/phytochemical-detailedpage/IMPHY010671,Organic compounds,Alkaloids and derivatives,Aspidospermatan-type alkaloids,
DBGBUYFOJXOYNY-GFCCVEGCSA-N,Ervaticine,CC=C1CN2CC[C@H]1C(=O)c1c(C2)c2c([nH]1)cccc2,IMPHY010153,,https://cb.imsc.res.in/imppat/phytochemical-detailedpage/IMPHY010153,Organic compounds,Organoheterocyclic compounds,Indoles and derivatives,Indoles
MCOCUHRVJGWOJQ-FGSPNWDHSA-N,Mehranine,CC[C@@]12CC[C@H]3[C@@]4([C@H]2N(C[C@@H]2[C@H]1O2)CC4)c1ccccc1N3C,IMPHY008843,,https://cb.imsc.res.in/imppat/phytochemical-detailedpage/IMPHY008843,Organic compounds,Alkaloids and derivatives,Aspidospermatan-type alkaloids,
JYOSOFOPWRUQKW-OQIJWPOYSA-N,Voaharine,CC[C@@]12CN(CC[C@@]3(C(=O)C(=Nc4ccccc34)C1)O)C[C@@H]1[C@H]2O1,IMPHY014537,,https://cb.imsc.res.in/imppat/phytochemical-detailedpage/IMPHY014537,Organic compounds,Organoheterocyclic compounds,Quinolines and derivatives,Quinolones and derivatives
XVLKCTCGGIJHCK-BFENJZFZSA-N,"dimethyl (2R,6R,13R,22S,23S,24S,35R,38R,39S)-13,24-diethyl-23,32-dihydroxy-30,31-dimethoxy-21-oxa-1,9,17,28-tetrazaundecacyclo[22.13.1.16,9.02,22.03,20.05,18.06,16.027,35.029,34.035,38.013,39]nonatria",COC(=O)C1=C2Nc3c([C@@]42[C@@H]2[C@@](C1)(CC)[C@H](O)[C@H]1Oc5c([C@H]1N2CC4)cc1c(c5)NC2=C(C[C@]4([C@H]5[C@@]12CCN5CC=C4)CC)C(=O)OC)cc(c(c3OC)OC)O,IMPHY007808,CHEMBL220132,https://cb.imsc.res.in/imppat/phytochemical-detailedpage/IMPHY007808,Organic compounds,Alkaloids and derivatives,Aspidospermatan-type alkaloids,
MMMDVGMDEBDBOH-UFUGXISJSA-N,3-Oxo-coronaridine,CC[C@H]1C[C@H]2C[C@@]3([C@H]1N(C2=O)CCc1c3[nH]c2c1cccc2)C(=O)OC,IMPHY003626,CHEMBL488412,https://cb.imsc.res.in/imppat/phytochemical-detailedpage/IMPHY003626,Organic compounds,Alkaloids and derivatives,Ibogan-type alkaloids,
GLSZNOAPWJGOTJ-VJVCOYPNSA-N,Pseudovobparicine,COC(=O)[C@H]1[C@H]2C[C@H](c3ccc4c(c3)c3CN5CC[C@@H](C(=C)c3[nH]4)/C(=CC)/C5)c3c(C[C@@H]1N(C/C/2=C/C)C)c1ccccc1[nH]3,IMPHY009226,,https://cb.imsc.res.in/imppat/phytochemical-detailedpage/IMPHY009226,Organic compounds,Alkaloids and derivatives,Vobasan alkaloids,
PEBWIYPIKTWOBT-VKOMNXFXSA-N,"methyl (1S,10S,15R,17S,18S)-17-ethyl-10-hydroxy-3,13-diazapentacyclo[13.3.1.02,10.04,9.013,18]nonadeca-2,4,6,8-tetraene-1-carboxylate",CC[C@H]1C[C@H]2CN3[C@@H]1[C@](C2)(C(=O)OC)C1=Nc2c([C@]1(CC3)O)cccc2,IMPHY007819,,https://cb.imsc.res.in/imppat/phytochemical-detailedpage/IMPHY007819,Organic compounds,Alkaloids and derivatives,Ibogan-type alkaloids,
JTSPVWIYQLSMER-NTEUORMPSA-N,(E)-Sesquilavandulol,OCC(C(=C)C)C/C=C(/CCC=C(C)C)C,IMPHY011347,,https://cb.imsc.res.in/imppat/phytochemical-detailedpage/IMPHY011347,Organic compounds,Lipids and lipid-like molecules,Prenol lipids,Sesquiterpenoids
REPVLJRCJUVQFA-UHFFFAOYSA-N,"2,6,6-Trimethylbicyclo[3.1.1]heptan-3-ol",OC1CC2CC(C1C)C2(C)C,IMPHY009996,,https://cb.imsc.res.in/imppat/phytochemical-detailedpage/IMPHY009996,Organic compounds,Lipids and lipid-like molecules,Prenol lipids,Monoterpenoids
VUSBHGLIAQXBSW-UHFFFAOYSA-N,"2,6-Dimethyloct-7-en-4-one",C=CC(CC(=O)CC(C)C)C,IMPHY001092,,https://cb.imsc.res.in/imppat/phytochemical-detailedpage/IMPHY001092,Organic compounds,Organic oxygen compounds,Organooxygen compounds,Carbonyl compounds
SAFIHMIEMQFPDA-UHFFFAOYSA-N,"(1R)-3,7,7-Trimethylbicyclo[4.1.0]hept-3-en-2-one",CC1=CCC2C(C1=O)C2(C)C,IMPHY017084,,https://cb.imsc.res.in/imppat/phytochemical-detailedpage/IMPHY017084,Organic compounds,Lipids and lipid-like molecules,Prenol lipids,Monoterpenoids
UDYGWSPUYSRWRN-AGLLBGTNSA-N,"(2E,4E)-3,7-dimethylocta-2,4,6-trienal",O=C/C=C(/C=C/C=C(C)C)C,IMPHY014207,,https://cb.imsc.res.in/imppat/phytochemical-detailedpage/IMPHY014207,Organic compounds,Lipids and lipid-like molecules,Prenol lipids,Monoterpenoids
RJXKHBTYHGBOKV-VQHVLOKHSA-N,"(E)-2,6-Dimethylocta-5,7-dien-4-one",C=C/C(=C/C(=O)CC(C)C)/C,IMPHY003667,,https://cb.imsc.res.in/imppat/phytochemical-detailedpage/IMPHY003667,Organic compounds,Organic oxygen compounds,Organooxygen compounds,Carbonyl compounds
XUINKEIPBTYUJP-VQHVLOKHSA-N,(E)-Tagetenone,C=C/C(=C/C(=O)C=C(C)C)/C,IMPHY003840,,https://cb.imsc.res.in/imppat/phytochemical-detailedpage/IMPHY003840,Organic compounds,Lipids and lipid-like molecules,Prenol lipids,Monoterpenoids
LIMXJCIGROLRED-SOFGYWHQSA-N,(E)-beta-Ocimene epoxide,C=C/C(=C/CC1OC1(C)C)/C,IMPHY009875,,https://cb.imsc.res.in/imppat/phytochemical-detailedpage/IMPHY009875,Organic compounds,Organoheterocyclic compounds,Epoxides,
NHUKUXHBUOLLAY-UHFFFAOYSA-N,(S)-Santolina acetate,C=CC(C(OC(=O)C)(C)C)C=C(C)C,IMPHY015926,,https://cb.imsc.res.in/imppat/phytochemical-detailedpage/IMPHY015926,Organic compounds,Organic acids and derivatives,Carboxylic acids and derivatives,Carboxylic acid derivatives
RJXKHBTYHGBOKV-CLFYSBASSA-N,"(Z)-2,6-Dimethylocta-5,7-dien-4-one",C=C/C(=CC(=O)CC(C)C)/C,IMPHY003666,,https://cb.imsc.res.in/imppat/phytochemical-detailedpage/IMPHY003666,Organic compounds,Organic oxygen compounds,Organooxygen compounds,Carbonyl compounds
XUINKEIPBTYUJP-CLFYSBASSA-N,(Z)-Tagetenone,C=C/C(=CC(=O)C=C(C)C)/C,IMPHY003842,,https://cb.imsc.res.in/imppat/phytochemical-detailedpage/IMPHY003842,Organic compounds,Lipids and lipid-like molecules,Prenol lipids,Monoterpenoids
LIMXJCIGROLRED-VURMDHGXSA-N,(Z)-beta-Ocimene epoxide,C=C/C(=CCC1OC1(C)C)/C,IMPHY016006,,https://cb.imsc.res.in/imppat/phytochemical-detailedpage/IMPHY016006,Organic compounds,Organoheterocyclic compounds,Epoxides,
FRASJONUBLZVQX-UHFFFAOYSA-N,"1,4-Naphthoquinone",O=C1C=CC(=O)c2c1cccc2,IMPHY007073,CHEMBL55934,https://cb.imsc.res.in/imppat/phytochemical-detailedpage/IMPHY007073,Organic compounds,Benzenoids,Naphthalenes,Naphthoquinones
KXSFECAJUBPPFE-UHFFFAOYSA-N,"2,2':5',2''-Terthiophene",c1csc(c1)c1ccc(s1)c1cccs1,IMPHY007170,CHEMBL90017,https://cb.imsc.res.in/imppat/phytochemical-detailedpage/IMPHY007170,Organic compounds,Organoheterocyclic compounds,Bi- and oligothiophenes,
RWENJYLCELUBAE-UHFFFAOYSA-N,"2,6-Dimethoxycymene",COc1cc(cc(c1C)OC)C(C)C,IMPHY016331,,https://cb.imsc.res.in/imppat/phytochemical-detailedpage/IMPHY016331,Organic compounds,Lipids and lipid-like molecules,Prenol lipids,Monoterpenoids
RJXKHBTYHGBOKV-UHFFFAOYSA-N,"2,6-Dimethylocta-5,7-dien-4-one",C=CC(=CC(=O)CC(C)C)C,IMPHY003668,,https://cb.imsc.res.in/imppat/phytochemical-detailedpage/IMPHY003668,Organic compounds,Organic oxygen compounds,Organooxygen compounds,Carbonyl compounds
YUANNBKEZDNSIV-XYSHXQIRSA-N,"2-(3,4-dihydroxyphenyl)-5,6,7-trihydroxy-3-[(2S,5S,6R)-3,4,5-trihydroxy-6-(hydroxymethyl)oxan-2-yl]oxychromen-4-one",OC[C@H]1O[C@@H](Oc2c(oc3c(c2=O)c(O)c(c(c3)O)O)c2ccc(c(c2)O)O)C(C([C@@H]1O)O)O,IMPHY010352,,https://cb.imsc.res.in/imppat/phytochemical-detailedpage/IMPHY010352,Organic compounds,Phenylpropanoids and polyketides,Flavonoids,Flavonoid glycosides
CLFDIFDNDWRHJF-UHFFFAOYSA-N,2-(4-Methylphenyl)propan-1-ol,OCC(c1ccc(cc1)C)C,IMPHY009866,,https://cb.imsc.res.in/imppat/phytochemical-detailedpage/IMPHY009866,Organic compounds,Lipids and lipid-like molecules,Prenol lipids,Monoterpenoids
XULHFMYCBKQGEE-UHFFFAOYSA-N,2-Hexyl-1-decanol,CCCCCCCCC(CCCCCC)CO,IMPHY012294,CHEMBL3560208,https://cb.imsc.res.in/imppat/phytochemical-detailedpage/IMPHY012294,Organic compounds,Lipids and lipid-like molecules,Fatty acyls,Fatty alcohols
RHAXCOKCIAVHPB-UHFFFAOYSA-N,2-Methyl-6-methyleneoct-7-en-4-ol,C=CC(=C)CC(CC(C)C)O,IMPHY009988,,https://cb.imsc.res.in/imppat/phytochemical-detailedpage/IMPHY009988,Organic compounds,Organic oxygen compounds,Organooxygen compounds,Alcohols and polyols
LWLYVFOFEPMXSH-UHFFFAOYSA-N,"3-Hydroxy-4,5,6-trimethoxyspiro[1H-indole-2(3H),1'(3'H)-[2H]isoindole]-3'-one",COc1c(OC)cc2c(c1OC)C(O)C1(N2)NC(=O)c2c1cccc2,IMPHY013019,,https://cb.imsc.res.in/imppat/phytochemical-detailedpage/IMPHY013019,Organic compounds,Organoheterocyclic compounds,Isoindoles and derivatives,Isoindolines
MQPHVIPKLRXGDJ-UHFFFAOYSA-N,3-Pinanone,O=C1CC2CC(C1C)C2(C)C,IMPHY015040,,https://cb.imsc.res.in/imppat/phytochemical-detailedpage/IMPHY015040,Organic compounds,Lipids and lipid-like molecules,Prenol lipids,Monoterpenoids
IVVIBMKOLWEERH-UHFFFAOYSA-N,8-Hydroxyquercetagetin,Oc1cc(ccc1O)c1oc2c(O)c(O)c(c(c2c(=O)c1O)O)O,IMPHY004683,,https://cb.imsc.res.in/imppat/phytochemical-detailedpage/IMPHY004683,Organic compounds,Phenylpropanoids and polyketides,Flavonoids,Flavones
AFVIGTXOPSJUAS-UHFFFAOYSA-N,Allopatuletin,COc1c(O)c(O)cc2c1c(=O)c(c(o2)c1ccc(c(c1)O)O)O,IMPHY007635,,https://cb.imsc.res.in/imppat/phytochemical-detailedpage/IMPHY007635,Organic compounds,Phenylpropanoids and polyketides,Flavonoids,Flavones
CNZCVNNPCHACGO-XVNBXDOJSA-N,BBTOAc,CC(=O)O/C=C/C#Cc1cccs1,IMPHY016525,,https://cb.imsc.res.in/imppat/phytochemical-detailedpage/IMPHY016525,Organic compounds,Organoheterocyclic compounds,Heteroaromatic compounds,
YHGJHDJZIOYZIR-URPSFYETSA-N,Helenien,CCCCCCCCCCCCCCCC(=O)O[C@@H]1CC(=C(C(C1)(C)C)/C=C/C(=C/C=C/C(=C/C=C/C=C(/C=C/C=C(/C=C/[C@H]1C(=C[C@@H](CC1(C)C)OC(=O)CCCCCCCCCCCCCCC)C)C)C)/C)/C)C,IMPHY004647,,https://cb.imsc.res.in/imppat/phytochemical-detailedpage/IMPHY004647,Organic compounds,Lipids and lipid-like molecules,Prenol lipids,Tetraterpenoids
SUGIJIFASYORQN-UHFFFAOYSA-N,"Methyl 3,5-dihydroxy-4-methoxybenzoate",COC(=O)c1cc(O)c(c(c1)O)OC,IMPHY008670,CHEMBL491990,https://cb.imsc.res.in/imppat/phytochemical-detailedpage/IMPHY008670,Organic compounds,Benzenoids,Benzene and substituted derivatives,Benzoic acids and derivatives
IDTDRZPBDLMCLB-HSOQPIRZSA-N,Quercetagitrin,OC[C@H]1O[C@@H](Oc2cc3oc(c4ccc(c(c4)O)O)c(c(=O)c3c(c2O)O)O)[C@@H]([C@H]([C@@H]1O)O)O,IMPHY010983,CHEMBL496680,https://cb.imsc.res.in/imppat/phytochemical-detailedpage/IMPHY010983,Organic compounds,Phenylpropanoids and polyketides,Flavonoids,Flavonoid glycosides
INTCVZZCTDGTCB-UHFFFAOYSA-N,beta-Cadinol,CC1=CCC2C(C1)C(CCC2(C)O)C(C)C,IMPHY016900,,https://cb.imsc.res.in/imppat/phytochemical-detailedpage/IMPHY016900,Organic compounds,Lipids and lipid-like molecules,Prenol lipids,Sesquiterpenoids
XJWZDXFFNOMMTD-UHFFFAOYSA-N,p-Menth-3-en-1-ol,CC(C1=CCC(CC1)(C)O)C,IMPHY001817,,https://cb.imsc.res.in/imppat/phytochemical-detailedpage/IMPHY001817,Organic compounds,Lipids and lipid-like molecules,Prenol lipids,Monoterpenoids
HQNOUCSPWAGQND-UIXBWGQISA-N,"3,5-dihydroxy-2-(4-hydroxyphenyl)-7-[(3S,4S,5S,6R)-3,4,5-trihydroxy-6-methyloxan-2-yl]oxychromen-4-one",O[C@@H]1C(O[C@@H]([C@H]([C@@H]1O)O)C)Oc1cc(O)c2c(c1)oc(c(c2=O)O)c1ccc(cc1)O,IMPHY004206,,https://cb.imsc.res.in/imppat/phytochemical-detailedpage/IMPHY004206,Organic compounds,Phenylpropanoids and polyketides,Flavonoids,Flavonoid glycosides
PUPKKEQDLNREIM-QNSQPKOQSA-N,Kaempferitrin,Oc1ccc(cc1)c1oc2cc(O[C@@H]3O[C@@H](C)[C@@H]([C@H]([C@H]3O)O)O)cc(c2c(=O)c1O[C@@H]1O[C@@H](C)[C@@H]([C@H]([C@H]1O)O)O)O,IMPHY006020,CHEMBL251766,https://cb.imsc.res.in/imppat/phytochemical-detailedpage/IMPHY006020,Organic compounds,Phenylpropanoids and polyketides,Flavonoids,Flavonoid glycosides
KHPAKGUGOFYJNA-UHFFFAOYSA-N,"5-(4-Acetoxybut-1-ynyl)-2,2'-bithiophene",CC(=O)OCCC#Cc1ccc(s1)c1cccs1,IMPHY003402,,https://cb.imsc.res.in/imppat/phytochemical-detailedpage/IMPHY003402,Organic compounds,Organoheterocyclic compounds,Bi- and oligothiophenes,
ASKPCVROMAYWEF-UHFFFAOYSA-N,"5-(4-Hydroxybut-1-ynyl)-2,2'-bithiophene",OCCC#Cc1ccc(s1)c1cccs1,IMPHY003381,CHEMBL2252907,https://cb.imsc.res.in/imppat/phytochemical-detailedpage/IMPHY003381,Organic compounds,Organoheterocyclic compounds,Bi- and oligothiophenes,
GXMJXGUEPXEOGR-VJYADGHHSA-N,Liguloxide,C[C@@H]1CC[C@H]2C[C@@]3(C1CC[C@@H]3C)OC2(C)C,IMPHY015795,,https://cb.imsc.res.in/imppat/phytochemical-detailedpage/IMPHY015795,Organic compounds,Organoheterocyclic compounds,Oxolanes,
VCWMRQDBPZKXKG-AELZVTBBSA-N,"(1R,2R,4S,5R)-6-[(2S,3S,4R,5S,6S)-3,4,5-trihydroxy-6-(hydroxymethyl)oxan-2-yl]oxycyclohexane-1,2,3,4,5-pentol",OC[C@@H]1O[C@@H](OC2[C@H](O)[C@H](O)C([C@@H]([C@H]2O)O)O)[C@H]([C@@H]([C@@H]1O)O)O,IMPHY011326,,https://cb.imsc.res.in/imppat/phytochemical-detailedpage/IMPHY011326,Organic compounds,Organic oxygen compounds,Organooxygen compounds,Carbohydrates and carbohydrate conjugates
TVNGRDSDHVARNR-GAJODNDLSA-N,"(2R,3R,4S,5S,6R)-2-[(2R)-4-[(1R,2S,4S,7S,8R,9S,12S,13S,15R,16R,18S)-6,15-dihydroxy-7,9,13-trimethyl-16-[(2R,3R,4S,5S,6R)-3,4,5-trihydroxy-6-[[(2S,3R,4S,5R)-3,4,5-trihydroxyoxan-2-yl]oxymethyl]oxan-2-y",OC[C@H]1O[C@@H](OC[C@@H](CCC2(O)O[C@@H]3[C@H]([C@@H]2C)[C@@]2([C@@H](C3)[C@@H]3CC[C@@H]4[C@]([C@H]3CC2)(C)C[C@H]([C@@H](C4)O[C@@H]2O[C@H](CO[C@@H]3OC[C@H]([C@@H]([C@H]3O)O)O)[C@H]([C@@H]([C@H]2O)O)O)O)C)C)[C@@H]([C@H]([C@@H]1O)O)O,IMPHY010337,,https://cb.imsc.res.in/imppat/phytochemical-detailedpage/IMPHY010337,Organic compounds,Lipids and lipid-like molecules,Steroids and steroid derivatives,Steroidal glycosides
TVNGRDSDHVARNR-JHGCWHEKSA-N,"(2R,3R,4S,5S,6R)-2-[(2S)-4-[(1R,2S,4S,7S,8R,9S,12S,13S,15R,16R,18S)-6,15-dihydroxy-7,9,13-trimethyl-16-[(2R,3R,4S,5S,6R)-3,4,5-trihydroxy-6-[[(2S,3R,4S,5R)-3,4,5-trihydroxyoxan-2-yl]oxymethyl]oxan-2-y",OC[C@H]1O[C@@H](OC[C@H](CCC2(O)O[C@@H]3[C@H]([C@@H]2C)[C@@]2([C@@H](C3)[C@@H]3CC[C@@H]4[C@]([C@H]3CC2)(C)C[C@H]([C@@H](C4)O[C@@H]2O[C@H](CO[C@@H]3OC[C@H]([C@@H]([C@H]3O)O)O)[C@H]([C@@H]([C@H]2O)O)O)O)C)C)[C@@H]([C@H]([C@@H]1O)O)O,IMPHY010262,,https://cb.imsc.res.in/imppat/phytochemical-detailedpage/IMPHY010262,Organic compounds,Lipids and lipid-like molecules,Steroids and steroid derivatives,Steroidal glycosides
SSNZFFBDIMUILS-ZHACJKMWSA-N,2-Dodecenal,CCCCCCCCC/C=C/C=O,IMPHY004426,CHEMBL2228452,https://cb.imsc.res.in/imppat/phytochemical-detailedpage/IMPHY004426,Organic compounds,Organic oxygen compounds,Organooxygen compounds,Carbonyl compounds
OSCCDBFHNMXNME-DSDZBIDZSA-N,4-Hydroxyisoleucine,CC([C@@H]([C@@H](C(=O)O)N)C)O,IMPHY002906,CHEMBL4101687,https://cb.imsc.res.in/imppat/phytochemical-detailedpage/IMPHY002906,Organic compounds,Organic acids and derivatives,Carboxylic acids and derivatives,"Amino acids, peptides, and analogues"
YBJHBAHKTGYVGT-ZKWXMUAHSA-N,Biotin,OC(=O)CCCC[C@@H]1SC[C@H]2[C@@H]1NC(=O)N2,IMPHY005544,CHEMBL857,https://cb.imsc.res.in/imppat/phytochemical-detailedpage/IMPHY005544,Organic compounds,Organoheterocyclic compounds,Biotin and derivatives,
FAPWYRCQGJNNSJ-UBKPKTQASA-L,Calcium pantothenate,OCC([C@H](C(=O)NCCC(=O)[O-])O)(C)C.OCC([C@H](C(=O)NCCC(=O)[O-])O)(C)C.[Ca+2],IMPHY001317,CHEMBL1901349,https://cb.imsc.res.in/imppat/phytochemical-detailedpage/IMPHY001317,Organic compounds,Organic acids and derivatives,Carboxylic acids and derivatives,"Amino acids, peptides, and analogues"
FDJOLVPMNUYSCM-WYVZQNDMSA-L,"Cobalt(3+);[(2R,3S,4R,5S)-5-(5,6-dimethylbenzimidazol-1-yl)-4-hydroxy-2-(hydroxymethyl)oxolan-3-yl] [(2R)-1-[3-[(1R,2R,3R,4Z,7S,9Z,12S,13S,14Z,17S,18S,19R)-2,13,18-tris(2-amino-2-oxoethyl)-7,12,17-tri",OC[C@H]1O[C@@H]([C@@H]([C@@H]1OP(=O)(OC(CNC(=O)CC[C@@]1(C)C2=N[C@H]([C@@H]1CC(=O)N)[C@]1(C)[N-]/C(=C(/C)C3=N/C(=CC4=N/C(=C2/C)/[C@@H](CCC(=O)N)C4(C)C)/[C@H]([C@]3(C)CC(=O)N)CCC(=O)N)/[C@H]([C@]1(C)CC(=O)N)CCC(=O)N)C)[O-])O)n1cnc2c1cc(C)c(c2)C.[C-]#N.[Co+3],IMPHY011485,,https://cb.imsc.res.in/imppat/phytochemical-detailedpage/IMPHY011485,Organic compounds,Organoheterocyclic compounds,Tetrapyrroles and derivatives,Corrinoids
BPLQKQKXWHCZSS-UHFFFAOYSA-N,Elemicin,C=CCc1cc(OC)c(c(c1)OC)OC,IMPHY001351,CHEMBL458690,https://cb.imsc.res.in/imppat/phytochemical-detailedpage/IMPHY001351,Organic compounds,Benzenoids,Phenol ethers,Anisoles
LFERELMXERXKKQ-KMXXXSRASA-N,Fenugreekine,O[C@@H]1[C@H](O)[C@H](O[C@H]1c1cccc(n1)C(=O)N)COP(=O)(OP(=O)(OC[C@H]1O[C@H]([C@@H]([C@@H]1O)O)n1cnc2c1ncnc2N)O)O,IMPHY000842,CHEMBL1235132,https://cb.imsc.res.in/imppat/phytochemical-detailedpage/IMPHY000842,Organic compounds,"Nucleosides, nucleotides, and analogues",Purine nucleotides,Purine nucleotide sugars
OVBPIULPVIDEAO-LBPRGKRZSA-N,Folic,OC(=O)CC[C@@H](C(=O)O)NC(=O)c1ccc(cc1)NCc1cnc2c(n1)c(=O)nc([nH]2)N,IMPHY006310,CHEMBL1622,https://cb.imsc.res.in/imppat/phytochemical-detailedpage/IMPHY006310,Organic compounds,Organic acids and derivatives,Carboxylic acids and derivatives,"Amino acids, peptides, and analogues"
FWCXELAAYFYCSR-RYKNUXCGSA-N,Gitogenin,C[C@@H]1CC[C@@]2(OC1)O[C@@H]1[C@H]([C@@H]2C)[C@@]2([C@@H](C1)[C@@H]1CC[C@@H]3[C@]([C@H]1CC2)(C)C[C@H]([C@@H](C3)O)O)C,IMPHY011682,CHEMBL1770687,https://cb.imsc.res.in/imppat/phytochemical-detailedpage/IMPHY011682,Organic compounds,Lipids and lipid-like molecules,Prenol lipids,Triterpenoids
YYYJTUAEGPSBSQ-GZCAAYOFSA-O,Graecunin D,[NH3+]CC(=O)N[C@H](C(=O)N[C@H](C(=O)N1CCC[C@H]1C(=O)N[C@H](C(=O)N[C@H](C(=O)NCC(=O)N[C@H](C(=O)N[C@H](C(=O)NCC(=O)O)Cc1c[nH]c2c1cccc2)[C@H](O)C)[C@H](O)C)CCC(=O)O)CC(=O)O)Cc1ccc(cc1)O,IMPHY002403,,https://cb.imsc.res.in/imppat/phytochemical-detailedpage/IMPHY002403,Organic compounds,Organic acids and derivatives,Carboxylic acids and derivatives,"Amino acids, peptides, and analogues"
QBFOXISCLSPTBT-UHFFFAOYSA-N,Graecunin E,OCC1OC(OC2C(OCC3OC(OC4CCC5(C(=CCC6C5CCC5(C6CC6C5C(C)C5(O6)CCC(CO5)C)C)C4)C)C(C(C3O)O)O)OC(C(C2O)O)C)C(C(C1OC1OC(CO)C(C(C1O)O)O)O)O,IMPHY001753,,https://cb.imsc.res.in/imppat/phytochemical-detailedpage/IMPHY001753,Organic compounds,Lipids and lipid-like molecules,Steroids and steroid derivatives,Steroidal glycosides
CLTHDRYPLHEQEI-UHFFFAOYSA-N,Graecunin G,OCC1OC(OC2C(OCC3OC(OC4CCC5(C(=CCC6C5CCC5(C6CC6C5C(C)C5(O6)CCC(CO5)C)C)C4)C)C(C(C3O)O)O)OC(C(C2O)O)C)C(C(C1O)O)O,IMPHY001850,,https://cb.imsc.res.in/imppat/phytochemical-detailedpage/IMPHY001850,Organic compounds,Lipids and lipid-like molecules,Steroids and steroid derivatives,Steroidal glycosides
DXDRHHKMWQZJHT-FPYGCLRLSA-N,Isoliquiritigenin,Oc1ccc(cc1)/C=C/C(=O)c1ccc(cc1O)O,IMPHY006489,CHEMBL129795,https://cb.imsc.res.in/imppat/phytochemical-detailedpage/IMPHY006489,Organic compounds,Phenylpropanoids and polyketides,"Linear 1,3-diarylpropanoids",Chalcones and dihydrochalcones
MYXNWGACZJSMBT-VJXVFPJBSA-N,Isovitexin,OC[C@H]1O[C@H]([C@@H]([C@H]([C@@H]1O)O)O)c1c(O)cc2c(c1O)c(=O)cc(o2)c1ccc(cc1)O,IMPHY008689,CHEMBL465360,https://cb.imsc.res.in/imppat/phytochemical-detailedpage/IMPHY008689,Organic compounds,Phenylpropanoids and polyketides,Flavonoids,Flavonoid glycosides
FWCXELAAYFYCSR-HJXRQQMRSA-N,Neogitogenin,C[C@H]1CC[C@@]2(OC1)O[C@@H]1[C@H]([C@@H]2C)[C@@]2([C@@H](C1)[C@@H]1CC[C@@H]3[C@]([C@H]1CC2)(C)C[C@H]([C@@H](C3)O)O)C,IMPHY011690,,https://cb.imsc.res.in/imppat/phytochemical-detailedpage/IMPHY011690,Organic compounds,Lipids and lipid-like molecules,Prenol lipids,Triterpenoids
GMBQZIIUCVWOCD-PUHUBZITSA-N,Neotigogenin,C[C@H]1CC[C@@]2(OC1)O[C@@H]1[C@H]([C@@H]2C)[C@@]2([C@@H](C1)[C@@H]1CC[C@@H]3[C@]([C@H]1CC2)(C)CC[C@@H](C3)O)C,IMPHY014759,CHEMBL3808706,https://cb.imsc.res.in/imppat/phytochemical-detailedpage/IMPHY014759,Organic compounds,Lipids and lipid-like molecules,Prenol lipids,Triterpenoids
GMBQZIIUCVWOCD-MFRNJXNGSA-N,Tigogenin,C[C@@H]1CC[C@@]2(OC1)O[C@@H]1[C@H]([C@@H]2C)[C@@]2([C@@H](C1)[C@@H]1CC[C@@H]3[C@]([C@H]1CC2)(C)CC[C@@H](C3)O)C,IMPHY012273,CHEMBL43871,https://cb.imsc.res.in/imppat/phytochemical-detailedpage/IMPHY012273,Organic compounds,Lipids and lipid-like molecules,Prenol lipids,Triterpenoids
KNZSXKKCTOYLSV-WDZWPDENSA-N,Trigofoenoside A,OC[C@H]1O[C@@H](O[C@H]2CC[C@]3(C(=CCC4C3CC[C@]3(C4CC4C3C(C)C(O4)(O)CC[C@H](CO[C@@H]3O[C@H](CO)[C@H]([C@@H]([C@H]3O)O)O)C)C)C2)C)[C@@H]([C@H]([C@@H]1O)O)O[C@@H]1O[C@@H](C)[C@@H]([C@H]([C@H]1O)O)O,IMPHY014174,,https://cb.imsc.res.in/imppat/phytochemical-detailedpage/IMPHY014174,Organic compounds,Lipids and lipid-like molecules,Steroids and steroid derivatives,Steroidal glycosides
BHXVNJJNKMZPQB-UHFFFAOYSA-N,Trigofoenoside F,OCC1OC(OCC2OC(OC3CCC4(C(=CCC5C4CCC4(C5CC5C4C(C)C(O5)(O)CCC(COC4OC(CO)C(C(C4O)O)O)C)C)C3)C)C(C(C2O)O)O)C(C(C1O)O)OC1OC(C)C(C(C1O)O)O,IMPHY009662,,https://cb.imsc.res.in/imppat/phytochemical-detailedpage/IMPHY009662,Organic compounds,Lipids and lipid-like molecules,Steroids and steroid derivatives,Steroidal glycosides
KAFSSZHADPCOBG-UHFFFAOYSA-N,Trigoforin,Cc1ccc2c(c1)oc(=O)c(c2C)C,IMPHY002076,,https://cb.imsc.res.in/imppat/phytochemical-detailedpage/IMPHY002076,Organic compounds,Phenylpropanoids and polyketides,Coumarins and derivatives,
LVTJOONKWUXEFR-YFQJTNJMSA-N,Trigonelloside C,OC[C@H]1O[C@@H](O[C@H]2CC[C@]3(C(=CC[C@@H]4[C@@H]3CC[C@]3([C@H]4C[C@H]4[C@@H]3[C@H](C)[C@@](O4)(O)CC[C@@H](CO[C@@H]3O[C@H](CO)[C@H]([C@@H]([C@H]3O)O)O)C)C)C2)C)[C@@H]([C@H]([C@@H]1O[C@@H]1O[C@@H](C)[C@@H]([C@H]([C@H]1O)O)O)O)O[C@@H]1O[C@@H](C)[C@@H]([C@H]([C@H]1O)O)O,IMPHY003688,CHEMBL1163175,https://cb.imsc.res.in/imppat/phytochemical-detailedpage/IMPHY003688,Organic compounds,Lipids and lipid-like molecules,Steroids and steroid derivatives,Steroidal glycosides
FQMSOJMRNXFKPU-GIKNKOQSSA-N,Trigoneoside IIIa,OC[C@H]1O[C@@H](O[C@H]2CC[C@]3([C@H](C2)CC[C@@H]2[C@@H]3CC[C@]3([C@H]2C[C@H]2[C@@H]3[C@H](C)C(O2)(O)CC[C@@H](CO[C@@H]2O[C@H](CO)[C@H]([C@@H]([C@H]2O)O)O)C)C)C)[C@@H]([C@H]([C@@H]1O)O)O[C@@H]1O[C@@H](C)[C@@H]([C@H]([C@H]1O)O)O,IMPHY010259,,https://cb.imsc.res.in/imppat/phytochemical-detailedpage/IMPHY010259,Organic compounds,Lipids and lipid-like molecules,Steroids and steroid derivatives,Steroidal glycosides
FQMSOJMRNXFKPU-YGKROKKQSA-N,Trigoneoside IIIb,OC[C@H]1O[C@@H](O[C@H]2CC[C@]3([C@H](C2)CC[C@@H]2[C@@H]3CC[C@]3([C@H]2C[C@H]2[C@@H]3[C@H](C)C(O2)(O)CC[C@H](CO[C@@H]2O[C@H](CO)[C@H]([C@@H]([C@H]2O)O)O)C)C)C)[C@@H]([C@H]([C@@H]1O)O)O[C@@H]1O[C@@H](C)[C@@H]([C@H]([C@H]1O)O)O,IMPHY010261,,https://cb.imsc.res.in/imppat/phytochemical-detailedpage/IMPHY010261,Organic compounds,Lipids and lipid-like molecules,Steroids and steroid derivatives,Steroidal glycosides
OVMFOVNOXASTPA-YYOHTSHRSA-N,Vicenin 1,OCC1O[C@H](C([C@@H]([C@@H]1O)O)O)c1c(O)c([C@@H]2OC[C@H]([C@@H](C2O)O)O)c(c2c1oc(cc2=O)c1ccc(cc1)O)O,IMPHY011723,,https://cb.imsc.res.in/imppat/phytochemical-detailedpage/IMPHY011723,Organic compounds,Phenylpropanoids and polyketides,Flavonoids,Flavonoid glycosides
FJGOEBQRHWKKJH-HDSLRLKJSA-N,Vitexin 2''-O-p-coumarate,OCC1O[C@H](C([C@H]([C@@H]1O)O)OC(=O)/C=C/c1ccc(cc1)O)c1c(O)cc(c2c1oc(cc2=O)c1ccc(cc1)O)O,IMPHY004762,,https://cb.imsc.res.in/imppat/phytochemical-detailedpage/IMPHY004762,Organic compounds,Phenylpropanoids and polyketides,Flavonoids,Flavonoid glycosides
HHRPSKAYQPDDGQ-NRNYDKAHSA-N,Vitexin 7-O-glucoside,OCC1O[C@H](C([C@H]([C@@H]1O)O)O)c1c(O[C@@H]2OC(CO)[C@H]([C@@H](C2O)O)O)cc(c2c1oc(cc2=O)c1ccc(cc1)O)O,IMPHY010268,,https://cb.imsc.res.in/imppat/phytochemical-detailedpage/IMPHY010268,Organic compounds,Phenylpropanoids and polyketides,Flavonoids,Flavonoid glycosides
WQLVFSAGQJTQCK-CAKNJAFZSA-N,Yamogenin,C[C@H]1CC[C@@]2(OC1)O[C@@H]1[C@H]([C@@H]2C)[C@@]2([C@@H](C1)[C@@H]1CC=C3[C@]([C@H]1CC2)(C)CC[C@@H](C3)O)C,IMPHY003711,CHEMBL400807,https://cb.imsc.res.in/imppat/phytochemical-detailedpage/IMPHY003711,Organic compounds,Lipids and lipid-like molecules,Prenol lipids,Triterpenoids
ORXKASWXOVPKDV-UBWBUNFISA-N,Yuccagenin,C[C@@H]1CC[C@@]2(OC1)O[C@@H]1[C@H]([C@@H]2C)[C@@]2([C@@H](C1)[C@@H]1CC=C3[C@]([C@H]1CC2)(C)C[C@H]([C@@H](C3)O)O)C,IMPHY010851,,https://cb.imsc.res.in/imppat/phytochemical-detailedpage/IMPHY010851,Organic compounds,Lipids and lipid-like molecules,Prenol lipids,Triterpenoids
RLAUJYFETVMGAO-UHFFFAOYSA-N,(-)-Trigoneoside XIb,OCC1OC(OC2CC3CCC4C(C3(CC2O)C)CCC2(C4CC3C2C(C(O3)(O)CCC(COC2OC(CO)C(C(C2O)O)O)C)C)C)C(C(C1O)O)OC1OCC(C(C1O)O)O,IMPHY016914,,https://cb.imsc.res.in/imppat/phytochemical-detailedpage/IMPHY016914,Organic compounds,Lipids and lipid-like molecules,Steroids and steroid derivatives,Steroidal glycosides
ISFAETRPBLFKQD-VTVFJGAMSA-N,"(2R,3S,4S,5R,6R)-2-(hydroxymethyl)-6-[(2S)-4-[(1R,2S,4S,7S,8R,9S,12S,13S,16S,18S)-6-hydroxy-7,9,13-trimethyl-16-[(2R,3R,4S,5S,6R)-3,4,5-trihydroxy-6-[[(2S,3R,4S,5R)-3,4,5-trihydroxyoxan-2-yl]oxymethyl",OC[C@H]1O[C@@H](OC[C@H](CCC2(O)O[C@@H]3[C@H]([C@@H]2C)[C@@]2([C@@H](C3)[C@@H]3CC[C@@H]4[C@]([C@H]3CC2)(C)CC[C@@H](C4)O[C@@H]2O[C@H](CO[C@@H]3OC[C@H]([C@@H]([C@H]3O)O)O)[C@H]([C@@H]([C@H]2O)O)O)C)C)[C@@H]([C@H]([C@@H]1O)O)O,IMPHY010287,,https://cb.imsc.res.in/imppat/phytochemical-detailedpage/IMPHY010287,Organic compounds,Lipids and lipid-like molecules,Steroids and steroid derivatives,Steroidal glycosides
LWXZBNGSFONONO-DYMFOSIASA-N,"(2S,3R,4R,5R,6S)-2-[(2R,3R,4S,5S,6R)-4,5-dihydroxy-6-(hydroxymethyl)-2-[[(1S,2S,4S,7S,8R,9S,12S,13R,16S)-6-hydroxy-7,9,13-trimethyl-6-[(3R)-3-methyl-4-[(2R,3R,4S,5S,6R)-3,4,5-trihydroxy-6-(hydroxymeth",OC[C@H]1O[C@@H](O[C@H]2CC[C@]3(C(=C2)CC[C@@H]2[C@@H]3CC[C@]3([C@H]2C[C@H]2[C@@H]3[C@H](C)C(O2)(O)CC[C@H](CO[C@@H]2O[C@H](CO)[C@H]([C@@H]([C@H]2O)O)O)C)C)C)[C@@H]([C@H]([C@@H]1O)O)O[C@@H]1O[C@@H](C)[C@@H]([C@H]([C@H]1O)O)O,IMPHY016916,,https://cb.imsc.res.in/imppat/phytochemical-detailedpage/IMPHY016916,Organic compounds,Lipids and lipid-like molecules,Steroids and steroid derivatives,Steroidal glycosides
DFNZYFAJQPLJFI-UHFFFAOYSA-N,Gentianine,C=Cc1cncc2c1CCOC2=O,IMPHY003257,CHEMBL4753058,https://cb.imsc.res.in/imppat/phytochemical-detailedpage/IMPHY003257,Organic compounds,Organoheterocyclic compounds,Pyranopyridines,
HSSJYSJXBOCKQM-UHFFFAOYSA-N,Methyl protodioscin,OCC1OC(OC2CCC3(C(=CCC4C3CCC3(C4CC4C3C(C)C(O4)(OC)CCC(COC3OC(CO)C(C(C3O)O)O)C)C)C2)C)C(C(C1OC1OC(C)C(C(C1O)O)O)O)OC1OC(C)C(C(C1O)O)O,IMPHY012579,,https://cb.imsc.res.in/imppat/phytochemical-detailedpage/IMPHY012579,Organic compounds,Lipids and lipid-like molecules,Steroids and steroid derivatives,Steroidal glycosides
RWRDLPDLKQPQOW-UHFFFAOYSA-N,Pyrrolidine,C1CCCN1,IMPHY003499,CHEMBL22830,https://cb.imsc.res.in/imppat/phytochemical-detailedpage/IMPHY003499,Organic compounds,Organoheterocyclic compounds,Pyrrolidines,
GMBQZIIUCVWOCD-WWASVFFGSA-N,Sarsasapogenin,C[C@H]1CC[C@@]2(OC1)O[C@@H]1[C@H]([C@@H]2C)[C@@]2([C@@H](C1)[C@@H]1CC[C@H]3[C@]([C@H]1CC2)(C)CC[C@@H](C3)O)C,IMPHY012274,CHEMBL1171146,https://cb.imsc.res.in/imppat/phytochemical-detailedpage/IMPHY012274,Organic compounds,Lipids and lipid-like molecules,Prenol lipids,Triterpenoids
GMBQZIIUCVWOCD-UQHLGXRBSA-N,Smilagenin,C[C@@H]1CC[C@@]2(OC1)O[C@@H]1[C@H]([C@@H]2C)[C@@]2([C@@H](C1)[C@@H]1CC[C@H]3[C@]([C@H]1CC2)(C)CC[C@@H](C3)O)C,IMPHY012272,CHEMBL4465923,https://cb.imsc.res.in/imppat/phytochemical-detailedpage/IMPHY012272,Organic compounds,Lipids and lipid-like molecules,Prenol lipids,Triterpenoids
BTKYWGCMCQREJD-UHFFFAOYSA-N,Trigofoenoside G,OCC1OC(OCC2OC(OC3CCC4(C(=CCC5C4CCC4(C5CC5C4C(C)C(O5)(O)CCC(COC4OC(CO)C(C(C4O)O)O)C)C)C3)C)C(C(C2O)O)O)C(C(C1OC1OCC(C(C1O)O)O)O)OC1OC(C)C(C(C1O)O)O,IMPHY016911,,https://cb.imsc.res.in/imppat/phytochemical-detailedpage/IMPHY016911,Organic compounds,Lipids and lipid-like molecules,Steroids and steroid derivatives,Steroidal glycosides
ISFAETRPBLFKQD-BSQWYLHDSA-N,Trigoneoside IIb,OC[C@H]1O[C@@H](OC[C@@H](CCC2(O)O[C@@H]3[C@H]([C@@H]2C)[C@@]2([C@@H](C3)[C@@H]3CC[C@@H]4[C@]([C@H]3CC2)(C)CC[C@@H](C4)O[C@@H]2O[C@H](CO[C@@H]3OC[C@H]([C@@H]([C@H]3O)O)O)[C@H]([C@@H]([C@H]2O)O)O)C)C)[C@@H]([C@H]([C@@H]1O)O)O,IMPHY010288,,https://cb.imsc.res.in/imppat/phytochemical-detailedpage/IMPHY010288,Organic compounds,Lipids and lipid-like molecules,Steroids and steroid derivatives,Steroidal glycosides
GJVYYBVWPSQRTC-UHFFFAOYSA-N,Trigoneoside XIIIa,OCC1OC(OC2CCC3(C(=CCC4C3CCC3(C4CC4C3C(C)C(O4)(O)CCC(COC3OC(CO)C(C(C3O)O)O)C)C)C2)C)C(C(C1OC1OC(CO)C(C(C1O)OC1OC(CO)C(C(C1O)O)O)O)O)OC1OC(C)C(C(C1O)O)O,IMPHY016917,,https://cb.imsc.res.in/imppat/phytochemical-detailedpage/IMPHY016917,Organic compounds,Lipids and lipid-like molecules,Steroids and steroid derivatives,Steroidal glycosides
LWXZBNGSFONONO-WYOQVTGSSA-N,Trigoneoside XIIa,OC[C@H]1O[C@@H](O[C@H]2CC[C@]3(C(=C2)CC[C@@H]2[C@@H]3CC[C@]3([C@H]2C[C@H]2[C@@H]3[C@H](C)C(O2)(O)CC[C@@H](CO[C@@H]2O[C@H](CO)[C@H]([C@@H]([C@H]2O)O)O)C)C)C)[C@@H]([C@H]([C@@H]1O)O)O[C@@H]1O[C@@H](C)[C@@H]([C@H]([C@H]1O)O)O,IMPHY016915,,https://cb.imsc.res.in/imppat/phytochemical-detailedpage/IMPHY016915,Organic compounds,Lipids and lipid-like molecules,Steroids and steroid derivatives,Steroidal glycosides
WROHFEWGWYQNPP-UWFONYLGSA-N,Trigoneoside Xa,OC[C@H]1O[C@@H](O[C@@H]2C[C@@H]3CC[C@@H]4[C@@H]([C@]3(C[C@H]2O)C)CC[C@]2([C@H]4C[C@H]3[C@@H]2[C@@H](C(O3)(O)CC[C@@H](CO[C@@H]2O[C@H](CO)[C@H]([C@@H]([C@H]2O)O)O)C)C)C)[C@@H]([C@H]([C@@H]1O)O)O[C@@H]1O[C@@H](C)[C@@H]([C@H]([C@H]1O)O)O,IMPHY016912,,https://cb.imsc.res.in/imppat/phytochemical-detailedpage/IMPHY016912,Organic compounds,Lipids and lipid-like molecules,Steroids and steroid derivatives,Steroidal glycosides
WROHFEWGWYQNPP-UCDNYNMGSA-N,Trigoneoside Xb,OC[C@H]1O[C@@H](OC2CC3CCC4C(C3(CC2O)C)CCC2(C4CC3C2C(C(O3)(O)CCC(CO[C@@H]2O[C@H](CO)[C@H]([C@@H]([C@H]2O)O)O)C)C)C)[C@@H]([C@H]([C@@H]1O)O)O[C@@H]1O[C@@H](C)[C@@H]([C@H]([C@H]1O)O)O,IMPHY016913,,https://cb.imsc.res.in/imppat/phytochemical-detailedpage/IMPHY016913,Organic compounds,Lipids and lipid-like molecules,Steroids and steroid derivatives,Steroidal glycosides
BJBKXYIIWYIZCX-UHFFFAOYSA-N,Trigraecum,COc1cc2c(=O)cc(oc2cc1O)c1ccccc1,IMPHY013200,,https://cb.imsc.res.in/imppat/phytochemical-detailedpage/IMPHY013200,Organic compounds,Phenylpropanoids and polyketides,Flavonoids,O-methylated flavonoids
PKHBEGZTQNOZLP-YDFGWWAZSA-N,"1,3,6-Octatriene",C/C=C/C/C=C/C=C,IMPHY015160,,https://cb.imsc.res.in/imppat/phytochemical-detailedpage/IMPHY015160,Organic compounds,Hydrocarbons,Unsaturated hydrocarbons,Olefins
NXJIRNVLVAPDED-UHFFFAOYSA-N,"1,6,10-Dodecatrien-3-ol",CC=CCCC=CCCC(C=C)O,IMPHY014438,,https://cb.imsc.res.in/imppat/phytochemical-detailedpage/IMPHY014438,Organic compounds,Lipids and lipid-like molecules,Fatty acyls,Fatty alcohols
RUNKGVUWVSQTNK-UHFFFAOYSA-N,"2,6,10-Dodecatrienal",CC=CCCC=CCCC=CC=O,IMPHY015238,,https://cb.imsc.res.in/imppat/phytochemical-detailedpage/IMPHY015238,Organic compounds,Organic oxygen compounds,Organooxygen compounds,Carbonyl compounds
PQANGXXSEABURG-UHFFFAOYSA-N,2-Cyclohexen-1-OL,OC1CCCC=C1,IMPHY016223,CHEMBL4787259,https://cb.imsc.res.in/imppat/phytochemical-detailedpage/IMPHY016223,Organic compounds,Organic oxygen compounds,Organooxygen compounds,Alcohols and polyols
YTFTXKBJICNYCV-PXBBAZSNSA-N,24-Methyldesmosterol,O[C@H]1CC[C@]2(C(=CC[C@@H]3[C@@H]2CC[C@]2([C@H]3CC[C@@H]2[C@@H](CCC(=C(C)C)C)C)C)C1)C,IMPHY005833,,https://cb.imsc.res.in/imppat/phytochemical-detailedpage/IMPHY005833,Organic compounds,Lipids and lipid-like molecules,Steroids and steroid derivatives,Ergostane steroids
DCFDVJPDXYGCOK-UHFFFAOYSA-N,3-Cyclohexene-1-carboxaldehyde,O=CC1CCC=CC1,IMPHY006012,CHEMBL3188123,https://cb.imsc.res.in/imppat/phytochemical-detailedpage/IMPHY006012,Organic compounds,Organic oxygen compounds,Organic oxides,
RRSCOATZGKEZKA-UHFFFAOYSA-N,4-Methyl-3-pentenyl,[CH2-]C[C-]=C([CH2+])[CH2+],IMPHY017377,,https://cb.imsc.res.in/imppat/phytochemical-detailedpage/IMPHY017377,Organic compounds,Hydrocarbons,Unsaturated hydrocarbons,Branched unsaturated hydrocarbons
AVHNDAZRNRAYTP-BQYQJAHWSA-N,7-Tetradecenal,CCCCCC/C=C/CCCCCC=O,IMPHY015446,,https://cb.imsc.res.in/imppat/phytochemical-detailedpage/IMPHY015446,Organic compounds,Lipids and lipid-like molecules,Fatty acyls,Fatty aldehydes
KRKQHNVYOWTEQO-UHFFFAOYSA-N,Pentadecanenitrile,CCCCCCCCCCCCCCC#N,IMPHY015882,,https://cb.imsc.res.in/imppat/phytochemical-detailedpage/IMPHY015882,Organic compounds,Organic nitrogen compounds,Organonitrogen compounds,Organic cyanides
AZOCECCLWFDTAP-RKDXNWHRSA-N,(+)-Dihydrocarvone,CC(=C)[C@@H]1CC[C@H](C(=O)C1)C,IMPHY012002,CHEMBL2268553,https://cb.imsc.res.in/imppat/phytochemical-detailedpage/IMPHY012002,Organic compounds,Lipids and lipid-like molecules,Prenol lipids,Monoterpenoids
KSBJAONOPKRVRR-LTTRRGSQSA-N,"(1R,2R,5S,8S,9S,10S,11S)-5-hydroxy-11-methyl-6-methylidene-12-oxo-13-oxapentacyclo[9.3.3.15,8.01,10.02,8]octadecane-9-carboxylic acid",OC(=O)[C@H]1[C@H]2[C@]3([C@H]4[C@]51CC(=C)[C@](C5)(O)CC4)CCC[C@]2(C)C(=O)OC3,IMPHY004116,,https://cb.imsc.res.in/imppat/phytochemical-detailedpage/IMPHY004116,Organic compounds,Lipids and lipid-like molecules,Prenol lipids,Diterpenoids
JNRFHJQRIUJTNO-NMHJOPEOSA-N,"(3E,5E,7E,9E,11E,13E,15E,17E,19E)-20-[(4R)-4-hydroxy-2,6,6-trimethylcyclohexen-1-yl]-5,9,14,18-tetramethylicosa-3,5,7,9,11,13,15,17,19-nonaen-2-one",O[C@@H]1CC(=C(C(C1)(C)C)/C=C/C(=C/C=C/C(=C/C=C/C=C(/C=C/C=C(/C=C/C(=O)C)C)C)/C)/C)C,IMPHY002281,,https://cb.imsc.res.in/imppat/phytochemical-detailedpage/IMPHY002281,Organic compounds,Lipids and lipid-like molecules,Prenol lipids,Triterpenoids
YLUSVJDFTAATNS-RFIAJWJGSA-N,"(6S,7aR)-2-[(2E,4E,6E,8E,10E,12E,14E)-15-[(6S,7aR)-6-hydroxy-4,4,7a-trimethyl-2,5,6,7-tetrahydro-1-benzofuran-2-yl]-6,11-dimethylhexadeca-2,4,6,8,10,12,14-heptaen-2-yl]-4,4,7a-trimethyl-2,5,6,7-tetrah",O[C@@H]1C[C@@]2(C)OC(C=C2C(C1)(C)C)/C(=C/C=C/C(=C/C=C/C=C(/C=C/C=C(/C1C=C2[C@@](O1)(C)C[C@H](CC2(C)C)O)C)C)/C)/C,IMPHY010161,,https://cb.imsc.res.in/imppat/phytochemical-detailedpage/IMPHY010161,Organic compounds,Lipids and lipid-like molecules,Prenol lipids,Tetraterpenoids
XEZNGIUYQVAUSS-UHFFFAOYSA-N,"1,4,7,10,13,16-Hexaoxacyclooctadecane",O1CCOCCOCCOCCOCCOCC1,IMPHY015162,CHEMBL155204,https://cb.imsc.res.in/imppat/phytochemical-detailedpage/IMPHY015162,Organic compounds,Organic oxygen compounds,Organooxygen compounds,Ethers
VFTFKUDGYRBSAL-UHFFFAOYSA-N,"1,4,7,10,13-Pentaoxacyclopentadecane",O1CCOCCOCCOCCOCC1,IMPHY017283,CHEMBL156289,https://cb.imsc.res.in/imppat/phytochemical-detailedpage/IMPHY017283,Organic compounds,Organic oxygen compounds,Organooxygen compounds,Ethers
AVJYNJQKPDKJBG-UHFFFAOYSA-N,"1,4,7,10-Tetraoxacyclodecane",C1COCCOOCCO1,IMPHY015163,,https://cb.imsc.res.in/imppat/phytochemical-detailedpage/IMPHY015163,Organic compounds,Organic oxygen compounds,Organic oxides,Organic peroxides
BHSZYKGHISLXHM-GOALLJMFSA-N,2'-Apo-beta-carotenal,O=C/C=CC(=C/C=CC(=CC=CC(=CC=C/C=C(/C=C/C=C(C=CC1=C(C)CCCC1(C)C)/C)C)C)C)C,IMPHY013694,,https://cb.imsc.res.in/imppat/phytochemical-detailedpage/IMPHY013694,Organic compounds,Lipids and lipid-like molecules,Prenol lipids,Sesquaterpenoids
JZRAOXRUPYISEN-MOEPPVLCSA-N,2-(E)-O-feruloyl-D-galactaric acid,COc1cc(/C=C/C(=O)O[C@H]([C@H]([C@H]([C@@H](C(=O)O)O)O)O)C(=O)O)ccc1O,IMPHY001680,,https://cb.imsc.res.in/imppat/phytochemical-detailedpage/IMPHY001680,Organic compounds,Organic oxygen compounds,Organooxygen compounds,Carbohydrates and carbohydrate conjugates
ZAJNGDIORYACQU-UHFFFAOYSA-N,2-Decanone,CCCCCCCCC(=O)C,IMPHY009460,CHEMBL47127,https://cb.imsc.res.in/imppat/phytochemical-detailedpage/IMPHY009460,Organic compounds,Organic oxygen compounds,Organooxygen compounds,Carbonyl compounds
FZVMEYWMTUXZJF-GQCTYLIASA-N,2-Isononenal,O=C/C=C/CCCC(C)C,IMPHY016244,,https://cb.imsc.res.in/imppat/phytochemical-detailedpage/IMPHY016244,Organic compounds,Organic oxygen compounds,Organooxygen compounds,Carbonyl compounds
SSXJHQZOHUYEGD-UHFFFAOYSA-N,"3,3',4',5,6,7,8-Heptamethoxyflavone",COc1cc(ccc1OC)c1oc2c(OC)c(OC)c(c(c2c(=O)c1OC)OC)OC,IMPHY010620,CHEMBL77993,https://cb.imsc.res.in/imppat/phytochemical-detailedpage/IMPHY010620,Organic compounds,Phenylpropanoids and polyketides,Flavonoids,O-methylated flavonoids
XPDXSIYURCKZBY-UHFFFAOYSA-N,"3,9-Epoxy-p-menta-1,8(10)-diene",C=C1CCC2C(C1)OCC2=C,IMPHY017948,,https://cb.imsc.res.in/imppat/phytochemical-detailedpage/IMPHY017948,Organic compounds,Organoheterocyclic compounds,Benzofurans,
SYBYTAAJFKOIEJ-UHFFFAOYSA-N,3-Methyl-2-butanone,CC(=O)C(C)C,IMPHY000042,CHEMBL3183920,https://cb.imsc.res.in/imppat/phytochemical-detailedpage/IMPHY000042,Organic compounds,Organic oxygen compounds,Organooxygen compounds,Carbonyl compounds
UIMAEYMKYMNCGW-UHFFFAOYSA-N,4-Methyl-beta-methylenecyclohex-3-ene-1-ethanol,OCC(=C)C1CCC(=CC1)C,IMPHY004532,,https://cb.imsc.res.in/imppat/phytochemical-detailedpage/IMPHY004532,Organic compounds,Lipids and lipid-like molecules,Prenol lipids,Monoterpenoids
KKJQZEWNZXRJFG-UHFFFAOYSA-N,4-Methylpyrrolidine-2-carboxylic acid,CC1CC(NC1)C(=O)O,IMPHY015389,,https://cb.imsc.res.in/imppat/phytochemical-detailedpage/IMPHY015389,Organic compounds,Organic acids and derivatives,Carboxylic acids and derivatives,"Amino acids, peptides, and analogues"
PVRYOKQFLBSILA-UHFFFAOYSA-N,5-Acetyl-2-methylpyridine,Cc1ccc(cn1)C(=O)C,IMPHY015403,,https://cb.imsc.res.in/imppat/phytochemical-detailedpage/IMPHY015403,Organic compounds,Organic oxygen compounds,Organooxygen compounds,Carbonyl compounds
DFMMVLFMMAQXHZ-DOKBYWHISA-N,Apocarotenal,O=C/C(=C/C=C/C(=C/C=C/C=C(/C=C/C=C(/C=C/C1=C(C)CCCC1(C)C)C)C)/C)/C,IMPHY010959,,https://cb.imsc.res.in/imppat/phytochemical-detailedpage/IMPHY010959,Organic compounds,Lipids and lipid-like molecules,Prenol lipids,Triterpenoids
KJPRLNWUNMBNBZ-QPJJXVBHSA-N,Cinnamaldehyde,O=C/C=C/c1ccccc1,IMPHY011882,CHEMBL293492,https://cb.imsc.res.in/imppat/phytochemical-detailedpage/IMPHY011882,Organic compounds,Phenylpropanoids and polyketides,Cinnamaldehydes,
GFPJSSAOISEBQL-FZKBJVJCSA-N,Citroxanthin,C/C(=CC=CC=C(C=CC=C(C1C=C2C(O1)(C)CCCC2(C)C)/C)/C)/C=C/C=C(/C=C/C1=C(C)CCCC1(C)C)C,IMPHY004607,,https://cb.imsc.res.in/imppat/phytochemical-detailedpage/IMPHY004607,Organic compounds,Lipids and lipid-like molecules,Prenol lipids,Tetraterpenoids
WDRDJEBCECSBAJ-UHFFFAOYSA-N,Dehydrocarveol,CC(=C)C1CC=C(C(=C1)O)C,IMPHY017929,,https://cb.imsc.res.in/imppat/phytochemical-detailedpage/IMPHY017929,Organic compounds,Lipids and lipid-like molecules,Prenol lipids,Monoterpenoids
DOFJNFPSMUCECH-UHFFFAOYSA-N,Demethylnobiletin,COc1cc(ccc1OC)c1cc(=O)c2c(o1)c(OC)c(c(c2O)OC)OC,IMPHY011408,CHEMBL75978,https://cb.imsc.res.in/imppat/phytochemical-detailedpage/IMPHY011408,Organic compounds,Phenylpropanoids and polyketides,Flavonoids,O-methylated flavonoids
WDAXFOBOLVPGLV-UHFFFAOYSA-N,Ethyl isobutyrate,CCOC(=O)C(C)C,IMPHY007007,CHEMBL295870,https://cb.imsc.res.in/imppat/phytochemical-detailedpage/IMPHY007007,Organic compounds,Organic acids and derivatives,Carboxylic acids and derivatives,Carboxylic acid derivatives
VNCQCPQAMDQEBY-YTJHIPEWSA-N,Gibberellin A19,O=C[C@]12CCC[C@@]([C@H]2[C@@H]([C@@]23[C@H]1CC[C@](C3)(C(=C)C2)O)C(=O)O)(C)C(=O)O,IMPHY008080,,https://cb.imsc.res.in/imppat/phytochemical-detailedpage/IMPHY008080,Organic compounds,Lipids and lipid-like molecules,Prenol lipids,Diterpenoids
OXFPYCSNYOFUCH-KQBHUUJHSA-N,Gibberellin A20,OC(=O)[C@H]1[C@H]2[C@]3([C@H]4[C@]51CC(=C)[C@](C5)(O)CC4)CCC[C@@]2(C)C(=O)O3,IMPHY008084,,https://cb.imsc.res.in/imppat/phytochemical-detailedpage/IMPHY008084,Organic compounds,Lipids and lipid-like molecules,Prenol lipids,Diterpenoids
QQRSSHFHXYSOMF-CXXOJBQZSA-N,Gibberellin A24,O=C[C@]12CCC[C@@]([C@H]2[C@@H]([C@@]23[C@H]1CC[C@H](C3)C(=C)C2)C(=O)O)(C)C(=O)O,IMPHY008727,,https://cb.imsc.res.in/imppat/phytochemical-detailedpage/IMPHY008727,Organic compounds,Lipids and lipid-like molecules,Prenol lipids,Diterpenoids
CZEMYYICWZPENF-VOLTXKGXSA-N,Gibberellin A53,OC(=O)[C@H]1[C@H]2[C@@]([C@H]3[C@]41CC(=C)[C@](C4)(O)CC3)(C)CCC[C@@]2(C)C(=O)O,IMPHY003460,,https://cb.imsc.res.in/imppat/phytochemical-detailedpage/IMPHY003460,Organic compounds,Lipids and lipid-like molecules,Prenol lipids,Diterpenoids
XINCECQTMHSORG-UHFFFAOYSA-N,Isoamyl isovalerate,CC(CCOC(=O)CC(C)C)C,IMPHY015749,CHEMBL3189076,https://cb.imsc.res.in/imppat/phytochemical-detailedpage/IMPHY015749,Organic compounds,Lipids and lipid-like molecules,Fatty acyls,Fatty acid esters
VHVOLFRBFDOUSH-NSCUHMNNSA-N,Isosafrole,C/C=C/c1ccc2c(c1)OCO2,IMPHY006332,CHEMBL487603,https://cb.imsc.res.in/imppat/phytochemical-detailedpage/IMPHY006332,Organic compounds,Organoheterocyclic compounds,Benzodioxoles,
UYCWETIUOAGWIL-UHFFFAOYSA-N,Isosinensetin,COc1cc(ccc1OC)c1cc(=O)c2c(o1)c(OC)c(cc2OC)OC,IMPHY011513,CHEMBL451707,https://cb.imsc.res.in/imppat/phytochemical-detailedpage/IMPHY011513,Organic compounds,Phenylpropanoids and polyketides,Flavonoids,O-methylated flavonoids
RBHIUNHSNSQJNG-UHFFFAOYSA-N,Limonene dioxide,CC1(OC1)C1CCC2(C(C1)O2)C,IMPHY007949,CHEMBL1880461,https://cb.imsc.res.in/imppat/phytochemical-detailedpage/IMPHY007949,Organic compounds,Organoheterocyclic compounds,Oxepanes,
WOJQWDNWUNSRTA-MSGMIQHVSA-N,Limonoic acid,OC[C@]12[C@H](CC(=O)O)OC([C@@H]1CC(=O)[C@@]1([C@@H]2CC[C@@]([C@]21O[C@@H]2C(=O)O)(C)[C@H](c1cocc1)O)C)(C)C,IMPHY012516,,https://cb.imsc.res.in/imppat/phytochemical-detailedpage/IMPHY012516,Organic compounds,Lipids and lipid-like molecules,Prenol lipids,Triterpenoids
JRSMRFHLUZKHCR-WPRPVWTQSA-N,"Linalool oxide, pyrane, (Z)-",C=C[C@]1(C)OC(C)(C)CC[C@@H]1O,IMPHY006519,,https://cb.imsc.res.in/imppat/phytochemical-detailedpage/IMPHY006519,Organic compounds,Organoheterocyclic compounds,Oxanes,
YNNRPBRNWWIQPQ-MAAFUUECSA-N,Luteoxanthin,C/C(=CC=CC=C(C=CC=C(C1C=C2[C@@](O1)(C)C[C@H](CC2(C)C)O)/C)/C)/C=C/C=C(/C=C/[C@]12O[C@]2(C)C[C@H](CC1(C)C)O)C,IMPHY002029,,https://cb.imsc.res.in/imppat/phytochemical-detailedpage/IMPHY002029,Organic compounds,Lipids and lipid-like molecules,Prenol lipids,Tetraterpenoids
BHIWKHZACMWKOJ-UHFFFAOYSA-N,Methyl isobutyrate,COC(=O)C(C)C,IMPHY016748,,https://cb.imsc.res.in/imppat/phytochemical-detailedpage/IMPHY016748,Organic compounds,Organic acids and derivatives,Carboxylic acids and derivatives,Carboxylic acid derivatives
HXTFHSYLYXVTHC-AJHDJQPGSA-N,Narirutin,Oc1ccc(cc1)[C@@H]1CC(=O)c2c(O1)cc(cc2O)O[C@@H]1O[C@H](CO[C@@H]2O[C@@H](C)[C@@H]([C@H]([C@H]2O)O)O)[C@H]([C@@H]([C@H]1O)O)O,IMPHY011202,CHEMBL446246,https://cb.imsc.res.in/imppat/phytochemical-detailedpage/IMPHY011202,Organic compounds,Phenylpropanoids and polyketides,Flavonoids,Flavonoid glycosides
MRIAQLRQZPPODS-UHFFFAOYSA-N,Nobiletin,COc1cc(ccc1OC)c1cc(=O)c2c(o1)c(OC)c(c(c2OC)OC)OC,IMPHY006618,CHEMBL76447,https://cb.imsc.res.in/imppat/phytochemical-detailedpage/IMPHY006618,Organic compounds,Phenylpropanoids and polyketides,Flavonoids,O-methylated flavonoids
FWWQKRXKHIRPJY-UHFFFAOYSA-N,Octadecanal,CCCCCCCCCCCCCCCCCC=O,IMPHY009859,,https://cb.imsc.res.in/imppat/phytochemical-detailedpage/IMPHY009859,Organic compounds,Lipids and lipid-like molecules,Fatty acyls,Fatty aldehydes
UMEJBWOWZDRULR-UHFFFAOYSA-N,P-Menth-1-en-9-al,O=CC(C1CCC(=CC1)C)C,IMPHY004679,,https://cb.imsc.res.in/imppat/phytochemical-detailedpage/IMPHY004679,Organic compounds,Lipids and lipid-like molecules,Prenol lipids,Monoterpenoids
WTXBCFKGCNWPLS-UHFFFAOYSA-N,Perillyl acetate,CC(=O)OCC1=CCC(CC1)C(=C)C,IMPHY015889,,https://cb.imsc.res.in/imppat/phytochemical-detailedpage/IMPHY015889,Organic compounds,Lipids and lipid-like molecules,Prenol lipids,Monoterpenoids
YVLPJIGOMTXXLP-KEKOKYSKSA-N,Phytoene,C/C(=CC=CC=C(CC/C=C(/CC/C=C(/CCC=C(C)C)C)C)/C)/CC/C=C(/CC/C=C(/CCC=C(C)C)C)C,IMPHY004380,CHEMBL1988265,https://cb.imsc.res.in/imppat/phytochemical-detailedpage/IMPHY004380,Organic compounds,Lipids and lipid-like molecules,Prenol lipids,Tetraterpenoids
OVSVTCFNLSGAMM-OUOOUFEBSA-N,Phytofluene,C/C(=CC=CC=C(C=CC=C(CC/C=C(/CCC=C(C)C)C)/C)/C)/CC/C=C(/CC/C=C(/CCC=C(C)C)C)C,IMPHY006465,,https://cb.imsc.res.in/imppat/phytochemical-detailedpage/IMPHY006465,Organic compounds,Lipids and lipid-like molecules,Prenol lipids,Tetraterpenoids
LKMNXYDUQXAUCZ-UHFFFAOYSA-N,Sinensetin,COc1ccc(cc1OC)c1cc(=O)c2c(o1)cc(c(c2OC)OC)OC,IMPHY002591,CHEMBL226507,https://cb.imsc.res.in/imppat/phytochemical-detailedpage/IMPHY002591,Organic compounds,Phenylpropanoids and polyketides,Flavonoids,O-methylated flavonoids
DZVXRFMREAADPP-UHFFFAOYSA-N,Thujyl alcohol,OC1CC2(C(C1C)C2)C(C)C,IMPHY000173,,https://cb.imsc.res.in/imppat/phytochemical-detailedpage/IMPHY000173,Organic compounds,Lipids and lipid-like molecules,Prenol lipids,Monoterpenoids
BGEHHAVMRVXCGR-UHFFFAOYSA-N,Tridecanal,CCCCCCCCCCCCC=O,IMPHY003040,CHEMBL2228568,https://cb.imsc.res.in/imppat/phytochemical-detailedpage/IMPHY003040,Organic compounds,Lipids and lipid-like molecules,Fatty acyls,Fatty aldehydes
MICBIPJWKDDGNL-FILYMEKXSA-N,beta-Zeacarotene,C/C(=CC=CC=C(C=CC=C(C=CC1=C(C)CCCC1(C)C)/C)/C)/C=C/C=C(/CC/C=C(/CCC=C(C)C)C)C,IMPHY010016,,https://cb.imsc.res.in/imppat/phytochemical-detailedpage/IMPHY010016,Organic compounds,Lipids and lipid-like molecules,Prenol lipids,Tetraterpenoids
FXVHTIGBZHVHOB-DTWKUNHWSA-N,"trans-p-Mentha-2,8-dienol",C[C@H]1CC[C@@H](C(=C1)O)C(=C)C,IMPHY013579,,https://cb.imsc.res.in/imppat/phytochemical-detailedpage/IMPHY013579,Organic compounds,Lipids and lipid-like molecules,Prenol lipids,Monoterpenoids
CWLVBFJCJXHUCF-RNPYNJAESA-N,"(3E,7E)-4,8,12-trimethyltrideca-1,3,7,11-tetraene",C=C/C=C(/CC/C=C(/CCC=C(C)C)C)C,IMPHY016064,,https://cb.imsc.res.in/imppat/phytochemical-detailedpage/IMPHY016064,Organic compounds,Lipids and lipid-like molecules,Prenol lipids,Sesquiterpenoids
RFFOTVCVTJUTAD-UHFFFAOYSA-N,"1,4-Cineole",CC(C12CCC(O2)(CC1)C)C,IMPHY000402,CHEMBL2288022,https://cb.imsc.res.in/imppat/phytochemical-detailedpage/IMPHY000402,Organic compounds,Lipids and lipid-like molecules,Prenol lipids,Monoterpenoids
VIIIJFZJKFXOGG-UHFFFAOYSA-N,3-Methylcoumarin,O=c1oc2ccccc2cc1C,IMPHY016374,,https://cb.imsc.res.in/imppat/phytochemical-detailedpage/IMPHY016374,Organic compounds,Phenylpropanoids and polyketides,Coumarins and derivatives,
LBHJXKYRYCUGPD-QPJJXVBHSA-N,Cinnamyl formate,O=COC/C=C/c1ccccc1,IMPHY016562,,https://cb.imsc.res.in/imppat/phytochemical-detailedpage/IMPHY016562,Organic compounds,Benzenoids,Benzene and substituted derivatives,Styrenes
DZNVIZQPWLDQHI-UHFFFAOYSA-N,Citronellyl formate,O=COCCC(CCC=C(C)C)C,IMPHY006007,CHEMBL3184928,https://cb.imsc.res.in/imppat/phytochemical-detailedpage/IMPHY006007,Organic compounds,Lipids and lipid-like molecules,Fatty acyls,Fatty alcohol esters
UCFQYMKLDPWFHZ-MKMNVTDBSA-N,Citronellyl tiglate,C/C=C(/C(=O)OCCC(CCC=C(C)C)C)C,IMPHY009761,,https://cb.imsc.res.in/imppat/phytochemical-detailedpage/IMPHY009761,Organic compounds,Lipids and lipid-like molecules,Fatty acyls,Fatty alcohol esters
OGHBUHJLMHQMHS-KRDNBFTESA-N,Geranyl tiglate,C/C=C(/C(=O)OC/C=C(/CCC=C(C)C)C)C,IMPHY006414,CHEMBL3186926,https://cb.imsc.res.in/imppat/phytochemical-detailedpage/IMPHY006414,Organic compounds,Lipids and lipid-like molecules,Fatty acyls,Fatty alcohol esters
UZFLPKAIBPNNCA-BQYQJAHWSA-N,alpha-Ionone,CC(=O)/C=C/C1C(=CCCC1(C)C)C,IMPHY005569,CHEMBL472877,https://cb.imsc.res.in/imppat/phytochemical-detailedpage/IMPHY005569,Organic compounds,Lipids and lipid-like molecules,Prenol lipids,Sesquiterpenoids
ZVRMGCSSSYZGSM-CCEZHUSRSA-N,Hexadecenoic acid,CCCCCCCCCCCCC/C=C/C(=O)O,IMPHY005562,CHEMBL4285532,https://cb.imsc.res.in/imppat/phytochemical-detailedpage/IMPHY005562,Organic compounds,Lipids and lipid-like molecules,Fatty acyls,Fatty acids and conjugates
GNNAZOFNKOMONV-MSGMIQHVSA-N,Ichangin,O=C1OC[C@]2([C@H](C1)O)[C@@H](CC(=O)[C@@]1([C@@H]2CC[C@@]2([C@]31O[C@@H]3C(=O)O[C@H]2c1cocc1)C)C)C(O)(C)C,IMPHY000890,,https://cb.imsc.res.in/imppat/phytochemical-detailedpage/IMPHY000890,Organic compounds,Lipids and lipid-like molecules,Prenol lipids,Terpene lactones
FWSUEHMNQCROMJ-ZDUSSCGKSA-N,Ar-dihydro-turmerone,CC(CC(=O)C[C@@H](c1ccc(cc1)C)C)C,IMPHY017919,CHEMBL1668334,https://cb.imsc.res.in/imppat/phytochemical-detailedpage/IMPHY017919,Organic compounds,Lipids and lipid-like molecules,Prenol lipids,Sesquiterpenoids
NRBFEAZFHRHFFQ-UHFFFAOYSA-N,Bisacumol,CC(=CC(CC(c1ccc(cc1)C)C)O)C,IMPHY005042,,https://cb.imsc.res.in/imppat/phytochemical-detailedpage/IMPHY005042,Organic compounds,Lipids and lipid-like molecules,Prenol lipids,Sesquiterpenoids
BTXSROVNGICYFE-CYBMUJFWSA-N,Curcuphenol,CC(=CCC[C@H](c1ccc(cc1O)C)C)C,IMPHY010677,,https://cb.imsc.res.in/imppat/phytochemical-detailedpage/IMPHY010677,Organic compounds,Lipids and lipid-like molecules,Prenol lipids,Sesquiterpenoids
CAULGCQHVOVVRN-SWZPTJTJSA-N,Germacrone,C/C/1=CCC(=C(C)C)C(=O)C/C(=C/CC1)/C,IMPHY006463,CHEMBL116810,https://cb.imsc.res.in/imppat/phytochemical-detailedpage/IMPHY006463,Organic compounds,Lipids and lipid-like molecules,Prenol lipids,Sesquiterpenoids
XOCANRBEOZQNAQ-UHFFFAOYSA-N,alpha-Turmerone,CC(=CC(=O)CC(C1CC=C(C=C1)C)C)C,IMPHY011087,,https://cb.imsc.res.in/imppat/phytochemical-detailedpage/IMPHY011087,Organic compounds,Lipids and lipid-like molecules,Prenol lipids,Sesquiterpenoids
XBGUIVFBMBVUEG-PFONDFGASA-N,(E)-gamma-Bisabolene,CC(=CCC/C(=C/1CCC(=CC1)C)/C)C,IMPHY011838,,https://cb.imsc.res.in/imppat/phytochemical-detailedpage/IMPHY011838,Organic compounds,Lipids and lipid-like molecules,Prenol lipids,Sesquiterpenoids
LQBORWCRYHAYHJ-OOMSKYPHSA-N,(Z)-Methyl jasmonate,CC/C=CC[C@H]1C(=O)CC[C@@H]1C(=O)OC,IMPHY009713,,https://cb.imsc.res.in/imppat/phytochemical-detailedpage/IMPHY009713,Organic compounds,Organic acids and derivatives,Carboxylic acids and derivatives,Carboxylic acid derivatives
KNOUERLLBMJGLF-UONOGXRCSA-N,1-Bisabolone,CC(=CCC[C@@H]([C@H]1CCC(=CC1=O)C)C)C,IMPHY010541,,https://cb.imsc.res.in/imppat/phytochemical-detailedpage/IMPHY010541,Organic compounds,Lipids and lipid-like molecules,Prenol lipids,Sesquiterpenoids
ACUZDYFTRHEKOS-UHFFFAOYSA-N,2-Decanol,CCCCCCCCC(O)C,IMPHY002851,CHEMBL46477,https://cb.imsc.res.in/imppat/phytochemical-detailedpage/IMPHY002851,Organic compounds,Lipids and lipid-like molecules,Fatty acyls,Fatty alcohols
ZFUJCNJIGDBFEP-UHFFFAOYSA-N,5-Hydroxy-p-menth-6-en-2-one,CC(C1CC(=O)C(=CC1O)C)C,IMPHY011061,,https://cb.imsc.res.in/imppat/phytochemical-detailedpage/IMPHY011061,Organic compounds,Lipids and lipid-like molecules,Prenol lipids,Monoterpenoids
PXRCIOIWVGAZEP-UHFFFAOYSA-N,Camphene hydrate,CC1(C)C2CCC(C1(C)O)C2,IMPHY009740,,https://cb.imsc.res.in/imppat/phytochemical-detailedpage/IMPHY009740,Organic compounds,Lipids and lipid-like molecules,Prenol lipids,Monoterpenoids
NQBWNECTZUOWID-MZXMXVKLSA-N,Cinnamyl cinnamate,O=C(/C=C/c1ccccc1)OC/C=C/c1ccccc1,IMPHY001553,CHEMBL1095954,https://cb.imsc.res.in/imppat/phytochemical-detailedpage/IMPHY001553,Organic compounds,Phenylpropanoids and polyketides,Cinnamic acids and derivatives,Cinnamic acid esters
HICAMHOOTMOHPA-UHFFFAOYSA-N,Curzerene,C=CC1(C)Cc2occ(c2CC1C(=C)C)C,IMPHY010611,,https://cb.imsc.res.in/imppat/phytochemical-detailedpage/IMPHY010611,Organic compounds,Lipids and lipid-like molecules,Prenol lipids,Monoterpenoids
ZVMJXSJCBLRAPD-ZFWWWQNUSA-N,Curzerenone,C=C[C@@]1(C)Cc2occ(c2C(=O)[C@@H]1C(=C)C)C,IMPHY011563,,https://cb.imsc.res.in/imppat/phytochemical-detailedpage/IMPHY011563,Organic compounds,Lipids and lipid-like molecules,Prenol lipids,Monoterpenoids
XVOHELPNOXGRBQ-LXQMTTSMSA-N,Furanodienon,C/C/1=C/C(=O)c2c(C/C(=CCC1)/C)occ2C,IMPHY003789,CHEMBL509404,https://cb.imsc.res.in/imppat/phytochemical-detailedpage/IMPHY003789,Organic compounds,Lipids and lipid-like molecules,Prenol lipids,Sesquiterpenoids
ARVSCQUZFFSNKF-NTCAYCPXSA-N,Geranyl hexanoate,CCCCCC(=O)OC/C=C(/CCC=C(C)C)C,IMPHY009998,,https://cb.imsc.res.in/imppat/phytochemical-detailedpage/IMPHY009998,Organic compounds,Lipids and lipid-like molecules,Fatty acyls,Fatty alcohol esters
KDPFMRXIVDLQKX-NHFJXKHHSA-N,"Germacr-1(10)-ene-5,8-dione",C/C/1=CCC[C@H](C)C(=O)C[C@H](C(=O)C1)C(C)C,IMPHY006214,CHEMBL113942,https://cb.imsc.res.in/imppat/phytochemical-detailedpage/IMPHY006214,Organic compounds,Lipids and lipid-like molecules,Prenol lipids,Sesquiterpenoids
UGHVXXDQKXLCID-UHFFFAOYSA-N,Heptyl salicylate,CCCCCCCOC(=O)c1ccccc1O,IMPHY009780,,https://cb.imsc.res.in/imppat/phytochemical-detailedpage/IMPHY009780,Organic compounds,Benzenoids,Benzene and substituted derivatives,Benzoic acids and derivatives
LVHLZMUFIYAEQB-UHFFFAOYSA-N,Perilla ketone,CC(CCC(=O)c1cocc1)C,IMPHY007110,CHEMBL469753,https://cb.imsc.res.in/imppat/phytochemical-detailedpage/IMPHY007110,Organic compounds,Organic oxygen compounds,Organooxygen compounds,Carbonyl compounds
FZXLDENMTYEVAD-UWVGGRQHSA-N,cis-Carvotanacetol,CC([C@H]1CC=C([C@H](C1)O)C)C,IMPHY009732,,https://cb.imsc.res.in/imppat/phytochemical-detailedpage/IMPHY009732,Organic compounds,Lipids and lipid-like molecules,Prenol lipids,Monoterpenoids
ISFMXVMWEWLJGJ-NZBPQXDJSA-N,(+)-Curcumenol,CC(=C1C[C@]23O[C@]1(O)C=C([C@@H]3CC[C@@H]2C)C)C,IMPHY010676,,https://cb.imsc.res.in/imppat/phytochemical-detailedpage/IMPHY010676,Organic compounds,Lipids and lipid-like molecules,Prenol lipids,Sesquiterpenoids
MUYJSOCNDLUHPJ-XVNBXDOJSA-N,"(1E)-1,7-bis(4-hydroxy-3-methoxyphenyl)hept-1-ene-3,5-dione",COc1cc(CCC(=O)CC(=O)/C=C/c2ccc(c(c2)OC)O)ccc1O,IMPHY001107,CHEMBL1254325,https://cb.imsc.res.in/imppat/phytochemical-detailedpage/IMPHY001107,Organic compounds,Phenylpropanoids and polyketides,Diarylheptanoids,Linear diarylheptanoids
QVRYUUYYIWAQHV-LUZURFALSA-N,"(1E,4E)-1-(4-Hydroxy-3-methoxyphenyl)-5-(4-hydroxyphenyl)-1,4-pentadiene-3-one",COc1cc(/C=C/C(=O)/C=C/c2ccc(cc2)O)ccc1O,IMPHY014179,CHEMBL2398585,https://cb.imsc.res.in/imppat/phytochemical-detailedpage/IMPHY014179,Organic compounds,Phenylpropanoids and polyketides,Cinnamic acids and derivatives,Hydroxycinnamic acids and derivatives
DEBDFZGNZTYPMF-JURCDPSOSA-N,"(1S,2S,5S,8S)-2-methyl-6-methylidene-9-propan-2-ylidene-11-oxatricyclo[6.2.1.01,5]undecan-8-ol",CC(=C1C[C@]23O[C@@]1(O)CC(=C)[C@@H]3CC[C@@H]2C)C,IMPHY006758,CHEMBL2367911,https://cb.imsc.res.in/imppat/phytochemical-detailedpage/IMPHY006758,Organic compounds,Lipids and lipid-like molecules,Prenol lipids,Sesquiterpenoids
DWGVRYKQVZGSIB-LSDHHAIUSA-N,"(4S,5S)-Germacrone-4,5-epoxide",CC1=CCC[C@@]2(C)O[C@H]2CC(=C(C)C)C(=O)C1,IMPHY017883,,https://cb.imsc.res.in/imppat/phytochemical-detailedpage/IMPHY017883,Organic compounds,Lipids and lipid-like molecules,Prenol lipids,Sesquiterpenoids
ZYPUZCWWTYIGFV-WDZFZDKYSA-N,"(6Z)-6,10-dimethyl-3-propan-2-ylidenecyclodec-6-ene-1,4-dione",C/C/1=C/CCC(C)C(=O)CC(=C(C)C)C(=O)C1,IMPHY002626,,https://cb.imsc.res.in/imppat/phytochemical-detailedpage/IMPHY002626,Organic compounds,Lipids and lipid-like molecules,Prenol lipids,Sesquiterpenoids
PALMCMYYFAHUGA-UHFFFAOYSA-N,"1,7-Bis(4-hydroxyphenyl)-1,4,6-heptatrien-3-one",O=C(C=Cc1ccc(cc1)O)C=CC=Cc1ccc(cc1)O,IMPHY014466,,https://cb.imsc.res.in/imppat/phytochemical-detailedpage/IMPHY014466,Organic compounds,Phenylpropanoids and polyketides,Diarylheptanoids,Linear diarylheptanoids
JYKHAJGLEVKEAA-UHFFFAOYSA-N,2-(Hydroxymethyl)anthraquinone,OCc1ccc2c(c1)C(=O)c1c(C2=O)cccc1,IMPHY006933,CHEMBL21049,https://cb.imsc.res.in/imppat/phytochemical-detailedpage/IMPHY006933,Organic compounds,Benzenoids,Anthracenes,Anthraquinones
WYIJOOQDLOBLCP-UHFFFAOYSA-N,"2-Hepten-4-one, 6-(2-hydroxy-4-methylphenyl)-2-methyl-",CC(=CC(=O)CC(c1ccc(cc1O)C)C)C,IMPHY000073,,https://cb.imsc.res.in/imppat/phytochemical-detailedpage/IMPHY000073,Organic compounds,Lipids and lipid-like molecules,Prenol lipids,Sesquiterpenoids
XMUJIPOFTAHSOK-UHFFFAOYSA-N,2-Undecanol,CCCCCCCCCC(O)C,IMPHY001538,CHEMBL4633278,https://cb.imsc.res.in/imppat/phytochemical-detailedpage/IMPHY001538,Organic compounds,Lipids and lipid-like molecules,Fatty acyls,Fatty alcohols
TXIKNNOOLCGADE-OSRDXIQISA-N,"4,10-Epizedoarondiol",CC(=C1C[C@H]2[C@H]([C@@](CC1=O)(C)O)CC[C@@]2(C)O)C,IMPHY003768,CHEMBL2332880,https://cb.imsc.res.in/imppat/phytochemical-detailedpage/IMPHY003768,Organic compounds,Lipids and lipid-like molecules,Prenol lipids,Sesquiterpenoids
HUZJLWLCLJEXEL-NFAWXSAZSA-N,"Bicyclo(4.1.0)heptan-3-one, 1-methyl-4-(1-methylethylidene)-7-(3-oxobutyl)-, (1S,6R,7R)-",CC(=O)CC[C@@H]1[C@@H]2[C@@]1(C)CC(=O)C(=C(C)C)C2,IMPHY001430,CHEMBL4643848,https://cb.imsc.res.in/imppat/phytochemical-detailedpage/IMPHY001430,Organic compounds,Lipids and lipid-like molecules,Prenol lipids,Sesquiterpenoids
RXQJYYWBIOOIKD-UHFFFAOYSA-N,"Bisabola-3,10-diene-2-one",CC(=CCCC(C1CC=C(C(=O)C1)C)C)C,IMPHY014602,,https://cb.imsc.res.in/imppat/phytochemical-detailedpage/IMPHY014602,Organic compounds,Lipids and lipid-like molecules,Prenol lipids,Sesquiterpenoids
NOWQRWPUNHMSAF-UHFFFAOYSA-N,Bisabolane,CC(CCCC(C1CCC(CC1)C)C)C,IMPHY004666,,https://cb.imsc.res.in/imppat/phytochemical-detailedpage/IMPHY004666,Organic compounds,Lipids and lipid-like molecules,Prenol lipids,Sesquiterpenoids
QJOWFYQIUZMPRY-NEBZKDRISA-N,Bisacurone,CC(=CC(=O)C[C@@H]([C@@H]1C=C[C@]([C@H](C1)O)(C)O)C)C,IMPHY002893,,https://cb.imsc.res.in/imppat/phytochemical-detailedpage/IMPHY002893,Organic compounds,Lipids and lipid-like molecules,Prenol lipids,Sesquiterpenoids
PREBVFJICNPEKM-YDWXAUTNSA-N,Bisdemethoxycurcumin,O=C(CC(=O)/C=C/c1ccc(cc1)O)/C=C/c1ccc(cc1)O,IMPHY004928,CHEMBL105350,https://cb.imsc.res.in/imppat/phytochemical-detailedpage/IMPHY004928,Organic compounds,Phenylpropanoids and polyketides,Diarylheptanoids,Linear diarylheptanoids
VFLDPWHFBUODDF-FCXRPNKRSA-N,Curcumin,COc1cc(/C=C/C(=O)CC(=O)/C=C/c2ccc(c(c2)OC)O)ccc1O,IMPHY007574,CHEMBL140,https://cb.imsc.res.in/imppat/phytochemical-detailedpage/IMPHY007574,Organic compounds,Phenylpropanoids and polyketides,Diarylheptanoids,Linear diarylheptanoids
QRMPRVXWPCLVNI-YYFQZIEXSA-N,Curcumol,CC([C@@H]1C[C@]23O[C@]1(O)CC(=C)[C@@H]3CC[C@@H]2C)C,IMPHY002850,CHEMBL4303567,https://cb.imsc.res.in/imppat/phytochemical-detailedpage/IMPHY002850,Organic compounds,Lipids and lipid-like molecules,Prenol lipids,Sesquiterpenoids
IZLBLUIBVMGMIY-ZZXKWVIFSA-N,Cyclocurcumin,COc1cc(/C=C/C2=CC(=O)CC(O2)c2ccc(c(c2)OC)O)ccc1O,IMPHY006549,CHEMBL4098368,https://cb.imsc.res.in/imppat/phytochemical-detailedpage/IMPHY006549,Organic compounds,Phenylpropanoids and polyketides,Diarylheptanoids,Linear diarylheptanoids
HJTVQHVGMGKONQ-LUZURFALSA-N,Demethoxycurcumin,COc1cc(/C=C/C(=O)CC(=O)/C=C/c2ccc(cc2)O)ccc1O,IMPHY004129,CHEMBL105360,https://cb.imsc.res.in/imppat/phytochemical-detailedpage/IMPHY004129,Organic compounds,Phenylpropanoids and polyketides,Diarylheptanoids,Linear diarylheptanoids
RHBOHEXDGUVIIY-ZLDLUXBVSA-N,Epiprocurcumenol,CC1=CC(=O)C(=C(C)C)C[C@H]2[C@@H]1CC[C@]2(C)O,IMPHY004288,,https://cb.imsc.res.in/imppat/phytochemical-detailedpage/IMPHY004288,Organic compounds,Lipids and lipid-like molecules,Prenol lipids,Sesquiterpenoids
JJKUCTOYZCODJZ-UHFFFAOYSA-N,Ethene;2-methoxyphenol;phenol;propanedial,Oc1ccccc1.COc1ccccc1O.O=CCC=O.C=C.C=C,IMPHY009909,,https://cb.imsc.res.in/imppat/phytochemical-detailedpage/IMPHY009909,Organic compounds,Benzenoids,Phenols,Methoxyphenols
XWFINABYEHNSEP-CGBKSYCJSA-N,Humuladienone,C/C/1=C/CC(C)(C)/C=CCC(C(=O)CC1)C,IMPHY002179,,https://cb.imsc.res.in/imppat/phytochemical-detailedpage/IMPHY002179,Organic compounds,Lipids and lipid-like molecules,Prenol lipids,Sesquiterpenoids
ITIGZFMSPAFZAE-WHOFXGATSA-N,Isoprocurcumenol,C=C1CC(=O)C(=C(C)C)C[C@H]2[C@H]1CC[C@]2(C)O,IMPHY013210,,https://cb.imsc.res.in/imppat/phytochemical-detailedpage/IMPHY013210,Organic compounds,Lipids and lipid-like molecules,Prenol lipids,Sesquiterpenoids
JZIARAQCPRDGAC-UHFFFAOYSA-N,Linalyl isobutyrate,C=CC(OC(=O)C(C)C)(CCC=C(C)C)C,IMPHY008383,CHEMBL3185164,https://cb.imsc.res.in/imppat/phytochemical-detailedpage/IMPHY008383,Organic compounds,Lipids and lipid-like molecules,Prenol lipids,Monoterpenoids
MXXWOMGUGJBKIW-YPCIICBESA-N,Piperine,O=C(N1CCCCC1)/C=C/C=C/c1ccc2c(c1)OCO2,IMPHY004192,CHEMBL43185,https://cb.imsc.res.in/imppat/phytochemical-detailedpage/IMPHY004192,Organic compounds,Alkaloids and derivatives,,
MBUWIGIPGMJVMN-UHFFFAOYSA-N,Procurcumadiol,CC1=CC(=O)C(=C(C)C)CC2(C1CCC2(C)O)O,IMPHY002581,,https://cb.imsc.res.in/imppat/phytochemical-detailedpage/IMPHY002581,Organic compounds,Lipids and lipid-like molecules,Prenol lipids,Sesquiterpenoids
RHBOHEXDGUVIIY-WHOFXGATSA-N,Procurcumenol,CC1=CC(=O)C(=C(C)C)C[C@H]2[C@H]1CC[C@]2(C)O,IMPHY004315,CHEMBL2332430,https://cb.imsc.res.in/imppat/phytochemical-detailedpage/IMPHY004315,Organic compounds,Lipids and lipid-like molecules,Prenol lipids,Sesquiterpenoids
AEQCSQRYHBNSGA-UHFFFAOYSA-N,Turmerol,CC(=CC(CC(C1=CCC(=CC1)C)C)O)C,IMPHY011027,,https://cb.imsc.res.in/imppat/phytochemical-detailedpage/IMPHY011027,Organic compounds,Lipids and lipid-like molecules,Prenol lipids,Sesquiterpenoids
OSIFVLKZUWRNBN-UHFFFAOYSA-N,Turmeronol A,CC(=CC(=O)CC(c1ccc(c(c1)O)C)C)C,IMPHY001611,,https://cb.imsc.res.in/imppat/phytochemical-detailedpage/IMPHY001611,Organic compounds,Lipids and lipid-like molecules,Prenol lipids,Sesquiterpenoids
FKWGCEDRLNNZOZ-GFCCVEGCSA-N,Xanthorrhizol,CC(=CCC[C@H](c1ccc(c(c1)O)C)C)C,IMPHY007427,CHEMBL460033,https://cb.imsc.res.in/imppat/phytochemical-detailedpage/IMPHY007427,Organic compounds,Lipids and lipid-like molecules,Prenol lipids,Sesquiterpenoids
OJEFBZMKKJTKKK-ZVHGMHCTSA-N,alpha-Atlantone,CC(=CC(=O)/C=C([C@@H]1CCC(=CC1)C)/C)C,IMPHY014802,,https://cb.imsc.res.in/imppat/phytochemical-detailedpage/IMPHY014802,Organic compounds,Lipids and lipid-like molecules,Prenol lipids,Sesquiterpenoids
LCOSCMLXPAQCLQ-AWEZNQCLSA-N,beta-Himachalene,CC1=C[C@H]2C(=C(C)CCCC2(C)C)CC1,IMPHY014833,,https://cb.imsc.res.in/imppat/phytochemical-detailedpage/IMPHY014833,Organic compounds,Lipids and lipid-like molecules,Prenol lipids,Sesquiterpenoids
KKOXKGNSUHTUBV-MLCCFXAWSA-N,delta-Curcumene,CC(=CCC[C@@H](C1CC=C(C=C1)C)C)C,IMPHY011744,,https://cb.imsc.res.in/imppat/phytochemical-detailedpage/IMPHY011744,Organic compounds,Lipids and lipid-like molecules,Prenol lipids,Sesquiterpenoids
