Source,Source Id,Type,Destination,Destination Id,Label,Description
Phytochemical,FSLPMRQHCOLESF-SFMCKYFRSA-N,HAS_BIOACTIVITY,Bioactivity,BA_000001,has_bioactivity,Associated phytochemical has respective bioactivity
Phytochemical,FSLPMRQHCOLESF-SFMCKYFRSA-N,HAS_BIOACTIVITY,Bioactivity,BA_000002,has_bioactivity,Associated phytochemical has respective bioactivity
Phytochemical,KZJWDPNRJALLNS-VJSFXXLFSA-N,HAS_BIOACTIVITY,Bioactivity,BA_000003,has_bioactivity,Associated phytochemical has respective bioactivity
Phytochemical,KZJWDPNRJALLNS-VJSFXXLFSA-N,HAS_BIOACTIVITY,Bioactivity,BA_000004,has_bioactivity,Associated phytochemical has respective bioactivity
Phytochemical,FJKROLUGYXJWQN-UHFFFAOYSA-N,HAS_BIOACTIVITY,Bioactivity,BA_000005,has_bioactivity,Associated phytochemical has respective bioactivity
Phytochemical,FJKROLUGYXJWQN-UHFFFAOYSA-N,HAS_BIOACTIVITY,Bioactivity,BA_000006,has_bioactivity,Associated phytochemical has respective bioactivity
Phytochemical,FJKROLUGYXJWQN-UHFFFAOYSA-N,HAS_BIOACTIVITY,Bioactivity,BA_000007,has_bioactivity,Associated phytochemical has respective bioactivity
Phytochemical,FJKROLUGYXJWQN-UHFFFAOYSA-N,HAS_BIOACTIVITY,Bioactivity,BA_000008,has_bioactivity,Associated phytochemical has respective bioactivity
Phytochemical,FJKROLUGYXJWQN-UHFFFAOYSA-N,HAS_BIOACTIVITY,Bioactivity,BA_000009,has_bioactivity,Associated phytochemical has respective bioactivity
Phytochemical,FJKROLUGYXJWQN-UHFFFAOYSA-N,HAS_BIOACTIVITY,Bioactivity,BA_000010,has_bioactivity,Associated phytochemical has respective bioactivity
Phytochemical,FJKROLUGYXJWQN-UHFFFAOYSA-N,HAS_BIOACTIVITY,Bioactivity,BA_000011,has_bioactivity,Associated phytochemical has respective bioactivity
Phytochemical,FJKROLUGYXJWQN-UHFFFAOYSA-N,HAS_BIOACTIVITY,Bioactivity,BA_000012,has_bioactivity,Associated phytochemical has respective bioactivity
Phytochemical,FJKROLUGYXJWQN-UHFFFAOYSA-N,HAS_BIOACTIVITY,Bioactivity,BA_000013,has_bioactivity,Associated phytochemical has respective bioactivity
Phytochemical,FJKROLUGYXJWQN-UHFFFAOYSA-N,HAS_BIOACTIVITY,Bioactivity,BA_000014,has_bioactivity,Associated phytochemical has respective bioactivity
Phytochemical,FJKROLUGYXJWQN-UHFFFAOYSA-N,HAS_BIOACTIVITY,Bioactivity,BA_000015,has_bioactivity,Associated phytochemical has respective bioactivity
Phytochemical,FJKROLUGYXJWQN-UHFFFAOYSA-N,HAS_BIOACTIVITY,Bioactivity,BA_000016,has_bioactivity,Associated phytochemical has respective bioactivity
Phytochemical,FJKROLUGYXJWQN-UHFFFAOYSA-N,HAS_BIOACTIVITY,Bioactivity,BA_000017,has_bioactivity,Associated phytochemical has respective bioactivity
Phytochemical,FJKROLUGYXJWQN-UHFFFAOYSA-N,HAS_BIOACTIVITY,Bioactivity,BA_000018,has_bioactivity,Associated phytochemical has respective bioactivity
Phytochemical,FJKROLUGYXJWQN-UHFFFAOYSA-N,HAS_BIOACTIVITY,Bioactivity,BA_000019,has_bioactivity,Associated phytochemical has respective bioactivity
Phytochemical,FJKROLUGYXJWQN-UHFFFAOYSA-N,HAS_BIOACTIVITY,Bioactivity,BA_000020,has_bioactivity,Associated phytochemical has respective bioactivity
Phytochemical,KZNIFHPLKGYRTM-UHFFFAOYSA-N,HAS_BIOACTIVITY,Bioactivity,BA_000021,has_bioactivity,Associated phytochemical has respective bioactivity
Phytochemical,KZNIFHPLKGYRTM-UHFFFAOYSA-N,HAS_BIOACTIVITY,Bioactivity,BA_000022,has_bioactivity,Associated phytochemical has respective bioactivity
Phytochemical,KZNIFHPLKGYRTM-UHFFFAOYSA-N,HAS_BIOACTIVITY,Bioactivity,BA_000023,has_bioactivity,Associated phytochemical has respective bioactivity
Phytochemical,KZNIFHPLKGYRTM-UHFFFAOYSA-N,HAS_BIOACTIVITY,Bioactivity,BA_000024,has_bioactivity,Associated phytochemical has respective bioactivity
Phytochemical,KZNIFHPLKGYRTM-UHFFFAOYSA-N,HAS_BIOACTIVITY,Bioactivity,BA_000025,has_bioactivity,Associated phytochemical has respective bioactivity
Phytochemical,KZNIFHPLKGYRTM-UHFFFAOYSA-N,HAS_BIOACTIVITY,Bioactivity,BA_000026,has_bioactivity,Associated phytochemical has respective bioactivity
Phytochemical,KZNIFHPLKGYRTM-UHFFFAOYSA-N,HAS_BIOACTIVITY,Bioactivity,BA_000027,has_bioactivity,Associated phytochemical has respective bioactivity
Phytochemical,KZNIFHPLKGYRTM-UHFFFAOYSA-N,HAS_BIOACTIVITY,Bioactivity,BA_000028,has_bioactivity,Associated phytochemical has respective bioactivity
Phytochemical,KZNIFHPLKGYRTM-UHFFFAOYSA-N,HAS_BIOACTIVITY,Bioactivity,BA_000029,has_bioactivity,Associated phytochemical has respective bioactivity
Phytochemical,KZNIFHPLKGYRTM-UHFFFAOYSA-N,HAS_BIOACTIVITY,Bioactivity,BA_000030,has_bioactivity,Associated phytochemical has respective bioactivity
Phytochemical,KZNIFHPLKGYRTM-UHFFFAOYSA-N,HAS_BIOACTIVITY,Bioactivity,BA_000031,has_bioactivity,Associated phytochemical has respective bioactivity
Phytochemical,KZNIFHPLKGYRTM-UHFFFAOYSA-N,HAS_BIOACTIVITY,Bioactivity,BA_000032,has_bioactivity,Associated phytochemical has respective bioactivity
Phytochemical,KZNIFHPLKGYRTM-UHFFFAOYSA-N,HAS_BIOACTIVITY,Bioactivity,BA_000033,has_bioactivity,Associated phytochemical has respective bioactivity
Phytochemical,KZNIFHPLKGYRTM-UHFFFAOYSA-N,HAS_BIOACTIVITY,Bioactivity,BA_000034,has_bioactivity,Associated phytochemical has respective bioactivity
Phytochemical,KZNIFHPLKGYRTM-UHFFFAOYSA-N,HAS_BIOACTIVITY,Bioactivity,BA_000035,has_bioactivity,Associated phytochemical has respective bioactivity
Phytochemical,KZNIFHPLKGYRTM-UHFFFAOYSA-N,HAS_BIOACTIVITY,Bioactivity,BA_000036,has_bioactivity,Associated phytochemical has respective bioactivity
Phytochemical,KZNIFHPLKGYRTM-UHFFFAOYSA-N,HAS_BIOACTIVITY,Bioactivity,BA_000037,has_bioactivity,Associated phytochemical has respective bioactivity
Phytochemical,KZNIFHPLKGYRTM-UHFFFAOYSA-N,HAS_BIOACTIVITY,Bioactivity,BA_000038,has_bioactivity,Associated phytochemical has respective bioactivity
Phytochemical,KZNIFHPLKGYRTM-UHFFFAOYSA-N,HAS_BIOACTIVITY,Bioactivity,BA_000039,has_bioactivity,Associated phytochemical has respective bioactivity
Phytochemical,KZNIFHPLKGYRTM-UHFFFAOYSA-N,HAS_BIOACTIVITY,Bioactivity,BA_000040,has_bioactivity,Associated phytochemical has respective bioactivity
Phytochemical,KZNIFHPLKGYRTM-UHFFFAOYSA-N,HAS_BIOACTIVITY,Bioactivity,BA_000041,has_bioactivity,Associated phytochemical has respective bioactivity
Phytochemical,KZNIFHPLKGYRTM-UHFFFAOYSA-N,HAS_BIOACTIVITY,Bioactivity,BA_000042,has_bioactivity,Associated phytochemical has respective bioactivity
Phytochemical,KZNIFHPLKGYRTM-UHFFFAOYSA-N,HAS_BIOACTIVITY,Bioactivity,BA_000043,has_bioactivity,Associated phytochemical has respective bioactivity
Phytochemical,KZNIFHPLKGYRTM-UHFFFAOYSA-N,HAS_BIOACTIVITY,Bioactivity,BA_000044,has_bioactivity,Associated phytochemical has respective bioactivity
Phytochemical,KZNIFHPLKGYRTM-UHFFFAOYSA-N,HAS_BIOACTIVITY,Bioactivity,BA_000045,has_bioactivity,Associated phytochemical has respective bioactivity
Phytochemical,KZNIFHPLKGYRTM-UHFFFAOYSA-N,HAS_BIOACTIVITY,Bioactivity,BA_000046,has_bioactivity,Associated phytochemical has respective bioactivity
Phytochemical,KZNIFHPLKGYRTM-UHFFFAOYSA-N,HAS_BIOACTIVITY,Bioactivity,BA_000047,has_bioactivity,Associated phytochemical has respective bioactivity
Phytochemical,KZNIFHPLKGYRTM-UHFFFAOYSA-N,HAS_BIOACTIVITY,Bioactivity,BA_000048,has_bioactivity,Associated phytochemical has respective bioactivity
Phytochemical,KZNIFHPLKGYRTM-UHFFFAOYSA-N,HAS_BIOACTIVITY,Bioactivity,BA_000049,has_bioactivity,Associated phytochemical has respective bioactivity
Phytochemical,KZNIFHPLKGYRTM-UHFFFAOYSA-N,HAS_BIOACTIVITY,Bioactivity,BA_000050,has_bioactivity,Associated phytochemical has respective bioactivity
Phytochemical,KZNIFHPLKGYRTM-UHFFFAOYSA-N,HAS_BIOACTIVITY,Bioactivity,BA_000051,has_bioactivity,Associated phytochemical has respective bioactivity
Phytochemical,KZNIFHPLKGYRTM-UHFFFAOYSA-N,HAS_BIOACTIVITY,Bioactivity,BA_000052,has_bioactivity,Associated phytochemical has respective bioactivity
Phytochemical,KZNIFHPLKGYRTM-UHFFFAOYSA-N,HAS_BIOACTIVITY,Bioactivity,BA_000053,has_bioactivity,Associated phytochemical has respective bioactivity
Phytochemical,KZNIFHPLKGYRTM-UHFFFAOYSA-N,HAS_BIOACTIVITY,Bioactivity,BA_000054,has_bioactivity,Associated phytochemical has respective bioactivity
Phytochemical,KZNIFHPLKGYRTM-UHFFFAOYSA-N,HAS_BIOACTIVITY,Bioactivity,BA_000055,has_bioactivity,Associated phytochemical has respective bioactivity
Phytochemical,KZNIFHPLKGYRTM-UHFFFAOYSA-N,HAS_BIOACTIVITY,Bioactivity,BA_000056,has_bioactivity,Associated phytochemical has respective bioactivity
Phytochemical,KZNIFHPLKGYRTM-UHFFFAOYSA-N,HAS_BIOACTIVITY,Bioactivity,BA_000057,has_bioactivity,Associated phytochemical has respective bioactivity
Phytochemical,KZNIFHPLKGYRTM-UHFFFAOYSA-N,HAS_BIOACTIVITY,Bioactivity,BA_000058,has_bioactivity,Associated phytochemical has respective bioactivity
Phytochemical,KZNIFHPLKGYRTM-UHFFFAOYSA-N,HAS_BIOACTIVITY,Bioactivity,BA_000059,has_bioactivity,Associated phytochemical has respective bioactivity
Phytochemical,KZNIFHPLKGYRTM-UHFFFAOYSA-N,HAS_BIOACTIVITY,Bioactivity,BA_000060,has_bioactivity,Associated phytochemical has respective bioactivity
Phytochemical,KZNIFHPLKGYRTM-UHFFFAOYSA-N,HAS_BIOACTIVITY,Bioactivity,BA_000061,has_bioactivity,Associated phytochemical has respective bioactivity
Phytochemical,KZNIFHPLKGYRTM-UHFFFAOYSA-N,HAS_BIOACTIVITY,Bioactivity,BA_000062,has_bioactivity,Associated phytochemical has respective bioactivity
Phytochemical,KZNIFHPLKGYRTM-UHFFFAOYSA-N,HAS_BIOACTIVITY,Bioactivity,BA_000063,has_bioactivity,Associated phytochemical has respective bioactivity
Phytochemical,KZNIFHPLKGYRTM-UHFFFAOYSA-N,HAS_BIOACTIVITY,Bioactivity,BA_000064,has_bioactivity,Associated phytochemical has respective bioactivity
Phytochemical,KZNIFHPLKGYRTM-UHFFFAOYSA-N,HAS_BIOACTIVITY,Bioactivity,BA_000065,has_bioactivity,Associated phytochemical has respective bioactivity
Phytochemical,KZNIFHPLKGYRTM-UHFFFAOYSA-N,HAS_BIOACTIVITY,Bioactivity,BA_000066,has_bioactivity,Associated phytochemical has respective bioactivity
Phytochemical,KZNIFHPLKGYRTM-UHFFFAOYSA-N,HAS_BIOACTIVITY,Bioactivity,BA_000067,has_bioactivity,Associated phytochemical has respective bioactivity
Phytochemical,KZNIFHPLKGYRTM-UHFFFAOYSA-N,HAS_BIOACTIVITY,Bioactivity,BA_000068,has_bioactivity,Associated phytochemical has respective bioactivity
Phytochemical,KZNIFHPLKGYRTM-UHFFFAOYSA-N,HAS_BIOACTIVITY,Bioactivity,BA_000069,has_bioactivity,Associated phytochemical has respective bioactivity
Phytochemical,KZNIFHPLKGYRTM-UHFFFAOYSA-N,HAS_BIOACTIVITY,Bioactivity,BA_000070,has_bioactivity,Associated phytochemical has respective bioactivity
Phytochemical,KZNIFHPLKGYRTM-UHFFFAOYSA-N,HAS_BIOACTIVITY,Bioactivity,BA_000071,has_bioactivity,Associated phytochemical has respective bioactivity
Phytochemical,KZNIFHPLKGYRTM-UHFFFAOYSA-N,HAS_BIOACTIVITY,Bioactivity,BA_000072,has_bioactivity,Associated phytochemical has respective bioactivity
Phytochemical,KZNIFHPLKGYRTM-UHFFFAOYSA-N,HAS_BIOACTIVITY,Bioactivity,BA_000073,has_bioactivity,Associated phytochemical has respective bioactivity
Phytochemical,KZNIFHPLKGYRTM-UHFFFAOYSA-N,HAS_BIOACTIVITY,Bioactivity,BA_000074,has_bioactivity,Associated phytochemical has respective bioactivity
Phytochemical,KZNIFHPLKGYRTM-UHFFFAOYSA-N,HAS_BIOACTIVITY,Bioactivity,BA_000075,has_bioactivity,Associated phytochemical has respective bioactivity
Phytochemical,KZNIFHPLKGYRTM-UHFFFAOYSA-N,HAS_BIOACTIVITY,Bioactivity,BA_000076,has_bioactivity,Associated phytochemical has respective bioactivity
Phytochemical,KZNIFHPLKGYRTM-UHFFFAOYSA-N,HAS_BIOACTIVITY,Bioactivity,BA_000077,has_bioactivity,Associated phytochemical has respective bioactivity
Phytochemical,KZNIFHPLKGYRTM-UHFFFAOYSA-N,HAS_BIOACTIVITY,Bioactivity,BA_000078,has_bioactivity,Associated phytochemical has respective bioactivity
Phytochemical,KZNIFHPLKGYRTM-UHFFFAOYSA-N,HAS_BIOACTIVITY,Bioactivity,BA_000079,has_bioactivity,Associated phytochemical has respective bioactivity
Phytochemical,KZNIFHPLKGYRTM-UHFFFAOYSA-N,HAS_BIOACTIVITY,Bioactivity,BA_000080,has_bioactivity,Associated phytochemical has respective bioactivity
Phytochemical,KZNIFHPLKGYRTM-UHFFFAOYSA-N,HAS_BIOACTIVITY,Bioactivity,BA_000081,has_bioactivity,Associated phytochemical has respective bioactivity
Phytochemical,KZNIFHPLKGYRTM-UHFFFAOYSA-N,HAS_BIOACTIVITY,Bioactivity,BA_000082,has_bioactivity,Associated phytochemical has respective bioactivity
Phytochemical,KZNIFHPLKGYRTM-UHFFFAOYSA-N,HAS_BIOACTIVITY,Bioactivity,BA_000083,has_bioactivity,Associated phytochemical has respective bioactivity
Phytochemical,KZNIFHPLKGYRTM-UHFFFAOYSA-N,HAS_BIOACTIVITY,Bioactivity,BA_000084,has_bioactivity,Associated phytochemical has respective bioactivity
Phytochemical,KZNIFHPLKGYRTM-UHFFFAOYSA-N,HAS_BIOACTIVITY,Bioactivity,BA_000085,has_bioactivity,Associated phytochemical has respective bioactivity
Phytochemical,KZNIFHPLKGYRTM-UHFFFAOYSA-N,HAS_BIOACTIVITY,Bioactivity,BA_000086,has_bioactivity,Associated phytochemical has respective bioactivity
Phytochemical,KZNIFHPLKGYRTM-UHFFFAOYSA-N,HAS_BIOACTIVITY,Bioactivity,BA_000087,has_bioactivity,Associated phytochemical has respective bioactivity
Phytochemical,KZNIFHPLKGYRTM-UHFFFAOYSA-N,HAS_BIOACTIVITY,Bioactivity,BA_000088,has_bioactivity,Associated phytochemical has respective bioactivity
Phytochemical,KZNIFHPLKGYRTM-UHFFFAOYSA-N,HAS_BIOACTIVITY,Bioactivity,BA_000089,has_bioactivity,Associated phytochemical has respective bioactivity
Phytochemical,KZNIFHPLKGYRTM-UHFFFAOYSA-N,HAS_BIOACTIVITY,Bioactivity,BA_000090,has_bioactivity,Associated phytochemical has respective bioactivity
Phytochemical,KZNIFHPLKGYRTM-UHFFFAOYSA-N,HAS_BIOACTIVITY,Bioactivity,BA_000091,has_bioactivity,Associated phytochemical has respective bioactivity
Phytochemical,KZNIFHPLKGYRTM-UHFFFAOYSA-N,HAS_BIOACTIVITY,Bioactivity,BA_000092,has_bioactivity,Associated phytochemical has respective bioactivity
Phytochemical,KZNIFHPLKGYRTM-UHFFFAOYSA-N,HAS_BIOACTIVITY,Bioactivity,BA_000093,has_bioactivity,Associated phytochemical has respective bioactivity
Phytochemical,KZNIFHPLKGYRTM-UHFFFAOYSA-N,HAS_BIOACTIVITY,Bioactivity,BA_000094,has_bioactivity,Associated phytochemical has respective bioactivity
Phytochemical,KZNIFHPLKGYRTM-UHFFFAOYSA-N,HAS_BIOACTIVITY,Bioactivity,BA_000095,has_bioactivity,Associated phytochemical has respective bioactivity
Phytochemical,KZNIFHPLKGYRTM-UHFFFAOYSA-N,HAS_BIOACTIVITY,Bioactivity,BA_000096,has_bioactivity,Associated phytochemical has respective bioactivity
Phytochemical,KZNIFHPLKGYRTM-UHFFFAOYSA-N,HAS_BIOACTIVITY,Bioactivity,BA_000097,has_bioactivity,Associated phytochemical has respective bioactivity
Phytochemical,KZNIFHPLKGYRTM-UHFFFAOYSA-N,HAS_BIOACTIVITY,Bioactivity,BA_000098,has_bioactivity,Associated phytochemical has respective bioactivity
Phytochemical,KZNIFHPLKGYRTM-UHFFFAOYSA-N,HAS_BIOACTIVITY,Bioactivity,BA_000099,has_bioactivity,Associated phytochemical has respective bioactivity
Phytochemical,KZNIFHPLKGYRTM-UHFFFAOYSA-N,HAS_BIOACTIVITY,Bioactivity,BA_000100,has_bioactivity,Associated phytochemical has respective bioactivity
Phytochemical,KZNIFHPLKGYRTM-UHFFFAOYSA-N,HAS_BIOACTIVITY,Bioactivity,BA_000101,has_bioactivity,Associated phytochemical has respective bioactivity
Phytochemical,KZNIFHPLKGYRTM-UHFFFAOYSA-N,HAS_BIOACTIVITY,Bioactivity,BA_000102,has_bioactivity,Associated phytochemical has respective bioactivity
Phytochemical,KZNIFHPLKGYRTM-UHFFFAOYSA-N,HAS_BIOACTIVITY,Bioactivity,BA_000103,has_bioactivity,Associated phytochemical has respective bioactivity
Phytochemical,KZNIFHPLKGYRTM-UHFFFAOYSA-N,HAS_BIOACTIVITY,Bioactivity,BA_000104,has_bioactivity,Associated phytochemical has respective bioactivity
Phytochemical,KZNIFHPLKGYRTM-UHFFFAOYSA-N,HAS_BIOACTIVITY,Bioactivity,BA_000105,has_bioactivity,Associated phytochemical has respective bioactivity
Phytochemical,KZNIFHPLKGYRTM-UHFFFAOYSA-N,HAS_BIOACTIVITY,Bioactivity,BA_000106,has_bioactivity,Associated phytochemical has respective bioactivity
Phytochemical,LNTHITQWFMADLM-UHFFFAOYSA-N,HAS_BIOACTIVITY,Bioactivity,BA_000107,has_bioactivity,Associated phytochemical has respective bioactivity
Phytochemical,LNTHITQWFMADLM-UHFFFAOYSA-N,HAS_BIOACTIVITY,Bioactivity,BA_000108,has_bioactivity,Associated phytochemical has respective bioactivity
Phytochemical,LNTHITQWFMADLM-UHFFFAOYSA-N,HAS_BIOACTIVITY,Bioactivity,BA_000109,has_bioactivity,Associated phytochemical has respective bioactivity
Phytochemical,LNTHITQWFMADLM-UHFFFAOYSA-N,HAS_BIOACTIVITY,Bioactivity,BA_000110,has_bioactivity,Associated phytochemical has respective bioactivity
Phytochemical,LNTHITQWFMADLM-UHFFFAOYSA-N,HAS_BIOACTIVITY,Bioactivity,BA_000111,has_bioactivity,Associated phytochemical has respective bioactivity
Phytochemical,LNTHITQWFMADLM-UHFFFAOYSA-N,HAS_BIOACTIVITY,Bioactivity,BA_000112,has_bioactivity,Associated phytochemical has respective bioactivity
Phytochemical,LNTHITQWFMADLM-UHFFFAOYSA-N,HAS_BIOACTIVITY,Bioactivity,BA_000113,has_bioactivity,Associated phytochemical has respective bioactivity
Phytochemical,LNTHITQWFMADLM-UHFFFAOYSA-N,HAS_BIOACTIVITY,Bioactivity,BA_000114,has_bioactivity,Associated phytochemical has respective bioactivity
Phytochemical,LNTHITQWFMADLM-UHFFFAOYSA-N,HAS_BIOACTIVITY,Bioactivity,BA_000115,has_bioactivity,Associated phytochemical has respective bioactivity
Phytochemical,LNTHITQWFMADLM-UHFFFAOYSA-N,HAS_BIOACTIVITY,Bioactivity,BA_000116,has_bioactivity,Associated phytochemical has respective bioactivity
Phytochemical,LNTHITQWFMADLM-UHFFFAOYSA-N,HAS_BIOACTIVITY,Bioactivity,BA_000117,has_bioactivity,Associated phytochemical has respective bioactivity
Phytochemical,LNTHITQWFMADLM-UHFFFAOYSA-N,HAS_BIOACTIVITY,Bioactivity,BA_000118,has_bioactivity,Associated phytochemical has respective bioactivity
Phytochemical,LNTHITQWFMADLM-UHFFFAOYSA-N,HAS_BIOACTIVITY,Bioactivity,BA_000119,has_bioactivity,Associated phytochemical has respective bioactivity
Phytochemical,LNTHITQWFMADLM-UHFFFAOYSA-N,HAS_BIOACTIVITY,Bioactivity,BA_000120,has_bioactivity,Associated phytochemical has respective bioactivity
Phytochemical,LNTHITQWFMADLM-UHFFFAOYSA-N,HAS_BIOACTIVITY,Bioactivity,BA_000121,has_bioactivity,Associated phytochemical has respective bioactivity
Phytochemical,LNTHITQWFMADLM-UHFFFAOYSA-N,HAS_BIOACTIVITY,Bioactivity,BA_000122,has_bioactivity,Associated phytochemical has respective bioactivity
Phytochemical,LNTHITQWFMADLM-UHFFFAOYSA-N,HAS_BIOACTIVITY,Bioactivity,BA_000123,has_bioactivity,Associated phytochemical has respective bioactivity
Phytochemical,LNTHITQWFMADLM-UHFFFAOYSA-N,HAS_BIOACTIVITY,Bioactivity,BA_000124,has_bioactivity,Associated phytochemical has respective bioactivity
Phytochemical,LNTHITQWFMADLM-UHFFFAOYSA-N,HAS_BIOACTIVITY,Bioactivity,BA_000125,has_bioactivity,Associated phytochemical has respective bioactivity
Phytochemical,LNTHITQWFMADLM-UHFFFAOYSA-N,HAS_BIOACTIVITY,Bioactivity,BA_000126,has_bioactivity,Associated phytochemical has respective bioactivity
Phytochemical,LNTHITQWFMADLM-UHFFFAOYSA-N,HAS_BIOACTIVITY,Bioactivity,BA_000127,has_bioactivity,Associated phytochemical has respective bioactivity
Phytochemical,LNTHITQWFMADLM-UHFFFAOYSA-N,HAS_BIOACTIVITY,Bioactivity,BA_000128,has_bioactivity,Associated phytochemical has respective bioactivity
Phytochemical,LNTHITQWFMADLM-UHFFFAOYSA-N,HAS_BIOACTIVITY,Bioactivity,BA_000129,has_bioactivity,Associated phytochemical has respective bioactivity
Phytochemical,LNTHITQWFMADLM-UHFFFAOYSA-N,HAS_BIOACTIVITY,Bioactivity,BA_000130,has_bioactivity,Associated phytochemical has respective bioactivity
Phytochemical,LNTHITQWFMADLM-UHFFFAOYSA-N,HAS_BIOACTIVITY,Bioactivity,BA_000131,has_bioactivity,Associated phytochemical has respective bioactivity
Phytochemical,LNTHITQWFMADLM-UHFFFAOYSA-N,HAS_BIOACTIVITY,Bioactivity,BA_000132,has_bioactivity,Associated phytochemical has respective bioactivity
Phytochemical,LNTHITQWFMADLM-UHFFFAOYSA-N,HAS_BIOACTIVITY,Bioactivity,BA_000133,has_bioactivity,Associated phytochemical has respective bioactivity
Phytochemical,LNTHITQWFMADLM-UHFFFAOYSA-N,HAS_BIOACTIVITY,Bioactivity,BA_000134,has_bioactivity,Associated phytochemical has respective bioactivity
Phytochemical,LNTHITQWFMADLM-UHFFFAOYSA-N,HAS_BIOACTIVITY,Bioactivity,BA_000135,has_bioactivity,Associated phytochemical has respective bioactivity
Phytochemical,LNTHITQWFMADLM-UHFFFAOYSA-N,HAS_BIOACTIVITY,Bioactivity,BA_000136,has_bioactivity,Associated phytochemical has respective bioactivity
Phytochemical,LNTHITQWFMADLM-UHFFFAOYSA-N,HAS_BIOACTIVITY,Bioactivity,BA_000137,has_bioactivity,Associated phytochemical has respective bioactivity
Phytochemical,LNTHITQWFMADLM-UHFFFAOYSA-N,HAS_BIOACTIVITY,Bioactivity,BA_000138,has_bioactivity,Associated phytochemical has respective bioactivity
Phytochemical,LNTHITQWFMADLM-UHFFFAOYSA-N,HAS_BIOACTIVITY,Bioactivity,BA_000139,has_bioactivity,Associated phytochemical has respective bioactivity
Phytochemical,LNTHITQWFMADLM-UHFFFAOYSA-N,HAS_BIOACTIVITY,Bioactivity,BA_000140,has_bioactivity,Associated phytochemical has respective bioactivity
Phytochemical,LNTHITQWFMADLM-UHFFFAOYSA-N,HAS_BIOACTIVITY,Bioactivity,BA_000141,has_bioactivity,Associated phytochemical has respective bioactivity
Phytochemical,IYRMWMYZSQPJKC-UHFFFAOYSA-N,HAS_BIOACTIVITY,Bioactivity,BA_000142,has_bioactivity,Associated phytochemical has respective bioactivity
Phytochemical,IYRMWMYZSQPJKC-UHFFFAOYSA-N,HAS_BIOACTIVITY,Bioactivity,BA_000143,has_bioactivity,Associated phytochemical has respective bioactivity
Phytochemical,IYRMWMYZSQPJKC-UHFFFAOYSA-N,HAS_BIOACTIVITY,Bioactivity,BA_000144,has_bioactivity,Associated phytochemical has respective bioactivity
Phytochemical,IYRMWMYZSQPJKC-UHFFFAOYSA-N,HAS_BIOACTIVITY,Bioactivity,BA_000145,has_bioactivity,Associated phytochemical has respective bioactivity
Phytochemical,IYRMWMYZSQPJKC-UHFFFAOYSA-N,HAS_BIOACTIVITY,Bioactivity,BA_000146,has_bioactivity,Associated phytochemical has respective bioactivity
Phytochemical,IYRMWMYZSQPJKC-UHFFFAOYSA-N,HAS_BIOACTIVITY,Bioactivity,BA_000147,has_bioactivity,Associated phytochemical has respective bioactivity
Phytochemical,IYRMWMYZSQPJKC-UHFFFAOYSA-N,HAS_BIOACTIVITY,Bioactivity,BA_000030,has_bioactivity,Associated phytochemical has respective bioactivity
Phytochemical,IYRMWMYZSQPJKC-UHFFFAOYSA-N,HAS_BIOACTIVITY,Bioactivity,BA_000148,has_bioactivity,Associated phytochemical has respective bioactivity
Phytochemical,IYRMWMYZSQPJKC-UHFFFAOYSA-N,HAS_BIOACTIVITY,Bioactivity,BA_000149,has_bioactivity,Associated phytochemical has respective bioactivity
Phytochemical,IYRMWMYZSQPJKC-UHFFFAOYSA-N,HAS_BIOACTIVITY,Bioactivity,BA_000150,has_bioactivity,Associated phytochemical has respective bioactivity
Phytochemical,IYRMWMYZSQPJKC-UHFFFAOYSA-N,HAS_BIOACTIVITY,Bioactivity,BA_000151,has_bioactivity,Associated phytochemical has respective bioactivity
Phytochemical,IYRMWMYZSQPJKC-UHFFFAOYSA-N,HAS_BIOACTIVITY,Bioactivity,BA_000152,has_bioactivity,Associated phytochemical has respective bioactivity
Phytochemical,IYRMWMYZSQPJKC-UHFFFAOYSA-N,HAS_BIOACTIVITY,Bioactivity,BA_000153,has_bioactivity,Associated phytochemical has respective bioactivity
Phytochemical,IYRMWMYZSQPJKC-UHFFFAOYSA-N,HAS_BIOACTIVITY,Bioactivity,BA_000154,has_bioactivity,Associated phytochemical has respective bioactivity
Phytochemical,IYRMWMYZSQPJKC-UHFFFAOYSA-N,HAS_BIOACTIVITY,Bioactivity,BA_000155,has_bioactivity,Associated phytochemical has respective bioactivity
Phytochemical,IYRMWMYZSQPJKC-UHFFFAOYSA-N,HAS_BIOACTIVITY,Bioactivity,BA_000156,has_bioactivity,Associated phytochemical has respective bioactivity
Phytochemical,IYRMWMYZSQPJKC-UHFFFAOYSA-N,HAS_BIOACTIVITY,Bioactivity,BA_000157,has_bioactivity,Associated phytochemical has respective bioactivity
Phytochemical,IYRMWMYZSQPJKC-UHFFFAOYSA-N,HAS_BIOACTIVITY,Bioactivity,BA_000158,has_bioactivity,Associated phytochemical has respective bioactivity
Phytochemical,IYRMWMYZSQPJKC-UHFFFAOYSA-N,HAS_BIOACTIVITY,Bioactivity,BA_000159,has_bioactivity,Associated phytochemical has respective bioactivity
Phytochemical,IYRMWMYZSQPJKC-UHFFFAOYSA-N,HAS_BIOACTIVITY,Bioactivity,BA_000058,has_bioactivity,Associated phytochemical has respective bioactivity
Phytochemical,IYRMWMYZSQPJKC-UHFFFAOYSA-N,HAS_BIOACTIVITY,Bioactivity,BA_000057,has_bioactivity,Associated phytochemical has respective bioactivity
Phytochemical,IYRMWMYZSQPJKC-UHFFFAOYSA-N,HAS_BIOACTIVITY,Bioactivity,BA_000129,has_bioactivity,Associated phytochemical has respective bioactivity
Phytochemical,IYRMWMYZSQPJKC-UHFFFAOYSA-N,HAS_BIOACTIVITY,Bioactivity,BA_000160,has_bioactivity,Associated phytochemical has respective bioactivity
Phytochemical,IYRMWMYZSQPJKC-UHFFFAOYSA-N,HAS_BIOACTIVITY,Bioactivity,BA_000060,has_bioactivity,Associated phytochemical has respective bioactivity
Phytochemical,IYRMWMYZSQPJKC-UHFFFAOYSA-N,HAS_BIOACTIVITY,Bioactivity,BA_000161,has_bioactivity,Associated phytochemical has respective bioactivity
Phytochemical,IYRMWMYZSQPJKC-UHFFFAOYSA-N,HAS_BIOACTIVITY,Bioactivity,BA_000162,has_bioactivity,Associated phytochemical has respective bioactivity
Phytochemical,IYRMWMYZSQPJKC-UHFFFAOYSA-N,HAS_BIOACTIVITY,Bioactivity,BA_000163,has_bioactivity,Associated phytochemical has respective bioactivity
Phytochemical,IYRMWMYZSQPJKC-UHFFFAOYSA-N,HAS_BIOACTIVITY,Bioactivity,BA_000164,has_bioactivity,Associated phytochemical has respective bioactivity
Phytochemical,IYRMWMYZSQPJKC-UHFFFAOYSA-N,HAS_BIOACTIVITY,Bioactivity,BA_000165,has_bioactivity,Associated phytochemical has respective bioactivity
Phytochemical,IYRMWMYZSQPJKC-UHFFFAOYSA-N,HAS_BIOACTIVITY,Bioactivity,BA_000166,has_bioactivity,Associated phytochemical has respective bioactivity
Phytochemical,IYRMWMYZSQPJKC-UHFFFAOYSA-N,HAS_BIOACTIVITY,Bioactivity,BA_000167,has_bioactivity,Associated phytochemical has respective bioactivity
Phytochemical,IYRMWMYZSQPJKC-UHFFFAOYSA-N,HAS_BIOACTIVITY,Bioactivity,BA_000168,has_bioactivity,Associated phytochemical has respective bioactivity
Phytochemical,IYRMWMYZSQPJKC-UHFFFAOYSA-N,HAS_BIOACTIVITY,Bioactivity,BA_000169,has_bioactivity,Associated phytochemical has respective bioactivity
Phytochemical,IYRMWMYZSQPJKC-UHFFFAOYSA-N,HAS_BIOACTIVITY,Bioactivity,BA_000170,has_bioactivity,Associated phytochemical has respective bioactivity
Phytochemical,IYRMWMYZSQPJKC-UHFFFAOYSA-N,HAS_BIOACTIVITY,Bioactivity,BA_000171,has_bioactivity,Associated phytochemical has respective bioactivity
Phytochemical,IYRMWMYZSQPJKC-UHFFFAOYSA-N,HAS_BIOACTIVITY,Bioactivity,BA_000172,has_bioactivity,Associated phytochemical has respective bioactivity
Phytochemical,IYRMWMYZSQPJKC-UHFFFAOYSA-N,HAS_BIOACTIVITY,Bioactivity,BA_000173,has_bioactivity,Associated phytochemical has respective bioactivity
Phytochemical,IYRMWMYZSQPJKC-UHFFFAOYSA-N,HAS_BIOACTIVITY,Bioactivity,BA_000174,has_bioactivity,Associated phytochemical has respective bioactivity
Phytochemical,IYRMWMYZSQPJKC-UHFFFAOYSA-N,HAS_BIOACTIVITY,Bioactivity,BA_000175,has_bioactivity,Associated phytochemical has respective bioactivity
Phytochemical,IYRMWMYZSQPJKC-UHFFFAOYSA-N,HAS_BIOACTIVITY,Bioactivity,BA_000176,has_bioactivity,Associated phytochemical has respective bioactivity
Phytochemical,IYRMWMYZSQPJKC-UHFFFAOYSA-N,HAS_BIOACTIVITY,Bioactivity,BA_000177,has_bioactivity,Associated phytochemical has respective bioactivity
Phytochemical,IYRMWMYZSQPJKC-UHFFFAOYSA-N,HAS_BIOACTIVITY,Bioactivity,BA_000178,has_bioactivity,Associated phytochemical has respective bioactivity
Phytochemical,IYRMWMYZSQPJKC-UHFFFAOYSA-N,HAS_BIOACTIVITY,Bioactivity,BA_000179,has_bioactivity,Associated phytochemical has respective bioactivity
Phytochemical,IYRMWMYZSQPJKC-UHFFFAOYSA-N,HAS_BIOACTIVITY,Bioactivity,BA_000180,has_bioactivity,Associated phytochemical has respective bioactivity
Phytochemical,IYRMWMYZSQPJKC-UHFFFAOYSA-N,HAS_BIOACTIVITY,Bioactivity,BA_000181,has_bioactivity,Associated phytochemical has respective bioactivity
Phytochemical,IYRMWMYZSQPJKC-UHFFFAOYSA-N,HAS_BIOACTIVITY,Bioactivity,BA_000182,has_bioactivity,Associated phytochemical has respective bioactivity
Phytochemical,IYRMWMYZSQPJKC-UHFFFAOYSA-N,HAS_BIOACTIVITY,Bioactivity,BA_000183,has_bioactivity,Associated phytochemical has respective bioactivity
Phytochemical,IYRMWMYZSQPJKC-UHFFFAOYSA-N,HAS_BIOACTIVITY,Bioactivity,BA_000184,has_bioactivity,Associated phytochemical has respective bioactivity
Phytochemical,IYRMWMYZSQPJKC-UHFFFAOYSA-N,HAS_BIOACTIVITY,Bioactivity,BA_000185,has_bioactivity,Associated phytochemical has respective bioactivity
Phytochemical,IYRMWMYZSQPJKC-UHFFFAOYSA-N,HAS_BIOACTIVITY,Bioactivity,BA_000186,has_bioactivity,Associated phytochemical has respective bioactivity
Phytochemical,IYRMWMYZSQPJKC-UHFFFAOYSA-N,HAS_BIOACTIVITY,Bioactivity,BA_000187,has_bioactivity,Associated phytochemical has respective bioactivity
Phytochemical,IYRMWMYZSQPJKC-UHFFFAOYSA-N,HAS_BIOACTIVITY,Bioactivity,BA_000188,has_bioactivity,Associated phytochemical has respective bioactivity
Phytochemical,IYRMWMYZSQPJKC-UHFFFAOYSA-N,HAS_BIOACTIVITY,Bioactivity,BA_000189,has_bioactivity,Associated phytochemical has respective bioactivity
Phytochemical,IYRMWMYZSQPJKC-UHFFFAOYSA-N,HAS_BIOACTIVITY,Bioactivity,BA_000190,has_bioactivity,Associated phytochemical has respective bioactivity
Phytochemical,IYRMWMYZSQPJKC-UHFFFAOYSA-N,HAS_BIOACTIVITY,Bioactivity,BA_000191,has_bioactivity,Associated phytochemical has respective bioactivity
Phytochemical,IYRMWMYZSQPJKC-UHFFFAOYSA-N,HAS_BIOACTIVITY,Bioactivity,BA_000192,has_bioactivity,Associated phytochemical has respective bioactivity
Phytochemical,IYRMWMYZSQPJKC-UHFFFAOYSA-N,HAS_BIOACTIVITY,Bioactivity,BA_000193,has_bioactivity,Associated phytochemical has respective bioactivity
Phytochemical,FBPFZTCFMRRESA-KVTDHHQDSA-N,HAS_BIOACTIVITY,Bioactivity,BA_000194,has_bioactivity,Associated phytochemical has respective bioactivity
Phytochemical,FBPFZTCFMRRESA-KVTDHHQDSA-N,HAS_BIOACTIVITY,Bioactivity,BA_000195,has_bioactivity,Associated phytochemical has respective bioactivity
Phytochemical,FBPFZTCFMRRESA-KVTDHHQDSA-N,HAS_BIOACTIVITY,Bioactivity,BA_000196,has_bioactivity,Associated phytochemical has respective bioactivity
Phytochemical,FBSFWRHWHYMIOG-UHFFFAOYSA-N,HAS_BIOACTIVITY,Bioactivity,BA_000197,has_bioactivity,Associated phytochemical has respective bioactivity
Phytochemical,FBSFWRHWHYMIOG-UHFFFAOYSA-N,HAS_BIOACTIVITY,Bioactivity,BA_000198,has_bioactivity,Associated phytochemical has respective bioactivity
Phytochemical,IKMDFBPHZNJCSN-UHFFFAOYSA-N,HAS_BIOACTIVITY,Bioactivity,BA_000199,has_bioactivity,Associated phytochemical has respective bioactivity
Phytochemical,IKMDFBPHZNJCSN-UHFFFAOYSA-N,HAS_BIOACTIVITY,Bioactivity,BA_000200,has_bioactivity,Associated phytochemical has respective bioactivity
Phytochemical,IKMDFBPHZNJCSN-UHFFFAOYSA-N,HAS_BIOACTIVITY,Bioactivity,BA_000201,has_bioactivity,Associated phytochemical has respective bioactivity
Phytochemical,IKMDFBPHZNJCSN-UHFFFAOYSA-N,HAS_BIOACTIVITY,Bioactivity,BA_000202,has_bioactivity,Associated phytochemical has respective bioactivity
Phytochemical,IKMDFBPHZNJCSN-UHFFFAOYSA-N,HAS_BIOACTIVITY,Bioactivity,BA_000203,has_bioactivity,Associated phytochemical has respective bioactivity
Phytochemical,IKMDFBPHZNJCSN-UHFFFAOYSA-N,HAS_BIOACTIVITY,Bioactivity,BA_000030,has_bioactivity,Associated phytochemical has respective bioactivity
Phytochemical,IKMDFBPHZNJCSN-UHFFFAOYSA-N,HAS_BIOACTIVITY,Bioactivity,BA_000204,has_bioactivity,Associated phytochemical has respective bioactivity
Phytochemical,IKMDFBPHZNJCSN-UHFFFAOYSA-N,HAS_BIOACTIVITY,Bioactivity,BA_000205,has_bioactivity,Associated phytochemical has respective bioactivity
Phytochemical,IKMDFBPHZNJCSN-UHFFFAOYSA-N,HAS_BIOACTIVITY,Bioactivity,BA_000206,has_bioactivity,Associated phytochemical has respective bioactivity
Phytochemical,IKMDFBPHZNJCSN-UHFFFAOYSA-N,HAS_BIOACTIVITY,Bioactivity,BA_000207,has_bioactivity,Associated phytochemical has respective bioactivity
Phytochemical,IKMDFBPHZNJCSN-UHFFFAOYSA-N,HAS_BIOACTIVITY,Bioactivity,BA_000208,has_bioactivity,Associated phytochemical has respective bioactivity
Phytochemical,IKMDFBPHZNJCSN-UHFFFAOYSA-N,HAS_BIOACTIVITY,Bioactivity,BA_000209,has_bioactivity,Associated phytochemical has respective bioactivity
Phytochemical,IKMDFBPHZNJCSN-UHFFFAOYSA-N,HAS_BIOACTIVITY,Bioactivity,BA_000210,has_bioactivity,Associated phytochemical has respective bioactivity
Phytochemical,IKMDFBPHZNJCSN-UHFFFAOYSA-N,HAS_BIOACTIVITY,Bioactivity,BA_000211,has_bioactivity,Associated phytochemical has respective bioactivity
Phytochemical,IKMDFBPHZNJCSN-UHFFFAOYSA-N,HAS_BIOACTIVITY,Bioactivity,BA_000212,has_bioactivity,Associated phytochemical has respective bioactivity
Phytochemical,IKMDFBPHZNJCSN-UHFFFAOYSA-N,HAS_BIOACTIVITY,Bioactivity,BA_000213,has_bioactivity,Associated phytochemical has respective bioactivity
Phytochemical,IKMDFBPHZNJCSN-UHFFFAOYSA-N,HAS_BIOACTIVITY,Bioactivity,BA_000214,has_bioactivity,Associated phytochemical has respective bioactivity
Phytochemical,IKMDFBPHZNJCSN-UHFFFAOYSA-N,HAS_BIOACTIVITY,Bioactivity,BA_000215,has_bioactivity,Associated phytochemical has respective bioactivity
Phytochemical,IKMDFBPHZNJCSN-UHFFFAOYSA-N,HAS_BIOACTIVITY,Bioactivity,BA_000216,has_bioactivity,Associated phytochemical has respective bioactivity
Phytochemical,IKMDFBPHZNJCSN-UHFFFAOYSA-N,HAS_BIOACTIVITY,Bioactivity,BA_000217,has_bioactivity,Associated phytochemical has respective bioactivity
Phytochemical,IKMDFBPHZNJCSN-UHFFFAOYSA-N,HAS_BIOACTIVITY,Bioactivity,BA_000045,has_bioactivity,Associated phytochemical has respective bioactivity
Phytochemical,IKMDFBPHZNJCSN-UHFFFAOYSA-N,HAS_BIOACTIVITY,Bioactivity,BA_000218,has_bioactivity,Associated phytochemical has respective bioactivity
Phytochemical,IKMDFBPHZNJCSN-UHFFFAOYSA-N,HAS_BIOACTIVITY,Bioactivity,BA_000219,has_bioactivity,Associated phytochemical has respective bioactivity
Phytochemical,IKMDFBPHZNJCSN-UHFFFAOYSA-N,HAS_BIOACTIVITY,Bioactivity,BA_000155,has_bioactivity,Associated phytochemical has respective bioactivity
Phytochemical,IKMDFBPHZNJCSN-UHFFFAOYSA-N,HAS_BIOACTIVITY,Bioactivity,BA_000047,has_bioactivity,Associated phytochemical has respective bioactivity
Phytochemical,IKMDFBPHZNJCSN-UHFFFAOYSA-N,HAS_BIOACTIVITY,Bioactivity,BA_000220,has_bioactivity,Associated phytochemical has respective bioactivity
Phytochemical,IKMDFBPHZNJCSN-UHFFFAOYSA-N,HAS_BIOACTIVITY,Bioactivity,BA_000124,has_bioactivity,Associated phytochemical has respective bioactivity
Phytochemical,IKMDFBPHZNJCSN-UHFFFAOYSA-N,HAS_BIOACTIVITY,Bioactivity,BA_000221,has_bioactivity,Associated phytochemical has respective bioactivity
Phytochemical,IKMDFBPHZNJCSN-UHFFFAOYSA-N,HAS_BIOACTIVITY,Bioactivity,BA_000222,has_bioactivity,Associated phytochemical has respective bioactivity
Phytochemical,IKMDFBPHZNJCSN-UHFFFAOYSA-N,HAS_BIOACTIVITY,Bioactivity,BA_000223,has_bioactivity,Associated phytochemical has respective bioactivity
Phytochemical,IKMDFBPHZNJCSN-UHFFFAOYSA-N,HAS_BIOACTIVITY,Bioactivity,BA_000224,has_bioactivity,Associated phytochemical has respective bioactivity
Phytochemical,IKMDFBPHZNJCSN-UHFFFAOYSA-N,HAS_BIOACTIVITY,Bioactivity,BA_000225,has_bioactivity,Associated phytochemical has respective bioactivity
Phytochemical,IKMDFBPHZNJCSN-UHFFFAOYSA-N,HAS_BIOACTIVITY,Bioactivity,BA_000226,has_bioactivity,Associated phytochemical has respective bioactivity
Phytochemical,IKMDFBPHZNJCSN-UHFFFAOYSA-N,HAS_BIOACTIVITY,Bioactivity,BA_000227,has_bioactivity,Associated phytochemical has respective bioactivity
Phytochemical,IKMDFBPHZNJCSN-UHFFFAOYSA-N,HAS_BIOACTIVITY,Bioactivity,BA_000228,has_bioactivity,Associated phytochemical has respective bioactivity
Phytochemical,IKMDFBPHZNJCSN-UHFFFAOYSA-N,HAS_BIOACTIVITY,Bioactivity,BA_000229,has_bioactivity,Associated phytochemical has respective bioactivity
Phytochemical,IKMDFBPHZNJCSN-UHFFFAOYSA-N,HAS_BIOACTIVITY,Bioactivity,BA_000230,has_bioactivity,Associated phytochemical has respective bioactivity
Phytochemical,IKMDFBPHZNJCSN-UHFFFAOYSA-N,HAS_BIOACTIVITY,Bioactivity,BA_000231,has_bioactivity,Associated phytochemical has respective bioactivity
Phytochemical,IKMDFBPHZNJCSN-UHFFFAOYSA-N,HAS_BIOACTIVITY,Bioactivity,BA_000232,has_bioactivity,Associated phytochemical has respective bioactivity
Phytochemical,IKMDFBPHZNJCSN-UHFFFAOYSA-N,HAS_BIOACTIVITY,Bioactivity,BA_000233,has_bioactivity,Associated phytochemical has respective bioactivity
Phytochemical,IKMDFBPHZNJCSN-UHFFFAOYSA-N,HAS_BIOACTIVITY,Bioactivity,BA_000234,has_bioactivity,Associated phytochemical has respective bioactivity
Phytochemical,IKMDFBPHZNJCSN-UHFFFAOYSA-N,HAS_BIOACTIVITY,Bioactivity,BA_000235,has_bioactivity,Associated phytochemical has respective bioactivity
Phytochemical,IKMDFBPHZNJCSN-UHFFFAOYSA-N,HAS_BIOACTIVITY,Bioactivity,BA_000236,has_bioactivity,Associated phytochemical has respective bioactivity
Phytochemical,IKMDFBPHZNJCSN-UHFFFAOYSA-N,HAS_BIOACTIVITY,Bioactivity,BA_000237,has_bioactivity,Associated phytochemical has respective bioactivity
Phytochemical,IKMDFBPHZNJCSN-UHFFFAOYSA-N,HAS_BIOACTIVITY,Bioactivity,BA_000238,has_bioactivity,Associated phytochemical has respective bioactivity
Phytochemical,IKMDFBPHZNJCSN-UHFFFAOYSA-N,HAS_BIOACTIVITY,Bioactivity,BA_000239,has_bioactivity,Associated phytochemical has respective bioactivity
Phytochemical,IKMDFBPHZNJCSN-UHFFFAOYSA-N,HAS_BIOACTIVITY,Bioactivity,BA_000240,has_bioactivity,Associated phytochemical has respective bioactivity
Phytochemical,IKMDFBPHZNJCSN-UHFFFAOYSA-N,HAS_BIOACTIVITY,Bioactivity,BA_000241,has_bioactivity,Associated phytochemical has respective bioactivity
Phytochemical,IKMDFBPHZNJCSN-UHFFFAOYSA-N,HAS_BIOACTIVITY,Bioactivity,BA_000242,has_bioactivity,Associated phytochemical has respective bioactivity
Phytochemical,IKMDFBPHZNJCSN-UHFFFAOYSA-N,HAS_BIOACTIVITY,Bioactivity,BA_000243,has_bioactivity,Associated phytochemical has respective bioactivity
Phytochemical,IKMDFBPHZNJCSN-UHFFFAOYSA-N,HAS_BIOACTIVITY,Bioactivity,BA_000244,has_bioactivity,Associated phytochemical has respective bioactivity
Phytochemical,IKMDFBPHZNJCSN-UHFFFAOYSA-N,HAS_BIOACTIVITY,Bioactivity,BA_000130,has_bioactivity,Associated phytochemical has respective bioactivity
Phytochemical,IKMDFBPHZNJCSN-UHFFFAOYSA-N,HAS_BIOACTIVITY,Bioactivity,BA_000245,has_bioactivity,Associated phytochemical has respective bioactivity
Phytochemical,IKMDFBPHZNJCSN-UHFFFAOYSA-N,HAS_BIOACTIVITY,Bioactivity,BA_000246,has_bioactivity,Associated phytochemical has respective bioactivity
Phytochemical,IKMDFBPHZNJCSN-UHFFFAOYSA-N,HAS_BIOACTIVITY,Bioactivity,BA_000247,has_bioactivity,Associated phytochemical has respective bioactivity
Phytochemical,IKMDFBPHZNJCSN-UHFFFAOYSA-N,HAS_BIOACTIVITY,Bioactivity,BA_000248,has_bioactivity,Associated phytochemical has respective bioactivity
Phytochemical,IKMDFBPHZNJCSN-UHFFFAOYSA-N,HAS_BIOACTIVITY,Bioactivity,BA_000249,has_bioactivity,Associated phytochemical has respective bioactivity
Phytochemical,IKMDFBPHZNJCSN-UHFFFAOYSA-N,HAS_BIOACTIVITY,Bioactivity,BA_000250,has_bioactivity,Associated phytochemical has respective bioactivity
Phytochemical,IKMDFBPHZNJCSN-UHFFFAOYSA-N,HAS_BIOACTIVITY,Bioactivity,BA_000251,has_bioactivity,Associated phytochemical has respective bioactivity
Phytochemical,IKMDFBPHZNJCSN-UHFFFAOYSA-N,HAS_BIOACTIVITY,Bioactivity,BA_000252,has_bioactivity,Associated phytochemical has respective bioactivity
Phytochemical,IKMDFBPHZNJCSN-UHFFFAOYSA-N,HAS_BIOACTIVITY,Bioactivity,BA_000253,has_bioactivity,Associated phytochemical has respective bioactivity
Phytochemical,IKMDFBPHZNJCSN-UHFFFAOYSA-N,HAS_BIOACTIVITY,Bioactivity,BA_000254,has_bioactivity,Associated phytochemical has respective bioactivity
Phytochemical,IKMDFBPHZNJCSN-UHFFFAOYSA-N,HAS_BIOACTIVITY,Bioactivity,BA_000255,has_bioactivity,Associated phytochemical has respective bioactivity
Phytochemical,IKMDFBPHZNJCSN-UHFFFAOYSA-N,HAS_BIOACTIVITY,Bioactivity,BA_000256,has_bioactivity,Associated phytochemical has respective bioactivity
Phytochemical,IKMDFBPHZNJCSN-UHFFFAOYSA-N,HAS_BIOACTIVITY,Bioactivity,BA_000257,has_bioactivity,Associated phytochemical has respective bioactivity
Phytochemical,IKMDFBPHZNJCSN-UHFFFAOYSA-N,HAS_BIOACTIVITY,Bioactivity,BA_000258,has_bioactivity,Associated phytochemical has respective bioactivity
Phytochemical,IKMDFBPHZNJCSN-UHFFFAOYSA-N,HAS_BIOACTIVITY,Bioactivity,BA_000259,has_bioactivity,Associated phytochemical has respective bioactivity
Phytochemical,IKMDFBPHZNJCSN-UHFFFAOYSA-N,HAS_BIOACTIVITY,Bioactivity,BA_000260,has_bioactivity,Associated phytochemical has respective bioactivity
Phytochemical,IKMDFBPHZNJCSN-UHFFFAOYSA-N,HAS_BIOACTIVITY,Bioactivity,BA_000261,has_bioactivity,Associated phytochemical has respective bioactivity
Phytochemical,IKMDFBPHZNJCSN-UHFFFAOYSA-N,HAS_BIOACTIVITY,Bioactivity,BA_000262,has_bioactivity,Associated phytochemical has respective bioactivity
Phytochemical,IKMDFBPHZNJCSN-UHFFFAOYSA-N,HAS_BIOACTIVITY,Bioactivity,BA_000263,has_bioactivity,Associated phytochemical has respective bioactivity
Phytochemical,IKMDFBPHZNJCSN-UHFFFAOYSA-N,HAS_BIOACTIVITY,Bioactivity,BA_000264,has_bioactivity,Associated phytochemical has respective bioactivity
Phytochemical,IKMDFBPHZNJCSN-UHFFFAOYSA-N,HAS_BIOACTIVITY,Bioactivity,BA_000265,has_bioactivity,Associated phytochemical has respective bioactivity
Phytochemical,IKMDFBPHZNJCSN-UHFFFAOYSA-N,HAS_BIOACTIVITY,Bioactivity,BA_000266,has_bioactivity,Associated phytochemical has respective bioactivity
Phytochemical,IKMDFBPHZNJCSN-UHFFFAOYSA-N,HAS_BIOACTIVITY,Bioactivity,BA_000267,has_bioactivity,Associated phytochemical has respective bioactivity
Phytochemical,IKMDFBPHZNJCSN-UHFFFAOYSA-N,HAS_BIOACTIVITY,Bioactivity,BA_000268,has_bioactivity,Associated phytochemical has respective bioactivity
Phytochemical,IKMDFBPHZNJCSN-UHFFFAOYSA-N,HAS_BIOACTIVITY,Bioactivity,BA_000269,has_bioactivity,Associated phytochemical has respective bioactivity
Phytochemical,IKMDFBPHZNJCSN-UHFFFAOYSA-N,HAS_BIOACTIVITY,Bioactivity,BA_000270,has_bioactivity,Associated phytochemical has respective bioactivity
Phytochemical,IKMDFBPHZNJCSN-UHFFFAOYSA-N,HAS_BIOACTIVITY,Bioactivity,BA_000271,has_bioactivity,Associated phytochemical has respective bioactivity
Phytochemical,IKMDFBPHZNJCSN-UHFFFAOYSA-N,HAS_BIOACTIVITY,Bioactivity,BA_000272,has_bioactivity,Associated phytochemical has respective bioactivity
Phytochemical,IKMDFBPHZNJCSN-UHFFFAOYSA-N,HAS_BIOACTIVITY,Bioactivity,BA_000273,has_bioactivity,Associated phytochemical has respective bioactivity
Phytochemical,IKMDFBPHZNJCSN-UHFFFAOYSA-N,HAS_BIOACTIVITY,Bioactivity,BA_000274,has_bioactivity,Associated phytochemical has respective bioactivity
Phytochemical,IKMDFBPHZNJCSN-UHFFFAOYSA-N,HAS_BIOACTIVITY,Bioactivity,BA_000275,has_bioactivity,Associated phytochemical has respective bioactivity
Phytochemical,IKMDFBPHZNJCSN-UHFFFAOYSA-N,HAS_BIOACTIVITY,Bioactivity,BA_000276,has_bioactivity,Associated phytochemical has respective bioactivity
Phytochemical,IKMDFBPHZNJCSN-UHFFFAOYSA-N,HAS_BIOACTIVITY,Bioactivity,BA_000277,has_bioactivity,Associated phytochemical has respective bioactivity
Phytochemical,IKMDFBPHZNJCSN-UHFFFAOYSA-N,HAS_BIOACTIVITY,Bioactivity,BA_000085,has_bioactivity,Associated phytochemical has respective bioactivity
Phytochemical,IKMDFBPHZNJCSN-UHFFFAOYSA-N,HAS_BIOACTIVITY,Bioactivity,BA_000278,has_bioactivity,Associated phytochemical has respective bioactivity
Phytochemical,IKMDFBPHZNJCSN-UHFFFAOYSA-N,HAS_BIOACTIVITY,Bioactivity,BA_000279,has_bioactivity,Associated phytochemical has respective bioactivity
Phytochemical,IKMDFBPHZNJCSN-UHFFFAOYSA-N,HAS_BIOACTIVITY,Bioactivity,BA_000280,has_bioactivity,Associated phytochemical has respective bioactivity
Phytochemical,IKMDFBPHZNJCSN-UHFFFAOYSA-N,HAS_BIOACTIVITY,Bioactivity,BA_000281,has_bioactivity,Associated phytochemical has respective bioactivity
Phytochemical,IKMDFBPHZNJCSN-UHFFFAOYSA-N,HAS_BIOACTIVITY,Bioactivity,BA_000282,has_bioactivity,Associated phytochemical has respective bioactivity
Phytochemical,IKMDFBPHZNJCSN-UHFFFAOYSA-N,HAS_BIOACTIVITY,Bioactivity,BA_000283,has_bioactivity,Associated phytochemical has respective bioactivity
Phytochemical,IKMDFBPHZNJCSN-UHFFFAOYSA-N,HAS_BIOACTIVITY,Bioactivity,BA_000284,has_bioactivity,Associated phytochemical has respective bioactivity
Phytochemical,IKMDFBPHZNJCSN-UHFFFAOYSA-N,HAS_BIOACTIVITY,Bioactivity,BA_000285,has_bioactivity,Associated phytochemical has respective bioactivity
Phytochemical,IKMDFBPHZNJCSN-UHFFFAOYSA-N,HAS_BIOACTIVITY,Bioactivity,BA_000286,has_bioactivity,Associated phytochemical has respective bioactivity
Phytochemical,IKMDFBPHZNJCSN-UHFFFAOYSA-N,HAS_BIOACTIVITY,Bioactivity,BA_000287,has_bioactivity,Associated phytochemical has respective bioactivity
Phytochemical,IKMDFBPHZNJCSN-UHFFFAOYSA-N,HAS_BIOACTIVITY,Bioactivity,BA_000288,has_bioactivity,Associated phytochemical has respective bioactivity
Phytochemical,IKMDFBPHZNJCSN-UHFFFAOYSA-N,HAS_BIOACTIVITY,Bioactivity,BA_000289,has_bioactivity,Associated phytochemical has respective bioactivity
Phytochemical,IKMDFBPHZNJCSN-UHFFFAOYSA-N,HAS_BIOACTIVITY,Bioactivity,BA_000290,has_bioactivity,Associated phytochemical has respective bioactivity
Phytochemical,IKMDFBPHZNJCSN-UHFFFAOYSA-N,HAS_BIOACTIVITY,Bioactivity,BA_000291,has_bioactivity,Associated phytochemical has respective bioactivity
Phytochemical,IKMDFBPHZNJCSN-UHFFFAOYSA-N,HAS_BIOACTIVITY,Bioactivity,BA_000292,has_bioactivity,Associated phytochemical has respective bioactivity
Phytochemical,IKMDFBPHZNJCSN-UHFFFAOYSA-N,HAS_BIOACTIVITY,Bioactivity,BA_000293,has_bioactivity,Associated phytochemical has respective bioactivity
Phytochemical,IKMDFBPHZNJCSN-UHFFFAOYSA-N,HAS_BIOACTIVITY,Bioactivity,BA_000294,has_bioactivity,Associated phytochemical has respective bioactivity
Phytochemical,IKMDFBPHZNJCSN-UHFFFAOYSA-N,HAS_BIOACTIVITY,Bioactivity,BA_000295,has_bioactivity,Associated phytochemical has respective bioactivity
Phytochemical,IKMDFBPHZNJCSN-UHFFFAOYSA-N,HAS_BIOACTIVITY,Bioactivity,BA_000296,has_bioactivity,Associated phytochemical has respective bioactivity
Phytochemical,IKMDFBPHZNJCSN-UHFFFAOYSA-N,HAS_BIOACTIVITY,Bioactivity,BA_000297,has_bioactivity,Associated phytochemical has respective bioactivity
Phytochemical,IKMDFBPHZNJCSN-UHFFFAOYSA-N,HAS_BIOACTIVITY,Bioactivity,BA_000298,has_bioactivity,Associated phytochemical has respective bioactivity
Phytochemical,IKMDFBPHZNJCSN-UHFFFAOYSA-N,HAS_BIOACTIVITY,Bioactivity,BA_000299,has_bioactivity,Associated phytochemical has respective bioactivity
Phytochemical,IKMDFBPHZNJCSN-UHFFFAOYSA-N,HAS_BIOACTIVITY,Bioactivity,BA_000300,has_bioactivity,Associated phytochemical has respective bioactivity
Phytochemical,IKMDFBPHZNJCSN-UHFFFAOYSA-N,HAS_BIOACTIVITY,Bioactivity,BA_000301,has_bioactivity,Associated phytochemical has respective bioactivity
Phytochemical,IKMDFBPHZNJCSN-UHFFFAOYSA-N,HAS_BIOACTIVITY,Bioactivity,BA_000302,has_bioactivity,Associated phytochemical has respective bioactivity
Phytochemical,IKMDFBPHZNJCSN-UHFFFAOYSA-N,HAS_BIOACTIVITY,Bioactivity,BA_000303,has_bioactivity,Associated phytochemical has respective bioactivity
Phytochemical,IKMDFBPHZNJCSN-UHFFFAOYSA-N,HAS_BIOACTIVITY,Bioactivity,BA_000304,has_bioactivity,Associated phytochemical has respective bioactivity
Phytochemical,IKMDFBPHZNJCSN-UHFFFAOYSA-N,HAS_BIOACTIVITY,Bioactivity,BA_000305,has_bioactivity,Associated phytochemical has respective bioactivity
Phytochemical,IKMDFBPHZNJCSN-UHFFFAOYSA-N,HAS_BIOACTIVITY,Bioactivity,BA_000306,has_bioactivity,Associated phytochemical has respective bioactivity
Phytochemical,IKMDFBPHZNJCSN-UHFFFAOYSA-N,HAS_BIOACTIVITY,Bioactivity,BA_000307,has_bioactivity,Associated phytochemical has respective bioactivity
Phytochemical,IKMDFBPHZNJCSN-UHFFFAOYSA-N,HAS_BIOACTIVITY,Bioactivity,BA_000308,has_bioactivity,Associated phytochemical has respective bioactivity
Phytochemical,IKMDFBPHZNJCSN-UHFFFAOYSA-N,HAS_BIOACTIVITY,Bioactivity,BA_000309,has_bioactivity,Associated phytochemical has respective bioactivity
Phytochemical,IKMDFBPHZNJCSN-UHFFFAOYSA-N,HAS_BIOACTIVITY,Bioactivity,BA_000310,has_bioactivity,Associated phytochemical has respective bioactivity
Phytochemical,IKMDFBPHZNJCSN-UHFFFAOYSA-N,HAS_BIOACTIVITY,Bioactivity,BA_000311,has_bioactivity,Associated phytochemical has respective bioactivity
Phytochemical,IKMDFBPHZNJCSN-UHFFFAOYSA-N,HAS_BIOACTIVITY,Bioactivity,BA_000312,has_bioactivity,Associated phytochemical has respective bioactivity
Phytochemical,IKMDFBPHZNJCSN-UHFFFAOYSA-N,HAS_BIOACTIVITY,Bioactivity,BA_000313,has_bioactivity,Associated phytochemical has respective bioactivity
Phytochemical,IKMDFBPHZNJCSN-UHFFFAOYSA-N,HAS_BIOACTIVITY,Bioactivity,BA_000314,has_bioactivity,Associated phytochemical has respective bioactivity
Phytochemical,IKMDFBPHZNJCSN-UHFFFAOYSA-N,HAS_BIOACTIVITY,Bioactivity,BA_000315,has_bioactivity,Associated phytochemical has respective bioactivity
Phytochemical,IKMDFBPHZNJCSN-UHFFFAOYSA-N,HAS_BIOACTIVITY,Bioactivity,BA_000316,has_bioactivity,Associated phytochemical has respective bioactivity
Phytochemical,REFJWTPEDVJJIY-UHFFFAOYSA-N,HAS_BIOACTIVITY,Bioactivity,BA_000317,has_bioactivity,Associated phytochemical has respective bioactivity
Phytochemical,REFJWTPEDVJJIY-UHFFFAOYSA-N,HAS_BIOACTIVITY,Bioactivity,BA_000318,has_bioactivity,Associated phytochemical has respective bioactivity
Phytochemical,REFJWTPEDVJJIY-UHFFFAOYSA-N,HAS_BIOACTIVITY,Bioactivity,BA_000319,has_bioactivity,Associated phytochemical has respective bioactivity
Phytochemical,REFJWTPEDVJJIY-UHFFFAOYSA-N,HAS_BIOACTIVITY,Bioactivity,BA_000320,has_bioactivity,Associated phytochemical has respective bioactivity
Phytochemical,REFJWTPEDVJJIY-UHFFFAOYSA-N,HAS_BIOACTIVITY,Bioactivity,BA_000321,has_bioactivity,Associated phytochemical has respective bioactivity
Phytochemical,REFJWTPEDVJJIY-UHFFFAOYSA-N,HAS_BIOACTIVITY,Bioactivity,BA_000322,has_bioactivity,Associated phytochemical has respective bioactivity
Phytochemical,REFJWTPEDVJJIY-UHFFFAOYSA-N,HAS_BIOACTIVITY,Bioactivity,BA_000323,has_bioactivity,Associated phytochemical has respective bioactivity
Phytochemical,REFJWTPEDVJJIY-UHFFFAOYSA-N,HAS_BIOACTIVITY,Bioactivity,BA_000324,has_bioactivity,Associated phytochemical has respective bioactivity
Phytochemical,REFJWTPEDVJJIY-UHFFFAOYSA-N,HAS_BIOACTIVITY,Bioactivity,BA_000325,has_bioactivity,Associated phytochemical has respective bioactivity
Phytochemical,REFJWTPEDVJJIY-UHFFFAOYSA-N,HAS_BIOACTIVITY,Bioactivity,BA_000326,has_bioactivity,Associated phytochemical has respective bioactivity
Phytochemical,REFJWTPEDVJJIY-UHFFFAOYSA-N,HAS_BIOACTIVITY,Bioactivity,BA_000327,has_bioactivity,Associated phytochemical has respective bioactivity
Phytochemical,REFJWTPEDVJJIY-UHFFFAOYSA-N,HAS_BIOACTIVITY,Bioactivity,BA_000328,has_bioactivity,Associated phytochemical has respective bioactivity
Phytochemical,REFJWTPEDVJJIY-UHFFFAOYSA-N,HAS_BIOACTIVITY,Bioactivity,BA_000329,has_bioactivity,Associated phytochemical has respective bioactivity
Phytochemical,REFJWTPEDVJJIY-UHFFFAOYSA-N,HAS_BIOACTIVITY,Bioactivity,BA_000330,has_bioactivity,Associated phytochemical has respective bioactivity
Phytochemical,REFJWTPEDVJJIY-UHFFFAOYSA-N,HAS_BIOACTIVITY,Bioactivity,BA_000331,has_bioactivity,Associated phytochemical has respective bioactivity
Phytochemical,REFJWTPEDVJJIY-UHFFFAOYSA-N,HAS_BIOACTIVITY,Bioactivity,BA_000332,has_bioactivity,Associated phytochemical has respective bioactivity
Phytochemical,REFJWTPEDVJJIY-UHFFFAOYSA-N,HAS_BIOACTIVITY,Bioactivity,BA_000030,has_bioactivity,Associated phytochemical has respective bioactivity
Phytochemical,REFJWTPEDVJJIY-UHFFFAOYSA-N,HAS_BIOACTIVITY,Bioactivity,BA_000333,has_bioactivity,Associated phytochemical has respective bioactivity
Phytochemical,REFJWTPEDVJJIY-UHFFFAOYSA-N,HAS_BIOACTIVITY,Bioactivity,BA_000334,has_bioactivity,Associated phytochemical has respective bioactivity
Phytochemical,REFJWTPEDVJJIY-UHFFFAOYSA-N,HAS_BIOACTIVITY,Bioactivity,BA_000335,has_bioactivity,Associated phytochemical has respective bioactivity
Phytochemical,REFJWTPEDVJJIY-UHFFFAOYSA-N,HAS_BIOACTIVITY,Bioactivity,BA_000336,has_bioactivity,Associated phytochemical has respective bioactivity
Phytochemical,REFJWTPEDVJJIY-UHFFFAOYSA-N,HAS_BIOACTIVITY,Bioactivity,BA_000337,has_bioactivity,Associated phytochemical has respective bioactivity
Phytochemical,REFJWTPEDVJJIY-UHFFFAOYSA-N,HAS_BIOACTIVITY,Bioactivity,BA_000338,has_bioactivity,Associated phytochemical has respective bioactivity
Phytochemical,REFJWTPEDVJJIY-UHFFFAOYSA-N,HAS_BIOACTIVITY,Bioactivity,BA_000339,has_bioactivity,Associated phytochemical has respective bioactivity
Phytochemical,REFJWTPEDVJJIY-UHFFFAOYSA-N,HAS_BIOACTIVITY,Bioactivity,BA_000340,has_bioactivity,Associated phytochemical has respective bioactivity
Phytochemical,REFJWTPEDVJJIY-UHFFFAOYSA-N,HAS_BIOACTIVITY,Bioactivity,BA_000341,has_bioactivity,Associated phytochemical has respective bioactivity
Phytochemical,REFJWTPEDVJJIY-UHFFFAOYSA-N,HAS_BIOACTIVITY,Bioactivity,BA_000342,has_bioactivity,Associated phytochemical has respective bioactivity
Phytochemical,REFJWTPEDVJJIY-UHFFFAOYSA-N,HAS_BIOACTIVITY,Bioactivity,BA_000343,has_bioactivity,Associated phytochemical has respective bioactivity
Phytochemical,REFJWTPEDVJJIY-UHFFFAOYSA-N,HAS_BIOACTIVITY,Bioactivity,BA_000344,has_bioactivity,Associated phytochemical has respective bioactivity
Phytochemical,REFJWTPEDVJJIY-UHFFFAOYSA-N,HAS_BIOACTIVITY,Bioactivity,BA_000345,has_bioactivity,Associated phytochemical has respective bioactivity
Phytochemical,REFJWTPEDVJJIY-UHFFFAOYSA-N,HAS_BIOACTIVITY,Bioactivity,BA_000346,has_bioactivity,Associated phytochemical has respective bioactivity
Phytochemical,REFJWTPEDVJJIY-UHFFFAOYSA-N,HAS_BIOACTIVITY,Bioactivity,BA_000347,has_bioactivity,Associated phytochemical has respective bioactivity
Phytochemical,REFJWTPEDVJJIY-UHFFFAOYSA-N,HAS_BIOACTIVITY,Bioactivity,BA_000348,has_bioactivity,Associated phytochemical has respective bioactivity
Phytochemical,REFJWTPEDVJJIY-UHFFFAOYSA-N,HAS_BIOACTIVITY,Bioactivity,BA_000349,has_bioactivity,Associated phytochemical has respective bioactivity
Phytochemical,REFJWTPEDVJJIY-UHFFFAOYSA-N,HAS_BIOACTIVITY,Bioactivity,BA_000350,has_bioactivity,Associated phytochemical has respective bioactivity
Phytochemical,REFJWTPEDVJJIY-UHFFFAOYSA-N,HAS_BIOACTIVITY,Bioactivity,BA_000351,has_bioactivity,Associated phytochemical has respective bioactivity
Phytochemical,REFJWTPEDVJJIY-UHFFFAOYSA-N,HAS_BIOACTIVITY,Bioactivity,BA_000352,has_bioactivity,Associated phytochemical has respective bioactivity
Phytochemical,REFJWTPEDVJJIY-UHFFFAOYSA-N,HAS_BIOACTIVITY,Bioactivity,BA_000353,has_bioactivity,Associated phytochemical has respective bioactivity
Phytochemical,REFJWTPEDVJJIY-UHFFFAOYSA-N,HAS_BIOACTIVITY,Bioactivity,BA_000204,has_bioactivity,Associated phytochemical has respective bioactivity
Phytochemical,REFJWTPEDVJJIY-UHFFFAOYSA-N,HAS_BIOACTIVITY,Bioactivity,BA_000354,has_bioactivity,Associated phytochemical has respective bioactivity
Phytochemical,REFJWTPEDVJJIY-UHFFFAOYSA-N,HAS_BIOACTIVITY,Bioactivity,BA_000208,has_bioactivity,Associated phytochemical has respective bioactivity
Phytochemical,REFJWTPEDVJJIY-UHFFFAOYSA-N,HAS_BIOACTIVITY,Bioactivity,BA_000355,has_bioactivity,Associated phytochemical has respective bioactivity
Phytochemical,REFJWTPEDVJJIY-UHFFFAOYSA-N,HAS_BIOACTIVITY,Bioactivity,BA_000356,has_bioactivity,Associated phytochemical has respective bioactivity
Phytochemical,REFJWTPEDVJJIY-UHFFFAOYSA-N,HAS_BIOACTIVITY,Bioactivity,BA_000357,has_bioactivity,Associated phytochemical has respective bioactivity
Phytochemical,REFJWTPEDVJJIY-UHFFFAOYSA-N,HAS_BIOACTIVITY,Bioactivity,BA_000358,has_bioactivity,Associated phytochemical has respective bioactivity
Phytochemical,REFJWTPEDVJJIY-UHFFFAOYSA-N,HAS_BIOACTIVITY,Bioactivity,BA_000359,has_bioactivity,Associated phytochemical has respective bioactivity
Phytochemical,REFJWTPEDVJJIY-UHFFFAOYSA-N,HAS_BIOACTIVITY,Bioactivity,BA_000360,has_bioactivity,Associated phytochemical has respective bioactivity
Phytochemical,REFJWTPEDVJJIY-UHFFFAOYSA-N,HAS_BIOACTIVITY,Bioactivity,BA_000045,has_bioactivity,Associated phytochemical has respective bioactivity
Phytochemical,REFJWTPEDVJJIY-UHFFFAOYSA-N,HAS_BIOACTIVITY,Bioactivity,BA_000361,has_bioactivity,Associated phytochemical has respective bioactivity
Phytochemical,REFJWTPEDVJJIY-UHFFFAOYSA-N,HAS_BIOACTIVITY,Bioactivity,BA_000043,has_bioactivity,Associated phytochemical has respective bioactivity
Phytochemical,REFJWTPEDVJJIY-UHFFFAOYSA-N,HAS_BIOACTIVITY,Bioactivity,BA_000046,has_bioactivity,Associated phytochemical has respective bioactivity
Phytochemical,REFJWTPEDVJJIY-UHFFFAOYSA-N,HAS_BIOACTIVITY,Bioactivity,BA_000218,has_bioactivity,Associated phytochemical has respective bioactivity
Phytochemical,REFJWTPEDVJJIY-UHFFFAOYSA-N,HAS_BIOACTIVITY,Bioactivity,BA_000362,has_bioactivity,Associated phytochemical has respective bioactivity
Phytochemical,REFJWTPEDVJJIY-UHFFFAOYSA-N,HAS_BIOACTIVITY,Bioactivity,BA_000363,has_bioactivity,Associated phytochemical has respective bioactivity
Phytochemical,REFJWTPEDVJJIY-UHFFFAOYSA-N,HAS_BIOACTIVITY,Bioactivity,BA_000364,has_bioactivity,Associated phytochemical has respective bioactivity
Phytochemical,REFJWTPEDVJJIY-UHFFFAOYSA-N,HAS_BIOACTIVITY,Bioactivity,BA_000365,has_bioactivity,Associated phytochemical has respective bioactivity
Phytochemical,REFJWTPEDVJJIY-UHFFFAOYSA-N,HAS_BIOACTIVITY,Bioactivity,BA_000366,has_bioactivity,Associated phytochemical has respective bioactivity
Phytochemical,REFJWTPEDVJJIY-UHFFFAOYSA-N,HAS_BIOACTIVITY,Bioactivity,BA_000367,has_bioactivity,Associated phytochemical has respective bioactivity
Phytochemical,REFJWTPEDVJJIY-UHFFFAOYSA-N,HAS_BIOACTIVITY,Bioactivity,BA_000368,has_bioactivity,Associated phytochemical has respective bioactivity
Phytochemical,REFJWTPEDVJJIY-UHFFFAOYSA-N,HAS_BIOACTIVITY,Bioactivity,BA_000230,has_bioactivity,Associated phytochemical has respective bioactivity
Phytochemical,REFJWTPEDVJJIY-UHFFFAOYSA-N,HAS_BIOACTIVITY,Bioactivity,BA_000231,has_bioactivity,Associated phytochemical has respective bioactivity
Phytochemical,REFJWTPEDVJJIY-UHFFFAOYSA-N,HAS_BIOACTIVITY,Bioactivity,BA_000369,has_bioactivity,Associated phytochemical has respective bioactivity
Phytochemical,REFJWTPEDVJJIY-UHFFFAOYSA-N,HAS_BIOACTIVITY,Bioactivity,BA_000370,has_bioactivity,Associated phytochemical has respective bioactivity
Phytochemical,REFJWTPEDVJJIY-UHFFFAOYSA-N,HAS_BIOACTIVITY,Bioactivity,BA_000371,has_bioactivity,Associated phytochemical has respective bioactivity
Phytochemical,REFJWTPEDVJJIY-UHFFFAOYSA-N,HAS_BIOACTIVITY,Bioactivity,BA_000372,has_bioactivity,Associated phytochemical has respective bioactivity
Phytochemical,REFJWTPEDVJJIY-UHFFFAOYSA-N,HAS_BIOACTIVITY,Bioactivity,BA_000373,has_bioactivity,Associated phytochemical has respective bioactivity
Phytochemical,REFJWTPEDVJJIY-UHFFFAOYSA-N,HAS_BIOACTIVITY,Bioactivity,BA_000374,has_bioactivity,Associated phytochemical has respective bioactivity
Phytochemical,REFJWTPEDVJJIY-UHFFFAOYSA-N,HAS_BIOACTIVITY,Bioactivity,BA_000375,has_bioactivity,Associated phytochemical has respective bioactivity
Phytochemical,REFJWTPEDVJJIY-UHFFFAOYSA-N,HAS_BIOACTIVITY,Bioactivity,BA_000235,has_bioactivity,Associated phytochemical has respective bioactivity
Phytochemical,REFJWTPEDVJJIY-UHFFFAOYSA-N,HAS_BIOACTIVITY,Bioactivity,BA_000376,has_bioactivity,Associated phytochemical has respective bioactivity
Phytochemical,REFJWTPEDVJJIY-UHFFFAOYSA-N,HAS_BIOACTIVITY,Bioactivity,BA_000377,has_bioactivity,Associated phytochemical has respective bioactivity
Phytochemical,REFJWTPEDVJJIY-UHFFFAOYSA-N,HAS_BIOACTIVITY,Bioactivity,BA_000378,has_bioactivity,Associated phytochemical has respective bioactivity
Phytochemical,REFJWTPEDVJJIY-UHFFFAOYSA-N,HAS_BIOACTIVITY,Bioactivity,BA_000379,has_bioactivity,Associated phytochemical has respective bioactivity
Phytochemical,REFJWTPEDVJJIY-UHFFFAOYSA-N,HAS_BIOACTIVITY,Bioactivity,BA_000380,has_bioactivity,Associated phytochemical has respective bioactivity
Phytochemical,OXGUCUVFOIWWQJ-HQBVPOQASA-N,HAS_BIOACTIVITY,Bioactivity,BA_000381,has_bioactivity,Associated phytochemical has respective bioactivity
Phytochemical,OXGUCUVFOIWWQJ-HQBVPOQASA-N,HAS_BIOACTIVITY,Bioactivity,BA_000382,has_bioactivity,Associated phytochemical has respective bioactivity
Phytochemical,IKGXIBQEEMLURG-NVPNHPEKSA-N,HAS_BIOACTIVITY,Bioactivity,BA_000383,has_bioactivity,Associated phytochemical has respective bioactivity
Phytochemical,IKGXIBQEEMLURG-NVPNHPEKSA-N,HAS_BIOACTIVITY,Bioactivity,BA_000384,has_bioactivity,Associated phytochemical has respective bioactivity
Phytochemical,IKGXIBQEEMLURG-NVPNHPEKSA-N,HAS_BIOACTIVITY,Bioactivity,BA_000385,has_bioactivity,Associated phytochemical has respective bioactivity
Phytochemical,IKGXIBQEEMLURG-NVPNHPEKSA-N,HAS_BIOACTIVITY,Bioactivity,BA_000386,has_bioactivity,Associated phytochemical has respective bioactivity
Phytochemical,IKGXIBQEEMLURG-NVPNHPEKSA-N,HAS_BIOACTIVITY,Bioactivity,BA_000387,has_bioactivity,Associated phytochemical has respective bioactivity
Phytochemical,IKGXIBQEEMLURG-NVPNHPEKSA-N,HAS_BIOACTIVITY,Bioactivity,BA_000388,has_bioactivity,Associated phytochemical has respective bioactivity
Phytochemical,IKGXIBQEEMLURG-NVPNHPEKSA-N,HAS_BIOACTIVITY,Bioactivity,BA_000389,has_bioactivity,Associated phytochemical has respective bioactivity
Phytochemical,IKGXIBQEEMLURG-NVPNHPEKSA-N,HAS_BIOACTIVITY,Bioactivity,BA_000390,has_bioactivity,Associated phytochemical has respective bioactivity
Phytochemical,IKGXIBQEEMLURG-NVPNHPEKSA-N,HAS_BIOACTIVITY,Bioactivity,BA_000085,has_bioactivity,Associated phytochemical has respective bioactivity
Phytochemical,IKGXIBQEEMLURG-NVPNHPEKSA-N,HAS_BIOACTIVITY,Bioactivity,BA_000391,has_bioactivity,Associated phytochemical has respective bioactivity
Phytochemical,IKGXIBQEEMLURG-NVPNHPEKSA-N,HAS_BIOACTIVITY,Bioactivity,BA_000392,has_bioactivity,Associated phytochemical has respective bioactivity
Phytochemical,IKGXIBQEEMLURG-NVPNHPEKSA-N,HAS_BIOACTIVITY,Bioactivity,BA_000393,has_bioactivity,Associated phytochemical has respective bioactivity
Phytochemical,IKGXIBQEEMLURG-NVPNHPEKSA-N,HAS_BIOACTIVITY,Bioactivity,BA_000394,has_bioactivity,Associated phytochemical has respective bioactivity
Phytochemical,IKGXIBQEEMLURG-NVPNHPEKSA-N,HAS_BIOACTIVITY,Bioactivity,BA_000395,has_bioactivity,Associated phytochemical has respective bioactivity
Phytochemical,SGEWCQFRYRRZDC-VPRICQMDSA-N,HAS_BIOACTIVITY,Bioactivity,BA_000396,has_bioactivity,Associated phytochemical has respective bioactivity
Phytochemical,IQPNAANSBPBGFQ-UHFFFAOYSA-N,HAS_BIOACTIVITY,Bioactivity,BA_000397,has_bioactivity,Associated phytochemical has respective bioactivity
Phytochemical,IQPNAANSBPBGFQ-UHFFFAOYSA-N,HAS_BIOACTIVITY,Bioactivity,BA_000398,has_bioactivity,Associated phytochemical has respective bioactivity
Phytochemical,IQPNAANSBPBGFQ-UHFFFAOYSA-N,HAS_BIOACTIVITY,Bioactivity,BA_000399,has_bioactivity,Associated phytochemical has respective bioactivity
Phytochemical,IQPNAANSBPBGFQ-UHFFFAOYSA-N,HAS_BIOACTIVITY,Bioactivity,BA_000400,has_bioactivity,Associated phytochemical has respective bioactivity
Phytochemical,IQPNAANSBPBGFQ-UHFFFAOYSA-N,HAS_BIOACTIVITY,Bioactivity,BA_000401,has_bioactivity,Associated phytochemical has respective bioactivity
Phytochemical,IQPNAANSBPBGFQ-UHFFFAOYSA-N,HAS_BIOACTIVITY,Bioactivity,BA_000402,has_bioactivity,Associated phytochemical has respective bioactivity
Phytochemical,IQPNAANSBPBGFQ-UHFFFAOYSA-N,HAS_BIOACTIVITY,Bioactivity,BA_000403,has_bioactivity,Associated phytochemical has respective bioactivity
Phytochemical,IQPNAANSBPBGFQ-UHFFFAOYSA-N,HAS_BIOACTIVITY,Bioactivity,BA_000404,has_bioactivity,Associated phytochemical has respective bioactivity
Phytochemical,IQPNAANSBPBGFQ-UHFFFAOYSA-N,HAS_BIOACTIVITY,Bioactivity,BA_000405,has_bioactivity,Associated phytochemical has respective bioactivity
Phytochemical,IQPNAANSBPBGFQ-UHFFFAOYSA-N,HAS_BIOACTIVITY,Bioactivity,BA_000406,has_bioactivity,Associated phytochemical has respective bioactivity
Phytochemical,IQPNAANSBPBGFQ-UHFFFAOYSA-N,HAS_BIOACTIVITY,Bioactivity,BA_000407,has_bioactivity,Associated phytochemical has respective bioactivity
Phytochemical,IQPNAANSBPBGFQ-UHFFFAOYSA-N,HAS_BIOACTIVITY,Bioactivity,BA_000408,has_bioactivity,Associated phytochemical has respective bioactivity
Phytochemical,IQPNAANSBPBGFQ-UHFFFAOYSA-N,HAS_BIOACTIVITY,Bioactivity,BA_000357,has_bioactivity,Associated phytochemical has respective bioactivity
Phytochemical,IQPNAANSBPBGFQ-UHFFFAOYSA-N,HAS_BIOACTIVITY,Bioactivity,BA_000409,has_bioactivity,Associated phytochemical has respective bioactivity
Phytochemical,IQPNAANSBPBGFQ-UHFFFAOYSA-N,HAS_BIOACTIVITY,Bioactivity,BA_000410,has_bioactivity,Associated phytochemical has respective bioactivity
Phytochemical,IQPNAANSBPBGFQ-UHFFFAOYSA-N,HAS_BIOACTIVITY,Bioactivity,BA_000124,has_bioactivity,Associated phytochemical has respective bioactivity
Phytochemical,IQPNAANSBPBGFQ-UHFFFAOYSA-N,HAS_BIOACTIVITY,Bioactivity,BA_000221,has_bioactivity,Associated phytochemical has respective bioactivity
Phytochemical,IQPNAANSBPBGFQ-UHFFFAOYSA-N,HAS_BIOACTIVITY,Bioactivity,BA_000222,has_bioactivity,Associated phytochemical has respective bioactivity
Phytochemical,IQPNAANSBPBGFQ-UHFFFAOYSA-N,HAS_BIOACTIVITY,Bioactivity,BA_000411,has_bioactivity,Associated phytochemical has respective bioactivity
Phytochemical,IQPNAANSBPBGFQ-UHFFFAOYSA-N,HAS_BIOACTIVITY,Bioactivity,BA_000412,has_bioactivity,Associated phytochemical has respective bioactivity
Phytochemical,IQPNAANSBPBGFQ-UHFFFAOYSA-N,HAS_BIOACTIVITY,Bioactivity,BA_000058,has_bioactivity,Associated phytochemical has respective bioactivity
Phytochemical,IQPNAANSBPBGFQ-UHFFFAOYSA-N,HAS_BIOACTIVITY,Bioactivity,BA_000413,has_bioactivity,Associated phytochemical has respective bioactivity
Phytochemical,IQPNAANSBPBGFQ-UHFFFAOYSA-N,HAS_BIOACTIVITY,Bioactivity,BA_000414,has_bioactivity,Associated phytochemical has respective bioactivity
Phytochemical,IQPNAANSBPBGFQ-UHFFFAOYSA-N,HAS_BIOACTIVITY,Bioactivity,BA_000415,has_bioactivity,Associated phytochemical has respective bioactivity
Phytochemical,IQPNAANSBPBGFQ-UHFFFAOYSA-N,HAS_BIOACTIVITY,Bioactivity,BA_000416,has_bioactivity,Associated phytochemical has respective bioactivity
Phytochemical,IQPNAANSBPBGFQ-UHFFFAOYSA-N,HAS_BIOACTIVITY,Bioactivity,BA_000389,has_bioactivity,Associated phytochemical has respective bioactivity
Phytochemical,IQPNAANSBPBGFQ-UHFFFAOYSA-N,HAS_BIOACTIVITY,Bioactivity,BA_000417,has_bioactivity,Associated phytochemical has respective bioactivity
Phytochemical,IQPNAANSBPBGFQ-UHFFFAOYSA-N,HAS_BIOACTIVITY,Bioactivity,BA_000418,has_bioactivity,Associated phytochemical has respective bioactivity
Phytochemical,IQPNAANSBPBGFQ-UHFFFAOYSA-N,HAS_BIOACTIVITY,Bioactivity,BA_000419,has_bioactivity,Associated phytochemical has respective bioactivity
Phytochemical,IQPNAANSBPBGFQ-UHFFFAOYSA-N,HAS_BIOACTIVITY,Bioactivity,BA_000420,has_bioactivity,Associated phytochemical has respective bioactivity
Phytochemical,IQPNAANSBPBGFQ-UHFFFAOYSA-N,HAS_BIOACTIVITY,Bioactivity,BA_000421,has_bioactivity,Associated phytochemical has respective bioactivity
Phytochemical,IQPNAANSBPBGFQ-UHFFFAOYSA-N,HAS_BIOACTIVITY,Bioactivity,BA_000422,has_bioactivity,Associated phytochemical has respective bioactivity
Phytochemical,IQPNAANSBPBGFQ-UHFFFAOYSA-N,HAS_BIOACTIVITY,Bioactivity,BA_000423,has_bioactivity,Associated phytochemical has respective bioactivity
Phytochemical,IQPNAANSBPBGFQ-UHFFFAOYSA-N,HAS_BIOACTIVITY,Bioactivity,BA_000424,has_bioactivity,Associated phytochemical has respective bioactivity
Phytochemical,IQPNAANSBPBGFQ-UHFFFAOYSA-N,HAS_BIOACTIVITY,Bioactivity,BA_000425,has_bioactivity,Associated phytochemical has respective bioactivity
Phytochemical,IQPNAANSBPBGFQ-UHFFFAOYSA-N,HAS_BIOACTIVITY,Bioactivity,BA_000426,has_bioactivity,Associated phytochemical has respective bioactivity
Phytochemical,IQPNAANSBPBGFQ-UHFFFAOYSA-N,HAS_BIOACTIVITY,Bioactivity,BA_000427,has_bioactivity,Associated phytochemical has respective bioactivity
Phytochemical,IQPNAANSBPBGFQ-UHFFFAOYSA-N,HAS_BIOACTIVITY,Bioactivity,BA_000428,has_bioactivity,Associated phytochemical has respective bioactivity
Phytochemical,IQPNAANSBPBGFQ-UHFFFAOYSA-N,HAS_BIOACTIVITY,Bioactivity,BA_000429,has_bioactivity,Associated phytochemical has respective bioactivity
Phytochemical,IQPNAANSBPBGFQ-UHFFFAOYSA-N,HAS_BIOACTIVITY,Bioactivity,BA_000430,has_bioactivity,Associated phytochemical has respective bioactivity
Phytochemical,IQPNAANSBPBGFQ-UHFFFAOYSA-N,HAS_BIOACTIVITY,Bioactivity,BA_000431,has_bioactivity,Associated phytochemical has respective bioactivity
Phytochemical,IQPNAANSBPBGFQ-UHFFFAOYSA-N,HAS_BIOACTIVITY,Bioactivity,BA_000432,has_bioactivity,Associated phytochemical has respective bioactivity
Phytochemical,IQPNAANSBPBGFQ-UHFFFAOYSA-N,HAS_BIOACTIVITY,Bioactivity,BA_000433,has_bioactivity,Associated phytochemical has respective bioactivity
Phytochemical,IQPNAANSBPBGFQ-UHFFFAOYSA-N,HAS_BIOACTIVITY,Bioactivity,BA_000434,has_bioactivity,Associated phytochemical has respective bioactivity
Phytochemical,IQPNAANSBPBGFQ-UHFFFAOYSA-N,HAS_BIOACTIVITY,Bioactivity,BA_000435,has_bioactivity,Associated phytochemical has respective bioactivity
Phytochemical,IQPNAANSBPBGFQ-UHFFFAOYSA-N,HAS_BIOACTIVITY,Bioactivity,BA_000436,has_bioactivity,Associated phytochemical has respective bioactivity
Phytochemical,IQPNAANSBPBGFQ-UHFFFAOYSA-N,HAS_BIOACTIVITY,Bioactivity,BA_000437,has_bioactivity,Associated phytochemical has respective bioactivity
Phytochemical,IQPNAANSBPBGFQ-UHFFFAOYSA-N,HAS_BIOACTIVITY,Bioactivity,BA_000438,has_bioactivity,Associated phytochemical has respective bioactivity
Phytochemical,IQPNAANSBPBGFQ-UHFFFAOYSA-N,HAS_BIOACTIVITY,Bioactivity,BA_000439,has_bioactivity,Associated phytochemical has respective bioactivity
Phytochemical,IQPNAANSBPBGFQ-UHFFFAOYSA-N,HAS_BIOACTIVITY,Bioactivity,BA_000440,has_bioactivity,Associated phytochemical has respective bioactivity
Phytochemical,IQPNAANSBPBGFQ-UHFFFAOYSA-N,HAS_BIOACTIVITY,Bioactivity,BA_000441,has_bioactivity,Associated phytochemical has respective bioactivity
Phytochemical,IQPNAANSBPBGFQ-UHFFFAOYSA-N,HAS_BIOACTIVITY,Bioactivity,BA_000442,has_bioactivity,Associated phytochemical has respective bioactivity
Phytochemical,IQPNAANSBPBGFQ-UHFFFAOYSA-N,HAS_BIOACTIVITY,Bioactivity,BA_000443,has_bioactivity,Associated phytochemical has respective bioactivity
Phytochemical,IQPNAANSBPBGFQ-UHFFFAOYSA-N,HAS_BIOACTIVITY,Bioactivity,BA_000444,has_bioactivity,Associated phytochemical has respective bioactivity
Phytochemical,IQPNAANSBPBGFQ-UHFFFAOYSA-N,HAS_BIOACTIVITY,Bioactivity,BA_000445,has_bioactivity,Associated phytochemical has respective bioactivity
Phytochemical,IQPNAANSBPBGFQ-UHFFFAOYSA-N,HAS_BIOACTIVITY,Bioactivity,BA_000446,has_bioactivity,Associated phytochemical has respective bioactivity
Phytochemical,IQPNAANSBPBGFQ-UHFFFAOYSA-N,HAS_BIOACTIVITY,Bioactivity,BA_000447,has_bioactivity,Associated phytochemical has respective bioactivity
Phytochemical,IQPNAANSBPBGFQ-UHFFFAOYSA-N,HAS_BIOACTIVITY,Bioactivity,BA_000448,has_bioactivity,Associated phytochemical has respective bioactivity
Phytochemical,IQPNAANSBPBGFQ-UHFFFAOYSA-N,HAS_BIOACTIVITY,Bioactivity,BA_000449,has_bioactivity,Associated phytochemical has respective bioactivity
Phytochemical,IQPNAANSBPBGFQ-UHFFFAOYSA-N,HAS_BIOACTIVITY,Bioactivity,BA_000450,has_bioactivity,Associated phytochemical has respective bioactivity
Phytochemical,IQPNAANSBPBGFQ-UHFFFAOYSA-N,HAS_BIOACTIVITY,Bioactivity,BA_000451,has_bioactivity,Associated phytochemical has respective bioactivity
Phytochemical,IQPNAANSBPBGFQ-UHFFFAOYSA-N,HAS_BIOACTIVITY,Bioactivity,BA_000452,has_bioactivity,Associated phytochemical has respective bioactivity
Phytochemical,IQPNAANSBPBGFQ-UHFFFAOYSA-N,HAS_BIOACTIVITY,Bioactivity,BA_000453,has_bioactivity,Associated phytochemical has respective bioactivity
Phytochemical,IQPNAANSBPBGFQ-UHFFFAOYSA-N,HAS_BIOACTIVITY,Bioactivity,BA_000454,has_bioactivity,Associated phytochemical has respective bioactivity
Phytochemical,IQPNAANSBPBGFQ-UHFFFAOYSA-N,HAS_BIOACTIVITY,Bioactivity,BA_000455,has_bioactivity,Associated phytochemical has respective bioactivity
Phytochemical,IQPNAANSBPBGFQ-UHFFFAOYSA-N,HAS_BIOACTIVITY,Bioactivity,BA_000456,has_bioactivity,Associated phytochemical has respective bioactivity
Phytochemical,IQPNAANSBPBGFQ-UHFFFAOYSA-N,HAS_BIOACTIVITY,Bioactivity,BA_000457,has_bioactivity,Associated phytochemical has respective bioactivity
Phytochemical,IQPNAANSBPBGFQ-UHFFFAOYSA-N,HAS_BIOACTIVITY,Bioactivity,BA_000458,has_bioactivity,Associated phytochemical has respective bioactivity
Phytochemical,IQPNAANSBPBGFQ-UHFFFAOYSA-N,HAS_BIOACTIVITY,Bioactivity,BA_000459,has_bioactivity,Associated phytochemical has respective bioactivity
Phytochemical,IQPNAANSBPBGFQ-UHFFFAOYSA-N,HAS_BIOACTIVITY,Bioactivity,BA_000460,has_bioactivity,Associated phytochemical has respective bioactivity
Phytochemical,IQPNAANSBPBGFQ-UHFFFAOYSA-N,HAS_BIOACTIVITY,Bioactivity,BA_000461,has_bioactivity,Associated phytochemical has respective bioactivity
Phytochemical,IQPNAANSBPBGFQ-UHFFFAOYSA-N,HAS_BIOACTIVITY,Bioactivity,BA_000462,has_bioactivity,Associated phytochemical has respective bioactivity
Phytochemical,IQPNAANSBPBGFQ-UHFFFAOYSA-N,HAS_BIOACTIVITY,Bioactivity,BA_000463,has_bioactivity,Associated phytochemical has respective bioactivity
Phytochemical,IQPNAANSBPBGFQ-UHFFFAOYSA-N,HAS_BIOACTIVITY,Bioactivity,BA_000464,has_bioactivity,Associated phytochemical has respective bioactivity
Phytochemical,IQPNAANSBPBGFQ-UHFFFAOYSA-N,HAS_BIOACTIVITY,Bioactivity,BA_000465,has_bioactivity,Associated phytochemical has respective bioactivity
Phytochemical,IQPNAANSBPBGFQ-UHFFFAOYSA-N,HAS_BIOACTIVITY,Bioactivity,BA_000466,has_bioactivity,Associated phytochemical has respective bioactivity
Phytochemical,IQPNAANSBPBGFQ-UHFFFAOYSA-N,HAS_BIOACTIVITY,Bioactivity,BA_000467,has_bioactivity,Associated phytochemical has respective bioactivity
Phytochemical,IQPNAANSBPBGFQ-UHFFFAOYSA-N,HAS_BIOACTIVITY,Bioactivity,BA_000103,has_bioactivity,Associated phytochemical has respective bioactivity
Phytochemical,IQPNAANSBPBGFQ-UHFFFAOYSA-N,HAS_BIOACTIVITY,Bioactivity,BA_000468,has_bioactivity,Associated phytochemical has respective bioactivity
Phytochemical,IQPNAANSBPBGFQ-UHFFFAOYSA-N,HAS_BIOACTIVITY,Bioactivity,BA_000469,has_bioactivity,Associated phytochemical has respective bioactivity
Phytochemical,IQPNAANSBPBGFQ-UHFFFAOYSA-N,HAS_BIOACTIVITY,Bioactivity,BA_000470,has_bioactivity,Associated phytochemical has respective bioactivity
Phytochemical,IQPNAANSBPBGFQ-UHFFFAOYSA-N,HAS_BIOACTIVITY,Bioactivity,BA_000471,has_bioactivity,Associated phytochemical has respective bioactivity
Phytochemical,VKOBVWXKNCXXDE-UHFFFAOYSA-N,HAS_BIOACTIVITY,Bioactivity,BA_000472,has_bioactivity,Associated phytochemical has respective bioactivity
Phytochemical,OYHQOLUKZRVURQ-HZJYTTRNSA-N,HAS_BIOACTIVITY,Bioactivity,BA_000473,has_bioactivity,Associated phytochemical has respective bioactivity
Phytochemical,OYHQOLUKZRVURQ-HZJYTTRNSA-N,HAS_BIOACTIVITY,Bioactivity,BA_000474,has_bioactivity,Associated phytochemical has respective bioactivity
Phytochemical,OYHQOLUKZRVURQ-HZJYTTRNSA-N,HAS_BIOACTIVITY,Bioactivity,BA_000475,has_bioactivity,Associated phytochemical has respective bioactivity
Phytochemical,OYHQOLUKZRVURQ-HZJYTTRNSA-N,HAS_BIOACTIVITY,Bioactivity,BA_000476,has_bioactivity,Associated phytochemical has respective bioactivity
Phytochemical,OYHQOLUKZRVURQ-HZJYTTRNSA-N,HAS_BIOACTIVITY,Bioactivity,BA_000477,has_bioactivity,Associated phytochemical has respective bioactivity
Phytochemical,OYHQOLUKZRVURQ-HZJYTTRNSA-N,HAS_BIOACTIVITY,Bioactivity,BA_000478,has_bioactivity,Associated phytochemical has respective bioactivity
Phytochemical,OYHQOLUKZRVURQ-HZJYTTRNSA-N,HAS_BIOACTIVITY,Bioactivity,BA_000479,has_bioactivity,Associated phytochemical has respective bioactivity
Phytochemical,OYHQOLUKZRVURQ-HZJYTTRNSA-N,HAS_BIOACTIVITY,Bioactivity,BA_000368,has_bioactivity,Associated phytochemical has respective bioactivity
Phytochemical,OYHQOLUKZRVURQ-HZJYTTRNSA-N,HAS_BIOACTIVITY,Bioactivity,BA_000480,has_bioactivity,Associated phytochemical has respective bioactivity
Phytochemical,OYHQOLUKZRVURQ-HZJYTTRNSA-N,HAS_BIOACTIVITY,Bioactivity,BA_000481,has_bioactivity,Associated phytochemical has respective bioactivity
Phytochemical,OYHQOLUKZRVURQ-HZJYTTRNSA-N,HAS_BIOACTIVITY,Bioactivity,BA_000482,has_bioactivity,Associated phytochemical has respective bioactivity
Phytochemical,OYHQOLUKZRVURQ-HZJYTTRNSA-N,HAS_BIOACTIVITY,Bioactivity,BA_000483,has_bioactivity,Associated phytochemical has respective bioactivity
Phytochemical,OYHQOLUKZRVURQ-HZJYTTRNSA-N,HAS_BIOACTIVITY,Bioactivity,BA_000484,has_bioactivity,Associated phytochemical has respective bioactivity
Phytochemical,OYHQOLUKZRVURQ-HZJYTTRNSA-N,HAS_BIOACTIVITY,Bioactivity,BA_000485,has_bioactivity,Associated phytochemical has respective bioactivity
Phytochemical,OYHQOLUKZRVURQ-HZJYTTRNSA-N,HAS_BIOACTIVITY,Bioactivity,BA_000486,has_bioactivity,Associated phytochemical has respective bioactivity
Phytochemical,OYHQOLUKZRVURQ-HZJYTTRNSA-N,HAS_BIOACTIVITY,Bioactivity,BA_000487,has_bioactivity,Associated phytochemical has respective bioactivity
Phytochemical,OYHQOLUKZRVURQ-HZJYTTRNSA-N,HAS_BIOACTIVITY,Bioactivity,BA_000488,has_bioactivity,Associated phytochemical has respective bioactivity
Phytochemical,OYHQOLUKZRVURQ-HZJYTTRNSA-N,HAS_BIOACTIVITY,Bioactivity,BA_000489,has_bioactivity,Associated phytochemical has respective bioactivity
Phytochemical,OYHQOLUKZRVURQ-HZJYTTRNSA-N,HAS_BIOACTIVITY,Bioactivity,BA_000490,has_bioactivity,Associated phytochemical has respective bioactivity
Phytochemical,TUNFSRHWOTWDNC-UHFFFAOYSA-N,HAS_BIOACTIVITY,Bioactivity,BA_000491,has_bioactivity,Associated phytochemical has respective bioactivity
Phytochemical,TUNFSRHWOTWDNC-UHFFFAOYSA-N,HAS_BIOACTIVITY,Bioactivity,BA_000492,has_bioactivity,Associated phytochemical has respective bioactivity
Phytochemical,TUNFSRHWOTWDNC-UHFFFAOYSA-N,HAS_BIOACTIVITY,Bioactivity,BA_000493,has_bioactivity,Associated phytochemical has respective bioactivity
Phytochemical,TUNFSRHWOTWDNC-UHFFFAOYSA-N,HAS_BIOACTIVITY,Bioactivity,BA_000494,has_bioactivity,Associated phytochemical has respective bioactivity
Phytochemical,TUNFSRHWOTWDNC-UHFFFAOYSA-N,HAS_BIOACTIVITY,Bioactivity,BA_000495,has_bioactivity,Associated phytochemical has respective bioactivity
Phytochemical,TUNFSRHWOTWDNC-UHFFFAOYSA-N,HAS_BIOACTIVITY,Bioactivity,BA_000496,has_bioactivity,Associated phytochemical has respective bioactivity
Phytochemical,TUNFSRHWOTWDNC-UHFFFAOYSA-N,HAS_BIOACTIVITY,Bioactivity,BA_000497,has_bioactivity,Associated phytochemical has respective bioactivity
Phytochemical,TUNFSRHWOTWDNC-UHFFFAOYSA-N,HAS_BIOACTIVITY,Bioactivity,BA_000498,has_bioactivity,Associated phytochemical has respective bioactivity
Phytochemical,TUNFSRHWOTWDNC-UHFFFAOYSA-N,HAS_BIOACTIVITY,Bioactivity,BA_000499,has_bioactivity,Associated phytochemical has respective bioactivity
Phytochemical,TUNFSRHWOTWDNC-UHFFFAOYSA-N,HAS_BIOACTIVITY,Bioactivity,BA_000500,has_bioactivity,Associated phytochemical has respective bioactivity
Phytochemical,ZQPPMHVWECSIRJ-KTKRTIGZSA-N,HAS_BIOACTIVITY,Bioactivity,BA_000501,has_bioactivity,Associated phytochemical has respective bioactivity
Phytochemical,ZQPPMHVWECSIRJ-KTKRTIGZSA-N,HAS_BIOACTIVITY,Bioactivity,BA_000502,has_bioactivity,Associated phytochemical has respective bioactivity
Phytochemical,ZQPPMHVWECSIRJ-KTKRTIGZSA-N,HAS_BIOACTIVITY,Bioactivity,BA_000503,has_bioactivity,Associated phytochemical has respective bioactivity
Phytochemical,ZQPPMHVWECSIRJ-KTKRTIGZSA-N,HAS_BIOACTIVITY,Bioactivity,BA_000504,has_bioactivity,Associated phytochemical has respective bioactivity
Phytochemical,ZQPPMHVWECSIRJ-KTKRTIGZSA-N,HAS_BIOACTIVITY,Bioactivity,BA_000505,has_bioactivity,Associated phytochemical has respective bioactivity
Phytochemical,ZQPPMHVWECSIRJ-KTKRTIGZSA-N,HAS_BIOACTIVITY,Bioactivity,BA_000506,has_bioactivity,Associated phytochemical has respective bioactivity
Phytochemical,ZQPPMHVWECSIRJ-KTKRTIGZSA-N,HAS_BIOACTIVITY,Bioactivity,BA_000507,has_bioactivity,Associated phytochemical has respective bioactivity
Phytochemical,ZQPPMHVWECSIRJ-KTKRTIGZSA-N,HAS_BIOACTIVITY,Bioactivity,BA_000508,has_bioactivity,Associated phytochemical has respective bioactivity
Phytochemical,ZQPPMHVWECSIRJ-KTKRTIGZSA-N,HAS_BIOACTIVITY,Bioactivity,BA_000509,has_bioactivity,Associated phytochemical has respective bioactivity
Phytochemical,ZQPPMHVWECSIRJ-KTKRTIGZSA-N,HAS_BIOACTIVITY,Bioactivity,BA_000510,has_bioactivity,Associated phytochemical has respective bioactivity
Phytochemical,ZQPPMHVWECSIRJ-KTKRTIGZSA-N,HAS_BIOACTIVITY,Bioactivity,BA_000511,has_bioactivity,Associated phytochemical has respective bioactivity
Phytochemical,ZQPPMHVWECSIRJ-KTKRTIGZSA-N,HAS_BIOACTIVITY,Bioactivity,BA_000512,has_bioactivity,Associated phytochemical has respective bioactivity
Phytochemical,ZQPPMHVWECSIRJ-KTKRTIGZSA-N,HAS_BIOACTIVITY,Bioactivity,BA_000513,has_bioactivity,Associated phytochemical has respective bioactivity
Phytochemical,ZQPPMHVWECSIRJ-KTKRTIGZSA-N,HAS_BIOACTIVITY,Bioactivity,BA_000514,has_bioactivity,Associated phytochemical has respective bioactivity
Phytochemical,ZQPPMHVWECSIRJ-KTKRTIGZSA-N,HAS_BIOACTIVITY,Bioactivity,BA_000515,has_bioactivity,Associated phytochemical has respective bioactivity
Phytochemical,ZQPPMHVWECSIRJ-KTKRTIGZSA-N,HAS_BIOACTIVITY,Bioactivity,BA_000516,has_bioactivity,Associated phytochemical has respective bioactivity
Phytochemical,IPCSVZSSVZVIGE-UHFFFAOYSA-N,HAS_BIOACTIVITY,Bioactivity,BA_000517,has_bioactivity,Associated phytochemical has respective bioactivity
Phytochemical,IPCSVZSSVZVIGE-UHFFFAOYSA-N,HAS_BIOACTIVITY,Bioactivity,BA_000518,has_bioactivity,Associated phytochemical has respective bioactivity
Phytochemical,IPCSVZSSVZVIGE-UHFFFAOYSA-N,HAS_BIOACTIVITY,Bioactivity,BA_000519,has_bioactivity,Associated phytochemical has respective bioactivity
Phytochemical,IPCSVZSSVZVIGE-UHFFFAOYSA-N,HAS_BIOACTIVITY,Bioactivity,BA_000520,has_bioactivity,Associated phytochemical has respective bioactivity
Phytochemical,IPCSVZSSVZVIGE-UHFFFAOYSA-N,HAS_BIOACTIVITY,Bioactivity,BA_000491,has_bioactivity,Associated phytochemical has respective bioactivity
Phytochemical,IPCSVZSSVZVIGE-UHFFFAOYSA-N,HAS_BIOACTIVITY,Bioactivity,BA_000521,has_bioactivity,Associated phytochemical has respective bioactivity
Phytochemical,IPCSVZSSVZVIGE-UHFFFAOYSA-N,HAS_BIOACTIVITY,Bioactivity,BA_000522,has_bioactivity,Associated phytochemical has respective bioactivity
Phytochemical,IPCSVZSSVZVIGE-UHFFFAOYSA-N,HAS_BIOACTIVITY,Bioactivity,BA_000523,has_bioactivity,Associated phytochemical has respective bioactivity
Phytochemical,IPCSVZSSVZVIGE-UHFFFAOYSA-N,HAS_BIOACTIVITY,Bioactivity,BA_000524,has_bioactivity,Associated phytochemical has respective bioactivity
Phytochemical,IPCSVZSSVZVIGE-UHFFFAOYSA-N,HAS_BIOACTIVITY,Bioactivity,BA_000525,has_bioactivity,Associated phytochemical has respective bioactivity
Phytochemical,IPCSVZSSVZVIGE-UHFFFAOYSA-N,HAS_BIOACTIVITY,Bioactivity,BA_000526,has_bioactivity,Associated phytochemical has respective bioactivity
Phytochemical,IPCSVZSSVZVIGE-UHFFFAOYSA-N,HAS_BIOACTIVITY,Bioactivity,BA_000527,has_bioactivity,Associated phytochemical has respective bioactivity
Phytochemical,IPCSVZSSVZVIGE-UHFFFAOYSA-N,HAS_BIOACTIVITY,Bioactivity,BA_000528,has_bioactivity,Associated phytochemical has respective bioactivity
Phytochemical,IPCSVZSSVZVIGE-UHFFFAOYSA-N,HAS_BIOACTIVITY,Bioactivity,BA_000529,has_bioactivity,Associated phytochemical has respective bioactivity
Phytochemical,IPCSVZSSVZVIGE-UHFFFAOYSA-N,HAS_BIOACTIVITY,Bioactivity,BA_000530,has_bioactivity,Associated phytochemical has respective bioactivity
Phytochemical,IPCSVZSSVZVIGE-UHFFFAOYSA-N,HAS_BIOACTIVITY,Bioactivity,BA_000531,has_bioactivity,Associated phytochemical has respective bioactivity
Phytochemical,QIQXTHQIDYTFRH-UHFFFAOYSA-N,HAS_BIOACTIVITY,Bioactivity,BA_000359,has_bioactivity,Associated phytochemical has respective bioactivity
Phytochemical,QIQXTHQIDYTFRH-UHFFFAOYSA-N,HAS_BIOACTIVITY,Bioactivity,BA_000532,has_bioactivity,Associated phytochemical has respective bioactivity
Phytochemical,QIQXTHQIDYTFRH-UHFFFAOYSA-N,HAS_BIOACTIVITY,Bioactivity,BA_000533,has_bioactivity,Associated phytochemical has respective bioactivity
Phytochemical,QIQXTHQIDYTFRH-UHFFFAOYSA-N,HAS_BIOACTIVITY,Bioactivity,BA_000534,has_bioactivity,Associated phytochemical has respective bioactivity
Phytochemical,QIQXTHQIDYTFRH-UHFFFAOYSA-N,HAS_BIOACTIVITY,Bioactivity,BA_000535,has_bioactivity,Associated phytochemical has respective bioactivity
Phytochemical,QIQXTHQIDYTFRH-UHFFFAOYSA-N,HAS_BIOACTIVITY,Bioactivity,BA_000536,has_bioactivity,Associated phytochemical has respective bioactivity
Phytochemical,QIQXTHQIDYTFRH-UHFFFAOYSA-N,HAS_BIOACTIVITY,Bioactivity,BA_000452,has_bioactivity,Associated phytochemical has respective bioactivity
Phytochemical,QIQXTHQIDYTFRH-UHFFFAOYSA-N,HAS_BIOACTIVITY,Bioactivity,BA_000537,has_bioactivity,Associated phytochemical has respective bioactivity
Phytochemical,QIQXTHQIDYTFRH-UHFFFAOYSA-N,HAS_BIOACTIVITY,Bioactivity,BA_000538,has_bioactivity,Associated phytochemical has respective bioactivity
Phytochemical,LRBQNJMCXXYXIU-PPKXGCFTSA-N,HAS_BIOACTIVITY,Bioactivity,BA_000539,has_bioactivity,Associated phytochemical has respective bioactivity
Phytochemical,LRBQNJMCXXYXIU-PPKXGCFTSA-N,HAS_BIOACTIVITY,Bioactivity,BA_000540,has_bioactivity,Associated phytochemical has respective bioactivity
Phytochemical,LRBQNJMCXXYXIU-PPKXGCFTSA-N,HAS_BIOACTIVITY,Bioactivity,BA_000541,has_bioactivity,Associated phytochemical has respective bioactivity
Phytochemical,LRBQNJMCXXYXIU-PPKXGCFTSA-N,HAS_BIOACTIVITY,Bioactivity,BA_000542,has_bioactivity,Associated phytochemical has respective bioactivity
Phytochemical,LRBQNJMCXXYXIU-PPKXGCFTSA-N,HAS_BIOACTIVITY,Bioactivity,BA_000543,has_bioactivity,Associated phytochemical has respective bioactivity
Phytochemical,LRBQNJMCXXYXIU-PPKXGCFTSA-N,HAS_BIOACTIVITY,Bioactivity,BA_000544,has_bioactivity,Associated phytochemical has respective bioactivity
Phytochemical,LRBQNJMCXXYXIU-PPKXGCFTSA-N,HAS_BIOACTIVITY,Bioactivity,BA_000545,has_bioactivity,Associated phytochemical has respective bioactivity
Phytochemical,LRBQNJMCXXYXIU-PPKXGCFTSA-N,HAS_BIOACTIVITY,Bioactivity,BA_000546,has_bioactivity,Associated phytochemical has respective bioactivity
Phytochemical,LRBQNJMCXXYXIU-PPKXGCFTSA-N,HAS_BIOACTIVITY,Bioactivity,BA_000547,has_bioactivity,Associated phytochemical has respective bioactivity
Phytochemical,LRBQNJMCXXYXIU-PPKXGCFTSA-N,HAS_BIOACTIVITY,Bioactivity,BA_000548,has_bioactivity,Associated phytochemical has respective bioactivity
Phytochemical,LRBQNJMCXXYXIU-PPKXGCFTSA-N,HAS_BIOACTIVITY,Bioactivity,BA_000549,has_bioactivity,Associated phytochemical has respective bioactivity
Phytochemical,LRBQNJMCXXYXIU-PPKXGCFTSA-N,HAS_BIOACTIVITY,Bioactivity,BA_000550,has_bioactivity,Associated phytochemical has respective bioactivity
Phytochemical,LRBQNJMCXXYXIU-PPKXGCFTSA-N,HAS_BIOACTIVITY,Bioactivity,BA_000551,has_bioactivity,Associated phytochemical has respective bioactivity
Phytochemical,LRBQNJMCXXYXIU-PPKXGCFTSA-N,HAS_BIOACTIVITY,Bioactivity,BA_000552,has_bioactivity,Associated phytochemical has respective bioactivity
Phytochemical,LRBQNJMCXXYXIU-PPKXGCFTSA-N,HAS_BIOACTIVITY,Bioactivity,BA_000553,has_bioactivity,Associated phytochemical has respective bioactivity
Phytochemical,LRBQNJMCXXYXIU-PPKXGCFTSA-N,HAS_BIOACTIVITY,Bioactivity,BA_000554,has_bioactivity,Associated phytochemical has respective bioactivity
Phytochemical,LRBQNJMCXXYXIU-PPKXGCFTSA-N,HAS_BIOACTIVITY,Bioactivity,BA_000555,has_bioactivity,Associated phytochemical has respective bioactivity
Phytochemical,LRBQNJMCXXYXIU-PPKXGCFTSA-N,HAS_BIOACTIVITY,Bioactivity,BA_000556,has_bioactivity,Associated phytochemical has respective bioactivity
Phytochemical,LRBQNJMCXXYXIU-PPKXGCFTSA-N,HAS_BIOACTIVITY,Bioactivity,BA_000557,has_bioactivity,Associated phytochemical has respective bioactivity
Phytochemical,LRBQNJMCXXYXIU-PPKXGCFTSA-N,HAS_BIOACTIVITY,Bioactivity,BA_000558,has_bioactivity,Associated phytochemical has respective bioactivity
Phytochemical,LRBQNJMCXXYXIU-PPKXGCFTSA-N,HAS_BIOACTIVITY,Bioactivity,BA_000559,has_bioactivity,Associated phytochemical has respective bioactivity
Phytochemical,LRBQNJMCXXYXIU-PPKXGCFTSA-N,HAS_BIOACTIVITY,Bioactivity,BA_000560,has_bioactivity,Associated phytochemical has respective bioactivity
Phytochemical,ZPVNWCMRCGXRJD-UHFFFAOYSA-N,HAS_BIOACTIVITY,Bioactivity,BA_000561,has_bioactivity,Associated phytochemical has respective bioactivity
Phytochemical,ZPVNWCMRCGXRJD-UHFFFAOYSA-N,HAS_BIOACTIVITY,Bioactivity,BA_000562,has_bioactivity,Associated phytochemical has respective bioactivity
Phytochemical,ZPVNWCMRCGXRJD-UHFFFAOYSA-N,HAS_BIOACTIVITY,Bioactivity,BA_000563,has_bioactivity,Associated phytochemical has respective bioactivity
Phytochemical,ZPVNWCMRCGXRJD-UHFFFAOYSA-N,HAS_BIOACTIVITY,Bioactivity,BA_000564,has_bioactivity,Associated phytochemical has respective bioactivity
Phytochemical,ZPVNWCMRCGXRJD-UHFFFAOYSA-N,HAS_BIOACTIVITY,Bioactivity,BA_000565,has_bioactivity,Associated phytochemical has respective bioactivity
Phytochemical,ZPVNWCMRCGXRJD-UHFFFAOYSA-N,HAS_BIOACTIVITY,Bioactivity,BA_000566,has_bioactivity,Associated phytochemical has respective bioactivity
Phytochemical,ZPVNWCMRCGXRJD-UHFFFAOYSA-N,HAS_BIOACTIVITY,Bioactivity,BA_000567,has_bioactivity,Associated phytochemical has respective bioactivity
Phytochemical,ZPVNWCMRCGXRJD-UHFFFAOYSA-N,HAS_BIOACTIVITY,Bioactivity,BA_000568,has_bioactivity,Associated phytochemical has respective bioactivity
Phytochemical,ZPVNWCMRCGXRJD-UHFFFAOYSA-N,HAS_BIOACTIVITY,Bioactivity,BA_000569,has_bioactivity,Associated phytochemical has respective bioactivity
Phytochemical,ZPVNWCMRCGXRJD-UHFFFAOYSA-N,HAS_BIOACTIVITY,Bioactivity,BA_000570,has_bioactivity,Associated phytochemical has respective bioactivity
Phytochemical,ZPVNWCMRCGXRJD-UHFFFAOYSA-N,HAS_BIOACTIVITY,Bioactivity,BA_000571,has_bioactivity,Associated phytochemical has respective bioactivity
Phytochemical,ZPVNWCMRCGXRJD-UHFFFAOYSA-N,HAS_BIOACTIVITY,Bioactivity,BA_000572,has_bioactivity,Associated phytochemical has respective bioactivity
Phytochemical,ZPVNWCMRCGXRJD-UHFFFAOYSA-N,HAS_BIOACTIVITY,Bioactivity,BA_000573,has_bioactivity,Associated phytochemical has respective bioactivity
Phytochemical,ZPVNWCMRCGXRJD-UHFFFAOYSA-N,HAS_BIOACTIVITY,Bioactivity,BA_000574,has_bioactivity,Associated phytochemical has respective bioactivity
Phytochemical,ZPVNWCMRCGXRJD-UHFFFAOYSA-N,HAS_BIOACTIVITY,Bioactivity,BA_000575,has_bioactivity,Associated phytochemical has respective bioactivity
Phytochemical,ZPVNWCMRCGXRJD-UHFFFAOYSA-N,HAS_BIOACTIVITY,Bioactivity,BA_000576,has_bioactivity,Associated phytochemical has respective bioactivity
Phytochemical,ZPVNWCMRCGXRJD-UHFFFAOYSA-N,HAS_BIOACTIVITY,Bioactivity,BA_000577,has_bioactivity,Associated phytochemical has respective bioactivity
Phytochemical,ZPVNWCMRCGXRJD-UHFFFAOYSA-N,HAS_BIOACTIVITY,Bioactivity,BA_000578,has_bioactivity,Associated phytochemical has respective bioactivity
Phytochemical,WEEGYLXZBRQIMU-UHFFFAOYSA-N,HAS_BIOACTIVITY,Bioactivity,BA_000579,has_bioactivity,Associated phytochemical has respective bioactivity
Phytochemical,WEEGYLXZBRQIMU-UHFFFAOYSA-N,HAS_BIOACTIVITY,Bioactivity,BA_000580,has_bioactivity,Associated phytochemical has respective bioactivity
Phytochemical,WEEGYLXZBRQIMU-UHFFFAOYSA-N,HAS_BIOACTIVITY,Bioactivity,BA_000581,has_bioactivity,Associated phytochemical has respective bioactivity
Phytochemical,WEEGYLXZBRQIMU-UHFFFAOYSA-N,HAS_BIOACTIVITY,Bioactivity,BA_000582,has_bioactivity,Associated phytochemical has respective bioactivity
Phytochemical,WEEGYLXZBRQIMU-UHFFFAOYSA-N,HAS_BIOACTIVITY,Bioactivity,BA_000583,has_bioactivity,Associated phytochemical has respective bioactivity
Phytochemical,XMGQYMWWDOXHJM-UHFFFAOYSA-N,HAS_BIOACTIVITY,Bioactivity,BA_000584,has_bioactivity,Associated phytochemical has respective bioactivity
Phytochemical,XMGQYMWWDOXHJM-UHFFFAOYSA-N,HAS_BIOACTIVITY,Bioactivity,BA_000585,has_bioactivity,Associated phytochemical has respective bioactivity
Phytochemical,NPNUFJAVOOONJE-GFUGXAQUSA-N,HAS_BIOACTIVITY,Bioactivity,BA_000586,has_bioactivity,Associated phytochemical has respective bioactivity
Phytochemical,NPNUFJAVOOONJE-GFUGXAQUSA-N,HAS_BIOACTIVITY,Bioactivity,BA_000587,has_bioactivity,Associated phytochemical has respective bioactivity
Phytochemical,NPNUFJAVOOONJE-GFUGXAQUSA-N,HAS_BIOACTIVITY,Bioactivity,BA_000588,has_bioactivity,Associated phytochemical has respective bioactivity
Phytochemical,DSSYKIVIOFKYAU-UHFFFAOYSA-N,HAS_BIOACTIVITY,Bioactivity,BA_000589,has_bioactivity,Associated phytochemical has respective bioactivity
Phytochemical,DSSYKIVIOFKYAU-UHFFFAOYSA-N,HAS_BIOACTIVITY,Bioactivity,BA_000122,has_bioactivity,Associated phytochemical has respective bioactivity
Phytochemical,DSSYKIVIOFKYAU-UHFFFAOYSA-N,HAS_BIOACTIVITY,Bioactivity,BA_000590,has_bioactivity,Associated phytochemical has respective bioactivity
Phytochemical,DSSYKIVIOFKYAU-UHFFFAOYSA-N,HAS_BIOACTIVITY,Bioactivity,BA_000591,has_bioactivity,Associated phytochemical has respective bioactivity
Phytochemical,DSSYKIVIOFKYAU-UHFFFAOYSA-N,HAS_BIOACTIVITY,Bioactivity,BA_000592,has_bioactivity,Associated phytochemical has respective bioactivity
Phytochemical,DSSYKIVIOFKYAU-UHFFFAOYSA-N,HAS_BIOACTIVITY,Bioactivity,BA_000593,has_bioactivity,Associated phytochemical has respective bioactivity
Phytochemical,DSSYKIVIOFKYAU-UHFFFAOYSA-N,HAS_BIOACTIVITY,Bioactivity,BA_000594,has_bioactivity,Associated phytochemical has respective bioactivity
Phytochemical,DSSYKIVIOFKYAU-UHFFFAOYSA-N,HAS_BIOACTIVITY,Bioactivity,BA_000595,has_bioactivity,Associated phytochemical has respective bioactivity
Phytochemical,NVEQFIOZRFFVFW-RGCMKSIDSA-N,HAS_BIOACTIVITY,Bioactivity,BA_000596,has_bioactivity,Associated phytochemical has respective bioactivity
Phytochemical,WTEVQBCEXWBHNA-JXMROGBWSA-N,HAS_BIOACTIVITY,Bioactivity,BA_000597,has_bioactivity,Associated phytochemical has respective bioactivity
Phytochemical,RRAFCDWBNXTKKO-UHFFFAOYSA-N,HAS_BIOACTIVITY,Bioactivity,BA_000233,has_bioactivity,Associated phytochemical has respective bioactivity
Phytochemical,CRDAMVZIKSXKFV-YFVJMOTDSA-N,HAS_BIOACTIVITY,Bioactivity,BA_000598,has_bioactivity,Associated phytochemical has respective bioactivity
Phytochemical,GLZPCOQZEFWAFX-JXMROGBWSA-N,HAS_BIOACTIVITY,Bioactivity,BA_000159,has_bioactivity,Associated phytochemical has respective bioactivity
Phytochemical,GLZPCOQZEFWAFX-JXMROGBWSA-N,HAS_BIOACTIVITY,Bioactivity,BA_000599,has_bioactivity,Associated phytochemical has respective bioactivity
Phytochemical,GLZPCOQZEFWAFX-JXMROGBWSA-N,HAS_BIOACTIVITY,Bioactivity,BA_000600,has_bioactivity,Associated phytochemical has respective bioactivity
Phytochemical,RGZSQWQPBWRIAQ-CABCVRRESA-N,HAS_BIOACTIVITY,Bioactivity,BA_000601,has_bioactivity,Associated phytochemical has respective bioactivity
Phytochemical,CDOSHBSSFJOMGT-UHFFFAOYSA-N,HAS_BIOACTIVITY,Bioactivity,BA_000602,has_bioactivity,Associated phytochemical has respective bioactivity
Phytochemical,ZYEMGPIYFIJGTP-UHFFFAOYSA-N,HAS_BIOACTIVITY,Bioactivity,BA_000603,has_bioactivity,Associated phytochemical has respective bioactivity
Phytochemical,ZYEMGPIYFIJGTP-UHFFFAOYSA-N,HAS_BIOACTIVITY,Bioactivity,BA_000604,has_bioactivity,Associated phytochemical has respective bioactivity
Phytochemical,ZYEMGPIYFIJGTP-UHFFFAOYSA-N,HAS_BIOACTIVITY,Bioactivity,BA_000605,has_bioactivity,Associated phytochemical has respective bioactivity
Phytochemical,UAHWPYUMFXYFJY-UHFFFAOYSA-N,HAS_BIOACTIVITY,Bioactivity,BA_000606,has_bioactivity,Associated phytochemical has respective bioactivity
Phytochemical,YCOZIPAWZNQLMR-UHFFFAOYSA-N,HAS_BIOACTIVITY,Bioactivity,BA_000607,has_bioactivity,Associated phytochemical has respective bioactivity
Phytochemical,GRWFGVWFFZKLTI-UHFFFAOYSA-N,HAS_BIOACTIVITY,Bioactivity,BA_000608,has_bioactivity,Associated phytochemical has respective bioactivity
Phytochemical,WUOACPNHFRMFPN-UHFFFAOYSA-N,HAS_BIOACTIVITY,Bioactivity,BA_000609,has_bioactivity,Associated phytochemical has respective bioactivity
Phytochemical,SCCDQYPEOIRVGX-UHFFFAOYSA-N,HAS_BIOACTIVITY,Bioactivity,BA_000610,has_bioactivity,Associated phytochemical has respective bioactivity
Phytochemical,RECUKUPTGUEGMW-UHFFFAOYSA-N,HAS_BIOACTIVITY,Bioactivity,BA_000611,has_bioactivity,Associated phytochemical has respective bioactivity
Phytochemical,RECUKUPTGUEGMW-UHFFFAOYSA-N,HAS_BIOACTIVITY,Bioactivity,BA_000612,has_bioactivity,Associated phytochemical has respective bioactivity
Phytochemical,QMVPMAAFGQKVCJ-UHFFFAOYSA-N,HAS_BIOACTIVITY,Bioactivity,BA_000220,has_bioactivity,Associated phytochemical has respective bioactivity
Phytochemical,QMVPMAAFGQKVCJ-UHFFFAOYSA-N,HAS_BIOACTIVITY,Bioactivity,BA_000159,has_bioactivity,Associated phytochemical has respective bioactivity
Phytochemical,JOZKFWLRHCDGJA-UHFFFAOYSA-N,HAS_BIOACTIVITY,Bioactivity,BA_000158,has_bioactivity,Associated phytochemical has respective bioactivity
Phytochemical,ZFMSMUAANRJZFM-UHFFFAOYSA-N,HAS_BIOACTIVITY,Bioactivity,BA_000613,has_bioactivity,Associated phytochemical has respective bioactivity
Phytochemical,ZFMSMUAANRJZFM-UHFFFAOYSA-N,HAS_BIOACTIVITY,Bioactivity,BA_000614,has_bioactivity,Associated phytochemical has respective bioactivity
Phytochemical,ZFMSMUAANRJZFM-UHFFFAOYSA-N,HAS_BIOACTIVITY,Bioactivity,BA_000615,has_bioactivity,Associated phytochemical has respective bioactivity
Phytochemical,HIGQPQRQIQDZMP-DHZHZOJOSA-N,HAS_BIOACTIVITY,Bioactivity,BA_000616,has_bioactivity,Associated phytochemical has respective bioactivity
Phytochemical,LHGVFZTZFXWLCP-UHFFFAOYSA-N,HAS_BIOACTIVITY,Bioactivity,BA_000617,has_bioactivity,Associated phytochemical has respective bioactivity
Phytochemical,LHGVFZTZFXWLCP-UHFFFAOYSA-N,HAS_BIOACTIVITY,Bioactivity,BA_000618,has_bioactivity,Associated phytochemical has respective bioactivity
Phytochemical,LHGVFZTZFXWLCP-UHFFFAOYSA-N,HAS_BIOACTIVITY,Bioactivity,BA_000619,has_bioactivity,Associated phytochemical has respective bioactivity
Phytochemical,LHGVFZTZFXWLCP-UHFFFAOYSA-N,HAS_BIOACTIVITY,Bioactivity,BA_000620,has_bioactivity,Associated phytochemical has respective bioactivity
Phytochemical,LHGVFZTZFXWLCP-UHFFFAOYSA-N,HAS_BIOACTIVITY,Bioactivity,BA_000621,has_bioactivity,Associated phytochemical has respective bioactivity
Phytochemical,LHGVFZTZFXWLCP-UHFFFAOYSA-N,HAS_BIOACTIVITY,Bioactivity,BA_000622,has_bioactivity,Associated phytochemical has respective bioactivity
Phytochemical,GIHNTRQPEMKFKO-SKTNYSRSSA-N,HAS_BIOACTIVITY,Bioactivity,BA_000623,has_bioactivity,Associated phytochemical has respective bioactivity
Phytochemical,GIHNTRQPEMKFKO-SKTNYSRSSA-N,HAS_BIOACTIVITY,Bioactivity,BA_000624,has_bioactivity,Associated phytochemical has respective bioactivity
Phytochemical,CJXMVKYNVIGQBS-OWOJBTEDSA-N,HAS_BIOACTIVITY,Bioactivity,BA_000218,has_bioactivity,Associated phytochemical has respective bioactivity
Phytochemical,CJXMVKYNVIGQBS-OWOJBTEDSA-N,HAS_BIOACTIVITY,Bioactivity,BA_000220,has_bioactivity,Associated phytochemical has respective bioactivity
Phytochemical,VCCRNZQBSJXYJD-UHFFFAOYSA-N,HAS_BIOACTIVITY,Bioactivity,BA_000625,has_bioactivity,Associated phytochemical has respective bioactivity
Phytochemical,VCCRNZQBSJXYJD-UHFFFAOYSA-N,HAS_BIOACTIVITY,Bioactivity,BA_000626,has_bioactivity,Associated phytochemical has respective bioactivity
Phytochemical,VCCRNZQBSJXYJD-UHFFFAOYSA-N,HAS_BIOACTIVITY,Bioactivity,BA_000627,has_bioactivity,Associated phytochemical has respective bioactivity
Phytochemical,VCCRNZQBSJXYJD-UHFFFAOYSA-N,HAS_BIOACTIVITY,Bioactivity,BA_000628,has_bioactivity,Associated phytochemical has respective bioactivity
Phytochemical,VCCRNZQBSJXYJD-UHFFFAOYSA-N,HAS_BIOACTIVITY,Bioactivity,BA_000629,has_bioactivity,Associated phytochemical has respective bioactivity
Phytochemical,VCCRNZQBSJXYJD-UHFFFAOYSA-N,HAS_BIOACTIVITY,Bioactivity,BA_000037,has_bioactivity,Associated phytochemical has respective bioactivity
Phytochemical,VCCRNZQBSJXYJD-UHFFFAOYSA-N,HAS_BIOACTIVITY,Bioactivity,BA_000219,has_bioactivity,Associated phytochemical has respective bioactivity
Phytochemical,VCCRNZQBSJXYJD-UHFFFAOYSA-N,HAS_BIOACTIVITY,Bioactivity,BA_000630,has_bioactivity,Associated phytochemical has respective bioactivity
Phytochemical,VCCRNZQBSJXYJD-UHFFFAOYSA-N,HAS_BIOACTIVITY,Bioactivity,BA_000631,has_bioactivity,Associated phytochemical has respective bioactivity
Phytochemical,VCCRNZQBSJXYJD-UHFFFAOYSA-N,HAS_BIOACTIVITY,Bioactivity,BA_000085,has_bioactivity,Associated phytochemical has respective bioactivity
Phytochemical,VCCRNZQBSJXYJD-UHFFFAOYSA-N,HAS_BIOACTIVITY,Bioactivity,BA_000632,has_bioactivity,Associated phytochemical has respective bioactivity
Phytochemical,VCCRNZQBSJXYJD-UHFFFAOYSA-N,HAS_BIOACTIVITY,Bioactivity,BA_000633,has_bioactivity,Associated phytochemical has respective bioactivity
Phytochemical,VCCRNZQBSJXYJD-UHFFFAOYSA-N,HAS_BIOACTIVITY,Bioactivity,BA_000634,has_bioactivity,Associated phytochemical has respective bioactivity
Phytochemical,VCCRNZQBSJXYJD-UHFFFAOYSA-N,HAS_BIOACTIVITY,Bioactivity,BA_000635,has_bioactivity,Associated phytochemical has respective bioactivity
Phytochemical,VCCRNZQBSJXYJD-UHFFFAOYSA-N,HAS_BIOACTIVITY,Bioactivity,BA_000636,has_bioactivity,Associated phytochemical has respective bioactivity
Phytochemical,VCCRNZQBSJXYJD-UHFFFAOYSA-N,HAS_BIOACTIVITY,Bioactivity,BA_000637,has_bioactivity,Associated phytochemical has respective bioactivity
Phytochemical,VCCRNZQBSJXYJD-UHFFFAOYSA-N,HAS_BIOACTIVITY,Bioactivity,BA_000638,has_bioactivity,Associated phytochemical has respective bioactivity
Phytochemical,VCCRNZQBSJXYJD-UHFFFAOYSA-N,HAS_BIOACTIVITY,Bioactivity,BA_000639,has_bioactivity,Associated phytochemical has respective bioactivity
Phytochemical,VCCRNZQBSJXYJD-UHFFFAOYSA-N,HAS_BIOACTIVITY,Bioactivity,BA_000640,has_bioactivity,Associated phytochemical has respective bioactivity
Phytochemical,PFTAWBLQPZVEMU-DZGCQCFKSA-N,HAS_BIOACTIVITY,Bioactivity,BA_000641,has_bioactivity,Associated phytochemical has respective bioactivity
Phytochemical,PFTAWBLQPZVEMU-DZGCQCFKSA-N,HAS_BIOACTIVITY,Bioactivity,BA_000642,has_bioactivity,Associated phytochemical has respective bioactivity
Phytochemical,PFTAWBLQPZVEMU-DZGCQCFKSA-N,HAS_BIOACTIVITY,Bioactivity,BA_000643,has_bioactivity,Associated phytochemical has respective bioactivity
Phytochemical,YKOPWPOFWMYZJZ-PRIAQAIDSA-N,HAS_BIOACTIVITY,Bioactivity,BA_000644,has_bioactivity,Associated phytochemical has respective bioactivity
Phytochemical,OFMXGFHWLZPCFL-SVRPQWSVSA-N,HAS_BIOACTIVITY,Bioactivity,BA_000001,has_bioactivity,Associated phytochemical has respective bioactivity
Phytochemical,WPYMKLBDIGXBTP-UHFFFAOYSA-N,HAS_BIOACTIVITY,Bioactivity,BA_000359,has_bioactivity,Associated phytochemical has respective bioactivity
Phytochemical,WPYMKLBDIGXBTP-UHFFFAOYSA-N,HAS_BIOACTIVITY,Bioactivity,BA_000645,has_bioactivity,Associated phytochemical has respective bioactivity
Phytochemical,WPYMKLBDIGXBTP-UHFFFAOYSA-N,HAS_BIOACTIVITY,Bioactivity,BA_000646,has_bioactivity,Associated phytochemical has respective bioactivity
Phytochemical,WPYMKLBDIGXBTP-UHFFFAOYSA-N,HAS_BIOACTIVITY,Bioactivity,BA_000647,has_bioactivity,Associated phytochemical has respective bioactivity
Phytochemical,WPYMKLBDIGXBTP-UHFFFAOYSA-N,HAS_BIOACTIVITY,Bioactivity,BA_000648,has_bioactivity,Associated phytochemical has respective bioactivity
Phytochemical,WPYMKLBDIGXBTP-UHFFFAOYSA-N,HAS_BIOACTIVITY,Bioactivity,BA_000649,has_bioactivity,Associated phytochemical has respective bioactivity
Phytochemical,WPYMKLBDIGXBTP-UHFFFAOYSA-N,HAS_BIOACTIVITY,Bioactivity,BA_000650,has_bioactivity,Associated phytochemical has respective bioactivity
Phytochemical,WPYMKLBDIGXBTP-UHFFFAOYSA-N,HAS_BIOACTIVITY,Bioactivity,BA_000651,has_bioactivity,Associated phytochemical has respective bioactivity
Phytochemical,WVDDGKGOMKODPV-UHFFFAOYSA-N,HAS_BIOACTIVITY,Bioactivity,BA_000652,has_bioactivity,Associated phytochemical has respective bioactivity
Phytochemical,QUKGYYKBILRGFE-UHFFFAOYSA-N,HAS_BIOACTIVITY,Bioactivity,BA_000653,has_bioactivity,Associated phytochemical has respective bioactivity
Phytochemical,SESFRYSPDFLNCH-UHFFFAOYSA-N,HAS_BIOACTIVITY,Bioactivity,BA_000654,has_bioactivity,Associated phytochemical has respective bioactivity
Phytochemical,SESFRYSPDFLNCH-UHFFFAOYSA-N,HAS_BIOACTIVITY,Bioactivity,BA_000655,has_bioactivity,Associated phytochemical has respective bioactivity
Phytochemical,SESFRYSPDFLNCH-UHFFFAOYSA-N,HAS_BIOACTIVITY,Bioactivity,BA_000656,has_bioactivity,Associated phytochemical has respective bioactivity
Phytochemical,RWGFKTVRMDUZSP-UHFFFAOYSA-N,HAS_BIOACTIVITY,Bioactivity,BA_000657,has_bioactivity,Associated phytochemical has respective bioactivity
Phytochemical,YNQLUTRBYVCPMQ-UHFFFAOYSA-N,HAS_BIOACTIVITY,Bioactivity,BA_000658,has_bioactivity,Associated phytochemical has respective bioactivity
Phytochemical,YNQLUTRBYVCPMQ-UHFFFAOYSA-N,HAS_BIOACTIVITY,Bioactivity,BA_000659,has_bioactivity,Associated phytochemical has respective bioactivity
Phytochemical,CTQNGGLPUBDAKN-UHFFFAOYSA-N,HAS_BIOACTIVITY,Bioactivity,BA_000660,has_bioactivity,Associated phytochemical has respective bioactivity
Phytochemical,CTQNGGLPUBDAKN-UHFFFAOYSA-N,HAS_BIOACTIVITY,Bioactivity,BA_000661,has_bioactivity,Associated phytochemical has respective bioactivity
Phytochemical,URLKBWYHVLBVBO-UHFFFAOYSA-N,HAS_BIOACTIVITY,Bioactivity,BA_000660,has_bioactivity,Associated phytochemical has respective bioactivity
Phytochemical,URLKBWYHVLBVBO-UHFFFAOYSA-N,HAS_BIOACTIVITY,Bioactivity,BA_000662,has_bioactivity,Associated phytochemical has respective bioactivity
Phytochemical,MQYXUWHLBZFQQO-QGTGJCAVSA-N,HAS_BIOACTIVITY,Bioactivity,BA_000663,has_bioactivity,Associated phytochemical has respective bioactivity
Phytochemical,MQYXUWHLBZFQQO-QGTGJCAVSA-N,HAS_BIOACTIVITY,Bioactivity,BA_000664,has_bioactivity,Associated phytochemical has respective bioactivity
Phytochemical,MQYXUWHLBZFQQO-QGTGJCAVSA-N,HAS_BIOACTIVITY,Bioactivity,BA_000665,has_bioactivity,Associated phytochemical has respective bioactivity
Phytochemical,MQYXUWHLBZFQQO-QGTGJCAVSA-N,HAS_BIOACTIVITY,Bioactivity,BA_000666,has_bioactivity,Associated phytochemical has respective bioactivity
Phytochemical,MQYXUWHLBZFQQO-QGTGJCAVSA-N,HAS_BIOACTIVITY,Bioactivity,BA_000667,has_bioactivity,Associated phytochemical has respective bioactivity
Phytochemical,MIJYXULNPSFWEK-GTOFXWBISA-N,HAS_BIOACTIVITY,Bioactivity,BA_000668,has_bioactivity,Associated phytochemical has respective bioactivity
Phytochemical,MIJYXULNPSFWEK-GTOFXWBISA-N,HAS_BIOACTIVITY,Bioactivity,BA_000669,has_bioactivity,Associated phytochemical has respective bioactivity
Phytochemical,MIJYXULNPSFWEK-GTOFXWBISA-N,HAS_BIOACTIVITY,Bioactivity,BA_000670,has_bioactivity,Associated phytochemical has respective bioactivity
Phytochemical,MIJYXULNPSFWEK-GTOFXWBISA-N,HAS_BIOACTIVITY,Bioactivity,BA_000671,has_bioactivity,Associated phytochemical has respective bioactivity
Phytochemical,MIJYXULNPSFWEK-GTOFXWBISA-N,HAS_BIOACTIVITY,Bioactivity,BA_000672,has_bioactivity,Associated phytochemical has respective bioactivity
Phytochemical,MIJYXULNPSFWEK-GTOFXWBISA-N,HAS_BIOACTIVITY,Bioactivity,BA_000673,has_bioactivity,Associated phytochemical has respective bioactivity
Phytochemical,MIJYXULNPSFWEK-GTOFXWBISA-N,HAS_BIOACTIVITY,Bioactivity,BA_000001,has_bioactivity,Associated phytochemical has respective bioactivity
Phytochemical,MIJYXULNPSFWEK-GTOFXWBISA-N,HAS_BIOACTIVITY,Bioactivity,BA_000674,has_bioactivity,Associated phytochemical has respective bioactivity
Phytochemical,MIJYXULNPSFWEK-GTOFXWBISA-N,HAS_BIOACTIVITY,Bioactivity,BA_000675,has_bioactivity,Associated phytochemical has respective bioactivity
Phytochemical,MIJYXULNPSFWEK-GTOFXWBISA-N,HAS_BIOACTIVITY,Bioactivity,BA_000676,has_bioactivity,Associated phytochemical has respective bioactivity
Phytochemical,MIJYXULNPSFWEK-GTOFXWBISA-N,HAS_BIOACTIVITY,Bioactivity,BA_000677,has_bioactivity,Associated phytochemical has respective bioactivity
Phytochemical,MIJYXULNPSFWEK-GTOFXWBISA-N,HAS_BIOACTIVITY,Bioactivity,BA_000678,has_bioactivity,Associated phytochemical has respective bioactivity
Phytochemical,MIJYXULNPSFWEK-GTOFXWBISA-N,HAS_BIOACTIVITY,Bioactivity,BA_000679,has_bioactivity,Associated phytochemical has respective bioactivity
Phytochemical,MIJYXULNPSFWEK-GTOFXWBISA-N,HAS_BIOACTIVITY,Bioactivity,BA_000680,has_bioactivity,Associated phytochemical has respective bioactivity
Phytochemical,MIJYXULNPSFWEK-GTOFXWBISA-N,HAS_BIOACTIVITY,Bioactivity,BA_000681,has_bioactivity,Associated phytochemical has respective bioactivity
Phytochemical,MIJYXULNPSFWEK-GTOFXWBISA-N,HAS_BIOACTIVITY,Bioactivity,BA_000682,has_bioactivity,Associated phytochemical has respective bioactivity
Phytochemical,MIJYXULNPSFWEK-GTOFXWBISA-N,HAS_BIOACTIVITY,Bioactivity,BA_000683,has_bioactivity,Associated phytochemical has respective bioactivity
Phytochemical,MIJYXULNPSFWEK-GTOFXWBISA-N,HAS_BIOACTIVITY,Bioactivity,BA_000684,has_bioactivity,Associated phytochemical has respective bioactivity
Phytochemical,MIJYXULNPSFWEK-GTOFXWBISA-N,HAS_BIOACTIVITY,Bioactivity,BA_000685,has_bioactivity,Associated phytochemical has respective bioactivity
Phytochemical,MIJYXULNPSFWEK-GTOFXWBISA-N,HAS_BIOACTIVITY,Bioactivity,BA_000686,has_bioactivity,Associated phytochemical has respective bioactivity
Phytochemical,MIJYXULNPSFWEK-GTOFXWBISA-N,HAS_BIOACTIVITY,Bioactivity,BA_000687,has_bioactivity,Associated phytochemical has respective bioactivity
Phytochemical,MIJYXULNPSFWEK-GTOFXWBISA-N,HAS_BIOACTIVITY,Bioactivity,BA_000688,has_bioactivity,Associated phytochemical has respective bioactivity
Phytochemical,MIJYXULNPSFWEK-GTOFXWBISA-N,HAS_BIOACTIVITY,Bioactivity,BA_000689,has_bioactivity,Associated phytochemical has respective bioactivity
Phytochemical,MIJYXULNPSFWEK-GTOFXWBISA-N,HAS_BIOACTIVITY,Bioactivity,BA_000690,has_bioactivity,Associated phytochemical has respective bioactivity
Phytochemical,MIJYXULNPSFWEK-GTOFXWBISA-N,HAS_BIOACTIVITY,Bioactivity,BA_000691,has_bioactivity,Associated phytochemical has respective bioactivity
Phytochemical,MIJYXULNPSFWEK-GTOFXWBISA-N,HAS_BIOACTIVITY,Bioactivity,BA_000692,has_bioactivity,Associated phytochemical has respective bioactivity
Phytochemical,MIJYXULNPSFWEK-GTOFXWBISA-N,HAS_BIOACTIVITY,Bioactivity,BA_000693,has_bioactivity,Associated phytochemical has respective bioactivity
Phytochemical,MIJYXULNPSFWEK-GTOFXWBISA-N,HAS_BIOACTIVITY,Bioactivity,BA_000694,has_bioactivity,Associated phytochemical has respective bioactivity
Phytochemical,MIJYXULNPSFWEK-GTOFXWBISA-N,HAS_BIOACTIVITY,Bioactivity,BA_000695,has_bioactivity,Associated phytochemical has respective bioactivity
Phytochemical,MIJYXULNPSFWEK-GTOFXWBISA-N,HAS_BIOACTIVITY,Bioactivity,BA_000696,has_bioactivity,Associated phytochemical has respective bioactivity
Phytochemical,MIJYXULNPSFWEK-GTOFXWBISA-N,HAS_BIOACTIVITY,Bioactivity,BA_000697,has_bioactivity,Associated phytochemical has respective bioactivity
Phytochemical,MIJYXULNPSFWEK-GTOFXWBISA-N,HAS_BIOACTIVITY,Bioactivity,BA_000698,has_bioactivity,Associated phytochemical has respective bioactivity
Phytochemical,MIJYXULNPSFWEK-GTOFXWBISA-N,HAS_BIOACTIVITY,Bioactivity,BA_000699,has_bioactivity,Associated phytochemical has respective bioactivity
Phytochemical,MIJYXULNPSFWEK-GTOFXWBISA-N,HAS_BIOACTIVITY,Bioactivity,BA_000700,has_bioactivity,Associated phytochemical has respective bioactivity
Phytochemical,MIJYXULNPSFWEK-GTOFXWBISA-N,HAS_BIOACTIVITY,Bioactivity,BA_000701,has_bioactivity,Associated phytochemical has respective bioactivity
Phytochemical,MIJYXULNPSFWEK-GTOFXWBISA-N,HAS_BIOACTIVITY,Bioactivity,BA_000702,has_bioactivity,Associated phytochemical has respective bioactivity
Phytochemical,MIJYXULNPSFWEK-GTOFXWBISA-N,HAS_BIOACTIVITY,Bioactivity,BA_000703,has_bioactivity,Associated phytochemical has respective bioactivity
Phytochemical,MIJYXULNPSFWEK-GTOFXWBISA-N,HAS_BIOACTIVITY,Bioactivity,BA_000704,has_bioactivity,Associated phytochemical has respective bioactivity
Phytochemical,MIJYXULNPSFWEK-GTOFXWBISA-N,HAS_BIOACTIVITY,Bioactivity,BA_000705,has_bioactivity,Associated phytochemical has respective bioactivity
Phytochemical,MIJYXULNPSFWEK-GTOFXWBISA-N,HAS_BIOACTIVITY,Bioactivity,BA_000706,has_bioactivity,Associated phytochemical has respective bioactivity
Phytochemical,MIJYXULNPSFWEK-GTOFXWBISA-N,HAS_BIOACTIVITY,Bioactivity,BA_000707,has_bioactivity,Associated phytochemical has respective bioactivity
Phytochemical,MIJYXULNPSFWEK-GTOFXWBISA-N,HAS_BIOACTIVITY,Bioactivity,BA_000708,has_bioactivity,Associated phytochemical has respective bioactivity
Phytochemical,MIJYXULNPSFWEK-GTOFXWBISA-N,HAS_BIOACTIVITY,Bioactivity,BA_000709,has_bioactivity,Associated phytochemical has respective bioactivity
Phytochemical,MIJYXULNPSFWEK-GTOFXWBISA-N,HAS_BIOACTIVITY,Bioactivity,BA_000710,has_bioactivity,Associated phytochemical has respective bioactivity
Phytochemical,MIJYXULNPSFWEK-GTOFXWBISA-N,HAS_BIOACTIVITY,Bioactivity,BA_000711,has_bioactivity,Associated phytochemical has respective bioactivity
Phytochemical,MIJYXULNPSFWEK-GTOFXWBISA-N,HAS_BIOACTIVITY,Bioactivity,BA_000712,has_bioactivity,Associated phytochemical has respective bioactivity
Phytochemical,MIJYXULNPSFWEK-GTOFXWBISA-N,HAS_BIOACTIVITY,Bioactivity,BA_000713,has_bioactivity,Associated phytochemical has respective bioactivity
Phytochemical,MIJYXULNPSFWEK-GTOFXWBISA-N,HAS_BIOACTIVITY,Bioactivity,BA_000714,has_bioactivity,Associated phytochemical has respective bioactivity
Phytochemical,MIJYXULNPSFWEK-GTOFXWBISA-N,HAS_BIOACTIVITY,Bioactivity,BA_000715,has_bioactivity,Associated phytochemical has respective bioactivity
Phytochemical,MIJYXULNPSFWEK-GTOFXWBISA-N,HAS_BIOACTIVITY,Bioactivity,BA_000716,has_bioactivity,Associated phytochemical has respective bioactivity
Phytochemical,MIJYXULNPSFWEK-GTOFXWBISA-N,HAS_BIOACTIVITY,Bioactivity,BA_000717,has_bioactivity,Associated phytochemical has respective bioactivity
Phytochemical,MIJYXULNPSFWEK-GTOFXWBISA-N,HAS_BIOACTIVITY,Bioactivity,BA_000718,has_bioactivity,Associated phytochemical has respective bioactivity
Phytochemical,MIJYXULNPSFWEK-GTOFXWBISA-N,HAS_BIOACTIVITY,Bioactivity,BA_000719,has_bioactivity,Associated phytochemical has respective bioactivity
Phytochemical,MIJYXULNPSFWEK-GTOFXWBISA-N,HAS_BIOACTIVITY,Bioactivity,BA_000720,has_bioactivity,Associated phytochemical has respective bioactivity
Phytochemical,MIJYXULNPSFWEK-GTOFXWBISA-N,HAS_BIOACTIVITY,Bioactivity,BA_000721,has_bioactivity,Associated phytochemical has respective bioactivity
Phytochemical,MIJYXULNPSFWEK-GTOFXWBISA-N,HAS_BIOACTIVITY,Bioactivity,BA_000722,has_bioactivity,Associated phytochemical has respective bioactivity
Phytochemical,MIJYXULNPSFWEK-GTOFXWBISA-N,HAS_BIOACTIVITY,Bioactivity,BA_000723,has_bioactivity,Associated phytochemical has respective bioactivity
Phytochemical,MIJYXULNPSFWEK-GTOFXWBISA-N,HAS_BIOACTIVITY,Bioactivity,BA_000724,has_bioactivity,Associated phytochemical has respective bioactivity
Phytochemical,MIJYXULNPSFWEK-GTOFXWBISA-N,HAS_BIOACTIVITY,Bioactivity,BA_000665,has_bioactivity,Associated phytochemical has respective bioactivity
Phytochemical,MIJYXULNPSFWEK-GTOFXWBISA-N,HAS_BIOACTIVITY,Bioactivity,BA_000725,has_bioactivity,Associated phytochemical has respective bioactivity
Phytochemical,MIJYXULNPSFWEK-GTOFXWBISA-N,HAS_BIOACTIVITY,Bioactivity,BA_000726,has_bioactivity,Associated phytochemical has respective bioactivity
Phytochemical,MIJYXULNPSFWEK-GTOFXWBISA-N,HAS_BIOACTIVITY,Bioactivity,BA_000727,has_bioactivity,Associated phytochemical has respective bioactivity
Phytochemical,MIJYXULNPSFWEK-GTOFXWBISA-N,HAS_BIOACTIVITY,Bioactivity,BA_000728,has_bioactivity,Associated phytochemical has respective bioactivity
Phytochemical,MIJYXULNPSFWEK-GTOFXWBISA-N,HAS_BIOACTIVITY,Bioactivity,BA_000729,has_bioactivity,Associated phytochemical has respective bioactivity
Phytochemical,MIJYXULNPSFWEK-GTOFXWBISA-N,HAS_BIOACTIVITY,Bioactivity,BA_000730,has_bioactivity,Associated phytochemical has respective bioactivity
Phytochemical,MIJYXULNPSFWEK-GTOFXWBISA-N,HAS_BIOACTIVITY,Bioactivity,BA_000731,has_bioactivity,Associated phytochemical has respective bioactivity
Phytochemical,MIJYXULNPSFWEK-GTOFXWBISA-N,HAS_BIOACTIVITY,Bioactivity,BA_000732,has_bioactivity,Associated phytochemical has respective bioactivity
Phytochemical,QAIPRVGONGVQAS-DUXPYHPUSA-N,HAS_BIOACTIVITY,Bioactivity,BA_000733,has_bioactivity,Associated phytochemical has respective bioactivity
Phytochemical,QAIPRVGONGVQAS-DUXPYHPUSA-N,HAS_BIOACTIVITY,Bioactivity,BA_000734,has_bioactivity,Associated phytochemical has respective bioactivity
Phytochemical,QAIPRVGONGVQAS-DUXPYHPUSA-N,HAS_BIOACTIVITY,Bioactivity,BA_000735,has_bioactivity,Associated phytochemical has respective bioactivity
Phytochemical,QAIPRVGONGVQAS-DUXPYHPUSA-N,HAS_BIOACTIVITY,Bioactivity,BA_000736,has_bioactivity,Associated phytochemical has respective bioactivity
Phytochemical,QAIPRVGONGVQAS-DUXPYHPUSA-N,HAS_BIOACTIVITY,Bioactivity,BA_000737,has_bioactivity,Associated phytochemical has respective bioactivity
Phytochemical,QAIPRVGONGVQAS-DUXPYHPUSA-N,HAS_BIOACTIVITY,Bioactivity,BA_000738,has_bioactivity,Associated phytochemical has respective bioactivity
Phytochemical,QAIPRVGONGVQAS-DUXPYHPUSA-N,HAS_BIOACTIVITY,Bioactivity,BA_000739,has_bioactivity,Associated phytochemical has respective bioactivity
Phytochemical,QAIPRVGONGVQAS-DUXPYHPUSA-N,HAS_BIOACTIVITY,Bioactivity,BA_000740,has_bioactivity,Associated phytochemical has respective bioactivity
Phytochemical,QAIPRVGONGVQAS-DUXPYHPUSA-N,HAS_BIOACTIVITY,Bioactivity,BA_000741,has_bioactivity,Associated phytochemical has respective bioactivity
Phytochemical,QAIPRVGONGVQAS-DUXPYHPUSA-N,HAS_BIOACTIVITY,Bioactivity,BA_000742,has_bioactivity,Associated phytochemical has respective bioactivity
Phytochemical,QAIPRVGONGVQAS-DUXPYHPUSA-N,HAS_BIOACTIVITY,Bioactivity,BA_000743,has_bioactivity,Associated phytochemical has respective bioactivity
Phytochemical,QAIPRVGONGVQAS-DUXPYHPUSA-N,HAS_BIOACTIVITY,Bioactivity,BA_000744,has_bioactivity,Associated phytochemical has respective bioactivity
Phytochemical,QAIPRVGONGVQAS-DUXPYHPUSA-N,HAS_BIOACTIVITY,Bioactivity,BA_000745,has_bioactivity,Associated phytochemical has respective bioactivity
Phytochemical,QAIPRVGONGVQAS-DUXPYHPUSA-N,HAS_BIOACTIVITY,Bioactivity,BA_000408,has_bioactivity,Associated phytochemical has respective bioactivity
Phytochemical,QAIPRVGONGVQAS-DUXPYHPUSA-N,HAS_BIOACTIVITY,Bioactivity,BA_000746,has_bioactivity,Associated phytochemical has respective bioactivity
Phytochemical,QAIPRVGONGVQAS-DUXPYHPUSA-N,HAS_BIOACTIVITY,Bioactivity,BA_000492,has_bioactivity,Associated phytochemical has respective bioactivity
Phytochemical,QAIPRVGONGVQAS-DUXPYHPUSA-N,HAS_BIOACTIVITY,Bioactivity,BA_000747,has_bioactivity,Associated phytochemical has respective bioactivity
Phytochemical,QAIPRVGONGVQAS-DUXPYHPUSA-N,HAS_BIOACTIVITY,Bioactivity,BA_000045,has_bioactivity,Associated phytochemical has respective bioactivity
Phytochemical,QAIPRVGONGVQAS-DUXPYHPUSA-N,HAS_BIOACTIVITY,Bioactivity,BA_000748,has_bioactivity,Associated phytochemical has respective bioactivity
Phytochemical,QAIPRVGONGVQAS-DUXPYHPUSA-N,HAS_BIOACTIVITY,Bioactivity,BA_000749,has_bioactivity,Associated phytochemical has respective bioactivity
Phytochemical,QAIPRVGONGVQAS-DUXPYHPUSA-N,HAS_BIOACTIVITY,Bioactivity,BA_000750,has_bioactivity,Associated phytochemical has respective bioactivity
Phytochemical,QAIPRVGONGVQAS-DUXPYHPUSA-N,HAS_BIOACTIVITY,Bioactivity,BA_000751,has_bioactivity,Associated phytochemical has respective bioactivity
Phytochemical,QAIPRVGONGVQAS-DUXPYHPUSA-N,HAS_BIOACTIVITY,Bioactivity,BA_000752,has_bioactivity,Associated phytochemical has respective bioactivity
Phytochemical,QAIPRVGONGVQAS-DUXPYHPUSA-N,HAS_BIOACTIVITY,Bioactivity,BA_000753,has_bioactivity,Associated phytochemical has respective bioactivity
Phytochemical,QAIPRVGONGVQAS-DUXPYHPUSA-N,HAS_BIOACTIVITY,Bioactivity,BA_000754,has_bioactivity,Associated phytochemical has respective bioactivity
Phytochemical,QAIPRVGONGVQAS-DUXPYHPUSA-N,HAS_BIOACTIVITY,Bioactivity,BA_000755,has_bioactivity,Associated phytochemical has respective bioactivity
Phytochemical,QAIPRVGONGVQAS-DUXPYHPUSA-N,HAS_BIOACTIVITY,Bioactivity,BA_000756,has_bioactivity,Associated phytochemical has respective bioactivity
Phytochemical,QAIPRVGONGVQAS-DUXPYHPUSA-N,HAS_BIOACTIVITY,Bioactivity,BA_000757,has_bioactivity,Associated phytochemical has respective bioactivity
Phytochemical,QAIPRVGONGVQAS-DUXPYHPUSA-N,HAS_BIOACTIVITY,Bioactivity,BA_000512,has_bioactivity,Associated phytochemical has respective bioactivity
Phytochemical,QAIPRVGONGVQAS-DUXPYHPUSA-N,HAS_BIOACTIVITY,Bioactivity,BA_000758,has_bioactivity,Associated phytochemical has respective bioactivity
Phytochemical,QAIPRVGONGVQAS-DUXPYHPUSA-N,HAS_BIOACTIVITY,Bioactivity,BA_000759,has_bioactivity,Associated phytochemical has respective bioactivity
Phytochemical,QAIPRVGONGVQAS-DUXPYHPUSA-N,HAS_BIOACTIVITY,Bioactivity,BA_000760,has_bioactivity,Associated phytochemical has respective bioactivity
Phytochemical,QAIPRVGONGVQAS-DUXPYHPUSA-N,HAS_BIOACTIVITY,Bioactivity,BA_000761,has_bioactivity,Associated phytochemical has respective bioactivity
Phytochemical,DCYOADKBABEMIQ-OWMUPTOHSA-N,HAS_BIOACTIVITY,Bioactivity,BA_000762,has_bioactivity,Associated phytochemical has respective bioactivity
Phytochemical,DCYOADKBABEMIQ-OWMUPTOHSA-N,HAS_BIOACTIVITY,Bioactivity,BA_000763,has_bioactivity,Associated phytochemical has respective bioactivity
Phytochemical,DCYOADKBABEMIQ-OWMUPTOHSA-N,HAS_BIOACTIVITY,Bioactivity,BA_000764,has_bioactivity,Associated phytochemical has respective bioactivity
Phytochemical,DCYOADKBABEMIQ-OWMUPTOHSA-N,HAS_BIOACTIVITY,Bioactivity,BA_000387,has_bioactivity,Associated phytochemical has respective bioactivity
Phytochemical,DCYOADKBABEMIQ-OWMUPTOHSA-N,HAS_BIOACTIVITY,Bioactivity,BA_000765,has_bioactivity,Associated phytochemical has respective bioactivity
Phytochemical,DCYOADKBABEMIQ-OWMUPTOHSA-N,HAS_BIOACTIVITY,Bioactivity,BA_000766,has_bioactivity,Associated phytochemical has respective bioactivity
Phytochemical,DCYOADKBABEMIQ-OWMUPTOHSA-N,HAS_BIOACTIVITY,Bioactivity,BA_000254,has_bioactivity,Associated phytochemical has respective bioactivity
Phytochemical,DCYOADKBABEMIQ-OWMUPTOHSA-N,HAS_BIOACTIVITY,Bioactivity,BA_000767,has_bioactivity,Associated phytochemical has respective bioactivity
Phytochemical,DCYOADKBABEMIQ-OWMUPTOHSA-N,HAS_BIOACTIVITY,Bioactivity,BA_000768,has_bioactivity,Associated phytochemical has respective bioactivity
Phytochemical,DCYOADKBABEMIQ-OWMUPTOHSA-N,HAS_BIOACTIVITY,Bioactivity,BA_000769,has_bioactivity,Associated phytochemical has respective bioactivity
Phytochemical,DCYOADKBABEMIQ-OWMUPTOHSA-N,HAS_BIOACTIVITY,Bioactivity,BA_000770,has_bioactivity,Associated phytochemical has respective bioactivity
Phytochemical,FIAAVMJLAGNUKW-VQVVXJKKSA-N,HAS_BIOACTIVITY,Bioactivity,BA_000771,has_bioactivity,Associated phytochemical has respective bioactivity
Phytochemical,FIAAVMJLAGNUKW-VQVVXJKKSA-N,HAS_BIOACTIVITY,Bioactivity,BA_000772,has_bioactivity,Associated phytochemical has respective bioactivity
Phytochemical,FIAAVMJLAGNUKW-VQVVXJKKSA-N,HAS_BIOACTIVITY,Bioactivity,BA_000512,has_bioactivity,Associated phytochemical has respective bioactivity
Phytochemical,DTOSIQBPPRVQHS-PDBXOOCHSA-N,HAS_BIOACTIVITY,Bioactivity,BA_000773,has_bioactivity,Associated phytochemical has respective bioactivity
Phytochemical,DTOSIQBPPRVQHS-PDBXOOCHSA-N,HAS_BIOACTIVITY,Bioactivity,BA_000774,has_bioactivity,Associated phytochemical has respective bioactivity
Phytochemical,DTOSIQBPPRVQHS-PDBXOOCHSA-N,HAS_BIOACTIVITY,Bioactivity,BA_000355,has_bioactivity,Associated phytochemical has respective bioactivity
Phytochemical,DTOSIQBPPRVQHS-PDBXOOCHSA-N,HAS_BIOACTIVITY,Bioactivity,BA_000040,has_bioactivity,Associated phytochemical has respective bioactivity
Phytochemical,DTOSIQBPPRVQHS-PDBXOOCHSA-N,HAS_BIOACTIVITY,Bioactivity,BA_000775,has_bioactivity,Associated phytochemical has respective bioactivity
Phytochemical,DTOSIQBPPRVQHS-PDBXOOCHSA-N,HAS_BIOACTIVITY,Bioactivity,BA_000220,has_bioactivity,Associated phytochemical has respective bioactivity
Phytochemical,DTOSIQBPPRVQHS-PDBXOOCHSA-N,HAS_BIOACTIVITY,Bioactivity,BA_000050,has_bioactivity,Associated phytochemical has respective bioactivity
Phytochemical,DTOSIQBPPRVQHS-PDBXOOCHSA-N,HAS_BIOACTIVITY,Bioactivity,BA_000776,has_bioactivity,Associated phytochemical has respective bioactivity
Phytochemical,DTOSIQBPPRVQHS-PDBXOOCHSA-N,HAS_BIOACTIVITY,Bioactivity,BA_000043,has_bioactivity,Associated phytochemical has respective bioactivity
Phytochemical,DTOSIQBPPRVQHS-PDBXOOCHSA-N,HAS_BIOACTIVITY,Bioactivity,BA_000777,has_bioactivity,Associated phytochemical has respective bioactivity
Phytochemical,DTOSIQBPPRVQHS-PDBXOOCHSA-N,HAS_BIOACTIVITY,Bioactivity,BA_000778,has_bioactivity,Associated phytochemical has respective bioactivity
Phytochemical,DTOSIQBPPRVQHS-PDBXOOCHSA-N,HAS_BIOACTIVITY,Bioactivity,BA_000779,has_bioactivity,Associated phytochemical has respective bioactivity
Phytochemical,DTOSIQBPPRVQHS-PDBXOOCHSA-N,HAS_BIOACTIVITY,Bioactivity,BA_000780,has_bioactivity,Associated phytochemical has respective bioactivity
Phytochemical,DTOSIQBPPRVQHS-PDBXOOCHSA-N,HAS_BIOACTIVITY,Bioactivity,BA_000781,has_bioactivity,Associated phytochemical has respective bioactivity
Phytochemical,DTOSIQBPPRVQHS-PDBXOOCHSA-N,HAS_BIOACTIVITY,Bioactivity,BA_000782,has_bioactivity,Associated phytochemical has respective bioactivity
Phytochemical,DTOSIQBPPRVQHS-PDBXOOCHSA-N,HAS_BIOACTIVITY,Bioactivity,BA_000783,has_bioactivity,Associated phytochemical has respective bioactivity
Phytochemical,DTOSIQBPPRVQHS-PDBXOOCHSA-N,HAS_BIOACTIVITY,Bioactivity,BA_000784,has_bioactivity,Associated phytochemical has respective bioactivity
Phytochemical,DTOSIQBPPRVQHS-PDBXOOCHSA-N,HAS_BIOACTIVITY,Bioactivity,BA_000785,has_bioactivity,Associated phytochemical has respective bioactivity
Phytochemical,DTOSIQBPPRVQHS-PDBXOOCHSA-N,HAS_BIOACTIVITY,Bioactivity,BA_000786,has_bioactivity,Associated phytochemical has respective bioactivity
Phytochemical,DTOSIQBPPRVQHS-PDBXOOCHSA-N,HAS_BIOACTIVITY,Bioactivity,BA_000787,has_bioactivity,Associated phytochemical has respective bioactivity
Phytochemical,DTOSIQBPPRVQHS-PDBXOOCHSA-N,HAS_BIOACTIVITY,Bioactivity,BA_000788,has_bioactivity,Associated phytochemical has respective bioactivity
Phytochemical,DTOSIQBPPRVQHS-PDBXOOCHSA-N,HAS_BIOACTIVITY,Bioactivity,BA_000789,has_bioactivity,Associated phytochemical has respective bioactivity
Phytochemical,DTOSIQBPPRVQHS-PDBXOOCHSA-N,HAS_BIOACTIVITY,Bioactivity,BA_000790,has_bioactivity,Associated phytochemical has respective bioactivity
Phytochemical,DTOSIQBPPRVQHS-PDBXOOCHSA-N,HAS_BIOACTIVITY,Bioactivity,BA_000791,has_bioactivity,Associated phytochemical has respective bioactivity
Phytochemical,DTOSIQBPPRVQHS-PDBXOOCHSA-N,HAS_BIOACTIVITY,Bioactivity,BA_000768,has_bioactivity,Associated phytochemical has respective bioactivity
Phytochemical,DTOSIQBPPRVQHS-PDBXOOCHSA-N,HAS_BIOACTIVITY,Bioactivity,BA_000792,has_bioactivity,Associated phytochemical has respective bioactivity
Phytochemical,DTOSIQBPPRVQHS-PDBXOOCHSA-N,HAS_BIOACTIVITY,Bioactivity,BA_000793,has_bioactivity,Associated phytochemical has respective bioactivity
Phytochemical,DTOSIQBPPRVQHS-PDBXOOCHSA-N,HAS_BIOACTIVITY,Bioactivity,BA_000794,has_bioactivity,Associated phytochemical has respective bioactivity
Phytochemical,DTOSIQBPPRVQHS-PDBXOOCHSA-N,HAS_BIOACTIVITY,Bioactivity,BA_000795,has_bioactivity,Associated phytochemical has respective bioactivity
Phytochemical,GSBNFGRTUCCBTK-DAFODLJHSA-N,HAS_BIOACTIVITY,Bioactivity,BA_000796,has_bioactivity,Associated phytochemical has respective bioactivity
Phytochemical,GVJHHUAWPYXKBD-IEOSBIPESA-N,HAS_BIOACTIVITY,Bioactivity,BA_000797,has_bioactivity,Associated phytochemical has respective bioactivity
Phytochemical,GVJHHUAWPYXKBD-IEOSBIPESA-N,HAS_BIOACTIVITY,Bioactivity,BA_000798,has_bioactivity,Associated phytochemical has respective bioactivity
Phytochemical,GVJHHUAWPYXKBD-IEOSBIPESA-N,HAS_BIOACTIVITY,Bioactivity,BA_000764,has_bioactivity,Associated phytochemical has respective bioactivity
Phytochemical,GVJHHUAWPYXKBD-IEOSBIPESA-N,HAS_BIOACTIVITY,Bioactivity,BA_000799,has_bioactivity,Associated phytochemical has respective bioactivity
Phytochemical,GVJHHUAWPYXKBD-IEOSBIPESA-N,HAS_BIOACTIVITY,Bioactivity,BA_000511,has_bioactivity,Associated phytochemical has respective bioactivity
Phytochemical,GVJHHUAWPYXKBD-IEOSBIPESA-N,HAS_BIOACTIVITY,Bioactivity,BA_000800,has_bioactivity,Associated phytochemical has respective bioactivity
Phytochemical,GHVNFZFCNZKVNT-UHFFFAOYSA-N,HAS_BIOACTIVITY,Bioactivity,BA_000801,has_bioactivity,Associated phytochemical has respective bioactivity
Phytochemical,GHVNFZFCNZKVNT-UHFFFAOYSA-N,HAS_BIOACTIVITY,Bioactivity,BA_000802,has_bioactivity,Associated phytochemical has respective bioactivity
Phytochemical,GHVNFZFCNZKVNT-UHFFFAOYSA-N,HAS_BIOACTIVITY,Bioactivity,BA_000803,has_bioactivity,Associated phytochemical has respective bioactivity
Phytochemical,GHVNFZFCNZKVNT-UHFFFAOYSA-N,HAS_BIOACTIVITY,Bioactivity,BA_000804,has_bioactivity,Associated phytochemical has respective bioactivity
Phytochemical,GHVNFZFCNZKVNT-UHFFFAOYSA-N,HAS_BIOACTIVITY,Bioactivity,BA_000805,has_bioactivity,Associated phytochemical has respective bioactivity
Phytochemical,GHVNFZFCNZKVNT-UHFFFAOYSA-N,HAS_BIOACTIVITY,Bioactivity,BA_000806,has_bioactivity,Associated phytochemical has respective bioactivity
Phytochemical,GHVNFZFCNZKVNT-UHFFFAOYSA-N,HAS_BIOACTIVITY,Bioactivity,BA_000807,has_bioactivity,Associated phytochemical has respective bioactivity
Phytochemical,GHVNFZFCNZKVNT-UHFFFAOYSA-N,HAS_BIOACTIVITY,Bioactivity,BA_000808,has_bioactivity,Associated phytochemical has respective bioactivity
Phytochemical,GHVNFZFCNZKVNT-UHFFFAOYSA-N,HAS_BIOACTIVITY,Bioactivity,BA_000809,has_bioactivity,Associated phytochemical has respective bioactivity
Phytochemical,POULHZVOKOAJMA-UHFFFAOYSA-N,HAS_BIOACTIVITY,Bioactivity,BA_000810,has_bioactivity,Associated phytochemical has respective bioactivity
Phytochemical,POULHZVOKOAJMA-UHFFFAOYSA-N,HAS_BIOACTIVITY,Bioactivity,BA_000811,has_bioactivity,Associated phytochemical has respective bioactivity
Phytochemical,POULHZVOKOAJMA-UHFFFAOYSA-N,HAS_BIOACTIVITY,Bioactivity,BA_000812,has_bioactivity,Associated phytochemical has respective bioactivity
Phytochemical,POULHZVOKOAJMA-UHFFFAOYSA-N,HAS_BIOACTIVITY,Bioactivity,BA_000813,has_bioactivity,Associated phytochemical has respective bioactivity
Phytochemical,POULHZVOKOAJMA-UHFFFAOYSA-N,HAS_BIOACTIVITY,Bioactivity,BA_000814,has_bioactivity,Associated phytochemical has respective bioactivity
Phytochemical,POULHZVOKOAJMA-UHFFFAOYSA-N,HAS_BIOACTIVITY,Bioactivity,BA_000815,has_bioactivity,Associated phytochemical has respective bioactivity
Phytochemical,POULHZVOKOAJMA-UHFFFAOYSA-N,HAS_BIOACTIVITY,Bioactivity,BA_000816,has_bioactivity,Associated phytochemical has respective bioactivity
Phytochemical,POULHZVOKOAJMA-UHFFFAOYSA-N,HAS_BIOACTIVITY,Bioactivity,BA_000817,has_bioactivity,Associated phytochemical has respective bioactivity
Phytochemical,POULHZVOKOAJMA-UHFFFAOYSA-N,HAS_BIOACTIVITY,Bioactivity,BA_000818,has_bioactivity,Associated phytochemical has respective bioactivity
Phytochemical,POULHZVOKOAJMA-UHFFFAOYSA-N,HAS_BIOACTIVITY,Bioactivity,BA_000819,has_bioactivity,Associated phytochemical has respective bioactivity
Phytochemical,POULHZVOKOAJMA-UHFFFAOYSA-N,HAS_BIOACTIVITY,Bioactivity,BA_000820,has_bioactivity,Associated phytochemical has respective bioactivity
Phytochemical,POULHZVOKOAJMA-UHFFFAOYSA-N,HAS_BIOACTIVITY,Bioactivity,BA_000821,has_bioactivity,Associated phytochemical has respective bioactivity
Phytochemical,POULHZVOKOAJMA-UHFFFAOYSA-N,HAS_BIOACTIVITY,Bioactivity,BA_000822,has_bioactivity,Associated phytochemical has respective bioactivity
Phytochemical,AFSDNFLWKVMVRB-UHFFFAOYSA-N,HAS_BIOACTIVITY,Bioactivity,BA_000823,has_bioactivity,Associated phytochemical has respective bioactivity
Phytochemical,AFSDNFLWKVMVRB-UHFFFAOYSA-N,HAS_BIOACTIVITY,Bioactivity,BA_000824,has_bioactivity,Associated phytochemical has respective bioactivity
Phytochemical,AFSDNFLWKVMVRB-UHFFFAOYSA-N,HAS_BIOACTIVITY,Bioactivity,BA_000825,has_bioactivity,Associated phytochemical has respective bioactivity
Phytochemical,AFSDNFLWKVMVRB-UHFFFAOYSA-N,HAS_BIOACTIVITY,Bioactivity,BA_000826,has_bioactivity,Associated phytochemical has respective bioactivity
Phytochemical,AFSDNFLWKVMVRB-UHFFFAOYSA-N,HAS_BIOACTIVITY,Bioactivity,BA_000827,has_bioactivity,Associated phytochemical has respective bioactivity
Phytochemical,AFSDNFLWKVMVRB-UHFFFAOYSA-N,HAS_BIOACTIVITY,Bioactivity,BA_000828,has_bioactivity,Associated phytochemical has respective bioactivity
Phytochemical,AFSDNFLWKVMVRB-UHFFFAOYSA-N,HAS_BIOACTIVITY,Bioactivity,BA_000829,has_bioactivity,Associated phytochemical has respective bioactivity
Phytochemical,AFSDNFLWKVMVRB-UHFFFAOYSA-N,HAS_BIOACTIVITY,Bioactivity,BA_000830,has_bioactivity,Associated phytochemical has respective bioactivity
Phytochemical,AFSDNFLWKVMVRB-UHFFFAOYSA-N,HAS_BIOACTIVITY,Bioactivity,BA_000831,has_bioactivity,Associated phytochemical has respective bioactivity
Phytochemical,AFSDNFLWKVMVRB-UHFFFAOYSA-N,HAS_BIOACTIVITY,Bioactivity,BA_000832,has_bioactivity,Associated phytochemical has respective bioactivity
Phytochemical,AFSDNFLWKVMVRB-UHFFFAOYSA-N,HAS_BIOACTIVITY,Bioactivity,BA_000833,has_bioactivity,Associated phytochemical has respective bioactivity
Phytochemical,AFSDNFLWKVMVRB-UHFFFAOYSA-N,HAS_BIOACTIVITY,Bioactivity,BA_000834,has_bioactivity,Associated phytochemical has respective bioactivity
Phytochemical,AFSDNFLWKVMVRB-UHFFFAOYSA-N,HAS_BIOACTIVITY,Bioactivity,BA_000835,has_bioactivity,Associated phytochemical has respective bioactivity
Phytochemical,AFSDNFLWKVMVRB-UHFFFAOYSA-N,HAS_BIOACTIVITY,Bioactivity,BA_000836,has_bioactivity,Associated phytochemical has respective bioactivity
Phytochemical,AFSDNFLWKVMVRB-UHFFFAOYSA-N,HAS_BIOACTIVITY,Bioactivity,BA_000837,has_bioactivity,Associated phytochemical has respective bioactivity
Phytochemical,AFSDNFLWKVMVRB-UHFFFAOYSA-N,HAS_BIOACTIVITY,Bioactivity,BA_000838,has_bioactivity,Associated phytochemical has respective bioactivity
Phytochemical,AFSDNFLWKVMVRB-UHFFFAOYSA-N,HAS_BIOACTIVITY,Bioactivity,BA_000839,has_bioactivity,Associated phytochemical has respective bioactivity
Phytochemical,AFSDNFLWKVMVRB-UHFFFAOYSA-N,HAS_BIOACTIVITY,Bioactivity,BA_000840,has_bioactivity,Associated phytochemical has respective bioactivity
Phytochemical,AFSDNFLWKVMVRB-UHFFFAOYSA-N,HAS_BIOACTIVITY,Bioactivity,BA_000210,has_bioactivity,Associated phytochemical has respective bioactivity
Phytochemical,AFSDNFLWKVMVRB-UHFFFAOYSA-N,HAS_BIOACTIVITY,Bioactivity,BA_000841,has_bioactivity,Associated phytochemical has respective bioactivity
Phytochemical,AFSDNFLWKVMVRB-UHFFFAOYSA-N,HAS_BIOACTIVITY,Bioactivity,BA_000211,has_bioactivity,Associated phytochemical has respective bioactivity
Phytochemical,AFSDNFLWKVMVRB-UHFFFAOYSA-N,HAS_BIOACTIVITY,Bioactivity,BA_000842,has_bioactivity,Associated phytochemical has respective bioactivity
Phytochemical,AFSDNFLWKVMVRB-UHFFFAOYSA-N,HAS_BIOACTIVITY,Bioactivity,BA_000843,has_bioactivity,Associated phytochemical has respective bioactivity
Phytochemical,AFSDNFLWKVMVRB-UHFFFAOYSA-N,HAS_BIOACTIVITY,Bioactivity,BA_000844,has_bioactivity,Associated phytochemical has respective bioactivity
Phytochemical,AFSDNFLWKVMVRB-UHFFFAOYSA-N,HAS_BIOACTIVITY,Bioactivity,BA_000845,has_bioactivity,Associated phytochemical has respective bioactivity
Phytochemical,AFSDNFLWKVMVRB-UHFFFAOYSA-N,HAS_BIOACTIVITY,Bioactivity,BA_000846,has_bioactivity,Associated phytochemical has respective bioactivity
Phytochemical,AFSDNFLWKVMVRB-UHFFFAOYSA-N,HAS_BIOACTIVITY,Bioactivity,BA_000052,has_bioactivity,Associated phytochemical has respective bioactivity
Phytochemical,AFSDNFLWKVMVRB-UHFFFAOYSA-N,HAS_BIOACTIVITY,Bioactivity,BA_000847,has_bioactivity,Associated phytochemical has respective bioactivity
Phytochemical,AFSDNFLWKVMVRB-UHFFFAOYSA-N,HAS_BIOACTIVITY,Bioactivity,BA_000848,has_bioactivity,Associated phytochemical has respective bioactivity
Phytochemical,AFSDNFLWKVMVRB-UHFFFAOYSA-N,HAS_BIOACTIVITY,Bioactivity,BA_000849,has_bioactivity,Associated phytochemical has respective bioactivity
Phytochemical,AFSDNFLWKVMVRB-UHFFFAOYSA-N,HAS_BIOACTIVITY,Bioactivity,BA_000371,has_bioactivity,Associated phytochemical has respective bioactivity
Phytochemical,AFSDNFLWKVMVRB-UHFFFAOYSA-N,HAS_BIOACTIVITY,Bioactivity,BA_000850,has_bioactivity,Associated phytochemical has respective bioactivity
Phytochemical,AFSDNFLWKVMVRB-UHFFFAOYSA-N,HAS_BIOACTIVITY,Bioactivity,BA_000851,has_bioactivity,Associated phytochemical has respective bioactivity
Phytochemical,AFSDNFLWKVMVRB-UHFFFAOYSA-N,HAS_BIOACTIVITY,Bioactivity,BA_000852,has_bioactivity,Associated phytochemical has respective bioactivity
Phytochemical,AFSDNFLWKVMVRB-UHFFFAOYSA-N,HAS_BIOACTIVITY,Bioactivity,BA_000853,has_bioactivity,Associated phytochemical has respective bioactivity
Phytochemical,AFSDNFLWKVMVRB-UHFFFAOYSA-N,HAS_BIOACTIVITY,Bioactivity,BA_000854,has_bioactivity,Associated phytochemical has respective bioactivity
Phytochemical,AFSDNFLWKVMVRB-UHFFFAOYSA-N,HAS_BIOACTIVITY,Bioactivity,BA_000855,has_bioactivity,Associated phytochemical has respective bioactivity
Phytochemical,AFSDNFLWKVMVRB-UHFFFAOYSA-N,HAS_BIOACTIVITY,Bioactivity,BA_000856,has_bioactivity,Associated phytochemical has respective bioactivity
Phytochemical,AFSDNFLWKVMVRB-UHFFFAOYSA-N,HAS_BIOACTIVITY,Bioactivity,BA_000857,has_bioactivity,Associated phytochemical has respective bioactivity
Phytochemical,AFSDNFLWKVMVRB-UHFFFAOYSA-N,HAS_BIOACTIVITY,Bioactivity,BA_000858,has_bioactivity,Associated phytochemical has respective bioactivity
Phytochemical,AFSDNFLWKVMVRB-UHFFFAOYSA-N,HAS_BIOACTIVITY,Bioactivity,BA_000859,has_bioactivity,Associated phytochemical has respective bioactivity
Phytochemical,AFSDNFLWKVMVRB-UHFFFAOYSA-N,HAS_BIOACTIVITY,Bioactivity,BA_000542,has_bioactivity,Associated phytochemical has respective bioactivity
Phytochemical,AFSDNFLWKVMVRB-UHFFFAOYSA-N,HAS_BIOACTIVITY,Bioactivity,BA_000246,has_bioactivity,Associated phytochemical has respective bioactivity
Phytochemical,AFSDNFLWKVMVRB-UHFFFAOYSA-N,HAS_BIOACTIVITY,Bioactivity,BA_000860,has_bioactivity,Associated phytochemical has respective bioactivity
Phytochemical,AFSDNFLWKVMVRB-UHFFFAOYSA-N,HAS_BIOACTIVITY,Bioactivity,BA_000861,has_bioactivity,Associated phytochemical has respective bioactivity
Phytochemical,AFSDNFLWKVMVRB-UHFFFAOYSA-N,HAS_BIOACTIVITY,Bioactivity,BA_000862,has_bioactivity,Associated phytochemical has respective bioactivity
Phytochemical,AFSDNFLWKVMVRB-UHFFFAOYSA-N,HAS_BIOACTIVITY,Bioactivity,BA_000863,has_bioactivity,Associated phytochemical has respective bioactivity
Phytochemical,AFSDNFLWKVMVRB-UHFFFAOYSA-N,HAS_BIOACTIVITY,Bioactivity,BA_000864,has_bioactivity,Associated phytochemical has respective bioactivity
Phytochemical,AFSDNFLWKVMVRB-UHFFFAOYSA-N,HAS_BIOACTIVITY,Bioactivity,BA_000256,has_bioactivity,Associated phytochemical has respective bioactivity
Phytochemical,AFSDNFLWKVMVRB-UHFFFAOYSA-N,HAS_BIOACTIVITY,Bioactivity,BA_000570,has_bioactivity,Associated phytochemical has respective bioactivity
Phytochemical,AFSDNFLWKVMVRB-UHFFFAOYSA-N,HAS_BIOACTIVITY,Bioactivity,BA_000865,has_bioactivity,Associated phytochemical has respective bioactivity
Phytochemical,AFSDNFLWKVMVRB-UHFFFAOYSA-N,HAS_BIOACTIVITY,Bioactivity,BA_000866,has_bioactivity,Associated phytochemical has respective bioactivity
Phytochemical,AFSDNFLWKVMVRB-UHFFFAOYSA-N,HAS_BIOACTIVITY,Bioactivity,BA_000867,has_bioactivity,Associated phytochemical has respective bioactivity
Phytochemical,AFSDNFLWKVMVRB-UHFFFAOYSA-N,HAS_BIOACTIVITY,Bioactivity,BA_000868,has_bioactivity,Associated phytochemical has respective bioactivity
Phytochemical,AFSDNFLWKVMVRB-UHFFFAOYSA-N,HAS_BIOACTIVITY,Bioactivity,BA_000869,has_bioactivity,Associated phytochemical has respective bioactivity
Phytochemical,AFSDNFLWKVMVRB-UHFFFAOYSA-N,HAS_BIOACTIVITY,Bioactivity,BA_000870,has_bioactivity,Associated phytochemical has respective bioactivity
Phytochemical,AFSDNFLWKVMVRB-UHFFFAOYSA-N,HAS_BIOACTIVITY,Bioactivity,BA_000871,has_bioactivity,Associated phytochemical has respective bioactivity
Phytochemical,AFSDNFLWKVMVRB-UHFFFAOYSA-N,HAS_BIOACTIVITY,Bioactivity,BA_000872,has_bioactivity,Associated phytochemical has respective bioactivity
Phytochemical,AFSDNFLWKVMVRB-UHFFFAOYSA-N,HAS_BIOACTIVITY,Bioactivity,BA_000873,has_bioactivity,Associated phytochemical has respective bioactivity
Phytochemical,AFSDNFLWKVMVRB-UHFFFAOYSA-N,HAS_BIOACTIVITY,Bioactivity,BA_000874,has_bioactivity,Associated phytochemical has respective bioactivity
Phytochemical,AFSDNFLWKVMVRB-UHFFFAOYSA-N,HAS_BIOACTIVITY,Bioactivity,BA_000875,has_bioactivity,Associated phytochemical has respective bioactivity
Phytochemical,AFSDNFLWKVMVRB-UHFFFAOYSA-N,HAS_BIOACTIVITY,Bioactivity,BA_000876,has_bioactivity,Associated phytochemical has respective bioactivity
Phytochemical,AFSDNFLWKVMVRB-UHFFFAOYSA-N,HAS_BIOACTIVITY,Bioactivity,BA_000877,has_bioactivity,Associated phytochemical has respective bioactivity
Phytochemical,AFSDNFLWKVMVRB-UHFFFAOYSA-N,HAS_BIOACTIVITY,Bioactivity,BA_000878,has_bioactivity,Associated phytochemical has respective bioactivity
Phytochemical,AFSDNFLWKVMVRB-UHFFFAOYSA-N,HAS_BIOACTIVITY,Bioactivity,BA_000879,has_bioactivity,Associated phytochemical has respective bioactivity
Phytochemical,AFSDNFLWKVMVRB-UHFFFAOYSA-N,HAS_BIOACTIVITY,Bioactivity,BA_000880,has_bioactivity,Associated phytochemical has respective bioactivity
Phytochemical,AFSDNFLWKVMVRB-UHFFFAOYSA-N,HAS_BIOACTIVITY,Bioactivity,BA_000881,has_bioactivity,Associated phytochemical has respective bioactivity
Phytochemical,AFSDNFLWKVMVRB-UHFFFAOYSA-N,HAS_BIOACTIVITY,Bioactivity,BA_000882,has_bioactivity,Associated phytochemical has respective bioactivity
Phytochemical,AFSDNFLWKVMVRB-UHFFFAOYSA-N,HAS_BIOACTIVITY,Bioactivity,BA_000883,has_bioactivity,Associated phytochemical has respective bioactivity
Phytochemical,AFSDNFLWKVMVRB-UHFFFAOYSA-N,HAS_BIOACTIVITY,Bioactivity,BA_000884,has_bioactivity,Associated phytochemical has respective bioactivity
Phytochemical,AFSDNFLWKVMVRB-UHFFFAOYSA-N,HAS_BIOACTIVITY,Bioactivity,BA_000885,has_bioactivity,Associated phytochemical has respective bioactivity
Phytochemical,AFSDNFLWKVMVRB-UHFFFAOYSA-N,HAS_BIOACTIVITY,Bioactivity,BA_000886,has_bioactivity,Associated phytochemical has respective bioactivity
Phytochemical,AFSDNFLWKVMVRB-UHFFFAOYSA-N,HAS_BIOACTIVITY,Bioactivity,BA_000887,has_bioactivity,Associated phytochemical has respective bioactivity
Phytochemical,AFSDNFLWKVMVRB-UHFFFAOYSA-N,HAS_BIOACTIVITY,Bioactivity,BA_000888,has_bioactivity,Associated phytochemical has respective bioactivity
Phytochemical,AFSDNFLWKVMVRB-UHFFFAOYSA-N,HAS_BIOACTIVITY,Bioactivity,BA_000889,has_bioactivity,Associated phytochemical has respective bioactivity
Phytochemical,AFSDNFLWKVMVRB-UHFFFAOYSA-N,HAS_BIOACTIVITY,Bioactivity,BA_000890,has_bioactivity,Associated phytochemical has respective bioactivity
Phytochemical,AFSDNFLWKVMVRB-UHFFFAOYSA-N,HAS_BIOACTIVITY,Bioactivity,BA_000891,has_bioactivity,Associated phytochemical has respective bioactivity
Phytochemical,AFSDNFLWKVMVRB-UHFFFAOYSA-N,HAS_BIOACTIVITY,Bioactivity,BA_000892,has_bioactivity,Associated phytochemical has respective bioactivity
Phytochemical,AFSDNFLWKVMVRB-UHFFFAOYSA-N,HAS_BIOACTIVITY,Bioactivity,BA_000893,has_bioactivity,Associated phytochemical has respective bioactivity
Phytochemical,AFSDNFLWKVMVRB-UHFFFAOYSA-N,HAS_BIOACTIVITY,Bioactivity,BA_000894,has_bioactivity,Associated phytochemical has respective bioactivity
Phytochemical,AFSDNFLWKVMVRB-UHFFFAOYSA-N,HAS_BIOACTIVITY,Bioactivity,BA_000895,has_bioactivity,Associated phytochemical has respective bioactivity
Phytochemical,AFSDNFLWKVMVRB-UHFFFAOYSA-N,HAS_BIOACTIVITY,Bioactivity,BA_000896,has_bioactivity,Associated phytochemical has respective bioactivity
Phytochemical,AFSDNFLWKVMVRB-UHFFFAOYSA-N,HAS_BIOACTIVITY,Bioactivity,BA_000897,has_bioactivity,Associated phytochemical has respective bioactivity
Phytochemical,AFSDNFLWKVMVRB-UHFFFAOYSA-N,HAS_BIOACTIVITY,Bioactivity,BA_000898,has_bioactivity,Associated phytochemical has respective bioactivity
Phytochemical,AFSDNFLWKVMVRB-UHFFFAOYSA-N,HAS_BIOACTIVITY,Bioactivity,BA_000899,has_bioactivity,Associated phytochemical has respective bioactivity
Phytochemical,AFSDNFLWKVMVRB-UHFFFAOYSA-N,HAS_BIOACTIVITY,Bioactivity,BA_000900,has_bioactivity,Associated phytochemical has respective bioactivity
Phytochemical,AFSDNFLWKVMVRB-UHFFFAOYSA-N,HAS_BIOACTIVITY,Bioactivity,BA_000901,has_bioactivity,Associated phytochemical has respective bioactivity
Phytochemical,AFSDNFLWKVMVRB-UHFFFAOYSA-N,HAS_BIOACTIVITY,Bioactivity,BA_000902,has_bioactivity,Associated phytochemical has respective bioactivity
Phytochemical,AFSDNFLWKVMVRB-UHFFFAOYSA-N,HAS_BIOACTIVITY,Bioactivity,BA_000903,has_bioactivity,Associated phytochemical has respective bioactivity
Phytochemical,AFSDNFLWKVMVRB-UHFFFAOYSA-N,HAS_BIOACTIVITY,Bioactivity,BA_000904,has_bioactivity,Associated phytochemical has respective bioactivity
Phytochemical,AFSDNFLWKVMVRB-UHFFFAOYSA-N,HAS_BIOACTIVITY,Bioactivity,BA_000905,has_bioactivity,Associated phytochemical has respective bioactivity
Phytochemical,AFSDNFLWKVMVRB-UHFFFAOYSA-N,HAS_BIOACTIVITY,Bioactivity,BA_000906,has_bioactivity,Associated phytochemical has respective bioactivity
Phytochemical,AFSDNFLWKVMVRB-UHFFFAOYSA-N,HAS_BIOACTIVITY,Bioactivity,BA_000907,has_bioactivity,Associated phytochemical has respective bioactivity
Phytochemical,AFSDNFLWKVMVRB-UHFFFAOYSA-N,HAS_BIOACTIVITY,Bioactivity,BA_000908,has_bioactivity,Associated phytochemical has respective bioactivity
Phytochemical,AFSDNFLWKVMVRB-UHFFFAOYSA-N,HAS_BIOACTIVITY,Bioactivity,BA_000909,has_bioactivity,Associated phytochemical has respective bioactivity
Phytochemical,AFSDNFLWKVMVRB-UHFFFAOYSA-N,HAS_BIOACTIVITY,Bioactivity,BA_000910,has_bioactivity,Associated phytochemical has respective bioactivity
Phytochemical,AFSDNFLWKVMVRB-UHFFFAOYSA-N,HAS_BIOACTIVITY,Bioactivity,BA_000911,has_bioactivity,Associated phytochemical has respective bioactivity
Phytochemical,AFSDNFLWKVMVRB-UHFFFAOYSA-N,HAS_BIOACTIVITY,Bioactivity,BA_000912,has_bioactivity,Associated phytochemical has respective bioactivity
Phytochemical,AFSDNFLWKVMVRB-UHFFFAOYSA-N,HAS_BIOACTIVITY,Bioactivity,BA_000913,has_bioactivity,Associated phytochemical has respective bioactivity
Phytochemical,AFSDNFLWKVMVRB-UHFFFAOYSA-N,HAS_BIOACTIVITY,Bioactivity,BA_000914,has_bioactivity,Associated phytochemical has respective bioactivity
Phytochemical,AFSDNFLWKVMVRB-UHFFFAOYSA-N,HAS_BIOACTIVITY,Bioactivity,BA_000915,has_bioactivity,Associated phytochemical has respective bioactivity
Phytochemical,AFSDNFLWKVMVRB-UHFFFAOYSA-N,HAS_BIOACTIVITY,Bioactivity,BA_000916,has_bioactivity,Associated phytochemical has respective bioactivity
Phytochemical,AFSDNFLWKVMVRB-UHFFFAOYSA-N,HAS_BIOACTIVITY,Bioactivity,BA_000917,has_bioactivity,Associated phytochemical has respective bioactivity
Phytochemical,AFSDNFLWKVMVRB-UHFFFAOYSA-N,HAS_BIOACTIVITY,Bioactivity,BA_000918,has_bioactivity,Associated phytochemical has respective bioactivity
Phytochemical,AFSDNFLWKVMVRB-UHFFFAOYSA-N,HAS_BIOACTIVITY,Bioactivity,BA_000919,has_bioactivity,Associated phytochemical has respective bioactivity
Phytochemical,AFSDNFLWKVMVRB-UHFFFAOYSA-N,HAS_BIOACTIVITY,Bioactivity,BA_000920,has_bioactivity,Associated phytochemical has respective bioactivity
Phytochemical,AFSDNFLWKVMVRB-UHFFFAOYSA-N,HAS_BIOACTIVITY,Bioactivity,BA_000921,has_bioactivity,Associated phytochemical has respective bioactivity
Phytochemical,JXOHGGNKMLTUBP-HSUXUTPPSA-N,HAS_BIOACTIVITY,Bioactivity,BA_000922,has_bioactivity,Associated phytochemical has respective bioactivity
Phytochemical,JXOHGGNKMLTUBP-HSUXUTPPSA-N,HAS_BIOACTIVITY,Bioactivity,BA_000923,has_bioactivity,Associated phytochemical has respective bioactivity
Phytochemical,JXOHGGNKMLTUBP-HSUXUTPPSA-N,HAS_BIOACTIVITY,Bioactivity,BA_000924,has_bioactivity,Associated phytochemical has respective bioactivity
Phytochemical,HGJXAVROWQLCTP-YABCKIEDSA-N,HAS_BIOACTIVITY,Bioactivity,BA_000925,has_bioactivity,Associated phytochemical has respective bioactivity
Phytochemical,HGJXAVROWQLCTP-YABCKIEDSA-N,HAS_BIOACTIVITY,Bioactivity,BA_000926,has_bioactivity,Associated phytochemical has respective bioactivity
Phytochemical,TUSDEZXZIZRFGC-XIGLUPEJSA-N,HAS_BIOACTIVITY,Bioactivity,BA_000927,has_bioactivity,Associated phytochemical has respective bioactivity
Phytochemical,TUSDEZXZIZRFGC-XIGLUPEJSA-N,HAS_BIOACTIVITY,Bioactivity,BA_000928,has_bioactivity,Associated phytochemical has respective bioactivity
Phytochemical,HYBBIBNJHNGZAN-UHFFFAOYSA-N,HAS_BIOACTIVITY,Bioactivity,BA_000929,has_bioactivity,Associated phytochemical has respective bioactivity
Phytochemical,HYBBIBNJHNGZAN-UHFFFAOYSA-N,HAS_BIOACTIVITY,Bioactivity,BA_000930,has_bioactivity,Associated phytochemical has respective bioactivity
Phytochemical,AUNGANRZJHBGPY-SCRDCRAPSA-N,HAS_BIOACTIVITY,Bioactivity,BA_000931,has_bioactivity,Associated phytochemical has respective bioactivity
Phytochemical,AUNGANRZJHBGPY-SCRDCRAPSA-N,HAS_BIOACTIVITY,Bioactivity,BA_000932,has_bioactivity,Associated phytochemical has respective bioactivity
Phytochemical,AUNGANRZJHBGPY-SCRDCRAPSA-N,HAS_BIOACTIVITY,Bioactivity,BA_000210,has_bioactivity,Associated phytochemical has respective bioactivity
Phytochemical,AUNGANRZJHBGPY-SCRDCRAPSA-N,HAS_BIOACTIVITY,Bioactivity,BA_000933,has_bioactivity,Associated phytochemical has respective bioactivity
Phytochemical,AUNGANRZJHBGPY-SCRDCRAPSA-N,HAS_BIOACTIVITY,Bioactivity,BA_000040,has_bioactivity,Associated phytochemical has respective bioactivity
Phytochemical,AUNGANRZJHBGPY-SCRDCRAPSA-N,HAS_BIOACTIVITY,Bioactivity,BA_000156,has_bioactivity,Associated phytochemical has respective bioactivity
Phytochemical,AUNGANRZJHBGPY-SCRDCRAPSA-N,HAS_BIOACTIVITY,Bioactivity,BA_000124,has_bioactivity,Associated phytochemical has respective bioactivity
Phytochemical,AUNGANRZJHBGPY-SCRDCRAPSA-N,HAS_BIOACTIVITY,Bioactivity,BA_000054,has_bioactivity,Associated phytochemical has respective bioactivity
Phytochemical,AUNGANRZJHBGPY-SCRDCRAPSA-N,HAS_BIOACTIVITY,Bioactivity,BA_000934,has_bioactivity,Associated phytochemical has respective bioactivity
Phytochemical,AUNGANRZJHBGPY-SCRDCRAPSA-N,HAS_BIOACTIVITY,Bioactivity,BA_000935,has_bioactivity,Associated phytochemical has respective bioactivity
Phytochemical,AUNGANRZJHBGPY-SCRDCRAPSA-N,HAS_BIOACTIVITY,Bioactivity,BA_000936,has_bioactivity,Associated phytochemical has respective bioactivity
Phytochemical,AUNGANRZJHBGPY-SCRDCRAPSA-N,HAS_BIOACTIVITY,Bioactivity,BA_000937,has_bioactivity,Associated phytochemical has respective bioactivity
Phytochemical,AUNGANRZJHBGPY-SCRDCRAPSA-N,HAS_BIOACTIVITY,Bioactivity,BA_000938,has_bioactivity,Associated phytochemical has respective bioactivity
Phytochemical,QGJZLNKBHJESQX-FZFNOLFKSA-N,HAS_BIOACTIVITY,Bioactivity,BA_000939,has_bioactivity,Associated phytochemical has respective bioactivity
Phytochemical,QGJZLNKBHJESQX-FZFNOLFKSA-N,HAS_BIOACTIVITY,Bioactivity,BA_000001,has_bioactivity,Associated phytochemical has respective bioactivity
Phytochemical,QGJZLNKBHJESQX-FZFNOLFKSA-N,HAS_BIOACTIVITY,Bioactivity,BA_000940,has_bioactivity,Associated phytochemical has respective bioactivity
Phytochemical,QGJZLNKBHJESQX-FZFNOLFKSA-N,HAS_BIOACTIVITY,Bioactivity,BA_000941,has_bioactivity,Associated phytochemical has respective bioactivity
Phytochemical,QGJZLNKBHJESQX-FZFNOLFKSA-N,HAS_BIOACTIVITY,Bioactivity,BA_000942,has_bioactivity,Associated phytochemical has respective bioactivity
Phytochemical,QGJZLNKBHJESQX-FZFNOLFKSA-N,HAS_BIOACTIVITY,Bioactivity,BA_000943,has_bioactivity,Associated phytochemical has respective bioactivity
Phytochemical,QGJZLNKBHJESQX-FZFNOLFKSA-N,HAS_BIOACTIVITY,Bioactivity,BA_000944,has_bioactivity,Associated phytochemical has respective bioactivity
Phytochemical,QGJZLNKBHJESQX-FZFNOLFKSA-N,HAS_BIOACTIVITY,Bioactivity,BA_000572,has_bioactivity,Associated phytochemical has respective bioactivity
Phytochemical,QGJZLNKBHJESQX-FZFNOLFKSA-N,HAS_BIOACTIVITY,Bioactivity,BA_000945,has_bioactivity,Associated phytochemical has respective bioactivity
Phytochemical,QGJZLNKBHJESQX-FZFNOLFKSA-N,HAS_BIOACTIVITY,Bioactivity,BA_000946,has_bioactivity,Associated phytochemical has respective bioactivity
Phytochemical,QGJZLNKBHJESQX-FZFNOLFKSA-N,HAS_BIOACTIVITY,Bioactivity,BA_000947,has_bioactivity,Associated phytochemical has respective bioactivity
Phytochemical,QGJZLNKBHJESQX-FZFNOLFKSA-N,HAS_BIOACTIVITY,Bioactivity,BA_000615,has_bioactivity,Associated phytochemical has respective bioactivity
Phytochemical,QGJZLNKBHJESQX-FZFNOLFKSA-N,HAS_BIOACTIVITY,Bioactivity,BA_000948,has_bioactivity,Associated phytochemical has respective bioactivity
Phytochemical,QGJZLNKBHJESQX-FZFNOLFKSA-N,HAS_BIOACTIVITY,Bioactivity,BA_000496,has_bioactivity,Associated phytochemical has respective bioactivity
Phytochemical,QGJZLNKBHJESQX-FZFNOLFKSA-N,HAS_BIOACTIVITY,Bioactivity,BA_000949,has_bioactivity,Associated phytochemical has respective bioactivity
Phytochemical,QGJZLNKBHJESQX-FZFNOLFKSA-N,HAS_BIOACTIVITY,Bioactivity,BA_000950,has_bioactivity,Associated phytochemical has respective bioactivity
Phytochemical,QGJZLNKBHJESQX-FZFNOLFKSA-N,HAS_BIOACTIVITY,Bioactivity,BA_000951,has_bioactivity,Associated phytochemical has respective bioactivity
Phytochemical,QGJZLNKBHJESQX-FZFNOLFKSA-N,HAS_BIOACTIVITY,Bioactivity,BA_000952,has_bioactivity,Associated phytochemical has respective bioactivity
Phytochemical,QGJZLNKBHJESQX-FZFNOLFKSA-N,HAS_BIOACTIVITY,Bioactivity,BA_000953,has_bioactivity,Associated phytochemical has respective bioactivity
Phytochemical,ZZPIXEJZTXAVCX-UHFFFAOYSA-N,HAS_BIOACTIVITY,Bioactivity,BA_000494,has_bioactivity,Associated phytochemical has respective bioactivity
Phytochemical,ZZPIXEJZTXAVCX-UHFFFAOYSA-N,HAS_BIOACTIVITY,Bioactivity,BA_000954,has_bioactivity,Associated phytochemical has respective bioactivity
Phytochemical,LRHPLDYGYMQRHN-UHFFFAOYSA-N,HAS_BIOACTIVITY,Bioactivity,BA_000284,has_bioactivity,Associated phytochemical has respective bioactivity
Phytochemical,KBPLFHHGFOOTCA-UHFFFAOYSA-N,HAS_BIOACTIVITY,Bioactivity,BA_000924,has_bioactivity,Associated phytochemical has respective bioactivity
Phytochemical,WRMNZCZEMHIOCP-UHFFFAOYSA-N,HAS_BIOACTIVITY,Bioactivity,BA_000955,has_bioactivity,Associated phytochemical has respective bioactivity
Phytochemical,VAJVDSVGBWFCLW-UHFFFAOYSA-N,HAS_BIOACTIVITY,Bioactivity,BA_000956,has_bioactivity,Associated phytochemical has respective bioactivity
Phytochemical,KRGDFVQWQJIMEK-RMKNXTFCSA-N,HAS_BIOACTIVITY,Bioactivity,BA_000957,has_bioactivity,Associated phytochemical has respective bioactivity
Phytochemical,HUMNYLRZRPPJDN-UHFFFAOYSA-N,HAS_BIOACTIVITY,Bioactivity,BA_000958,has_bioactivity,Associated phytochemical has respective bioactivity
Phytochemical,HUMNYLRZRPPJDN-UHFFFAOYSA-N,HAS_BIOACTIVITY,Bioactivity,BA_000959,has_bioactivity,Associated phytochemical has respective bioactivity
Phytochemical,HUMNYLRZRPPJDN-UHFFFAOYSA-N,HAS_BIOACTIVITY,Bioactivity,BA_000960,has_bioactivity,Associated phytochemical has respective bioactivity
Phytochemical,SBHXYTNGIZCORC-ZDUSSCGKSA-N,HAS_BIOACTIVITY,Bioactivity,BA_000961,has_bioactivity,Associated phytochemical has respective bioactivity
Phytochemical,SBHXYTNGIZCORC-ZDUSSCGKSA-N,HAS_BIOACTIVITY,Bioactivity,BA_000962,has_bioactivity,Associated phytochemical has respective bioactivity
Phytochemical,SBHXYTNGIZCORC-ZDUSSCGKSA-N,HAS_BIOACTIVITY,Bioactivity,BA_000963,has_bioactivity,Associated phytochemical has respective bioactivity
Phytochemical,SBHXYTNGIZCORC-ZDUSSCGKSA-N,HAS_BIOACTIVITY,Bioactivity,BA_000964,has_bioactivity,Associated phytochemical has respective bioactivity
Phytochemical,SBHXYTNGIZCORC-ZDUSSCGKSA-N,HAS_BIOACTIVITY,Bioactivity,BA_000965,has_bioactivity,Associated phytochemical has respective bioactivity
Phytochemical,SBHXYTNGIZCORC-ZDUSSCGKSA-N,HAS_BIOACTIVITY,Bioactivity,BA_000966,has_bioactivity,Associated phytochemical has respective bioactivity
Phytochemical,SBHXYTNGIZCORC-ZDUSSCGKSA-N,HAS_BIOACTIVITY,Bioactivity,BA_000967,has_bioactivity,Associated phytochemical has respective bioactivity
Phytochemical,SBHXYTNGIZCORC-ZDUSSCGKSA-N,HAS_BIOACTIVITY,Bioactivity,BA_000968,has_bioactivity,Associated phytochemical has respective bioactivity
Phytochemical,MLFHJEHSLIIPHL-UHFFFAOYSA-N,HAS_BIOACTIVITY,Bioactivity,BA_000969,has_bioactivity,Associated phytochemical has respective bioactivity
Phytochemical,ZXEKIIBDNHEJCQ-UHFFFAOYSA-N,HAS_BIOACTIVITY,Bioactivity,BA_000359,has_bioactivity,Associated phytochemical has respective bioactivity
Phytochemical,WWZKQHOCKIZLMA-UHFFFAOYSA-N,HAS_BIOACTIVITY,Bioactivity,BA_000970,has_bioactivity,Associated phytochemical has respective bioactivity
Phytochemical,WWZKQHOCKIZLMA-UHFFFAOYSA-N,HAS_BIOACTIVITY,Bioactivity,BA_000971,has_bioactivity,Associated phytochemical has respective bioactivity
Phytochemical,WWZKQHOCKIZLMA-UHFFFAOYSA-N,HAS_BIOACTIVITY,Bioactivity,BA_000972,has_bioactivity,Associated phytochemical has respective bioactivity
Phytochemical,WWZKQHOCKIZLMA-UHFFFAOYSA-N,HAS_BIOACTIVITY,Bioactivity,BA_000973,has_bioactivity,Associated phytochemical has respective bioactivity
Phytochemical,WWZKQHOCKIZLMA-UHFFFAOYSA-N,HAS_BIOACTIVITY,Bioactivity,BA_000974,has_bioactivity,Associated phytochemical has respective bioactivity
Phytochemical,WWZKQHOCKIZLMA-UHFFFAOYSA-N,HAS_BIOACTIVITY,Bioactivity,BA_000975,has_bioactivity,Associated phytochemical has respective bioactivity
Phytochemical,WWZKQHOCKIZLMA-UHFFFAOYSA-N,HAS_BIOACTIVITY,Bioactivity,BA_000976,has_bioactivity,Associated phytochemical has respective bioactivity
Phytochemical,NQPDZGIKBAWPEJ-UHFFFAOYSA-N,HAS_BIOACTIVITY,Bioactivity,BA_000977,has_bioactivity,Associated phytochemical has respective bioactivity
Phytochemical,OENHQHLEOONYIE-JLTXGRSLSA-N,HAS_BIOACTIVITY,Bioactivity,BA_000978,has_bioactivity,Associated phytochemical has respective bioactivity
Phytochemical,OENHQHLEOONYIE-JLTXGRSLSA-N,HAS_BIOACTIVITY,Bioactivity,BA_000979,has_bioactivity,Associated phytochemical has respective bioactivity
Phytochemical,OENHQHLEOONYIE-JLTXGRSLSA-N,HAS_BIOACTIVITY,Bioactivity,BA_000980,has_bioactivity,Associated phytochemical has respective bioactivity
Phytochemical,OENHQHLEOONYIE-JLTXGRSLSA-N,HAS_BIOACTIVITY,Bioactivity,BA_000981,has_bioactivity,Associated phytochemical has respective bioactivity
Phytochemical,OENHQHLEOONYIE-JLTXGRSLSA-N,HAS_BIOACTIVITY,Bioactivity,BA_000982,has_bioactivity,Associated phytochemical has respective bioactivity
Phytochemical,OENHQHLEOONYIE-JLTXGRSLSA-N,HAS_BIOACTIVITY,Bioactivity,BA_000983,has_bioactivity,Associated phytochemical has respective bioactivity
Phytochemical,FVWJYYTZTCVBKE-ROUWMTJPSA-N,HAS_BIOACTIVITY,Bioactivity,BA_000001,has_bioactivity,Associated phytochemical has respective bioactivity
Phytochemical,FVWJYYTZTCVBKE-ROUWMTJPSA-N,HAS_BIOACTIVITY,Bioactivity,BA_000984,has_bioactivity,Associated phytochemical has respective bioactivity
Phytochemical,FVWJYYTZTCVBKE-ROUWMTJPSA-N,HAS_BIOACTIVITY,Bioactivity,BA_000985,has_bioactivity,Associated phytochemical has respective bioactivity
Phytochemical,WCGUUGGRBIKTOS-GPOJBZKASA-N,HAS_BIOACTIVITY,Bioactivity,BA_000986,has_bioactivity,Associated phytochemical has respective bioactivity
Phytochemical,WCGUUGGRBIKTOS-GPOJBZKASA-N,HAS_BIOACTIVITY,Bioactivity,BA_000987,has_bioactivity,Associated phytochemical has respective bioactivity
Phytochemical,WCGUUGGRBIKTOS-GPOJBZKASA-N,HAS_BIOACTIVITY,Bioactivity,BA_000988,has_bioactivity,Associated phytochemical has respective bioactivity
Phytochemical,WCGUUGGRBIKTOS-GPOJBZKASA-N,HAS_BIOACTIVITY,Bioactivity,BA_000989,has_bioactivity,Associated phytochemical has respective bioactivity
Phytochemical,WCGUUGGRBIKTOS-GPOJBZKASA-N,HAS_BIOACTIVITY,Bioactivity,BA_000990,has_bioactivity,Associated phytochemical has respective bioactivity
Phytochemical,WCGUUGGRBIKTOS-GPOJBZKASA-N,HAS_BIOACTIVITY,Bioactivity,BA_000991,has_bioactivity,Associated phytochemical has respective bioactivity
Phytochemical,WCGUUGGRBIKTOS-GPOJBZKASA-N,HAS_BIOACTIVITY,Bioactivity,BA_000001,has_bioactivity,Associated phytochemical has respective bioactivity
Phytochemical,WCGUUGGRBIKTOS-GPOJBZKASA-N,HAS_BIOACTIVITY,Bioactivity,BA_000992,has_bioactivity,Associated phytochemical has respective bioactivity
Phytochemical,WCGUUGGRBIKTOS-GPOJBZKASA-N,HAS_BIOACTIVITY,Bioactivity,BA_000993,has_bioactivity,Associated phytochemical has respective bioactivity
Phytochemical,WCGUUGGRBIKTOS-GPOJBZKASA-N,HAS_BIOACTIVITY,Bioactivity,BA_000994,has_bioactivity,Associated phytochemical has respective bioactivity
Phytochemical,WCGUUGGRBIKTOS-GPOJBZKASA-N,HAS_BIOACTIVITY,Bioactivity,BA_000995,has_bioactivity,Associated phytochemical has respective bioactivity
Phytochemical,WCGUUGGRBIKTOS-GPOJBZKASA-N,HAS_BIOACTIVITY,Bioactivity,BA_000996,has_bioactivity,Associated phytochemical has respective bioactivity
Phytochemical,WCGUUGGRBIKTOS-GPOJBZKASA-N,HAS_BIOACTIVITY,Bioactivity,BA_000997,has_bioactivity,Associated phytochemical has respective bioactivity
Phytochemical,WCGUUGGRBIKTOS-GPOJBZKASA-N,HAS_BIOACTIVITY,Bioactivity,BA_000998,has_bioactivity,Associated phytochemical has respective bioactivity
Phytochemical,WCGUUGGRBIKTOS-GPOJBZKASA-N,HAS_BIOACTIVITY,Bioactivity,BA_000999,has_bioactivity,Associated phytochemical has respective bioactivity
Phytochemical,WCGUUGGRBIKTOS-GPOJBZKASA-N,HAS_BIOACTIVITY,Bioactivity,BA_001000,has_bioactivity,Associated phytochemical has respective bioactivity
Phytochemical,WCGUUGGRBIKTOS-GPOJBZKASA-N,HAS_BIOACTIVITY,Bioactivity,BA_001001,has_bioactivity,Associated phytochemical has respective bioactivity
Phytochemical,WCGUUGGRBIKTOS-GPOJBZKASA-N,HAS_BIOACTIVITY,Bioactivity,BA_001002,has_bioactivity,Associated phytochemical has respective bioactivity
Phytochemical,WCGUUGGRBIKTOS-GPOJBZKASA-N,HAS_BIOACTIVITY,Bioactivity,BA_001003,has_bioactivity,Associated phytochemical has respective bioactivity
Phytochemical,WCGUUGGRBIKTOS-GPOJBZKASA-N,HAS_BIOACTIVITY,Bioactivity,BA_001004,has_bioactivity,Associated phytochemical has respective bioactivity
Phytochemical,WCGUUGGRBIKTOS-GPOJBZKASA-N,HAS_BIOACTIVITY,Bioactivity,BA_001005,has_bioactivity,Associated phytochemical has respective bioactivity
Phytochemical,WCGUUGGRBIKTOS-GPOJBZKASA-N,HAS_BIOACTIVITY,Bioactivity,BA_001006,has_bioactivity,Associated phytochemical has respective bioactivity
Phytochemical,WCGUUGGRBIKTOS-GPOJBZKASA-N,HAS_BIOACTIVITY,Bioactivity,BA_000682,has_bioactivity,Associated phytochemical has respective bioactivity
Phytochemical,WCGUUGGRBIKTOS-GPOJBZKASA-N,HAS_BIOACTIVITY,Bioactivity,BA_001007,has_bioactivity,Associated phytochemical has respective bioactivity
Phytochemical,WCGUUGGRBIKTOS-GPOJBZKASA-N,HAS_BIOACTIVITY,Bioactivity,BA_001008,has_bioactivity,Associated phytochemical has respective bioactivity
Phytochemical,WCGUUGGRBIKTOS-GPOJBZKASA-N,HAS_BIOACTIVITY,Bioactivity,BA_001009,has_bioactivity,Associated phytochemical has respective bioactivity
Phytochemical,WCGUUGGRBIKTOS-GPOJBZKASA-N,HAS_BIOACTIVITY,Bioactivity,BA_001010,has_bioactivity,Associated phytochemical has respective bioactivity
Phytochemical,WCGUUGGRBIKTOS-GPOJBZKASA-N,HAS_BIOACTIVITY,Bioactivity,BA_001011,has_bioactivity,Associated phytochemical has respective bioactivity
Phytochemical,WCGUUGGRBIKTOS-GPOJBZKASA-N,HAS_BIOACTIVITY,Bioactivity,BA_001012,has_bioactivity,Associated phytochemical has respective bioactivity
Phytochemical,WCGUUGGRBIKTOS-GPOJBZKASA-N,HAS_BIOACTIVITY,Bioactivity,BA_001013,has_bioactivity,Associated phytochemical has respective bioactivity
Phytochemical,WCGUUGGRBIKTOS-GPOJBZKASA-N,HAS_BIOACTIVITY,Bioactivity,BA_001014,has_bioactivity,Associated phytochemical has respective bioactivity
Phytochemical,WCGUUGGRBIKTOS-GPOJBZKASA-N,HAS_BIOACTIVITY,Bioactivity,BA_001015,has_bioactivity,Associated phytochemical has respective bioactivity
Phytochemical,WCGUUGGRBIKTOS-GPOJBZKASA-N,HAS_BIOACTIVITY,Bioactivity,BA_001016,has_bioactivity,Associated phytochemical has respective bioactivity
Phytochemical,WCGUUGGRBIKTOS-GPOJBZKASA-N,HAS_BIOACTIVITY,Bioactivity,BA_001017,has_bioactivity,Associated phytochemical has respective bioactivity
Phytochemical,WCGUUGGRBIKTOS-GPOJBZKASA-N,HAS_BIOACTIVITY,Bioactivity,BA_001018,has_bioactivity,Associated phytochemical has respective bioactivity
Phytochemical,WCGUUGGRBIKTOS-GPOJBZKASA-N,HAS_BIOACTIVITY,Bioactivity,BA_001019,has_bioactivity,Associated phytochemical has respective bioactivity
Phytochemical,WCGUUGGRBIKTOS-GPOJBZKASA-N,HAS_BIOACTIVITY,Bioactivity,BA_001020,has_bioactivity,Associated phytochemical has respective bioactivity
Phytochemical,WCGUUGGRBIKTOS-GPOJBZKASA-N,HAS_BIOACTIVITY,Bioactivity,BA_001021,has_bioactivity,Associated phytochemical has respective bioactivity
Phytochemical,WCGUUGGRBIKTOS-GPOJBZKASA-N,HAS_BIOACTIVITY,Bioactivity,BA_001022,has_bioactivity,Associated phytochemical has respective bioactivity
Phytochemical,WCGUUGGRBIKTOS-GPOJBZKASA-N,HAS_BIOACTIVITY,Bioactivity,BA_001023,has_bioactivity,Associated phytochemical has respective bioactivity
Phytochemical,WCGUUGGRBIKTOS-GPOJBZKASA-N,HAS_BIOACTIVITY,Bioactivity,BA_001024,has_bioactivity,Associated phytochemical has respective bioactivity
Phytochemical,WCGUUGGRBIKTOS-GPOJBZKASA-N,HAS_BIOACTIVITY,Bioactivity,BA_000665,has_bioactivity,Associated phytochemical has respective bioactivity
Phytochemical,WCGUUGGRBIKTOS-GPOJBZKASA-N,HAS_BIOACTIVITY,Bioactivity,BA_001025,has_bioactivity,Associated phytochemical has respective bioactivity
Phytochemical,WCGUUGGRBIKTOS-GPOJBZKASA-N,HAS_BIOACTIVITY,Bioactivity,BA_001026,has_bioactivity,Associated phytochemical has respective bioactivity
Phytochemical,WCGUUGGRBIKTOS-GPOJBZKASA-N,HAS_BIOACTIVITY,Bioactivity,BA_001027,has_bioactivity,Associated phytochemical has respective bioactivity
Phytochemical,WCGUUGGRBIKTOS-GPOJBZKASA-N,HAS_BIOACTIVITY,Bioactivity,BA_001028,has_bioactivity,Associated phytochemical has respective bioactivity
Phytochemical,WCGUUGGRBIKTOS-GPOJBZKASA-N,HAS_BIOACTIVITY,Bioactivity,BA_001029,has_bioactivity,Associated phytochemical has respective bioactivity
Phytochemical,WCGUUGGRBIKTOS-GPOJBZKASA-N,HAS_BIOACTIVITY,Bioactivity,BA_001030,has_bioactivity,Associated phytochemical has respective bioactivity
Phytochemical,WCGUUGGRBIKTOS-GPOJBZKASA-N,HAS_BIOACTIVITY,Bioactivity,BA_001031,has_bioactivity,Associated phytochemical has respective bioactivity
Phytochemical,WCGUUGGRBIKTOS-GPOJBZKASA-N,HAS_BIOACTIVITY,Bioactivity,BA_001032,has_bioactivity,Associated phytochemical has respective bioactivity
Phytochemical,WCGUUGGRBIKTOS-GPOJBZKASA-N,HAS_BIOACTIVITY,Bioactivity,BA_001033,has_bioactivity,Associated phytochemical has respective bioactivity
Phytochemical,WCGUUGGRBIKTOS-GPOJBZKASA-N,HAS_BIOACTIVITY,Bioactivity,BA_001034,has_bioactivity,Associated phytochemical has respective bioactivity
Phytochemical,WBHHMMIMDMUBKC-QJWNTBNXSA-N,HAS_BIOACTIVITY,Bioactivity,BA_001035,has_bioactivity,Associated phytochemical has respective bioactivity
Phytochemical,YXOLAZRVSSWPPT-UHFFFAOYSA-N,HAS_BIOACTIVITY,Bioactivity,BA_001036,has_bioactivity,Associated phytochemical has respective bioactivity
Phytochemical,YXOLAZRVSSWPPT-UHFFFAOYSA-N,HAS_BIOACTIVITY,Bioactivity,BA_001037,has_bioactivity,Associated phytochemical has respective bioactivity
Phytochemical,YXOLAZRVSSWPPT-UHFFFAOYSA-N,HAS_BIOACTIVITY,Bioactivity,BA_001038,has_bioactivity,Associated phytochemical has respective bioactivity
Phytochemical,YXOLAZRVSSWPPT-UHFFFAOYSA-N,HAS_BIOACTIVITY,Bioactivity,BA_001039,has_bioactivity,Associated phytochemical has respective bioactivity
Phytochemical,YXOLAZRVSSWPPT-UHFFFAOYSA-N,HAS_BIOACTIVITY,Bioactivity,BA_000214,has_bioactivity,Associated phytochemical has respective bioactivity
Phytochemical,YXOLAZRVSSWPPT-UHFFFAOYSA-N,HAS_BIOACTIVITY,Bioactivity,BA_001040,has_bioactivity,Associated phytochemical has respective bioactivity
Phytochemical,YXOLAZRVSSWPPT-UHFFFAOYSA-N,HAS_BIOACTIVITY,Bioactivity,BA_001041,has_bioactivity,Associated phytochemical has respective bioactivity
Phytochemical,YXOLAZRVSSWPPT-UHFFFAOYSA-N,HAS_BIOACTIVITY,Bioactivity,BA_001042,has_bioactivity,Associated phytochemical has respective bioactivity
Phytochemical,YXOLAZRVSSWPPT-UHFFFAOYSA-N,HAS_BIOACTIVITY,Bioactivity,BA_001043,has_bioactivity,Associated phytochemical has respective bioactivity
Phytochemical,YXOLAZRVSSWPPT-UHFFFAOYSA-N,HAS_BIOACTIVITY,Bioactivity,BA_001044,has_bioactivity,Associated phytochemical has respective bioactivity
Phytochemical,YXOLAZRVSSWPPT-UHFFFAOYSA-N,HAS_BIOACTIVITY,Bioactivity,BA_000057,has_bioactivity,Associated phytochemical has respective bioactivity
Phytochemical,YXOLAZRVSSWPPT-UHFFFAOYSA-N,HAS_BIOACTIVITY,Bioactivity,BA_000408,has_bioactivity,Associated phytochemical has respective bioactivity
Phytochemical,YXOLAZRVSSWPPT-UHFFFAOYSA-N,HAS_BIOACTIVITY,Bioactivity,BA_000387,has_bioactivity,Associated phytochemical has respective bioactivity
Phytochemical,YXOLAZRVSSWPPT-UHFFFAOYSA-N,HAS_BIOACTIVITY,Bioactivity,BA_001045,has_bioactivity,Associated phytochemical has respective bioactivity
Phytochemical,YXOLAZRVSSWPPT-UHFFFAOYSA-N,HAS_BIOACTIVITY,Bioactivity,BA_001046,has_bioactivity,Associated phytochemical has respective bioactivity
Phytochemical,YXOLAZRVSSWPPT-UHFFFAOYSA-N,HAS_BIOACTIVITY,Bioactivity,BA_000234,has_bioactivity,Associated phytochemical has respective bioactivity
Phytochemical,YXOLAZRVSSWPPT-UHFFFAOYSA-N,HAS_BIOACTIVITY,Bioactivity,BA_001047,has_bioactivity,Associated phytochemical has respective bioactivity
Phytochemical,YXOLAZRVSSWPPT-UHFFFAOYSA-N,HAS_BIOACTIVITY,Bioactivity,BA_001048,has_bioactivity,Associated phytochemical has respective bioactivity
Phytochemical,YXOLAZRVSSWPPT-UHFFFAOYSA-N,HAS_BIOACTIVITY,Bioactivity,BA_001049,has_bioactivity,Associated phytochemical has respective bioactivity
Phytochemical,YXOLAZRVSSWPPT-UHFFFAOYSA-N,HAS_BIOACTIVITY,Bioactivity,BA_000423,has_bioactivity,Associated phytochemical has respective bioactivity
Phytochemical,YXOLAZRVSSWPPT-UHFFFAOYSA-N,HAS_BIOACTIVITY,Bioactivity,BA_000779,has_bioactivity,Associated phytochemical has respective bioactivity
Phytochemical,YXOLAZRVSSWPPT-UHFFFAOYSA-N,HAS_BIOACTIVITY,Bioactivity,BA_001050,has_bioactivity,Associated phytochemical has respective bioactivity
Phytochemical,YXOLAZRVSSWPPT-UHFFFAOYSA-N,HAS_BIOACTIVITY,Bioactivity,BA_000780,has_bioactivity,Associated phytochemical has respective bioactivity
Phytochemical,YXOLAZRVSSWPPT-UHFFFAOYSA-N,HAS_BIOACTIVITY,Bioactivity,BA_001051,has_bioactivity,Associated phytochemical has respective bioactivity
Phytochemical,YXOLAZRVSSWPPT-UHFFFAOYSA-N,HAS_BIOACTIVITY,Bioactivity,BA_001052,has_bioactivity,Associated phytochemical has respective bioactivity
Phytochemical,YXOLAZRVSSWPPT-UHFFFAOYSA-N,HAS_BIOACTIVITY,Bioactivity,BA_001053,has_bioactivity,Associated phytochemical has respective bioactivity
Phytochemical,YXOLAZRVSSWPPT-UHFFFAOYSA-N,HAS_BIOACTIVITY,Bioactivity,BA_001054,has_bioactivity,Associated phytochemical has respective bioactivity
Phytochemical,YXOLAZRVSSWPPT-UHFFFAOYSA-N,HAS_BIOACTIVITY,Bioactivity,BA_000451,has_bioactivity,Associated phytochemical has respective bioactivity
Phytochemical,YXOLAZRVSSWPPT-UHFFFAOYSA-N,HAS_BIOACTIVITY,Bioactivity,BA_000454,has_bioactivity,Associated phytochemical has respective bioactivity
Phytochemical,YXOLAZRVSSWPPT-UHFFFAOYSA-N,HAS_BIOACTIVITY,Bioactivity,BA_000450,has_bioactivity,Associated phytochemical has respective bioactivity
Phytochemical,YXOLAZRVSSWPPT-UHFFFAOYSA-N,HAS_BIOACTIVITY,Bioactivity,BA_001055,has_bioactivity,Associated phytochemical has respective bioactivity
Phytochemical,YXOLAZRVSSWPPT-UHFFFAOYSA-N,HAS_BIOACTIVITY,Bioactivity,BA_001056,has_bioactivity,Associated phytochemical has respective bioactivity
Phytochemical,YXOLAZRVSSWPPT-UHFFFAOYSA-N,HAS_BIOACTIVITY,Bioactivity,BA_001057,has_bioactivity,Associated phytochemical has respective bioactivity
Phytochemical,YXOLAZRVSSWPPT-UHFFFAOYSA-N,HAS_BIOACTIVITY,Bioactivity,BA_001058,has_bioactivity,Associated phytochemical has respective bioactivity
Phytochemical,YXOLAZRVSSWPPT-UHFFFAOYSA-N,HAS_BIOACTIVITY,Bioactivity,BA_001059,has_bioactivity,Associated phytochemical has respective bioactivity
Phytochemical,YXOLAZRVSSWPPT-UHFFFAOYSA-N,HAS_BIOACTIVITY,Bioactivity,BA_001060,has_bioactivity,Associated phytochemical has respective bioactivity
Phytochemical,YXOLAZRVSSWPPT-UHFFFAOYSA-N,HAS_BIOACTIVITY,Bioactivity,BA_001061,has_bioactivity,Associated phytochemical has respective bioactivity
Phytochemical,YXOLAZRVSSWPPT-UHFFFAOYSA-N,HAS_BIOACTIVITY,Bioactivity,BA_001062,has_bioactivity,Associated phytochemical has respective bioactivity
Phytochemical,YXOLAZRVSSWPPT-UHFFFAOYSA-N,HAS_BIOACTIVITY,Bioactivity,BA_001063,has_bioactivity,Associated phytochemical has respective bioactivity
Phytochemical,YXOLAZRVSSWPPT-UHFFFAOYSA-N,HAS_BIOACTIVITY,Bioactivity,BA_001064,has_bioactivity,Associated phytochemical has respective bioactivity
Phytochemical,YXOLAZRVSSWPPT-UHFFFAOYSA-N,HAS_BIOACTIVITY,Bioactivity,BA_001065,has_bioactivity,Associated phytochemical has respective bioactivity
Phytochemical,YXOLAZRVSSWPPT-UHFFFAOYSA-N,HAS_BIOACTIVITY,Bioactivity,BA_001066,has_bioactivity,Associated phytochemical has respective bioactivity
Phytochemical,YXOLAZRVSSWPPT-UHFFFAOYSA-N,HAS_BIOACTIVITY,Bioactivity,BA_001067,has_bioactivity,Associated phytochemical has respective bioactivity
Phytochemical,YXOLAZRVSSWPPT-UHFFFAOYSA-N,HAS_BIOACTIVITY,Bioactivity,BA_001068,has_bioactivity,Associated phytochemical has respective bioactivity
Phytochemical,YXOLAZRVSSWPPT-UHFFFAOYSA-N,HAS_BIOACTIVITY,Bioactivity,BA_001069,has_bioactivity,Associated phytochemical has respective bioactivity
Phytochemical,YXOLAZRVSSWPPT-UHFFFAOYSA-N,HAS_BIOACTIVITY,Bioactivity,BA_001070,has_bioactivity,Associated phytochemical has respective bioactivity
Phytochemical,YXOLAZRVSSWPPT-UHFFFAOYSA-N,HAS_BIOACTIVITY,Bioactivity,BA_001071,has_bioactivity,Associated phytochemical has respective bioactivity
Phytochemical,ZSYPIPFQOQGYHH-UHFFFAOYSA-N,HAS_BIOACTIVITY,Bioactivity,BA_001072,has_bioactivity,Associated phytochemical has respective bioactivity
Phytochemical,ZSYPIPFQOQGYHH-UHFFFAOYSA-N,HAS_BIOACTIVITY,Bioactivity,BA_001073,has_bioactivity,Associated phytochemical has respective bioactivity
Phytochemical,HYBRYAPKQCZIAE-UHFFFAOYSA-N,HAS_BIOACTIVITY,Bioactivity,BA_000512,has_bioactivity,Associated phytochemical has respective bioactivity
Phytochemical,HYBRYAPKQCZIAE-UHFFFAOYSA-N,HAS_BIOACTIVITY,Bioactivity,BA_001074,has_bioactivity,Associated phytochemical has respective bioactivity
Phytochemical,YBHILYKTIRIUTE-UHFFFAOYSA-N,HAS_BIOACTIVITY,Bioactivity,BA_001075,has_bioactivity,Associated phytochemical has respective bioactivity
Phytochemical,YBHILYKTIRIUTE-UHFFFAOYSA-N,HAS_BIOACTIVITY,Bioactivity,BA_001076,has_bioactivity,Associated phytochemical has respective bioactivity
Phytochemical,YBHILYKTIRIUTE-UHFFFAOYSA-N,HAS_BIOACTIVITY,Bioactivity,BA_001077,has_bioactivity,Associated phytochemical has respective bioactivity
Phytochemical,YBHILYKTIRIUTE-UHFFFAOYSA-N,HAS_BIOACTIVITY,Bioactivity,BA_001078,has_bioactivity,Associated phytochemical has respective bioactivity
Phytochemical,YBHILYKTIRIUTE-UHFFFAOYSA-N,HAS_BIOACTIVITY,Bioactivity,BA_001079,has_bioactivity,Associated phytochemical has respective bioactivity
Phytochemical,YBHILYKTIRIUTE-UHFFFAOYSA-N,HAS_BIOACTIVITY,Bioactivity,BA_001080,has_bioactivity,Associated phytochemical has respective bioactivity
Phytochemical,YBHILYKTIRIUTE-UHFFFAOYSA-N,HAS_BIOACTIVITY,Bioactivity,BA_001081,has_bioactivity,Associated phytochemical has respective bioactivity
Phytochemical,YBHILYKTIRIUTE-UHFFFAOYSA-N,HAS_BIOACTIVITY,Bioactivity,BA_001082,has_bioactivity,Associated phytochemical has respective bioactivity
Phytochemical,YBHILYKTIRIUTE-UHFFFAOYSA-N,HAS_BIOACTIVITY,Bioactivity,BA_001083,has_bioactivity,Associated phytochemical has respective bioactivity
Phytochemical,YBHILYKTIRIUTE-UHFFFAOYSA-N,HAS_BIOACTIVITY,Bioactivity,BA_001084,has_bioactivity,Associated phytochemical has respective bioactivity
Phytochemical,YBHILYKTIRIUTE-UHFFFAOYSA-N,HAS_BIOACTIVITY,Bioactivity,BA_001085,has_bioactivity,Associated phytochemical has respective bioactivity
Phytochemical,YBHILYKTIRIUTE-UHFFFAOYSA-N,HAS_BIOACTIVITY,Bioactivity,BA_001086,has_bioactivity,Associated phytochemical has respective bioactivity
Phytochemical,YBHILYKTIRIUTE-UHFFFAOYSA-N,HAS_BIOACTIVITY,Bioactivity,BA_001087,has_bioactivity,Associated phytochemical has respective bioactivity
Phytochemical,YBHILYKTIRIUTE-UHFFFAOYSA-N,HAS_BIOACTIVITY,Bioactivity,BA_001088,has_bioactivity,Associated phytochemical has respective bioactivity
Phytochemical,YBHILYKTIRIUTE-UHFFFAOYSA-N,HAS_BIOACTIVITY,Bioactivity,BA_001089,has_bioactivity,Associated phytochemical has respective bioactivity
Phytochemical,YBHILYKTIRIUTE-UHFFFAOYSA-N,HAS_BIOACTIVITY,Bioactivity,BA_001090,has_bioactivity,Associated phytochemical has respective bioactivity
Phytochemical,YBHILYKTIRIUTE-UHFFFAOYSA-N,HAS_BIOACTIVITY,Bioactivity,BA_001091,has_bioactivity,Associated phytochemical has respective bioactivity
Phytochemical,YBHILYKTIRIUTE-UHFFFAOYSA-N,HAS_BIOACTIVITY,Bioactivity,BA_001092,has_bioactivity,Associated phytochemical has respective bioactivity
Phytochemical,YBHILYKTIRIUTE-UHFFFAOYSA-N,HAS_BIOACTIVITY,Bioactivity,BA_001093,has_bioactivity,Associated phytochemical has respective bioactivity
Phytochemical,YBHILYKTIRIUTE-UHFFFAOYSA-N,HAS_BIOACTIVITY,Bioactivity,BA_001094,has_bioactivity,Associated phytochemical has respective bioactivity
Phytochemical,LLEJIEBFSOEYIV-UHFFFAOYSA-N,HAS_BIOACTIVITY,Bioactivity,BA_001075,has_bioactivity,Associated phytochemical has respective bioactivity
Phytochemical,LLEJIEBFSOEYIV-UHFFFAOYSA-N,HAS_BIOACTIVITY,Bioactivity,BA_000155,has_bioactivity,Associated phytochemical has respective bioactivity
Phytochemical,LLEJIEBFSOEYIV-UHFFFAOYSA-N,HAS_BIOACTIVITY,Bioactivity,BA_001095,has_bioactivity,Associated phytochemical has respective bioactivity
Phytochemical,LLEJIEBFSOEYIV-UHFFFAOYSA-N,HAS_BIOACTIVITY,Bioactivity,BA_001096,has_bioactivity,Associated phytochemical has respective bioactivity
Phytochemical,LLEJIEBFSOEYIV-UHFFFAOYSA-N,HAS_BIOACTIVITY,Bioactivity,BA_001097,has_bioactivity,Associated phytochemical has respective bioactivity
Phytochemical,LLEJIEBFSOEYIV-UHFFFAOYSA-N,HAS_BIOACTIVITY,Bioactivity,BA_000058,has_bioactivity,Associated phytochemical has respective bioactivity
Phytochemical,LLEJIEBFSOEYIV-UHFFFAOYSA-N,HAS_BIOACTIVITY,Bioactivity,BA_001098,has_bioactivity,Associated phytochemical has respective bioactivity
Phytochemical,LLEJIEBFSOEYIV-UHFFFAOYSA-N,HAS_BIOACTIVITY,Bioactivity,BA_001099,has_bioactivity,Associated phytochemical has respective bioactivity
Phytochemical,LLEJIEBFSOEYIV-UHFFFAOYSA-N,HAS_BIOACTIVITY,Bioactivity,BA_001100,has_bioactivity,Associated phytochemical has respective bioactivity
Phytochemical,LLEJIEBFSOEYIV-UHFFFAOYSA-N,HAS_BIOACTIVITY,Bioactivity,BA_000757,has_bioactivity,Associated phytochemical has respective bioactivity
Phytochemical,LLEJIEBFSOEYIV-UHFFFAOYSA-N,HAS_BIOACTIVITY,Bioactivity,BA_000768,has_bioactivity,Associated phytochemical has respective bioactivity
Phytochemical,LLEJIEBFSOEYIV-UHFFFAOYSA-N,HAS_BIOACTIVITY,Bioactivity,BA_001101,has_bioactivity,Associated phytochemical has respective bioactivity
Phytochemical,LLEJIEBFSOEYIV-UHFFFAOYSA-N,HAS_BIOACTIVITY,Bioactivity,BA_001102,has_bioactivity,Associated phytochemical has respective bioactivity
Phytochemical,LLEJIEBFSOEYIV-UHFFFAOYSA-N,HAS_BIOACTIVITY,Bioactivity,BA_001103,has_bioactivity,Associated phytochemical has respective bioactivity
Phytochemical,LLEJIEBFSOEYIV-UHFFFAOYSA-N,HAS_BIOACTIVITY,Bioactivity,BA_001104,has_bioactivity,Associated phytochemical has respective bioactivity
Phytochemical,LLEJIEBFSOEYIV-UHFFFAOYSA-N,HAS_BIOACTIVITY,Bioactivity,BA_001105,has_bioactivity,Associated phytochemical has respective bioactivity
Phytochemical,XYHOBCMEDLZUMP-UHFFFAOYSA-N,HAS_BIOACTIVITY,Bioactivity,BA_001106,has_bioactivity,Associated phytochemical has respective bioactivity
Phytochemical,XPOJSWHIKCNLEQ-UHFFFAOYSA-N,HAS_BIOACTIVITY,Bioactivity,BA_000155,has_bioactivity,Associated phytochemical has respective bioactivity
Phytochemical,XPOJSWHIKCNLEQ-UHFFFAOYSA-N,HAS_BIOACTIVITY,Bioactivity,BA_001107,has_bioactivity,Associated phytochemical has respective bioactivity
Phytochemical,INVGWHRKADIJHF-UHFFFAOYSA-N,HAS_BIOACTIVITY,Bioactivity,BA_001108,has_bioactivity,Associated phytochemical has respective bioactivity
Phytochemical,INVGWHRKADIJHF-UHFFFAOYSA-N,HAS_BIOACTIVITY,Bioactivity,BA_001038,has_bioactivity,Associated phytochemical has respective bioactivity
Phytochemical,INVGWHRKADIJHF-UHFFFAOYSA-N,HAS_BIOACTIVITY,Bioactivity,BA_001109,has_bioactivity,Associated phytochemical has respective bioactivity
Phytochemical,INVGWHRKADIJHF-UHFFFAOYSA-N,HAS_BIOACTIVITY,Bioactivity,BA_000210,has_bioactivity,Associated phytochemical has respective bioactivity
Phytochemical,INVGWHRKADIJHF-UHFFFAOYSA-N,HAS_BIOACTIVITY,Bioactivity,BA_001110,has_bioactivity,Associated phytochemical has respective bioactivity
Phytochemical,INVGWHRKADIJHF-UHFFFAOYSA-N,HAS_BIOACTIVITY,Bioactivity,BA_001111,has_bioactivity,Associated phytochemical has respective bioactivity
Phytochemical,INVGWHRKADIJHF-UHFFFAOYSA-N,HAS_BIOACTIVITY,Bioactivity,BA_001112,has_bioactivity,Associated phytochemical has respective bioactivity
Phytochemical,INVGWHRKADIJHF-UHFFFAOYSA-N,HAS_BIOACTIVITY,Bioactivity,BA_000156,has_bioactivity,Associated phytochemical has respective bioactivity
Phytochemical,INVGWHRKADIJHF-UHFFFAOYSA-N,HAS_BIOACTIVITY,Bioactivity,BA_001113,has_bioactivity,Associated phytochemical has respective bioactivity
Phytochemical,INVGWHRKADIJHF-UHFFFAOYSA-N,HAS_BIOACTIVITY,Bioactivity,BA_000362,has_bioactivity,Associated phytochemical has respective bioactivity
Phytochemical,INVGWHRKADIJHF-UHFFFAOYSA-N,HAS_BIOACTIVITY,Bioactivity,BA_001114,has_bioactivity,Associated phytochemical has respective bioactivity
Phytochemical,INVGWHRKADIJHF-UHFFFAOYSA-N,HAS_BIOACTIVITY,Bioactivity,BA_001115,has_bioactivity,Associated phytochemical has respective bioactivity
Phytochemical,INVGWHRKADIJHF-UHFFFAOYSA-N,HAS_BIOACTIVITY,Bioactivity,BA_000159,has_bioactivity,Associated phytochemical has respective bioactivity
Phytochemical,INVGWHRKADIJHF-UHFFFAOYSA-N,HAS_BIOACTIVITY,Bioactivity,BA_001116,has_bioactivity,Associated phytochemical has respective bioactivity
Phytochemical,INVGWHRKADIJHF-UHFFFAOYSA-N,HAS_BIOACTIVITY,Bioactivity,BA_001117,has_bioactivity,Associated phytochemical has respective bioactivity
Phytochemical,INVGWHRKADIJHF-UHFFFAOYSA-N,HAS_BIOACTIVITY,Bioactivity,BA_001118,has_bioactivity,Associated phytochemical has respective bioactivity
Phytochemical,INVGWHRKADIJHF-UHFFFAOYSA-N,HAS_BIOACTIVITY,Bioactivity,BA_001119,has_bioactivity,Associated phytochemical has respective bioactivity
Phytochemical,INVGWHRKADIJHF-UHFFFAOYSA-N,HAS_BIOACTIVITY,Bioactivity,BA_000412,has_bioactivity,Associated phytochemical has respective bioactivity
Phytochemical,INVGWHRKADIJHF-UHFFFAOYSA-N,HAS_BIOACTIVITY,Bioactivity,BA_001120,has_bioactivity,Associated phytochemical has respective bioactivity
Phytochemical,INVGWHRKADIJHF-UHFFFAOYSA-N,HAS_BIOACTIVITY,Bioactivity,BA_000372,has_bioactivity,Associated phytochemical has respective bioactivity
Phytochemical,INVGWHRKADIJHF-UHFFFAOYSA-N,HAS_BIOACTIVITY,Bioactivity,BA_000062,has_bioactivity,Associated phytochemical has respective bioactivity
Phytochemical,INVGWHRKADIJHF-UHFFFAOYSA-N,HAS_BIOACTIVITY,Bioactivity,BA_001121,has_bioactivity,Associated phytochemical has respective bioactivity
Phytochemical,INVGWHRKADIJHF-UHFFFAOYSA-N,HAS_BIOACTIVITY,Bioactivity,BA_001122,has_bioactivity,Associated phytochemical has respective bioactivity
Phytochemical,INVGWHRKADIJHF-UHFFFAOYSA-N,HAS_BIOACTIVITY,Bioactivity,BA_001123,has_bioactivity,Associated phytochemical has respective bioactivity
Phytochemical,INVGWHRKADIJHF-UHFFFAOYSA-N,HAS_BIOACTIVITY,Bioactivity,BA_001124,has_bioactivity,Associated phytochemical has respective bioactivity
Phytochemical,INVGWHRKADIJHF-UHFFFAOYSA-N,HAS_BIOACTIVITY,Bioactivity,BA_001125,has_bioactivity,Associated phytochemical has respective bioactivity
Phytochemical,INVGWHRKADIJHF-UHFFFAOYSA-N,HAS_BIOACTIVITY,Bioactivity,BA_000621,has_bioactivity,Associated phytochemical has respective bioactivity
Phytochemical,INVGWHRKADIJHF-UHFFFAOYSA-N,HAS_BIOACTIVITY,Bioactivity,BA_001126,has_bioactivity,Associated phytochemical has respective bioactivity
Phytochemical,INVGWHRKADIJHF-UHFFFAOYSA-N,HAS_BIOACTIVITY,Bioactivity,BA_001127,has_bioactivity,Associated phytochemical has respective bioactivity
Phytochemical,INVGWHRKADIJHF-UHFFFAOYSA-N,HAS_BIOACTIVITY,Bioactivity,BA_001128,has_bioactivity,Associated phytochemical has respective bioactivity
Phytochemical,INVGWHRKADIJHF-UHFFFAOYSA-N,HAS_BIOACTIVITY,Bioactivity,BA_001129,has_bioactivity,Associated phytochemical has respective bioactivity
Phytochemical,INVGWHRKADIJHF-UHFFFAOYSA-N,HAS_BIOACTIVITY,Bioactivity,BA_001130,has_bioactivity,Associated phytochemical has respective bioactivity
Phytochemical,INVGWHRKADIJHF-UHFFFAOYSA-N,HAS_BIOACTIVITY,Bioactivity,BA_001131,has_bioactivity,Associated phytochemical has respective bioactivity
Phytochemical,INVGWHRKADIJHF-UHFFFAOYSA-N,HAS_BIOACTIVITY,Bioactivity,BA_001132,has_bioactivity,Associated phytochemical has respective bioactivity
Phytochemical,INVGWHRKADIJHF-UHFFFAOYSA-N,HAS_BIOACTIVITY,Bioactivity,BA_001133,has_bioactivity,Associated phytochemical has respective bioactivity
Phytochemical,INVGWHRKADIJHF-UHFFFAOYSA-N,HAS_BIOACTIVITY,Bioactivity,BA_001134,has_bioactivity,Associated phytochemical has respective bioactivity
Phytochemical,INVGWHRKADIJHF-UHFFFAOYSA-N,HAS_BIOACTIVITY,Bioactivity,BA_001135,has_bioactivity,Associated phytochemical has respective bioactivity
Phytochemical,INVGWHRKADIJHF-UHFFFAOYSA-N,HAS_BIOACTIVITY,Bioactivity,BA_001098,has_bioactivity,Associated phytochemical has respective bioactivity
Phytochemical,INVGWHRKADIJHF-UHFFFAOYSA-N,HAS_BIOACTIVITY,Bioactivity,BA_001136,has_bioactivity,Associated phytochemical has respective bioactivity
Phytochemical,INVGWHRKADIJHF-UHFFFAOYSA-N,HAS_BIOACTIVITY,Bioactivity,BA_000135,has_bioactivity,Associated phytochemical has respective bioactivity
Phytochemical,INVGWHRKADIJHF-UHFFFAOYSA-N,HAS_BIOACTIVITY,Bioactivity,BA_001137,has_bioactivity,Associated phytochemical has respective bioactivity
Phytochemical,INVGWHRKADIJHF-UHFFFAOYSA-N,HAS_BIOACTIVITY,Bioactivity,BA_001138,has_bioactivity,Associated phytochemical has respective bioactivity
Phytochemical,INVGWHRKADIJHF-UHFFFAOYSA-N,HAS_BIOACTIVITY,Bioactivity,BA_001139,has_bioactivity,Associated phytochemical has respective bioactivity
Phytochemical,INVGWHRKADIJHF-UHFFFAOYSA-N,HAS_BIOACTIVITY,Bioactivity,BA_001140,has_bioactivity,Associated phytochemical has respective bioactivity
Phytochemical,INVGWHRKADIJHF-UHFFFAOYSA-N,HAS_BIOACTIVITY,Bioactivity,BA_001141,has_bioactivity,Associated phytochemical has respective bioactivity
Phytochemical,INVGWHRKADIJHF-UHFFFAOYSA-N,HAS_BIOACTIVITY,Bioactivity,BA_001142,has_bioactivity,Associated phytochemical has respective bioactivity
Phytochemical,IZQSVPBOUDKVDZ-UHFFFAOYSA-N,HAS_BIOACTIVITY,Bioactivity,BA_001143,has_bioactivity,Associated phytochemical has respective bioactivity
Phytochemical,IZQSVPBOUDKVDZ-UHFFFAOYSA-N,HAS_BIOACTIVITY,Bioactivity,BA_001144,has_bioactivity,Associated phytochemical has respective bioactivity
Phytochemical,IZQSVPBOUDKVDZ-UHFFFAOYSA-N,HAS_BIOACTIVITY,Bioactivity,BA_001145,has_bioactivity,Associated phytochemical has respective bioactivity
Phytochemical,IZQSVPBOUDKVDZ-UHFFFAOYSA-N,HAS_BIOACTIVITY,Bioactivity,BA_001146,has_bioactivity,Associated phytochemical has respective bioactivity
Phytochemical,IZQSVPBOUDKVDZ-UHFFFAOYSA-N,HAS_BIOACTIVITY,Bioactivity,BA_001147,has_bioactivity,Associated phytochemical has respective bioactivity
Phytochemical,IZQSVPBOUDKVDZ-UHFFFAOYSA-N,HAS_BIOACTIVITY,Bioactivity,BA_001148,has_bioactivity,Associated phytochemical has respective bioactivity
Phytochemical,IZQSVPBOUDKVDZ-UHFFFAOYSA-N,HAS_BIOACTIVITY,Bioactivity,BA_001149,has_bioactivity,Associated phytochemical has respective bioactivity
Phytochemical,IZQSVPBOUDKVDZ-UHFFFAOYSA-N,HAS_BIOACTIVITY,Bioactivity,BA_001150,has_bioactivity,Associated phytochemical has respective bioactivity
Phytochemical,IZQSVPBOUDKVDZ-UHFFFAOYSA-N,HAS_BIOACTIVITY,Bioactivity,BA_001151,has_bioactivity,Associated phytochemical has respective bioactivity
Phytochemical,IZQSVPBOUDKVDZ-UHFFFAOYSA-N,HAS_BIOACTIVITY,Bioactivity,BA_001152,has_bioactivity,Associated phytochemical has respective bioactivity
Phytochemical,IZQSVPBOUDKVDZ-UHFFFAOYSA-N,HAS_BIOACTIVITY,Bioactivity,BA_001153,has_bioactivity,Associated phytochemical has respective bioactivity
Phytochemical,IZQSVPBOUDKVDZ-UHFFFAOYSA-N,HAS_BIOACTIVITY,Bioactivity,BA_001154,has_bioactivity,Associated phytochemical has respective bioactivity
Phytochemical,IZQSVPBOUDKVDZ-UHFFFAOYSA-N,HAS_BIOACTIVITY,Bioactivity,BA_001155,has_bioactivity,Associated phytochemical has respective bioactivity
Phytochemical,IZQSVPBOUDKVDZ-UHFFFAOYSA-N,HAS_BIOACTIVITY,Bioactivity,BA_001156,has_bioactivity,Associated phytochemical has respective bioactivity
Phytochemical,WKOLLVMJNQIZCI-UHFFFAOYSA-N,HAS_BIOACTIVITY,Bioactivity,BA_001157,has_bioactivity,Associated phytochemical has respective bioactivity
Phytochemical,KRKNYBCHXYNGOX-UHFFFAOYSA-N,HAS_BIOACTIVITY,Bioactivity,BA_001158,has_bioactivity,Associated phytochemical has respective bioactivity
Phytochemical,KRKNYBCHXYNGOX-UHFFFAOYSA-N,HAS_BIOACTIVITY,Bioactivity,BA_001159,has_bioactivity,Associated phytochemical has respective bioactivity
Phytochemical,KRKNYBCHXYNGOX-UHFFFAOYSA-N,HAS_BIOACTIVITY,Bioactivity,BA_001160,has_bioactivity,Associated phytochemical has respective bioactivity
Phytochemical,KRKNYBCHXYNGOX-UHFFFAOYSA-N,HAS_BIOACTIVITY,Bioactivity,BA_001161,has_bioactivity,Associated phytochemical has respective bioactivity
Phytochemical,FEWJPZIEWOKRBE-LWMBPPNESA-N,HAS_BIOACTIVITY,Bioactivity,BA_001162,has_bioactivity,Associated phytochemical has respective bioactivity
Phytochemical,FEWJPZIEWOKRBE-LWMBPPNESA-N,HAS_BIOACTIVITY,Bioactivity,BA_001163,has_bioactivity,Associated phytochemical has respective bioactivity
Phytochemical,GPTFURBXHJWNHR-UHFFFAOYSA-N,HAS_BIOACTIVITY,Bioactivity,BA_000155,has_bioactivity,Associated phytochemical has respective bioactivity
Phytochemical,GPTFURBXHJWNHR-UHFFFAOYSA-N,HAS_BIOACTIVITY,Bioactivity,BA_001164,has_bioactivity,Associated phytochemical has respective bioactivity
Phytochemical,BBFQZRXNYIEMAW-UHFFFAOYSA-N,HAS_BIOACTIVITY,Bioactivity,BA_000613,has_bioactivity,Associated phytochemical has respective bioactivity
Phytochemical,BBFQZRXNYIEMAW-UHFFFAOYSA-N,HAS_BIOACTIVITY,Bioactivity,BA_001165,has_bioactivity,Associated phytochemical has respective bioactivity
Phytochemical,BBFQZRXNYIEMAW-UHFFFAOYSA-N,HAS_BIOACTIVITY,Bioactivity,BA_001166,has_bioactivity,Associated phytochemical has respective bioactivity
Phytochemical,BBFQZRXNYIEMAW-UHFFFAOYSA-N,HAS_BIOACTIVITY,Bioactivity,BA_001167,has_bioactivity,Associated phytochemical has respective bioactivity
Phytochemical,BBFQZRXNYIEMAW-UHFFFAOYSA-N,HAS_BIOACTIVITY,Bioactivity,BA_000786,has_bioactivity,Associated phytochemical has respective bioactivity
Phytochemical,BBFQZRXNYIEMAW-UHFFFAOYSA-N,HAS_BIOACTIVITY,Bioactivity,BA_001168,has_bioactivity,Associated phytochemical has respective bioactivity
Phytochemical,HCEYJYMNIQHPPK-DXTZDJJUSA-N,HAS_BIOACTIVITY,Bioactivity,BA_000799,has_bioactivity,Associated phytochemical has respective bioactivity
Phytochemical,NEYCGDYQBQONFC-GGPFZBFUSA-N,HAS_BIOACTIVITY,Bioactivity,BA_001169,has_bioactivity,Associated phytochemical has respective bioactivity
Phytochemical,NEYCGDYQBQONFC-GGPFZBFUSA-N,HAS_BIOACTIVITY,Bioactivity,BA_001170,has_bioactivity,Associated phytochemical has respective bioactivity
Phytochemical,YJXDGWUNRYLINJ-BHAPSIHVSA-N,HAS_BIOACTIVITY,Bioactivity,BA_000613,has_bioactivity,Associated phytochemical has respective bioactivity
Phytochemical,YJXDGWUNRYLINJ-BHAPSIHVSA-N,HAS_BIOACTIVITY,Bioactivity,BA_001171,has_bioactivity,Associated phytochemical has respective bioactivity
Phytochemical,YJXDGWUNRYLINJ-BHAPSIHVSA-N,HAS_BIOACTIVITY,Bioactivity,BA_001172,has_bioactivity,Associated phytochemical has respective bioactivity
Phytochemical,YJXDGWUNRYLINJ-BHAPSIHVSA-N,HAS_BIOACTIVITY,Bioactivity,BA_000786,has_bioactivity,Associated phytochemical has respective bioactivity
Phytochemical,YJXDGWUNRYLINJ-BHAPSIHVSA-N,HAS_BIOACTIVITY,Bioactivity,BA_001173,has_bioactivity,Associated phytochemical has respective bioactivity
Phytochemical,BQCNSTFWSKOWMA-GORDUTHDSA-N,HAS_BIOACTIVITY,Bioactivity,BA_000242,has_bioactivity,Associated phytochemical has respective bioactivity
Phytochemical,BQCNSTFWSKOWMA-GORDUTHDSA-N,HAS_BIOACTIVITY,Bioactivity,BA_001174,has_bioactivity,Associated phytochemical has respective bioactivity
Phytochemical,BQCNSTFWSKOWMA-GORDUTHDSA-N,HAS_BIOACTIVITY,Bioactivity,BA_001175,has_bioactivity,Associated phytochemical has respective bioactivity
Phytochemical,JPUKWEQWGBDDQB-QSOFNFLRSA-N,HAS_BIOACTIVITY,Bioactivity,BA_001176,has_bioactivity,Associated phytochemical has respective bioactivity
Phytochemical,JPUKWEQWGBDDQB-QSOFNFLRSA-N,HAS_BIOACTIVITY,Bioactivity,BA_001177,has_bioactivity,Associated phytochemical has respective bioactivity
Phytochemical,JPUKWEQWGBDDQB-QSOFNFLRSA-N,HAS_BIOACTIVITY,Bioactivity,BA_001178,has_bioactivity,Associated phytochemical has respective bioactivity
Phytochemical,JPUKWEQWGBDDQB-QSOFNFLRSA-N,HAS_BIOACTIVITY,Bioactivity,BA_001179,has_bioactivity,Associated phytochemical has respective bioactivity
Phytochemical,JPUKWEQWGBDDQB-QSOFNFLRSA-N,HAS_BIOACTIVITY,Bioactivity,BA_001180,has_bioactivity,Associated phytochemical has respective bioactivity
Phytochemical,HVYWMOMLDIMFJA-DPAQBDIFSA-N,HAS_BIOACTIVITY,Bioactivity,BA_001181,has_bioactivity,Associated phytochemical has respective bioactivity
Phytochemical,HVYWMOMLDIMFJA-DPAQBDIFSA-N,HAS_BIOACTIVITY,Bioactivity,BA_001182,has_bioactivity,Associated phytochemical has respective bioactivity
Phytochemical,HVYWMOMLDIMFJA-DPAQBDIFSA-N,HAS_BIOACTIVITY,Bioactivity,BA_001183,has_bioactivity,Associated phytochemical has respective bioactivity
Phytochemical,HVYWMOMLDIMFJA-DPAQBDIFSA-N,HAS_BIOACTIVITY,Bioactivity,BA_001184,has_bioactivity,Associated phytochemical has respective bioactivity
Phytochemical,HVYWMOMLDIMFJA-DPAQBDIFSA-N,HAS_BIOACTIVITY,Bioactivity,BA_001185,has_bioactivity,Associated phytochemical has respective bioactivity
Phytochemical,HVYWMOMLDIMFJA-DPAQBDIFSA-N,HAS_BIOACTIVITY,Bioactivity,BA_001186,has_bioactivity,Associated phytochemical has respective bioactivity
Phytochemical,HVYWMOMLDIMFJA-DPAQBDIFSA-N,HAS_BIOACTIVITY,Bioactivity,BA_001187,has_bioactivity,Associated phytochemical has respective bioactivity
Phytochemical,OVSQVDMCBVZWGM-DTGCRPNFSA-N,HAS_BIOACTIVITY,Bioactivity,BA_001188,has_bioactivity,Associated phytochemical has respective bioactivity
Phytochemical,OVSQVDMCBVZWGM-DTGCRPNFSA-N,HAS_BIOACTIVITY,Bioactivity,BA_001189,has_bioactivity,Associated phytochemical has respective bioactivity
Phytochemical,OVSQVDMCBVZWGM-DTGCRPNFSA-N,HAS_BIOACTIVITY,Bioactivity,BA_001190,has_bioactivity,Associated phytochemical has respective bioactivity
Phytochemical,OVSQVDMCBVZWGM-DTGCRPNFSA-N,HAS_BIOACTIVITY,Bioactivity,BA_001191,has_bioactivity,Associated phytochemical has respective bioactivity
Phytochemical,OVSQVDMCBVZWGM-DTGCRPNFSA-N,HAS_BIOACTIVITY,Bioactivity,BA_000450,has_bioactivity,Associated phytochemical has respective bioactivity
Phytochemical,OVSQVDMCBVZWGM-DTGCRPNFSA-N,HAS_BIOACTIVITY,Bioactivity,BA_001192,has_bioactivity,Associated phytochemical has respective bioactivity
Phytochemical,OVSQVDMCBVZWGM-DTGCRPNFSA-N,HAS_BIOACTIVITY,Bioactivity,BA_001193,has_bioactivity,Associated phytochemical has respective bioactivity
Phytochemical,OVSQVDMCBVZWGM-DTGCRPNFSA-N,HAS_BIOACTIVITY,Bioactivity,BA_001194,has_bioactivity,Associated phytochemical has respective bioactivity
Phytochemical,OVSQVDMCBVZWGM-DTGCRPNFSA-N,HAS_BIOACTIVITY,Bioactivity,BA_001195,has_bioactivity,Associated phytochemical has respective bioactivity
Phytochemical,OVSQVDMCBVZWGM-DTGCRPNFSA-N,HAS_BIOACTIVITY,Bioactivity,BA_001196,has_bioactivity,Associated phytochemical has respective bioactivity
Phytochemical,MJNRBOGIPLCVIM-LJEOTECVSA-N,HAS_BIOACTIVITY,Bioactivity,BA_001197,has_bioactivity,Associated phytochemical has respective bioactivity
Phytochemical,NOEGNKMFWQHSLB-UHFFFAOYSA-N,HAS_BIOACTIVITY,Bioactivity,BA_001198,has_bioactivity,Associated phytochemical has respective bioactivity
Phytochemical,NOEGNKMFWQHSLB-UHFFFAOYSA-N,HAS_BIOACTIVITY,Bioactivity,BA_001199,has_bioactivity,Associated phytochemical has respective bioactivity
Phytochemical,FTNJWQUOZFUQQJ-NDAWSKJSSA-N,HAS_BIOACTIVITY,Bioactivity,BA_001200,has_bioactivity,Associated phytochemical has respective bioactivity
Phytochemical,HFGSQOYIOKBQOW-ZSDYHTTISA-N,HAS_BIOACTIVITY,Bioactivity,BA_001201,has_bioactivity,Associated phytochemical has respective bioactivity
Phytochemical,HFGSQOYIOKBQOW-ZSDYHTTISA-N,HAS_BIOACTIVITY,Bioactivity,BA_001202,has_bioactivity,Associated phytochemical has respective bioactivity
Phytochemical,HFGSQOYIOKBQOW-ZSDYHTTISA-N,HAS_BIOACTIVITY,Bioactivity,BA_001203,has_bioactivity,Associated phytochemical has respective bioactivity
Phytochemical,HFGSQOYIOKBQOW-ZSDYHTTISA-N,HAS_BIOACTIVITY,Bioactivity,BA_001204,has_bioactivity,Associated phytochemical has respective bioactivity
Phytochemical,HFGSQOYIOKBQOW-ZSDYHTTISA-N,HAS_BIOACTIVITY,Bioactivity,BA_000985,has_bioactivity,Associated phytochemical has respective bioactivity
Phytochemical,RODXRVNMMDRFIK-UHFFFAOYSA-N,HAS_BIOACTIVITY,Bioactivity,BA_000837,has_bioactivity,Associated phytochemical has respective bioactivity
Phytochemical,RODXRVNMMDRFIK-UHFFFAOYSA-N,HAS_BIOACTIVITY,Bioactivity,BA_001205,has_bioactivity,Associated phytochemical has respective bioactivity
Phytochemical,RODXRVNMMDRFIK-UHFFFAOYSA-N,HAS_BIOACTIVITY,Bioactivity,BA_001206,has_bioactivity,Associated phytochemical has respective bioactivity
Phytochemical,RODXRVNMMDRFIK-UHFFFAOYSA-N,HAS_BIOACTIVITY,Bioactivity,BA_001207,has_bioactivity,Associated phytochemical has respective bioactivity
Phytochemical,RODXRVNMMDRFIK-UHFFFAOYSA-N,HAS_BIOACTIVITY,Bioactivity,BA_001208,has_bioactivity,Associated phytochemical has respective bioactivity
Phytochemical,RODXRVNMMDRFIK-UHFFFAOYSA-N,HAS_BIOACTIVITY,Bioactivity,BA_001209,has_bioactivity,Associated phytochemical has respective bioactivity
Phytochemical,RODXRVNMMDRFIK-UHFFFAOYSA-N,HAS_BIOACTIVITY,Bioactivity,BA_000959,has_bioactivity,Associated phytochemical has respective bioactivity
Phytochemical,RODXRVNMMDRFIK-UHFFFAOYSA-N,HAS_BIOACTIVITY,Bioactivity,BA_000220,has_bioactivity,Associated phytochemical has respective bioactivity
Phytochemical,RODXRVNMMDRFIK-UHFFFAOYSA-N,HAS_BIOACTIVITY,Bioactivity,BA_001210,has_bioactivity,Associated phytochemical has respective bioactivity
Phytochemical,RODXRVNMMDRFIK-UHFFFAOYSA-N,HAS_BIOACTIVITY,Bioactivity,BA_000055,has_bioactivity,Associated phytochemical has respective bioactivity
Phytochemical,RODXRVNMMDRFIK-UHFFFAOYSA-N,HAS_BIOACTIVITY,Bioactivity,BA_001211,has_bioactivity,Associated phytochemical has respective bioactivity
Phytochemical,RODXRVNMMDRFIK-UHFFFAOYSA-N,HAS_BIOACTIVITY,Bioactivity,BA_000209,has_bioactivity,Associated phytochemical has respective bioactivity
Phytochemical,RODXRVNMMDRFIK-UHFFFAOYSA-N,HAS_BIOACTIVITY,Bioactivity,BA_001212,has_bioactivity,Associated phytochemical has respective bioactivity
Phytochemical,RODXRVNMMDRFIK-UHFFFAOYSA-N,HAS_BIOACTIVITY,Bioactivity,BA_001213,has_bioactivity,Associated phytochemical has respective bioactivity
Phytochemical,RODXRVNMMDRFIK-UHFFFAOYSA-N,HAS_BIOACTIVITY,Bioactivity,BA_001214,has_bioactivity,Associated phytochemical has respective bioactivity
Phytochemical,RODXRVNMMDRFIK-UHFFFAOYSA-N,HAS_BIOACTIVITY,Bioactivity,BA_001215,has_bioactivity,Associated phytochemical has respective bioactivity
Phytochemical,RODXRVNMMDRFIK-UHFFFAOYSA-N,HAS_BIOACTIVITY,Bioactivity,BA_001216,has_bioactivity,Associated phytochemical has respective bioactivity
Phytochemical,RODXRVNMMDRFIK-UHFFFAOYSA-N,HAS_BIOACTIVITY,Bioactivity,BA_001217,has_bioactivity,Associated phytochemical has respective bioactivity
Phytochemical,RODXRVNMMDRFIK-UHFFFAOYSA-N,HAS_BIOACTIVITY,Bioactivity,BA_001218,has_bioactivity,Associated phytochemical has respective bioactivity
Phytochemical,RODXRVNMMDRFIK-UHFFFAOYSA-N,HAS_BIOACTIVITY,Bioactivity,BA_001219,has_bioactivity,Associated phytochemical has respective bioactivity
Phytochemical,WBYWAXJHAXSJNI-VOTSOKGWSA-N,HAS_BIOACTIVITY,Bioactivity,BA_001220,has_bioactivity,Associated phytochemical has respective bioactivity
Phytochemical,MWOOGOJBHIARFG-UHFFFAOYSA-N,HAS_BIOACTIVITY,Bioactivity,BA_000775,has_bioactivity,Associated phytochemical has respective bioactivity
Phytochemical,MWOOGOJBHIARFG-UHFFFAOYSA-N,HAS_BIOACTIVITY,Bioactivity,BA_001221,has_bioactivity,Associated phytochemical has respective bioactivity
Phytochemical,MWOOGOJBHIARFG-UHFFFAOYSA-N,HAS_BIOACTIVITY,Bioactivity,BA_001222,has_bioactivity,Associated phytochemical has respective bioactivity
Phytochemical,MWOOGOJBHIARFG-UHFFFAOYSA-N,HAS_BIOACTIVITY,Bioactivity,BA_001223,has_bioactivity,Associated phytochemical has respective bioactivity
Phytochemical,MWOOGOJBHIARFG-UHFFFAOYSA-N,HAS_BIOACTIVITY,Bioactivity,BA_001224,has_bioactivity,Associated phytochemical has respective bioactivity
Phytochemical,ILEDWLMCKZNDJK-UHFFFAOYSA-N,HAS_BIOACTIVITY,Bioactivity,BA_001225,has_bioactivity,Associated phytochemical has respective bioactivity
Phytochemical,ILEDWLMCKZNDJK-UHFFFAOYSA-N,HAS_BIOACTIVITY,Bioactivity,BA_001209,has_bioactivity,Associated phytochemical has respective bioactivity
Phytochemical,ILEDWLMCKZNDJK-UHFFFAOYSA-N,HAS_BIOACTIVITY,Bioactivity,BA_001226,has_bioactivity,Associated phytochemical has respective bioactivity
Phytochemical,ILEDWLMCKZNDJK-UHFFFAOYSA-N,HAS_BIOACTIVITY,Bioactivity,BA_000050,has_bioactivity,Associated phytochemical has respective bioactivity
Phytochemical,ILEDWLMCKZNDJK-UHFFFAOYSA-N,HAS_BIOACTIVITY,Bioactivity,BA_000362,has_bioactivity,Associated phytochemical has respective bioactivity
Phytochemical,ILEDWLMCKZNDJK-UHFFFAOYSA-N,HAS_BIOACTIVITY,Bioactivity,BA_000158,has_bioactivity,Associated phytochemical has respective bioactivity
Phytochemical,ILEDWLMCKZNDJK-UHFFFAOYSA-N,HAS_BIOACTIVITY,Bioactivity,BA_000934,has_bioactivity,Associated phytochemical has respective bioactivity
Phytochemical,ILEDWLMCKZNDJK-UHFFFAOYSA-N,HAS_BIOACTIVITY,Bioactivity,BA_001213,has_bioactivity,Associated phytochemical has respective bioactivity
Phytochemical,ILEDWLMCKZNDJK-UHFFFAOYSA-N,HAS_BIOACTIVITY,Bioactivity,BA_001189,has_bioactivity,Associated phytochemical has respective bioactivity
Phytochemical,ILEDWLMCKZNDJK-UHFFFAOYSA-N,HAS_BIOACTIVITY,Bioactivity,BA_001227,has_bioactivity,Associated phytochemical has respective bioactivity
Phytochemical,ILEDWLMCKZNDJK-UHFFFAOYSA-N,HAS_BIOACTIVITY,Bioactivity,BA_001228,has_bioactivity,Associated phytochemical has respective bioactivity
Phytochemical,ILEDWLMCKZNDJK-UHFFFAOYSA-N,HAS_BIOACTIVITY,Bioactivity,BA_001229,has_bioactivity,Associated phytochemical has respective bioactivity
Phytochemical,ILEDWLMCKZNDJK-UHFFFAOYSA-N,HAS_BIOACTIVITY,Bioactivity,BA_001230,has_bioactivity,Associated phytochemical has respective bioactivity
Phytochemical,ILEDWLMCKZNDJK-UHFFFAOYSA-N,HAS_BIOACTIVITY,Bioactivity,BA_001231,has_bioactivity,Associated phytochemical has respective bioactivity
Phytochemical,ILEDWLMCKZNDJK-UHFFFAOYSA-N,HAS_BIOACTIVITY,Bioactivity,BA_001232,has_bioactivity,Associated phytochemical has respective bioactivity
Phytochemical,ILEDWLMCKZNDJK-UHFFFAOYSA-N,HAS_BIOACTIVITY,Bioactivity,BA_001233,has_bioactivity,Associated phytochemical has respective bioactivity
Phytochemical,ILEDWLMCKZNDJK-UHFFFAOYSA-N,HAS_BIOACTIVITY,Bioactivity,BA_001234,has_bioactivity,Associated phytochemical has respective bioactivity
Phytochemical,ILEDWLMCKZNDJK-UHFFFAOYSA-N,HAS_BIOACTIVITY,Bioactivity,BA_001235,has_bioactivity,Associated phytochemical has respective bioactivity
Phytochemical,ILEDWLMCKZNDJK-UHFFFAOYSA-N,HAS_BIOACTIVITY,Bioactivity,BA_001236,has_bioactivity,Associated phytochemical has respective bioactivity
Phytochemical,ILEDWLMCKZNDJK-UHFFFAOYSA-N,HAS_BIOACTIVITY,Bioactivity,BA_001237,has_bioactivity,Associated phytochemical has respective bioactivity
Phytochemical,ILEDWLMCKZNDJK-UHFFFAOYSA-N,HAS_BIOACTIVITY,Bioactivity,BA_001238,has_bioactivity,Associated phytochemical has respective bioactivity
Phytochemical,SYTYLPHCLSSCOJ-UHFFFAOYSA-N,HAS_BIOACTIVITY,Bioactivity,BA_001239,has_bioactivity,Associated phytochemical has respective bioactivity
Phytochemical,SYTYLPHCLSSCOJ-UHFFFAOYSA-N,HAS_BIOACTIVITY,Bioactivity,BA_001240,has_bioactivity,Associated phytochemical has respective bioactivity
Phytochemical,SYTYLPHCLSSCOJ-UHFFFAOYSA-N,HAS_BIOACTIVITY,Bioactivity,BA_001241,has_bioactivity,Associated phytochemical has respective bioactivity
Phytochemical,PQRKPYLNZGDCFH-UHFFFAOYSA-N,HAS_BIOACTIVITY,Bioactivity,BA_001242,has_bioactivity,Associated phytochemical has respective bioactivity
Phytochemical,NGSWKAQJJWESNS-ZZXKWVIFSA-N,HAS_BIOACTIVITY,Bioactivity,BA_001243,has_bioactivity,Associated phytochemical has respective bioactivity
Phytochemical,NGSWKAQJJWESNS-ZZXKWVIFSA-N,HAS_BIOACTIVITY,Bioactivity,BA_001244,has_bioactivity,Associated phytochemical has respective bioactivity
Phytochemical,NGSWKAQJJWESNS-ZZXKWVIFSA-N,HAS_BIOACTIVITY,Bioactivity,BA_001245,has_bioactivity,Associated phytochemical has respective bioactivity
Phytochemical,NGSWKAQJJWESNS-ZZXKWVIFSA-N,HAS_BIOACTIVITY,Bioactivity,BA_001246,has_bioactivity,Associated phytochemical has respective bioactivity
Phytochemical,NGSWKAQJJWESNS-ZZXKWVIFSA-N,HAS_BIOACTIVITY,Bioactivity,BA_001247,has_bioactivity,Associated phytochemical has respective bioactivity
Phytochemical,NGSWKAQJJWESNS-ZZXKWVIFSA-N,HAS_BIOACTIVITY,Bioactivity,BA_001248,has_bioactivity,Associated phytochemical has respective bioactivity
Phytochemical,NGSWKAQJJWESNS-ZZXKWVIFSA-N,HAS_BIOACTIVITY,Bioactivity,BA_001249,has_bioactivity,Associated phytochemical has respective bioactivity
Phytochemical,NGSWKAQJJWESNS-ZZXKWVIFSA-N,HAS_BIOACTIVITY,Bioactivity,BA_001250,has_bioactivity,Associated phytochemical has respective bioactivity
Phytochemical,NGSWKAQJJWESNS-ZZXKWVIFSA-N,HAS_BIOACTIVITY,Bioactivity,BA_001251,has_bioactivity,Associated phytochemical has respective bioactivity
Phytochemical,NGSWKAQJJWESNS-ZZXKWVIFSA-N,HAS_BIOACTIVITY,Bioactivity,BA_001252,has_bioactivity,Associated phytochemical has respective bioactivity
Phytochemical,NGSWKAQJJWESNS-ZZXKWVIFSA-N,HAS_BIOACTIVITY,Bioactivity,BA_001253,has_bioactivity,Associated phytochemical has respective bioactivity
Phytochemical,NGSWKAQJJWESNS-ZZXKWVIFSA-N,HAS_BIOACTIVITY,Bioactivity,BA_001254,has_bioactivity,Associated phytochemical has respective bioactivity
Phytochemical,NGSWKAQJJWESNS-ZZXKWVIFSA-N,HAS_BIOACTIVITY,Bioactivity,BA_001255,has_bioactivity,Associated phytochemical has respective bioactivity
Phytochemical,NGSWKAQJJWESNS-ZZXKWVIFSA-N,HAS_BIOACTIVITY,Bioactivity,BA_001256,has_bioactivity,Associated phytochemical has respective bioactivity
Phytochemical,NGSWKAQJJWESNS-ZZXKWVIFSA-N,HAS_BIOACTIVITY,Bioactivity,BA_001257,has_bioactivity,Associated phytochemical has respective bioactivity
Phytochemical,CWVRJTMFETXNAD-JUHZACGLSA-N,HAS_BIOACTIVITY,Bioactivity,BA_001258,has_bioactivity,Associated phytochemical has respective bioactivity
Phytochemical,CWVRJTMFETXNAD-JUHZACGLSA-N,HAS_BIOACTIVITY,Bioactivity,BA_001259,has_bioactivity,Associated phytochemical has respective bioactivity
Phytochemical,CWVRJTMFETXNAD-JUHZACGLSA-N,HAS_BIOACTIVITY,Bioactivity,BA_001260,has_bioactivity,Associated phytochemical has respective bioactivity
Phytochemical,CWVRJTMFETXNAD-JUHZACGLSA-N,HAS_BIOACTIVITY,Bioactivity,BA_001261,has_bioactivity,Associated phytochemical has respective bioactivity
Phytochemical,CWVRJTMFETXNAD-JUHZACGLSA-N,HAS_BIOACTIVITY,Bioactivity,BA_001262,has_bioactivity,Associated phytochemical has respective bioactivity
Phytochemical,CWVRJTMFETXNAD-JUHZACGLSA-N,HAS_BIOACTIVITY,Bioactivity,BA_001263,has_bioactivity,Associated phytochemical has respective bioactivity
Phytochemical,ZYGHJZDHTFUPRJ-UHFFFAOYSA-N,HAS_BIOACTIVITY,Bioactivity,BA_001264,has_bioactivity,Associated phytochemical has respective bioactivity
Phytochemical,ZYGHJZDHTFUPRJ-UHFFFAOYSA-N,HAS_BIOACTIVITY,Bioactivity,BA_001265,has_bioactivity,Associated phytochemical has respective bioactivity
Phytochemical,ZYGHJZDHTFUPRJ-UHFFFAOYSA-N,HAS_BIOACTIVITY,Bioactivity,BA_001266,has_bioactivity,Associated phytochemical has respective bioactivity
Phytochemical,ZYGHJZDHTFUPRJ-UHFFFAOYSA-N,HAS_BIOACTIVITY,Bioactivity,BA_001267,has_bioactivity,Associated phytochemical has respective bioactivity
Phytochemical,ZYGHJZDHTFUPRJ-UHFFFAOYSA-N,HAS_BIOACTIVITY,Bioactivity,BA_001268,has_bioactivity,Associated phytochemical has respective bioactivity
Phytochemical,ZYGHJZDHTFUPRJ-UHFFFAOYSA-N,HAS_BIOACTIVITY,Bioactivity,BA_001269,has_bioactivity,Associated phytochemical has respective bioactivity
Phytochemical,ZYGHJZDHTFUPRJ-UHFFFAOYSA-N,HAS_BIOACTIVITY,Bioactivity,BA_001270,has_bioactivity,Associated phytochemical has respective bioactivity
Phytochemical,ZYGHJZDHTFUPRJ-UHFFFAOYSA-N,HAS_BIOACTIVITY,Bioactivity,BA_001271,has_bioactivity,Associated phytochemical has respective bioactivity
Phytochemical,ZYGHJZDHTFUPRJ-UHFFFAOYSA-N,HAS_BIOACTIVITY,Bioactivity,BA_001272,has_bioactivity,Associated phytochemical has respective bioactivity
Phytochemical,ZYGHJZDHTFUPRJ-UHFFFAOYSA-N,HAS_BIOACTIVITY,Bioactivity,BA_001273,has_bioactivity,Associated phytochemical has respective bioactivity
Phytochemical,ZYGHJZDHTFUPRJ-UHFFFAOYSA-N,HAS_BIOACTIVITY,Bioactivity,BA_001274,has_bioactivity,Associated phytochemical has respective bioactivity
Phytochemical,ZYGHJZDHTFUPRJ-UHFFFAOYSA-N,HAS_BIOACTIVITY,Bioactivity,BA_000584,has_bioactivity,Associated phytochemical has respective bioactivity
Phytochemical,ZYGHJZDHTFUPRJ-UHFFFAOYSA-N,HAS_BIOACTIVITY,Bioactivity,BA_001275,has_bioactivity,Associated phytochemical has respective bioactivity
Phytochemical,ZYGHJZDHTFUPRJ-UHFFFAOYSA-N,HAS_BIOACTIVITY,Bioactivity,BA_001276,has_bioactivity,Associated phytochemical has respective bioactivity
Phytochemical,ZYGHJZDHTFUPRJ-UHFFFAOYSA-N,HAS_BIOACTIVITY,Bioactivity,BA_001277,has_bioactivity,Associated phytochemical has respective bioactivity
Phytochemical,ZYGHJZDHTFUPRJ-UHFFFAOYSA-N,HAS_BIOACTIVITY,Bioactivity,BA_001278,has_bioactivity,Associated phytochemical has respective bioactivity
Phytochemical,ZYGHJZDHTFUPRJ-UHFFFAOYSA-N,HAS_BIOACTIVITY,Bioactivity,BA_001279,has_bioactivity,Associated phytochemical has respective bioactivity
Phytochemical,YGSDEFSMJLZEOE-UHFFFAOYSA-N,HAS_BIOACTIVITY,Bioactivity,BA_001280,has_bioactivity,Associated phytochemical has respective bioactivity
Phytochemical,YGSDEFSMJLZEOE-UHFFFAOYSA-N,HAS_BIOACTIVITY,Bioactivity,BA_001281,has_bioactivity,Associated phytochemical has respective bioactivity
Phytochemical,YGSDEFSMJLZEOE-UHFFFAOYSA-N,HAS_BIOACTIVITY,Bioactivity,BA_001282,has_bioactivity,Associated phytochemical has respective bioactivity
Phytochemical,YGSDEFSMJLZEOE-UHFFFAOYSA-N,HAS_BIOACTIVITY,Bioactivity,BA_001283,has_bioactivity,Associated phytochemical has respective bioactivity
Phytochemical,YGSDEFSMJLZEOE-UHFFFAOYSA-N,HAS_BIOACTIVITY,Bioactivity,BA_001284,has_bioactivity,Associated phytochemical has respective bioactivity
Phytochemical,YGSDEFSMJLZEOE-UHFFFAOYSA-N,HAS_BIOACTIVITY,Bioactivity,BA_001285,has_bioactivity,Associated phytochemical has respective bioactivity
Phytochemical,CIWBSHSKHKDKBQ-JLAZNSOCSA-N,HAS_BIOACTIVITY,Bioactivity,BA_001286,has_bioactivity,Associated phytochemical has respective bioactivity
Phytochemical,FPIPGXGPPPQFEQ-OVSJKPMPSA-N,HAS_BIOACTIVITY,Bioactivity,BA_001287,has_bioactivity,Associated phytochemical has respective bioactivity
Phytochemical,FPIPGXGPPPQFEQ-OVSJKPMPSA-N,HAS_BIOACTIVITY,Bioactivity,BA_000580,has_bioactivity,Associated phytochemical has respective bioactivity
Phytochemical,FPIPGXGPPPQFEQ-OVSJKPMPSA-N,HAS_BIOACTIVITY,Bioactivity,BA_000054,has_bioactivity,Associated phytochemical has respective bioactivity
Phytochemical,FPIPGXGPPPQFEQ-OVSJKPMPSA-N,HAS_BIOACTIVITY,Bioactivity,BA_001288,has_bioactivity,Associated phytochemical has respective bioactivity
Phytochemical,FPIPGXGPPPQFEQ-OVSJKPMPSA-N,HAS_BIOACTIVITY,Bioactivity,BA_001289,has_bioactivity,Associated phytochemical has respective bioactivity
Phytochemical,FPIPGXGPPPQFEQ-OVSJKPMPSA-N,HAS_BIOACTIVITY,Bioactivity,BA_001290,has_bioactivity,Associated phytochemical has respective bioactivity
Phytochemical,FPIPGXGPPPQFEQ-OVSJKPMPSA-N,HAS_BIOACTIVITY,Bioactivity,BA_001291,has_bioactivity,Associated phytochemical has respective bioactivity
Phytochemical,YZXBAPSDXZZRGB-DOFZRALJSA-N,HAS_BIOACTIVITY,Bioactivity,BA_001292,has_bioactivity,Associated phytochemical has respective bioactivity
Phytochemical,YZXBAPSDXZZRGB-DOFZRALJSA-N,HAS_BIOACTIVITY,Bioactivity,BA_001293,has_bioactivity,Associated phytochemical has respective bioactivity
Phytochemical,YZXBAPSDXZZRGB-DOFZRALJSA-N,HAS_BIOACTIVITY,Bioactivity,BA_001109,has_bioactivity,Associated phytochemical has respective bioactivity
Phytochemical,YZXBAPSDXZZRGB-DOFZRALJSA-N,HAS_BIOACTIVITY,Bioactivity,BA_000749,has_bioactivity,Associated phytochemical has respective bioactivity
Phytochemical,YZXBAPSDXZZRGB-DOFZRALJSA-N,HAS_BIOACTIVITY,Bioactivity,BA_000045,has_bioactivity,Associated phytochemical has respective bioactivity
Phytochemical,YZXBAPSDXZZRGB-DOFZRALJSA-N,HAS_BIOACTIVITY,Bioactivity,BA_001294,has_bioactivity,Associated phytochemical has respective bioactivity
Phytochemical,YZXBAPSDXZZRGB-DOFZRALJSA-N,HAS_BIOACTIVITY,Bioactivity,BA_001295,has_bioactivity,Associated phytochemical has respective bioactivity
Phytochemical,YZXBAPSDXZZRGB-DOFZRALJSA-N,HAS_BIOACTIVITY,Bioactivity,BA_001296,has_bioactivity,Associated phytochemical has respective bioactivity
Phytochemical,YZXBAPSDXZZRGB-DOFZRALJSA-N,HAS_BIOACTIVITY,Bioactivity,BA_001297,has_bioactivity,Associated phytochemical has respective bioactivity
Phytochemical,YZXBAPSDXZZRGB-DOFZRALJSA-N,HAS_BIOACTIVITY,Bioactivity,BA_001298,has_bioactivity,Associated phytochemical has respective bioactivity
Phytochemical,YZXBAPSDXZZRGB-DOFZRALJSA-N,HAS_BIOACTIVITY,Bioactivity,BA_000060,has_bioactivity,Associated phytochemical has respective bioactivity
Phytochemical,YZXBAPSDXZZRGB-DOFZRALJSA-N,HAS_BIOACTIVITY,Bioactivity,BA_001299,has_bioactivity,Associated phytochemical has respective bioactivity
Phytochemical,YZXBAPSDXZZRGB-DOFZRALJSA-N,HAS_BIOACTIVITY,Bioactivity,BA_001126,has_bioactivity,Associated phytochemical has respective bioactivity
Phytochemical,YZXBAPSDXZZRGB-DOFZRALJSA-N,HAS_BIOACTIVITY,Bioactivity,BA_000787,has_bioactivity,Associated phytochemical has respective bioactivity
Phytochemical,YZXBAPSDXZZRGB-DOFZRALJSA-N,HAS_BIOACTIVITY,Bioactivity,BA_001300,has_bioactivity,Associated phytochemical has respective bioactivity
Phytochemical,YZXBAPSDXZZRGB-DOFZRALJSA-N,HAS_BIOACTIVITY,Bioactivity,BA_001301,has_bioactivity,Associated phytochemical has respective bioactivity
Phytochemical,YZXBAPSDXZZRGB-DOFZRALJSA-N,HAS_BIOACTIVITY,Bioactivity,BA_001302,has_bioactivity,Associated phytochemical has respective bioactivity
Phytochemical,YZXBAPSDXZZRGB-DOFZRALJSA-N,HAS_BIOACTIVITY,Bioactivity,BA_001303,has_bioactivity,Associated phytochemical has respective bioactivity
Phytochemical,YZXBAPSDXZZRGB-DOFZRALJSA-N,HAS_BIOACTIVITY,Bioactivity,BA_001304,has_bioactivity,Associated phytochemical has respective bioactivity
Phytochemical,YZXBAPSDXZZRGB-DOFZRALJSA-N,HAS_BIOACTIVITY,Bioactivity,BA_001305,has_bioactivity,Associated phytochemical has respective bioactivity
Phytochemical,YZXBAPSDXZZRGB-DOFZRALJSA-N,HAS_BIOACTIVITY,Bioactivity,BA_001306,has_bioactivity,Associated phytochemical has respective bioactivity
Phytochemical,YZXBAPSDXZZRGB-DOFZRALJSA-N,HAS_BIOACTIVITY,Bioactivity,BA_001307,has_bioactivity,Associated phytochemical has respective bioactivity
Phytochemical,PVNIIMVLHYAWGP-UHFFFAOYSA-N,HAS_BIOACTIVITY,Bioactivity,BA_001308,has_bioactivity,Associated phytochemical has respective bioactivity
Phytochemical,PVNIIMVLHYAWGP-UHFFFAOYSA-N,HAS_BIOACTIVITY,Bioactivity,BA_001309,has_bioactivity,Associated phytochemical has respective bioactivity
Phytochemical,PVNIIMVLHYAWGP-UHFFFAOYSA-N,HAS_BIOACTIVITY,Bioactivity,BA_001310,has_bioactivity,Associated phytochemical has respective bioactivity
Phytochemical,PVNIIMVLHYAWGP-UHFFFAOYSA-N,HAS_BIOACTIVITY,Bioactivity,BA_001311,has_bioactivity,Associated phytochemical has respective bioactivity
Phytochemical,PVNIIMVLHYAWGP-UHFFFAOYSA-N,HAS_BIOACTIVITY,Bioactivity,BA_001312,has_bioactivity,Associated phytochemical has respective bioactivity
Phytochemical,PVNIIMVLHYAWGP-UHFFFAOYSA-N,HAS_BIOACTIVITY,Bioactivity,BA_001313,has_bioactivity,Associated phytochemical has respective bioactivity
Phytochemical,PVNIIMVLHYAWGP-UHFFFAOYSA-N,HAS_BIOACTIVITY,Bioactivity,BA_001314,has_bioactivity,Associated phytochemical has respective bioactivity
Phytochemical,PVNIIMVLHYAWGP-UHFFFAOYSA-N,HAS_BIOACTIVITY,Bioactivity,BA_001315,has_bioactivity,Associated phytochemical has respective bioactivity
Phytochemical,PVNIIMVLHYAWGP-UHFFFAOYSA-N,HAS_BIOACTIVITY,Bioactivity,BA_001316,has_bioactivity,Associated phytochemical has respective bioactivity
Phytochemical,PVNIIMVLHYAWGP-UHFFFAOYSA-N,HAS_BIOACTIVITY,Bioactivity,BA_001317,has_bioactivity,Associated phytochemical has respective bioactivity
Phytochemical,PVNIIMVLHYAWGP-UHFFFAOYSA-N,HAS_BIOACTIVITY,Bioactivity,BA_001318,has_bioactivity,Associated phytochemical has respective bioactivity
Phytochemical,PVNIIMVLHYAWGP-UHFFFAOYSA-N,HAS_BIOACTIVITY,Bioactivity,BA_001319,has_bioactivity,Associated phytochemical has respective bioactivity
Phytochemical,PVNIIMVLHYAWGP-UHFFFAOYSA-N,HAS_BIOACTIVITY,Bioactivity,BA_001320,has_bioactivity,Associated phytochemical has respective bioactivity
Phytochemical,PVNIIMVLHYAWGP-UHFFFAOYSA-N,HAS_BIOACTIVITY,Bioactivity,BA_001321,has_bioactivity,Associated phytochemical has respective bioactivity
Phytochemical,PVNIIMVLHYAWGP-UHFFFAOYSA-N,HAS_BIOACTIVITY,Bioactivity,BA_001322,has_bioactivity,Associated phytochemical has respective bioactivity
Phytochemical,PVNIIMVLHYAWGP-UHFFFAOYSA-N,HAS_BIOACTIVITY,Bioactivity,BA_001323,has_bioactivity,Associated phytochemical has respective bioactivity
Phytochemical,PVNIIMVLHYAWGP-UHFFFAOYSA-N,HAS_BIOACTIVITY,Bioactivity,BA_001324,has_bioactivity,Associated phytochemical has respective bioactivity
Phytochemical,PVNIIMVLHYAWGP-UHFFFAOYSA-N,HAS_BIOACTIVITY,Bioactivity,BA_001325,has_bioactivity,Associated phytochemical has respective bioactivity
Phytochemical,PVNIIMVLHYAWGP-UHFFFAOYSA-N,HAS_BIOACTIVITY,Bioactivity,BA_001326,has_bioactivity,Associated phytochemical has respective bioactivity
Phytochemical,PVNIIMVLHYAWGP-UHFFFAOYSA-N,HAS_BIOACTIVITY,Bioactivity,BA_001327,has_bioactivity,Associated phytochemical has respective bioactivity
Phytochemical,PVNIIMVLHYAWGP-UHFFFAOYSA-N,HAS_BIOACTIVITY,Bioactivity,BA_001328,has_bioactivity,Associated phytochemical has respective bioactivity
Phytochemical,PVNIIMVLHYAWGP-UHFFFAOYSA-N,HAS_BIOACTIVITY,Bioactivity,BA_001329,has_bioactivity,Associated phytochemical has respective bioactivity
Phytochemical,PVNIIMVLHYAWGP-UHFFFAOYSA-N,HAS_BIOACTIVITY,Bioactivity,BA_001330,has_bioactivity,Associated phytochemical has respective bioactivity
Phytochemical,LSHVYAFMTMFKBA-PZJWPPBQSA-N,HAS_BIOACTIVITY,Bioactivity,BA_001331,has_bioactivity,Associated phytochemical has respective bioactivity
Phytochemical,YWJXCIXBAKGUKZ-HJJNZUOJSA-N,HAS_BIOACTIVITY,Bioactivity,BA_001332,has_bioactivity,Associated phytochemical has respective bioactivity
Phytochemical,KMOUJOKENFFTPU-QNDFHXLGSA-N,HAS_BIOACTIVITY,Bioactivity,BA_001333,has_bioactivity,Associated phytochemical has respective bioactivity
Phytochemical,MDZKJHQSJHYOHJ-LLICELPBSA-N,HAS_BIOACTIVITY,Bioactivity,BA_001334,has_bioactivity,Associated phytochemical has respective bioactivity
Phytochemical,MDZKJHQSJHYOHJ-LLICELPBSA-N,HAS_BIOACTIVITY,Bioactivity,BA_001335,has_bioactivity,Associated phytochemical has respective bioactivity
Phytochemical,MDZKJHQSJHYOHJ-LLICELPBSA-N,HAS_BIOACTIVITY,Bioactivity,BA_001336,has_bioactivity,Associated phytochemical has respective bioactivity
Phytochemical,MDZKJHQSJHYOHJ-LLICELPBSA-N,HAS_BIOACTIVITY,Bioactivity,BA_001337,has_bioactivity,Associated phytochemical has respective bioactivity
Phytochemical,BNWJOHGLIBDBOB-UHFFFAOYSA-N,HAS_BIOACTIVITY,Bioactivity,BA_001165,has_bioactivity,Associated phytochemical has respective bioactivity
Phytochemical,BNWJOHGLIBDBOB-UHFFFAOYSA-N,HAS_BIOACTIVITY,Bioactivity,BA_001338,has_bioactivity,Associated phytochemical has respective bioactivity
Phytochemical,BNWJOHGLIBDBOB-UHFFFAOYSA-N,HAS_BIOACTIVITY,Bioactivity,BA_001339,has_bioactivity,Associated phytochemical has respective bioactivity
Phytochemical,WQGWDDDVZFFDIG-UHFFFAOYSA-N,HAS_BIOACTIVITY,Bioactivity,BA_000406,has_bioactivity,Associated phytochemical has respective bioactivity
Phytochemical,WQGWDDDVZFFDIG-UHFFFAOYSA-N,HAS_BIOACTIVITY,Bioactivity,BA_001340,has_bioactivity,Associated phytochemical has respective bioactivity
Phytochemical,WQGWDDDVZFFDIG-UHFFFAOYSA-N,HAS_BIOACTIVITY,Bioactivity,BA_001341,has_bioactivity,Associated phytochemical has respective bioactivity
Phytochemical,WQGWDDDVZFFDIG-UHFFFAOYSA-N,HAS_BIOACTIVITY,Bioactivity,BA_000228,has_bioactivity,Associated phytochemical has respective bioactivity
Phytochemical,WQGWDDDVZFFDIG-UHFFFAOYSA-N,HAS_BIOACTIVITY,Bioactivity,BA_001342,has_bioactivity,Associated phytochemical has respective bioactivity
Phytochemical,WQGWDDDVZFFDIG-UHFFFAOYSA-N,HAS_BIOACTIVITY,Bioactivity,BA_001215,has_bioactivity,Associated phytochemical has respective bioactivity
Phytochemical,WQGWDDDVZFFDIG-UHFFFAOYSA-N,HAS_BIOACTIVITY,Bioactivity,BA_001343,has_bioactivity,Associated phytochemical has respective bioactivity
Phytochemical,WQGWDDDVZFFDIG-UHFFFAOYSA-N,HAS_BIOACTIVITY,Bioactivity,BA_001344,has_bioactivity,Associated phytochemical has respective bioactivity
Phytochemical,WQGWDDDVZFFDIG-UHFFFAOYSA-N,HAS_BIOACTIVITY,Bioactivity,BA_001345,has_bioactivity,Associated phytochemical has respective bioactivity
Phytochemical,WQGWDDDVZFFDIG-UHFFFAOYSA-N,HAS_BIOACTIVITY,Bioactivity,BA_000168,has_bioactivity,Associated phytochemical has respective bioactivity
Phytochemical,WQGWDDDVZFFDIG-UHFFFAOYSA-N,HAS_BIOACTIVITY,Bioactivity,BA_001346,has_bioactivity,Associated phytochemical has respective bioactivity
Phytochemical,WQGWDDDVZFFDIG-UHFFFAOYSA-N,HAS_BIOACTIVITY,Bioactivity,BA_001347,has_bioactivity,Associated phytochemical has respective bioactivity
Phytochemical,WQGWDDDVZFFDIG-UHFFFAOYSA-N,HAS_BIOACTIVITY,Bioactivity,BA_001348,has_bioactivity,Associated phytochemical has respective bioactivity
Phytochemical,WQGWDDDVZFFDIG-UHFFFAOYSA-N,HAS_BIOACTIVITY,Bioactivity,BA_001349,has_bioactivity,Associated phytochemical has respective bioactivity
Phytochemical,WQGWDDDVZFFDIG-UHFFFAOYSA-N,HAS_BIOACTIVITY,Bioactivity,BA_001350,has_bioactivity,Associated phytochemical has respective bioactivity
Phytochemical,WQGWDDDVZFFDIG-UHFFFAOYSA-N,HAS_BIOACTIVITY,Bioactivity,BA_001351,has_bioactivity,Associated phytochemical has respective bioactivity
Phytochemical,WQGWDDDVZFFDIG-UHFFFAOYSA-N,HAS_BIOACTIVITY,Bioactivity,BA_001352,has_bioactivity,Associated phytochemical has respective bioactivity
Phytochemical,WQGWDDDVZFFDIG-UHFFFAOYSA-N,HAS_BIOACTIVITY,Bioactivity,BA_001353,has_bioactivity,Associated phytochemical has respective bioactivity
Phytochemical,WQGWDDDVZFFDIG-UHFFFAOYSA-N,HAS_BIOACTIVITY,Bioactivity,BA_001354,has_bioactivity,Associated phytochemical has respective bioactivity
Phytochemical,WQGWDDDVZFFDIG-UHFFFAOYSA-N,HAS_BIOACTIVITY,Bioactivity,BA_001355,has_bioactivity,Associated phytochemical has respective bioactivity
Phytochemical,WQGWDDDVZFFDIG-UHFFFAOYSA-N,HAS_BIOACTIVITY,Bioactivity,BA_001356,has_bioactivity,Associated phytochemical has respective bioactivity
Phytochemical,WQGWDDDVZFFDIG-UHFFFAOYSA-N,HAS_BIOACTIVITY,Bioactivity,BA_001357,has_bioactivity,Associated phytochemical has respective bioactivity
Phytochemical,WQGWDDDVZFFDIG-UHFFFAOYSA-N,HAS_BIOACTIVITY,Bioactivity,BA_001358,has_bioactivity,Associated phytochemical has respective bioactivity
Phytochemical,WQGWDDDVZFFDIG-UHFFFAOYSA-N,HAS_BIOACTIVITY,Bioactivity,BA_001359,has_bioactivity,Associated phytochemical has respective bioactivity
Phytochemical,WQGWDDDVZFFDIG-UHFFFAOYSA-N,HAS_BIOACTIVITY,Bioactivity,BA_001360,has_bioactivity,Associated phytochemical has respective bioactivity
Phytochemical,ZMQAAUBTXCXRIC-UHFFFAOYSA-N,HAS_BIOACTIVITY,Bioactivity,BA_001361,has_bioactivity,Associated phytochemical has respective bioactivity
Phytochemical,ZMQAAUBTXCXRIC-UHFFFAOYSA-N,HAS_BIOACTIVITY,Bioactivity,BA_000062,has_bioactivity,Associated phytochemical has respective bioactivity
Phytochemical,ZMQAAUBTXCXRIC-UHFFFAOYSA-N,HAS_BIOACTIVITY,Bioactivity,BA_001362,has_bioactivity,Associated phytochemical has respective bioactivity
Phytochemical,MGSRCZKZVOBKFT-UHFFFAOYSA-N,HAS_BIOACTIVITY,Bioactivity,BA_001363,has_bioactivity,Associated phytochemical has respective bioactivity
Phytochemical,MGSRCZKZVOBKFT-UHFFFAOYSA-N,HAS_BIOACTIVITY,Bioactivity,BA_000584,has_bioactivity,Associated phytochemical has respective bioactivity
Phytochemical,OJISWRZIEWCUBN-QIRCYJPOSA-N,HAS_BIOACTIVITY,Bioactivity,BA_001364,has_bioactivity,Associated phytochemical has respective bioactivity
Phytochemical,ZVKOASAVGLETCT-UOGKPENDSA-N,HAS_BIOACTIVITY,Bioactivity,BA_001365,has_bioactivity,Associated phytochemical has respective bioactivity
Phytochemical,ZVKOASAVGLETCT-UOGKPENDSA-N,HAS_BIOACTIVITY,Bioactivity,BA_001366,has_bioactivity,Associated phytochemical has respective bioactivity
Phytochemical,ZVKOASAVGLETCT-UOGKPENDSA-N,HAS_BIOACTIVITY,Bioactivity,BA_001367,has_bioactivity,Associated phytochemical has respective bioactivity
Phytochemical,RAFGELQLHMBRHD-IFNPSABLSA-N,HAS_BIOACTIVITY,Bioactivity,BA_001368,has_bioactivity,Associated phytochemical has respective bioactivity
Phytochemical,RAFGELQLHMBRHD-IFNPSABLSA-N,HAS_BIOACTIVITY,Bioactivity,BA_000949,has_bioactivity,Associated phytochemical has respective bioactivity
Phytochemical,ZOJBYZNEUISWFT-UHFFFAOYSA-N,HAS_BIOACTIVITY,Bioactivity,BA_001369,has_bioactivity,Associated phytochemical has respective bioactivity
Phytochemical,ZOJBYZNEUISWFT-UHFFFAOYSA-N,HAS_BIOACTIVITY,Bioactivity,BA_001370,has_bioactivity,Associated phytochemical has respective bioactivity
Phytochemical,ZOJBYZNEUISWFT-UHFFFAOYSA-N,HAS_BIOACTIVITY,Bioactivity,BA_001371,has_bioactivity,Associated phytochemical has respective bioactivity
Phytochemical,ZOJBYZNEUISWFT-UHFFFAOYSA-N,HAS_BIOACTIVITY,Bioactivity,BA_001372,has_bioactivity,Associated phytochemical has respective bioactivity
Phytochemical,ZOJBYZNEUISWFT-UHFFFAOYSA-N,HAS_BIOACTIVITY,Bioactivity,BA_001373,has_bioactivity,Associated phytochemical has respective bioactivity
Phytochemical,ZOJBYZNEUISWFT-UHFFFAOYSA-N,HAS_BIOACTIVITY,Bioactivity,BA_001374,has_bioactivity,Associated phytochemical has respective bioactivity
Phytochemical,ZOJBYZNEUISWFT-UHFFFAOYSA-N,HAS_BIOACTIVITY,Bioactivity,BA_001375,has_bioactivity,Associated phytochemical has respective bioactivity
Phytochemical,ZOJBYZNEUISWFT-UHFFFAOYSA-N,HAS_BIOACTIVITY,Bioactivity,BA_001376,has_bioactivity,Associated phytochemical has respective bioactivity
Phytochemical,ZOJBYZNEUISWFT-UHFFFAOYSA-N,HAS_BIOACTIVITY,Bioactivity,BA_001377,has_bioactivity,Associated phytochemical has respective bioactivity
Phytochemical,ZOJBYZNEUISWFT-UHFFFAOYSA-N,HAS_BIOACTIVITY,Bioactivity,BA_001378,has_bioactivity,Associated phytochemical has respective bioactivity
Phytochemical,ZOJBYZNEUISWFT-UHFFFAOYSA-N,HAS_BIOACTIVITY,Bioactivity,BA_001379,has_bioactivity,Associated phytochemical has respective bioactivity
Phytochemical,ZOJBYZNEUISWFT-UHFFFAOYSA-N,HAS_BIOACTIVITY,Bioactivity,BA_001380,has_bioactivity,Associated phytochemical has respective bioactivity
Phytochemical,ZOJBYZNEUISWFT-UHFFFAOYSA-N,HAS_BIOACTIVITY,Bioactivity,BA_001381,has_bioactivity,Associated phytochemical has respective bioactivity
Phytochemical,IZJDOKYDEWTZSO-UHFFFAOYSA-N,HAS_BIOACTIVITY,Bioactivity,BA_001382,has_bioactivity,Associated phytochemical has respective bioactivity
Phytochemical,IZJDOKYDEWTZSO-UHFFFAOYSA-N,HAS_BIOACTIVITY,Bioactivity,BA_001383,has_bioactivity,Associated phytochemical has respective bioactivity
Phytochemical,IZJDOKYDEWTZSO-UHFFFAOYSA-N,HAS_BIOACTIVITY,Bioactivity,BA_001384,has_bioactivity,Associated phytochemical has respective bioactivity
Phytochemical,IZJDOKYDEWTZSO-UHFFFAOYSA-N,HAS_BIOACTIVITY,Bioactivity,BA_001385,has_bioactivity,Associated phytochemical has respective bioactivity
Phytochemical,IZJDOKYDEWTZSO-UHFFFAOYSA-N,HAS_BIOACTIVITY,Bioactivity,BA_001386,has_bioactivity,Associated phytochemical has respective bioactivity
Phytochemical,IZJDOKYDEWTZSO-UHFFFAOYSA-N,HAS_BIOACTIVITY,Bioactivity,BA_001387,has_bioactivity,Associated phytochemical has respective bioactivity
Phytochemical,IZJDOKYDEWTZSO-UHFFFAOYSA-N,HAS_BIOACTIVITY,Bioactivity,BA_001388,has_bioactivity,Associated phytochemical has respective bioactivity
Phytochemical,IZJDOKYDEWTZSO-UHFFFAOYSA-N,HAS_BIOACTIVITY,Bioactivity,BA_001389,has_bioactivity,Associated phytochemical has respective bioactivity
Phytochemical,SKIHGKNFJKJXPX-UHFFFAOYSA-N,HAS_BIOACTIVITY,Bioactivity,BA_001390,has_bioactivity,Associated phytochemical has respective bioactivity
Phytochemical,MDKCFLQDBWCQCV-UHFFFAOYSA-N,HAS_BIOACTIVITY,Bioactivity,BA_001391,has_bioactivity,Associated phytochemical has respective bioactivity
Phytochemical,MDKCFLQDBWCQCV-UHFFFAOYSA-N,HAS_BIOACTIVITY,Bioactivity,BA_001295,has_bioactivity,Associated phytochemical has respective bioactivity
Phytochemical,MDKCFLQDBWCQCV-UHFFFAOYSA-N,HAS_BIOACTIVITY,Bioactivity,BA_001392,has_bioactivity,Associated phytochemical has respective bioactivity
Phytochemical,MDKCFLQDBWCQCV-UHFFFAOYSA-N,HAS_BIOACTIVITY,Bioactivity,BA_001393,has_bioactivity,Associated phytochemical has respective bioactivity
Phytochemical,MDKCFLQDBWCQCV-UHFFFAOYSA-N,HAS_BIOACTIVITY,Bioactivity,BA_001394,has_bioactivity,Associated phytochemical has respective bioactivity
Phytochemical,MDKCFLQDBWCQCV-UHFFFAOYSA-N,HAS_BIOACTIVITY,Bioactivity,BA_001395,has_bioactivity,Associated phytochemical has respective bioactivity
Phytochemical,MDKCFLQDBWCQCV-UHFFFAOYSA-N,HAS_BIOACTIVITY,Bioactivity,BA_001396,has_bioactivity,Associated phytochemical has respective bioactivity
Phytochemical,MDKCFLQDBWCQCV-UHFFFAOYSA-N,HAS_BIOACTIVITY,Bioactivity,BA_001397,has_bioactivity,Associated phytochemical has respective bioactivity
Phytochemical,DPUOLQHDNGRHBS-KTKRTIGZSA-N,HAS_BIOACTIVITY,Bioactivity,BA_001398,has_bioactivity,Associated phytochemical has respective bioactivity
Phytochemical,VHBFEIBMZHEWSX-UHFFFAOYSA-N,HAS_BIOACTIVITY,Bioactivity,BA_001399,has_bioactivity,Associated phytochemical has respective bioactivity
Phytochemical,TUFJIDJGIQOYFY-UHFFFAOYSA-N,HAS_BIOACTIVITY,Bioactivity,BA_001400,has_bioactivity,Associated phytochemical has respective bioactivity
Phytochemical,MXXWOMGUGJBKIW-PORYWJCVSA-N,HAS_BIOACTIVITY,Bioactivity,BA_001401,has_bioactivity,Associated phytochemical has respective bioactivity
Phytochemical,MXXWOMGUGJBKIW-PORYWJCVSA-N,HAS_BIOACTIVITY,Bioactivity,BA_000359,has_bioactivity,Associated phytochemical has respective bioactivity
Phytochemical,MXXWOMGUGJBKIW-PORYWJCVSA-N,HAS_BIOACTIVITY,Bioactivity,BA_000228,has_bioactivity,Associated phytochemical has respective bioactivity
Phytochemical,MXXWOMGUGJBKIW-PORYWJCVSA-N,HAS_BIOACTIVITY,Bioactivity,BA_000129,has_bioactivity,Associated phytochemical has respective bioactivity
Phytochemical,MXXWOMGUGJBKIW-PORYWJCVSA-N,HAS_BIOACTIVITY,Bioactivity,BA_000233,has_bioactivity,Associated phytochemical has respective bioactivity
Phytochemical,MXXWOMGUGJBKIW-PORYWJCVSA-N,HAS_BIOACTIVITY,Bioactivity,BA_001402,has_bioactivity,Associated phytochemical has respective bioactivity
Phytochemical,ABDKAPXRBAPSQN-UHFFFAOYSA-N,HAS_BIOACTIVITY,Bioactivity,BA_001403,has_bioactivity,Associated phytochemical has respective bioactivity
Phytochemical,ABDKAPXRBAPSQN-UHFFFAOYSA-N,HAS_BIOACTIVITY,Bioactivity,BA_001404,has_bioactivity,Associated phytochemical has respective bioactivity
Phytochemical,ABDKAPXRBAPSQN-UHFFFAOYSA-N,HAS_BIOACTIVITY,Bioactivity,BA_001405,has_bioactivity,Associated phytochemical has respective bioactivity
Phytochemical,ABDKAPXRBAPSQN-UHFFFAOYSA-N,HAS_BIOACTIVITY,Bioactivity,BA_001406,has_bioactivity,Associated phytochemical has respective bioactivity
Phytochemical,ABDKAPXRBAPSQN-UHFFFAOYSA-N,HAS_BIOACTIVITY,Bioactivity,BA_001407,has_bioactivity,Associated phytochemical has respective bioactivity
Phytochemical,ZSIAUFGUXNUGDI-UHFFFAOYSA-N,HAS_BIOACTIVITY,Bioactivity,BA_000810,has_bioactivity,Associated phytochemical has respective bioactivity
Phytochemical,ZSIAUFGUXNUGDI-UHFFFAOYSA-N,HAS_BIOACTIVITY,Bioactivity,BA_001408,has_bioactivity,Associated phytochemical has respective bioactivity
Phytochemical,AMQJEAYHLZJPGS-UHFFFAOYSA-N,HAS_BIOACTIVITY,Bioactivity,BA_001409,has_bioactivity,Associated phytochemical has respective bioactivity
Phytochemical,AMQJEAYHLZJPGS-UHFFFAOYSA-N,HAS_BIOACTIVITY,Bioactivity,BA_001410,has_bioactivity,Associated phytochemical has respective bioactivity
Phytochemical,FXLOVSHXALFLKQ-UHFFFAOYSA-N,HAS_BIOACTIVITY,Bioactivity,BA_001411,has_bioactivity,Associated phytochemical has respective bioactivity
Phytochemical,IOJUPLGTWVMSFF-UHFFFAOYSA-N,HAS_BIOACTIVITY,Bioactivity,BA_001412,has_bioactivity,Associated phytochemical has respective bioactivity
Phytochemical,FERIUCNNQQJTOY-UHFFFAOYSA-N,HAS_BIOACTIVITY,Bioactivity,BA_001413,has_bioactivity,Associated phytochemical has respective bioactivity
Phytochemical,HPXRVTGHNJAIIH-UHFFFAOYSA-N,HAS_BIOACTIVITY,Bioactivity,BA_000976,has_bioactivity,Associated phytochemical has respective bioactivity
Phytochemical,SIKJAQJRHWYJAI-UHFFFAOYSA-N,HAS_BIOACTIVITY,Bioactivity,BA_001414,has_bioactivity,Associated phytochemical has respective bioactivity
Phytochemical,SIKJAQJRHWYJAI-UHFFFAOYSA-N,HAS_BIOACTIVITY,Bioactivity,BA_001415,has_bioactivity,Associated phytochemical has respective bioactivity
Phytochemical,BJIOGJUNALELMI-ONEGZZNKSA-N,HAS_BIOACTIVITY,Bioactivity,BA_000389,has_bioactivity,Associated phytochemical has respective bioactivity
Phytochemical,QPJVMBTYPHYUOC-UHFFFAOYSA-N,HAS_BIOACTIVITY,Bioactivity,BA_001416,has_bioactivity,Associated phytochemical has respective bioactivity
Phytochemical,QYDYPVFESGNLHU-KHPPLWFESA-N,HAS_BIOACTIVITY,Bioactivity,BA_001417,has_bioactivity,Associated phytochemical has respective bioactivity
Phytochemical,QYDYPVFESGNLHU-KHPPLWFESA-N,HAS_BIOACTIVITY,Bioactivity,BA_001418,has_bioactivity,Associated phytochemical has respective bioactivity
Phytochemical,OSWPMRLSEDHDFF-UHFFFAOYSA-N,HAS_BIOACTIVITY,Bioactivity,BA_000584,has_bioactivity,Associated phytochemical has respective bioactivity
Phytochemical,OSWPMRLSEDHDFF-UHFFFAOYSA-N,HAS_BIOACTIVITY,Bioactivity,BA_000039,has_bioactivity,Associated phytochemical has respective bioactivity
Phytochemical,OSWPMRLSEDHDFF-UHFFFAOYSA-N,HAS_BIOACTIVITY,Bioactivity,BA_001419,has_bioactivity,Associated phytochemical has respective bioactivity
Phytochemical,SECPZKHBENQXJG-FPLPWBNLSA-N,HAS_BIOACTIVITY,Bioactivity,BA_001420,has_bioactivity,Associated phytochemical has respective bioactivity
Phytochemical,SECPZKHBENQXJG-FPLPWBNLSA-N,HAS_BIOACTIVITY,Bioactivity,BA_001421,has_bioactivity,Associated phytochemical has respective bioactivity
Phytochemical,SECPZKHBENQXJG-FPLPWBNLSA-N,HAS_BIOACTIVITY,Bioactivity,BA_001422,has_bioactivity,Associated phytochemical has respective bioactivity
Phytochemical,SECPZKHBENQXJG-FPLPWBNLSA-N,HAS_BIOACTIVITY,Bioactivity,BA_001423,has_bioactivity,Associated phytochemical has respective bioactivity
Phytochemical,PPBRXRYQALVLMV-UHFFFAOYSA-N,HAS_BIOACTIVITY,Bioactivity,BA_001424,has_bioactivity,Associated phytochemical has respective bioactivity
Phytochemical,PPBRXRYQALVLMV-UHFFFAOYSA-N,HAS_BIOACTIVITY,Bioactivity,BA_001425,has_bioactivity,Associated phytochemical has respective bioactivity
Phytochemical,PPBRXRYQALVLMV-UHFFFAOYSA-N,HAS_BIOACTIVITY,Bioactivity,BA_001426,has_bioactivity,Associated phytochemical has respective bioactivity
Phytochemical,PPBRXRYQALVLMV-UHFFFAOYSA-N,HAS_BIOACTIVITY,Bioactivity,BA_001427,has_bioactivity,Associated phytochemical has respective bioactivity
Phytochemical,PPBRXRYQALVLMV-UHFFFAOYSA-N,HAS_BIOACTIVITY,Bioactivity,BA_001428,has_bioactivity,Associated phytochemical has respective bioactivity
Phytochemical,XZTUSOXSLKTKJQ-CESUGQOBSA-N,HAS_BIOACTIVITY,Bioactivity,BA_001429,has_bioactivity,Associated phytochemical has respective bioactivity
Phytochemical,XZTUSOXSLKTKJQ-CESUGQOBSA-N,HAS_BIOACTIVITY,Bioactivity,BA_001430,has_bioactivity,Associated phytochemical has respective bioactivity
Phytochemical,XZTUSOXSLKTKJQ-CESUGQOBSA-N,HAS_BIOACTIVITY,Bioactivity,BA_001431,has_bioactivity,Associated phytochemical has respective bioactivity
Phytochemical,XZTUSOXSLKTKJQ-CESUGQOBSA-N,HAS_BIOACTIVITY,Bioactivity,BA_001432,has_bioactivity,Associated phytochemical has respective bioactivity
Phytochemical,XZTUSOXSLKTKJQ-CESUGQOBSA-N,HAS_BIOACTIVITY,Bioactivity,BA_001433,has_bioactivity,Associated phytochemical has respective bioactivity
Phytochemical,XZTUSOXSLKTKJQ-CESUGQOBSA-N,HAS_BIOACTIVITY,Bioactivity,BA_001434,has_bioactivity,Associated phytochemical has respective bioactivity
Phytochemical,XZTUSOXSLKTKJQ-CESUGQOBSA-N,HAS_BIOACTIVITY,Bioactivity,BA_001435,has_bioactivity,Associated phytochemical has respective bioactivity
Phytochemical,XZTUSOXSLKTKJQ-CESUGQOBSA-N,HAS_BIOACTIVITY,Bioactivity,BA_001436,has_bioactivity,Associated phytochemical has respective bioactivity
Phytochemical,XZTUSOXSLKTKJQ-CESUGQOBSA-N,HAS_BIOACTIVITY,Bioactivity,BA_001437,has_bioactivity,Associated phytochemical has respective bioactivity
Phytochemical,XZTUSOXSLKTKJQ-CESUGQOBSA-N,HAS_BIOACTIVITY,Bioactivity,BA_000572,has_bioactivity,Associated phytochemical has respective bioactivity
Phytochemical,XZTUSOXSLKTKJQ-CESUGQOBSA-N,HAS_BIOACTIVITY,Bioactivity,BA_001438,has_bioactivity,Associated phytochemical has respective bioactivity
Phytochemical,XZTUSOXSLKTKJQ-CESUGQOBSA-N,HAS_BIOACTIVITY,Bioactivity,BA_001439,has_bioactivity,Associated phytochemical has respective bioactivity
Phytochemical,XZTUSOXSLKTKJQ-CESUGQOBSA-N,HAS_BIOACTIVITY,Bioactivity,BA_001440,has_bioactivity,Associated phytochemical has respective bioactivity
Phytochemical,YQUVCSBJEUQKSH-UHFFFAOYSA-N,HAS_BIOACTIVITY,Bioactivity,BA_001441,has_bioactivity,Associated phytochemical has respective bioactivity
Phytochemical,YQUVCSBJEUQKSH-UHFFFAOYSA-N,HAS_BIOACTIVITY,Bioactivity,BA_001442,has_bioactivity,Associated phytochemical has respective bioactivity
Phytochemical,YQUVCSBJEUQKSH-UHFFFAOYSA-N,HAS_BIOACTIVITY,Bioactivity,BA_001443,has_bioactivity,Associated phytochemical has respective bioactivity
Phytochemical,YQUVCSBJEUQKSH-UHFFFAOYSA-N,HAS_BIOACTIVITY,Bioactivity,BA_001444,has_bioactivity,Associated phytochemical has respective bioactivity
Phytochemical,YQUVCSBJEUQKSH-UHFFFAOYSA-N,HAS_BIOACTIVITY,Bioactivity,BA_001445,has_bioactivity,Associated phytochemical has respective bioactivity
Phytochemical,YQUVCSBJEUQKSH-UHFFFAOYSA-N,HAS_BIOACTIVITY,Bioactivity,BA_001446,has_bioactivity,Associated phytochemical has respective bioactivity
Phytochemical,YQUVCSBJEUQKSH-UHFFFAOYSA-N,HAS_BIOACTIVITY,Bioactivity,BA_001447,has_bioactivity,Associated phytochemical has respective bioactivity
Phytochemical,YQUVCSBJEUQKSH-UHFFFAOYSA-N,HAS_BIOACTIVITY,Bioactivity,BA_001448,has_bioactivity,Associated phytochemical has respective bioactivity
Phytochemical,YQUVCSBJEUQKSH-UHFFFAOYSA-N,HAS_BIOACTIVITY,Bioactivity,BA_000273,has_bioactivity,Associated phytochemical has respective bioactivity
Phytochemical,YQUVCSBJEUQKSH-UHFFFAOYSA-N,HAS_BIOACTIVITY,Bioactivity,BA_000954,has_bioactivity,Associated phytochemical has respective bioactivity
Phytochemical,YQUVCSBJEUQKSH-UHFFFAOYSA-N,HAS_BIOACTIVITY,Bioactivity,BA_001449,has_bioactivity,Associated phytochemical has respective bioactivity
Phytochemical,YQUVCSBJEUQKSH-UHFFFAOYSA-N,HAS_BIOACTIVITY,Bioactivity,BA_001450,has_bioactivity,Associated phytochemical has respective bioactivity
Phytochemical,KSEBMYQBYZTDHS-HWKANZROSA-N,HAS_BIOACTIVITY,Bioactivity,BA_001451,has_bioactivity,Associated phytochemical has respective bioactivity
Phytochemical,KSEBMYQBYZTDHS-HWKANZROSA-N,HAS_BIOACTIVITY,Bioactivity,BA_001452,has_bioactivity,Associated phytochemical has respective bioactivity
Phytochemical,KSEBMYQBYZTDHS-HWKANZROSA-N,HAS_BIOACTIVITY,Bioactivity,BA_001453,has_bioactivity,Associated phytochemical has respective bioactivity
Phytochemical,KSEBMYQBYZTDHS-HWKANZROSA-N,HAS_BIOACTIVITY,Bioactivity,BA_001454,has_bioactivity,Associated phytochemical has respective bioactivity
Phytochemical,KSEBMYQBYZTDHS-HWKANZROSA-N,HAS_BIOACTIVITY,Bioactivity,BA_001455,has_bioactivity,Associated phytochemical has respective bioactivity
Phytochemical,KSEBMYQBYZTDHS-HWKANZROSA-N,HAS_BIOACTIVITY,Bioactivity,BA_001456,has_bioactivity,Associated phytochemical has respective bioactivity
Phytochemical,KSEBMYQBYZTDHS-HWKANZROSA-N,HAS_BIOACTIVITY,Bioactivity,BA_001457,has_bioactivity,Associated phytochemical has respective bioactivity
Phytochemical,KSEBMYQBYZTDHS-HWKANZROSA-N,HAS_BIOACTIVITY,Bioactivity,BA_001458,has_bioactivity,Associated phytochemical has respective bioactivity
Phytochemical,KSEBMYQBYZTDHS-HWKANZROSA-N,HAS_BIOACTIVITY,Bioactivity,BA_001459,has_bioactivity,Associated phytochemical has respective bioactivity
Phytochemical,KSEBMYQBYZTDHS-HWKANZROSA-N,HAS_BIOACTIVITY,Bioactivity,BA_000944,has_bioactivity,Associated phytochemical has respective bioactivity
Phytochemical,KSEBMYQBYZTDHS-HWKANZROSA-N,HAS_BIOACTIVITY,Bioactivity,BA_000615,has_bioactivity,Associated phytochemical has respective bioactivity
Phytochemical,KSEBMYQBYZTDHS-HWKANZROSA-N,HAS_BIOACTIVITY,Bioactivity,BA_001460,has_bioactivity,Associated phytochemical has respective bioactivity
Phytochemical,JMSVCTWVEWCHDZ-UHFFFAOYSA-N,HAS_BIOACTIVITY,Bioactivity,BA_001461,has_bioactivity,Associated phytochemical has respective bioactivity
Phytochemical,JMSVCTWVEWCHDZ-UHFFFAOYSA-N,HAS_BIOACTIVITY,Bioactivity,BA_001462,has_bioactivity,Associated phytochemical has respective bioactivity
Phytochemical,JMSVCTWVEWCHDZ-UHFFFAOYSA-N,HAS_BIOACTIVITY,Bioactivity,BA_001463,has_bioactivity,Associated phytochemical has respective bioactivity
Phytochemical,JMSVCTWVEWCHDZ-UHFFFAOYSA-N,HAS_BIOACTIVITY,Bioactivity,BA_001464,has_bioactivity,Associated phytochemical has respective bioactivity
Phytochemical,JMSVCTWVEWCHDZ-UHFFFAOYSA-N,HAS_BIOACTIVITY,Bioactivity,BA_001465,has_bioactivity,Associated phytochemical has respective bioactivity
Phytochemical,JMSVCTWVEWCHDZ-UHFFFAOYSA-N,HAS_BIOACTIVITY,Bioactivity,BA_001466,has_bioactivity,Associated phytochemical has respective bioactivity
Phytochemical,JMSVCTWVEWCHDZ-UHFFFAOYSA-N,HAS_BIOACTIVITY,Bioactivity,BA_001467,has_bioactivity,Associated phytochemical has respective bioactivity
Phytochemical,JMSVCTWVEWCHDZ-UHFFFAOYSA-N,HAS_BIOACTIVITY,Bioactivity,BA_001468,has_bioactivity,Associated phytochemical has respective bioactivity
Phytochemical,JMSVCTWVEWCHDZ-UHFFFAOYSA-N,HAS_BIOACTIVITY,Bioactivity,BA_001469,has_bioactivity,Associated phytochemical has respective bioactivity
Phytochemical,BXRGGUXPWTWACZ-UHFFFAOYSA-N,HAS_BIOACTIVITY,Bioactivity,BA_001470,has_bioactivity,Associated phytochemical has respective bioactivity
Phytochemical,ODBRNZZJSYPIDI-VJXVFPJBSA-N,HAS_BIOACTIVITY,Bioactivity,BA_001471,has_bioactivity,Associated phytochemical has respective bioactivity
Phytochemical,ODBRNZZJSYPIDI-VJXVFPJBSA-N,HAS_BIOACTIVITY,Bioactivity,BA_000512,has_bioactivity,Associated phytochemical has respective bioactivity
Phytochemical,CMUNUTVVOOHQPW-LURJTMIESA-N,HAS_BIOACTIVITY,Bioactivity,BA_000359,has_bioactivity,Associated phytochemical has respective bioactivity
Phytochemical,PMOWTIHVNWZYFI-AATRIKPKSA-N,HAS_BIOACTIVITY,Bioactivity,BA_001472,has_bioactivity,Associated phytochemical has respective bioactivity
Phytochemical,PMOWTIHVNWZYFI-AATRIKPKSA-N,HAS_BIOACTIVITY,Bioactivity,BA_001473,has_bioactivity,Associated phytochemical has respective bioactivity
Phytochemical,PMOWTIHVNWZYFI-AATRIKPKSA-N,HAS_BIOACTIVITY,Bioactivity,BA_001474,has_bioactivity,Associated phytochemical has respective bioactivity
Phytochemical,PMOWTIHVNWZYFI-AATRIKPKSA-N,HAS_BIOACTIVITY,Bioactivity,BA_001475,has_bioactivity,Associated phytochemical has respective bioactivity
Phytochemical,OXKMZIABKYHLAR-SVDYBJNLSA-N,HAS_BIOACTIVITY,Bioactivity,BA_001476,has_bioactivity,Associated phytochemical has respective bioactivity
Phytochemical,OWPWFVVPBYFKBG-NYVHBPEFSA-N,HAS_BIOACTIVITY,Bioactivity,BA_001477,has_bioactivity,Associated phytochemical has respective bioactivity
Phytochemical,RWSXRVCMGQZWBV-WDSKDSINSA-N,HAS_BIOACTIVITY,Bioactivity,BA_001478,has_bioactivity,Associated phytochemical has respective bioactivity
Phytochemical,DONIPVCAKBPJLH-IGACXKNBSA-N,HAS_BIOACTIVITY,Bioactivity,BA_001479,has_bioactivity,Associated phytochemical has respective bioactivity
Phytochemical,XZTUSOXSLKTKJQ-CIXPXFMPSA-N,HAS_BIOACTIVITY,Bioactivity,BA_001480,has_bioactivity,Associated phytochemical has respective bioactivity
Phytochemical,XZTUSOXSLKTKJQ-CIXPXFMPSA-N,HAS_BIOACTIVITY,Bioactivity,BA_001481,has_bioactivity,Associated phytochemical has respective bioactivity
Phytochemical,XZTUSOXSLKTKJQ-CIXPXFMPSA-N,HAS_BIOACTIVITY,Bioactivity,BA_000975,has_bioactivity,Associated phytochemical has respective bioactivity
Phytochemical,XZTUSOXSLKTKJQ-CIXPXFMPSA-N,HAS_BIOACTIVITY,Bioactivity,BA_000581,has_bioactivity,Associated phytochemical has respective bioactivity
Phytochemical,XZTUSOXSLKTKJQ-CIXPXFMPSA-N,HAS_BIOACTIVITY,Bioactivity,BA_001482,has_bioactivity,Associated phytochemical has respective bioactivity
Phytochemical,XZTUSOXSLKTKJQ-CIXPXFMPSA-N,HAS_BIOACTIVITY,Bioactivity,BA_001483,has_bioactivity,Associated phytochemical has respective bioactivity
Phytochemical,XZTUSOXSLKTKJQ-CIXPXFMPSA-N,HAS_BIOACTIVITY,Bioactivity,BA_001484,has_bioactivity,Associated phytochemical has respective bioactivity
Phytochemical,XZTUSOXSLKTKJQ-CIXPXFMPSA-N,HAS_BIOACTIVITY,Bioactivity,BA_001485,has_bioactivity,Associated phytochemical has respective bioactivity
Phytochemical,XZTUSOXSLKTKJQ-CIXPXFMPSA-N,HAS_BIOACTIVITY,Bioactivity,BA_001486,has_bioactivity,Associated phytochemical has respective bioactivity
Phytochemical,XZTUSOXSLKTKJQ-CIXPXFMPSA-N,HAS_BIOACTIVITY,Bioactivity,BA_001432,has_bioactivity,Associated phytochemical has respective bioactivity
Phytochemical,DLQSYZMPSWHYMW-XYOKQWHBSA-N,HAS_BIOACTIVITY,Bioactivity,BA_001487,has_bioactivity,Associated phytochemical has respective bioactivity
Phytochemical,OLBNOBQOQZRLMP-UHFFFAOYSA-N,HAS_BIOACTIVITY,Bioactivity,BA_000223,has_bioactivity,Associated phytochemical has respective bioactivity
Phytochemical,OLBNOBQOQZRLMP-UHFFFAOYSA-N,HAS_BIOACTIVITY,Bioactivity,BA_000045,has_bioactivity,Associated phytochemical has respective bioactivity
Phytochemical,OLBNOBQOQZRLMP-UHFFFAOYSA-N,HAS_BIOACTIVITY,Bioactivity,BA_001488,has_bioactivity,Associated phytochemical has respective bioactivity
Phytochemical,OLBNOBQOQZRLMP-UHFFFAOYSA-N,HAS_BIOACTIVITY,Bioactivity,BA_001489,has_bioactivity,Associated phytochemical has respective bioactivity
Phytochemical,OLBNOBQOQZRLMP-UHFFFAOYSA-N,HAS_BIOACTIVITY,Bioactivity,BA_001490,has_bioactivity,Associated phytochemical has respective bioactivity
Phytochemical,OLBNOBQOQZRLMP-UHFFFAOYSA-N,HAS_BIOACTIVITY,Bioactivity,BA_001491,has_bioactivity,Associated phytochemical has respective bioactivity
Phytochemical,OLBNOBQOQZRLMP-UHFFFAOYSA-N,HAS_BIOACTIVITY,Bioactivity,BA_001492,has_bioactivity,Associated phytochemical has respective bioactivity
Phytochemical,OLBNOBQOQZRLMP-UHFFFAOYSA-N,HAS_BIOACTIVITY,Bioactivity,BA_001172,has_bioactivity,Associated phytochemical has respective bioactivity
Phytochemical,OLBNOBQOQZRLMP-UHFFFAOYSA-N,HAS_BIOACTIVITY,Bioactivity,BA_001493,has_bioactivity,Associated phytochemical has respective bioactivity
Phytochemical,OLBNOBQOQZRLMP-UHFFFAOYSA-N,HAS_BIOACTIVITY,Bioactivity,BA_000135,has_bioactivity,Associated phytochemical has respective bioactivity
Phytochemical,OLBNOBQOQZRLMP-UHFFFAOYSA-N,HAS_BIOACTIVITY,Bioactivity,BA_001494,has_bioactivity,Associated phytochemical has respective bioactivity
Phytochemical,OLBNOBQOQZRLMP-UHFFFAOYSA-N,HAS_BIOACTIVITY,Bioactivity,BA_001137,has_bioactivity,Associated phytochemical has respective bioactivity
Phytochemical,OLBNOBQOQZRLMP-UHFFFAOYSA-N,HAS_BIOACTIVITY,Bioactivity,BA_001495,has_bioactivity,Associated phytochemical has respective bioactivity
Phytochemical,OLBNOBQOQZRLMP-UHFFFAOYSA-N,HAS_BIOACTIVITY,Bioactivity,BA_001496,has_bioactivity,Associated phytochemical has respective bioactivity
Phytochemical,GUAFOGOEJLSQBT-UHFFFAOYSA-N,HAS_BIOACTIVITY,Bioactivity,BA_001497,has_bioactivity,Associated phytochemical has respective bioactivity
Phytochemical,MWKFXSUHUHTGQN-UHFFFAOYSA-N,HAS_BIOACTIVITY,Bioactivity,BA_001498,has_bioactivity,Associated phytochemical has respective bioactivity
Phytochemical,DBMJZOMNXBSRED-OQLLNIDSSA-N,HAS_BIOACTIVITY,Bioactivity,BA_001499,has_bioactivity,Associated phytochemical has respective bioactivity
Phytochemical,DBMJZOMNXBSRED-OQLLNIDSSA-N,HAS_BIOACTIVITY,Bioactivity,BA_001500,has_bioactivity,Associated phytochemical has respective bioactivity
Phytochemical,DBMJZOMNXBSRED-OQLLNIDSSA-N,HAS_BIOACTIVITY,Bioactivity,BA_001501,has_bioactivity,Associated phytochemical has respective bioactivity
Phytochemical,DBMJZOMNXBSRED-OQLLNIDSSA-N,HAS_BIOACTIVITY,Bioactivity,BA_001502,has_bioactivity,Associated phytochemical has respective bioactivity
Phytochemical,DBMJZOMNXBSRED-OQLLNIDSSA-N,HAS_BIOACTIVITY,Bioactivity,BA_001503,has_bioactivity,Associated phytochemical has respective bioactivity
Phytochemical,DBMJZOMNXBSRED-OQLLNIDSSA-N,HAS_BIOACTIVITY,Bioactivity,BA_001504,has_bioactivity,Associated phytochemical has respective bioactivity
Phytochemical,DBMJZOMNXBSRED-OQLLNIDSSA-N,HAS_BIOACTIVITY,Bioactivity,BA_001505,has_bioactivity,Associated phytochemical has respective bioactivity
Phytochemical,BGEBZHIAGXMEMV-UHFFFAOYSA-N,HAS_BIOACTIVITY,Bioactivity,BA_000039,has_bioactivity,Associated phytochemical has respective bioactivity
Phytochemical,BGEBZHIAGXMEMV-UHFFFAOYSA-N,HAS_BIOACTIVITY,Bioactivity,BA_001112,has_bioactivity,Associated phytochemical has respective bioactivity
Phytochemical,BGEBZHIAGXMEMV-UHFFFAOYSA-N,HAS_BIOACTIVITY,Bioactivity,BA_001506,has_bioactivity,Associated phytochemical has respective bioactivity
Phytochemical,BGEBZHIAGXMEMV-UHFFFAOYSA-N,HAS_BIOACTIVITY,Bioactivity,BA_001165,has_bioactivity,Associated phytochemical has respective bioactivity
Phytochemical,BGEBZHIAGXMEMV-UHFFFAOYSA-N,HAS_BIOACTIVITY,Bioactivity,BA_000063,has_bioactivity,Associated phytochemical has respective bioactivity
Phytochemical,BGEBZHIAGXMEMV-UHFFFAOYSA-N,HAS_BIOACTIVITY,Bioactivity,BA_001507,has_bioactivity,Associated phytochemical has respective bioactivity
Phytochemical,BGEBZHIAGXMEMV-UHFFFAOYSA-N,HAS_BIOACTIVITY,Bioactivity,BA_001508,has_bioactivity,Associated phytochemical has respective bioactivity
Phytochemical,BGEBZHIAGXMEMV-UHFFFAOYSA-N,HAS_BIOACTIVITY,Bioactivity,BA_001509,has_bioactivity,Associated phytochemical has respective bioactivity
Phytochemical,BGEBZHIAGXMEMV-UHFFFAOYSA-N,HAS_BIOACTIVITY,Bioactivity,BA_001510,has_bioactivity,Associated phytochemical has respective bioactivity
Phytochemical,SCZVLDHREVKTSH-UHFFFAOYSA-N,HAS_BIOACTIVITY,Bioactivity,BA_001511,has_bioactivity,Associated phytochemical has respective bioactivity
Phytochemical,SCZVLDHREVKTSH-UHFFFAOYSA-N,HAS_BIOACTIVITY,Bioactivity,BA_001512,has_bioactivity,Associated phytochemical has respective bioactivity
Phytochemical,SCZVLDHREVKTSH-UHFFFAOYSA-N,HAS_BIOACTIVITY,Bioactivity,BA_001513,has_bioactivity,Associated phytochemical has respective bioactivity
Phytochemical,SCZVLDHREVKTSH-UHFFFAOYSA-N,HAS_BIOACTIVITY,Bioactivity,BA_001514,has_bioactivity,Associated phytochemical has respective bioactivity
Phytochemical,SCZVLDHREVKTSH-UHFFFAOYSA-N,HAS_BIOACTIVITY,Bioactivity,BA_000581,has_bioactivity,Associated phytochemical has respective bioactivity
Phytochemical,SCZVLDHREVKTSH-UHFFFAOYSA-N,HAS_BIOACTIVITY,Bioactivity,BA_001515,has_bioactivity,Associated phytochemical has respective bioactivity
Phytochemical,SCZVLDHREVKTSH-UHFFFAOYSA-N,HAS_BIOACTIVITY,Bioactivity,BA_001516,has_bioactivity,Associated phytochemical has respective bioactivity
Phytochemical,SCZVLDHREVKTSH-UHFFFAOYSA-N,HAS_BIOACTIVITY,Bioactivity,BA_001517,has_bioactivity,Associated phytochemical has respective bioactivity
Phytochemical,NXJCRELRQHZBQA-UHFFFAOYSA-N,HAS_BIOACTIVITY,Bioactivity,BA_001518,has_bioactivity,Associated phytochemical has respective bioactivity
Phytochemical,NXJCRELRQHZBQA-UHFFFAOYSA-N,HAS_BIOACTIVITY,Bioactivity,BA_001519,has_bioactivity,Associated phytochemical has respective bioactivity
Phytochemical,SFLMUHDGSQZDOW-FAOXUISGSA-N,HAS_BIOACTIVITY,Bioactivity,BA_001520,has_bioactivity,Associated phytochemical has respective bioactivity
Phytochemical,MFYSYFVPBJMHGN-ZPOLXVRWSA-N,HAS_BIOACTIVITY,Bioactivity,BA_001521,has_bioactivity,Associated phytochemical has respective bioactivity
Phytochemical,MFYSYFVPBJMHGN-ZPOLXVRWSA-N,HAS_BIOACTIVITY,Bioactivity,BA_001522,has_bioactivity,Associated phytochemical has respective bioactivity
Phytochemical,MFYSYFVPBJMHGN-ZPOLXVRWSA-N,HAS_BIOACTIVITY,Bioactivity,BA_000208,has_bioactivity,Associated phytochemical has respective bioactivity
Phytochemical,MFYSYFVPBJMHGN-ZPOLXVRWSA-N,HAS_BIOACTIVITY,Bioactivity,BA_001523,has_bioactivity,Associated phytochemical has respective bioactivity
Phytochemical,MFYSYFVPBJMHGN-ZPOLXVRWSA-N,HAS_BIOACTIVITY,Bioactivity,BA_001165,has_bioactivity,Associated phytochemical has respective bioactivity
Phytochemical,MFYSYFVPBJMHGN-ZPOLXVRWSA-N,HAS_BIOACTIVITY,Bioactivity,BA_001524,has_bioactivity,Associated phytochemical has respective bioactivity
Phytochemical,MFYSYFVPBJMHGN-ZPOLXVRWSA-N,HAS_BIOACTIVITY,Bioactivity,BA_001525,has_bioactivity,Associated phytochemical has respective bioactivity
Phytochemical,MFYSYFVPBJMHGN-ZPOLXVRWSA-N,HAS_BIOACTIVITY,Bioactivity,BA_001526,has_bioactivity,Associated phytochemical has respective bioactivity
Phytochemical,MFYSYFVPBJMHGN-ZPOLXVRWSA-N,HAS_BIOACTIVITY,Bioactivity,BA_001527,has_bioactivity,Associated phytochemical has respective bioactivity
Phytochemical,MFYSYFVPBJMHGN-ZPOLXVRWSA-N,HAS_BIOACTIVITY,Bioactivity,BA_001528,has_bioactivity,Associated phytochemical has respective bioactivity
Phytochemical,MFYSYFVPBJMHGN-ZPOLXVRWSA-N,HAS_BIOACTIVITY,Bioactivity,BA_001529,has_bioactivity,Associated phytochemical has respective bioactivity
Phytochemical,MFYSYFVPBJMHGN-ZPOLXVRWSA-N,HAS_BIOACTIVITY,Bioactivity,BA_001530,has_bioactivity,Associated phytochemical has respective bioactivity
Phytochemical,QUQPHWDTPGMPEX-QJBIFVCTSA-N,HAS_BIOACTIVITY,Bioactivity,BA_001531,has_bioactivity,Associated phytochemical has respective bioactivity
Phytochemical,UWKAYLJWKGQEPM-UHFFFAOYSA-N,HAS_BIOACTIVITY,Bioactivity,BA_001532,has_bioactivity,Associated phytochemical has respective bioactivity
Phytochemical,GVOWHGSUZUUUDR-UHFFFAOYSA-N,HAS_BIOACTIVITY,Bioactivity,BA_001533,has_bioactivity,Associated phytochemical has respective bioactivity
Phytochemical,GVOWHGSUZUUUDR-UHFFFAOYSA-N,HAS_BIOACTIVITY,Bioactivity,BA_001534,has_bioactivity,Associated phytochemical has respective bioactivity
Phytochemical,UFWIBTONFRDIAS-UHFFFAOYSA-N,HAS_BIOACTIVITY,Bioactivity,BA_001535,has_bioactivity,Associated phytochemical has respective bioactivity
Phytochemical,UFWIBTONFRDIAS-UHFFFAOYSA-N,HAS_BIOACTIVITY,Bioactivity,BA_001536,has_bioactivity,Associated phytochemical has respective bioactivity
Phytochemical,DFPMSGMNTNDNHN-ZPHOTFPESA-N,HAS_BIOACTIVITY,Bioactivity,BA_001537,has_bioactivity,Associated phytochemical has respective bioactivity
Phytochemical,DFPMSGMNTNDNHN-ZPHOTFPESA-N,HAS_BIOACTIVITY,Bioactivity,BA_001538,has_bioactivity,Associated phytochemical has respective bioactivity
Phytochemical,DFPMSGMNTNDNHN-ZPHOTFPESA-N,HAS_BIOACTIVITY,Bioactivity,BA_001539,has_bioactivity,Associated phytochemical has respective bioactivity
Phytochemical,DFPMSGMNTNDNHN-ZPHOTFPESA-N,HAS_BIOACTIVITY,Bioactivity,BA_001540,has_bioactivity,Associated phytochemical has respective bioactivity
Phytochemical,DFPMSGMNTNDNHN-ZPHOTFPESA-N,HAS_BIOACTIVITY,Bioactivity,BA_000196,has_bioactivity,Associated phytochemical has respective bioactivity
Phytochemical,DFPMSGMNTNDNHN-ZPHOTFPESA-N,HAS_BIOACTIVITY,Bioactivity,BA_001541,has_bioactivity,Associated phytochemical has respective bioactivity
Phytochemical,DFPMSGMNTNDNHN-ZPHOTFPESA-N,HAS_BIOACTIVITY,Bioactivity,BA_001542,has_bioactivity,Associated phytochemical has respective bioactivity
Phytochemical,DFPMSGMNTNDNHN-ZPHOTFPESA-N,HAS_BIOACTIVITY,Bioactivity,BA_001543,has_bioactivity,Associated phytochemical has respective bioactivity
Phytochemical,GLZPCOQZEFWAFX-YFHOEESVSA-N,HAS_BIOACTIVITY,Bioactivity,BA_001498,has_bioactivity,Associated phytochemical has respective bioactivity
Phytochemical,WTOYNNBCKUYIKC-JMSVASOKSA-N,HAS_BIOACTIVITY,Bioactivity,BA_001544,has_bioactivity,Associated phytochemical has respective bioactivity
Phytochemical,NDTYTMIUWGWIMO-UHFFFAOYSA-N,HAS_BIOACTIVITY,Bioactivity,BA_001545,has_bioactivity,Associated phytochemical has respective bioactivity
Phytochemical,ZCCUUQDIBDJBTK-UHFFFAOYSA-N,HAS_BIOACTIVITY,Bioactivity,BA_001546,has_bioactivity,Associated phytochemical has respective bioactivity
Phytochemical,ZCCUUQDIBDJBTK-UHFFFAOYSA-N,HAS_BIOACTIVITY,Bioactivity,BA_000219,has_bioactivity,Associated phytochemical has respective bioactivity
Phytochemical,ZCCUUQDIBDJBTK-UHFFFAOYSA-N,HAS_BIOACTIVITY,Bioactivity,BA_001506,has_bioactivity,Associated phytochemical has respective bioactivity
Phytochemical,ZCCUUQDIBDJBTK-UHFFFAOYSA-N,HAS_BIOACTIVITY,Bioactivity,BA_000375,has_bioactivity,Associated phytochemical has respective bioactivity
Phytochemical,ZCCUUQDIBDJBTK-UHFFFAOYSA-N,HAS_BIOACTIVITY,Bioactivity,BA_001547,has_bioactivity,Associated phytochemical has respective bioactivity
Phytochemical,ZCCUUQDIBDJBTK-UHFFFAOYSA-N,HAS_BIOACTIVITY,Bioactivity,BA_001548,has_bioactivity,Associated phytochemical has respective bioactivity
Phytochemical,ZCCUUQDIBDJBTK-UHFFFAOYSA-N,HAS_BIOACTIVITY,Bioactivity,BA_001549,has_bioactivity,Associated phytochemical has respective bioactivity
Phytochemical,ULSUXBXHSYSGDT-UHFFFAOYSA-N,HAS_BIOACTIVITY,Bioactivity,BA_001550,has_bioactivity,Associated phytochemical has respective bioactivity
Phytochemical,ULSUXBXHSYSGDT-UHFFFAOYSA-N,HAS_BIOACTIVITY,Bioactivity,BA_001551,has_bioactivity,Associated phytochemical has respective bioactivity
Phytochemical,ULSUXBXHSYSGDT-UHFFFAOYSA-N,HAS_BIOACTIVITY,Bioactivity,BA_001552,has_bioactivity,Associated phytochemical has respective bioactivity
Phytochemical,ORHBXUUXSCNDEV-UHFFFAOYSA-N,HAS_BIOACTIVITY,Bioactivity,BA_001553,has_bioactivity,Associated phytochemical has respective bioactivity
Phytochemical,ORHBXUUXSCNDEV-UHFFFAOYSA-N,HAS_BIOACTIVITY,Bioactivity,BA_001554,has_bioactivity,Associated phytochemical has respective bioactivity
Phytochemical,ORHBXUUXSCNDEV-UHFFFAOYSA-N,HAS_BIOACTIVITY,Bioactivity,BA_001555,has_bioactivity,Associated phytochemical has respective bioactivity
Phytochemical,ORHBXUUXSCNDEV-UHFFFAOYSA-N,HAS_BIOACTIVITY,Bioactivity,BA_001556,has_bioactivity,Associated phytochemical has respective bioactivity
Phytochemical,ORHBXUUXSCNDEV-UHFFFAOYSA-N,HAS_BIOACTIVITY,Bioactivity,BA_001557,has_bioactivity,Associated phytochemical has respective bioactivity
Phytochemical,ORHBXUUXSCNDEV-UHFFFAOYSA-N,HAS_BIOACTIVITY,Bioactivity,BA_001558,has_bioactivity,Associated phytochemical has respective bioactivity
Phytochemical,ORHBXUUXSCNDEV-UHFFFAOYSA-N,HAS_BIOACTIVITY,Bioactivity,BA_001559,has_bioactivity,Associated phytochemical has respective bioactivity
Phytochemical,ORHBXUUXSCNDEV-UHFFFAOYSA-N,HAS_BIOACTIVITY,Bioactivity,BA_001560,has_bioactivity,Associated phytochemical has respective bioactivity
Phytochemical,ZDPHROOEEOARMN-UHFFFAOYSA-N,HAS_BIOACTIVITY,Bioactivity,BA_001561,has_bioactivity,Associated phytochemical has respective bioactivity
Phytochemical,ZDPHROOEEOARMN-UHFFFAOYSA-N,HAS_BIOACTIVITY,Bioactivity,BA_001562,has_bioactivity,Associated phytochemical has respective bioactivity
Phytochemical,ZDPHROOEEOARMN-UHFFFAOYSA-N,HAS_BIOACTIVITY,Bioactivity,BA_001563,has_bioactivity,Associated phytochemical has respective bioactivity
Phytochemical,ZDPHROOEEOARMN-UHFFFAOYSA-N,HAS_BIOACTIVITY,Bioactivity,BA_001564,has_bioactivity,Associated phytochemical has respective bioactivity
Phytochemical,ZDPHROOEEOARMN-UHFFFAOYSA-N,HAS_BIOACTIVITY,Bioactivity,BA_001565,has_bioactivity,Associated phytochemical has respective bioactivity
Phytochemical,QOTBQNVNUBKJMS-UHFFFAOYSA-N,HAS_BIOACTIVITY,Bioactivity,BA_001566,has_bioactivity,Associated phytochemical has respective bioactivity
Phytochemical,QOTBQNVNUBKJMS-UHFFFAOYSA-N,HAS_BIOACTIVITY,Bioactivity,BA_001567,has_bioactivity,Associated phytochemical has respective bioactivity
Phytochemical,QOTBQNVNUBKJMS-UHFFFAOYSA-N,HAS_BIOACTIVITY,Bioactivity,BA_000129,has_bioactivity,Associated phytochemical has respective bioactivity
Phytochemical,QOTBQNVNUBKJMS-UHFFFAOYSA-N,HAS_BIOACTIVITY,Bioactivity,BA_001568,has_bioactivity,Associated phytochemical has respective bioactivity
Phytochemical,QOTBQNVNUBKJMS-UHFFFAOYSA-N,HAS_BIOACTIVITY,Bioactivity,BA_001569,has_bioactivity,Associated phytochemical has respective bioactivity
Phytochemical,QOTBQNVNUBKJMS-UHFFFAOYSA-N,HAS_BIOACTIVITY,Bioactivity,BA_001570,has_bioactivity,Associated phytochemical has respective bioactivity
Phytochemical,QOTBQNVNUBKJMS-UHFFFAOYSA-N,HAS_BIOACTIVITY,Bioactivity,BA_001571,has_bioactivity,Associated phytochemical has respective bioactivity
Phytochemical,QOTBQNVNUBKJMS-UHFFFAOYSA-N,HAS_BIOACTIVITY,Bioactivity,BA_001572,has_bioactivity,Associated phytochemical has respective bioactivity
Phytochemical,QANMHLXAZMSUEX-UHFFFAOYSA-N,HAS_BIOACTIVITY,Bioactivity,BA_000613,has_bioactivity,Associated phytochemical has respective bioactivity
Phytochemical,QANMHLXAZMSUEX-UHFFFAOYSA-N,HAS_BIOACTIVITY,Bioactivity,BA_000618,has_bioactivity,Associated phytochemical has respective bioactivity
Phytochemical,QANMHLXAZMSUEX-UHFFFAOYSA-N,HAS_BIOACTIVITY,Bioactivity,BA_001573,has_bioactivity,Associated phytochemical has respective bioactivity
Phytochemical,QANMHLXAZMSUEX-UHFFFAOYSA-N,HAS_BIOACTIVITY,Bioactivity,BA_001412,has_bioactivity,Associated phytochemical has respective bioactivity
Phytochemical,MAYJEFRPIKEYBL-OASIGRBWSA-N,HAS_BIOACTIVITY,Bioactivity,BA_001574,has_bioactivity,Associated phytochemical has respective bioactivity
Phytochemical,YYFOFDHQVIODOQ-UHFFFAOYSA-O,HAS_BIOACTIVITY,Bioactivity,BA_001575,has_bioactivity,Associated phytochemical has respective bioactivity
Phytochemical,MXTLAHSTUOXGQF-UHFFFAOYSA-O,HAS_BIOACTIVITY,Bioactivity,BA_001576,has_bioactivity,Associated phytochemical has respective bioactivity
Phytochemical,MXTLAHSTUOXGQF-UHFFFAOYSA-O,HAS_BIOACTIVITY,Bioactivity,BA_001577,has_bioactivity,Associated phytochemical has respective bioactivity
Phytochemical,MXTLAHSTUOXGQF-UHFFFAOYSA-O,HAS_BIOACTIVITY,Bioactivity,BA_001210,has_bioactivity,Associated phytochemical has respective bioactivity
Phytochemical,MXTLAHSTUOXGQF-UHFFFAOYSA-O,HAS_BIOACTIVITY,Bioactivity,BA_001578,has_bioactivity,Associated phytochemical has respective bioactivity
Phytochemical,MXTLAHSTUOXGQF-UHFFFAOYSA-O,HAS_BIOACTIVITY,Bioactivity,BA_001579,has_bioactivity,Associated phytochemical has respective bioactivity
Phytochemical,VSOJKDUWYQCWFM-UHFFFAOYSA-N,HAS_BIOACTIVITY,Bioactivity,BA_001580,has_bioactivity,Associated phytochemical has respective bioactivity
Phytochemical,QUCQEUCGKKTEBI-UHFFFAOYSA-N,HAS_BIOACTIVITY,Bioactivity,BA_001581,has_bioactivity,Associated phytochemical has respective bioactivity
Phytochemical,QUCQEUCGKKTEBI-UHFFFAOYSA-N,HAS_BIOACTIVITY,Bioactivity,BA_001582,has_bioactivity,Associated phytochemical has respective bioactivity
Phytochemical,QUCQEUCGKKTEBI-UHFFFAOYSA-N,HAS_BIOACTIVITY,Bioactivity,BA_001583,has_bioactivity,Associated phytochemical has respective bioactivity
Phytochemical,OEGWOBMNQDATKP-UHFFFAOYSA-O,HAS_BIOACTIVITY,Bioactivity,BA_001584,has_bioactivity,Associated phytochemical has respective bioactivity
Phytochemical,VZTUIEROBZXUFA-UHFFFAOYSA-N,HAS_BIOACTIVITY,Bioactivity,BA_001585,has_bioactivity,Associated phytochemical has respective bioactivity
Phytochemical,VZTUIEROBZXUFA-UHFFFAOYSA-N,HAS_BIOACTIVITY,Bioactivity,BA_001586,has_bioactivity,Associated phytochemical has respective bioactivity
Phytochemical,IXQKXEUSCPEQRD-DKRGWESNSA-N,HAS_BIOACTIVITY,Bioactivity,BA_001587,has_bioactivity,Associated phytochemical has respective bioactivity
Phytochemical,IXQKXEUSCPEQRD-DKRGWESNSA-N,HAS_BIOACTIVITY,Bioactivity,BA_001588,has_bioactivity,Associated phytochemical has respective bioactivity
Phytochemical,AVSXSVCZWQODGV-DPAQBDIFSA-N,HAS_BIOACTIVITY,Bioactivity,BA_001589,has_bioactivity,Associated phytochemical has respective bioactivity
Phytochemical,AVSXSVCZWQODGV-DPAQBDIFSA-N,HAS_BIOACTIVITY,Bioactivity,BA_001590,has_bioactivity,Associated phytochemical has respective bioactivity
Phytochemical,YGPRSGKVLATIHT-SPOWBLRKSA-N,HAS_BIOACTIVITY,Bioactivity,BA_001591,has_bioactivity,Associated phytochemical has respective bioactivity
Phytochemical,XGVJWXAYKUHDOO-DANNLKNASA-N,HAS_BIOACTIVITY,Bioactivity,BA_001592,has_bioactivity,Associated phytochemical has respective bioactivity
Phytochemical,XGVJWXAYKUHDOO-DANNLKNASA-N,HAS_BIOACTIVITY,Bioactivity,BA_000389,has_bioactivity,Associated phytochemical has respective bioactivity
Phytochemical,XGVJWXAYKUHDOO-DANNLKNASA-N,HAS_BIOACTIVITY,Bioactivity,BA_001593,has_bioactivity,Associated phytochemical has respective bioactivity
Phytochemical,SLSIBLKBHNKZTB-UHFFFAOYSA-N,HAS_BIOACTIVITY,Bioactivity,BA_000404,has_bioactivity,Associated phytochemical has respective bioactivity
Phytochemical,SLSIBLKBHNKZTB-UHFFFAOYSA-N,HAS_BIOACTIVITY,Bioactivity,BA_001198,has_bioactivity,Associated phytochemical has respective bioactivity
Phytochemical,SLSIBLKBHNKZTB-UHFFFAOYSA-N,HAS_BIOACTIVITY,Bioactivity,BA_000155,has_bioactivity,Associated phytochemical has respective bioactivity
Phytochemical,SLSIBLKBHNKZTB-UHFFFAOYSA-N,HAS_BIOACTIVITY,Bioactivity,BA_000050,has_bioactivity,Associated phytochemical has respective bioactivity
Phytochemical,SLSIBLKBHNKZTB-UHFFFAOYSA-N,HAS_BIOACTIVITY,Bioactivity,BA_000209,has_bioactivity,Associated phytochemical has respective bioactivity
Phytochemical,SLSIBLKBHNKZTB-UHFFFAOYSA-N,HAS_BIOACTIVITY,Bioactivity,BA_000060,has_bioactivity,Associated phytochemical has respective bioactivity
Phytochemical,SLSIBLKBHNKZTB-UHFFFAOYSA-N,HAS_BIOACTIVITY,Bioactivity,BA_000944,has_bioactivity,Associated phytochemical has respective bioactivity
Phytochemical,SLSIBLKBHNKZTB-UHFFFAOYSA-N,HAS_BIOACTIVITY,Bioactivity,BA_001594,has_bioactivity,Associated phytochemical has respective bioactivity
Phytochemical,SLSIBLKBHNKZTB-UHFFFAOYSA-N,HAS_BIOACTIVITY,Bioactivity,BA_001595,has_bioactivity,Associated phytochemical has respective bioactivity
Phytochemical,RKUNBYITZUJHSG-VFSICIBPSA-N,HAS_BIOACTIVITY,Bioactivity,BA_001596,has_bioactivity,Associated phytochemical has respective bioactivity
Phytochemical,RKUNBYITZUJHSG-VFSICIBPSA-N,HAS_BIOACTIVITY,Bioactivity,BA_001190,has_bioactivity,Associated phytochemical has respective bioactivity
Phytochemical,RKUNBYITZUJHSG-VFSICIBPSA-N,HAS_BIOACTIVITY,Bioactivity,BA_001597,has_bioactivity,Associated phytochemical has respective bioactivity
Phytochemical,RKUNBYITZUJHSG-VFSICIBPSA-N,HAS_BIOACTIVITY,Bioactivity,BA_001598,has_bioactivity,Associated phytochemical has respective bioactivity
Phytochemical,RKUNBYITZUJHSG-VFSICIBPSA-N,HAS_BIOACTIVITY,Bioactivity,BA_001599,has_bioactivity,Associated phytochemical has respective bioactivity
Phytochemical,RKUNBYITZUJHSG-VFSICIBPSA-N,HAS_BIOACTIVITY,Bioactivity,BA_001600,has_bioactivity,Associated phytochemical has respective bioactivity
Phytochemical,RKUNBYITZUJHSG-VFSICIBPSA-N,HAS_BIOACTIVITY,Bioactivity,BA_001601,has_bioactivity,Associated phytochemical has respective bioactivity
Phytochemical,RKUNBYITZUJHSG-VFSICIBPSA-N,HAS_BIOACTIVITY,Bioactivity,BA_001602,has_bioactivity,Associated phytochemical has respective bioactivity
Phytochemical,RKUNBYITZUJHSG-VFSICIBPSA-N,HAS_BIOACTIVITY,Bioactivity,BA_001603,has_bioactivity,Associated phytochemical has respective bioactivity
Phytochemical,RKUNBYITZUJHSG-VFSICIBPSA-N,HAS_BIOACTIVITY,Bioactivity,BA_001604,has_bioactivity,Associated phytochemical has respective bioactivity
Phytochemical,RKUNBYITZUJHSG-VFSICIBPSA-N,HAS_BIOACTIVITY,Bioactivity,BA_000092,has_bioactivity,Associated phytochemical has respective bioactivity
Phytochemical,RKUNBYITZUJHSG-VFSICIBPSA-N,HAS_BIOACTIVITY,Bioactivity,BA_000396,has_bioactivity,Associated phytochemical has respective bioactivity
Phytochemical,RKUNBYITZUJHSG-VFSICIBPSA-N,HAS_BIOACTIVITY,Bioactivity,BA_001605,has_bioactivity,Associated phytochemical has respective bioactivity
Phytochemical,RKUNBYITZUJHSG-VFSICIBPSA-N,HAS_BIOACTIVITY,Bioactivity,BA_001606,has_bioactivity,Associated phytochemical has respective bioactivity
Phytochemical,RKUNBYITZUJHSG-VFSICIBPSA-N,HAS_BIOACTIVITY,Bioactivity,BA_001607,has_bioactivity,Associated phytochemical has respective bioactivity
Phytochemical,RKUNBYITZUJHSG-VFSICIBPSA-N,HAS_BIOACTIVITY,Bioactivity,BA_001608,has_bioactivity,Associated phytochemical has respective bioactivity
Phytochemical,RKUNBYITZUJHSG-VFSICIBPSA-N,HAS_BIOACTIVITY,Bioactivity,BA_001609,has_bioactivity,Associated phytochemical has respective bioactivity
Phytochemical,RKUNBYITZUJHSG-VFSICIBPSA-N,HAS_BIOACTIVITY,Bioactivity,BA_001610,has_bioactivity,Associated phytochemical has respective bioactivity
Phytochemical,CYHOMWAPJJPNMW-DHBOJHSNSA-N,HAS_BIOACTIVITY,Bioactivity,BA_000153,has_bioactivity,Associated phytochemical has respective bioactivity
Phytochemical,RTIXKCRFFJGDFG-UHFFFAOYSA-N,HAS_BIOACTIVITY,Bioactivity,BA_001611,has_bioactivity,Associated phytochemical has respective bioactivity
Phytochemical,RTIXKCRFFJGDFG-UHFFFAOYSA-N,HAS_BIOACTIVITY,Bioactivity,BA_001612,has_bioactivity,Associated phytochemical has respective bioactivity
Phytochemical,RTIXKCRFFJGDFG-UHFFFAOYSA-N,HAS_BIOACTIVITY,Bioactivity,BA_001613,has_bioactivity,Associated phytochemical has respective bioactivity
Phytochemical,RTIXKCRFFJGDFG-UHFFFAOYSA-N,HAS_BIOACTIVITY,Bioactivity,BA_001614,has_bioactivity,Associated phytochemical has respective bioactivity
Phytochemical,RTIXKCRFFJGDFG-UHFFFAOYSA-N,HAS_BIOACTIVITY,Bioactivity,BA_001615,has_bioactivity,Associated phytochemical has respective bioactivity
Phytochemical,RTIXKCRFFJGDFG-UHFFFAOYSA-N,HAS_BIOACTIVITY,Bioactivity,BA_001616,has_bioactivity,Associated phytochemical has respective bioactivity
Phytochemical,RTIXKCRFFJGDFG-UHFFFAOYSA-N,HAS_BIOACTIVITY,Bioactivity,BA_001617,has_bioactivity,Associated phytochemical has respective bioactivity
Phytochemical,RTIXKCRFFJGDFG-UHFFFAOYSA-N,HAS_BIOACTIVITY,Bioactivity,BA_001618,has_bioactivity,Associated phytochemical has respective bioactivity
Phytochemical,RTIXKCRFFJGDFG-UHFFFAOYSA-N,HAS_BIOACTIVITY,Bioactivity,BA_001619,has_bioactivity,Associated phytochemical has respective bioactivity
Phytochemical,RTIXKCRFFJGDFG-UHFFFAOYSA-N,HAS_BIOACTIVITY,Bioactivity,BA_001620,has_bioactivity,Associated phytochemical has respective bioactivity
Phytochemical,RTIXKCRFFJGDFG-UHFFFAOYSA-N,HAS_BIOACTIVITY,Bioactivity,BA_001621,has_bioactivity,Associated phytochemical has respective bioactivity
Phytochemical,RTIXKCRFFJGDFG-UHFFFAOYSA-N,HAS_BIOACTIVITY,Bioactivity,BA_001622,has_bioactivity,Associated phytochemical has respective bioactivity
Phytochemical,RTIXKCRFFJGDFG-UHFFFAOYSA-N,HAS_BIOACTIVITY,Bioactivity,BA_001623,has_bioactivity,Associated phytochemical has respective bioactivity
Phytochemical,RTIXKCRFFJGDFG-UHFFFAOYSA-N,HAS_BIOACTIVITY,Bioactivity,BA_001624,has_bioactivity,Associated phytochemical has respective bioactivity
Phytochemical,RTIXKCRFFJGDFG-UHFFFAOYSA-N,HAS_BIOACTIVITY,Bioactivity,BA_001625,has_bioactivity,Associated phytochemical has respective bioactivity
Phytochemical,RTIXKCRFFJGDFG-UHFFFAOYSA-N,HAS_BIOACTIVITY,Bioactivity,BA_001626,has_bioactivity,Associated phytochemical has respective bioactivity
Phytochemical,RTIXKCRFFJGDFG-UHFFFAOYSA-N,HAS_BIOACTIVITY,Bioactivity,BA_000124,has_bioactivity,Associated phytochemical has respective bioactivity
Phytochemical,RTIXKCRFFJGDFG-UHFFFAOYSA-N,HAS_BIOACTIVITY,Bioactivity,BA_001627,has_bioactivity,Associated phytochemical has respective bioactivity
Phytochemical,RTIXKCRFFJGDFG-UHFFFAOYSA-N,HAS_BIOACTIVITY,Bioactivity,BA_001628,has_bioactivity,Associated phytochemical has respective bioactivity
Phytochemical,RTIXKCRFFJGDFG-UHFFFAOYSA-N,HAS_BIOACTIVITY,Bioactivity,BA_000408,has_bioactivity,Associated phytochemical has respective bioactivity
Phytochemical,RTIXKCRFFJGDFG-UHFFFAOYSA-N,HAS_BIOACTIVITY,Bioactivity,BA_001629,has_bioactivity,Associated phytochemical has respective bioactivity
Phytochemical,RTIXKCRFFJGDFG-UHFFFAOYSA-N,HAS_BIOACTIVITY,Bioactivity,BA_000060,has_bioactivity,Associated phytochemical has respective bioactivity
Phytochemical,RTIXKCRFFJGDFG-UHFFFAOYSA-N,HAS_BIOACTIVITY,Bioactivity,BA_000062,has_bioactivity,Associated phytochemical has respective bioactivity
Phytochemical,RTIXKCRFFJGDFG-UHFFFAOYSA-N,HAS_BIOACTIVITY,Bioactivity,BA_000063,has_bioactivity,Associated phytochemical has respective bioactivity
Phytochemical,RTIXKCRFFJGDFG-UHFFFAOYSA-N,HAS_BIOACTIVITY,Bioactivity,BA_001630,has_bioactivity,Associated phytochemical has respective bioactivity
Phytochemical,RTIXKCRFFJGDFG-UHFFFAOYSA-N,HAS_BIOACTIVITY,Bioactivity,BA_001631,has_bioactivity,Associated phytochemical has respective bioactivity
Phytochemical,RTIXKCRFFJGDFG-UHFFFAOYSA-N,HAS_BIOACTIVITY,Bioactivity,BA_001632,has_bioactivity,Associated phytochemical has respective bioactivity
Phytochemical,RTIXKCRFFJGDFG-UHFFFAOYSA-N,HAS_BIOACTIVITY,Bioactivity,BA_001633,has_bioactivity,Associated phytochemical has respective bioactivity
Phytochemical,RTIXKCRFFJGDFG-UHFFFAOYSA-N,HAS_BIOACTIVITY,Bioactivity,BA_001634,has_bioactivity,Associated phytochemical has respective bioactivity
Phytochemical,RTIXKCRFFJGDFG-UHFFFAOYSA-N,HAS_BIOACTIVITY,Bioactivity,BA_001635,has_bioactivity,Associated phytochemical has respective bioactivity
Phytochemical,RTIXKCRFFJGDFG-UHFFFAOYSA-N,HAS_BIOACTIVITY,Bioactivity,BA_000078,has_bioactivity,Associated phytochemical has respective bioactivity
Phytochemical,RTIXKCRFFJGDFG-UHFFFAOYSA-N,HAS_BIOACTIVITY,Bioactivity,BA_001636,has_bioactivity,Associated phytochemical has respective bioactivity
Phytochemical,RTIXKCRFFJGDFG-UHFFFAOYSA-N,HAS_BIOACTIVITY,Bioactivity,BA_001637,has_bioactivity,Associated phytochemical has respective bioactivity
Phytochemical,RTIXKCRFFJGDFG-UHFFFAOYSA-N,HAS_BIOACTIVITY,Bioactivity,BA_001638,has_bioactivity,Associated phytochemical has respective bioactivity
Phytochemical,RTIXKCRFFJGDFG-UHFFFAOYSA-N,HAS_BIOACTIVITY,Bioactivity,BA_001639,has_bioactivity,Associated phytochemical has respective bioactivity
Phytochemical,RTIXKCRFFJGDFG-UHFFFAOYSA-N,HAS_BIOACTIVITY,Bioactivity,BA_001640,has_bioactivity,Associated phytochemical has respective bioactivity
Phytochemical,RTIXKCRFFJGDFG-UHFFFAOYSA-N,HAS_BIOACTIVITY,Bioactivity,BA_001641,has_bioactivity,Associated phytochemical has respective bioactivity
Phytochemical,RTIXKCRFFJGDFG-UHFFFAOYSA-N,HAS_BIOACTIVITY,Bioactivity,BA_001642,has_bioactivity,Associated phytochemical has respective bioactivity
Phytochemical,RTIXKCRFFJGDFG-UHFFFAOYSA-N,HAS_BIOACTIVITY,Bioactivity,BA_001643,has_bioactivity,Associated phytochemical has respective bioactivity
Phytochemical,RTIXKCRFFJGDFG-UHFFFAOYSA-N,HAS_BIOACTIVITY,Bioactivity,BA_001644,has_bioactivity,Associated phytochemical has respective bioactivity
Phytochemical,RTIXKCRFFJGDFG-UHFFFAOYSA-N,HAS_BIOACTIVITY,Bioactivity,BA_000075,has_bioactivity,Associated phytochemical has respective bioactivity
Phytochemical,RTIXKCRFFJGDFG-UHFFFAOYSA-N,HAS_BIOACTIVITY,Bioactivity,BA_001645,has_bioactivity,Associated phytochemical has respective bioactivity
Phytochemical,RTIXKCRFFJGDFG-UHFFFAOYSA-N,HAS_BIOACTIVITY,Bioactivity,BA_001646,has_bioactivity,Associated phytochemical has respective bioactivity
Phytochemical,RTIXKCRFFJGDFG-UHFFFAOYSA-N,HAS_BIOACTIVITY,Bioactivity,BA_001647,has_bioactivity,Associated phytochemical has respective bioactivity
Phytochemical,RTIXKCRFFJGDFG-UHFFFAOYSA-N,HAS_BIOACTIVITY,Bioactivity,BA_001648,has_bioactivity,Associated phytochemical has respective bioactivity
Phytochemical,RTIXKCRFFJGDFG-UHFFFAOYSA-N,HAS_BIOACTIVITY,Bioactivity,BA_001649,has_bioactivity,Associated phytochemical has respective bioactivity
Phytochemical,RTIXKCRFFJGDFG-UHFFFAOYSA-N,HAS_BIOACTIVITY,Bioactivity,BA_001650,has_bioactivity,Associated phytochemical has respective bioactivity
Phytochemical,RTIXKCRFFJGDFG-UHFFFAOYSA-N,HAS_BIOACTIVITY,Bioactivity,BA_001651,has_bioactivity,Associated phytochemical has respective bioactivity
Phytochemical,RTIXKCRFFJGDFG-UHFFFAOYSA-N,HAS_BIOACTIVITY,Bioactivity,BA_001652,has_bioactivity,Associated phytochemical has respective bioactivity
Phytochemical,RTIXKCRFFJGDFG-UHFFFAOYSA-N,HAS_BIOACTIVITY,Bioactivity,BA_001653,has_bioactivity,Associated phytochemical has respective bioactivity
Phytochemical,RTIXKCRFFJGDFG-UHFFFAOYSA-N,HAS_BIOACTIVITY,Bioactivity,BA_001654,has_bioactivity,Associated phytochemical has respective bioactivity
Phytochemical,RTIXKCRFFJGDFG-UHFFFAOYSA-N,HAS_BIOACTIVITY,Bioactivity,BA_001655,has_bioactivity,Associated phytochemical has respective bioactivity
Phytochemical,RTIXKCRFFJGDFG-UHFFFAOYSA-N,HAS_BIOACTIVITY,Bioactivity,BA_001656,has_bioactivity,Associated phytochemical has respective bioactivity
Phytochemical,RTIXKCRFFJGDFG-UHFFFAOYSA-N,HAS_BIOACTIVITY,Bioactivity,BA_001657,has_bioactivity,Associated phytochemical has respective bioactivity
Phytochemical,RTIXKCRFFJGDFG-UHFFFAOYSA-N,HAS_BIOACTIVITY,Bioactivity,BA_001658,has_bioactivity,Associated phytochemical has respective bioactivity
Phytochemical,RTIXKCRFFJGDFG-UHFFFAOYSA-N,HAS_BIOACTIVITY,Bioactivity,BA_001659,has_bioactivity,Associated phytochemical has respective bioactivity
Phytochemical,RTIXKCRFFJGDFG-UHFFFAOYSA-N,HAS_BIOACTIVITY,Bioactivity,BA_001660,has_bioactivity,Associated phytochemical has respective bioactivity
Phytochemical,RTIXKCRFFJGDFG-UHFFFAOYSA-N,HAS_BIOACTIVITY,Bioactivity,BA_001661,has_bioactivity,Associated phytochemical has respective bioactivity
Phytochemical,RTIXKCRFFJGDFG-UHFFFAOYSA-N,HAS_BIOACTIVITY,Bioactivity,BA_001662,has_bioactivity,Associated phytochemical has respective bioactivity
Phytochemical,RTIXKCRFFJGDFG-UHFFFAOYSA-N,HAS_BIOACTIVITY,Bioactivity,BA_001663,has_bioactivity,Associated phytochemical has respective bioactivity
Phytochemical,RTIXKCRFFJGDFG-UHFFFAOYSA-N,HAS_BIOACTIVITY,Bioactivity,BA_001664,has_bioactivity,Associated phytochemical has respective bioactivity
Phytochemical,RTIXKCRFFJGDFG-UHFFFAOYSA-N,HAS_BIOACTIVITY,Bioactivity,BA_001665,has_bioactivity,Associated phytochemical has respective bioactivity
Phytochemical,RTIXKCRFFJGDFG-UHFFFAOYSA-N,HAS_BIOACTIVITY,Bioactivity,BA_001666,has_bioactivity,Associated phytochemical has respective bioactivity
Phytochemical,FURUXTVZLHCCNA-AWEZNQCLSA-N,HAS_BIOACTIVITY,Bioactivity,BA_001667,has_bioactivity,Associated phytochemical has respective bioactivity
Phytochemical,FURUXTVZLHCCNA-AWEZNQCLSA-N,HAS_BIOACTIVITY,Bioactivity,BA_001668,has_bioactivity,Associated phytochemical has respective bioactivity
Phytochemical,FURUXTVZLHCCNA-AWEZNQCLSA-N,HAS_BIOACTIVITY,Bioactivity,BA_001669,has_bioactivity,Associated phytochemical has respective bioactivity
Phytochemical,FTVWIRXFELQLPI-ZDUSSCGKSA-N,HAS_BIOACTIVITY,Bioactivity,BA_001670,has_bioactivity,Associated phytochemical has respective bioactivity
Phytochemical,FTVWIRXFELQLPI-ZDUSSCGKSA-N,HAS_BIOACTIVITY,Bioactivity,BA_001671,has_bioactivity,Associated phytochemical has respective bioactivity
Phytochemical,FTVWIRXFELQLPI-ZDUSSCGKSA-N,HAS_BIOACTIVITY,Bioactivity,BA_001672,has_bioactivity,Associated phytochemical has respective bioactivity
Phytochemical,FTVWIRXFELQLPI-ZDUSSCGKSA-N,HAS_BIOACTIVITY,Bioactivity,BA_000030,has_bioactivity,Associated phytochemical has respective bioactivity
Phytochemical,FTVWIRXFELQLPI-ZDUSSCGKSA-N,HAS_BIOACTIVITY,Bioactivity,BA_001673,has_bioactivity,Associated phytochemical has respective bioactivity
Phytochemical,FTVWIRXFELQLPI-ZDUSSCGKSA-N,HAS_BIOACTIVITY,Bioactivity,BA_001674,has_bioactivity,Associated phytochemical has respective bioactivity
Phytochemical,FTVWIRXFELQLPI-ZDUSSCGKSA-N,HAS_BIOACTIVITY,Bioactivity,BA_000042,has_bioactivity,Associated phytochemical has respective bioactivity
Phytochemical,FTVWIRXFELQLPI-ZDUSSCGKSA-N,HAS_BIOACTIVITY,Bioactivity,BA_000044,has_bioactivity,Associated phytochemical has respective bioactivity
Phytochemical,FTVWIRXFELQLPI-ZDUSSCGKSA-N,HAS_BIOACTIVITY,Bioactivity,BA_000219,has_bioactivity,Associated phytochemical has respective bioactivity
Phytochemical,FTVWIRXFELQLPI-ZDUSSCGKSA-N,HAS_BIOACTIVITY,Bioactivity,BA_000414,has_bioactivity,Associated phytochemical has respective bioactivity
Phytochemical,FTVWIRXFELQLPI-ZDUSSCGKSA-N,HAS_BIOACTIVITY,Bioactivity,BA_001675,has_bioactivity,Associated phytochemical has respective bioactivity
Phytochemical,FTVWIRXFELQLPI-ZDUSSCGKSA-N,HAS_BIOACTIVITY,Bioactivity,BA_000893,has_bioactivity,Associated phytochemical has respective bioactivity
Phytochemical,FTVWIRXFELQLPI-ZDUSSCGKSA-N,HAS_BIOACTIVITY,Bioactivity,BA_001676,has_bioactivity,Associated phytochemical has respective bioactivity
Phytochemical,FTVWIRXFELQLPI-ZDUSSCGKSA-N,HAS_BIOACTIVITY,Bioactivity,BA_001677,has_bioactivity,Associated phytochemical has respective bioactivity
Phytochemical,FTVWIRXFELQLPI-ZDUSSCGKSA-N,HAS_BIOACTIVITY,Bioactivity,BA_001678,has_bioactivity,Associated phytochemical has respective bioactivity
Phytochemical,FTVWIRXFELQLPI-ZDUSSCGKSA-N,HAS_BIOACTIVITY,Bioactivity,BA_000963,has_bioactivity,Associated phytochemical has respective bioactivity
Phytochemical,FTVWIRXFELQLPI-ZDUSSCGKSA-N,HAS_BIOACTIVITY,Bioactivity,BA_001679,has_bioactivity,Associated phytochemical has respective bioactivity
Phytochemical,FTVWIRXFELQLPI-ZDUSSCGKSA-N,HAS_BIOACTIVITY,Bioactivity,BA_001680,has_bioactivity,Associated phytochemical has respective bioactivity
Phytochemical,FTVWIRXFELQLPI-ZDUSSCGKSA-N,HAS_BIOACTIVITY,Bioactivity,BA_001681,has_bioactivity,Associated phytochemical has respective bioactivity
Phytochemical,FTVWIRXFELQLPI-ZDUSSCGKSA-N,HAS_BIOACTIVITY,Bioactivity,BA_001682,has_bioactivity,Associated phytochemical has respective bioactivity
Phytochemical,FTVWIRXFELQLPI-ZDUSSCGKSA-N,HAS_BIOACTIVITY,Bioactivity,BA_001683,has_bioactivity,Associated phytochemical has respective bioactivity
Phytochemical,FTVWIRXFELQLPI-ZDUSSCGKSA-N,HAS_BIOACTIVITY,Bioactivity,BA_001684,has_bioactivity,Associated phytochemical has respective bioactivity
Phytochemical,CAHGCLMLTWQZNJ-BQNIITSRSA-N,HAS_BIOACTIVITY,Bioactivity,BA_001685,has_bioactivity,Associated phytochemical has respective bioactivity
Phytochemical,OEYIOHPDSNJKLS-UHFFFAOYSA-N,HAS_BIOACTIVITY,Bioactivity,BA_000859,has_bioactivity,Associated phytochemical has respective bioactivity
Phytochemical,WWNNZCOKKKDOPX-UHFFFAOYSA-N,HAS_BIOACTIVITY,Bioactivity,BA_001686,has_bioactivity,Associated phytochemical has respective bioactivity
Phytochemical,DZGWFCGJZKJUFP-UHFFFAOYSA-N,HAS_BIOACTIVITY,Bioactivity,BA_001687,has_bioactivity,Associated phytochemical has respective bioactivity
Phytochemical,DZGWFCGJZKJUFP-UHFFFAOYSA-N,HAS_BIOACTIVITY,Bioactivity,BA_001688,has_bioactivity,Associated phytochemical has respective bioactivity
Phytochemical,DZGWFCGJZKJUFP-UHFFFAOYSA-N,HAS_BIOACTIVITY,Bioactivity,BA_001689,has_bioactivity,Associated phytochemical has respective bioactivity
Phytochemical,DZGWFCGJZKJUFP-UHFFFAOYSA-N,HAS_BIOACTIVITY,Bioactivity,BA_001690,has_bioactivity,Associated phytochemical has respective bioactivity
Phytochemical,DZGWFCGJZKJUFP-UHFFFAOYSA-N,HAS_BIOACTIVITY,Bioactivity,BA_000572,has_bioactivity,Associated phytochemical has respective bioactivity
Phytochemical,DZGWFCGJZKJUFP-UHFFFAOYSA-N,HAS_BIOACTIVITY,Bioactivity,BA_000133,has_bioactivity,Associated phytochemical has respective bioactivity
Phytochemical,DZGWFCGJZKJUFP-UHFFFAOYSA-N,HAS_BIOACTIVITY,Bioactivity,BA_001691,has_bioactivity,Associated phytochemical has respective bioactivity
Phytochemical,DZGWFCGJZKJUFP-UHFFFAOYSA-N,HAS_BIOACTIVITY,Bioactivity,BA_001692,has_bioactivity,Associated phytochemical has respective bioactivity
Phytochemical,DZGWFCGJZKJUFP-UHFFFAOYSA-N,HAS_BIOACTIVITY,Bioactivity,BA_001693,has_bioactivity,Associated phytochemical has respective bioactivity
Phytochemical,DZGWFCGJZKJUFP-UHFFFAOYSA-N,HAS_BIOACTIVITY,Bioactivity,BA_001694,has_bioactivity,Associated phytochemical has respective bioactivity
Phytochemical,DZGWFCGJZKJUFP-UHFFFAOYSA-N,HAS_BIOACTIVITY,Bioactivity,BA_001695,has_bioactivity,Associated phytochemical has respective bioactivity
Phytochemical,DZGWFCGJZKJUFP-UHFFFAOYSA-N,HAS_BIOACTIVITY,Bioactivity,BA_001696,has_bioactivity,Associated phytochemical has respective bioactivity
Phytochemical,DZGWFCGJZKJUFP-UHFFFAOYSA-N,HAS_BIOACTIVITY,Bioactivity,BA_001697,has_bioactivity,Associated phytochemical has respective bioactivity
Phytochemical,YSXFFLGRZJWNFM-UHFFFAOYSA-N,HAS_BIOACTIVITY,Bioactivity,BA_001698,has_bioactivity,Associated phytochemical has respective bioactivity
Phytochemical,YSXFFLGRZJWNFM-UHFFFAOYSA-N,HAS_BIOACTIVITY,Bioactivity,BA_001699,has_bioactivity,Associated phytochemical has respective bioactivity
Phytochemical,URFCJEUYXNAHFI-ZDUSSCGKSA-N,HAS_BIOACTIVITY,Bioactivity,BA_001700,has_bioactivity,Associated phytochemical has respective bioactivity
Phytochemical,URFCJEUYXNAHFI-ZDUSSCGKSA-N,HAS_BIOACTIVITY,Bioactivity,BA_001701,has_bioactivity,Associated phytochemical has respective bioactivity
Phytochemical,URFCJEUYXNAHFI-ZDUSSCGKSA-N,HAS_BIOACTIVITY,Bioactivity,BA_001702,has_bioactivity,Associated phytochemical has respective bioactivity
Phytochemical,URFCJEUYXNAHFI-ZDUSSCGKSA-N,HAS_BIOACTIVITY,Bioactivity,BA_001703,has_bioactivity,Associated phytochemical has respective bioactivity
Phytochemical,URFCJEUYXNAHFI-ZDUSSCGKSA-N,HAS_BIOACTIVITY,Bioactivity,BA_001704,has_bioactivity,Associated phytochemical has respective bioactivity
Phytochemical,DWZAJFZEYZIHPO-UHFFFAOYSA-N,HAS_BIOACTIVITY,Bioactivity,BA_001172,has_bioactivity,Associated phytochemical has respective bioactivity
Phytochemical,DWZAJFZEYZIHPO-UHFFFAOYSA-N,HAS_BIOACTIVITY,Bioactivity,BA_001705,has_bioactivity,Associated phytochemical has respective bioactivity
Phytochemical,DWZAJFZEYZIHPO-UHFFFAOYSA-N,HAS_BIOACTIVITY,Bioactivity,BA_000814,has_bioactivity,Associated phytochemical has respective bioactivity
Phytochemical,DWZAJFZEYZIHPO-UHFFFAOYSA-N,HAS_BIOACTIVITY,Bioactivity,BA_001706,has_bioactivity,Associated phytochemical has respective bioactivity
Phytochemical,HAVWRBANWNTOJX-UHFFFAOYSA-N,HAS_BIOACTIVITY,Bioactivity,BA_000838,has_bioactivity,Associated phytochemical has respective bioactivity
Phytochemical,HAVWRBANWNTOJX-UHFFFAOYSA-N,HAS_BIOACTIVITY,Bioactivity,BA_000208,has_bioactivity,Associated phytochemical has respective bioactivity
Phytochemical,HAVWRBANWNTOJX-UHFFFAOYSA-N,HAS_BIOACTIVITY,Bioactivity,BA_000210,has_bioactivity,Associated phytochemical has respective bioactivity
Phytochemical,HAVWRBANWNTOJX-UHFFFAOYSA-N,HAS_BIOACTIVITY,Bioactivity,BA_001707,has_bioactivity,Associated phytochemical has respective bioactivity
Phytochemical,HAVWRBANWNTOJX-UHFFFAOYSA-N,HAS_BIOACTIVITY,Bioactivity,BA_001708,has_bioactivity,Associated phytochemical has respective bioactivity
Phytochemical,HAVWRBANWNTOJX-UHFFFAOYSA-N,HAS_BIOACTIVITY,Bioactivity,BA_001709,has_bioactivity,Associated phytochemical has respective bioactivity
Phytochemical,HAVWRBANWNTOJX-UHFFFAOYSA-N,HAS_BIOACTIVITY,Bioactivity,BA_001710,has_bioactivity,Associated phytochemical has respective bioactivity
Phytochemical,HAVWRBANWNTOJX-UHFFFAOYSA-N,HAS_BIOACTIVITY,Bioactivity,BA_000131,has_bioactivity,Associated phytochemical has respective bioactivity
Phytochemical,HAVWRBANWNTOJX-UHFFFAOYSA-N,HAS_BIOACTIVITY,Bioactivity,BA_000975,has_bioactivity,Associated phytochemical has respective bioactivity
Phytochemical,HAVWRBANWNTOJX-UHFFFAOYSA-N,HAS_BIOACTIVITY,Bioactivity,BA_001711,has_bioactivity,Associated phytochemical has respective bioactivity
Phytochemical,HAVWRBANWNTOJX-UHFFFAOYSA-N,HAS_BIOACTIVITY,Bioactivity,BA_001712,has_bioactivity,Associated phytochemical has respective bioactivity
Phytochemical,HAVWRBANWNTOJX-UHFFFAOYSA-N,HAS_BIOACTIVITY,Bioactivity,BA_001713,has_bioactivity,Associated phytochemical has respective bioactivity
Phytochemical,HAVWRBANWNTOJX-UHFFFAOYSA-N,HAS_BIOACTIVITY,Bioactivity,BA_001714,has_bioactivity,Associated phytochemical has respective bioactivity
Phytochemical,HAVWRBANWNTOJX-UHFFFAOYSA-N,HAS_BIOACTIVITY,Bioactivity,BA_001715,has_bioactivity,Associated phytochemical has respective bioactivity
Phytochemical,HAVWRBANWNTOJX-UHFFFAOYSA-N,HAS_BIOACTIVITY,Bioactivity,BA_001716,has_bioactivity,Associated phytochemical has respective bioactivity
Phytochemical,HAVWRBANWNTOJX-UHFFFAOYSA-N,HAS_BIOACTIVITY,Bioactivity,BA_001717,has_bioactivity,Associated phytochemical has respective bioactivity
Phytochemical,PEFNSGRTCBGNAN-QNDFHXLGSA-N,HAS_BIOACTIVITY,Bioactivity,BA_000042,has_bioactivity,Associated phytochemical has respective bioactivity
Phytochemical,PEFNSGRTCBGNAN-QNDFHXLGSA-N,HAS_BIOACTIVITY,Bioactivity,BA_001718,has_bioactivity,Associated phytochemical has respective bioactivity
Phytochemical,PEFNSGRTCBGNAN-QNDFHXLGSA-N,HAS_BIOACTIVITY,Bioactivity,BA_001719,has_bioactivity,Associated phytochemical has respective bioactivity
Phytochemical,PEFNSGRTCBGNAN-QNDFHXLGSA-N,HAS_BIOACTIVITY,Bioactivity,BA_001720,has_bioactivity,Associated phytochemical has respective bioactivity
Phytochemical,PEFNSGRTCBGNAN-QNDFHXLGSA-N,HAS_BIOACTIVITY,Bioactivity,BA_001721,has_bioactivity,Associated phytochemical has respective bioactivity
Phytochemical,PEFNSGRTCBGNAN-QNDFHXLGSA-N,HAS_BIOACTIVITY,Bioactivity,BA_001722,has_bioactivity,Associated phytochemical has respective bioactivity
Phytochemical,PEFNSGRTCBGNAN-QNDFHXLGSA-N,HAS_BIOACTIVITY,Bioactivity,BA_001723,has_bioactivity,Associated phytochemical has respective bioactivity
Phytochemical,PEFNSGRTCBGNAN-QNDFHXLGSA-N,HAS_BIOACTIVITY,Bioactivity,BA_001724,has_bioactivity,Associated phytochemical has respective bioactivity
Phytochemical,XQDCKJKKMFWXGB-UHFFFAOYSA-N,HAS_BIOACTIVITY,Bioactivity,BA_001725,has_bioactivity,Associated phytochemical has respective bioactivity
Phytochemical,XQDCKJKKMFWXGB-UHFFFAOYSA-N,HAS_BIOACTIVITY,Bioactivity,BA_001726,has_bioactivity,Associated phytochemical has respective bioactivity
Phytochemical,XQDCKJKKMFWXGB-UHFFFAOYSA-N,HAS_BIOACTIVITY,Bioactivity,BA_001727,has_bioactivity,Associated phytochemical has respective bioactivity
Phytochemical,XQDCKJKKMFWXGB-UHFFFAOYSA-N,HAS_BIOACTIVITY,Bioactivity,BA_000356,has_bioactivity,Associated phytochemical has respective bioactivity
Phytochemical,XQDCKJKKMFWXGB-UHFFFAOYSA-N,HAS_BIOACTIVITY,Bioactivity,BA_001728,has_bioactivity,Associated phytochemical has respective bioactivity
Phytochemical,XQDCKJKKMFWXGB-UHFFFAOYSA-N,HAS_BIOACTIVITY,Bioactivity,BA_000121,has_bioactivity,Associated phytochemical has respective bioactivity
Phytochemical,XQDCKJKKMFWXGB-UHFFFAOYSA-N,HAS_BIOACTIVITY,Bioactivity,BA_001729,has_bioactivity,Associated phytochemical has respective bioactivity
Phytochemical,XQDCKJKKMFWXGB-UHFFFAOYSA-N,HAS_BIOACTIVITY,Bioactivity,BA_001730,has_bioactivity,Associated phytochemical has respective bioactivity
Phytochemical,XQDCKJKKMFWXGB-UHFFFAOYSA-N,HAS_BIOACTIVITY,Bioactivity,BA_001731,has_bioactivity,Associated phytochemical has respective bioactivity
Phytochemical,XQDCKJKKMFWXGB-UHFFFAOYSA-N,HAS_BIOACTIVITY,Bioactivity,BA_001732,has_bioactivity,Associated phytochemical has respective bioactivity
Phytochemical,XQDCKJKKMFWXGB-UHFFFAOYSA-N,HAS_BIOACTIVITY,Bioactivity,BA_000767,has_bioactivity,Associated phytochemical has respective bioactivity
Phytochemical,XQDCKJKKMFWXGB-UHFFFAOYSA-N,HAS_BIOACTIVITY,Bioactivity,BA_001733,has_bioactivity,Associated phytochemical has respective bioactivity
Phytochemical,XQDCKJKKMFWXGB-UHFFFAOYSA-N,HAS_BIOACTIVITY,Bioactivity,BA_001416,has_bioactivity,Associated phytochemical has respective bioactivity
Phytochemical,XQDCKJKKMFWXGB-UHFFFAOYSA-N,HAS_BIOACTIVITY,Bioactivity,BA_000768,has_bioactivity,Associated phytochemical has respective bioactivity
Phytochemical,XQDCKJKKMFWXGB-UHFFFAOYSA-N,HAS_BIOACTIVITY,Bioactivity,BA_001734,has_bioactivity,Associated phytochemical has respective bioactivity
Phytochemical,XQDCKJKKMFWXGB-UHFFFAOYSA-N,HAS_BIOACTIVITY,Bioactivity,BA_001735,has_bioactivity,Associated phytochemical has respective bioactivity
Phytochemical,XQDCKJKKMFWXGB-UHFFFAOYSA-N,HAS_BIOACTIVITY,Bioactivity,BA_001736,has_bioactivity,Associated phytochemical has respective bioactivity
Phytochemical,XQDCKJKKMFWXGB-UHFFFAOYSA-N,HAS_BIOACTIVITY,Bioactivity,BA_001737,has_bioactivity,Associated phytochemical has respective bioactivity
Phytochemical,XQDCKJKKMFWXGB-UHFFFAOYSA-N,HAS_BIOACTIVITY,Bioactivity,BA_001738,has_bioactivity,Associated phytochemical has respective bioactivity
Phytochemical,XQDCKJKKMFWXGB-UHFFFAOYSA-N,HAS_BIOACTIVITY,Bioactivity,BA_001739,has_bioactivity,Associated phytochemical has respective bioactivity
Phytochemical,XQDCKJKKMFWXGB-UHFFFAOYSA-N,HAS_BIOACTIVITY,Bioactivity,BA_001740,has_bioactivity,Associated phytochemical has respective bioactivity
Phytochemical,XQDCKJKKMFWXGB-UHFFFAOYSA-N,HAS_BIOACTIVITY,Bioactivity,BA_001741,has_bioactivity,Associated phytochemical has respective bioactivity
Phytochemical,WAYZWWNNJZMQCQ-UHFFFAOYSA-N,HAS_BIOACTIVITY,Bioactivity,BA_001742,has_bioactivity,Associated phytochemical has respective bioactivity
Phytochemical,ZKMRZIYTCZLEAV-VVJIWJAZSA-N,HAS_BIOACTIVITY,Bioactivity,BA_001743,has_bioactivity,Associated phytochemical has respective bioactivity
Phytochemical,SNICXCGAKADSCV-JTQLQIEISA-N,HAS_BIOACTIVITY,Bioactivity,BA_001744,has_bioactivity,Associated phytochemical has respective bioactivity
Phytochemical,SNICXCGAKADSCV-JTQLQIEISA-N,HAS_BIOACTIVITY,Bioactivity,BA_001745,has_bioactivity,Associated phytochemical has respective bioactivity
Phytochemical,SNICXCGAKADSCV-JTQLQIEISA-N,HAS_BIOACTIVITY,Bioactivity,BA_001746,has_bioactivity,Associated phytochemical has respective bioactivity
Phytochemical,SNICXCGAKADSCV-JTQLQIEISA-N,HAS_BIOACTIVITY,Bioactivity,BA_001747,has_bioactivity,Associated phytochemical has respective bioactivity
Phytochemical,SNICXCGAKADSCV-JTQLQIEISA-N,HAS_BIOACTIVITY,Bioactivity,BA_001748,has_bioactivity,Associated phytochemical has respective bioactivity
Phytochemical,SNICXCGAKADSCV-JTQLQIEISA-N,HAS_BIOACTIVITY,Bioactivity,BA_001749,has_bioactivity,Associated phytochemical has respective bioactivity
Phytochemical,SNICXCGAKADSCV-JTQLQIEISA-N,HAS_BIOACTIVITY,Bioactivity,BA_001750,has_bioactivity,Associated phytochemical has respective bioactivity
Phytochemical,SNICXCGAKADSCV-JTQLQIEISA-N,HAS_BIOACTIVITY,Bioactivity,BA_001751,has_bioactivity,Associated phytochemical has respective bioactivity
Phytochemical,SNICXCGAKADSCV-JTQLQIEISA-N,HAS_BIOACTIVITY,Bioactivity,BA_001752,has_bioactivity,Associated phytochemical has respective bioactivity
Phytochemical,SNICXCGAKADSCV-JTQLQIEISA-N,HAS_BIOACTIVITY,Bioactivity,BA_001753,has_bioactivity,Associated phytochemical has respective bioactivity
Phytochemical,SNICXCGAKADSCV-JTQLQIEISA-N,HAS_BIOACTIVITY,Bioactivity,BA_001754,has_bioactivity,Associated phytochemical has respective bioactivity
Phytochemical,SNICXCGAKADSCV-JTQLQIEISA-N,HAS_BIOACTIVITY,Bioactivity,BA_001755,has_bioactivity,Associated phytochemical has respective bioactivity
Phytochemical,SNICXCGAKADSCV-JTQLQIEISA-N,HAS_BIOACTIVITY,Bioactivity,BA_001756,has_bioactivity,Associated phytochemical has respective bioactivity
Phytochemical,SNICXCGAKADSCV-JTQLQIEISA-N,HAS_BIOACTIVITY,Bioactivity,BA_001757,has_bioactivity,Associated phytochemical has respective bioactivity
Phytochemical,SNICXCGAKADSCV-JTQLQIEISA-N,HAS_BIOACTIVITY,Bioactivity,BA_001758,has_bioactivity,Associated phytochemical has respective bioactivity
Phytochemical,SNICXCGAKADSCV-JTQLQIEISA-N,HAS_BIOACTIVITY,Bioactivity,BA_001759,has_bioactivity,Associated phytochemical has respective bioactivity
Phytochemical,SNICXCGAKADSCV-JTQLQIEISA-N,HAS_BIOACTIVITY,Bioactivity,BA_001760,has_bioactivity,Associated phytochemical has respective bioactivity
Phytochemical,SNICXCGAKADSCV-JTQLQIEISA-N,HAS_BIOACTIVITY,Bioactivity,BA_001761,has_bioactivity,Associated phytochemical has respective bioactivity
Phytochemical,SNICXCGAKADSCV-JTQLQIEISA-N,HAS_BIOACTIVITY,Bioactivity,BA_001762,has_bioactivity,Associated phytochemical has respective bioactivity
Phytochemical,SNICXCGAKADSCV-JTQLQIEISA-N,HAS_BIOACTIVITY,Bioactivity,BA_001763,has_bioactivity,Associated phytochemical has respective bioactivity
Phytochemical,SNICXCGAKADSCV-JTQLQIEISA-N,HAS_BIOACTIVITY,Bioactivity,BA_001764,has_bioactivity,Associated phytochemical has respective bioactivity
Phytochemical,RETGXUCYBMOWOH-MEDZGJRSSA-N,HAS_BIOACTIVITY,Bioactivity,BA_001765,has_bioactivity,Associated phytochemical has respective bioactivity
Phytochemical,QJYNZEYHSMRWBK-NIKIMHBISA-N,HAS_BIOACTIVITY,Bioactivity,BA_001766,has_bioactivity,Associated phytochemical has respective bioactivity
Phytochemical,QJYNZEYHSMRWBK-NIKIMHBISA-N,HAS_BIOACTIVITY,Bioactivity,BA_001767,has_bioactivity,Associated phytochemical has respective bioactivity
Phytochemical,QJYNZEYHSMRWBK-NIKIMHBISA-N,HAS_BIOACTIVITY,Bioactivity,BA_001768,has_bioactivity,Associated phytochemical has respective bioactivity
Phytochemical,QJYNZEYHSMRWBK-NIKIMHBISA-N,HAS_BIOACTIVITY,Bioactivity,BA_001769,has_bioactivity,Associated phytochemical has respective bioactivity
Phytochemical,QJYNZEYHSMRWBK-NIKIMHBISA-N,HAS_BIOACTIVITY,Bioactivity,BA_001770,has_bioactivity,Associated phytochemical has respective bioactivity
Phytochemical,QJYNZEYHSMRWBK-NIKIMHBISA-N,HAS_BIOACTIVITY,Bioactivity,BA_001771,has_bioactivity,Associated phytochemical has respective bioactivity
Phytochemical,QJYNZEYHSMRWBK-NIKIMHBISA-N,HAS_BIOACTIVITY,Bioactivity,BA_001772,has_bioactivity,Associated phytochemical has respective bioactivity
Phytochemical,QJYNZEYHSMRWBK-NIKIMHBISA-N,HAS_BIOACTIVITY,Bioactivity,BA_001773,has_bioactivity,Associated phytochemical has respective bioactivity
Phytochemical,QJYNZEYHSMRWBK-NIKIMHBISA-N,HAS_BIOACTIVITY,Bioactivity,BA_001774,has_bioactivity,Associated phytochemical has respective bioactivity
Phytochemical,QJYNZEYHSMRWBK-NIKIMHBISA-N,HAS_BIOACTIVITY,Bioactivity,BA_001775,has_bioactivity,Associated phytochemical has respective bioactivity
Phytochemical,VEBVPUXQAPLADL-GMMWQBCJSA-N,HAS_BIOACTIVITY,Bioactivity,BA_001776,has_bioactivity,Associated phytochemical has respective bioactivity
Phytochemical,KLAGYIBJNXLDTL-UHFFFAOYSA-N,HAS_BIOACTIVITY,Bioactivity,BA_000204,has_bioactivity,Associated phytochemical has respective bioactivity
Phytochemical,KLAGYIBJNXLDTL-UHFFFAOYSA-N,HAS_BIOACTIVITY,Bioactivity,BA_000210,has_bioactivity,Associated phytochemical has respective bioactivity
Phytochemical,KLAGYIBJNXLDTL-UHFFFAOYSA-N,HAS_BIOACTIVITY,Bioactivity,BA_001777,has_bioactivity,Associated phytochemical has respective bioactivity
Phytochemical,KLAGYIBJNXLDTL-UHFFFAOYSA-N,HAS_BIOACTIVITY,Bioactivity,BA_001778,has_bioactivity,Associated phytochemical has respective bioactivity
Phytochemical,KLAGYIBJNXLDTL-UHFFFAOYSA-N,HAS_BIOACTIVITY,Bioactivity,BA_000050,has_bioactivity,Associated phytochemical has respective bioactivity
Phytochemical,KLAGYIBJNXLDTL-UHFFFAOYSA-N,HAS_BIOACTIVITY,Bioactivity,BA_001779,has_bioactivity,Associated phytochemical has respective bioactivity
Phytochemical,KLAGYIBJNXLDTL-UHFFFAOYSA-N,HAS_BIOACTIVITY,Bioactivity,BA_001780,has_bioactivity,Associated phytochemical has respective bioactivity
Phytochemical,KLAGYIBJNXLDTL-UHFFFAOYSA-N,HAS_BIOACTIVITY,Bioactivity,BA_001352,has_bioactivity,Associated phytochemical has respective bioactivity
Phytochemical,OLOOJGVNMBJLLR-UHFFFAOYSA-N,HAS_BIOACTIVITY,Bioactivity,BA_000414,has_bioactivity,Associated phytochemical has respective bioactivity
Phytochemical,OLOOJGVNMBJLLR-UHFFFAOYSA-N,HAS_BIOACTIVITY,Bioactivity,BA_001781,has_bioactivity,Associated phytochemical has respective bioactivity
Phytochemical,OLOOJGVNMBJLLR-UHFFFAOYSA-N,HAS_BIOACTIVITY,Bioactivity,BA_001552,has_bioactivity,Associated phytochemical has respective bioactivity
Phytochemical,OLOOJGVNMBJLLR-UHFFFAOYSA-N,HAS_BIOACTIVITY,Bioactivity,BA_001706,has_bioactivity,Associated phytochemical has respective bioactivity
Phytochemical,OLOOJGVNMBJLLR-UHFFFAOYSA-N,HAS_BIOACTIVITY,Bioactivity,BA_001782,has_bioactivity,Associated phytochemical has respective bioactivity
Phytochemical,GIJHDGJRTUSBJR-UHFFFAOYSA-N,HAS_BIOACTIVITY,Bioactivity,BA_001783,has_bioactivity,Associated phytochemical has respective bioactivity
Phytochemical,GIJHDGJRTUSBJR-UHFFFAOYSA-N,HAS_BIOACTIVITY,Bioactivity,BA_001784,has_bioactivity,Associated phytochemical has respective bioactivity
Phytochemical,GRBHNQFQFHLCHO-BHMAJAPKSA-N,HAS_BIOACTIVITY,Bioactivity,BA_000001,has_bioactivity,Associated phytochemical has respective bioactivity
Phytochemical,BTXWOKJOAGWCSN-JBYJGCOVSA-N,HAS_BIOACTIVITY,Bioactivity,BA_001785,has_bioactivity,Associated phytochemical has respective bioactivity
Phytochemical,OIPILFWXSMYKGL-UHFFFAOYSA-N,HAS_BIOACTIVITY,Bioactivity,BA_001786,has_bioactivity,Associated phytochemical has respective bioactivity
Phytochemical,OIPILFWXSMYKGL-UHFFFAOYSA-N,HAS_BIOACTIVITY,Bioactivity,BA_001787,has_bioactivity,Associated phytochemical has respective bioactivity
Phytochemical,OIPILFWXSMYKGL-UHFFFAOYSA-N,HAS_BIOACTIVITY,Bioactivity,BA_001788,has_bioactivity,Associated phytochemical has respective bioactivity
Phytochemical,OIPILFWXSMYKGL-UHFFFAOYSA-N,HAS_BIOACTIVITY,Bioactivity,BA_001789,has_bioactivity,Associated phytochemical has respective bioactivity
Phytochemical,OIPILFWXSMYKGL-UHFFFAOYSA-N,HAS_BIOACTIVITY,Bioactivity,BA_001790,has_bioactivity,Associated phytochemical has respective bioactivity
Phytochemical,OIPILFWXSMYKGL-UHFFFAOYSA-N,HAS_BIOACTIVITY,Bioactivity,BA_001791,has_bioactivity,Associated phytochemical has respective bioactivity
Phytochemical,OIPILFWXSMYKGL-UHFFFAOYSA-N,HAS_BIOACTIVITY,Bioactivity,BA_001792,has_bioactivity,Associated phytochemical has respective bioactivity
Phytochemical,OIPILFWXSMYKGL-UHFFFAOYSA-N,HAS_BIOACTIVITY,Bioactivity,BA_001793,has_bioactivity,Associated phytochemical has respective bioactivity
Phytochemical,OIPILFWXSMYKGL-UHFFFAOYSA-N,HAS_BIOACTIVITY,Bioactivity,BA_001794,has_bioactivity,Associated phytochemical has respective bioactivity
Phytochemical,OIPILFWXSMYKGL-UHFFFAOYSA-N,HAS_BIOACTIVITY,Bioactivity,BA_001795,has_bioactivity,Associated phytochemical has respective bioactivity
Phytochemical,OIPILFWXSMYKGL-UHFFFAOYSA-N,HAS_BIOACTIVITY,Bioactivity,BA_001796,has_bioactivity,Associated phytochemical has respective bioactivity
Phytochemical,OIPILFWXSMYKGL-UHFFFAOYSA-N,HAS_BIOACTIVITY,Bioactivity,BA_001797,has_bioactivity,Associated phytochemical has respective bioactivity
Phytochemical,OIPILFWXSMYKGL-UHFFFAOYSA-N,HAS_BIOACTIVITY,Bioactivity,BA_001798,has_bioactivity,Associated phytochemical has respective bioactivity
Phytochemical,OIPILFWXSMYKGL-UHFFFAOYSA-N,HAS_BIOACTIVITY,Bioactivity,BA_001799,has_bioactivity,Associated phytochemical has respective bioactivity
Phytochemical,OIPILFWXSMYKGL-UHFFFAOYSA-N,HAS_BIOACTIVITY,Bioactivity,BA_001800,has_bioactivity,Associated phytochemical has respective bioactivity
Phytochemical,OIPILFWXSMYKGL-UHFFFAOYSA-N,HAS_BIOACTIVITY,Bioactivity,BA_001801,has_bioactivity,Associated phytochemical has respective bioactivity
Phytochemical,OIPILFWXSMYKGL-UHFFFAOYSA-N,HAS_BIOACTIVITY,Bioactivity,BA_001802,has_bioactivity,Associated phytochemical has respective bioactivity
Phytochemical,OIPILFWXSMYKGL-UHFFFAOYSA-N,HAS_BIOACTIVITY,Bioactivity,BA_001803,has_bioactivity,Associated phytochemical has respective bioactivity
Phytochemical,OIPILFWXSMYKGL-UHFFFAOYSA-N,HAS_BIOACTIVITY,Bioactivity,BA_001804,has_bioactivity,Associated phytochemical has respective bioactivity
Phytochemical,OIPILFWXSMYKGL-UHFFFAOYSA-N,HAS_BIOACTIVITY,Bioactivity,BA_001805,has_bioactivity,Associated phytochemical has respective bioactivity
Phytochemical,OIPILFWXSMYKGL-UHFFFAOYSA-N,HAS_BIOACTIVITY,Bioactivity,BA_001806,has_bioactivity,Associated phytochemical has respective bioactivity
Phytochemical,OIPILFWXSMYKGL-UHFFFAOYSA-N,HAS_BIOACTIVITY,Bioactivity,BA_001807,has_bioactivity,Associated phytochemical has respective bioactivity
Phytochemical,OIPILFWXSMYKGL-UHFFFAOYSA-N,HAS_BIOACTIVITY,Bioactivity,BA_001808,has_bioactivity,Associated phytochemical has respective bioactivity
Phytochemical,OIPILFWXSMYKGL-UHFFFAOYSA-N,HAS_BIOACTIVITY,Bioactivity,BA_001809,has_bioactivity,Associated phytochemical has respective bioactivity
Phytochemical,OIPILFWXSMYKGL-UHFFFAOYSA-N,HAS_BIOACTIVITY,Bioactivity,BA_001810,has_bioactivity,Associated phytochemical has respective bioactivity
Phytochemical,OIPILFWXSMYKGL-UHFFFAOYSA-N,HAS_BIOACTIVITY,Bioactivity,BA_001811,has_bioactivity,Associated phytochemical has respective bioactivity
Phytochemical,OIPILFWXSMYKGL-UHFFFAOYSA-N,HAS_BIOACTIVITY,Bioactivity,BA_001812,has_bioactivity,Associated phytochemical has respective bioactivity
Phytochemical,OIPILFWXSMYKGL-UHFFFAOYSA-N,HAS_BIOACTIVITY,Bioactivity,BA_001813,has_bioactivity,Associated phytochemical has respective bioactivity
Phytochemical,OIPILFWXSMYKGL-UHFFFAOYSA-N,HAS_BIOACTIVITY,Bioactivity,BA_001814,has_bioactivity,Associated phytochemical has respective bioactivity
Phytochemical,OIPILFWXSMYKGL-UHFFFAOYSA-N,HAS_BIOACTIVITY,Bioactivity,BA_001815,has_bioactivity,Associated phytochemical has respective bioactivity
Phytochemical,OIPILFWXSMYKGL-UHFFFAOYSA-N,HAS_BIOACTIVITY,Bioactivity,BA_001816,has_bioactivity,Associated phytochemical has respective bioactivity
Phytochemical,OIPILFWXSMYKGL-UHFFFAOYSA-N,HAS_BIOACTIVITY,Bioactivity,BA_001817,has_bioactivity,Associated phytochemical has respective bioactivity
Phytochemical,OIPILFWXSMYKGL-UHFFFAOYSA-N,HAS_BIOACTIVITY,Bioactivity,BA_001818,has_bioactivity,Associated phytochemical has respective bioactivity
Phytochemical,OIPILFWXSMYKGL-UHFFFAOYSA-N,HAS_BIOACTIVITY,Bioactivity,BA_001819,has_bioactivity,Associated phytochemical has respective bioactivity
Phytochemical,OIPILFWXSMYKGL-UHFFFAOYSA-N,HAS_BIOACTIVITY,Bioactivity,BA_001820,has_bioactivity,Associated phytochemical has respective bioactivity
Phytochemical,OIPILFWXSMYKGL-UHFFFAOYSA-N,HAS_BIOACTIVITY,Bioactivity,BA_001821,has_bioactivity,Associated phytochemical has respective bioactivity
Phytochemical,OIPILFWXSMYKGL-UHFFFAOYSA-N,HAS_BIOACTIVITY,Bioactivity,BA_001822,has_bioactivity,Associated phytochemical has respective bioactivity
Phytochemical,OIPILFWXSMYKGL-UHFFFAOYSA-N,HAS_BIOACTIVITY,Bioactivity,BA_001823,has_bioactivity,Associated phytochemical has respective bioactivity
Phytochemical,OIPILFWXSMYKGL-UHFFFAOYSA-N,HAS_BIOACTIVITY,Bioactivity,BA_001824,has_bioactivity,Associated phytochemical has respective bioactivity
Phytochemical,OIPILFWXSMYKGL-UHFFFAOYSA-N,HAS_BIOACTIVITY,Bioactivity,BA_001825,has_bioactivity,Associated phytochemical has respective bioactivity
Phytochemical,OIPILFWXSMYKGL-UHFFFAOYSA-N,HAS_BIOACTIVITY,Bioactivity,BA_001826,has_bioactivity,Associated phytochemical has respective bioactivity
Phytochemical,OIPILFWXSMYKGL-UHFFFAOYSA-N,HAS_BIOACTIVITY,Bioactivity,BA_001827,has_bioactivity,Associated phytochemical has respective bioactivity
Phytochemical,OIPILFWXSMYKGL-UHFFFAOYSA-N,HAS_BIOACTIVITY,Bioactivity,BA_001828,has_bioactivity,Associated phytochemical has respective bioactivity
Phytochemical,OIPILFWXSMYKGL-UHFFFAOYSA-N,HAS_BIOACTIVITY,Bioactivity,BA_001829,has_bioactivity,Associated phytochemical has respective bioactivity
Phytochemical,OIPILFWXSMYKGL-UHFFFAOYSA-N,HAS_BIOACTIVITY,Bioactivity,BA_001830,has_bioactivity,Associated phytochemical has respective bioactivity
Phytochemical,OIPILFWXSMYKGL-UHFFFAOYSA-N,HAS_BIOACTIVITY,Bioactivity,BA_001831,has_bioactivity,Associated phytochemical has respective bioactivity
Phytochemical,OIPILFWXSMYKGL-UHFFFAOYSA-N,HAS_BIOACTIVITY,Bioactivity,BA_001832,has_bioactivity,Associated phytochemical has respective bioactivity
Phytochemical,OIPILFWXSMYKGL-UHFFFAOYSA-N,HAS_BIOACTIVITY,Bioactivity,BA_001833,has_bioactivity,Associated phytochemical has respective bioactivity
Phytochemical,OIPILFWXSMYKGL-UHFFFAOYSA-N,HAS_BIOACTIVITY,Bioactivity,BA_001834,has_bioactivity,Associated phytochemical has respective bioactivity
Phytochemical,OIPILFWXSMYKGL-UHFFFAOYSA-N,HAS_BIOACTIVITY,Bioactivity,BA_001835,has_bioactivity,Associated phytochemical has respective bioactivity
Phytochemical,OIPILFWXSMYKGL-UHFFFAOYSA-N,HAS_BIOACTIVITY,Bioactivity,BA_001836,has_bioactivity,Associated phytochemical has respective bioactivity
Phytochemical,OIPILFWXSMYKGL-UHFFFAOYSA-N,HAS_BIOACTIVITY,Bioactivity,BA_001837,has_bioactivity,Associated phytochemical has respective bioactivity
Phytochemical,NTYJJOPFIAHURM-UHFFFAOYSA-N,HAS_BIOACTIVITY,Bioactivity,BA_001838,has_bioactivity,Associated phytochemical has respective bioactivity
Phytochemical,NTYJJOPFIAHURM-UHFFFAOYSA-N,HAS_BIOACTIVITY,Bioactivity,BA_001839,has_bioactivity,Associated phytochemical has respective bioactivity
Phytochemical,NTYJJOPFIAHURM-UHFFFAOYSA-N,HAS_BIOACTIVITY,Bioactivity,BA_001840,has_bioactivity,Associated phytochemical has respective bioactivity
Phytochemical,NTYJJOPFIAHURM-UHFFFAOYSA-N,HAS_BIOACTIVITY,Bioactivity,BA_001841,has_bioactivity,Associated phytochemical has respective bioactivity
Phytochemical,NTYJJOPFIAHURM-UHFFFAOYSA-N,HAS_BIOACTIVITY,Bioactivity,BA_001842,has_bioactivity,Associated phytochemical has respective bioactivity
Phytochemical,NTYJJOPFIAHURM-UHFFFAOYSA-N,HAS_BIOACTIVITY,Bioactivity,BA_001843,has_bioactivity,Associated phytochemical has respective bioactivity
Phytochemical,NTYJJOPFIAHURM-UHFFFAOYSA-N,HAS_BIOACTIVITY,Bioactivity,BA_001844,has_bioactivity,Associated phytochemical has respective bioactivity
Phytochemical,NTYJJOPFIAHURM-UHFFFAOYSA-N,HAS_BIOACTIVITY,Bioactivity,BA_001845,has_bioactivity,Associated phytochemical has respective bioactivity
Phytochemical,NTYJJOPFIAHURM-UHFFFAOYSA-N,HAS_BIOACTIVITY,Bioactivity,BA_001846,has_bioactivity,Associated phytochemical has respective bioactivity
Phytochemical,NTYJJOPFIAHURM-UHFFFAOYSA-N,HAS_BIOACTIVITY,Bioactivity,BA_001847,has_bioactivity,Associated phytochemical has respective bioactivity
Phytochemical,NTYJJOPFIAHURM-UHFFFAOYSA-N,HAS_BIOACTIVITY,Bioactivity,BA_001848,has_bioactivity,Associated phytochemical has respective bioactivity
Phytochemical,NTYJJOPFIAHURM-UHFFFAOYSA-N,HAS_BIOACTIVITY,Bioactivity,BA_001849,has_bioactivity,Associated phytochemical has respective bioactivity
Phytochemical,NTYJJOPFIAHURM-UHFFFAOYSA-N,HAS_BIOACTIVITY,Bioactivity,BA_001850,has_bioactivity,Associated phytochemical has respective bioactivity
Phytochemical,NTYJJOPFIAHURM-UHFFFAOYSA-N,HAS_BIOACTIVITY,Bioactivity,BA_001851,has_bioactivity,Associated phytochemical has respective bioactivity
Phytochemical,NTYJJOPFIAHURM-UHFFFAOYSA-N,HAS_BIOACTIVITY,Bioactivity,BA_001852,has_bioactivity,Associated phytochemical has respective bioactivity
Phytochemical,NTYJJOPFIAHURM-UHFFFAOYSA-N,HAS_BIOACTIVITY,Bioactivity,BA_001853,has_bioactivity,Associated phytochemical has respective bioactivity
Phytochemical,NTYJJOPFIAHURM-UHFFFAOYSA-N,HAS_BIOACTIVITY,Bioactivity,BA_001854,has_bioactivity,Associated phytochemical has respective bioactivity
Phytochemical,NTYJJOPFIAHURM-UHFFFAOYSA-N,HAS_BIOACTIVITY,Bioactivity,BA_001855,has_bioactivity,Associated phytochemical has respective bioactivity
Phytochemical,NTYJJOPFIAHURM-UHFFFAOYSA-N,HAS_BIOACTIVITY,Bioactivity,BA_001856,has_bioactivity,Associated phytochemical has respective bioactivity
Phytochemical,NTYJJOPFIAHURM-UHFFFAOYSA-N,HAS_BIOACTIVITY,Bioactivity,BA_001857,has_bioactivity,Associated phytochemical has respective bioactivity
Phytochemical,NTYJJOPFIAHURM-UHFFFAOYSA-N,HAS_BIOACTIVITY,Bioactivity,BA_001858,has_bioactivity,Associated phytochemical has respective bioactivity
Phytochemical,NTYJJOPFIAHURM-UHFFFAOYSA-N,HAS_BIOACTIVITY,Bioactivity,BA_001859,has_bioactivity,Associated phytochemical has respective bioactivity
Phytochemical,NTYJJOPFIAHURM-UHFFFAOYSA-N,HAS_BIOACTIVITY,Bioactivity,BA_001860,has_bioactivity,Associated phytochemical has respective bioactivity
Phytochemical,NTYJJOPFIAHURM-UHFFFAOYSA-N,HAS_BIOACTIVITY,Bioactivity,BA_001861,has_bioactivity,Associated phytochemical has respective bioactivity
Phytochemical,NTYJJOPFIAHURM-UHFFFAOYSA-N,HAS_BIOACTIVITY,Bioactivity,BA_001862,has_bioactivity,Associated phytochemical has respective bioactivity
Phytochemical,NTYJJOPFIAHURM-UHFFFAOYSA-N,HAS_BIOACTIVITY,Bioactivity,BA_001863,has_bioactivity,Associated phytochemical has respective bioactivity
Phytochemical,NTYJJOPFIAHURM-UHFFFAOYSA-N,HAS_BIOACTIVITY,Bioactivity,BA_001864,has_bioactivity,Associated phytochemical has respective bioactivity
Phytochemical,NTYJJOPFIAHURM-UHFFFAOYSA-N,HAS_BIOACTIVITY,Bioactivity,BA_001865,has_bioactivity,Associated phytochemical has respective bioactivity
Phytochemical,NTYJJOPFIAHURM-UHFFFAOYSA-N,HAS_BIOACTIVITY,Bioactivity,BA_001866,has_bioactivity,Associated phytochemical has respective bioactivity
Phytochemical,NTYJJOPFIAHURM-UHFFFAOYSA-N,HAS_BIOACTIVITY,Bioactivity,BA_001867,has_bioactivity,Associated phytochemical has respective bioactivity
Phytochemical,NTYJJOPFIAHURM-UHFFFAOYSA-N,HAS_BIOACTIVITY,Bioactivity,BA_001868,has_bioactivity,Associated phytochemical has respective bioactivity
Phytochemical,NTYJJOPFIAHURM-UHFFFAOYSA-N,HAS_BIOACTIVITY,Bioactivity,BA_001869,has_bioactivity,Associated phytochemical has respective bioactivity
Phytochemical,NTYJJOPFIAHURM-UHFFFAOYSA-N,HAS_BIOACTIVITY,Bioactivity,BA_001870,has_bioactivity,Associated phytochemical has respective bioactivity
Phytochemical,NTYJJOPFIAHURM-UHFFFAOYSA-N,HAS_BIOACTIVITY,Bioactivity,BA_001871,has_bioactivity,Associated phytochemical has respective bioactivity
Phytochemical,NTYJJOPFIAHURM-UHFFFAOYSA-N,HAS_BIOACTIVITY,Bioactivity,BA_001872,has_bioactivity,Associated phytochemical has respective bioactivity
Phytochemical,NTYJJOPFIAHURM-UHFFFAOYSA-N,HAS_BIOACTIVITY,Bioactivity,BA_001873,has_bioactivity,Associated phytochemical has respective bioactivity
Phytochemical,NTYJJOPFIAHURM-UHFFFAOYSA-N,HAS_BIOACTIVITY,Bioactivity,BA_001874,has_bioactivity,Associated phytochemical has respective bioactivity
Phytochemical,NTYJJOPFIAHURM-UHFFFAOYSA-N,HAS_BIOACTIVITY,Bioactivity,BA_001875,has_bioactivity,Associated phytochemical has respective bioactivity
Phytochemical,NTYJJOPFIAHURM-UHFFFAOYSA-N,HAS_BIOACTIVITY,Bioactivity,BA_001876,has_bioactivity,Associated phytochemical has respective bioactivity
Phytochemical,NTYJJOPFIAHURM-UHFFFAOYSA-N,HAS_BIOACTIVITY,Bioactivity,BA_001877,has_bioactivity,Associated phytochemical has respective bioactivity
Phytochemical,NTYJJOPFIAHURM-UHFFFAOYSA-N,HAS_BIOACTIVITY,Bioactivity,BA_001878,has_bioactivity,Associated phytochemical has respective bioactivity
Phytochemical,NTYJJOPFIAHURM-UHFFFAOYSA-N,HAS_BIOACTIVITY,Bioactivity,BA_001879,has_bioactivity,Associated phytochemical has respective bioactivity
Phytochemical,NTYJJOPFIAHURM-UHFFFAOYSA-N,HAS_BIOACTIVITY,Bioactivity,BA_001880,has_bioactivity,Associated phytochemical has respective bioactivity
Phytochemical,NTYJJOPFIAHURM-UHFFFAOYSA-N,HAS_BIOACTIVITY,Bioactivity,BA_001881,has_bioactivity,Associated phytochemical has respective bioactivity
Phytochemical,NTYJJOPFIAHURM-UHFFFAOYSA-N,HAS_BIOACTIVITY,Bioactivity,BA_001882,has_bioactivity,Associated phytochemical has respective bioactivity
Phytochemical,NTYJJOPFIAHURM-UHFFFAOYSA-N,HAS_BIOACTIVITY,Bioactivity,BA_001883,has_bioactivity,Associated phytochemical has respective bioactivity
Phytochemical,NTYJJOPFIAHURM-UHFFFAOYSA-N,HAS_BIOACTIVITY,Bioactivity,BA_001884,has_bioactivity,Associated phytochemical has respective bioactivity
Phytochemical,NTYJJOPFIAHURM-UHFFFAOYSA-N,HAS_BIOACTIVITY,Bioactivity,BA_001885,has_bioactivity,Associated phytochemical has respective bioactivity
Phytochemical,NTYJJOPFIAHURM-UHFFFAOYSA-N,HAS_BIOACTIVITY,Bioactivity,BA_001886,has_bioactivity,Associated phytochemical has respective bioactivity
Phytochemical,NTYJJOPFIAHURM-UHFFFAOYSA-N,HAS_BIOACTIVITY,Bioactivity,BA_001887,has_bioactivity,Associated phytochemical has respective bioactivity
Phytochemical,NTYJJOPFIAHURM-UHFFFAOYSA-N,HAS_BIOACTIVITY,Bioactivity,BA_001888,has_bioactivity,Associated phytochemical has respective bioactivity
Phytochemical,NTYJJOPFIAHURM-UHFFFAOYSA-N,HAS_BIOACTIVITY,Bioactivity,BA_001889,has_bioactivity,Associated phytochemical has respective bioactivity
Phytochemical,NTYJJOPFIAHURM-UHFFFAOYSA-N,HAS_BIOACTIVITY,Bioactivity,BA_000452,has_bioactivity,Associated phytochemical has respective bioactivity
Phytochemical,NTYJJOPFIAHURM-UHFFFAOYSA-N,HAS_BIOACTIVITY,Bioactivity,BA_001890,has_bioactivity,Associated phytochemical has respective bioactivity
Phytochemical,NTYJJOPFIAHURM-UHFFFAOYSA-N,HAS_BIOACTIVITY,Bioactivity,BA_001891,has_bioactivity,Associated phytochemical has respective bioactivity
Phytochemical,NTYJJOPFIAHURM-UHFFFAOYSA-N,HAS_BIOACTIVITY,Bioactivity,BA_001892,has_bioactivity,Associated phytochemical has respective bioactivity
Phytochemical,NTYJJOPFIAHURM-UHFFFAOYSA-N,HAS_BIOACTIVITY,Bioactivity,BA_001893,has_bioactivity,Associated phytochemical has respective bioactivity
Phytochemical,NTYJJOPFIAHURM-UHFFFAOYSA-N,HAS_BIOACTIVITY,Bioactivity,BA_001894,has_bioactivity,Associated phytochemical has respective bioactivity
Phytochemical,NTYJJOPFIAHURM-UHFFFAOYSA-N,HAS_BIOACTIVITY,Bioactivity,BA_001895,has_bioactivity,Associated phytochemical has respective bioactivity
Phytochemical,NTYJJOPFIAHURM-UHFFFAOYSA-N,HAS_BIOACTIVITY,Bioactivity,BA_001896,has_bioactivity,Associated phytochemical has respective bioactivity
Phytochemical,NTYJJOPFIAHURM-UHFFFAOYSA-N,HAS_BIOACTIVITY,Bioactivity,BA_001897,has_bioactivity,Associated phytochemical has respective bioactivity
Phytochemical,NTYJJOPFIAHURM-UHFFFAOYSA-N,HAS_BIOACTIVITY,Bioactivity,BA_001898,has_bioactivity,Associated phytochemical has respective bioactivity
Phytochemical,NTYJJOPFIAHURM-UHFFFAOYSA-N,HAS_BIOACTIVITY,Bioactivity,BA_001899,has_bioactivity,Associated phytochemical has respective bioactivity
Phytochemical,NTYJJOPFIAHURM-UHFFFAOYSA-N,HAS_BIOACTIVITY,Bioactivity,BA_001900,has_bioactivity,Associated phytochemical has respective bioactivity
Phytochemical,NTYJJOPFIAHURM-UHFFFAOYSA-N,HAS_BIOACTIVITY,Bioactivity,BA_001901,has_bioactivity,Associated phytochemical has respective bioactivity
Phytochemical,NTYJJOPFIAHURM-UHFFFAOYSA-N,HAS_BIOACTIVITY,Bioactivity,BA_001902,has_bioactivity,Associated phytochemical has respective bioactivity
Phytochemical,NTYJJOPFIAHURM-UHFFFAOYSA-N,HAS_BIOACTIVITY,Bioactivity,BA_001903,has_bioactivity,Associated phytochemical has respective bioactivity
Phytochemical,NTYJJOPFIAHURM-UHFFFAOYSA-N,HAS_BIOACTIVITY,Bioactivity,BA_001904,has_bioactivity,Associated phytochemical has respective bioactivity
Phytochemical,NTYJJOPFIAHURM-UHFFFAOYSA-N,HAS_BIOACTIVITY,Bioactivity,BA_001905,has_bioactivity,Associated phytochemical has respective bioactivity
Phytochemical,NTYJJOPFIAHURM-UHFFFAOYSA-N,HAS_BIOACTIVITY,Bioactivity,BA_001906,has_bioactivity,Associated phytochemical has respective bioactivity
Phytochemical,NTYJJOPFIAHURM-UHFFFAOYSA-N,HAS_BIOACTIVITY,Bioactivity,BA_001907,has_bioactivity,Associated phytochemical has respective bioactivity
Phytochemical,NTYJJOPFIAHURM-UHFFFAOYSA-N,HAS_BIOACTIVITY,Bioactivity,BA_001908,has_bioactivity,Associated phytochemical has respective bioactivity
Phytochemical,NTYJJOPFIAHURM-UHFFFAOYSA-N,HAS_BIOACTIVITY,Bioactivity,BA_001909,has_bioactivity,Associated phytochemical has respective bioactivity
Phytochemical,NTYJJOPFIAHURM-UHFFFAOYSA-N,HAS_BIOACTIVITY,Bioactivity,BA_001910,has_bioactivity,Associated phytochemical has respective bioactivity
Phytochemical,NTYJJOPFIAHURM-UHFFFAOYSA-N,HAS_BIOACTIVITY,Bioactivity,BA_001911,has_bioactivity,Associated phytochemical has respective bioactivity
Phytochemical,NTYJJOPFIAHURM-UHFFFAOYSA-N,HAS_BIOACTIVITY,Bioactivity,BA_001912,has_bioactivity,Associated phytochemical has respective bioactivity
Phytochemical,NTYJJOPFIAHURM-UHFFFAOYSA-N,HAS_BIOACTIVITY,Bioactivity,BA_001913,has_bioactivity,Associated phytochemical has respective bioactivity
Phytochemical,NTYJJOPFIAHURM-UHFFFAOYSA-N,HAS_BIOACTIVITY,Bioactivity,BA_001914,has_bioactivity,Associated phytochemical has respective bioactivity
Phytochemical,NTYJJOPFIAHURM-UHFFFAOYSA-N,HAS_BIOACTIVITY,Bioactivity,BA_001915,has_bioactivity,Associated phytochemical has respective bioactivity
Phytochemical,NTYJJOPFIAHURM-UHFFFAOYSA-N,HAS_BIOACTIVITY,Bioactivity,BA_001916,has_bioactivity,Associated phytochemical has respective bioactivity
Phytochemical,NTYJJOPFIAHURM-UHFFFAOYSA-N,HAS_BIOACTIVITY,Bioactivity,BA_001917,has_bioactivity,Associated phytochemical has respective bioactivity
Phytochemical,NTYJJOPFIAHURM-UHFFFAOYSA-N,HAS_BIOACTIVITY,Bioactivity,BA_001918,has_bioactivity,Associated phytochemical has respective bioactivity
Phytochemical,NTYJJOPFIAHURM-UHFFFAOYSA-N,HAS_BIOACTIVITY,Bioactivity,BA_001919,has_bioactivity,Associated phytochemical has respective bioactivity
Phytochemical,NTYJJOPFIAHURM-UHFFFAOYSA-N,HAS_BIOACTIVITY,Bioactivity,BA_001920,has_bioactivity,Associated phytochemical has respective bioactivity
Phytochemical,NTYJJOPFIAHURM-UHFFFAOYSA-N,HAS_BIOACTIVITY,Bioactivity,BA_001921,has_bioactivity,Associated phytochemical has respective bioactivity
Phytochemical,NTYJJOPFIAHURM-UHFFFAOYSA-N,HAS_BIOACTIVITY,Bioactivity,BA_001922,has_bioactivity,Associated phytochemical has respective bioactivity
Phytochemical,NTYJJOPFIAHURM-UHFFFAOYSA-N,HAS_BIOACTIVITY,Bioactivity,BA_001923,has_bioactivity,Associated phytochemical has respective bioactivity
Phytochemical,NTYJJOPFIAHURM-UHFFFAOYSA-N,HAS_BIOACTIVITY,Bioactivity,BA_001924,has_bioactivity,Associated phytochemical has respective bioactivity
Phytochemical,NTYJJOPFIAHURM-UHFFFAOYSA-N,HAS_BIOACTIVITY,Bioactivity,BA_001925,has_bioactivity,Associated phytochemical has respective bioactivity
Phytochemical,NTYJJOPFIAHURM-UHFFFAOYSA-N,HAS_BIOACTIVITY,Bioactivity,BA_001926,has_bioactivity,Associated phytochemical has respective bioactivity
Phytochemical,NTYJJOPFIAHURM-UHFFFAOYSA-N,HAS_BIOACTIVITY,Bioactivity,BA_001927,has_bioactivity,Associated phytochemical has respective bioactivity
Phytochemical,NTYJJOPFIAHURM-UHFFFAOYSA-N,HAS_BIOACTIVITY,Bioactivity,BA_001928,has_bioactivity,Associated phytochemical has respective bioactivity
Phytochemical,NTYJJOPFIAHURM-UHFFFAOYSA-N,HAS_BIOACTIVITY,Bioactivity,BA_001929,has_bioactivity,Associated phytochemical has respective bioactivity
Phytochemical,NTYJJOPFIAHURM-UHFFFAOYSA-N,HAS_BIOACTIVITY,Bioactivity,BA_001930,has_bioactivity,Associated phytochemical has respective bioactivity
Phytochemical,NTYJJOPFIAHURM-UHFFFAOYSA-N,HAS_BIOACTIVITY,Bioactivity,BA_001931,has_bioactivity,Associated phytochemical has respective bioactivity
Phytochemical,NTYJJOPFIAHURM-UHFFFAOYSA-N,HAS_BIOACTIVITY,Bioactivity,BA_001932,has_bioactivity,Associated phytochemical has respective bioactivity
Phytochemical,NTYJJOPFIAHURM-UHFFFAOYSA-N,HAS_BIOACTIVITY,Bioactivity,BA_001933,has_bioactivity,Associated phytochemical has respective bioactivity
Phytochemical,QZAYGJVTTNCVMB-UHFFFAOYSA-N,HAS_BIOACTIVITY,Bioactivity,BA_001934,has_bioactivity,Associated phytochemical has respective bioactivity
Phytochemical,QZAYGJVTTNCVMB-UHFFFAOYSA-N,HAS_BIOACTIVITY,Bioactivity,BA_001935,has_bioactivity,Associated phytochemical has respective bioactivity
Phytochemical,QZAYGJVTTNCVMB-UHFFFAOYSA-N,HAS_BIOACTIVITY,Bioactivity,BA_001936,has_bioactivity,Associated phytochemical has respective bioactivity
Phytochemical,QZAYGJVTTNCVMB-UHFFFAOYSA-N,HAS_BIOACTIVITY,Bioactivity,BA_001937,has_bioactivity,Associated phytochemical has respective bioactivity
Phytochemical,QZAYGJVTTNCVMB-UHFFFAOYSA-N,HAS_BIOACTIVITY,Bioactivity,BA_001938,has_bioactivity,Associated phytochemical has respective bioactivity
Phytochemical,QZAYGJVTTNCVMB-UHFFFAOYSA-N,HAS_BIOACTIVITY,Bioactivity,BA_001939,has_bioactivity,Associated phytochemical has respective bioactivity
Phytochemical,QZAYGJVTTNCVMB-UHFFFAOYSA-N,HAS_BIOACTIVITY,Bioactivity,BA_001940,has_bioactivity,Associated phytochemical has respective bioactivity
Phytochemical,QZAYGJVTTNCVMB-UHFFFAOYSA-N,HAS_BIOACTIVITY,Bioactivity,BA_001941,has_bioactivity,Associated phytochemical has respective bioactivity
Phytochemical,QZAYGJVTTNCVMB-UHFFFAOYSA-N,HAS_BIOACTIVITY,Bioactivity,BA_001942,has_bioactivity,Associated phytochemical has respective bioactivity
Phytochemical,QZAYGJVTTNCVMB-UHFFFAOYSA-N,HAS_BIOACTIVITY,Bioactivity,BA_001943,has_bioactivity,Associated phytochemical has respective bioactivity
Phytochemical,QZAYGJVTTNCVMB-UHFFFAOYSA-N,HAS_BIOACTIVITY,Bioactivity,BA_001944,has_bioactivity,Associated phytochemical has respective bioactivity
Phytochemical,QZAYGJVTTNCVMB-UHFFFAOYSA-N,HAS_BIOACTIVITY,Bioactivity,BA_001945,has_bioactivity,Associated phytochemical has respective bioactivity
Phytochemical,QZAYGJVTTNCVMB-UHFFFAOYSA-N,HAS_BIOACTIVITY,Bioactivity,BA_001946,has_bioactivity,Associated phytochemical has respective bioactivity
Phytochemical,QZAYGJVTTNCVMB-UHFFFAOYSA-N,HAS_BIOACTIVITY,Bioactivity,BA_001947,has_bioactivity,Associated phytochemical has respective bioactivity
Phytochemical,QZAYGJVTTNCVMB-UHFFFAOYSA-N,HAS_BIOACTIVITY,Bioactivity,BA_001948,has_bioactivity,Associated phytochemical has respective bioactivity
Phytochemical,QZAYGJVTTNCVMB-UHFFFAOYSA-N,HAS_BIOACTIVITY,Bioactivity,BA_001949,has_bioactivity,Associated phytochemical has respective bioactivity
Phytochemical,QZAYGJVTTNCVMB-UHFFFAOYSA-N,HAS_BIOACTIVITY,Bioactivity,BA_001950,has_bioactivity,Associated phytochemical has respective bioactivity
Phytochemical,QZAYGJVTTNCVMB-UHFFFAOYSA-N,HAS_BIOACTIVITY,Bioactivity,BA_001951,has_bioactivity,Associated phytochemical has respective bioactivity
Phytochemical,QZAYGJVTTNCVMB-UHFFFAOYSA-N,HAS_BIOACTIVITY,Bioactivity,BA_001952,has_bioactivity,Associated phytochemical has respective bioactivity
Phytochemical,QZAYGJVTTNCVMB-UHFFFAOYSA-N,HAS_BIOACTIVITY,Bioactivity,BA_001953,has_bioactivity,Associated phytochemical has respective bioactivity
Phytochemical,QZAYGJVTTNCVMB-UHFFFAOYSA-N,HAS_BIOACTIVITY,Bioactivity,BA_001954,has_bioactivity,Associated phytochemical has respective bioactivity
Phytochemical,QZAYGJVTTNCVMB-UHFFFAOYSA-N,HAS_BIOACTIVITY,Bioactivity,BA_001955,has_bioactivity,Associated phytochemical has respective bioactivity
Phytochemical,QZAYGJVTTNCVMB-UHFFFAOYSA-N,HAS_BIOACTIVITY,Bioactivity,BA_001956,has_bioactivity,Associated phytochemical has respective bioactivity
Phytochemical,QZAYGJVTTNCVMB-UHFFFAOYSA-N,HAS_BIOACTIVITY,Bioactivity,BA_001957,has_bioactivity,Associated phytochemical has respective bioactivity
Phytochemical,QZAYGJVTTNCVMB-UHFFFAOYSA-N,HAS_BIOACTIVITY,Bioactivity,BA_001958,has_bioactivity,Associated phytochemical has respective bioactivity
Phytochemical,QZAYGJVTTNCVMB-UHFFFAOYSA-N,HAS_BIOACTIVITY,Bioactivity,BA_001959,has_bioactivity,Associated phytochemical has respective bioactivity
Phytochemical,QZAYGJVTTNCVMB-UHFFFAOYSA-N,HAS_BIOACTIVITY,Bioactivity,BA_001960,has_bioactivity,Associated phytochemical has respective bioactivity
Phytochemical,QZAYGJVTTNCVMB-UHFFFAOYSA-N,HAS_BIOACTIVITY,Bioactivity,BA_001961,has_bioactivity,Associated phytochemical has respective bioactivity
Phytochemical,QZAYGJVTTNCVMB-UHFFFAOYSA-N,HAS_BIOACTIVITY,Bioactivity,BA_001962,has_bioactivity,Associated phytochemical has respective bioactivity
Phytochemical,QZAYGJVTTNCVMB-UHFFFAOYSA-N,HAS_BIOACTIVITY,Bioactivity,BA_001963,has_bioactivity,Associated phytochemical has respective bioactivity
Phytochemical,QZAYGJVTTNCVMB-UHFFFAOYSA-N,HAS_BIOACTIVITY,Bioactivity,BA_001964,has_bioactivity,Associated phytochemical has respective bioactivity
Phytochemical,QZAYGJVTTNCVMB-UHFFFAOYSA-N,HAS_BIOACTIVITY,Bioactivity,BA_001965,has_bioactivity,Associated phytochemical has respective bioactivity
Phytochemical,QZAYGJVTTNCVMB-UHFFFAOYSA-N,HAS_BIOACTIVITY,Bioactivity,BA_001966,has_bioactivity,Associated phytochemical has respective bioactivity
Phytochemical,QZAYGJVTTNCVMB-UHFFFAOYSA-N,HAS_BIOACTIVITY,Bioactivity,BA_001967,has_bioactivity,Associated phytochemical has respective bioactivity
Phytochemical,QZAYGJVTTNCVMB-UHFFFAOYSA-N,HAS_BIOACTIVITY,Bioactivity,BA_001968,has_bioactivity,Associated phytochemical has respective bioactivity
Phytochemical,QZAYGJVTTNCVMB-UHFFFAOYSA-N,HAS_BIOACTIVITY,Bioactivity,BA_001969,has_bioactivity,Associated phytochemical has respective bioactivity
Phytochemical,QZAYGJVTTNCVMB-UHFFFAOYSA-N,HAS_BIOACTIVITY,Bioactivity,BA_001970,has_bioactivity,Associated phytochemical has respective bioactivity
Phytochemical,QZAYGJVTTNCVMB-UHFFFAOYSA-N,HAS_BIOACTIVITY,Bioactivity,BA_001971,has_bioactivity,Associated phytochemical has respective bioactivity
Phytochemical,QZAYGJVTTNCVMB-UHFFFAOYSA-N,HAS_BIOACTIVITY,Bioactivity,BA_001972,has_bioactivity,Associated phytochemical has respective bioactivity
Phytochemical,QZAYGJVTTNCVMB-UHFFFAOYSA-N,HAS_BIOACTIVITY,Bioactivity,BA_001973,has_bioactivity,Associated phytochemical has respective bioactivity
Phytochemical,QZAYGJVTTNCVMB-UHFFFAOYSA-N,HAS_BIOACTIVITY,Bioactivity,BA_001974,has_bioactivity,Associated phytochemical has respective bioactivity
Phytochemical,QZAYGJVTTNCVMB-UHFFFAOYSA-N,HAS_BIOACTIVITY,Bioactivity,BA_001975,has_bioactivity,Associated phytochemical has respective bioactivity
Phytochemical,QZAYGJVTTNCVMB-UHFFFAOYSA-N,HAS_BIOACTIVITY,Bioactivity,BA_001976,has_bioactivity,Associated phytochemical has respective bioactivity
Phytochemical,QZAYGJVTTNCVMB-UHFFFAOYSA-N,HAS_BIOACTIVITY,Bioactivity,BA_001977,has_bioactivity,Associated phytochemical has respective bioactivity
Phytochemical,QZAYGJVTTNCVMB-UHFFFAOYSA-N,HAS_BIOACTIVITY,Bioactivity,BA_001978,has_bioactivity,Associated phytochemical has respective bioactivity
Phytochemical,QZAYGJVTTNCVMB-UHFFFAOYSA-N,HAS_BIOACTIVITY,Bioactivity,BA_001979,has_bioactivity,Associated phytochemical has respective bioactivity
Phytochemical,QZAYGJVTTNCVMB-UHFFFAOYSA-N,HAS_BIOACTIVITY,Bioactivity,BA_001980,has_bioactivity,Associated phytochemical has respective bioactivity
Phytochemical,QZAYGJVTTNCVMB-UHFFFAOYSA-N,HAS_BIOACTIVITY,Bioactivity,BA_001981,has_bioactivity,Associated phytochemical has respective bioactivity
Phytochemical,QZAYGJVTTNCVMB-UHFFFAOYSA-N,HAS_BIOACTIVITY,Bioactivity,BA_001982,has_bioactivity,Associated phytochemical has respective bioactivity
Phytochemical,QZAYGJVTTNCVMB-UHFFFAOYSA-N,HAS_BIOACTIVITY,Bioactivity,BA_001983,has_bioactivity,Associated phytochemical has respective bioactivity
Phytochemical,QZAYGJVTTNCVMB-UHFFFAOYSA-N,HAS_BIOACTIVITY,Bioactivity,BA_001984,has_bioactivity,Associated phytochemical has respective bioactivity
Phytochemical,QZAYGJVTTNCVMB-UHFFFAOYSA-N,HAS_BIOACTIVITY,Bioactivity,BA_001985,has_bioactivity,Associated phytochemical has respective bioactivity
Phytochemical,QZAYGJVTTNCVMB-UHFFFAOYSA-N,HAS_BIOACTIVITY,Bioactivity,BA_001986,has_bioactivity,Associated phytochemical has respective bioactivity
Phytochemical,QZAYGJVTTNCVMB-UHFFFAOYSA-N,HAS_BIOACTIVITY,Bioactivity,BA_001987,has_bioactivity,Associated phytochemical has respective bioactivity
Phytochemical,QZAYGJVTTNCVMB-UHFFFAOYSA-N,HAS_BIOACTIVITY,Bioactivity,BA_001988,has_bioactivity,Associated phytochemical has respective bioactivity
Phytochemical,QZAYGJVTTNCVMB-UHFFFAOYSA-N,HAS_BIOACTIVITY,Bioactivity,BA_001989,has_bioactivity,Associated phytochemical has respective bioactivity
Phytochemical,QZAYGJVTTNCVMB-UHFFFAOYSA-N,HAS_BIOACTIVITY,Bioactivity,BA_001990,has_bioactivity,Associated phytochemical has respective bioactivity
Phytochemical,QZAYGJVTTNCVMB-UHFFFAOYSA-N,HAS_BIOACTIVITY,Bioactivity,BA_001991,has_bioactivity,Associated phytochemical has respective bioactivity
Phytochemical,QZAYGJVTTNCVMB-UHFFFAOYSA-N,HAS_BIOACTIVITY,Bioactivity,BA_001992,has_bioactivity,Associated phytochemical has respective bioactivity
Phytochemical,QZAYGJVTTNCVMB-UHFFFAOYSA-N,HAS_BIOACTIVITY,Bioactivity,BA_001993,has_bioactivity,Associated phytochemical has respective bioactivity
Phytochemical,QZAYGJVTTNCVMB-UHFFFAOYSA-N,HAS_BIOACTIVITY,Bioactivity,BA_001994,has_bioactivity,Associated phytochemical has respective bioactivity
Phytochemical,QZAYGJVTTNCVMB-UHFFFAOYSA-N,HAS_BIOACTIVITY,Bioactivity,BA_001995,has_bioactivity,Associated phytochemical has respective bioactivity
Phytochemical,QZAYGJVTTNCVMB-UHFFFAOYSA-N,HAS_BIOACTIVITY,Bioactivity,BA_001996,has_bioactivity,Associated phytochemical has respective bioactivity
Phytochemical,QZAYGJVTTNCVMB-UHFFFAOYSA-N,HAS_BIOACTIVITY,Bioactivity,BA_001997,has_bioactivity,Associated phytochemical has respective bioactivity
Phytochemical,QZAYGJVTTNCVMB-UHFFFAOYSA-N,HAS_BIOACTIVITY,Bioactivity,BA_001998,has_bioactivity,Associated phytochemical has respective bioactivity
Phytochemical,QZAYGJVTTNCVMB-UHFFFAOYSA-N,HAS_BIOACTIVITY,Bioactivity,BA_001999,has_bioactivity,Associated phytochemical has respective bioactivity
Phytochemical,QZAYGJVTTNCVMB-UHFFFAOYSA-N,HAS_BIOACTIVITY,Bioactivity,BA_002000,has_bioactivity,Associated phytochemical has respective bioactivity
Phytochemical,QZAYGJVTTNCVMB-UHFFFAOYSA-N,HAS_BIOACTIVITY,Bioactivity,BA_002001,has_bioactivity,Associated phytochemical has respective bioactivity
Phytochemical,QZAYGJVTTNCVMB-UHFFFAOYSA-N,HAS_BIOACTIVITY,Bioactivity,BA_002002,has_bioactivity,Associated phytochemical has respective bioactivity
Phytochemical,QZAYGJVTTNCVMB-UHFFFAOYSA-N,HAS_BIOACTIVITY,Bioactivity,BA_002003,has_bioactivity,Associated phytochemical has respective bioactivity
Phytochemical,QZAYGJVTTNCVMB-UHFFFAOYSA-N,HAS_BIOACTIVITY,Bioactivity,BA_002004,has_bioactivity,Associated phytochemical has respective bioactivity
Phytochemical,QZAYGJVTTNCVMB-UHFFFAOYSA-N,HAS_BIOACTIVITY,Bioactivity,BA_002005,has_bioactivity,Associated phytochemical has respective bioactivity
Phytochemical,QZAYGJVTTNCVMB-UHFFFAOYSA-N,HAS_BIOACTIVITY,Bioactivity,BA_002006,has_bioactivity,Associated phytochemical has respective bioactivity
Phytochemical,QZAYGJVTTNCVMB-UHFFFAOYSA-N,HAS_BIOACTIVITY,Bioactivity,BA_002007,has_bioactivity,Associated phytochemical has respective bioactivity
Phytochemical,QZAYGJVTTNCVMB-UHFFFAOYSA-N,HAS_BIOACTIVITY,Bioactivity,BA_002008,has_bioactivity,Associated phytochemical has respective bioactivity
Phytochemical,QZAYGJVTTNCVMB-UHFFFAOYSA-N,HAS_BIOACTIVITY,Bioactivity,BA_002009,has_bioactivity,Associated phytochemical has respective bioactivity
Phytochemical,QZAYGJVTTNCVMB-UHFFFAOYSA-N,HAS_BIOACTIVITY,Bioactivity,BA_002010,has_bioactivity,Associated phytochemical has respective bioactivity
Phytochemical,QZAYGJVTTNCVMB-UHFFFAOYSA-N,HAS_BIOACTIVITY,Bioactivity,BA_002011,has_bioactivity,Associated phytochemical has respective bioactivity
Phytochemical,QZAYGJVTTNCVMB-UHFFFAOYSA-N,HAS_BIOACTIVITY,Bioactivity,BA_002012,has_bioactivity,Associated phytochemical has respective bioactivity
Phytochemical,QZAYGJVTTNCVMB-UHFFFAOYSA-N,HAS_BIOACTIVITY,Bioactivity,BA_002013,has_bioactivity,Associated phytochemical has respective bioactivity
Phytochemical,QZAYGJVTTNCVMB-UHFFFAOYSA-N,HAS_BIOACTIVITY,Bioactivity,BA_002014,has_bioactivity,Associated phytochemical has respective bioactivity
Phytochemical,QZAYGJVTTNCVMB-UHFFFAOYSA-N,HAS_BIOACTIVITY,Bioactivity,BA_002015,has_bioactivity,Associated phytochemical has respective bioactivity
Phytochemical,QZAYGJVTTNCVMB-UHFFFAOYSA-N,HAS_BIOACTIVITY,Bioactivity,BA_002016,has_bioactivity,Associated phytochemical has respective bioactivity
Phytochemical,QZAYGJVTTNCVMB-UHFFFAOYSA-N,HAS_BIOACTIVITY,Bioactivity,BA_002017,has_bioactivity,Associated phytochemical has respective bioactivity
Phytochemical,QZAYGJVTTNCVMB-UHFFFAOYSA-N,HAS_BIOACTIVITY,Bioactivity,BA_002018,has_bioactivity,Associated phytochemical has respective bioactivity
Phytochemical,QZAYGJVTTNCVMB-UHFFFAOYSA-N,HAS_BIOACTIVITY,Bioactivity,BA_002019,has_bioactivity,Associated phytochemical has respective bioactivity
Phytochemical,QZAYGJVTTNCVMB-UHFFFAOYSA-N,HAS_BIOACTIVITY,Bioactivity,BA_002020,has_bioactivity,Associated phytochemical has respective bioactivity
Phytochemical,QZAYGJVTTNCVMB-UHFFFAOYSA-N,HAS_BIOACTIVITY,Bioactivity,BA_002021,has_bioactivity,Associated phytochemical has respective bioactivity
Phytochemical,QZAYGJVTTNCVMB-UHFFFAOYSA-N,HAS_BIOACTIVITY,Bioactivity,BA_002022,has_bioactivity,Associated phytochemical has respective bioactivity
Phytochemical,QZAYGJVTTNCVMB-UHFFFAOYSA-N,HAS_BIOACTIVITY,Bioactivity,BA_002023,has_bioactivity,Associated phytochemical has respective bioactivity
Phytochemical,QZAYGJVTTNCVMB-UHFFFAOYSA-N,HAS_BIOACTIVITY,Bioactivity,BA_002024,has_bioactivity,Associated phytochemical has respective bioactivity
Phytochemical,QZAYGJVTTNCVMB-UHFFFAOYSA-N,HAS_BIOACTIVITY,Bioactivity,BA_002025,has_bioactivity,Associated phytochemical has respective bioactivity
Phytochemical,QZAYGJVTTNCVMB-UHFFFAOYSA-N,HAS_BIOACTIVITY,Bioactivity,BA_002026,has_bioactivity,Associated phytochemical has respective bioactivity
Phytochemical,QZAYGJVTTNCVMB-UHFFFAOYSA-N,HAS_BIOACTIVITY,Bioactivity,BA_002027,has_bioactivity,Associated phytochemical has respective bioactivity
Phytochemical,QZAYGJVTTNCVMB-UHFFFAOYSA-N,HAS_BIOACTIVITY,Bioactivity,BA_002028,has_bioactivity,Associated phytochemical has respective bioactivity
Phytochemical,QZAYGJVTTNCVMB-UHFFFAOYSA-N,HAS_BIOACTIVITY,Bioactivity,BA_002029,has_bioactivity,Associated phytochemical has respective bioactivity
Phytochemical,QZAYGJVTTNCVMB-UHFFFAOYSA-N,HAS_BIOACTIVITY,Bioactivity,BA_002030,has_bioactivity,Associated phytochemical has respective bioactivity
Phytochemical,QZAYGJVTTNCVMB-UHFFFAOYSA-N,HAS_BIOACTIVITY,Bioactivity,BA_002031,has_bioactivity,Associated phytochemical has respective bioactivity
Phytochemical,QZAYGJVTTNCVMB-UHFFFAOYSA-N,HAS_BIOACTIVITY,Bioactivity,BA_002032,has_bioactivity,Associated phytochemical has respective bioactivity
Phytochemical,QZAYGJVTTNCVMB-UHFFFAOYSA-N,HAS_BIOACTIVITY,Bioactivity,BA_002033,has_bioactivity,Associated phytochemical has respective bioactivity
Phytochemical,QZAYGJVTTNCVMB-UHFFFAOYSA-N,HAS_BIOACTIVITY,Bioactivity,BA_002034,has_bioactivity,Associated phytochemical has respective bioactivity
Phytochemical,QZAYGJVTTNCVMB-UHFFFAOYSA-N,HAS_BIOACTIVITY,Bioactivity,BA_002035,has_bioactivity,Associated phytochemical has respective bioactivity
Phytochemical,QZAYGJVTTNCVMB-UHFFFAOYSA-N,HAS_BIOACTIVITY,Bioactivity,BA_002036,has_bioactivity,Associated phytochemical has respective bioactivity
Phytochemical,QZAYGJVTTNCVMB-UHFFFAOYSA-N,HAS_BIOACTIVITY,Bioactivity,BA_002037,has_bioactivity,Associated phytochemical has respective bioactivity
Phytochemical,QZAYGJVTTNCVMB-UHFFFAOYSA-N,HAS_BIOACTIVITY,Bioactivity,BA_002038,has_bioactivity,Associated phytochemical has respective bioactivity
Phytochemical,QZAYGJVTTNCVMB-UHFFFAOYSA-N,HAS_BIOACTIVITY,Bioactivity,BA_002039,has_bioactivity,Associated phytochemical has respective bioactivity
Phytochemical,QZAYGJVTTNCVMB-UHFFFAOYSA-N,HAS_BIOACTIVITY,Bioactivity,BA_002040,has_bioactivity,Associated phytochemical has respective bioactivity
Phytochemical,QZAYGJVTTNCVMB-UHFFFAOYSA-N,HAS_BIOACTIVITY,Bioactivity,BA_002041,has_bioactivity,Associated phytochemical has respective bioactivity
Phytochemical,QZAYGJVTTNCVMB-UHFFFAOYSA-N,HAS_BIOACTIVITY,Bioactivity,BA_002042,has_bioactivity,Associated phytochemical has respective bioactivity
Phytochemical,QZAYGJVTTNCVMB-UHFFFAOYSA-N,HAS_BIOACTIVITY,Bioactivity,BA_002043,has_bioactivity,Associated phytochemical has respective bioactivity
Phytochemical,QZAYGJVTTNCVMB-UHFFFAOYSA-N,HAS_BIOACTIVITY,Bioactivity,BA_002044,has_bioactivity,Associated phytochemical has respective bioactivity
Phytochemical,QZAYGJVTTNCVMB-UHFFFAOYSA-N,HAS_BIOACTIVITY,Bioactivity,BA_002045,has_bioactivity,Associated phytochemical has respective bioactivity
Phytochemical,QZAYGJVTTNCVMB-UHFFFAOYSA-N,HAS_BIOACTIVITY,Bioactivity,BA_002046,has_bioactivity,Associated phytochemical has respective bioactivity
Phytochemical,QZAYGJVTTNCVMB-UHFFFAOYSA-N,HAS_BIOACTIVITY,Bioactivity,BA_002047,has_bioactivity,Associated phytochemical has respective bioactivity
Phytochemical,QZAYGJVTTNCVMB-UHFFFAOYSA-N,HAS_BIOACTIVITY,Bioactivity,BA_000161,has_bioactivity,Associated phytochemical has respective bioactivity
Phytochemical,QZAYGJVTTNCVMB-UHFFFAOYSA-N,HAS_BIOACTIVITY,Bioactivity,BA_002048,has_bioactivity,Associated phytochemical has respective bioactivity
Phytochemical,QZAYGJVTTNCVMB-UHFFFAOYSA-N,HAS_BIOACTIVITY,Bioactivity,BA_002049,has_bioactivity,Associated phytochemical has respective bioactivity
Phytochemical,QZAYGJVTTNCVMB-UHFFFAOYSA-N,HAS_BIOACTIVITY,Bioactivity,BA_002050,has_bioactivity,Associated phytochemical has respective bioactivity
Phytochemical,QZAYGJVTTNCVMB-UHFFFAOYSA-N,HAS_BIOACTIVITY,Bioactivity,BA_002051,has_bioactivity,Associated phytochemical has respective bioactivity
Phytochemical,QZAYGJVTTNCVMB-UHFFFAOYSA-N,HAS_BIOACTIVITY,Bioactivity,BA_002052,has_bioactivity,Associated phytochemical has respective bioactivity
Phytochemical,QZAYGJVTTNCVMB-UHFFFAOYSA-N,HAS_BIOACTIVITY,Bioactivity,BA_002053,has_bioactivity,Associated phytochemical has respective bioactivity
Phytochemical,QZAYGJVTTNCVMB-UHFFFAOYSA-N,HAS_BIOACTIVITY,Bioactivity,BA_002054,has_bioactivity,Associated phytochemical has respective bioactivity
Phytochemical,QZAYGJVTTNCVMB-UHFFFAOYSA-N,HAS_BIOACTIVITY,Bioactivity,BA_002055,has_bioactivity,Associated phytochemical has respective bioactivity
Phytochemical,QZAYGJVTTNCVMB-UHFFFAOYSA-N,HAS_BIOACTIVITY,Bioactivity,BA_002056,has_bioactivity,Associated phytochemical has respective bioactivity
Phytochemical,QZAYGJVTTNCVMB-UHFFFAOYSA-N,HAS_BIOACTIVITY,Bioactivity,BA_002057,has_bioactivity,Associated phytochemical has respective bioactivity
Phytochemical,QZAYGJVTTNCVMB-UHFFFAOYSA-N,HAS_BIOACTIVITY,Bioactivity,BA_002058,has_bioactivity,Associated phytochemical has respective bioactivity
Phytochemical,QZAYGJVTTNCVMB-UHFFFAOYSA-N,HAS_BIOACTIVITY,Bioactivity,BA_002059,has_bioactivity,Associated phytochemical has respective bioactivity
Phytochemical,QZAYGJVTTNCVMB-UHFFFAOYSA-N,HAS_BIOACTIVITY,Bioactivity,BA_002060,has_bioactivity,Associated phytochemical has respective bioactivity
Phytochemical,QZAYGJVTTNCVMB-UHFFFAOYSA-N,HAS_BIOACTIVITY,Bioactivity,BA_002061,has_bioactivity,Associated phytochemical has respective bioactivity
Phytochemical,QZAYGJVTTNCVMB-UHFFFAOYSA-N,HAS_BIOACTIVITY,Bioactivity,BA_002062,has_bioactivity,Associated phytochemical has respective bioactivity
Phytochemical,QZAYGJVTTNCVMB-UHFFFAOYSA-N,HAS_BIOACTIVITY,Bioactivity,BA_002063,has_bioactivity,Associated phytochemical has respective bioactivity
Phytochemical,QZAYGJVTTNCVMB-UHFFFAOYSA-N,HAS_BIOACTIVITY,Bioactivity,BA_002064,has_bioactivity,Associated phytochemical has respective bioactivity
Phytochemical,QZAYGJVTTNCVMB-UHFFFAOYSA-N,HAS_BIOACTIVITY,Bioactivity,BA_002065,has_bioactivity,Associated phytochemical has respective bioactivity
Phytochemical,QZAYGJVTTNCVMB-UHFFFAOYSA-N,HAS_BIOACTIVITY,Bioactivity,BA_002066,has_bioactivity,Associated phytochemical has respective bioactivity
Phytochemical,QZAYGJVTTNCVMB-UHFFFAOYSA-N,HAS_BIOACTIVITY,Bioactivity,BA_002067,has_bioactivity,Associated phytochemical has respective bioactivity
Phytochemical,QZAYGJVTTNCVMB-UHFFFAOYSA-N,HAS_BIOACTIVITY,Bioactivity,BA_002068,has_bioactivity,Associated phytochemical has respective bioactivity
Phytochemical,QZAYGJVTTNCVMB-UHFFFAOYSA-N,HAS_BIOACTIVITY,Bioactivity,BA_002069,has_bioactivity,Associated phytochemical has respective bioactivity
Phytochemical,QZAYGJVTTNCVMB-UHFFFAOYSA-N,HAS_BIOACTIVITY,Bioactivity,BA_002070,has_bioactivity,Associated phytochemical has respective bioactivity
Phytochemical,QZAYGJVTTNCVMB-UHFFFAOYSA-N,HAS_BIOACTIVITY,Bioactivity,BA_002071,has_bioactivity,Associated phytochemical has respective bioactivity
Phytochemical,QZAYGJVTTNCVMB-UHFFFAOYSA-N,HAS_BIOACTIVITY,Bioactivity,BA_002072,has_bioactivity,Associated phytochemical has respective bioactivity
Phytochemical,QZAYGJVTTNCVMB-UHFFFAOYSA-N,HAS_BIOACTIVITY,Bioactivity,BA_002073,has_bioactivity,Associated phytochemical has respective bioactivity
Phytochemical,QZAYGJVTTNCVMB-UHFFFAOYSA-N,HAS_BIOACTIVITY,Bioactivity,BA_002074,has_bioactivity,Associated phytochemical has respective bioactivity
Phytochemical,QZAYGJVTTNCVMB-UHFFFAOYSA-N,HAS_BIOACTIVITY,Bioactivity,BA_002075,has_bioactivity,Associated phytochemical has respective bioactivity
Phytochemical,QZAYGJVTTNCVMB-UHFFFAOYSA-N,HAS_BIOACTIVITY,Bioactivity,BA_002076,has_bioactivity,Associated phytochemical has respective bioactivity
Phytochemical,QZAYGJVTTNCVMB-UHFFFAOYSA-N,HAS_BIOACTIVITY,Bioactivity,BA_002077,has_bioactivity,Associated phytochemical has respective bioactivity
Phytochemical,QZAYGJVTTNCVMB-UHFFFAOYSA-N,HAS_BIOACTIVITY,Bioactivity,BA_002078,has_bioactivity,Associated phytochemical has respective bioactivity
Phytochemical,QZAYGJVTTNCVMB-UHFFFAOYSA-N,HAS_BIOACTIVITY,Bioactivity,BA_002079,has_bioactivity,Associated phytochemical has respective bioactivity
Phytochemical,QZAYGJVTTNCVMB-UHFFFAOYSA-N,HAS_BIOACTIVITY,Bioactivity,BA_002080,has_bioactivity,Associated phytochemical has respective bioactivity
Phytochemical,QZAYGJVTTNCVMB-UHFFFAOYSA-N,HAS_BIOACTIVITY,Bioactivity,BA_002081,has_bioactivity,Associated phytochemical has respective bioactivity
Phytochemical,QZAYGJVTTNCVMB-UHFFFAOYSA-N,HAS_BIOACTIVITY,Bioactivity,BA_002082,has_bioactivity,Associated phytochemical has respective bioactivity
Phytochemical,QZAYGJVTTNCVMB-UHFFFAOYSA-N,HAS_BIOACTIVITY,Bioactivity,BA_002083,has_bioactivity,Associated phytochemical has respective bioactivity
Phytochemical,QZAYGJVTTNCVMB-UHFFFAOYSA-N,HAS_BIOACTIVITY,Bioactivity,BA_002084,has_bioactivity,Associated phytochemical has respective bioactivity
Phytochemical,QZAYGJVTTNCVMB-UHFFFAOYSA-N,HAS_BIOACTIVITY,Bioactivity,BA_002085,has_bioactivity,Associated phytochemical has respective bioactivity
Phytochemical,QZAYGJVTTNCVMB-UHFFFAOYSA-N,HAS_BIOACTIVITY,Bioactivity,BA_002086,has_bioactivity,Associated phytochemical has respective bioactivity
Phytochemical,QZAYGJVTTNCVMB-UHFFFAOYSA-N,HAS_BIOACTIVITY,Bioactivity,BA_002087,has_bioactivity,Associated phytochemical has respective bioactivity
Phytochemical,QZAYGJVTTNCVMB-UHFFFAOYSA-N,HAS_BIOACTIVITY,Bioactivity,BA_002088,has_bioactivity,Associated phytochemical has respective bioactivity
Phytochemical,QZAYGJVTTNCVMB-UHFFFAOYSA-N,HAS_BIOACTIVITY,Bioactivity,BA_002089,has_bioactivity,Associated phytochemical has respective bioactivity
Phytochemical,QZAYGJVTTNCVMB-UHFFFAOYSA-N,HAS_BIOACTIVITY,Bioactivity,BA_002090,has_bioactivity,Associated phytochemical has respective bioactivity
Phytochemical,QZAYGJVTTNCVMB-UHFFFAOYSA-N,HAS_BIOACTIVITY,Bioactivity,BA_002091,has_bioactivity,Associated phytochemical has respective bioactivity
Phytochemical,QZAYGJVTTNCVMB-UHFFFAOYSA-N,HAS_BIOACTIVITY,Bioactivity,BA_002092,has_bioactivity,Associated phytochemical has respective bioactivity
Phytochemical,QZAYGJVTTNCVMB-UHFFFAOYSA-N,HAS_BIOACTIVITY,Bioactivity,BA_002093,has_bioactivity,Associated phytochemical has respective bioactivity
Phytochemical,QZAYGJVTTNCVMB-UHFFFAOYSA-N,HAS_BIOACTIVITY,Bioactivity,BA_002094,has_bioactivity,Associated phytochemical has respective bioactivity
Phytochemical,QZAYGJVTTNCVMB-UHFFFAOYSA-N,HAS_BIOACTIVITY,Bioactivity,BA_002095,has_bioactivity,Associated phytochemical has respective bioactivity
Phytochemical,QZAYGJVTTNCVMB-UHFFFAOYSA-N,HAS_BIOACTIVITY,Bioactivity,BA_002096,has_bioactivity,Associated phytochemical has respective bioactivity
Phytochemical,QZAYGJVTTNCVMB-UHFFFAOYSA-N,HAS_BIOACTIVITY,Bioactivity,BA_002097,has_bioactivity,Associated phytochemical has respective bioactivity
Phytochemical,QZAYGJVTTNCVMB-UHFFFAOYSA-N,HAS_BIOACTIVITY,Bioactivity,BA_002098,has_bioactivity,Associated phytochemical has respective bioactivity
Phytochemical,QZAYGJVTTNCVMB-UHFFFAOYSA-N,HAS_BIOACTIVITY,Bioactivity,BA_002099,has_bioactivity,Associated phytochemical has respective bioactivity
Phytochemical,QZAYGJVTTNCVMB-UHFFFAOYSA-N,HAS_BIOACTIVITY,Bioactivity,BA_002100,has_bioactivity,Associated phytochemical has respective bioactivity
Phytochemical,QZAYGJVTTNCVMB-UHFFFAOYSA-N,HAS_BIOACTIVITY,Bioactivity,BA_002101,has_bioactivity,Associated phytochemical has respective bioactivity
Phytochemical,QZAYGJVTTNCVMB-UHFFFAOYSA-N,HAS_BIOACTIVITY,Bioactivity,BA_002102,has_bioactivity,Associated phytochemical has respective bioactivity
Phytochemical,QZAYGJVTTNCVMB-UHFFFAOYSA-N,HAS_BIOACTIVITY,Bioactivity,BA_002103,has_bioactivity,Associated phytochemical has respective bioactivity
Phytochemical,QZAYGJVTTNCVMB-UHFFFAOYSA-N,HAS_BIOACTIVITY,Bioactivity,BA_002104,has_bioactivity,Associated phytochemical has respective bioactivity
Phytochemical,QZAYGJVTTNCVMB-UHFFFAOYSA-N,HAS_BIOACTIVITY,Bioactivity,BA_002105,has_bioactivity,Associated phytochemical has respective bioactivity
Phytochemical,QZAYGJVTTNCVMB-UHFFFAOYSA-N,HAS_BIOACTIVITY,Bioactivity,BA_002106,has_bioactivity,Associated phytochemical has respective bioactivity
Phytochemical,QZAYGJVTTNCVMB-UHFFFAOYSA-N,HAS_BIOACTIVITY,Bioactivity,BA_002107,has_bioactivity,Associated phytochemical has respective bioactivity
Phytochemical,QZAYGJVTTNCVMB-UHFFFAOYSA-N,HAS_BIOACTIVITY,Bioactivity,BA_002108,has_bioactivity,Associated phytochemical has respective bioactivity
Phytochemical,QZAYGJVTTNCVMB-UHFFFAOYSA-N,HAS_BIOACTIVITY,Bioactivity,BA_002109,has_bioactivity,Associated phytochemical has respective bioactivity
Phytochemical,QZAYGJVTTNCVMB-UHFFFAOYSA-N,HAS_BIOACTIVITY,Bioactivity,BA_002110,has_bioactivity,Associated phytochemical has respective bioactivity
Phytochemical,QZAYGJVTTNCVMB-UHFFFAOYSA-N,HAS_BIOACTIVITY,Bioactivity,BA_002111,has_bioactivity,Associated phytochemical has respective bioactivity
Phytochemical,QZAYGJVTTNCVMB-UHFFFAOYSA-N,HAS_BIOACTIVITY,Bioactivity,BA_002112,has_bioactivity,Associated phytochemical has respective bioactivity
Phytochemical,QZAYGJVTTNCVMB-UHFFFAOYSA-N,HAS_BIOACTIVITY,Bioactivity,BA_002113,has_bioactivity,Associated phytochemical has respective bioactivity
Phytochemical,QZAYGJVTTNCVMB-UHFFFAOYSA-N,HAS_BIOACTIVITY,Bioactivity,BA_002114,has_bioactivity,Associated phytochemical has respective bioactivity
Phytochemical,QZAYGJVTTNCVMB-UHFFFAOYSA-N,HAS_BIOACTIVITY,Bioactivity,BA_002115,has_bioactivity,Associated phytochemical has respective bioactivity
Phytochemical,QZAYGJVTTNCVMB-UHFFFAOYSA-N,HAS_BIOACTIVITY,Bioactivity,BA_002116,has_bioactivity,Associated phytochemical has respective bioactivity
Phytochemical,QZAYGJVTTNCVMB-UHFFFAOYSA-N,HAS_BIOACTIVITY,Bioactivity,BA_002117,has_bioactivity,Associated phytochemical has respective bioactivity
Phytochemical,QZAYGJVTTNCVMB-UHFFFAOYSA-N,HAS_BIOACTIVITY,Bioactivity,BA_002118,has_bioactivity,Associated phytochemical has respective bioactivity
Phytochemical,QZAYGJVTTNCVMB-UHFFFAOYSA-N,HAS_BIOACTIVITY,Bioactivity,BA_002119,has_bioactivity,Associated phytochemical has respective bioactivity
Phytochemical,QZAYGJVTTNCVMB-UHFFFAOYSA-N,HAS_BIOACTIVITY,Bioactivity,BA_002120,has_bioactivity,Associated phytochemical has respective bioactivity
Phytochemical,QZAYGJVTTNCVMB-UHFFFAOYSA-N,HAS_BIOACTIVITY,Bioactivity,BA_002121,has_bioactivity,Associated phytochemical has respective bioactivity
Phytochemical,QZAYGJVTTNCVMB-UHFFFAOYSA-N,HAS_BIOACTIVITY,Bioactivity,BA_002122,has_bioactivity,Associated phytochemical has respective bioactivity
Phytochemical,QZAYGJVTTNCVMB-UHFFFAOYSA-N,HAS_BIOACTIVITY,Bioactivity,BA_002123,has_bioactivity,Associated phytochemical has respective bioactivity
Phytochemical,QZAYGJVTTNCVMB-UHFFFAOYSA-N,HAS_BIOACTIVITY,Bioactivity,BA_002124,has_bioactivity,Associated phytochemical has respective bioactivity
Phytochemical,QZAYGJVTTNCVMB-UHFFFAOYSA-N,HAS_BIOACTIVITY,Bioactivity,BA_002125,has_bioactivity,Associated phytochemical has respective bioactivity
Phytochemical,QZAYGJVTTNCVMB-UHFFFAOYSA-N,HAS_BIOACTIVITY,Bioactivity,BA_002126,has_bioactivity,Associated phytochemical has respective bioactivity
Phytochemical,QZAYGJVTTNCVMB-UHFFFAOYSA-N,HAS_BIOACTIVITY,Bioactivity,BA_002127,has_bioactivity,Associated phytochemical has respective bioactivity
Phytochemical,QZAYGJVTTNCVMB-UHFFFAOYSA-N,HAS_BIOACTIVITY,Bioactivity,BA_002128,has_bioactivity,Associated phytochemical has respective bioactivity
Phytochemical,QZAYGJVTTNCVMB-UHFFFAOYSA-N,HAS_BIOACTIVITY,Bioactivity,BA_002129,has_bioactivity,Associated phytochemical has respective bioactivity
Phytochemical,QZAYGJVTTNCVMB-UHFFFAOYSA-N,HAS_BIOACTIVITY,Bioactivity,BA_002130,has_bioactivity,Associated phytochemical has respective bioactivity
Phytochemical,QZAYGJVTTNCVMB-UHFFFAOYSA-N,HAS_BIOACTIVITY,Bioactivity,BA_002131,has_bioactivity,Associated phytochemical has respective bioactivity
Phytochemical,QZAYGJVTTNCVMB-UHFFFAOYSA-N,HAS_BIOACTIVITY,Bioactivity,BA_002132,has_bioactivity,Associated phytochemical has respective bioactivity
Phytochemical,QZAYGJVTTNCVMB-UHFFFAOYSA-N,HAS_BIOACTIVITY,Bioactivity,BA_002133,has_bioactivity,Associated phytochemical has respective bioactivity
Phytochemical,QZAYGJVTTNCVMB-UHFFFAOYSA-N,HAS_BIOACTIVITY,Bioactivity,BA_002134,has_bioactivity,Associated phytochemical has respective bioactivity
Phytochemical,QZAYGJVTTNCVMB-UHFFFAOYSA-N,HAS_BIOACTIVITY,Bioactivity,BA_002135,has_bioactivity,Associated phytochemical has respective bioactivity
Phytochemical,QZAYGJVTTNCVMB-UHFFFAOYSA-N,HAS_BIOACTIVITY,Bioactivity,BA_002136,has_bioactivity,Associated phytochemical has respective bioactivity
Phytochemical,QZAYGJVTTNCVMB-UHFFFAOYSA-N,HAS_BIOACTIVITY,Bioactivity,BA_002137,has_bioactivity,Associated phytochemical has respective bioactivity
Phytochemical,QZAYGJVTTNCVMB-UHFFFAOYSA-N,HAS_BIOACTIVITY,Bioactivity,BA_002138,has_bioactivity,Associated phytochemical has respective bioactivity
Phytochemical,QZAYGJVTTNCVMB-UHFFFAOYSA-N,HAS_BIOACTIVITY,Bioactivity,BA_002139,has_bioactivity,Associated phytochemical has respective bioactivity
Phytochemical,QZAYGJVTTNCVMB-UHFFFAOYSA-N,HAS_BIOACTIVITY,Bioactivity,BA_002140,has_bioactivity,Associated phytochemical has respective bioactivity
Phytochemical,QZAYGJVTTNCVMB-UHFFFAOYSA-N,HAS_BIOACTIVITY,Bioactivity,BA_002141,has_bioactivity,Associated phytochemical has respective bioactivity
Phytochemical,QZAYGJVTTNCVMB-UHFFFAOYSA-N,HAS_BIOACTIVITY,Bioactivity,BA_002142,has_bioactivity,Associated phytochemical has respective bioactivity
Phytochemical,QZAYGJVTTNCVMB-UHFFFAOYSA-N,HAS_BIOACTIVITY,Bioactivity,BA_002143,has_bioactivity,Associated phytochemical has respective bioactivity
Phytochemical,QZAYGJVTTNCVMB-UHFFFAOYSA-N,HAS_BIOACTIVITY,Bioactivity,BA_002144,has_bioactivity,Associated phytochemical has respective bioactivity
Phytochemical,QZAYGJVTTNCVMB-UHFFFAOYSA-N,HAS_BIOACTIVITY,Bioactivity,BA_002145,has_bioactivity,Associated phytochemical has respective bioactivity
Phytochemical,QZAYGJVTTNCVMB-UHFFFAOYSA-N,HAS_BIOACTIVITY,Bioactivity,BA_002146,has_bioactivity,Associated phytochemical has respective bioactivity
Phytochemical,QZAYGJVTTNCVMB-UHFFFAOYSA-N,HAS_BIOACTIVITY,Bioactivity,BA_002147,has_bioactivity,Associated phytochemical has respective bioactivity
Phytochemical,QZAYGJVTTNCVMB-UHFFFAOYSA-N,HAS_BIOACTIVITY,Bioactivity,BA_002148,has_bioactivity,Associated phytochemical has respective bioactivity
Phytochemical,QZAYGJVTTNCVMB-UHFFFAOYSA-N,HAS_BIOACTIVITY,Bioactivity,BA_002149,has_bioactivity,Associated phytochemical has respective bioactivity
Phytochemical,QZAYGJVTTNCVMB-UHFFFAOYSA-N,HAS_BIOACTIVITY,Bioactivity,BA_002150,has_bioactivity,Associated phytochemical has respective bioactivity
Phytochemical,QZAYGJVTTNCVMB-UHFFFAOYSA-N,HAS_BIOACTIVITY,Bioactivity,BA_002151,has_bioactivity,Associated phytochemical has respective bioactivity
Phytochemical,QZAYGJVTTNCVMB-UHFFFAOYSA-N,HAS_BIOACTIVITY,Bioactivity,BA_002152,has_bioactivity,Associated phytochemical has respective bioactivity
Phytochemical,QZAYGJVTTNCVMB-UHFFFAOYSA-N,HAS_BIOACTIVITY,Bioactivity,BA_002153,has_bioactivity,Associated phytochemical has respective bioactivity
Phytochemical,QZAYGJVTTNCVMB-UHFFFAOYSA-N,HAS_BIOACTIVITY,Bioactivity,BA_002154,has_bioactivity,Associated phytochemical has respective bioactivity
Phytochemical,QZAYGJVTTNCVMB-UHFFFAOYSA-N,HAS_BIOACTIVITY,Bioactivity,BA_002155,has_bioactivity,Associated phytochemical has respective bioactivity
Phytochemical,QZAYGJVTTNCVMB-UHFFFAOYSA-N,HAS_BIOACTIVITY,Bioactivity,BA_002156,has_bioactivity,Associated phytochemical has respective bioactivity
Phytochemical,QZAYGJVTTNCVMB-UHFFFAOYSA-N,HAS_BIOACTIVITY,Bioactivity,BA_002157,has_bioactivity,Associated phytochemical has respective bioactivity
Phytochemical,QZAYGJVTTNCVMB-UHFFFAOYSA-N,HAS_BIOACTIVITY,Bioactivity,BA_002158,has_bioactivity,Associated phytochemical has respective bioactivity
Phytochemical,QZAYGJVTTNCVMB-UHFFFAOYSA-N,HAS_BIOACTIVITY,Bioactivity,BA_002159,has_bioactivity,Associated phytochemical has respective bioactivity
Phytochemical,QZAYGJVTTNCVMB-UHFFFAOYSA-N,HAS_BIOACTIVITY,Bioactivity,BA_002160,has_bioactivity,Associated phytochemical has respective bioactivity
Phytochemical,QZAYGJVTTNCVMB-UHFFFAOYSA-N,HAS_BIOACTIVITY,Bioactivity,BA_002161,has_bioactivity,Associated phytochemical has respective bioactivity
Phytochemical,QZAYGJVTTNCVMB-UHFFFAOYSA-N,HAS_BIOACTIVITY,Bioactivity,BA_002162,has_bioactivity,Associated phytochemical has respective bioactivity
Phytochemical,QZAYGJVTTNCVMB-UHFFFAOYSA-N,HAS_BIOACTIVITY,Bioactivity,BA_002163,has_bioactivity,Associated phytochemical has respective bioactivity
Phytochemical,QZAYGJVTTNCVMB-UHFFFAOYSA-N,HAS_BIOACTIVITY,Bioactivity,BA_002164,has_bioactivity,Associated phytochemical has respective bioactivity
Phytochemical,QZAYGJVTTNCVMB-UHFFFAOYSA-N,HAS_BIOACTIVITY,Bioactivity,BA_002165,has_bioactivity,Associated phytochemical has respective bioactivity
Phytochemical,QZAYGJVTTNCVMB-UHFFFAOYSA-N,HAS_BIOACTIVITY,Bioactivity,BA_002166,has_bioactivity,Associated phytochemical has respective bioactivity
Phytochemical,QZAYGJVTTNCVMB-UHFFFAOYSA-N,HAS_BIOACTIVITY,Bioactivity,BA_002167,has_bioactivity,Associated phytochemical has respective bioactivity
Phytochemical,QZAYGJVTTNCVMB-UHFFFAOYSA-N,HAS_BIOACTIVITY,Bioactivity,BA_002168,has_bioactivity,Associated phytochemical has respective bioactivity
Phytochemical,QZAYGJVTTNCVMB-UHFFFAOYSA-N,HAS_BIOACTIVITY,Bioactivity,BA_002169,has_bioactivity,Associated phytochemical has respective bioactivity
Phytochemical,QZAYGJVTTNCVMB-UHFFFAOYSA-N,HAS_BIOACTIVITY,Bioactivity,BA_002170,has_bioactivity,Associated phytochemical has respective bioactivity
Phytochemical,QZAYGJVTTNCVMB-UHFFFAOYSA-N,HAS_BIOACTIVITY,Bioactivity,BA_002171,has_bioactivity,Associated phytochemical has respective bioactivity
Phytochemical,QZAYGJVTTNCVMB-UHFFFAOYSA-N,HAS_BIOACTIVITY,Bioactivity,BA_002172,has_bioactivity,Associated phytochemical has respective bioactivity
Phytochemical,QZAYGJVTTNCVMB-UHFFFAOYSA-N,HAS_BIOACTIVITY,Bioactivity,BA_002173,has_bioactivity,Associated phytochemical has respective bioactivity
Phytochemical,QZAYGJVTTNCVMB-UHFFFAOYSA-N,HAS_BIOACTIVITY,Bioactivity,BA_002174,has_bioactivity,Associated phytochemical has respective bioactivity
Phytochemical,QZAYGJVTTNCVMB-UHFFFAOYSA-N,HAS_BIOACTIVITY,Bioactivity,BA_002175,has_bioactivity,Associated phytochemical has respective bioactivity
Phytochemical,QZAYGJVTTNCVMB-UHFFFAOYSA-N,HAS_BIOACTIVITY,Bioactivity,BA_002176,has_bioactivity,Associated phytochemical has respective bioactivity
Phytochemical,QZAYGJVTTNCVMB-UHFFFAOYSA-N,HAS_BIOACTIVITY,Bioactivity,BA_002177,has_bioactivity,Associated phytochemical has respective bioactivity
Phytochemical,QZAYGJVTTNCVMB-UHFFFAOYSA-N,HAS_BIOACTIVITY,Bioactivity,BA_002178,has_bioactivity,Associated phytochemical has respective bioactivity
Phytochemical,QZAYGJVTTNCVMB-UHFFFAOYSA-N,HAS_BIOACTIVITY,Bioactivity,BA_002179,has_bioactivity,Associated phytochemical has respective bioactivity
Phytochemical,QZAYGJVTTNCVMB-UHFFFAOYSA-N,HAS_BIOACTIVITY,Bioactivity,BA_002180,has_bioactivity,Associated phytochemical has respective bioactivity
Phytochemical,QZAYGJVTTNCVMB-UHFFFAOYSA-N,HAS_BIOACTIVITY,Bioactivity,BA_002181,has_bioactivity,Associated phytochemical has respective bioactivity
Phytochemical,QZAYGJVTTNCVMB-UHFFFAOYSA-N,HAS_BIOACTIVITY,Bioactivity,BA_002182,has_bioactivity,Associated phytochemical has respective bioactivity
Phytochemical,QZAYGJVTTNCVMB-UHFFFAOYSA-N,HAS_BIOACTIVITY,Bioactivity,BA_002183,has_bioactivity,Associated phytochemical has respective bioactivity
Phytochemical,QZAYGJVTTNCVMB-UHFFFAOYSA-N,HAS_BIOACTIVITY,Bioactivity,BA_002184,has_bioactivity,Associated phytochemical has respective bioactivity
Phytochemical,QZAYGJVTTNCVMB-UHFFFAOYSA-N,HAS_BIOACTIVITY,Bioactivity,BA_002185,has_bioactivity,Associated phytochemical has respective bioactivity
Phytochemical,QZAYGJVTTNCVMB-UHFFFAOYSA-N,HAS_BIOACTIVITY,Bioactivity,BA_002186,has_bioactivity,Associated phytochemical has respective bioactivity
Phytochemical,QZAYGJVTTNCVMB-UHFFFAOYSA-N,HAS_BIOACTIVITY,Bioactivity,BA_002187,has_bioactivity,Associated phytochemical has respective bioactivity
Phytochemical,QZAYGJVTTNCVMB-UHFFFAOYSA-N,HAS_BIOACTIVITY,Bioactivity,BA_002188,has_bioactivity,Associated phytochemical has respective bioactivity
Phytochemical,QZAYGJVTTNCVMB-UHFFFAOYSA-N,HAS_BIOACTIVITY,Bioactivity,BA_002189,has_bioactivity,Associated phytochemical has respective bioactivity
Phytochemical,QZAYGJVTTNCVMB-UHFFFAOYSA-N,HAS_BIOACTIVITY,Bioactivity,BA_002190,has_bioactivity,Associated phytochemical has respective bioactivity
Phytochemical,QZAYGJVTTNCVMB-UHFFFAOYSA-N,HAS_BIOACTIVITY,Bioactivity,BA_002191,has_bioactivity,Associated phytochemical has respective bioactivity
Phytochemical,QZAYGJVTTNCVMB-UHFFFAOYSA-N,HAS_BIOACTIVITY,Bioactivity,BA_002192,has_bioactivity,Associated phytochemical has respective bioactivity
Phytochemical,QZAYGJVTTNCVMB-UHFFFAOYSA-N,HAS_BIOACTIVITY,Bioactivity,BA_002193,has_bioactivity,Associated phytochemical has respective bioactivity
Phytochemical,QZAYGJVTTNCVMB-UHFFFAOYSA-N,HAS_BIOACTIVITY,Bioactivity,BA_002194,has_bioactivity,Associated phytochemical has respective bioactivity
Phytochemical,QZAYGJVTTNCVMB-UHFFFAOYSA-N,HAS_BIOACTIVITY,Bioactivity,BA_002195,has_bioactivity,Associated phytochemical has respective bioactivity
Phytochemical,QZAYGJVTTNCVMB-UHFFFAOYSA-N,HAS_BIOACTIVITY,Bioactivity,BA_002196,has_bioactivity,Associated phytochemical has respective bioactivity
Phytochemical,QZAYGJVTTNCVMB-UHFFFAOYSA-N,HAS_BIOACTIVITY,Bioactivity,BA_002197,has_bioactivity,Associated phytochemical has respective bioactivity
Phytochemical,QZAYGJVTTNCVMB-UHFFFAOYSA-N,HAS_BIOACTIVITY,Bioactivity,BA_002198,has_bioactivity,Associated phytochemical has respective bioactivity
Phytochemical,QZAYGJVTTNCVMB-UHFFFAOYSA-N,HAS_BIOACTIVITY,Bioactivity,BA_002199,has_bioactivity,Associated phytochemical has respective bioactivity
Phytochemical,QZAYGJVTTNCVMB-UHFFFAOYSA-N,HAS_BIOACTIVITY,Bioactivity,BA_002200,has_bioactivity,Associated phytochemical has respective bioactivity
Phytochemical,QZAYGJVTTNCVMB-UHFFFAOYSA-N,HAS_BIOACTIVITY,Bioactivity,BA_002201,has_bioactivity,Associated phytochemical has respective bioactivity
Phytochemical,QZAYGJVTTNCVMB-UHFFFAOYSA-N,HAS_BIOACTIVITY,Bioactivity,BA_002202,has_bioactivity,Associated phytochemical has respective bioactivity
Phytochemical,QZAYGJVTTNCVMB-UHFFFAOYSA-N,HAS_BIOACTIVITY,Bioactivity,BA_002203,has_bioactivity,Associated phytochemical has respective bioactivity
Phytochemical,QZAYGJVTTNCVMB-UHFFFAOYSA-N,HAS_BIOACTIVITY,Bioactivity,BA_002204,has_bioactivity,Associated phytochemical has respective bioactivity
Phytochemical,QZAYGJVTTNCVMB-UHFFFAOYSA-N,HAS_BIOACTIVITY,Bioactivity,BA_002205,has_bioactivity,Associated phytochemical has respective bioactivity
Phytochemical,QZAYGJVTTNCVMB-UHFFFAOYSA-N,HAS_BIOACTIVITY,Bioactivity,BA_002206,has_bioactivity,Associated phytochemical has respective bioactivity
Phytochemical,QZAYGJVTTNCVMB-UHFFFAOYSA-N,HAS_BIOACTIVITY,Bioactivity,BA_002207,has_bioactivity,Associated phytochemical has respective bioactivity
Phytochemical,QZAYGJVTTNCVMB-UHFFFAOYSA-N,HAS_BIOACTIVITY,Bioactivity,BA_002208,has_bioactivity,Associated phytochemical has respective bioactivity
Phytochemical,QZAYGJVTTNCVMB-UHFFFAOYSA-N,HAS_BIOACTIVITY,Bioactivity,BA_002209,has_bioactivity,Associated phytochemical has respective bioactivity
Phytochemical,QZAYGJVTTNCVMB-UHFFFAOYSA-N,HAS_BIOACTIVITY,Bioactivity,BA_002210,has_bioactivity,Associated phytochemical has respective bioactivity
Phytochemical,QZAYGJVTTNCVMB-UHFFFAOYSA-N,HAS_BIOACTIVITY,Bioactivity,BA_002211,has_bioactivity,Associated phytochemical has respective bioactivity
Phytochemical,QZAYGJVTTNCVMB-UHFFFAOYSA-N,HAS_BIOACTIVITY,Bioactivity,BA_002212,has_bioactivity,Associated phytochemical has respective bioactivity
Phytochemical,QZAYGJVTTNCVMB-UHFFFAOYSA-N,HAS_BIOACTIVITY,Bioactivity,BA_002213,has_bioactivity,Associated phytochemical has respective bioactivity
Phytochemical,QZAYGJVTTNCVMB-UHFFFAOYSA-N,HAS_BIOACTIVITY,Bioactivity,BA_002214,has_bioactivity,Associated phytochemical has respective bioactivity
Phytochemical,QZAYGJVTTNCVMB-UHFFFAOYSA-N,HAS_BIOACTIVITY,Bioactivity,BA_002215,has_bioactivity,Associated phytochemical has respective bioactivity
Phytochemical,QZAYGJVTTNCVMB-UHFFFAOYSA-N,HAS_BIOACTIVITY,Bioactivity,BA_002216,has_bioactivity,Associated phytochemical has respective bioactivity
Phytochemical,QZAYGJVTTNCVMB-UHFFFAOYSA-N,HAS_BIOACTIVITY,Bioactivity,BA_002217,has_bioactivity,Associated phytochemical has respective bioactivity
Phytochemical,QZAYGJVTTNCVMB-UHFFFAOYSA-N,HAS_BIOACTIVITY,Bioactivity,BA_002218,has_bioactivity,Associated phytochemical has respective bioactivity
Phytochemical,QZAYGJVTTNCVMB-UHFFFAOYSA-N,HAS_BIOACTIVITY,Bioactivity,BA_002219,has_bioactivity,Associated phytochemical has respective bioactivity
Phytochemical,QZAYGJVTTNCVMB-UHFFFAOYSA-N,HAS_BIOACTIVITY,Bioactivity,BA_002220,has_bioactivity,Associated phytochemical has respective bioactivity
Phytochemical,QZAYGJVTTNCVMB-UHFFFAOYSA-N,HAS_BIOACTIVITY,Bioactivity,BA_002221,has_bioactivity,Associated phytochemical has respective bioactivity
Phytochemical,QZAYGJVTTNCVMB-UHFFFAOYSA-N,HAS_BIOACTIVITY,Bioactivity,BA_002222,has_bioactivity,Associated phytochemical has respective bioactivity
Phytochemical,QZAYGJVTTNCVMB-UHFFFAOYSA-N,HAS_BIOACTIVITY,Bioactivity,BA_002223,has_bioactivity,Associated phytochemical has respective bioactivity
Phytochemical,QZAYGJVTTNCVMB-UHFFFAOYSA-N,HAS_BIOACTIVITY,Bioactivity,BA_002224,has_bioactivity,Associated phytochemical has respective bioactivity
Phytochemical,QZAYGJVTTNCVMB-UHFFFAOYSA-N,HAS_BIOACTIVITY,Bioactivity,BA_002225,has_bioactivity,Associated phytochemical has respective bioactivity
Phytochemical,QZAYGJVTTNCVMB-UHFFFAOYSA-N,HAS_BIOACTIVITY,Bioactivity,BA_002226,has_bioactivity,Associated phytochemical has respective bioactivity
Phytochemical,QZAYGJVTTNCVMB-UHFFFAOYSA-N,HAS_BIOACTIVITY,Bioactivity,BA_002227,has_bioactivity,Associated phytochemical has respective bioactivity
Phytochemical,QZAYGJVTTNCVMB-UHFFFAOYSA-N,HAS_BIOACTIVITY,Bioactivity,BA_002228,has_bioactivity,Associated phytochemical has respective bioactivity
Phytochemical,QZAYGJVTTNCVMB-UHFFFAOYSA-N,HAS_BIOACTIVITY,Bioactivity,BA_002229,has_bioactivity,Associated phytochemical has respective bioactivity
Phytochemical,QZAYGJVTTNCVMB-UHFFFAOYSA-N,HAS_BIOACTIVITY,Bioactivity,BA_002230,has_bioactivity,Associated phytochemical has respective bioactivity
Phytochemical,QZAYGJVTTNCVMB-UHFFFAOYSA-N,HAS_BIOACTIVITY,Bioactivity,BA_002231,has_bioactivity,Associated phytochemical has respective bioactivity
Phytochemical,IHFBPDAQLQOCBX-UHFFFAOYSA-N,HAS_BIOACTIVITY,Bioactivity,BA_002232,has_bioactivity,Associated phytochemical has respective bioactivity
Phytochemical,IHFBPDAQLQOCBX-UHFFFAOYSA-N,HAS_BIOACTIVITY,Bioactivity,BA_002233,has_bioactivity,Associated phytochemical has respective bioactivity
Phytochemical,IHFBPDAQLQOCBX-UHFFFAOYSA-N,HAS_BIOACTIVITY,Bioactivity,BA_000418,has_bioactivity,Associated phytochemical has respective bioactivity
Phytochemical,IHFBPDAQLQOCBX-UHFFFAOYSA-N,HAS_BIOACTIVITY,Bioactivity,BA_002234,has_bioactivity,Associated phytochemical has respective bioactivity
Phytochemical,IHFBPDAQLQOCBX-UHFFFAOYSA-N,HAS_BIOACTIVITY,Bioactivity,BA_002235,has_bioactivity,Associated phytochemical has respective bioactivity
Phytochemical,IHFBPDAQLQOCBX-UHFFFAOYSA-N,HAS_BIOACTIVITY,Bioactivity,BA_000950,has_bioactivity,Associated phytochemical has respective bioactivity
Phytochemical,IHFBPDAQLQOCBX-UHFFFAOYSA-N,HAS_BIOACTIVITY,Bioactivity,BA_002236,has_bioactivity,Associated phytochemical has respective bioactivity
Phytochemical,IHFBPDAQLQOCBX-UHFFFAOYSA-N,HAS_BIOACTIVITY,Bioactivity,BA_002237,has_bioactivity,Associated phytochemical has respective bioactivity
Phytochemical,IHFBPDAQLQOCBX-UHFFFAOYSA-N,HAS_BIOACTIVITY,Bioactivity,BA_002238,has_bioactivity,Associated phytochemical has respective bioactivity
Phytochemical,IHFBPDAQLQOCBX-UHFFFAOYSA-N,HAS_BIOACTIVITY,Bioactivity,BA_002239,has_bioactivity,Associated phytochemical has respective bioactivity
Phytochemical,IHFBPDAQLQOCBX-UHFFFAOYSA-N,HAS_BIOACTIVITY,Bioactivity,BA_002240,has_bioactivity,Associated phytochemical has respective bioactivity
Phytochemical,IHFBPDAQLQOCBX-UHFFFAOYSA-N,HAS_BIOACTIVITY,Bioactivity,BA_002241,has_bioactivity,Associated phytochemical has respective bioactivity
Phytochemical,JVXZRQGOGOXCEC-UHFFFAOYSA-N,HAS_BIOACTIVITY,Bioactivity,BA_002242,has_bioactivity,Associated phytochemical has respective bioactivity
Phytochemical,JVXZRQGOGOXCEC-UHFFFAOYSA-N,HAS_BIOACTIVITY,Bioactivity,BA_002243,has_bioactivity,Associated phytochemical has respective bioactivity
Phytochemical,JVXZRQGOGOXCEC-UHFFFAOYSA-N,HAS_BIOACTIVITY,Bioactivity,BA_002244,has_bioactivity,Associated phytochemical has respective bioactivity
Phytochemical,JVXZRQGOGOXCEC-UHFFFAOYSA-N,HAS_BIOACTIVITY,Bioactivity,BA_002245,has_bioactivity,Associated phytochemical has respective bioactivity
Phytochemical,JVXZRQGOGOXCEC-UHFFFAOYSA-N,HAS_BIOACTIVITY,Bioactivity,BA_002246,has_bioactivity,Associated phytochemical has respective bioactivity
Phytochemical,JVXZRQGOGOXCEC-UHFFFAOYSA-N,HAS_BIOACTIVITY,Bioactivity,BA_002247,has_bioactivity,Associated phytochemical has respective bioactivity
Phytochemical,JVXZRQGOGOXCEC-UHFFFAOYSA-N,HAS_BIOACTIVITY,Bioactivity,BA_002248,has_bioactivity,Associated phytochemical has respective bioactivity
Phytochemical,JVXZRQGOGOXCEC-UHFFFAOYSA-N,HAS_BIOACTIVITY,Bioactivity,BA_002249,has_bioactivity,Associated phytochemical has respective bioactivity
Phytochemical,JVXZRQGOGOXCEC-UHFFFAOYSA-N,HAS_BIOACTIVITY,Bioactivity,BA_002250,has_bioactivity,Associated phytochemical has respective bioactivity
Phytochemical,JVXZRQGOGOXCEC-UHFFFAOYSA-N,HAS_BIOACTIVITY,Bioactivity,BA_002251,has_bioactivity,Associated phytochemical has respective bioactivity
Phytochemical,JVXZRQGOGOXCEC-UHFFFAOYSA-N,HAS_BIOACTIVITY,Bioactivity,BA_002252,has_bioactivity,Associated phytochemical has respective bioactivity
Phytochemical,COAWNPJQKJEHPG-UHFFFAOYSA-N,HAS_BIOACTIVITY,Bioactivity,BA_002253,has_bioactivity,Associated phytochemical has respective bioactivity
Phytochemical,GPLGAQQQNWMVMM-MYAJQUOBSA-N,HAS_BIOACTIVITY,Bioactivity,BA_002254,has_bioactivity,Associated phytochemical has respective bioactivity
Phytochemical,GPLGAQQQNWMVMM-MYAJQUOBSA-N,HAS_BIOACTIVITY,Bioactivity,BA_002255,has_bioactivity,Associated phytochemical has respective bioactivity
Phytochemical,GPLGAQQQNWMVMM-MYAJQUOBSA-N,HAS_BIOACTIVITY,Bioactivity,BA_002256,has_bioactivity,Associated phytochemical has respective bioactivity
Phytochemical,GPLGAQQQNWMVMM-MYAJQUOBSA-N,HAS_BIOACTIVITY,Bioactivity,BA_002257,has_bioactivity,Associated phytochemical has respective bioactivity
Phytochemical,GPLGAQQQNWMVMM-MYAJQUOBSA-N,HAS_BIOACTIVITY,Bioactivity,BA_002258,has_bioactivity,Associated phytochemical has respective bioactivity
Phytochemical,GPLGAQQQNWMVMM-MYAJQUOBSA-N,HAS_BIOACTIVITY,Bioactivity,BA_002259,has_bioactivity,Associated phytochemical has respective bioactivity
Phytochemical,GPLGAQQQNWMVMM-MYAJQUOBSA-N,HAS_BIOACTIVITY,Bioactivity,BA_002260,has_bioactivity,Associated phytochemical has respective bioactivity
Phytochemical,COHYTHOBJLSHDF-BUHFOSPRSA-N,HAS_BIOACTIVITY,Bioactivity,BA_002261,has_bioactivity,Associated phytochemical has respective bioactivity
Phytochemical,COHYTHOBJLSHDF-BUHFOSPRSA-N,HAS_BIOACTIVITY,Bioactivity,BA_000197,has_bioactivity,Associated phytochemical has respective bioactivity
Phytochemical,COHYTHOBJLSHDF-BUHFOSPRSA-N,HAS_BIOACTIVITY,Bioactivity,BA_000959,has_bioactivity,Associated phytochemical has respective bioactivity
Phytochemical,COHYTHOBJLSHDF-BUHFOSPRSA-N,HAS_BIOACTIVITY,Bioactivity,BA_002262,has_bioactivity,Associated phytochemical has respective bioactivity
Phytochemical,COHYTHOBJLSHDF-BUHFOSPRSA-N,HAS_BIOACTIVITY,Bioactivity,BA_002263,has_bioactivity,Associated phytochemical has respective bioactivity
Phytochemical,COHYTHOBJLSHDF-BUHFOSPRSA-N,HAS_BIOACTIVITY,Bioactivity,BA_002264,has_bioactivity,Associated phytochemical has respective bioactivity
Phytochemical,ORDAZKGHSNRHTD-UXHICEINSA-N,HAS_BIOACTIVITY,Bioactivity,BA_002265,has_bioactivity,Associated phytochemical has respective bioactivity
Phytochemical,ORDAZKGHSNRHTD-UXHICEINSA-N,HAS_BIOACTIVITY,Bioactivity,BA_001120,has_bioactivity,Associated phytochemical has respective bioactivity
Phytochemical,ORDAZKGHSNRHTD-UXHICEINSA-N,HAS_BIOACTIVITY,Bioactivity,BA_001501,has_bioactivity,Associated phytochemical has respective bioactivity
Phytochemical,ORDAZKGHSNRHTD-UXHICEINSA-N,HAS_BIOACTIVITY,Bioactivity,BA_002266,has_bioactivity,Associated phytochemical has respective bioactivity
Phytochemical,ORDAZKGHSNRHTD-UXHICEINSA-N,HAS_BIOACTIVITY,Bioactivity,BA_002267,has_bioactivity,Associated phytochemical has respective bioactivity
Phytochemical,ORDAZKGHSNRHTD-UXHICEINSA-N,HAS_BIOACTIVITY,Bioactivity,BA_002268,has_bioactivity,Associated phytochemical has respective bioactivity
Phytochemical,ORDAZKGHSNRHTD-UXHICEINSA-N,HAS_BIOACTIVITY,Bioactivity,BA_002269,has_bioactivity,Associated phytochemical has respective bioactivity
Phytochemical,JUVIOZPCNVVQFO-HBGVWJBISA-N,HAS_BIOACTIVITY,Bioactivity,BA_002270,has_bioactivity,Associated phytochemical has respective bioactivity
Phytochemical,JUVIOZPCNVVQFO-HBGVWJBISA-N,HAS_BIOACTIVITY,Bioactivity,BA_001874,has_bioactivity,Associated phytochemical has respective bioactivity
Phytochemical,JUVIOZPCNVVQFO-HBGVWJBISA-N,HAS_BIOACTIVITY,Bioactivity,BA_001581,has_bioactivity,Associated phytochemical has respective bioactivity
Phytochemical,JUVIOZPCNVVQFO-HBGVWJBISA-N,HAS_BIOACTIVITY,Bioactivity,BA_000204,has_bioactivity,Associated phytochemical has respective bioactivity
Phytochemical,JUVIOZPCNVVQFO-HBGVWJBISA-N,HAS_BIOACTIVITY,Bioactivity,BA_002271,has_bioactivity,Associated phytochemical has respective bioactivity
Phytochemical,JUVIOZPCNVVQFO-HBGVWJBISA-N,HAS_BIOACTIVITY,Bioactivity,BA_002272,has_bioactivity,Associated phytochemical has respective bioactivity
Phytochemical,JUVIOZPCNVVQFO-HBGVWJBISA-N,HAS_BIOACTIVITY,Bioactivity,BA_002273,has_bioactivity,Associated phytochemical has respective bioactivity
Phytochemical,JUVIOZPCNVVQFO-HBGVWJBISA-N,HAS_BIOACTIVITY,Bioactivity,BA_002274,has_bioactivity,Associated phytochemical has respective bioactivity
Phytochemical,JUVIOZPCNVVQFO-HBGVWJBISA-N,HAS_BIOACTIVITY,Bioactivity,BA_002275,has_bioactivity,Associated phytochemical has respective bioactivity
Phytochemical,JUVIOZPCNVVQFO-HBGVWJBISA-N,HAS_BIOACTIVITY,Bioactivity,BA_000043,has_bioactivity,Associated phytochemical has respective bioactivity
Phytochemical,JUVIOZPCNVVQFO-HBGVWJBISA-N,HAS_BIOACTIVITY,Bioactivity,BA_002276,has_bioactivity,Associated phytochemical has respective bioactivity
Phytochemical,JUVIOZPCNVVQFO-HBGVWJBISA-N,HAS_BIOACTIVITY,Bioactivity,BA_000744,has_bioactivity,Associated phytochemical has respective bioactivity
Phytochemical,JUVIOZPCNVVQFO-HBGVWJBISA-N,HAS_BIOACTIVITY,Bioactivity,BA_002277,has_bioactivity,Associated phytochemical has respective bioactivity
Phytochemical,JUVIOZPCNVVQFO-HBGVWJBISA-N,HAS_BIOACTIVITY,Bioactivity,BA_002278,has_bioactivity,Associated phytochemical has respective bioactivity
Phytochemical,JUVIOZPCNVVQFO-HBGVWJBISA-N,HAS_BIOACTIVITY,Bioactivity,BA_002279,has_bioactivity,Associated phytochemical has respective bioactivity
Phytochemical,JUVIOZPCNVVQFO-HBGVWJBISA-N,HAS_BIOACTIVITY,Bioactivity,BA_002280,has_bioactivity,Associated phytochemical has respective bioactivity
Phytochemical,JUVIOZPCNVVQFO-HBGVWJBISA-N,HAS_BIOACTIVITY,Bioactivity,BA_002281,has_bioactivity,Associated phytochemical has respective bioactivity
Phytochemical,JUVIOZPCNVVQFO-HBGVWJBISA-N,HAS_BIOACTIVITY,Bioactivity,BA_002282,has_bioactivity,Associated phytochemical has respective bioactivity
Phytochemical,JUVIOZPCNVVQFO-HBGVWJBISA-N,HAS_BIOACTIVITY,Bioactivity,BA_002283,has_bioactivity,Associated phytochemical has respective bioactivity
Phytochemical,JUVIOZPCNVVQFO-HBGVWJBISA-N,HAS_BIOACTIVITY,Bioactivity,BA_000944,has_bioactivity,Associated phytochemical has respective bioactivity
Phytochemical,JUVIOZPCNVVQFO-HBGVWJBISA-N,HAS_BIOACTIVITY,Bioactivity,BA_002284,has_bioactivity,Associated phytochemical has respective bioactivity
Phytochemical,JUVIOZPCNVVQFO-HBGVWJBISA-N,HAS_BIOACTIVITY,Bioactivity,BA_002285,has_bioactivity,Associated phytochemical has respective bioactivity
Phytochemical,JUVIOZPCNVVQFO-HBGVWJBISA-N,HAS_BIOACTIVITY,Bioactivity,BA_002286,has_bioactivity,Associated phytochemical has respective bioactivity
Phytochemical,JUVIOZPCNVVQFO-HBGVWJBISA-N,HAS_BIOACTIVITY,Bioactivity,BA_002287,has_bioactivity,Associated phytochemical has respective bioactivity
Phytochemical,JUVIOZPCNVVQFO-HBGVWJBISA-N,HAS_BIOACTIVITY,Bioactivity,BA_002288,has_bioactivity,Associated phytochemical has respective bioactivity
Phytochemical,JUVIOZPCNVVQFO-HBGVWJBISA-N,HAS_BIOACTIVITY,Bioactivity,BA_002289,has_bioactivity,Associated phytochemical has respective bioactivity
Phytochemical,JUVIOZPCNVVQFO-HBGVWJBISA-N,HAS_BIOACTIVITY,Bioactivity,BA_002290,has_bioactivity,Associated phytochemical has respective bioactivity
Phytochemical,JUVIOZPCNVVQFO-HBGVWJBISA-N,HAS_BIOACTIVITY,Bioactivity,BA_002291,has_bioactivity,Associated phytochemical has respective bioactivity
Phytochemical,JUVIOZPCNVVQFO-HBGVWJBISA-N,HAS_BIOACTIVITY,Bioactivity,BA_002292,has_bioactivity,Associated phytochemical has respective bioactivity
Phytochemical,JUVIOZPCNVVQFO-HBGVWJBISA-N,HAS_BIOACTIVITY,Bioactivity,BA_002293,has_bioactivity,Associated phytochemical has respective bioactivity
Phytochemical,JUVIOZPCNVVQFO-HBGVWJBISA-N,HAS_BIOACTIVITY,Bioactivity,BA_002267,has_bioactivity,Associated phytochemical has respective bioactivity
Phytochemical,JUVIOZPCNVVQFO-HBGVWJBISA-N,HAS_BIOACTIVITY,Bioactivity,BA_002294,has_bioactivity,Associated phytochemical has respective bioactivity
Phytochemical,JUVIOZPCNVVQFO-HBGVWJBISA-N,HAS_BIOACTIVITY,Bioactivity,BA_002295,has_bioactivity,Associated phytochemical has respective bioactivity
Phytochemical,KEVYVLWNCKMXJX-UHFFFAOYSA-N,HAS_BIOACTIVITY,Bioactivity,BA_000158,has_bioactivity,Associated phytochemical has respective bioactivity
Phytochemical,IWDCLRJOBJJRNH-UHFFFAOYSA-N,HAS_BIOACTIVITY,Bioactivity,BA_000660,has_bioactivity,Associated phytochemical has respective bioactivity
Phytochemical,IWDCLRJOBJJRNH-UHFFFAOYSA-N,HAS_BIOACTIVITY,Bioactivity,BA_002296,has_bioactivity,Associated phytochemical has respective bioactivity
Phytochemical,IWDCLRJOBJJRNH-UHFFFAOYSA-N,HAS_BIOACTIVITY,Bioactivity,BA_000134,has_bioactivity,Associated phytochemical has respective bioactivity
Phytochemical,RWZYAGGXGHYGMB-UHFFFAOYSA-N,HAS_BIOACTIVITY,Bioactivity,BA_002297,has_bioactivity,Associated phytochemical has respective bioactivity
Phytochemical,NLVMTSRTOGOFQD-MWRQYBNOSA-N,HAS_BIOACTIVITY,Bioactivity,BA_001172,has_bioactivity,Associated phytochemical has respective bioactivity
Phytochemical,NLVMTSRTOGOFQD-MWRQYBNOSA-N,HAS_BIOACTIVITY,Bioactivity,BA_002298,has_bioactivity,Associated phytochemical has respective bioactivity
Phytochemical,NLVMTSRTOGOFQD-MWRQYBNOSA-N,HAS_BIOACTIVITY,Bioactivity,BA_002263,has_bioactivity,Associated phytochemical has respective bioactivity
Phytochemical,NOOLISFMXDJSKH-UHFFFAOYSA-N,HAS_BIOACTIVITY,Bioactivity,BA_002299,has_bioactivity,Associated phytochemical has respective bioactivity
Phytochemical,NOOLISFMXDJSKH-UHFFFAOYSA-N,HAS_BIOACTIVITY,Bioactivity,BA_002300,has_bioactivity,Associated phytochemical has respective bioactivity
Phytochemical,XMOCLSLCDHWDHP-SWLSCSKDSA-N,HAS_BIOACTIVITY,Bioactivity,BA_002301,has_bioactivity,Associated phytochemical has respective bioactivity
Phytochemical,XMOCLSLCDHWDHP-SWLSCSKDSA-N,HAS_BIOACTIVITY,Bioactivity,BA_002302,has_bioactivity,Associated phytochemical has respective bioactivity
Phytochemical,YUSWMAULDXZHPY-UHFFFAOYSA-N,HAS_BIOACTIVITY,Bioactivity,BA_002303,has_bioactivity,Associated phytochemical has respective bioactivity
Phytochemical,YUSWMAULDXZHPY-UHFFFAOYSA-N,HAS_BIOACTIVITY,Bioactivity,BA_002304,has_bioactivity,Associated phytochemical has respective bioactivity
Phytochemical,YUSWMAULDXZHPY-UHFFFAOYSA-N,HAS_BIOACTIVITY,Bioactivity,BA_002305,has_bioactivity,Associated phytochemical has respective bioactivity
Phytochemical,YUSWMAULDXZHPY-UHFFFAOYSA-N,HAS_BIOACTIVITY,Bioactivity,BA_002306,has_bioactivity,Associated phytochemical has respective bioactivity
Phytochemical,YUSWMAULDXZHPY-UHFFFAOYSA-N,HAS_BIOACTIVITY,Bioactivity,BA_002307,has_bioactivity,Associated phytochemical has respective bioactivity
Phytochemical,YUSWMAULDXZHPY-UHFFFAOYSA-N,HAS_BIOACTIVITY,Bioactivity,BA_000218,has_bioactivity,Associated phytochemical has respective bioactivity
Phytochemical,YUSWMAULDXZHPY-UHFFFAOYSA-N,HAS_BIOACTIVITY,Bioactivity,BA_002308,has_bioactivity,Associated phytochemical has respective bioactivity
Phytochemical,YUSWMAULDXZHPY-UHFFFAOYSA-N,HAS_BIOACTIVITY,Bioactivity,BA_002309,has_bioactivity,Associated phytochemical has respective bioactivity
Phytochemical,YUSWMAULDXZHPY-UHFFFAOYSA-N,HAS_BIOACTIVITY,Bioactivity,BA_002310,has_bioactivity,Associated phytochemical has respective bioactivity
Phytochemical,YUSWMAULDXZHPY-UHFFFAOYSA-N,HAS_BIOACTIVITY,Bioactivity,BA_002311,has_bioactivity,Associated phytochemical has respective bioactivity
Phytochemical,YUSWMAULDXZHPY-UHFFFAOYSA-N,HAS_BIOACTIVITY,Bioactivity,BA_002312,has_bioactivity,Associated phytochemical has respective bioactivity
Phytochemical,YUSWMAULDXZHPY-UHFFFAOYSA-N,HAS_BIOACTIVITY,Bioactivity,BA_002313,has_bioactivity,Associated phytochemical has respective bioactivity
Phytochemical,YUSWMAULDXZHPY-UHFFFAOYSA-N,HAS_BIOACTIVITY,Bioactivity,BA_002314,has_bioactivity,Associated phytochemical has respective bioactivity
Phytochemical,YUSWMAULDXZHPY-UHFFFAOYSA-N,HAS_BIOACTIVITY,Bioactivity,BA_002315,has_bioactivity,Associated phytochemical has respective bioactivity
Phytochemical,YUSWMAULDXZHPY-UHFFFAOYSA-N,HAS_BIOACTIVITY,Bioactivity,BA_002316,has_bioactivity,Associated phytochemical has respective bioactivity
Phytochemical,YUSWMAULDXZHPY-UHFFFAOYSA-N,HAS_BIOACTIVITY,Bioactivity,BA_002317,has_bioactivity,Associated phytochemical has respective bioactivity
Phytochemical,YUSWMAULDXZHPY-UHFFFAOYSA-N,HAS_BIOACTIVITY,Bioactivity,BA_002318,has_bioactivity,Associated phytochemical has respective bioactivity
Phytochemical,YUSWMAULDXZHPY-UHFFFAOYSA-N,HAS_BIOACTIVITY,Bioactivity,BA_002319,has_bioactivity,Associated phytochemical has respective bioactivity
Phytochemical,YUSWMAULDXZHPY-UHFFFAOYSA-N,HAS_BIOACTIVITY,Bioactivity,BA_002320,has_bioactivity,Associated phytochemical has respective bioactivity
Phytochemical,YUSWMAULDXZHPY-UHFFFAOYSA-N,HAS_BIOACTIVITY,Bioactivity,BA_002321,has_bioactivity,Associated phytochemical has respective bioactivity
Phytochemical,YUSWMAULDXZHPY-UHFFFAOYSA-N,HAS_BIOACTIVITY,Bioactivity,BA_002322,has_bioactivity,Associated phytochemical has respective bioactivity
Phytochemical,AEDDIBAIWPIIBD-ZJKJAXBQSA-N,HAS_BIOACTIVITY,Bioactivity,BA_002323,has_bioactivity,Associated phytochemical has respective bioactivity
Phytochemical,NRPKURNSADTHLJ-UHFFFAOYSA-N,HAS_BIOACTIVITY,Bioactivity,BA_002324,has_bioactivity,Associated phytochemical has respective bioactivity
Phytochemical,NRPKURNSADTHLJ-UHFFFAOYSA-N,HAS_BIOACTIVITY,Bioactivity,BA_002325,has_bioactivity,Associated phytochemical has respective bioactivity
Phytochemical,NRPKURNSADTHLJ-UHFFFAOYSA-N,HAS_BIOACTIVITY,Bioactivity,BA_002326,has_bioactivity,Associated phytochemical has respective bioactivity
Phytochemical,NRPKURNSADTHLJ-UHFFFAOYSA-N,HAS_BIOACTIVITY,Bioactivity,BA_002327,has_bioactivity,Associated phytochemical has respective bioactivity
Phytochemical,NRPKURNSADTHLJ-UHFFFAOYSA-N,HAS_BIOACTIVITY,Bioactivity,BA_002328,has_bioactivity,Associated phytochemical has respective bioactivity
Phytochemical,ZTHYODDOHIVTJV-UHFFFAOYSA-N,HAS_BIOACTIVITY,Bioactivity,BA_002329,has_bioactivity,Associated phytochemical has respective bioactivity
Phytochemical,ZTHYODDOHIVTJV-UHFFFAOYSA-N,HAS_BIOACTIVITY,Bioactivity,BA_002330,has_bioactivity,Associated phytochemical has respective bioactivity
Phytochemical,ZTHYODDOHIVTJV-UHFFFAOYSA-N,HAS_BIOACTIVITY,Bioactivity,BA_002331,has_bioactivity,Associated phytochemical has respective bioactivity
Phytochemical,VEVZSMAEJFVWIL-UHFFFAOYSA-O,HAS_BIOACTIVITY,Bioactivity,BA_002332,has_bioactivity,Associated phytochemical has respective bioactivity
Phytochemical,VEVZSMAEJFVWIL-UHFFFAOYSA-O,HAS_BIOACTIVITY,Bioactivity,BA_002333,has_bioactivity,Associated phytochemical has respective bioactivity
Phytochemical,VEVZSMAEJFVWIL-UHFFFAOYSA-O,HAS_BIOACTIVITY,Bioactivity,BA_002334,has_bioactivity,Associated phytochemical has respective bioactivity
Phytochemical,VEVZSMAEJFVWIL-UHFFFAOYSA-O,HAS_BIOACTIVITY,Bioactivity,BA_002335,has_bioactivity,Associated phytochemical has respective bioactivity
Phytochemical,XHEFDIBZLJXQHF-UHFFFAOYSA-N,HAS_BIOACTIVITY,Bioactivity,BA_002336,has_bioactivity,Associated phytochemical has respective bioactivity
Phytochemical,XHEFDIBZLJXQHF-UHFFFAOYSA-N,HAS_BIOACTIVITY,Bioactivity,BA_002337,has_bioactivity,Associated phytochemical has respective bioactivity
Phytochemical,XHEFDIBZLJXQHF-UHFFFAOYSA-N,HAS_BIOACTIVITY,Bioactivity,BA_002338,has_bioactivity,Associated phytochemical has respective bioactivity
Phytochemical,XHEFDIBZLJXQHF-UHFFFAOYSA-N,HAS_BIOACTIVITY,Bioactivity,BA_002339,has_bioactivity,Associated phytochemical has respective bioactivity
Phytochemical,XHEFDIBZLJXQHF-UHFFFAOYSA-N,HAS_BIOACTIVITY,Bioactivity,BA_002340,has_bioactivity,Associated phytochemical has respective bioactivity
Phytochemical,XHEFDIBZLJXQHF-UHFFFAOYSA-N,HAS_BIOACTIVITY,Bioactivity,BA_000204,has_bioactivity,Associated phytochemical has respective bioactivity
Phytochemical,XHEFDIBZLJXQHF-UHFFFAOYSA-N,HAS_BIOACTIVITY,Bioactivity,BA_002341,has_bioactivity,Associated phytochemical has respective bioactivity
Phytochemical,XHEFDIBZLJXQHF-UHFFFAOYSA-N,HAS_BIOACTIVITY,Bioactivity,BA_000360,has_bioactivity,Associated phytochemical has respective bioactivity
Phytochemical,XHEFDIBZLJXQHF-UHFFFAOYSA-N,HAS_BIOACTIVITY,Bioactivity,BA_000223,has_bioactivity,Associated phytochemical has respective bioactivity
Phytochemical,XHEFDIBZLJXQHF-UHFFFAOYSA-N,HAS_BIOACTIVITY,Bioactivity,BA_000052,has_bioactivity,Associated phytochemical has respective bioactivity
Phytochemical,XHEFDIBZLJXQHF-UHFFFAOYSA-N,HAS_BIOACTIVITY,Bioactivity,BA_002342,has_bioactivity,Associated phytochemical has respective bioactivity
Phytochemical,XHEFDIBZLJXQHF-UHFFFAOYSA-N,HAS_BIOACTIVITY,Bioactivity,BA_002343,has_bioactivity,Associated phytochemical has respective bioactivity
Phytochemical,XHEFDIBZLJXQHF-UHFFFAOYSA-N,HAS_BIOACTIVITY,Bioactivity,BA_002344,has_bioactivity,Associated phytochemical has respective bioactivity
Phytochemical,XHEFDIBZLJXQHF-UHFFFAOYSA-N,HAS_BIOACTIVITY,Bioactivity,BA_000368,has_bioactivity,Associated phytochemical has respective bioactivity
Phytochemical,XHEFDIBZLJXQHF-UHFFFAOYSA-N,HAS_BIOACTIVITY,Bioactivity,BA_000385,has_bioactivity,Associated phytochemical has respective bioactivity
Phytochemical,XHEFDIBZLJXQHF-UHFFFAOYSA-N,HAS_BIOACTIVITY,Bioactivity,BA_002345,has_bioactivity,Associated phytochemical has respective bioactivity
Phytochemical,XHEFDIBZLJXQHF-UHFFFAOYSA-N,HAS_BIOACTIVITY,Bioactivity,BA_002346,has_bioactivity,Associated phytochemical has respective bioactivity
Phytochemical,XHEFDIBZLJXQHF-UHFFFAOYSA-N,HAS_BIOACTIVITY,Bioactivity,BA_002347,has_bioactivity,Associated phytochemical has respective bioactivity
Phytochemical,XHEFDIBZLJXQHF-UHFFFAOYSA-N,HAS_BIOACTIVITY,Bioactivity,BA_002348,has_bioactivity,Associated phytochemical has respective bioactivity
Phytochemical,XHEFDIBZLJXQHF-UHFFFAOYSA-N,HAS_BIOACTIVITY,Bioactivity,BA_002349,has_bioactivity,Associated phytochemical has respective bioactivity
Phytochemical,XHEFDIBZLJXQHF-UHFFFAOYSA-N,HAS_BIOACTIVITY,Bioactivity,BA_000085,has_bioactivity,Associated phytochemical has respective bioactivity
Phytochemical,XHEFDIBZLJXQHF-UHFFFAOYSA-N,HAS_BIOACTIVITY,Bioactivity,BA_002350,has_bioactivity,Associated phytochemical has respective bioactivity
Phytochemical,XHEFDIBZLJXQHF-UHFFFAOYSA-N,HAS_BIOACTIVITY,Bioactivity,BA_001351,has_bioactivity,Associated phytochemical has respective bioactivity
Phytochemical,XHEFDIBZLJXQHF-UHFFFAOYSA-N,HAS_BIOACTIVITY,Bioactivity,BA_000583,has_bioactivity,Associated phytochemical has respective bioactivity
Phytochemical,XHEFDIBZLJXQHF-UHFFFAOYSA-N,HAS_BIOACTIVITY,Bioactivity,BA_002351,has_bioactivity,Associated phytochemical has respective bioactivity
Phytochemical,XHEFDIBZLJXQHF-UHFFFAOYSA-N,HAS_BIOACTIVITY,Bioactivity,BA_002352,has_bioactivity,Associated phytochemical has respective bioactivity
Phytochemical,XHEFDIBZLJXQHF-UHFFFAOYSA-N,HAS_BIOACTIVITY,Bioactivity,BA_002353,has_bioactivity,Associated phytochemical has respective bioactivity
Phytochemical,XHEFDIBZLJXQHF-UHFFFAOYSA-N,HAS_BIOACTIVITY,Bioactivity,BA_002354,has_bioactivity,Associated phytochemical has respective bioactivity
Phytochemical,XHEFDIBZLJXQHF-UHFFFAOYSA-N,HAS_BIOACTIVITY,Bioactivity,BA_002355,has_bioactivity,Associated phytochemical has respective bioactivity
Phytochemical,XHEFDIBZLJXQHF-UHFFFAOYSA-N,HAS_BIOACTIVITY,Bioactivity,BA_002356,has_bioactivity,Associated phytochemical has respective bioactivity
Phytochemical,XHEFDIBZLJXQHF-UHFFFAOYSA-N,HAS_BIOACTIVITY,Bioactivity,BA_002357,has_bioactivity,Associated phytochemical has respective bioactivity
Phytochemical,XHEFDIBZLJXQHF-UHFFFAOYSA-N,HAS_BIOACTIVITY,Bioactivity,BA_002358,has_bioactivity,Associated phytochemical has respective bioactivity
Phytochemical,XHEFDIBZLJXQHF-UHFFFAOYSA-N,HAS_BIOACTIVITY,Bioactivity,BA_002359,has_bioactivity,Associated phytochemical has respective bioactivity
Phytochemical,PFTAWBLQPZVEMU-UKRRQHHQSA-N,HAS_BIOACTIVITY,Bioactivity,BA_002360,has_bioactivity,Associated phytochemical has respective bioactivity
Phytochemical,PFTAWBLQPZVEMU-UKRRQHHQSA-N,HAS_BIOACTIVITY,Bioactivity,BA_000370,has_bioactivity,Associated phytochemical has respective bioactivity
Phytochemical,PFTAWBLQPZVEMU-UKRRQHHQSA-N,HAS_BIOACTIVITY,Bioactivity,BA_000838,has_bioactivity,Associated phytochemical has respective bioactivity
Phytochemical,PFTAWBLQPZVEMU-UKRRQHHQSA-N,HAS_BIOACTIVITY,Bioactivity,BA_002361,has_bioactivity,Associated phytochemical has respective bioactivity
Phytochemical,PFTAWBLQPZVEMU-UKRRQHHQSA-N,HAS_BIOACTIVITY,Bioactivity,BA_000389,has_bioactivity,Associated phytochemical has respective bioactivity
Phytochemical,PFTAWBLQPZVEMU-UKRRQHHQSA-N,HAS_BIOACTIVITY,Bioactivity,BA_000751,has_bioactivity,Associated phytochemical has respective bioactivity
Phytochemical,PFTAWBLQPZVEMU-UKRRQHHQSA-N,HAS_BIOACTIVITY,Bioactivity,BA_002362,has_bioactivity,Associated phytochemical has respective bioactivity
Phytochemical,PFTAWBLQPZVEMU-UKRRQHHQSA-N,HAS_BIOACTIVITY,Bioactivity,BA_001347,has_bioactivity,Associated phytochemical has respective bioactivity
Phytochemical,PFTAWBLQPZVEMU-UKRRQHHQSA-N,HAS_BIOACTIVITY,Bioactivity,BA_002363,has_bioactivity,Associated phytochemical has respective bioactivity
Phytochemical,PFTAWBLQPZVEMU-UKRRQHHQSA-N,HAS_BIOACTIVITY,Bioactivity,BA_000949,has_bioactivity,Associated phytochemical has respective bioactivity
Phytochemical,PFTAWBLQPZVEMU-UKRRQHHQSA-N,HAS_BIOACTIVITY,Bioactivity,BA_000583,has_bioactivity,Associated phytochemical has respective bioactivity
Phytochemical,PFTAWBLQPZVEMU-UKRRQHHQSA-N,HAS_BIOACTIVITY,Bioactivity,BA_002364,has_bioactivity,Associated phytochemical has respective bioactivity
Phytochemical,PFTAWBLQPZVEMU-UKRRQHHQSA-N,HAS_BIOACTIVITY,Bioactivity,BA_002365,has_bioactivity,Associated phytochemical has respective bioactivity
Phytochemical,PFTAWBLQPZVEMU-UKRRQHHQSA-N,HAS_BIOACTIVITY,Bioactivity,BA_002366,has_bioactivity,Associated phytochemical has respective bioactivity
Phytochemical,PFTAWBLQPZVEMU-UKRRQHHQSA-N,HAS_BIOACTIVITY,Bioactivity,BA_002367,has_bioactivity,Associated phytochemical has respective bioactivity
Phytochemical,PFTAWBLQPZVEMU-UKRRQHHQSA-N,HAS_BIOACTIVITY,Bioactivity,BA_002368,has_bioactivity,Associated phytochemical has respective bioactivity
Phytochemical,PFTAWBLQPZVEMU-UKRRQHHQSA-N,HAS_BIOACTIVITY,Bioactivity,BA_002369,has_bioactivity,Associated phytochemical has respective bioactivity
Phytochemical,BXWNKGSJHAJOGX-UHFFFAOYSA-N,HAS_BIOACTIVITY,Bioactivity,BA_002370,has_bioactivity,Associated phytochemical has respective bioactivity
Phytochemical,JZQKTMZYLHNFPL-BLHCBFLLSA-N,HAS_BIOACTIVITY,Bioactivity,BA_002371,has_bioactivity,Associated phytochemical has respective bioactivity
Phytochemical,WLAMNBDJUVNPJU-UHFFFAOYSA-N,HAS_BIOACTIVITY,Bioactivity,BA_002372,has_bioactivity,Associated phytochemical has respective bioactivity
Phytochemical,COVFEVWNJUOYRL-UHFFFAOYSA-N,HAS_BIOACTIVITY,Bioactivity,BA_002373,has_bioactivity,Associated phytochemical has respective bioactivity
Phytochemical,COVFEVWNJUOYRL-UHFFFAOYSA-N,HAS_BIOACTIVITY,Bioactivity,BA_002374,has_bioactivity,Associated phytochemical has respective bioactivity
Phytochemical,OALYTRUKMRCXNH-UHFFFAOYSA-N,HAS_BIOACTIVITY,Bioactivity,BA_002375,has_bioactivity,Associated phytochemical has respective bioactivity
Phytochemical,FXHGMKSSBGDXIY-UHFFFAOYSA-N,HAS_BIOACTIVITY,Bioactivity,BA_001198,has_bioactivity,Associated phytochemical has respective bioactivity
Phytochemical,UQDUPQYQJKYHQI-UHFFFAOYSA-N,HAS_BIOACTIVITY,Bioactivity,BA_000813,has_bioactivity,Associated phytochemical has respective bioactivity
Phytochemical,UQDUPQYQJKYHQI-UHFFFAOYSA-N,HAS_BIOACTIVITY,Bioactivity,BA_002376,has_bioactivity,Associated phytochemical has respective bioactivity
Phytochemical,UQDUPQYQJKYHQI-UHFFFAOYSA-N,HAS_BIOACTIVITY,Bioactivity,BA_002331,has_bioactivity,Associated phytochemical has respective bioactivity
Phytochemical,ZAZKJZBWRNNLDS-UHFFFAOYSA-N,HAS_BIOACTIVITY,Bioactivity,BA_002377,has_bioactivity,Associated phytochemical has respective bioactivity
Phytochemical,FBUKVWPVBMHYJY-UHFFFAOYSA-N,HAS_BIOACTIVITY,Bioactivity,BA_001573,has_bioactivity,Associated phytochemical has respective bioactivity
Phytochemical,FBUKVWPVBMHYJY-UHFFFAOYSA-N,HAS_BIOACTIVITY,Bioactivity,BA_001530,has_bioactivity,Associated phytochemical has respective bioactivity
Phytochemical,GDVRUDXLQBVIKP-HQHREHCSSA-N,HAS_BIOACTIVITY,Bioactivity,BA_002378,has_bioactivity,Associated phytochemical has respective bioactivity
Phytochemical,RLSSMJSEOOYNOY-UHFFFAOYSA-N,HAS_BIOACTIVITY,Bioactivity,BA_000660,has_bioactivity,Associated phytochemical has respective bioactivity
Phytochemical,RLSSMJSEOOYNOY-UHFFFAOYSA-N,HAS_BIOACTIVITY,Bioactivity,BA_002379,has_bioactivity,Associated phytochemical has respective bioactivity
Phytochemical,RLSSMJSEOOYNOY-UHFFFAOYSA-N,HAS_BIOACTIVITY,Bioactivity,BA_002380,has_bioactivity,Associated phytochemical has respective bioactivity
Phytochemical,RLSSMJSEOOYNOY-UHFFFAOYSA-N,HAS_BIOACTIVITY,Bioactivity,BA_002381,has_bioactivity,Associated phytochemical has respective bioactivity
Phytochemical,FFNDMZIBVDSQFI-UHFFFAOYSA-N,HAS_BIOACTIVITY,Bioactivity,BA_002382,has_bioactivity,Associated phytochemical has respective bioactivity
Phytochemical,FFNDMZIBVDSQFI-UHFFFAOYSA-N,HAS_BIOACTIVITY,Bioactivity,BA_002383,has_bioactivity,Associated phytochemical has respective bioactivity
Phytochemical,FFNDMZIBVDSQFI-UHFFFAOYSA-N,HAS_BIOACTIVITY,Bioactivity,BA_002384,has_bioactivity,Associated phytochemical has respective bioactivity
Phytochemical,FFNDMZIBVDSQFI-UHFFFAOYSA-N,HAS_BIOACTIVITY,Bioactivity,BA_002385,has_bioactivity,Associated phytochemical has respective bioactivity
Phytochemical,XEKOWRVHYACXOJ-UHFFFAOYSA-N,HAS_BIOACTIVITY,Bioactivity,BA_002386,has_bioactivity,Associated phytochemical has respective bioactivity
Phytochemical,XEKOWRVHYACXOJ-UHFFFAOYSA-N,HAS_BIOACTIVITY,Bioactivity,BA_002387,has_bioactivity,Associated phytochemical has respective bioactivity
Phytochemical,PSZDOEIIIJFCFE-OSQDELBUSA-N,HAS_BIOACTIVITY,Bioactivity,BA_002388,has_bioactivity,Associated phytochemical has respective bioactivity
Phytochemical,YWYQTGBBEZQBGO-BERLURQNSA-N,HAS_BIOACTIVITY,Bioactivity,BA_002389,has_bioactivity,Associated phytochemical has respective bioactivity
Phytochemical,YWYQTGBBEZQBGO-BERLURQNSA-N,HAS_BIOACTIVITY,Bioactivity,BA_002390,has_bioactivity,Associated phytochemical has respective bioactivity
Phytochemical,GHMLBKRAJCXXBS-UHFFFAOYSA-N,HAS_BIOACTIVITY,Bioactivity,BA_002391,has_bioactivity,Associated phytochemical has respective bioactivity
Phytochemical,GHMLBKRAJCXXBS-UHFFFAOYSA-N,HAS_BIOACTIVITY,Bioactivity,BA_002392,has_bioactivity,Associated phytochemical has respective bioactivity
Phytochemical,GHMLBKRAJCXXBS-UHFFFAOYSA-N,HAS_BIOACTIVITY,Bioactivity,BA_002393,has_bioactivity,Associated phytochemical has respective bioactivity
Phytochemical,GHMLBKRAJCXXBS-UHFFFAOYSA-N,HAS_BIOACTIVITY,Bioactivity,BA_002394,has_bioactivity,Associated phytochemical has respective bioactivity
Phytochemical,GHMLBKRAJCXXBS-UHFFFAOYSA-N,HAS_BIOACTIVITY,Bioactivity,BA_002395,has_bioactivity,Associated phytochemical has respective bioactivity
Phytochemical,GHMLBKRAJCXXBS-UHFFFAOYSA-N,HAS_BIOACTIVITY,Bioactivity,BA_001165,has_bioactivity,Associated phytochemical has respective bioactivity
Phytochemical,GHMLBKRAJCXXBS-UHFFFAOYSA-N,HAS_BIOACTIVITY,Bioactivity,BA_002396,has_bioactivity,Associated phytochemical has respective bioactivity
Phytochemical,CYHOTEDWAOHQLA-AKGXXHIGSA-N,HAS_BIOACTIVITY,Bioactivity,BA_002397,has_bioactivity,Associated phytochemical has respective bioactivity
Phytochemical,JNELGWHKGNBSMD-UHFFFAOYSA-N,HAS_BIOACTIVITY,Bioactivity,BA_002398,has_bioactivity,Associated phytochemical has respective bioactivity
Phytochemical,JNELGWHKGNBSMD-UHFFFAOYSA-N,HAS_BIOACTIVITY,Bioactivity,BA_002399,has_bioactivity,Associated phytochemical has respective bioactivity
Phytochemical,JNELGWHKGNBSMD-UHFFFAOYSA-N,HAS_BIOACTIVITY,Bioactivity,BA_002400,has_bioactivity,Associated phytochemical has respective bioactivity
Phytochemical,PGOYMURMZNDHNS-MYPRUECHSA-N,HAS_BIOACTIVITY,Bioactivity,BA_002401,has_bioactivity,Associated phytochemical has respective bioactivity
Phytochemical,PGOYMURMZNDHNS-MYPRUECHSA-N,HAS_BIOACTIVITY,Bioactivity,BA_002402,has_bioactivity,Associated phytochemical has respective bioactivity
Phytochemical,PGOYMURMZNDHNS-MYPRUECHSA-N,HAS_BIOACTIVITY,Bioactivity,BA_002403,has_bioactivity,Associated phytochemical has respective bioactivity
Phytochemical,PGOYMURMZNDHNS-MYPRUECHSA-N,HAS_BIOACTIVITY,Bioactivity,BA_002404,has_bioactivity,Associated phytochemical has respective bioactivity
Phytochemical,PGOYMURMZNDHNS-MYPRUECHSA-N,HAS_BIOACTIVITY,Bioactivity,BA_002405,has_bioactivity,Associated phytochemical has respective bioactivity
Phytochemical,PGOYMURMZNDHNS-MYPRUECHSA-N,HAS_BIOACTIVITY,Bioactivity,BA_002406,has_bioactivity,Associated phytochemical has respective bioactivity
Phytochemical,YTHRBOFHFYZBRJ-UHFFFAOYSA-N,HAS_BIOACTIVITY,Bioactivity,BA_002407,has_bioactivity,Associated phytochemical has respective bioactivity
Phytochemical,TUSIZTVSUSBSQI-UHFFFAOYSA-N,HAS_BIOACTIVITY,Bioactivity,BA_002408,has_bioactivity,Associated phytochemical has respective bioactivity
Phytochemical,YGWKXXYGDYYFJU-UHFFFAOYSA-N,HAS_BIOACTIVITY,Bioactivity,BA_000608,has_bioactivity,Associated phytochemical has respective bioactivity
Phytochemical,YGWKXXYGDYYFJU-UHFFFAOYSA-N,HAS_BIOACTIVITY,Bioactivity,BA_002409,has_bioactivity,Associated phytochemical has respective bioactivity
Phytochemical,YGWKXXYGDYYFJU-UHFFFAOYSA-N,HAS_BIOACTIVITY,Bioactivity,BA_002410,has_bioactivity,Associated phytochemical has respective bioactivity
Phytochemical,USMNOWBWPHYOEA-MRTMQBJTSA-N,HAS_BIOACTIVITY,Bioactivity,BA_002411,has_bioactivity,Associated phytochemical has respective bioactivity
Phytochemical,BAVONGHXFVOKBV-UHFFFAOYSA-N,HAS_BIOACTIVITY,Bioactivity,BA_002412,has_bioactivity,Associated phytochemical has respective bioactivity
Phytochemical,BAVONGHXFVOKBV-UHFFFAOYSA-N,HAS_BIOACTIVITY,Bioactivity,BA_002413,has_bioactivity,Associated phytochemical has respective bioactivity
Phytochemical,MBNGWHIJMBWFHU-UHFFFAOYSA-N,HAS_BIOACTIVITY,Bioactivity,BA_001511,has_bioactivity,Associated phytochemical has respective bioactivity
Phytochemical,MBNGWHIJMBWFHU-UHFFFAOYSA-N,HAS_BIOACTIVITY,Bioactivity,BA_002414,has_bioactivity,Associated phytochemical has respective bioactivity
Phytochemical,MBNGWHIJMBWFHU-UHFFFAOYSA-N,HAS_BIOACTIVITY,Bioactivity,BA_002415,has_bioactivity,Associated phytochemical has respective bioactivity
Phytochemical,MBNGWHIJMBWFHU-UHFFFAOYSA-N,HAS_BIOACTIVITY,Bioactivity,BA_002416,has_bioactivity,Associated phytochemical has respective bioactivity
Phytochemical,MBNGWHIJMBWFHU-UHFFFAOYSA-N,HAS_BIOACTIVITY,Bioactivity,BA_002417,has_bioactivity,Associated phytochemical has respective bioactivity
Phytochemical,MBNGWHIJMBWFHU-UHFFFAOYSA-N,HAS_BIOACTIVITY,Bioactivity,BA_001634,has_bioactivity,Associated phytochemical has respective bioactivity
Phytochemical,MBNGWHIJMBWFHU-UHFFFAOYSA-N,HAS_BIOACTIVITY,Bioactivity,BA_002418,has_bioactivity,Associated phytochemical has respective bioactivity
Phytochemical,MBNGWHIJMBWFHU-UHFFFAOYSA-N,HAS_BIOACTIVITY,Bioactivity,BA_002419,has_bioactivity,Associated phytochemical has respective bioactivity
Phytochemical,MBNGWHIJMBWFHU-UHFFFAOYSA-N,HAS_BIOACTIVITY,Bioactivity,BA_002420,has_bioactivity,Associated phytochemical has respective bioactivity
Phytochemical,MBNGWHIJMBWFHU-UHFFFAOYSA-N,HAS_BIOACTIVITY,Bioactivity,BA_002421,has_bioactivity,Associated phytochemical has respective bioactivity
Phytochemical,GZSOSUNBTXMUFQ-YFAPSIMESA-N,HAS_BIOACTIVITY,Bioactivity,BA_002234,has_bioactivity,Associated phytochemical has respective bioactivity
Phytochemical,GZSOSUNBTXMUFQ-YFAPSIMESA-N,HAS_BIOACTIVITY,Bioactivity,BA_002422,has_bioactivity,Associated phytochemical has respective bioactivity
Phytochemical,GZSOSUNBTXMUFQ-YFAPSIMESA-N,HAS_BIOACTIVITY,Bioactivity,BA_000955,has_bioactivity,Associated phytochemical has respective bioactivity
Phytochemical,GZSOSUNBTXMUFQ-YFAPSIMESA-N,HAS_BIOACTIVITY,Bioactivity,BA_002423,has_bioactivity,Associated phytochemical has respective bioactivity
Phytochemical,GZSOSUNBTXMUFQ-YFAPSIMESA-N,HAS_BIOACTIVITY,Bioactivity,BA_002424,has_bioactivity,Associated phytochemical has respective bioactivity
Phytochemical,CHLICZRVGGXEOD-UHFFFAOYSA-N,HAS_BIOACTIVITY,Bioactivity,BA_000660,has_bioactivity,Associated phytochemical has respective bioactivity
Phytochemical,CHLICZRVGGXEOD-UHFFFAOYSA-N,HAS_BIOACTIVITY,Bioactivity,BA_002425,has_bioactivity,Associated phytochemical has respective bioactivity
Phytochemical,HLZKNKRTKFSKGZ-UHFFFAOYSA-N,HAS_BIOACTIVITY,Bioactivity,BA_002299,has_bioactivity,Associated phytochemical has respective bioactivity
Phytochemical,NSDDRJXKROCWRZ-UHFFFAOYSA-N,HAS_BIOACTIVITY,Bioactivity,BA_002426,has_bioactivity,Associated phytochemical has respective bioactivity
Phytochemical,XMOCLSLCDHWDHP-IUODEOHRSA-N,HAS_BIOACTIVITY,Bioactivity,BA_002427,has_bioactivity,Associated phytochemical has respective bioactivity
Phytochemical,XMOCLSLCDHWDHP-IUODEOHRSA-N,HAS_BIOACTIVITY,Bioactivity,BA_002428,has_bioactivity,Associated phytochemical has respective bioactivity
Phytochemical,XMOCLSLCDHWDHP-IUODEOHRSA-N,HAS_BIOACTIVITY,Bioactivity,BA_002429,has_bioactivity,Associated phytochemical has respective bioactivity
Phytochemical,XMOCLSLCDHWDHP-IUODEOHRSA-N,HAS_BIOACTIVITY,Bioactivity,BA_002430,has_bioactivity,Associated phytochemical has respective bioactivity
Phytochemical,XMOCLSLCDHWDHP-IUODEOHRSA-N,HAS_BIOACTIVITY,Bioactivity,BA_002431,has_bioactivity,Associated phytochemical has respective bioactivity
Phytochemical,WMBWREPUVVBILR-WIYYLYMNSA-N,HAS_BIOACTIVITY,Bioactivity,BA_002432,has_bioactivity,Associated phytochemical has respective bioactivity
Phytochemical,WMBWREPUVVBILR-WIYYLYMNSA-N,HAS_BIOACTIVITY,Bioactivity,BA_002433,has_bioactivity,Associated phytochemical has respective bioactivity
Phytochemical,WMBWREPUVVBILR-WIYYLYMNSA-N,HAS_BIOACTIVITY,Bioactivity,BA_002434,has_bioactivity,Associated phytochemical has respective bioactivity
Phytochemical,WMBWREPUVVBILR-WIYYLYMNSA-N,HAS_BIOACTIVITY,Bioactivity,BA_002435,has_bioactivity,Associated phytochemical has respective bioactivity
Phytochemical,WMBWREPUVVBILR-WIYYLYMNSA-N,HAS_BIOACTIVITY,Bioactivity,BA_002436,has_bioactivity,Associated phytochemical has respective bioactivity
Phytochemical,WMBWREPUVVBILR-WIYYLYMNSA-N,HAS_BIOACTIVITY,Bioactivity,BA_002437,has_bioactivity,Associated phytochemical has respective bioactivity
Phytochemical,WMBWREPUVVBILR-WIYYLYMNSA-N,HAS_BIOACTIVITY,Bioactivity,BA_000204,has_bioactivity,Associated phytochemical has respective bioactivity
Phytochemical,WMBWREPUVVBILR-WIYYLYMNSA-N,HAS_BIOACTIVITY,Bioactivity,BA_000357,has_bioactivity,Associated phytochemical has respective bioactivity
Phytochemical,WMBWREPUVVBILR-WIYYLYMNSA-N,HAS_BIOACTIVITY,Bioactivity,BA_002438,has_bioactivity,Associated phytochemical has respective bioactivity
Phytochemical,WMBWREPUVVBILR-WIYYLYMNSA-N,HAS_BIOACTIVITY,Bioactivity,BA_002439,has_bioactivity,Associated phytochemical has respective bioactivity
Phytochemical,WMBWREPUVVBILR-WIYYLYMNSA-N,HAS_BIOACTIVITY,Bioactivity,BA_002440,has_bioactivity,Associated phytochemical has respective bioactivity
Phytochemical,WMBWREPUVVBILR-WIYYLYMNSA-N,HAS_BIOACTIVITY,Bioactivity,BA_002441,has_bioactivity,Associated phytochemical has respective bioactivity
Phytochemical,WMBWREPUVVBILR-WIYYLYMNSA-N,HAS_BIOACTIVITY,Bioactivity,BA_002442,has_bioactivity,Associated phytochemical has respective bioactivity
Phytochemical,WMBWREPUVVBILR-WIYYLYMNSA-N,HAS_BIOACTIVITY,Bioactivity,BA_002443,has_bioactivity,Associated phytochemical has respective bioactivity
Phytochemical,WMBWREPUVVBILR-WIYYLYMNSA-N,HAS_BIOACTIVITY,Bioactivity,BA_002444,has_bioactivity,Associated phytochemical has respective bioactivity
Phytochemical,WMBWREPUVVBILR-WIYYLYMNSA-N,HAS_BIOACTIVITY,Bioactivity,BA_002445,has_bioactivity,Associated phytochemical has respective bioactivity
Phytochemical,WMBWREPUVVBILR-WIYYLYMNSA-N,HAS_BIOACTIVITY,Bioactivity,BA_002446,has_bioactivity,Associated phytochemical has respective bioactivity
Phytochemical,WMBWREPUVVBILR-WIYYLYMNSA-N,HAS_BIOACTIVITY,Bioactivity,BA_002447,has_bioactivity,Associated phytochemical has respective bioactivity
Phytochemical,WMBWREPUVVBILR-WIYYLYMNSA-N,HAS_BIOACTIVITY,Bioactivity,BA_002448,has_bioactivity,Associated phytochemical has respective bioactivity
Phytochemical,WMBWREPUVVBILR-WIYYLYMNSA-N,HAS_BIOACTIVITY,Bioactivity,BA_002449,has_bioactivity,Associated phytochemical has respective bioactivity
Phytochemical,WMBWREPUVVBILR-WIYYLYMNSA-N,HAS_BIOACTIVITY,Bioactivity,BA_002450,has_bioactivity,Associated phytochemical has respective bioactivity
Phytochemical,WMBWREPUVVBILR-WIYYLYMNSA-N,HAS_BIOACTIVITY,Bioactivity,BA_002451,has_bioactivity,Associated phytochemical has respective bioactivity
Phytochemical,WMBWREPUVVBILR-WIYYLYMNSA-N,HAS_BIOACTIVITY,Bioactivity,BA_002452,has_bioactivity,Associated phytochemical has respective bioactivity
Phytochemical,WMBWREPUVVBILR-WIYYLYMNSA-N,HAS_BIOACTIVITY,Bioactivity,BA_002453,has_bioactivity,Associated phytochemical has respective bioactivity
Phytochemical,WMBWREPUVVBILR-WIYYLYMNSA-N,HAS_BIOACTIVITY,Bioactivity,BA_000583,has_bioactivity,Associated phytochemical has respective bioactivity
Phytochemical,WMBWREPUVVBILR-WIYYLYMNSA-N,HAS_BIOACTIVITY,Bioactivity,BA_002454,has_bioactivity,Associated phytochemical has respective bioactivity
Phytochemical,WMBWREPUVVBILR-WIYYLYMNSA-N,HAS_BIOACTIVITY,Bioactivity,BA_002455,has_bioactivity,Associated phytochemical has respective bioactivity
Phytochemical,WMBWREPUVVBILR-WIYYLYMNSA-N,HAS_BIOACTIVITY,Bioactivity,BA_002456,has_bioactivity,Associated phytochemical has respective bioactivity
Phytochemical,WMBWREPUVVBILR-WIYYLYMNSA-N,HAS_BIOACTIVITY,Bioactivity,BA_002457,has_bioactivity,Associated phytochemical has respective bioactivity
Phytochemical,WMBWREPUVVBILR-WIYYLYMNSA-N,HAS_BIOACTIVITY,Bioactivity,BA_002458,has_bioactivity,Associated phytochemical has respective bioactivity
Phytochemical,WMBWREPUVVBILR-WIYYLYMNSA-N,HAS_BIOACTIVITY,Bioactivity,BA_002459,has_bioactivity,Associated phytochemical has respective bioactivity
Phytochemical,WMBWREPUVVBILR-WIYYLYMNSA-N,HAS_BIOACTIVITY,Bioactivity,BA_002460,has_bioactivity,Associated phytochemical has respective bioactivity
Phytochemical,WMBWREPUVVBILR-WIYYLYMNSA-N,HAS_BIOACTIVITY,Bioactivity,BA_002461,has_bioactivity,Associated phytochemical has respective bioactivity
Phytochemical,WMBWREPUVVBILR-WIYYLYMNSA-N,HAS_BIOACTIVITY,Bioactivity,BA_002462,has_bioactivity,Associated phytochemical has respective bioactivity
Phytochemical,WMBWREPUVVBILR-WIYYLYMNSA-N,HAS_BIOACTIVITY,Bioactivity,BA_002463,has_bioactivity,Associated phytochemical has respective bioactivity
Phytochemical,WMBWREPUVVBILR-WIYYLYMNSA-N,HAS_BIOACTIVITY,Bioactivity,BA_002464,has_bioactivity,Associated phytochemical has respective bioactivity
Phytochemical,WMBWREPUVVBILR-WIYYLYMNSA-N,HAS_BIOACTIVITY,Bioactivity,BA_002465,has_bioactivity,Associated phytochemical has respective bioactivity
Phytochemical,WMBWREPUVVBILR-WIYYLYMNSA-N,HAS_BIOACTIVITY,Bioactivity,BA_002466,has_bioactivity,Associated phytochemical has respective bioactivity
Phytochemical,WMBWREPUVVBILR-WIYYLYMNSA-N,HAS_BIOACTIVITY,Bioactivity,BA_002467,has_bioactivity,Associated phytochemical has respective bioactivity
Phytochemical,WMBWREPUVVBILR-WIYYLYMNSA-N,HAS_BIOACTIVITY,Bioactivity,BA_002428,has_bioactivity,Associated phytochemical has respective bioactivity
Phytochemical,WMBWREPUVVBILR-WIYYLYMNSA-N,HAS_BIOACTIVITY,Bioactivity,BA_002468,has_bioactivity,Associated phytochemical has respective bioactivity
Phytochemical,WMBWREPUVVBILR-WIYYLYMNSA-N,HAS_BIOACTIVITY,Bioactivity,BA_002469,has_bioactivity,Associated phytochemical has respective bioactivity
Phytochemical,WMBWREPUVVBILR-WIYYLYMNSA-N,HAS_BIOACTIVITY,Bioactivity,BA_002470,has_bioactivity,Associated phytochemical has respective bioactivity
Phytochemical,WMBWREPUVVBILR-WIYYLYMNSA-N,HAS_BIOACTIVITY,Bioactivity,BA_002471,has_bioactivity,Associated phytochemical has respective bioactivity
Phytochemical,WMBWREPUVVBILR-WIYYLYMNSA-N,HAS_BIOACTIVITY,Bioactivity,BA_002472,has_bioactivity,Associated phytochemical has respective bioactivity
Phytochemical,WMBWREPUVVBILR-WIYYLYMNSA-N,HAS_BIOACTIVITY,Bioactivity,BA_002473,has_bioactivity,Associated phytochemical has respective bioactivity
Phytochemical,WMBWREPUVVBILR-WIYYLYMNSA-N,HAS_BIOACTIVITY,Bioactivity,BA_002474,has_bioactivity,Associated phytochemical has respective bioactivity
Phytochemical,WMBWREPUVVBILR-WIYYLYMNSA-N,HAS_BIOACTIVITY,Bioactivity,BA_002475,has_bioactivity,Associated phytochemical has respective bioactivity
Phytochemical,WMBWREPUVVBILR-WIYYLYMNSA-N,HAS_BIOACTIVITY,Bioactivity,BA_002476,has_bioactivity,Associated phytochemical has respective bioactivity
Phytochemical,WMBWREPUVVBILR-WIYYLYMNSA-N,HAS_BIOACTIVITY,Bioactivity,BA_002477,has_bioactivity,Associated phytochemical has respective bioactivity
Phytochemical,WMBWREPUVVBILR-WIYYLYMNSA-N,HAS_BIOACTIVITY,Bioactivity,BA_002478,has_bioactivity,Associated phytochemical has respective bioactivity
Phytochemical,WMBWREPUVVBILR-WIYYLYMNSA-N,HAS_BIOACTIVITY,Bioactivity,BA_002479,has_bioactivity,Associated phytochemical has respective bioactivity
Phytochemical,WMBWREPUVVBILR-WIYYLYMNSA-N,HAS_BIOACTIVITY,Bioactivity,BA_002480,has_bioactivity,Associated phytochemical has respective bioactivity
Phytochemical,WMBWREPUVVBILR-WIYYLYMNSA-N,HAS_BIOACTIVITY,Bioactivity,BA_002481,has_bioactivity,Associated phytochemical has respective bioactivity
Phytochemical,WMBWREPUVVBILR-WIYYLYMNSA-N,HAS_BIOACTIVITY,Bioactivity,BA_002482,has_bioactivity,Associated phytochemical has respective bioactivity
Phytochemical,WMBWREPUVVBILR-WIYYLYMNSA-N,HAS_BIOACTIVITY,Bioactivity,BA_002483,has_bioactivity,Associated phytochemical has respective bioactivity
Phytochemical,WMBWREPUVVBILR-WIYYLYMNSA-N,HAS_BIOACTIVITY,Bioactivity,BA_002484,has_bioactivity,Associated phytochemical has respective bioactivity
Phytochemical,WMBWREPUVVBILR-WIYYLYMNSA-N,HAS_BIOACTIVITY,Bioactivity,BA_002485,has_bioactivity,Associated phytochemical has respective bioactivity
Phytochemical,WMBWREPUVVBILR-WIYYLYMNSA-N,HAS_BIOACTIVITY,Bioactivity,BA_002486,has_bioactivity,Associated phytochemical has respective bioactivity
Phytochemical,WMBWREPUVVBILR-WIYYLYMNSA-N,HAS_BIOACTIVITY,Bioactivity,BA_002487,has_bioactivity,Associated phytochemical has respective bioactivity
Phytochemical,WMBWREPUVVBILR-WIYYLYMNSA-N,HAS_BIOACTIVITY,Bioactivity,BA_002488,has_bioactivity,Associated phytochemical has respective bioactivity
Phytochemical,WMBWREPUVVBILR-WIYYLYMNSA-N,HAS_BIOACTIVITY,Bioactivity,BA_002489,has_bioactivity,Associated phytochemical has respective bioactivity
Phytochemical,WMBWREPUVVBILR-WIYYLYMNSA-N,HAS_BIOACTIVITY,Bioactivity,BA_002490,has_bioactivity,Associated phytochemical has respective bioactivity
Phytochemical,WMBWREPUVVBILR-WIYYLYMNSA-N,HAS_BIOACTIVITY,Bioactivity,BA_002491,has_bioactivity,Associated phytochemical has respective bioactivity
Phytochemical,WMBWREPUVVBILR-WIYYLYMNSA-N,HAS_BIOACTIVITY,Bioactivity,BA_002492,has_bioactivity,Associated phytochemical has respective bioactivity
Phytochemical,WMBWREPUVVBILR-WIYYLYMNSA-N,HAS_BIOACTIVITY,Bioactivity,BA_002493,has_bioactivity,Associated phytochemical has respective bioactivity
Phytochemical,WMBWREPUVVBILR-WIYYLYMNSA-N,HAS_BIOACTIVITY,Bioactivity,BA_002494,has_bioactivity,Associated phytochemical has respective bioactivity
Phytochemical,YRRAGUMVDQQZIY-UHFFFAOYSA-N,HAS_BIOACTIVITY,Bioactivity,BA_002495,has_bioactivity,Associated phytochemical has respective bioactivity
Phytochemical,YRRAGUMVDQQZIY-UHFFFAOYSA-N,HAS_BIOACTIVITY,Bioactivity,BA_002496,has_bioactivity,Associated phytochemical has respective bioactivity
Phytochemical,YRRAGUMVDQQZIY-UHFFFAOYSA-N,HAS_BIOACTIVITY,Bioactivity,BA_000046,has_bioactivity,Associated phytochemical has respective bioactivity
Phytochemical,YRRAGUMVDQQZIY-UHFFFAOYSA-N,HAS_BIOACTIVITY,Bioactivity,BA_000764,has_bioactivity,Associated phytochemical has respective bioactivity
Phytochemical,YRRAGUMVDQQZIY-UHFFFAOYSA-N,HAS_BIOACTIVITY,Bioactivity,BA_002497,has_bioactivity,Associated phytochemical has respective bioactivity
Phytochemical,YRRAGUMVDQQZIY-UHFFFAOYSA-N,HAS_BIOACTIVITY,Bioactivity,BA_000223,has_bioactivity,Associated phytochemical has respective bioactivity
Phytochemical,YRRAGUMVDQQZIY-UHFFFAOYSA-N,HAS_BIOACTIVITY,Bioactivity,BA_000269,has_bioactivity,Associated phytochemical has respective bioactivity
Phytochemical,YRRAGUMVDQQZIY-UHFFFAOYSA-N,HAS_BIOACTIVITY,Bioactivity,BA_001352,has_bioactivity,Associated phytochemical has respective bioactivity
Phytochemical,YRRAGUMVDQQZIY-UHFFFAOYSA-N,HAS_BIOACTIVITY,Bioactivity,BA_000289,has_bioactivity,Associated phytochemical has respective bioactivity
Phytochemical,YRRAGUMVDQQZIY-UHFFFAOYSA-N,HAS_BIOACTIVITY,Bioactivity,BA_000290,has_bioactivity,Associated phytochemical has respective bioactivity
Phytochemical,YRRAGUMVDQQZIY-UHFFFAOYSA-N,HAS_BIOACTIVITY,Bioactivity,BA_002498,has_bioactivity,Associated phytochemical has respective bioactivity
Phytochemical,YRRAGUMVDQQZIY-UHFFFAOYSA-N,HAS_BIOACTIVITY,Bioactivity,BA_002499,has_bioactivity,Associated phytochemical has respective bioactivity
Phytochemical,YRRAGUMVDQQZIY-UHFFFAOYSA-N,HAS_BIOACTIVITY,Bioactivity,BA_002500,has_bioactivity,Associated phytochemical has respective bioactivity
Phytochemical,AIONOLUJZLIMTK-AWEZNQCLSA-N,HAS_BIOACTIVITY,Bioactivity,BA_002501,has_bioactivity,Associated phytochemical has respective bioactivity
Phytochemical,AIONOLUJZLIMTK-AWEZNQCLSA-N,HAS_BIOACTIVITY,Bioactivity,BA_002502,has_bioactivity,Associated phytochemical has respective bioactivity
Phytochemical,AIONOLUJZLIMTK-AWEZNQCLSA-N,HAS_BIOACTIVITY,Bioactivity,BA_002503,has_bioactivity,Associated phytochemical has respective bioactivity
Phytochemical,AIONOLUJZLIMTK-AWEZNQCLSA-N,HAS_BIOACTIVITY,Bioactivity,BA_002260,has_bioactivity,Associated phytochemical has respective bioactivity
Phytochemical,AIONOLUJZLIMTK-AWEZNQCLSA-N,HAS_BIOACTIVITY,Bioactivity,BA_002265,has_bioactivity,Associated phytochemical has respective bioactivity
Phytochemical,AIONOLUJZLIMTK-AWEZNQCLSA-N,HAS_BIOACTIVITY,Bioactivity,BA_000044,has_bioactivity,Associated phytochemical has respective bioactivity
Phytochemical,AIONOLUJZLIMTK-AWEZNQCLSA-N,HAS_BIOACTIVITY,Bioactivity,BA_002504,has_bioactivity,Associated phytochemical has respective bioactivity
Phytochemical,AIONOLUJZLIMTK-AWEZNQCLSA-N,HAS_BIOACTIVITY,Bioactivity,BA_002505,has_bioactivity,Associated phytochemical has respective bioactivity
Phytochemical,AIONOLUJZLIMTK-AWEZNQCLSA-N,HAS_BIOACTIVITY,Bioactivity,BA_002506,has_bioactivity,Associated phytochemical has respective bioactivity
Phytochemical,AIONOLUJZLIMTK-AWEZNQCLSA-N,HAS_BIOACTIVITY,Bioactivity,BA_001165,has_bioactivity,Associated phytochemical has respective bioactivity
Phytochemical,AIONOLUJZLIMTK-AWEZNQCLSA-N,HAS_BIOACTIVITY,Bioactivity,BA_000161,has_bioactivity,Associated phytochemical has respective bioactivity
Phytochemical,AIONOLUJZLIMTK-AWEZNQCLSA-N,HAS_BIOACTIVITY,Bioactivity,BA_000234,has_bioactivity,Associated phytochemical has respective bioactivity
Phytochemical,AIONOLUJZLIMTK-AWEZNQCLSA-N,HAS_BIOACTIVITY,Bioactivity,BA_002507,has_bioactivity,Associated phytochemical has respective bioactivity
Phytochemical,AIONOLUJZLIMTK-AWEZNQCLSA-N,HAS_BIOACTIVITY,Bioactivity,BA_002508,has_bioactivity,Associated phytochemical has respective bioactivity
Phytochemical,AIONOLUJZLIMTK-AWEZNQCLSA-N,HAS_BIOACTIVITY,Bioactivity,BA_002509,has_bioactivity,Associated phytochemical has respective bioactivity
Phytochemical,AIONOLUJZLIMTK-AWEZNQCLSA-N,HAS_BIOACTIVITY,Bioactivity,BA_002510,has_bioactivity,Associated phytochemical has respective bioactivity
Phytochemical,AIONOLUJZLIMTK-AWEZNQCLSA-N,HAS_BIOACTIVITY,Bioactivity,BA_002511,has_bioactivity,Associated phytochemical has respective bioactivity
Phytochemical,AIONOLUJZLIMTK-AWEZNQCLSA-N,HAS_BIOACTIVITY,Bioactivity,BA_002512,has_bioactivity,Associated phytochemical has respective bioactivity
Phytochemical,AIONOLUJZLIMTK-AWEZNQCLSA-N,HAS_BIOACTIVITY,Bioactivity,BA_002513,has_bioactivity,Associated phytochemical has respective bioactivity
Phytochemical,ZVOLCUVKHLEPEV-UHFFFAOYSA-N,HAS_BIOACTIVITY,Bioactivity,BA_002514,has_bioactivity,Associated phytochemical has respective bioactivity
Phytochemical,QSJXEFYPDANLFS-UHFFFAOYSA-N,HAS_BIOACTIVITY,Bioactivity,BA_000039,has_bioactivity,Associated phytochemical has respective bioactivity
Phytochemical,QSJXEFYPDANLFS-UHFFFAOYSA-N,HAS_BIOACTIVITY,Bioactivity,BA_000229,has_bioactivity,Associated phytochemical has respective bioactivity
Phytochemical,QSJXEFYPDANLFS-UHFFFAOYSA-N,HAS_BIOACTIVITY,Bioactivity,BA_000389,has_bioactivity,Associated phytochemical has respective bioactivity
Phytochemical,QSJXEFYPDANLFS-UHFFFAOYSA-N,HAS_BIOACTIVITY,Bioactivity,BA_002515,has_bioactivity,Associated phytochemical has respective bioactivity
Phytochemical,KUFFULVDNCHOFZ-UHFFFAOYSA-N,HAS_BIOACTIVITY,Bioactivity,BA_002516,has_bioactivity,Associated phytochemical has respective bioactivity
Phytochemical,KUFFULVDNCHOFZ-UHFFFAOYSA-N,HAS_BIOACTIVITY,Bioactivity,BA_002517,has_bioactivity,Associated phytochemical has respective bioactivity
Phytochemical,KUFFULVDNCHOFZ-UHFFFAOYSA-N,HAS_BIOACTIVITY,Bioactivity,BA_000802,has_bioactivity,Associated phytochemical has respective bioactivity
Phytochemical,KUFFULVDNCHOFZ-UHFFFAOYSA-N,HAS_BIOACTIVITY,Bioactivity,BA_002518,has_bioactivity,Associated phytochemical has respective bioactivity
Phytochemical,YIWUKEYIRIRTPP-UHFFFAOYSA-N,HAS_BIOACTIVITY,Bioactivity,BA_000553,has_bioactivity,Associated phytochemical has respective bioactivity
Phytochemical,QWVGKYWNOKOFNN-UHFFFAOYSA-N,HAS_BIOACTIVITY,Bioactivity,BA_002299,has_bioactivity,Associated phytochemical has respective bioactivity
Phytochemical,QWVGKYWNOKOFNN-UHFFFAOYSA-N,HAS_BIOACTIVITY,Bioactivity,BA_002519,has_bioactivity,Associated phytochemical has respective bioactivity
Phytochemical,GAEQWKVGMHUUKO-UHFFFAOYSA-N,HAS_BIOACTIVITY,Bioactivity,BA_002232,has_bioactivity,Associated phytochemical has respective bioactivity
Phytochemical,GAEQWKVGMHUUKO-UHFFFAOYSA-N,HAS_BIOACTIVITY,Bioactivity,BA_001567,has_bioactivity,Associated phytochemical has respective bioactivity
Phytochemical,GAEQWKVGMHUUKO-UHFFFAOYSA-N,HAS_BIOACTIVITY,Bioactivity,BA_002520,has_bioactivity,Associated phytochemical has respective bioactivity
Phytochemical,GAEQWKVGMHUUKO-UHFFFAOYSA-N,HAS_BIOACTIVITY,Bioactivity,BA_000607,has_bioactivity,Associated phytochemical has respective bioactivity
Phytochemical,HTNVFUBCWIYPJN-UHFFFAOYSA-N,HAS_BIOACTIVITY,Bioactivity,BA_000043,has_bioactivity,Associated phytochemical has respective bioactivity
Phytochemical,HTNVFUBCWIYPJN-UHFFFAOYSA-N,HAS_BIOACTIVITY,Bioactivity,BA_000949,has_bioactivity,Associated phytochemical has respective bioactivity
Phytochemical,HTNVFUBCWIYPJN-UHFFFAOYSA-N,HAS_BIOACTIVITY,Bioactivity,BA_000615,has_bioactivity,Associated phytochemical has respective bioactivity
Phytochemical,MBRLOUHOWLUMFF-UHFFFAOYSA-N,HAS_BIOACTIVITY,Bioactivity,BA_002521,has_bioactivity,Associated phytochemical has respective bioactivity
Phytochemical,MBRLOUHOWLUMFF-UHFFFAOYSA-N,HAS_BIOACTIVITY,Bioactivity,BA_002522,has_bioactivity,Associated phytochemical has respective bioactivity
Phytochemical,WWXYBSVWYPHUPZ-UHFFFAOYSA-N,HAS_BIOACTIVITY,Bioactivity,BA_002523,has_bioactivity,Associated phytochemical has respective bioactivity
Phytochemical,XFRVVPUIAFSTFO-UHFFFAOYSA-N,HAS_BIOACTIVITY,Bioactivity,BA_002524,has_bioactivity,Associated phytochemical has respective bioactivity
Phytochemical,SGTCGCCQZOUMJJ-YMILTQATSA-N,HAS_BIOACTIVITY,Bioactivity,BA_002525,has_bioactivity,Associated phytochemical has respective bioactivity
Phytochemical,SGTCGCCQZOUMJJ-YMILTQATSA-N,HAS_BIOACTIVITY,Bioactivity,BA_002526,has_bioactivity,Associated phytochemical has respective bioactivity
Phytochemical,SGTCGCCQZOUMJJ-YMILTQATSA-N,HAS_BIOACTIVITY,Bioactivity,BA_002527,has_bioactivity,Associated phytochemical has respective bioactivity
Phytochemical,SGTCGCCQZOUMJJ-YMILTQATSA-N,HAS_BIOACTIVITY,Bioactivity,BA_002528,has_bioactivity,Associated phytochemical has respective bioactivity
Phytochemical,SGTCGCCQZOUMJJ-YMILTQATSA-N,HAS_BIOACTIVITY,Bioactivity,BA_002529,has_bioactivity,Associated phytochemical has respective bioactivity
Phytochemical,SZHOJFHSIKHZHA-UHFFFAOYSA-N,HAS_BIOACTIVITY,Bioactivity,BA_002530,has_bioactivity,Associated phytochemical has respective bioactivity
Phytochemical,SZHOJFHSIKHZHA-UHFFFAOYSA-N,HAS_BIOACTIVITY,Bioactivity,BA_002531,has_bioactivity,Associated phytochemical has respective bioactivity
Phytochemical,SZHOJFHSIKHZHA-UHFFFAOYSA-N,HAS_BIOACTIVITY,Bioactivity,BA_002532,has_bioactivity,Associated phytochemical has respective bioactivity
Phytochemical,XYYYPIAQQFQTAN-UHFFFAOYSA-N,HAS_BIOACTIVITY,Bioactivity,BA_002533,has_bioactivity,Associated phytochemical has respective bioactivity
Phytochemical,XYYYPIAQQFQTAN-UHFFFAOYSA-N,HAS_BIOACTIVITY,Bioactivity,BA_000956,has_bioactivity,Associated phytochemical has respective bioactivity
Phytochemical,QTAGQHZOLRFCBU-UHFFFAOYSA-N,HAS_BIOACTIVITY,Bioactivity,BA_002534,has_bioactivity,Associated phytochemical has respective bioactivity
Phytochemical,QTAGQHZOLRFCBU-UHFFFAOYSA-N,HAS_BIOACTIVITY,Bioactivity,BA_001339,has_bioactivity,Associated phytochemical has respective bioactivity
Phytochemical,FOINLJRVEBYARJ-LLVKDONJSA-N,HAS_BIOACTIVITY,Bioactivity,BA_000541,has_bioactivity,Associated phytochemical has respective bioactivity
Phytochemical,FOINLJRVEBYARJ-LLVKDONJSA-N,HAS_BIOACTIVITY,Bioactivity,BA_002535,has_bioactivity,Associated phytochemical has respective bioactivity
Phytochemical,IGWDEVSBEKYORK-UHFFFAOYSA-N,HAS_BIOACTIVITY,Bioactivity,BA_002536,has_bioactivity,Associated phytochemical has respective bioactivity
Phytochemical,IGWDEVSBEKYORK-UHFFFAOYSA-N,HAS_BIOACTIVITY,Bioactivity,BA_002537,has_bioactivity,Associated phytochemical has respective bioactivity
Phytochemical,SVPDNNKLQWHTPC-UHFFFAOYSA-N,HAS_BIOACTIVITY,Bioactivity,BA_002538,has_bioactivity,Associated phytochemical has respective bioactivity
Phytochemical,SVPDNNKLQWHTPC-UHFFFAOYSA-N,HAS_BIOACTIVITY,Bioactivity,BA_000802,has_bioactivity,Associated phytochemical has respective bioactivity
Phytochemical,AIFRHYZBTHREPW-UHFFFAOYSA-N,HAS_BIOACTIVITY,Bioactivity,BA_002539,has_bioactivity,Associated phytochemical has respective bioactivity
Phytochemical,AIFRHYZBTHREPW-UHFFFAOYSA-N,HAS_BIOACTIVITY,Bioactivity,BA_002540,has_bioactivity,Associated phytochemical has respective bioactivity
Phytochemical,AIFRHYZBTHREPW-UHFFFAOYSA-N,HAS_BIOACTIVITY,Bioactivity,BA_002541,has_bioactivity,Associated phytochemical has respective bioactivity
Phytochemical,AIFRHYZBTHREPW-UHFFFAOYSA-N,HAS_BIOACTIVITY,Bioactivity,BA_002542,has_bioactivity,Associated phytochemical has respective bioactivity
Phytochemical,AIFRHYZBTHREPW-UHFFFAOYSA-N,HAS_BIOACTIVITY,Bioactivity,BA_002543,has_bioactivity,Associated phytochemical has respective bioactivity
Phytochemical,AIFRHYZBTHREPW-UHFFFAOYSA-N,HAS_BIOACTIVITY,Bioactivity,BA_002544,has_bioactivity,Associated phytochemical has respective bioactivity
Phytochemical,AIFRHYZBTHREPW-UHFFFAOYSA-N,HAS_BIOACTIVITY,Bioactivity,BA_002545,has_bioactivity,Associated phytochemical has respective bioactivity
Phytochemical,AIFRHYZBTHREPW-UHFFFAOYSA-N,HAS_BIOACTIVITY,Bioactivity,BA_002546,has_bioactivity,Associated phytochemical has respective bioactivity
Phytochemical,AIFRHYZBTHREPW-UHFFFAOYSA-N,HAS_BIOACTIVITY,Bioactivity,BA_002547,has_bioactivity,Associated phytochemical has respective bioactivity
Phytochemical,AIFRHYZBTHREPW-UHFFFAOYSA-N,HAS_BIOACTIVITY,Bioactivity,BA_002548,has_bioactivity,Associated phytochemical has respective bioactivity
Phytochemical,AIFRHYZBTHREPW-UHFFFAOYSA-N,HAS_BIOACTIVITY,Bioactivity,BA_002549,has_bioactivity,Associated phytochemical has respective bioactivity
Phytochemical,AIFRHYZBTHREPW-UHFFFAOYSA-N,HAS_BIOACTIVITY,Bioactivity,BA_002550,has_bioactivity,Associated phytochemical has respective bioactivity
Phytochemical,VTTONGPRPXSUTJ-UHFFFAOYSA-N,HAS_BIOACTIVITY,Bioactivity,BA_002551,has_bioactivity,Associated phytochemical has respective bioactivity
Phytochemical,VTTONGPRPXSUTJ-UHFFFAOYSA-N,HAS_BIOACTIVITY,Bioactivity,BA_002552,has_bioactivity,Associated phytochemical has respective bioactivity
Phytochemical,VTTONGPRPXSUTJ-UHFFFAOYSA-N,HAS_BIOACTIVITY,Bioactivity,BA_002553,has_bioactivity,Associated phytochemical has respective bioactivity
Phytochemical,VTTONGPRPXSUTJ-UHFFFAOYSA-N,HAS_BIOACTIVITY,Bioactivity,BA_002554,has_bioactivity,Associated phytochemical has respective bioactivity
Phytochemical,WTDRDQBEARUVNC-LURJTMIESA-N,HAS_BIOACTIVITY,Bioactivity,BA_002555,has_bioactivity,Associated phytochemical has respective bioactivity
Phytochemical,WTDRDQBEARUVNC-LURJTMIESA-N,HAS_BIOACTIVITY,Bioactivity,BA_000362,has_bioactivity,Associated phytochemical has respective bioactivity
Phytochemical,WTDRDQBEARUVNC-LURJTMIESA-N,HAS_BIOACTIVITY,Bioactivity,BA_001109,has_bioactivity,Associated phytochemical has respective bioactivity
Phytochemical,WTDRDQBEARUVNC-LURJTMIESA-N,HAS_BIOACTIVITY,Bioactivity,BA_002556,has_bioactivity,Associated phytochemical has respective bioactivity
Phytochemical,WTDRDQBEARUVNC-LURJTMIESA-N,HAS_BIOACTIVITY,Bioactivity,BA_002557,has_bioactivity,Associated phytochemical has respective bioactivity
Phytochemical,WTDRDQBEARUVNC-LURJTMIESA-N,HAS_BIOACTIVITY,Bioactivity,BA_002558,has_bioactivity,Associated phytochemical has respective bioactivity
Phytochemical,WTDRDQBEARUVNC-LURJTMIESA-N,HAS_BIOACTIVITY,Bioactivity,BA_002559,has_bioactivity,Associated phytochemical has respective bioactivity
Phytochemical,WTDRDQBEARUVNC-LURJTMIESA-N,HAS_BIOACTIVITY,Bioactivity,BA_002560,has_bioactivity,Associated phytochemical has respective bioactivity
Phytochemical,WTDRDQBEARUVNC-LURJTMIESA-N,HAS_BIOACTIVITY,Bioactivity,BA_002561,has_bioactivity,Associated phytochemical has respective bioactivity
Phytochemical,WTDRDQBEARUVNC-LURJTMIESA-N,HAS_BIOACTIVITY,Bioactivity,BA_000533,has_bioactivity,Associated phytochemical has respective bioactivity
Phytochemical,WTDRDQBEARUVNC-LURJTMIESA-N,HAS_BIOACTIVITY,Bioactivity,BA_002562,has_bioactivity,Associated phytochemical has respective bioactivity
Phytochemical,WTDRDQBEARUVNC-LURJTMIESA-N,HAS_BIOACTIVITY,Bioactivity,BA_002563,has_bioactivity,Associated phytochemical has respective bioactivity
Phytochemical,WTDRDQBEARUVNC-LURJTMIESA-N,HAS_BIOACTIVITY,Bioactivity,BA_002564,has_bioactivity,Associated phytochemical has respective bioactivity
Phytochemical,WTDRDQBEARUVNC-LURJTMIESA-N,HAS_BIOACTIVITY,Bioactivity,BA_001692,has_bioactivity,Associated phytochemical has respective bioactivity
Phytochemical,WTDRDQBEARUVNC-LURJTMIESA-N,HAS_BIOACTIVITY,Bioactivity,BA_000506,has_bioactivity,Associated phytochemical has respective bioactivity
Phytochemical,WTDRDQBEARUVNC-LURJTMIESA-N,HAS_BIOACTIVITY,Bioactivity,BA_002565,has_bioactivity,Associated phytochemical has respective bioactivity
Phytochemical,WTDRDQBEARUVNC-LURJTMIESA-N,HAS_BIOACTIVITY,Bioactivity,BA_002566,has_bioactivity,Associated phytochemical has respective bioactivity
Phytochemical,WTDRDQBEARUVNC-LURJTMIESA-N,HAS_BIOACTIVITY,Bioactivity,BA_002567,has_bioactivity,Associated phytochemical has respective bioactivity
Phytochemical,WTDRDQBEARUVNC-LURJTMIESA-N,HAS_BIOACTIVITY,Bioactivity,BA_002568,has_bioactivity,Associated phytochemical has respective bioactivity
Phytochemical,WTDRDQBEARUVNC-LURJTMIESA-N,HAS_BIOACTIVITY,Bioactivity,BA_002569,has_bioactivity,Associated phytochemical has respective bioactivity
Phytochemical,WTDRDQBEARUVNC-LURJTMIESA-N,HAS_BIOACTIVITY,Bioactivity,BA_000578,has_bioactivity,Associated phytochemical has respective bioactivity
Phytochemical,ZSTKHSQDNIGFLM-UHFFFAOYSA-N,HAS_BIOACTIVITY,Bioactivity,BA_002570,has_bioactivity,Associated phytochemical has respective bioactivity
Phytochemical,ZSTKHSQDNIGFLM-UHFFFAOYSA-N,HAS_BIOACTIVITY,Bioactivity,BA_002571,has_bioactivity,Associated phytochemical has respective bioactivity
Phytochemical,ZSTKHSQDNIGFLM-UHFFFAOYSA-N,HAS_BIOACTIVITY,Bioactivity,BA_002572,has_bioactivity,Associated phytochemical has respective bioactivity
Phytochemical,ZSTKHSQDNIGFLM-UHFFFAOYSA-N,HAS_BIOACTIVITY,Bioactivity,BA_002573,has_bioactivity,Associated phytochemical has respective bioactivity
Phytochemical,ZSTKHSQDNIGFLM-UHFFFAOYSA-N,HAS_BIOACTIVITY,Bioactivity,BA_002574,has_bioactivity,Associated phytochemical has respective bioactivity
Phytochemical,ZSTKHSQDNIGFLM-UHFFFAOYSA-N,HAS_BIOACTIVITY,Bioactivity,BA_002575,has_bioactivity,Associated phytochemical has respective bioactivity
Phytochemical,ZSTKHSQDNIGFLM-UHFFFAOYSA-N,HAS_BIOACTIVITY,Bioactivity,BA_002576,has_bioactivity,Associated phytochemical has respective bioactivity
Phytochemical,ZSTKHSQDNIGFLM-UHFFFAOYSA-N,HAS_BIOACTIVITY,Bioactivity,BA_002577,has_bioactivity,Associated phytochemical has respective bioactivity
Phytochemical,ZSTKHSQDNIGFLM-UHFFFAOYSA-N,HAS_BIOACTIVITY,Bioactivity,BA_002578,has_bioactivity,Associated phytochemical has respective bioactivity
Phytochemical,ZSTKHSQDNIGFLM-UHFFFAOYSA-N,HAS_BIOACTIVITY,Bioactivity,BA_002579,has_bioactivity,Associated phytochemical has respective bioactivity
Phytochemical,ZSTKHSQDNIGFLM-UHFFFAOYSA-N,HAS_BIOACTIVITY,Bioactivity,BA_002580,has_bioactivity,Associated phytochemical has respective bioactivity
Phytochemical,ZSTKHSQDNIGFLM-UHFFFAOYSA-N,HAS_BIOACTIVITY,Bioactivity,BA_002581,has_bioactivity,Associated phytochemical has respective bioactivity
Phytochemical,ZSTKHSQDNIGFLM-UHFFFAOYSA-N,HAS_BIOACTIVITY,Bioactivity,BA_002582,has_bioactivity,Associated phytochemical has respective bioactivity
Phytochemical,ZSTKHSQDNIGFLM-UHFFFAOYSA-N,HAS_BIOACTIVITY,Bioactivity,BA_002583,has_bioactivity,Associated phytochemical has respective bioactivity
Phytochemical,ZSTKHSQDNIGFLM-UHFFFAOYSA-N,HAS_BIOACTIVITY,Bioactivity,BA_002584,has_bioactivity,Associated phytochemical has respective bioactivity
Phytochemical,ZSTKHSQDNIGFLM-UHFFFAOYSA-N,HAS_BIOACTIVITY,Bioactivity,BA_002061,has_bioactivity,Associated phytochemical has respective bioactivity
Phytochemical,ZSTKHSQDNIGFLM-UHFFFAOYSA-N,HAS_BIOACTIVITY,Bioactivity,BA_002585,has_bioactivity,Associated phytochemical has respective bioactivity
Phytochemical,ZSTKHSQDNIGFLM-UHFFFAOYSA-N,HAS_BIOACTIVITY,Bioactivity,BA_002586,has_bioactivity,Associated phytochemical has respective bioactivity
Phytochemical,ZSTKHSQDNIGFLM-UHFFFAOYSA-N,HAS_BIOACTIVITY,Bioactivity,BA_002587,has_bioactivity,Associated phytochemical has respective bioactivity
Phytochemical,ZSTKHSQDNIGFLM-UHFFFAOYSA-N,HAS_BIOACTIVITY,Bioactivity,BA_002588,has_bioactivity,Associated phytochemical has respective bioactivity
Phytochemical,ZSTKHSQDNIGFLM-UHFFFAOYSA-N,HAS_BIOACTIVITY,Bioactivity,BA_002589,has_bioactivity,Associated phytochemical has respective bioactivity
Phytochemical,ZSTKHSQDNIGFLM-UHFFFAOYSA-N,HAS_BIOACTIVITY,Bioactivity,BA_002590,has_bioactivity,Associated phytochemical has respective bioactivity
Phytochemical,ZSTKHSQDNIGFLM-UHFFFAOYSA-N,HAS_BIOACTIVITY,Bioactivity,BA_002591,has_bioactivity,Associated phytochemical has respective bioactivity
Phytochemical,ZSTKHSQDNIGFLM-UHFFFAOYSA-N,HAS_BIOACTIVITY,Bioactivity,BA_002592,has_bioactivity,Associated phytochemical has respective bioactivity
Phytochemical,ZSTKHSQDNIGFLM-UHFFFAOYSA-N,HAS_BIOACTIVITY,Bioactivity,BA_002593,has_bioactivity,Associated phytochemical has respective bioactivity
Phytochemical,ZSTKHSQDNIGFLM-UHFFFAOYSA-N,HAS_BIOACTIVITY,Bioactivity,BA_002594,has_bioactivity,Associated phytochemical has respective bioactivity
Phytochemical,ZSTKHSQDNIGFLM-UHFFFAOYSA-N,HAS_BIOACTIVITY,Bioactivity,BA_002595,has_bioactivity,Associated phytochemical has respective bioactivity
Phytochemical,ZSTKHSQDNIGFLM-UHFFFAOYSA-N,HAS_BIOACTIVITY,Bioactivity,BA_002596,has_bioactivity,Associated phytochemical has respective bioactivity
Phytochemical,DMULVCHRPCFFGV-UHFFFAOYSA-N,HAS_BIOACTIVITY,Bioactivity,BA_002597,has_bioactivity,Associated phytochemical has respective bioactivity
Phytochemical,DMULVCHRPCFFGV-UHFFFAOYSA-N,HAS_BIOACTIVITY,Bioactivity,BA_002598,has_bioactivity,Associated phytochemical has respective bioactivity
Phytochemical,DMULVCHRPCFFGV-UHFFFAOYSA-N,HAS_BIOACTIVITY,Bioactivity,BA_002599,has_bioactivity,Associated phytochemical has respective bioactivity
Phytochemical,DMULVCHRPCFFGV-UHFFFAOYSA-N,HAS_BIOACTIVITY,Bioactivity,BA_002600,has_bioactivity,Associated phytochemical has respective bioactivity
Phytochemical,DMULVCHRPCFFGV-UHFFFAOYSA-N,HAS_BIOACTIVITY,Bioactivity,BA_002601,has_bioactivity,Associated phytochemical has respective bioactivity
Phytochemical,DMULVCHRPCFFGV-UHFFFAOYSA-N,HAS_BIOACTIVITY,Bioactivity,BA_002602,has_bioactivity,Associated phytochemical has respective bioactivity
Phytochemical,DMULVCHRPCFFGV-UHFFFAOYSA-N,HAS_BIOACTIVITY,Bioactivity,BA_002603,has_bioactivity,Associated phytochemical has respective bioactivity
Phytochemical,DMULVCHRPCFFGV-UHFFFAOYSA-N,HAS_BIOACTIVITY,Bioactivity,BA_002596,has_bioactivity,Associated phytochemical has respective bioactivity
Phytochemical,VYFYYTLLBUKUHU-UHFFFAOYSA-N,HAS_BIOACTIVITY,Bioactivity,BA_002604,has_bioactivity,Associated phytochemical has respective bioactivity
Phytochemical,VYFYYTLLBUKUHU-UHFFFAOYSA-N,HAS_BIOACTIVITY,Bioactivity,BA_002605,has_bioactivity,Associated phytochemical has respective bioactivity
Phytochemical,VYFYYTLLBUKUHU-UHFFFAOYSA-N,HAS_BIOACTIVITY,Bioactivity,BA_002606,has_bioactivity,Associated phytochemical has respective bioactivity
Phytochemical,VYFYYTLLBUKUHU-UHFFFAOYSA-N,HAS_BIOACTIVITY,Bioactivity,BA_002607,has_bioactivity,Associated phytochemical has respective bioactivity
Phytochemical,VYFYYTLLBUKUHU-UHFFFAOYSA-N,HAS_BIOACTIVITY,Bioactivity,BA_002608,has_bioactivity,Associated phytochemical has respective bioactivity
Phytochemical,VYFYYTLLBUKUHU-UHFFFAOYSA-N,HAS_BIOACTIVITY,Bioactivity,BA_002609,has_bioactivity,Associated phytochemical has respective bioactivity
Phytochemical,VYFYYTLLBUKUHU-UHFFFAOYSA-N,HAS_BIOACTIVITY,Bioactivity,BA_002610,has_bioactivity,Associated phytochemical has respective bioactivity
Phytochemical,VYFYYTLLBUKUHU-UHFFFAOYSA-N,HAS_BIOACTIVITY,Bioactivity,BA_002611,has_bioactivity,Associated phytochemical has respective bioactivity
Phytochemical,VYFYYTLLBUKUHU-UHFFFAOYSA-N,HAS_BIOACTIVITY,Bioactivity,BA_002612,has_bioactivity,Associated phytochemical has respective bioactivity
Phytochemical,VYFYYTLLBUKUHU-UHFFFAOYSA-N,HAS_BIOACTIVITY,Bioactivity,BA_002613,has_bioactivity,Associated phytochemical has respective bioactivity
Phytochemical,VYFYYTLLBUKUHU-UHFFFAOYSA-N,HAS_BIOACTIVITY,Bioactivity,BA_002614,has_bioactivity,Associated phytochemical has respective bioactivity
Phytochemical,VYFYYTLLBUKUHU-UHFFFAOYSA-N,HAS_BIOACTIVITY,Bioactivity,BA_002615,has_bioactivity,Associated phytochemical has respective bioactivity
Phytochemical,VYFYYTLLBUKUHU-UHFFFAOYSA-N,HAS_BIOACTIVITY,Bioactivity,BA_002616,has_bioactivity,Associated phytochemical has respective bioactivity
Phytochemical,VYFYYTLLBUKUHU-UHFFFAOYSA-N,HAS_BIOACTIVITY,Bioactivity,BA_002617,has_bioactivity,Associated phytochemical has respective bioactivity
Phytochemical,VYFYYTLLBUKUHU-UHFFFAOYSA-N,HAS_BIOACTIVITY,Bioactivity,BA_002618,has_bioactivity,Associated phytochemical has respective bioactivity
Phytochemical,VYFYYTLLBUKUHU-UHFFFAOYSA-N,HAS_BIOACTIVITY,Bioactivity,BA_002619,has_bioactivity,Associated phytochemical has respective bioactivity
Phytochemical,VYFYYTLLBUKUHU-UHFFFAOYSA-N,HAS_BIOACTIVITY,Bioactivity,BA_002620,has_bioactivity,Associated phytochemical has respective bioactivity
Phytochemical,VYFYYTLLBUKUHU-UHFFFAOYSA-N,HAS_BIOACTIVITY,Bioactivity,BA_002621,has_bioactivity,Associated phytochemical has respective bioactivity
Phytochemical,VYFYYTLLBUKUHU-UHFFFAOYSA-N,HAS_BIOACTIVITY,Bioactivity,BA_002622,has_bioactivity,Associated phytochemical has respective bioactivity
Phytochemical,VYFYYTLLBUKUHU-UHFFFAOYSA-N,HAS_BIOACTIVITY,Bioactivity,BA_002623,has_bioactivity,Associated phytochemical has respective bioactivity
Phytochemical,VYFYYTLLBUKUHU-UHFFFAOYSA-N,HAS_BIOACTIVITY,Bioactivity,BA_002624,has_bioactivity,Associated phytochemical has respective bioactivity
Phytochemical,VYFYYTLLBUKUHU-UHFFFAOYSA-N,HAS_BIOACTIVITY,Bioactivity,BA_002625,has_bioactivity,Associated phytochemical has respective bioactivity
Phytochemical,VYFYYTLLBUKUHU-UHFFFAOYSA-N,HAS_BIOACTIVITY,Bioactivity,BA_002626,has_bioactivity,Associated phytochemical has respective bioactivity
Phytochemical,VYFYYTLLBUKUHU-UHFFFAOYSA-N,HAS_BIOACTIVITY,Bioactivity,BA_002627,has_bioactivity,Associated phytochemical has respective bioactivity
Phytochemical,VYFYYTLLBUKUHU-UHFFFAOYSA-N,HAS_BIOACTIVITY,Bioactivity,BA_002628,has_bioactivity,Associated phytochemical has respective bioactivity
Phytochemical,VYFYYTLLBUKUHU-UHFFFAOYSA-N,HAS_BIOACTIVITY,Bioactivity,BA_002629,has_bioactivity,Associated phytochemical has respective bioactivity
Phytochemical,VYFYYTLLBUKUHU-UHFFFAOYSA-N,HAS_BIOACTIVITY,Bioactivity,BA_002630,has_bioactivity,Associated phytochemical has respective bioactivity
Phytochemical,VYFYYTLLBUKUHU-UHFFFAOYSA-N,HAS_BIOACTIVITY,Bioactivity,BA_002631,has_bioactivity,Associated phytochemical has respective bioactivity
Phytochemical,VYFYYTLLBUKUHU-UHFFFAOYSA-N,HAS_BIOACTIVITY,Bioactivity,BA_002632,has_bioactivity,Associated phytochemical has respective bioactivity
Phytochemical,VYFYYTLLBUKUHU-UHFFFAOYSA-N,HAS_BIOACTIVITY,Bioactivity,BA_002633,has_bioactivity,Associated phytochemical has respective bioactivity
Phytochemical,VYFYYTLLBUKUHU-UHFFFAOYSA-N,HAS_BIOACTIVITY,Bioactivity,BA_002634,has_bioactivity,Associated phytochemical has respective bioactivity
Phytochemical,VYFYYTLLBUKUHU-UHFFFAOYSA-N,HAS_BIOACTIVITY,Bioactivity,BA_002635,has_bioactivity,Associated phytochemical has respective bioactivity
Phytochemical,VYFYYTLLBUKUHU-UHFFFAOYSA-N,HAS_BIOACTIVITY,Bioactivity,BA_002636,has_bioactivity,Associated phytochemical has respective bioactivity
Phytochemical,VYFYYTLLBUKUHU-UHFFFAOYSA-N,HAS_BIOACTIVITY,Bioactivity,BA_002637,has_bioactivity,Associated phytochemical has respective bioactivity
Phytochemical,VYFYYTLLBUKUHU-UHFFFAOYSA-N,HAS_BIOACTIVITY,Bioactivity,BA_002638,has_bioactivity,Associated phytochemical has respective bioactivity
Phytochemical,VYFYYTLLBUKUHU-UHFFFAOYSA-N,HAS_BIOACTIVITY,Bioactivity,BA_002639,has_bioactivity,Associated phytochemical has respective bioactivity
Phytochemical,VYFYYTLLBUKUHU-UHFFFAOYSA-N,HAS_BIOACTIVITY,Bioactivity,BA_002640,has_bioactivity,Associated phytochemical has respective bioactivity
Phytochemical,VYFYYTLLBUKUHU-UHFFFAOYSA-N,HAS_BIOACTIVITY,Bioactivity,BA_002641,has_bioactivity,Associated phytochemical has respective bioactivity
Phytochemical,VYFYYTLLBUKUHU-UHFFFAOYSA-N,HAS_BIOACTIVITY,Bioactivity,BA_002642,has_bioactivity,Associated phytochemical has respective bioactivity
Phytochemical,VYFYYTLLBUKUHU-UHFFFAOYSA-N,HAS_BIOACTIVITY,Bioactivity,BA_002643,has_bioactivity,Associated phytochemical has respective bioactivity
Phytochemical,VYFYYTLLBUKUHU-UHFFFAOYSA-N,HAS_BIOACTIVITY,Bioactivity,BA_002644,has_bioactivity,Associated phytochemical has respective bioactivity
Phytochemical,VYFYYTLLBUKUHU-UHFFFAOYSA-N,HAS_BIOACTIVITY,Bioactivity,BA_002645,has_bioactivity,Associated phytochemical has respective bioactivity
Phytochemical,VYFYYTLLBUKUHU-UHFFFAOYSA-N,HAS_BIOACTIVITY,Bioactivity,BA_002646,has_bioactivity,Associated phytochemical has respective bioactivity
Phytochemical,VYFYYTLLBUKUHU-UHFFFAOYSA-N,HAS_BIOACTIVITY,Bioactivity,BA_002647,has_bioactivity,Associated phytochemical has respective bioactivity
Phytochemical,VYFYYTLLBUKUHU-UHFFFAOYSA-N,HAS_BIOACTIVITY,Bioactivity,BA_002648,has_bioactivity,Associated phytochemical has respective bioactivity
Phytochemical,VYFYYTLLBUKUHU-UHFFFAOYSA-N,HAS_BIOACTIVITY,Bioactivity,BA_002649,has_bioactivity,Associated phytochemical has respective bioactivity
Phytochemical,VYFYYTLLBUKUHU-UHFFFAOYSA-N,HAS_BIOACTIVITY,Bioactivity,BA_002650,has_bioactivity,Associated phytochemical has respective bioactivity
Phytochemical,VYFYYTLLBUKUHU-UHFFFAOYSA-N,HAS_BIOACTIVITY,Bioactivity,BA_002651,has_bioactivity,Associated phytochemical has respective bioactivity
Phytochemical,VYFYYTLLBUKUHU-UHFFFAOYSA-N,HAS_BIOACTIVITY,Bioactivity,BA_002652,has_bioactivity,Associated phytochemical has respective bioactivity
Phytochemical,VYFYYTLLBUKUHU-UHFFFAOYSA-N,HAS_BIOACTIVITY,Bioactivity,BA_002653,has_bioactivity,Associated phytochemical has respective bioactivity
Phytochemical,VYFYYTLLBUKUHU-UHFFFAOYSA-N,HAS_BIOACTIVITY,Bioactivity,BA_002654,has_bioactivity,Associated phytochemical has respective bioactivity
Phytochemical,VYFYYTLLBUKUHU-UHFFFAOYSA-N,HAS_BIOACTIVITY,Bioactivity,BA_002655,has_bioactivity,Associated phytochemical has respective bioactivity
Phytochemical,VYFYYTLLBUKUHU-UHFFFAOYSA-N,HAS_BIOACTIVITY,Bioactivity,BA_000355,has_bioactivity,Associated phytochemical has respective bioactivity
Phytochemical,VYFYYTLLBUKUHU-UHFFFAOYSA-N,HAS_BIOACTIVITY,Bioactivity,BA_002656,has_bioactivity,Associated phytochemical has respective bioactivity
Phytochemical,VYFYYTLLBUKUHU-UHFFFAOYSA-N,HAS_BIOACTIVITY,Bioactivity,BA_002657,has_bioactivity,Associated phytochemical has respective bioactivity
Phytochemical,VYFYYTLLBUKUHU-UHFFFAOYSA-N,HAS_BIOACTIVITY,Bioactivity,BA_000360,has_bioactivity,Associated phytochemical has respective bioactivity
Phytochemical,VYFYYTLLBUKUHU-UHFFFAOYSA-N,HAS_BIOACTIVITY,Bioactivity,BA_002658,has_bioactivity,Associated phytochemical has respective bioactivity
Phytochemical,VYFYYTLLBUKUHU-UHFFFAOYSA-N,HAS_BIOACTIVITY,Bioactivity,BA_000362,has_bioactivity,Associated phytochemical has respective bioactivity
Phytochemical,VYFYYTLLBUKUHU-UHFFFAOYSA-N,HAS_BIOACTIVITY,Bioactivity,BA_002659,has_bioactivity,Associated phytochemical has respective bioactivity
Phytochemical,VYFYYTLLBUKUHU-UHFFFAOYSA-N,HAS_BIOACTIVITY,Bioactivity,BA_001044,has_bioactivity,Associated phytochemical has respective bioactivity
Phytochemical,VYFYYTLLBUKUHU-UHFFFAOYSA-N,HAS_BIOACTIVITY,Bioactivity,BA_002660,has_bioactivity,Associated phytochemical has respective bioactivity
Phytochemical,VYFYYTLLBUKUHU-UHFFFAOYSA-N,HAS_BIOACTIVITY,Bioactivity,BA_002661,has_bioactivity,Associated phytochemical has respective bioactivity
Phytochemical,VYFYYTLLBUKUHU-UHFFFAOYSA-N,HAS_BIOACTIVITY,Bioactivity,BA_002662,has_bioactivity,Associated phytochemical has respective bioactivity
Phytochemical,VYFYYTLLBUKUHU-UHFFFAOYSA-N,HAS_BIOACTIVITY,Bioactivity,BA_002663,has_bioactivity,Associated phytochemical has respective bioactivity
Phytochemical,VYFYYTLLBUKUHU-UHFFFAOYSA-N,HAS_BIOACTIVITY,Bioactivity,BA_002664,has_bioactivity,Associated phytochemical has respective bioactivity
Phytochemical,VYFYYTLLBUKUHU-UHFFFAOYSA-N,HAS_BIOACTIVITY,Bioactivity,BA_002665,has_bioactivity,Associated phytochemical has respective bioactivity
Phytochemical,VYFYYTLLBUKUHU-UHFFFAOYSA-N,HAS_BIOACTIVITY,Bioactivity,BA_002666,has_bioactivity,Associated phytochemical has respective bioactivity
Phytochemical,VYFYYTLLBUKUHU-UHFFFAOYSA-N,HAS_BIOACTIVITY,Bioactivity,BA_002667,has_bioactivity,Associated phytochemical has respective bioactivity
Phytochemical,VYFYYTLLBUKUHU-UHFFFAOYSA-N,HAS_BIOACTIVITY,Bioactivity,BA_000942,has_bioactivity,Associated phytochemical has respective bioactivity
Phytochemical,VYFYYTLLBUKUHU-UHFFFAOYSA-N,HAS_BIOACTIVITY,Bioactivity,BA_002668,has_bioactivity,Associated phytochemical has respective bioactivity
Phytochemical,VYFYYTLLBUKUHU-UHFFFAOYSA-N,HAS_BIOACTIVITY,Bioactivity,BA_002669,has_bioactivity,Associated phytochemical has respective bioactivity
Phytochemical,VYFYYTLLBUKUHU-UHFFFAOYSA-N,HAS_BIOACTIVITY,Bioactivity,BA_002670,has_bioactivity,Associated phytochemical has respective bioactivity
Phytochemical,VYFYYTLLBUKUHU-UHFFFAOYSA-N,HAS_BIOACTIVITY,Bioactivity,BA_002671,has_bioactivity,Associated phytochemical has respective bioactivity
Phytochemical,VYFYYTLLBUKUHU-UHFFFAOYSA-N,HAS_BIOACTIVITY,Bioactivity,BA_002672,has_bioactivity,Associated phytochemical has respective bioactivity
Phytochemical,VYFYYTLLBUKUHU-UHFFFAOYSA-N,HAS_BIOACTIVITY,Bioactivity,BA_002673,has_bioactivity,Associated phytochemical has respective bioactivity
Phytochemical,VYFYYTLLBUKUHU-UHFFFAOYSA-N,HAS_BIOACTIVITY,Bioactivity,BA_002674,has_bioactivity,Associated phytochemical has respective bioactivity
Phytochemical,VYFYYTLLBUKUHU-UHFFFAOYSA-N,HAS_BIOACTIVITY,Bioactivity,BA_002675,has_bioactivity,Associated phytochemical has respective bioactivity
Phytochemical,VYFYYTLLBUKUHU-UHFFFAOYSA-N,HAS_BIOACTIVITY,Bioactivity,BA_002676,has_bioactivity,Associated phytochemical has respective bioactivity
Phytochemical,VYFYYTLLBUKUHU-UHFFFAOYSA-N,HAS_BIOACTIVITY,Bioactivity,BA_002677,has_bioactivity,Associated phytochemical has respective bioactivity
Phytochemical,VYFYYTLLBUKUHU-UHFFFAOYSA-N,HAS_BIOACTIVITY,Bioactivity,BA_002678,has_bioactivity,Associated phytochemical has respective bioactivity
Phytochemical,VYFYYTLLBUKUHU-UHFFFAOYSA-N,HAS_BIOACTIVITY,Bioactivity,BA_002679,has_bioactivity,Associated phytochemical has respective bioactivity
Phytochemical,VYFYYTLLBUKUHU-UHFFFAOYSA-N,HAS_BIOACTIVITY,Bioactivity,BA_002680,has_bioactivity,Associated phytochemical has respective bioactivity
Phytochemical,VYFYYTLLBUKUHU-UHFFFAOYSA-N,HAS_BIOACTIVITY,Bioactivity,BA_002681,has_bioactivity,Associated phytochemical has respective bioactivity
Phytochemical,VYFYYTLLBUKUHU-UHFFFAOYSA-N,HAS_BIOACTIVITY,Bioactivity,BA_002682,has_bioactivity,Associated phytochemical has respective bioactivity
Phytochemical,VYFYYTLLBUKUHU-UHFFFAOYSA-N,HAS_BIOACTIVITY,Bioactivity,BA_000091,has_bioactivity,Associated phytochemical has respective bioactivity
Phytochemical,VYFYYTLLBUKUHU-UHFFFAOYSA-N,HAS_BIOACTIVITY,Bioactivity,BA_002683,has_bioactivity,Associated phytochemical has respective bioactivity
Phytochemical,VYFYYTLLBUKUHU-UHFFFAOYSA-N,HAS_BIOACTIVITY,Bioactivity,BA_002684,has_bioactivity,Associated phytochemical has respective bioactivity
Phytochemical,VYFYYTLLBUKUHU-UHFFFAOYSA-N,HAS_BIOACTIVITY,Bioactivity,BA_002685,has_bioactivity,Associated phytochemical has respective bioactivity
Phytochemical,VYFYYTLLBUKUHU-UHFFFAOYSA-N,HAS_BIOACTIVITY,Bioactivity,BA_002686,has_bioactivity,Associated phytochemical has respective bioactivity
Phytochemical,VYFYYTLLBUKUHU-UHFFFAOYSA-N,HAS_BIOACTIVITY,Bioactivity,BA_002687,has_bioactivity,Associated phytochemical has respective bioactivity
Phytochemical,VYFYYTLLBUKUHU-UHFFFAOYSA-N,HAS_BIOACTIVITY,Bioactivity,BA_002688,has_bioactivity,Associated phytochemical has respective bioactivity
Phytochemical,VYFYYTLLBUKUHU-UHFFFAOYSA-N,HAS_BIOACTIVITY,Bioactivity,BA_002689,has_bioactivity,Associated phytochemical has respective bioactivity
Phytochemical,VYFYYTLLBUKUHU-UHFFFAOYSA-N,HAS_BIOACTIVITY,Bioactivity,BA_002690,has_bioactivity,Associated phytochemical has respective bioactivity
Phytochemical,VYFYYTLLBUKUHU-UHFFFAOYSA-N,HAS_BIOACTIVITY,Bioactivity,BA_002691,has_bioactivity,Associated phytochemical has respective bioactivity
Phytochemical,VYFYYTLLBUKUHU-UHFFFAOYSA-N,HAS_BIOACTIVITY,Bioactivity,BA_000583,has_bioactivity,Associated phytochemical has respective bioactivity
Phytochemical,VYFYYTLLBUKUHU-UHFFFAOYSA-N,HAS_BIOACTIVITY,Bioactivity,BA_002692,has_bioactivity,Associated phytochemical has respective bioactivity
Phytochemical,VYFYYTLLBUKUHU-UHFFFAOYSA-N,HAS_BIOACTIVITY,Bioactivity,BA_002693,has_bioactivity,Associated phytochemical has respective bioactivity
Phytochemical,VYFYYTLLBUKUHU-UHFFFAOYSA-N,HAS_BIOACTIVITY,Bioactivity,BA_002694,has_bioactivity,Associated phytochemical has respective bioactivity
Phytochemical,VYFYYTLLBUKUHU-UHFFFAOYSA-N,HAS_BIOACTIVITY,Bioactivity,BA_002695,has_bioactivity,Associated phytochemical has respective bioactivity
Phytochemical,VYFYYTLLBUKUHU-UHFFFAOYSA-N,HAS_BIOACTIVITY,Bioactivity,BA_002696,has_bioactivity,Associated phytochemical has respective bioactivity
Phytochemical,VYFYYTLLBUKUHU-UHFFFAOYSA-N,HAS_BIOACTIVITY,Bioactivity,BA_002697,has_bioactivity,Associated phytochemical has respective bioactivity
Phytochemical,VYFYYTLLBUKUHU-UHFFFAOYSA-N,HAS_BIOACTIVITY,Bioactivity,BA_002364,has_bioactivity,Associated phytochemical has respective bioactivity
Phytochemical,VYFYYTLLBUKUHU-UHFFFAOYSA-N,HAS_BIOACTIVITY,Bioactivity,BA_002698,has_bioactivity,Associated phytochemical has respective bioactivity
Phytochemical,VYFYYTLLBUKUHU-UHFFFAOYSA-N,HAS_BIOACTIVITY,Bioactivity,BA_002699,has_bioactivity,Associated phytochemical has respective bioactivity
Phytochemical,VYFYYTLLBUKUHU-UHFFFAOYSA-N,HAS_BIOACTIVITY,Bioactivity,BA_002700,has_bioactivity,Associated phytochemical has respective bioactivity
Phytochemical,VYFYYTLLBUKUHU-UHFFFAOYSA-N,HAS_BIOACTIVITY,Bioactivity,BA_002701,has_bioactivity,Associated phytochemical has respective bioactivity
Phytochemical,VYFYYTLLBUKUHU-UHFFFAOYSA-N,HAS_BIOACTIVITY,Bioactivity,BA_002702,has_bioactivity,Associated phytochemical has respective bioactivity
Phytochemical,VYFYYTLLBUKUHU-UHFFFAOYSA-N,HAS_BIOACTIVITY,Bioactivity,BA_002703,has_bioactivity,Associated phytochemical has respective bioactivity
Phytochemical,VYFYYTLLBUKUHU-UHFFFAOYSA-N,HAS_BIOACTIVITY,Bioactivity,BA_002704,has_bioactivity,Associated phytochemical has respective bioactivity
Phytochemical,VYFYYTLLBUKUHU-UHFFFAOYSA-N,HAS_BIOACTIVITY,Bioactivity,BA_002705,has_bioactivity,Associated phytochemical has respective bioactivity
Phytochemical,VYFYYTLLBUKUHU-UHFFFAOYSA-N,HAS_BIOACTIVITY,Bioactivity,BA_002706,has_bioactivity,Associated phytochemical has respective bioactivity
Phytochemical,VYFYYTLLBUKUHU-UHFFFAOYSA-N,HAS_BIOACTIVITY,Bioactivity,BA_002707,has_bioactivity,Associated phytochemical has respective bioactivity
Phytochemical,VYFYYTLLBUKUHU-UHFFFAOYSA-N,HAS_BIOACTIVITY,Bioactivity,BA_002708,has_bioactivity,Associated phytochemical has respective bioactivity
Phytochemical,VYFYYTLLBUKUHU-UHFFFAOYSA-N,HAS_BIOACTIVITY,Bioactivity,BA_002709,has_bioactivity,Associated phytochemical has respective bioactivity
Phytochemical,VYFYYTLLBUKUHU-UHFFFAOYSA-N,HAS_BIOACTIVITY,Bioactivity,BA_002710,has_bioactivity,Associated phytochemical has respective bioactivity
Phytochemical,VYFYYTLLBUKUHU-UHFFFAOYSA-N,HAS_BIOACTIVITY,Bioactivity,BA_002711,has_bioactivity,Associated phytochemical has respective bioactivity
Phytochemical,VYFYYTLLBUKUHU-UHFFFAOYSA-N,HAS_BIOACTIVITY,Bioactivity,BA_002712,has_bioactivity,Associated phytochemical has respective bioactivity
Phytochemical,VYFYYTLLBUKUHU-UHFFFAOYSA-N,HAS_BIOACTIVITY,Bioactivity,BA_002713,has_bioactivity,Associated phytochemical has respective bioactivity
Phytochemical,VYFYYTLLBUKUHU-UHFFFAOYSA-N,HAS_BIOACTIVITY,Bioactivity,BA_002714,has_bioactivity,Associated phytochemical has respective bioactivity
Phytochemical,VYFYYTLLBUKUHU-UHFFFAOYSA-N,HAS_BIOACTIVITY,Bioactivity,BA_002715,has_bioactivity,Associated phytochemical has respective bioactivity
Phytochemical,VYFYYTLLBUKUHU-UHFFFAOYSA-N,HAS_BIOACTIVITY,Bioactivity,BA_002716,has_bioactivity,Associated phytochemical has respective bioactivity
Phytochemical,VYFYYTLLBUKUHU-UHFFFAOYSA-N,HAS_BIOACTIVITY,Bioactivity,BA_002717,has_bioactivity,Associated phytochemical has respective bioactivity
Phytochemical,VYFYYTLLBUKUHU-UHFFFAOYSA-N,HAS_BIOACTIVITY,Bioactivity,BA_002718,has_bioactivity,Associated phytochemical has respective bioactivity
Phytochemical,VYFYYTLLBUKUHU-UHFFFAOYSA-N,HAS_BIOACTIVITY,Bioactivity,BA_002719,has_bioactivity,Associated phytochemical has respective bioactivity
Phytochemical,VYFYYTLLBUKUHU-UHFFFAOYSA-N,HAS_BIOACTIVITY,Bioactivity,BA_002720,has_bioactivity,Associated phytochemical has respective bioactivity
Phytochemical,VYFYYTLLBUKUHU-UHFFFAOYSA-N,HAS_BIOACTIVITY,Bioactivity,BA_002721,has_bioactivity,Associated phytochemical has respective bioactivity
Phytochemical,VYFYYTLLBUKUHU-UHFFFAOYSA-N,HAS_BIOACTIVITY,Bioactivity,BA_002722,has_bioactivity,Associated phytochemical has respective bioactivity
Phytochemical,VYFYYTLLBUKUHU-UHFFFAOYSA-N,HAS_BIOACTIVITY,Bioactivity,BA_002723,has_bioactivity,Associated phytochemical has respective bioactivity
Phytochemical,VYFYYTLLBUKUHU-UHFFFAOYSA-N,HAS_BIOACTIVITY,Bioactivity,BA_002724,has_bioactivity,Associated phytochemical has respective bioactivity
Phytochemical,VYFYYTLLBUKUHU-UHFFFAOYSA-N,HAS_BIOACTIVITY,Bioactivity,BA_002725,has_bioactivity,Associated phytochemical has respective bioactivity
Phytochemical,VYFYYTLLBUKUHU-UHFFFAOYSA-N,HAS_BIOACTIVITY,Bioactivity,BA_002726,has_bioactivity,Associated phytochemical has respective bioactivity
Phytochemical,VYFYYTLLBUKUHU-UHFFFAOYSA-N,HAS_BIOACTIVITY,Bioactivity,BA_002727,has_bioactivity,Associated phytochemical has respective bioactivity
Phytochemical,VYFYYTLLBUKUHU-UHFFFAOYSA-N,HAS_BIOACTIVITY,Bioactivity,BA_002728,has_bioactivity,Associated phytochemical has respective bioactivity
Phytochemical,VYFYYTLLBUKUHU-UHFFFAOYSA-N,HAS_BIOACTIVITY,Bioactivity,BA_002729,has_bioactivity,Associated phytochemical has respective bioactivity
Phytochemical,VYFYYTLLBUKUHU-UHFFFAOYSA-N,HAS_BIOACTIVITY,Bioactivity,BA_002730,has_bioactivity,Associated phytochemical has respective bioactivity
Phytochemical,VYFYYTLLBUKUHU-UHFFFAOYSA-N,HAS_BIOACTIVITY,Bioactivity,BA_002731,has_bioactivity,Associated phytochemical has respective bioactivity
Phytochemical,VYFYYTLLBUKUHU-UHFFFAOYSA-N,HAS_BIOACTIVITY,Bioactivity,BA_002732,has_bioactivity,Associated phytochemical has respective bioactivity
Phytochemical,VYFYYTLLBUKUHU-UHFFFAOYSA-N,HAS_BIOACTIVITY,Bioactivity,BA_002733,has_bioactivity,Associated phytochemical has respective bioactivity
Phytochemical,VYFYYTLLBUKUHU-UHFFFAOYSA-N,HAS_BIOACTIVITY,Bioactivity,BA_002734,has_bioactivity,Associated phytochemical has respective bioactivity
Phytochemical,VYFYYTLLBUKUHU-UHFFFAOYSA-N,HAS_BIOACTIVITY,Bioactivity,BA_002735,has_bioactivity,Associated phytochemical has respective bioactivity
Phytochemical,VYFYYTLLBUKUHU-UHFFFAOYSA-N,HAS_BIOACTIVITY,Bioactivity,BA_002736,has_bioactivity,Associated phytochemical has respective bioactivity
Phytochemical,VYFYYTLLBUKUHU-UHFFFAOYSA-N,HAS_BIOACTIVITY,Bioactivity,BA_002737,has_bioactivity,Associated phytochemical has respective bioactivity
Phytochemical,VYFYYTLLBUKUHU-UHFFFAOYSA-N,HAS_BIOACTIVITY,Bioactivity,BA_002738,has_bioactivity,Associated phytochemical has respective bioactivity
Phytochemical,VYFYYTLLBUKUHU-UHFFFAOYSA-N,HAS_BIOACTIVITY,Bioactivity,BA_002739,has_bioactivity,Associated phytochemical has respective bioactivity
Phytochemical,VYFYYTLLBUKUHU-UHFFFAOYSA-N,HAS_BIOACTIVITY,Bioactivity,BA_002740,has_bioactivity,Associated phytochemical has respective bioactivity
Phytochemical,VYFYYTLLBUKUHU-UHFFFAOYSA-N,HAS_BIOACTIVITY,Bioactivity,BA_002741,has_bioactivity,Associated phytochemical has respective bioactivity
Phytochemical,VYFYYTLLBUKUHU-UHFFFAOYSA-N,HAS_BIOACTIVITY,Bioactivity,BA_002742,has_bioactivity,Associated phytochemical has respective bioactivity
Phytochemical,VYFYYTLLBUKUHU-UHFFFAOYSA-N,HAS_BIOACTIVITY,Bioactivity,BA_002743,has_bioactivity,Associated phytochemical has respective bioactivity
Phytochemical,VYFYYTLLBUKUHU-UHFFFAOYSA-N,HAS_BIOACTIVITY,Bioactivity,BA_002744,has_bioactivity,Associated phytochemical has respective bioactivity
Phytochemical,VYFYYTLLBUKUHU-UHFFFAOYSA-N,HAS_BIOACTIVITY,Bioactivity,BA_002745,has_bioactivity,Associated phytochemical has respective bioactivity
Phytochemical,VYFYYTLLBUKUHU-UHFFFAOYSA-N,HAS_BIOACTIVITY,Bioactivity,BA_002746,has_bioactivity,Associated phytochemical has respective bioactivity
Phytochemical,VYFYYTLLBUKUHU-UHFFFAOYSA-N,HAS_BIOACTIVITY,Bioactivity,BA_002747,has_bioactivity,Associated phytochemical has respective bioactivity
Phytochemical,VYFYYTLLBUKUHU-UHFFFAOYSA-N,HAS_BIOACTIVITY,Bioactivity,BA_002748,has_bioactivity,Associated phytochemical has respective bioactivity
Phytochemical,VYFYYTLLBUKUHU-UHFFFAOYSA-N,HAS_BIOACTIVITY,Bioactivity,BA_002749,has_bioactivity,Associated phytochemical has respective bioactivity
Phytochemical,VYFYYTLLBUKUHU-UHFFFAOYSA-N,HAS_BIOACTIVITY,Bioactivity,BA_002750,has_bioactivity,Associated phytochemical has respective bioactivity
Phytochemical,VYFYYTLLBUKUHU-UHFFFAOYSA-N,HAS_BIOACTIVITY,Bioactivity,BA_002751,has_bioactivity,Associated phytochemical has respective bioactivity
Phytochemical,VYFYYTLLBUKUHU-UHFFFAOYSA-N,HAS_BIOACTIVITY,Bioactivity,BA_002752,has_bioactivity,Associated phytochemical has respective bioactivity
Phytochemical,VYFYYTLLBUKUHU-UHFFFAOYSA-N,HAS_BIOACTIVITY,Bioactivity,BA_002753,has_bioactivity,Associated phytochemical has respective bioactivity
Phytochemical,VYFYYTLLBUKUHU-UHFFFAOYSA-N,HAS_BIOACTIVITY,Bioactivity,BA_002754,has_bioactivity,Associated phytochemical has respective bioactivity
Phytochemical,VYFYYTLLBUKUHU-UHFFFAOYSA-N,HAS_BIOACTIVITY,Bioactivity,BA_002755,has_bioactivity,Associated phytochemical has respective bioactivity
Phytochemical,VYFYYTLLBUKUHU-UHFFFAOYSA-N,HAS_BIOACTIVITY,Bioactivity,BA_002756,has_bioactivity,Associated phytochemical has respective bioactivity
Phytochemical,VYFYYTLLBUKUHU-UHFFFAOYSA-N,HAS_BIOACTIVITY,Bioactivity,BA_002757,has_bioactivity,Associated phytochemical has respective bioactivity
Phytochemical,VYFYYTLLBUKUHU-UHFFFAOYSA-N,HAS_BIOACTIVITY,Bioactivity,BA_002758,has_bioactivity,Associated phytochemical has respective bioactivity
Phytochemical,VYFYYTLLBUKUHU-UHFFFAOYSA-N,HAS_BIOACTIVITY,Bioactivity,BA_002759,has_bioactivity,Associated phytochemical has respective bioactivity
Phytochemical,VYFYYTLLBUKUHU-UHFFFAOYSA-N,HAS_BIOACTIVITY,Bioactivity,BA_002760,has_bioactivity,Associated phytochemical has respective bioactivity
Phytochemical,VYFYYTLLBUKUHU-UHFFFAOYSA-N,HAS_BIOACTIVITY,Bioactivity,BA_002761,has_bioactivity,Associated phytochemical has respective bioactivity
Phytochemical,VYFYYTLLBUKUHU-UHFFFAOYSA-N,HAS_BIOACTIVITY,Bioactivity,BA_002762,has_bioactivity,Associated phytochemical has respective bioactivity
Phytochemical,VYFYYTLLBUKUHU-UHFFFAOYSA-N,HAS_BIOACTIVITY,Bioactivity,BA_002763,has_bioactivity,Associated phytochemical has respective bioactivity
Phytochemical,VYFYYTLLBUKUHU-UHFFFAOYSA-N,HAS_BIOACTIVITY,Bioactivity,BA_002764,has_bioactivity,Associated phytochemical has respective bioactivity
Phytochemical,VYFYYTLLBUKUHU-UHFFFAOYSA-N,HAS_BIOACTIVITY,Bioactivity,BA_002765,has_bioactivity,Associated phytochemical has respective bioactivity
Phytochemical,VYFYYTLLBUKUHU-UHFFFAOYSA-N,HAS_BIOACTIVITY,Bioactivity,BA_002766,has_bioactivity,Associated phytochemical has respective bioactivity
Phytochemical,VYFYYTLLBUKUHU-UHFFFAOYSA-N,HAS_BIOACTIVITY,Bioactivity,BA_002767,has_bioactivity,Associated phytochemical has respective bioactivity
Phytochemical,VYFYYTLLBUKUHU-UHFFFAOYSA-N,HAS_BIOACTIVITY,Bioactivity,BA_002768,has_bioactivity,Associated phytochemical has respective bioactivity
Phytochemical,VYFYYTLLBUKUHU-UHFFFAOYSA-N,HAS_BIOACTIVITY,Bioactivity,BA_002769,has_bioactivity,Associated phytochemical has respective bioactivity
Phytochemical,VYFYYTLLBUKUHU-UHFFFAOYSA-N,HAS_BIOACTIVITY,Bioactivity,BA_002770,has_bioactivity,Associated phytochemical has respective bioactivity
Phytochemical,VYFYYTLLBUKUHU-UHFFFAOYSA-N,HAS_BIOACTIVITY,Bioactivity,BA_002771,has_bioactivity,Associated phytochemical has respective bioactivity
Phytochemical,VYFYYTLLBUKUHU-UHFFFAOYSA-N,HAS_BIOACTIVITY,Bioactivity,BA_002772,has_bioactivity,Associated phytochemical has respective bioactivity
Phytochemical,VYFYYTLLBUKUHU-UHFFFAOYSA-N,HAS_BIOACTIVITY,Bioactivity,BA_002773,has_bioactivity,Associated phytochemical has respective bioactivity
Phytochemical,VYFYYTLLBUKUHU-UHFFFAOYSA-N,HAS_BIOACTIVITY,Bioactivity,BA_002774,has_bioactivity,Associated phytochemical has respective bioactivity
Phytochemical,VYFYYTLLBUKUHU-UHFFFAOYSA-N,HAS_BIOACTIVITY,Bioactivity,BA_002775,has_bioactivity,Associated phytochemical has respective bioactivity
Phytochemical,VYFYYTLLBUKUHU-UHFFFAOYSA-N,HAS_BIOACTIVITY,Bioactivity,BA_002776,has_bioactivity,Associated phytochemical has respective bioactivity
Phytochemical,VYFYYTLLBUKUHU-UHFFFAOYSA-N,HAS_BIOACTIVITY,Bioactivity,BA_002777,has_bioactivity,Associated phytochemical has respective bioactivity
Phytochemical,VYFYYTLLBUKUHU-UHFFFAOYSA-N,HAS_BIOACTIVITY,Bioactivity,BA_002778,has_bioactivity,Associated phytochemical has respective bioactivity
Phytochemical,VYFYYTLLBUKUHU-UHFFFAOYSA-N,HAS_BIOACTIVITY,Bioactivity,BA_002779,has_bioactivity,Associated phytochemical has respective bioactivity
Phytochemical,VYFYYTLLBUKUHU-UHFFFAOYSA-N,HAS_BIOACTIVITY,Bioactivity,BA_002780,has_bioactivity,Associated phytochemical has respective bioactivity
Phytochemical,VYFYYTLLBUKUHU-UHFFFAOYSA-N,HAS_BIOACTIVITY,Bioactivity,BA_002781,has_bioactivity,Associated phytochemical has respective bioactivity
Phytochemical,VYFYYTLLBUKUHU-UHFFFAOYSA-N,HAS_BIOACTIVITY,Bioactivity,BA_002782,has_bioactivity,Associated phytochemical has respective bioactivity
Phytochemical,DANYIYRPLHHOCZ-UHFFFAOYSA-N,HAS_BIOACTIVITY,Bioactivity,BA_002783,has_bioactivity,Associated phytochemical has respective bioactivity
Phytochemical,DANYIYRPLHHOCZ-UHFFFAOYSA-N,HAS_BIOACTIVITY,Bioactivity,BA_002784,has_bioactivity,Associated phytochemical has respective bioactivity
Phytochemical,DANYIYRPLHHOCZ-UHFFFAOYSA-N,HAS_BIOACTIVITY,Bioactivity,BA_002785,has_bioactivity,Associated phytochemical has respective bioactivity
Phytochemical,DANYIYRPLHHOCZ-UHFFFAOYSA-N,HAS_BIOACTIVITY,Bioactivity,BA_002786,has_bioactivity,Associated phytochemical has respective bioactivity
Phytochemical,DANYIYRPLHHOCZ-UHFFFAOYSA-N,HAS_BIOACTIVITY,Bioactivity,BA_002787,has_bioactivity,Associated phytochemical has respective bioactivity
Phytochemical,DANYIYRPLHHOCZ-UHFFFAOYSA-N,HAS_BIOACTIVITY,Bioactivity,BA_002788,has_bioactivity,Associated phytochemical has respective bioactivity
Phytochemical,DANYIYRPLHHOCZ-UHFFFAOYSA-N,HAS_BIOACTIVITY,Bioactivity,BA_002232,has_bioactivity,Associated phytochemical has respective bioactivity
Phytochemical,DANYIYRPLHHOCZ-UHFFFAOYSA-N,HAS_BIOACTIVITY,Bioactivity,BA_002275,has_bioactivity,Associated phytochemical has respective bioactivity
Phytochemical,DANYIYRPLHHOCZ-UHFFFAOYSA-N,HAS_BIOACTIVITY,Bioactivity,BA_000764,has_bioactivity,Associated phytochemical has respective bioactivity
Phytochemical,DANYIYRPLHHOCZ-UHFFFAOYSA-N,HAS_BIOACTIVITY,Bioactivity,BA_002789,has_bioactivity,Associated phytochemical has respective bioactivity
Phytochemical,DANYIYRPLHHOCZ-UHFFFAOYSA-N,HAS_BIOACTIVITY,Bioactivity,BA_001627,has_bioactivity,Associated phytochemical has respective bioactivity
Phytochemical,DANYIYRPLHHOCZ-UHFFFAOYSA-N,HAS_BIOACTIVITY,Bioactivity,BA_000220,has_bioactivity,Associated phytochemical has respective bioactivity
Phytochemical,DANYIYRPLHHOCZ-UHFFFAOYSA-N,HAS_BIOACTIVITY,Bioactivity,BA_002505,has_bioactivity,Associated phytochemical has respective bioactivity
Phytochemical,DANYIYRPLHHOCZ-UHFFFAOYSA-N,HAS_BIOACTIVITY,Bioactivity,BA_000062,has_bioactivity,Associated phytochemical has respective bioactivity
Phytochemical,DANYIYRPLHHOCZ-UHFFFAOYSA-N,HAS_BIOACTIVITY,Bioactivity,BA_001629,has_bioactivity,Associated phytochemical has respective bioactivity
Phytochemical,DANYIYRPLHHOCZ-UHFFFAOYSA-N,HAS_BIOACTIVITY,Bioactivity,BA_000060,has_bioactivity,Associated phytochemical has respective bioactivity
Phytochemical,DANYIYRPLHHOCZ-UHFFFAOYSA-N,HAS_BIOACTIVITY,Bioactivity,BA_002790,has_bioactivity,Associated phytochemical has respective bioactivity
Phytochemical,DANYIYRPLHHOCZ-UHFFFAOYSA-N,HAS_BIOACTIVITY,Bioactivity,BA_001122,has_bioactivity,Associated phytochemical has respective bioactivity
Phytochemical,DANYIYRPLHHOCZ-UHFFFAOYSA-N,HAS_BIOACTIVITY,Bioactivity,BA_002791,has_bioactivity,Associated phytochemical has respective bioactivity
Phytochemical,DANYIYRPLHHOCZ-UHFFFAOYSA-N,HAS_BIOACTIVITY,Bioactivity,BA_002792,has_bioactivity,Associated phytochemical has respective bioactivity
Phytochemical,DANYIYRPLHHOCZ-UHFFFAOYSA-N,HAS_BIOACTIVITY,Bioactivity,BA_002793,has_bioactivity,Associated phytochemical has respective bioactivity
Phytochemical,DANYIYRPLHHOCZ-UHFFFAOYSA-N,HAS_BIOACTIVITY,Bioactivity,BA_001759,has_bioactivity,Associated phytochemical has respective bioactivity
Phytochemical,DANYIYRPLHHOCZ-UHFFFAOYSA-N,HAS_BIOACTIVITY,Bioactivity,BA_002794,has_bioactivity,Associated phytochemical has respective bioactivity
Phytochemical,DANYIYRPLHHOCZ-UHFFFAOYSA-N,HAS_BIOACTIVITY,Bioactivity,BA_002795,has_bioactivity,Associated phytochemical has respective bioactivity
Phytochemical,DANYIYRPLHHOCZ-UHFFFAOYSA-N,HAS_BIOACTIVITY,Bioactivity,BA_002796,has_bioactivity,Associated phytochemical has respective bioactivity
Phytochemical,DANYIYRPLHHOCZ-UHFFFAOYSA-N,HAS_BIOACTIVITY,Bioactivity,BA_002797,has_bioactivity,Associated phytochemical has respective bioactivity
Phytochemical,DANYIYRPLHHOCZ-UHFFFAOYSA-N,HAS_BIOACTIVITY,Bioactivity,BA_002798,has_bioactivity,Associated phytochemical has respective bioactivity
Phytochemical,DANYIYRPLHHOCZ-UHFFFAOYSA-N,HAS_BIOACTIVITY,Bioactivity,BA_002799,has_bioactivity,Associated phytochemical has respective bioactivity
Phytochemical,DANYIYRPLHHOCZ-UHFFFAOYSA-N,HAS_BIOACTIVITY,Bioactivity,BA_002800,has_bioactivity,Associated phytochemical has respective bioactivity
Phytochemical,DANYIYRPLHHOCZ-UHFFFAOYSA-N,HAS_BIOACTIVITY,Bioactivity,BA_002801,has_bioactivity,Associated phytochemical has respective bioactivity
Phytochemical,DANYIYRPLHHOCZ-UHFFFAOYSA-N,HAS_BIOACTIVITY,Bioactivity,BA_002802,has_bioactivity,Associated phytochemical has respective bioactivity
Phytochemical,DANYIYRPLHHOCZ-UHFFFAOYSA-N,HAS_BIOACTIVITY,Bioactivity,BA_002803,has_bioactivity,Associated phytochemical has respective bioactivity
Phytochemical,DANYIYRPLHHOCZ-UHFFFAOYSA-N,HAS_BIOACTIVITY,Bioactivity,BA_002804,has_bioactivity,Associated phytochemical has respective bioactivity
Phytochemical,DANYIYRPLHHOCZ-UHFFFAOYSA-N,HAS_BIOACTIVITY,Bioactivity,BA_002805,has_bioactivity,Associated phytochemical has respective bioactivity
Phytochemical,DANYIYRPLHHOCZ-UHFFFAOYSA-N,HAS_BIOACTIVITY,Bioactivity,BA_002806,has_bioactivity,Associated phytochemical has respective bioactivity
Phytochemical,DANYIYRPLHHOCZ-UHFFFAOYSA-N,HAS_BIOACTIVITY,Bioactivity,BA_002807,has_bioactivity,Associated phytochemical has respective bioactivity
Phytochemical,DANYIYRPLHHOCZ-UHFFFAOYSA-N,HAS_BIOACTIVITY,Bioactivity,BA_002808,has_bioactivity,Associated phytochemical has respective bioactivity
Phytochemical,DANYIYRPLHHOCZ-UHFFFAOYSA-N,HAS_BIOACTIVITY,Bioactivity,BA_002809,has_bioactivity,Associated phytochemical has respective bioactivity
Phytochemical,DANYIYRPLHHOCZ-UHFFFAOYSA-N,HAS_BIOACTIVITY,Bioactivity,BA_002810,has_bioactivity,Associated phytochemical has respective bioactivity
Phytochemical,DANYIYRPLHHOCZ-UHFFFAOYSA-N,HAS_BIOACTIVITY,Bioactivity,BA_002811,has_bioactivity,Associated phytochemical has respective bioactivity
Phytochemical,APJYDQYYACXCRM-UHFFFAOYSA-N,HAS_BIOACTIVITY,Bioactivity,BA_002812,has_bioactivity,Associated phytochemical has respective bioactivity
Phytochemical,APJYDQYYACXCRM-UHFFFAOYSA-N,HAS_BIOACTIVITY,Bioactivity,BA_002813,has_bioactivity,Associated phytochemical has respective bioactivity
Phytochemical,APJYDQYYACXCRM-UHFFFAOYSA-N,HAS_BIOACTIVITY,Bioactivity,BA_002814,has_bioactivity,Associated phytochemical has respective bioactivity
Phytochemical,APJYDQYYACXCRM-UHFFFAOYSA-N,HAS_BIOACTIVITY,Bioactivity,BA_002815,has_bioactivity,Associated phytochemical has respective bioactivity
Phytochemical,APJYDQYYACXCRM-UHFFFAOYSA-N,HAS_BIOACTIVITY,Bioactivity,BA_002816,has_bioactivity,Associated phytochemical has respective bioactivity
Phytochemical,APJYDQYYACXCRM-UHFFFAOYSA-N,HAS_BIOACTIVITY,Bioactivity,BA_002817,has_bioactivity,Associated phytochemical has respective bioactivity
Phytochemical,APJYDQYYACXCRM-UHFFFAOYSA-N,HAS_BIOACTIVITY,Bioactivity,BA_000572,has_bioactivity,Associated phytochemical has respective bioactivity
Phytochemical,APJYDQYYACXCRM-UHFFFAOYSA-N,HAS_BIOACTIVITY,Bioactivity,BA_002061,has_bioactivity,Associated phytochemical has respective bioactivity
Phytochemical,APJYDQYYACXCRM-UHFFFAOYSA-N,HAS_BIOACTIVITY,Bioactivity,BA_002818,has_bioactivity,Associated phytochemical has respective bioactivity
Phytochemical,APJYDQYYACXCRM-UHFFFAOYSA-N,HAS_BIOACTIVITY,Bioactivity,BA_002819,has_bioactivity,Associated phytochemical has respective bioactivity
Phytochemical,APJYDQYYACXCRM-UHFFFAOYSA-N,HAS_BIOACTIVITY,Bioactivity,BA_002820,has_bioactivity,Associated phytochemical has respective bioactivity
Phytochemical,APJYDQYYACXCRM-UHFFFAOYSA-N,HAS_BIOACTIVITY,Bioactivity,BA_002821,has_bioactivity,Associated phytochemical has respective bioactivity
Phytochemical,APJYDQYYACXCRM-UHFFFAOYSA-N,HAS_BIOACTIVITY,Bioactivity,BA_001385,has_bioactivity,Associated phytochemical has respective bioactivity
Phytochemical,APJYDQYYACXCRM-UHFFFAOYSA-N,HAS_BIOACTIVITY,Bioactivity,BA_002822,has_bioactivity,Associated phytochemical has respective bioactivity
Phytochemical,APJYDQYYACXCRM-UHFFFAOYSA-N,HAS_BIOACTIVITY,Bioactivity,BA_002823,has_bioactivity,Associated phytochemical has respective bioactivity
Phytochemical,APJYDQYYACXCRM-UHFFFAOYSA-N,HAS_BIOACTIVITY,Bioactivity,BA_002824,has_bioactivity,Associated phytochemical has respective bioactivity
Phytochemical,APJYDQYYACXCRM-UHFFFAOYSA-N,HAS_BIOACTIVITY,Bioactivity,BA_002825,has_bioactivity,Associated phytochemical has respective bioactivity
Phytochemical,OHBQPCCCRFSCAX-UHFFFAOYSA-N,HAS_BIOACTIVITY,Bioactivity,BA_002826,has_bioactivity,Associated phytochemical has respective bioactivity
Phytochemical,OHBQPCCCRFSCAX-UHFFFAOYSA-N,HAS_BIOACTIVITY,Bioactivity,BA_002827,has_bioactivity,Associated phytochemical has respective bioactivity
Phytochemical,OHBQPCCCRFSCAX-UHFFFAOYSA-N,HAS_BIOACTIVITY,Bioactivity,BA_002828,has_bioactivity,Associated phytochemical has respective bioactivity
Phytochemical,OHBQPCCCRFSCAX-UHFFFAOYSA-N,HAS_BIOACTIVITY,Bioactivity,BA_002829,has_bioactivity,Associated phytochemical has respective bioactivity
Phytochemical,OHBQPCCCRFSCAX-UHFFFAOYSA-N,HAS_BIOACTIVITY,Bioactivity,BA_001548,has_bioactivity,Associated phytochemical has respective bioactivity
Phytochemical,OHBQPCCCRFSCAX-UHFFFAOYSA-N,HAS_BIOACTIVITY,Bioactivity,BA_002830,has_bioactivity,Associated phytochemical has respective bioactivity
Phytochemical,OHBQPCCCRFSCAX-UHFFFAOYSA-N,HAS_BIOACTIVITY,Bioactivity,BA_002831,has_bioactivity,Associated phytochemical has respective bioactivity
Phytochemical,CFRFHWQYWJMEJN-UHFFFAOYSA-N,HAS_BIOACTIVITY,Bioactivity,BA_002832,has_bioactivity,Associated phytochemical has respective bioactivity
Phytochemical,CFRFHWQYWJMEJN-UHFFFAOYSA-N,HAS_BIOACTIVITY,Bioactivity,BA_002833,has_bioactivity,Associated phytochemical has respective bioactivity
Phytochemical,CFRFHWQYWJMEJN-UHFFFAOYSA-N,HAS_BIOACTIVITY,Bioactivity,BA_002834,has_bioactivity,Associated phytochemical has respective bioactivity
Phytochemical,CFRFHWQYWJMEJN-UHFFFAOYSA-N,HAS_BIOACTIVITY,Bioactivity,BA_002835,has_bioactivity,Associated phytochemical has respective bioactivity
Phytochemical,CFRFHWQYWJMEJN-UHFFFAOYSA-N,HAS_BIOACTIVITY,Bioactivity,BA_002836,has_bioactivity,Associated phytochemical has respective bioactivity
Phytochemical,DCAYPVUWAIABOU-UHFFFAOYSA-N,HAS_BIOACTIVITY,Bioactivity,BA_002837,has_bioactivity,Associated phytochemical has respective bioactivity
Phytochemical,OVSQVDMCBVZWGM-QSOFNFLRSA-N,HAS_BIOACTIVITY,Bioactivity,BA_001322,has_bioactivity,Associated phytochemical has respective bioactivity
Phytochemical,OVSQVDMCBVZWGM-QSOFNFLRSA-N,HAS_BIOACTIVITY,Bioactivity,BA_002838,has_bioactivity,Associated phytochemical has respective bioactivity
Phytochemical,OVSQVDMCBVZWGM-QSOFNFLRSA-N,HAS_BIOACTIVITY,Bioactivity,BA_002839,has_bioactivity,Associated phytochemical has respective bioactivity
Phytochemical,OVSQVDMCBVZWGM-QSOFNFLRSA-N,HAS_BIOACTIVITY,Bioactivity,BA_002665,has_bioactivity,Associated phytochemical has respective bioactivity
Phytochemical,OVSQVDMCBVZWGM-QSOFNFLRSA-N,HAS_BIOACTIVITY,Bioactivity,BA_002840,has_bioactivity,Associated phytochemical has respective bioactivity
Phytochemical,OVSQVDMCBVZWGM-QSOFNFLRSA-N,HAS_BIOACTIVITY,Bioactivity,BA_002841,has_bioactivity,Associated phytochemical has respective bioactivity
Phytochemical,OVSQVDMCBVZWGM-QSOFNFLRSA-N,HAS_BIOACTIVITY,Bioactivity,BA_001594,has_bioactivity,Associated phytochemical has respective bioactivity
Phytochemical,OVSQVDMCBVZWGM-QSOFNFLRSA-N,HAS_BIOACTIVITY,Bioactivity,BA_000512,has_bioactivity,Associated phytochemical has respective bioactivity
Phytochemical,OVSQVDMCBVZWGM-QSOFNFLRSA-N,HAS_BIOACTIVITY,Bioactivity,BA_002842,has_bioactivity,Associated phytochemical has respective bioactivity
Phytochemical,OVSQVDMCBVZWGM-QSOFNFLRSA-N,HAS_BIOACTIVITY,Bioactivity,BA_002843,has_bioactivity,Associated phytochemical has respective bioactivity
Phytochemical,OVSQVDMCBVZWGM-QSOFNFLRSA-N,HAS_BIOACTIVITY,Bioactivity,BA_002844,has_bioactivity,Associated phytochemical has respective bioactivity
Phytochemical,OVSQVDMCBVZWGM-QSOFNFLRSA-N,HAS_BIOACTIVITY,Bioactivity,BA_002845,has_bioactivity,Associated phytochemical has respective bioactivity
Phytochemical,OVSQVDMCBVZWGM-QSOFNFLRSA-N,HAS_BIOACTIVITY,Bioactivity,BA_002846,has_bioactivity,Associated phytochemical has respective bioactivity
Phytochemical,OVSQVDMCBVZWGM-QSOFNFLRSA-N,HAS_BIOACTIVITY,Bioactivity,BA_002847,has_bioactivity,Associated phytochemical has respective bioactivity
Phytochemical,OVSQVDMCBVZWGM-QSOFNFLRSA-N,HAS_BIOACTIVITY,Bioactivity,BA_002848,has_bioactivity,Associated phytochemical has respective bioactivity
Phytochemical,OVSQVDMCBVZWGM-QSOFNFLRSA-N,HAS_BIOACTIVITY,Bioactivity,BA_002849,has_bioactivity,Associated phytochemical has respective bioactivity
Phytochemical,OVSQVDMCBVZWGM-QSOFNFLRSA-N,HAS_BIOACTIVITY,Bioactivity,BA_002850,has_bioactivity,Associated phytochemical has respective bioactivity
Phytochemical,OVSQVDMCBVZWGM-QSOFNFLRSA-N,HAS_BIOACTIVITY,Bioactivity,BA_002851,has_bioactivity,Associated phytochemical has respective bioactivity
Phytochemical,OVSQVDMCBVZWGM-QSOFNFLRSA-N,HAS_BIOACTIVITY,Bioactivity,BA_002852,has_bioactivity,Associated phytochemical has respective bioactivity
Phytochemical,OVSQVDMCBVZWGM-QSOFNFLRSA-N,HAS_BIOACTIVITY,Bioactivity,BA_002853,has_bioactivity,Associated phytochemical has respective bioactivity
Phytochemical,DUBCCGAQYVUYEU-UHFFFAOYSA-N,HAS_BIOACTIVITY,Bioactivity,BA_000212,has_bioactivity,Associated phytochemical has respective bioactivity
Phytochemical,DUBCCGAQYVUYEU-UHFFFAOYSA-N,HAS_BIOACTIVITY,Bioactivity,BA_002440,has_bioactivity,Associated phytochemical has respective bioactivity
Phytochemical,DUBCCGAQYVUYEU-UHFFFAOYSA-N,HAS_BIOACTIVITY,Bioactivity,BA_000386,has_bioactivity,Associated phytochemical has respective bioactivity
Phytochemical,DUBCCGAQYVUYEU-UHFFFAOYSA-N,HAS_BIOACTIVITY,Bioactivity,BA_002854,has_bioactivity,Associated phytochemical has respective bioactivity
Phytochemical,DUBCCGAQYVUYEU-UHFFFAOYSA-N,HAS_BIOACTIVITY,Bioactivity,BA_002855,has_bioactivity,Associated phytochemical has respective bioactivity
Phytochemical,DUBCCGAQYVUYEU-UHFFFAOYSA-N,HAS_BIOACTIVITY,Bioactivity,BA_002856,has_bioactivity,Associated phytochemical has respective bioactivity
Phytochemical,DUBCCGAQYVUYEU-UHFFFAOYSA-N,HAS_BIOACTIVITY,Bioactivity,BA_002536,has_bioactivity,Associated phytochemical has respective bioactivity
Phytochemical,NKBBUUNAVOMVER-UHFFFAOYSA-N,HAS_BIOACTIVITY,Bioactivity,BA_000960,has_bioactivity,Associated phytochemical has respective bioactivity
Phytochemical,NKBBUUNAVOMVER-UHFFFAOYSA-N,HAS_BIOACTIVITY,Bioactivity,BA_000677,has_bioactivity,Associated phytochemical has respective bioactivity
Phytochemical,NKBBUUNAVOMVER-UHFFFAOYSA-N,HAS_BIOACTIVITY,Bioactivity,BA_000553,has_bioactivity,Associated phytochemical has respective bioactivity
Phytochemical,AKXOIHNFHOEPHN-CQSZACIVSA-N,HAS_BIOACTIVITY,Bioactivity,BA_002857,has_bioactivity,Associated phytochemical has respective bioactivity
Phytochemical,AKXOIHNFHOEPHN-CQSZACIVSA-N,HAS_BIOACTIVITY,Bioactivity,BA_002858,has_bioactivity,Associated phytochemical has respective bioactivity
Phytochemical,NBDNEUOVIJYCGZ-CYBMUJFWSA-N,HAS_BIOACTIVITY,Bioactivity,BA_002859,has_bioactivity,Associated phytochemical has respective bioactivity
Phytochemical,NBDNEUOVIJYCGZ-CYBMUJFWSA-N,HAS_BIOACTIVITY,Bioactivity,BA_002860,has_bioactivity,Associated phytochemical has respective bioactivity
Phytochemical,NBDNEUOVIJYCGZ-CYBMUJFWSA-N,HAS_BIOACTIVITY,Bioactivity,BA_002861,has_bioactivity,Associated phytochemical has respective bioactivity
Phytochemical,NBDNEUOVIJYCGZ-CYBMUJFWSA-N,HAS_BIOACTIVITY,Bioactivity,BA_002862,has_bioactivity,Associated phytochemical has respective bioactivity
Phytochemical,DMBHHRLKUKUOEG-UHFFFAOYSA-N,HAS_BIOACTIVITY,Bioactivity,BA_001176,has_bioactivity,Associated phytochemical has respective bioactivity
Phytochemical,DMBHHRLKUKUOEG-UHFFFAOYSA-N,HAS_BIOACTIVITY,Bioactivity,BA_002863,has_bioactivity,Associated phytochemical has respective bioactivity
Phytochemical,ORJVQPIHKOARKV-OAHLLOKOSA-N,HAS_BIOACTIVITY,Bioactivity,BA_002864,has_bioactivity,Associated phytochemical has respective bioactivity
Phytochemical,JCTYWRARKVGOBK-CQSZACIVSA-N,HAS_BIOACTIVITY,Bioactivity,BA_002536,has_bioactivity,Associated phytochemical has respective bioactivity
Phytochemical,JCTYWRARKVGOBK-CQSZACIVSA-N,HAS_BIOACTIVITY,Bioactivity,BA_002865,has_bioactivity,Associated phytochemical has respective bioactivity
Phytochemical,JCTYWRARKVGOBK-CQSZACIVSA-N,HAS_BIOACTIVITY,Bioactivity,BA_002866,has_bioactivity,Associated phytochemical has respective bioactivity
Phytochemical,JCTYWRARKVGOBK-CQSZACIVSA-N,HAS_BIOACTIVITY,Bioactivity,BA_002867,has_bioactivity,Associated phytochemical has respective bioactivity
Phytochemical,YCIMNLLNPGFGHC-UHFFFAOYSA-N,HAS_BIOACTIVITY,Bioactivity,BA_002868,has_bioactivity,Associated phytochemical has respective bioactivity
Phytochemical,YCIMNLLNPGFGHC-UHFFFAOYSA-N,HAS_BIOACTIVITY,Bioactivity,BA_002869,has_bioactivity,Associated phytochemical has respective bioactivity
Phytochemical,YCIMNLLNPGFGHC-UHFFFAOYSA-N,HAS_BIOACTIVITY,Bioactivity,BA_002870,has_bioactivity,Associated phytochemical has respective bioactivity
Phytochemical,YCIMNLLNPGFGHC-UHFFFAOYSA-N,HAS_BIOACTIVITY,Bioactivity,BA_002871,has_bioactivity,Associated phytochemical has respective bioactivity
Phytochemical,YCIMNLLNPGFGHC-UHFFFAOYSA-N,HAS_BIOACTIVITY,Bioactivity,BA_002872,has_bioactivity,Associated phytochemical has respective bioactivity
Phytochemical,YCIMNLLNPGFGHC-UHFFFAOYSA-N,HAS_BIOACTIVITY,Bioactivity,BA_002873,has_bioactivity,Associated phytochemical has respective bioactivity
Phytochemical,YCIMNLLNPGFGHC-UHFFFAOYSA-N,HAS_BIOACTIVITY,Bioactivity,BA_002874,has_bioactivity,Associated phytochemical has respective bioactivity
Phytochemical,YCIMNLLNPGFGHC-UHFFFAOYSA-N,HAS_BIOACTIVITY,Bioactivity,BA_002875,has_bioactivity,Associated phytochemical has respective bioactivity
Phytochemical,YCIMNLLNPGFGHC-UHFFFAOYSA-N,HAS_BIOACTIVITY,Bioactivity,BA_000838,has_bioactivity,Associated phytochemical has respective bioactivity
Phytochemical,YCIMNLLNPGFGHC-UHFFFAOYSA-N,HAS_BIOACTIVITY,Bioactivity,BA_002347,has_bioactivity,Associated phytochemical has respective bioactivity
Phytochemical,YCIMNLLNPGFGHC-UHFFFAOYSA-N,HAS_BIOACTIVITY,Bioactivity,BA_001165,has_bioactivity,Associated phytochemical has respective bioactivity
Phytochemical,YCIMNLLNPGFGHC-UHFFFAOYSA-N,HAS_BIOACTIVITY,Bioactivity,BA_002876,has_bioactivity,Associated phytochemical has respective bioactivity
Phytochemical,YCIMNLLNPGFGHC-UHFFFAOYSA-N,HAS_BIOACTIVITY,Bioactivity,BA_002443,has_bioactivity,Associated phytochemical has respective bioactivity
Phytochemical,YCIMNLLNPGFGHC-UHFFFAOYSA-N,HAS_BIOACTIVITY,Bioactivity,BA_000859,has_bioactivity,Associated phytochemical has respective bioactivity
Phytochemical,YCIMNLLNPGFGHC-UHFFFAOYSA-N,HAS_BIOACTIVITY,Bioactivity,BA_002877,has_bioactivity,Associated phytochemical has respective bioactivity
Phytochemical,YCIMNLLNPGFGHC-UHFFFAOYSA-N,HAS_BIOACTIVITY,Bioactivity,BA_002878,has_bioactivity,Associated phytochemical has respective bioactivity
Phytochemical,YCIMNLLNPGFGHC-UHFFFAOYSA-N,HAS_BIOACTIVITY,Bioactivity,BA_000954,has_bioactivity,Associated phytochemical has respective bioactivity
Phytochemical,YCIMNLLNPGFGHC-UHFFFAOYSA-N,HAS_BIOACTIVITY,Bioactivity,BA_002879,has_bioactivity,Associated phytochemical has respective bioactivity
Phytochemical,MCOQHIWZJUDQIC-UHFFFAOYSA-N,HAS_BIOACTIVITY,Bioactivity,BA_002880,has_bioactivity,Associated phytochemical has respective bioactivity
Phytochemical,MCOQHIWZJUDQIC-UHFFFAOYSA-N,HAS_BIOACTIVITY,Bioactivity,BA_002881,has_bioactivity,Associated phytochemical has respective bioactivity
Phytochemical,MCOQHIWZJUDQIC-UHFFFAOYSA-N,HAS_BIOACTIVITY,Bioactivity,BA_002882,has_bioactivity,Associated phytochemical has respective bioactivity
Phytochemical,MCOQHIWZJUDQIC-UHFFFAOYSA-N,HAS_BIOACTIVITY,Bioactivity,BA_002883,has_bioactivity,Associated phytochemical has respective bioactivity
Phytochemical,MCOQHIWZJUDQIC-UHFFFAOYSA-N,HAS_BIOACTIVITY,Bioactivity,BA_002692,has_bioactivity,Associated phytochemical has respective bioactivity
Phytochemical,ORNBQBCIOKFOEO-QGVNFLHTSA-N,HAS_BIOACTIVITY,Bioactivity,BA_002884,has_bioactivity,Associated phytochemical has respective bioactivity
Phytochemical,ORNBQBCIOKFOEO-QGVNFLHTSA-N,HAS_BIOACTIVITY,Bioactivity,BA_002885,has_bioactivity,Associated phytochemical has respective bioactivity
Phytochemical,ORNBQBCIOKFOEO-QGVNFLHTSA-N,HAS_BIOACTIVITY,Bioactivity,BA_002886,has_bioactivity,Associated phytochemical has respective bioactivity
Phytochemical,IYGYMKDQCDOMRE-ZWKOTPCHSA-N,HAS_BIOACTIVITY,Bioactivity,BA_000494,has_bioactivity,Associated phytochemical has respective bioactivity
Phytochemical,IWCNCUVTGOMGKG-YOVVEKLRSA-N,HAS_BIOACTIVITY,Bioactivity,BA_002887,has_bioactivity,Associated phytochemical has respective bioactivity
Phytochemical,IWCNCUVTGOMGKG-YOVVEKLRSA-N,HAS_BIOACTIVITY,Bioactivity,BA_002888,has_bioactivity,Associated phytochemical has respective bioactivity
Phytochemical,IWCNCUVTGOMGKG-YOVVEKLRSA-N,HAS_BIOACTIVITY,Bioactivity,BA_002889,has_bioactivity,Associated phytochemical has respective bioactivity
Phytochemical,IWCNCUVTGOMGKG-YOVVEKLRSA-N,HAS_BIOACTIVITY,Bioactivity,BA_001761,has_bioactivity,Associated phytochemical has respective bioactivity
Phytochemical,IWCNCUVTGOMGKG-YOVVEKLRSA-N,HAS_BIOACTIVITY,Bioactivity,BA_002890,has_bioactivity,Associated phytochemical has respective bioactivity
Phytochemical,IWCNCUVTGOMGKG-YOVVEKLRSA-N,HAS_BIOACTIVITY,Bioactivity,BA_002891,has_bioactivity,Associated phytochemical has respective bioactivity
Phytochemical,IWCNCUVTGOMGKG-YOVVEKLRSA-N,HAS_BIOACTIVITY,Bioactivity,BA_001571,has_bioactivity,Associated phytochemical has respective bioactivity
Phytochemical,IWCNCUVTGOMGKG-YOVVEKLRSA-N,HAS_BIOACTIVITY,Bioactivity,BA_002892,has_bioactivity,Associated phytochemical has respective bioactivity
Phytochemical,IWCNCUVTGOMGKG-YOVVEKLRSA-N,HAS_BIOACTIVITY,Bioactivity,BA_002893,has_bioactivity,Associated phytochemical has respective bioactivity
Phytochemical,RSDOPYMFZBJHRL-UHFFFAOYSA-N,HAS_BIOACTIVITY,Bioactivity,BA_002894,has_bioactivity,Associated phytochemical has respective bioactivity
Phytochemical,RSDOPYMFZBJHRL-UHFFFAOYSA-N,HAS_BIOACTIVITY,Bioactivity,BA_002895,has_bioactivity,Associated phytochemical has respective bioactivity
Phytochemical,RSDOPYMFZBJHRL-UHFFFAOYSA-N,HAS_BIOACTIVITY,Bioactivity,BA_002896,has_bioactivity,Associated phytochemical has respective bioactivity
Phytochemical,RSDOPYMFZBJHRL-UHFFFAOYSA-N,HAS_BIOACTIVITY,Bioactivity,BA_002897,has_bioactivity,Associated phytochemical has respective bioactivity
Phytochemical,RSDOPYMFZBJHRL-UHFFFAOYSA-N,HAS_BIOACTIVITY,Bioactivity,BA_002898,has_bioactivity,Associated phytochemical has respective bioactivity
Phytochemical,RSDOPYMFZBJHRL-UHFFFAOYSA-N,HAS_BIOACTIVITY,Bioactivity,BA_002899,has_bioactivity,Associated phytochemical has respective bioactivity
Phytochemical,RSDOPYMFZBJHRL-UHFFFAOYSA-N,HAS_BIOACTIVITY,Bioactivity,BA_002900,has_bioactivity,Associated phytochemical has respective bioactivity
Phytochemical,RSDOPYMFZBJHRL-UHFFFAOYSA-N,HAS_BIOACTIVITY,Bioactivity,BA_002901,has_bioactivity,Associated phytochemical has respective bioactivity
Phytochemical,RSDOPYMFZBJHRL-UHFFFAOYSA-N,HAS_BIOACTIVITY,Bioactivity,BA_002902,has_bioactivity,Associated phytochemical has respective bioactivity
Phytochemical,RSDOPYMFZBJHRL-UHFFFAOYSA-N,HAS_BIOACTIVITY,Bioactivity,BA_002903,has_bioactivity,Associated phytochemical has respective bioactivity
Phytochemical,RSDOPYMFZBJHRL-UHFFFAOYSA-N,HAS_BIOACTIVITY,Bioactivity,BA_002904,has_bioactivity,Associated phytochemical has respective bioactivity
Phytochemical,RSDOPYMFZBJHRL-UHFFFAOYSA-N,HAS_BIOACTIVITY,Bioactivity,BA_002905,has_bioactivity,Associated phytochemical has respective bioactivity
Phytochemical,RSDOPYMFZBJHRL-UHFFFAOYSA-N,HAS_BIOACTIVITY,Bioactivity,BA_002906,has_bioactivity,Associated phytochemical has respective bioactivity
Phytochemical,RSDOPYMFZBJHRL-UHFFFAOYSA-N,HAS_BIOACTIVITY,Bioactivity,BA_002907,has_bioactivity,Associated phytochemical has respective bioactivity
Phytochemical,RSDOPYMFZBJHRL-UHFFFAOYSA-N,HAS_BIOACTIVITY,Bioactivity,BA_002908,has_bioactivity,Associated phytochemical has respective bioactivity
Phytochemical,RSDOPYMFZBJHRL-UHFFFAOYSA-N,HAS_BIOACTIVITY,Bioactivity,BA_002909,has_bioactivity,Associated phytochemical has respective bioactivity
Phytochemical,RSDOPYMFZBJHRL-UHFFFAOYSA-N,HAS_BIOACTIVITY,Bioactivity,BA_002910,has_bioactivity,Associated phytochemical has respective bioactivity
Phytochemical,RSDOPYMFZBJHRL-UHFFFAOYSA-N,HAS_BIOACTIVITY,Bioactivity,BA_002911,has_bioactivity,Associated phytochemical has respective bioactivity
Phytochemical,RSDOPYMFZBJHRL-UHFFFAOYSA-N,HAS_BIOACTIVITY,Bioactivity,BA_002912,has_bioactivity,Associated phytochemical has respective bioactivity
Phytochemical,RSDOPYMFZBJHRL-UHFFFAOYSA-N,HAS_BIOACTIVITY,Bioactivity,BA_002913,has_bioactivity,Associated phytochemical has respective bioactivity
Phytochemical,RSDOPYMFZBJHRL-UHFFFAOYSA-N,HAS_BIOACTIVITY,Bioactivity,BA_001121,has_bioactivity,Associated phytochemical has respective bioactivity
Phytochemical,RSDOPYMFZBJHRL-UHFFFAOYSA-N,HAS_BIOACTIVITY,Bioactivity,BA_002914,has_bioactivity,Associated phytochemical has respective bioactivity
Phytochemical,RSDOPYMFZBJHRL-UHFFFAOYSA-N,HAS_BIOACTIVITY,Bioactivity,BA_002915,has_bioactivity,Associated phytochemical has respective bioactivity
Phytochemical,RSDOPYMFZBJHRL-UHFFFAOYSA-N,HAS_BIOACTIVITY,Bioactivity,BA_002916,has_bioactivity,Associated phytochemical has respective bioactivity
Phytochemical,RSDOPYMFZBJHRL-UHFFFAOYSA-N,HAS_BIOACTIVITY,Bioactivity,BA_002917,has_bioactivity,Associated phytochemical has respective bioactivity
Phytochemical,RSDOPYMFZBJHRL-UHFFFAOYSA-N,HAS_BIOACTIVITY,Bioactivity,BA_002918,has_bioactivity,Associated phytochemical has respective bioactivity
Phytochemical,RSDOPYMFZBJHRL-UHFFFAOYSA-N,HAS_BIOACTIVITY,Bioactivity,BA_002919,has_bioactivity,Associated phytochemical has respective bioactivity
Phytochemical,RSDOPYMFZBJHRL-UHFFFAOYSA-N,HAS_BIOACTIVITY,Bioactivity,BA_002920,has_bioactivity,Associated phytochemical has respective bioactivity
Phytochemical,RSDOPYMFZBJHRL-UHFFFAOYSA-N,HAS_BIOACTIVITY,Bioactivity,BA_002921,has_bioactivity,Associated phytochemical has respective bioactivity
Phytochemical,RSDOPYMFZBJHRL-UHFFFAOYSA-N,HAS_BIOACTIVITY,Bioactivity,BA_002922,has_bioactivity,Associated phytochemical has respective bioactivity
Phytochemical,RSDOPYMFZBJHRL-UHFFFAOYSA-N,HAS_BIOACTIVITY,Bioactivity,BA_002923,has_bioactivity,Associated phytochemical has respective bioactivity
Phytochemical,RSDOPYMFZBJHRL-UHFFFAOYSA-N,HAS_BIOACTIVITY,Bioactivity,BA_002924,has_bioactivity,Associated phytochemical has respective bioactivity
Phytochemical,PVAMXWLZJKTXFW-VQMOFDJESA-N,HAS_BIOACTIVITY,Bioactivity,BA_001566,has_bioactivity,Associated phytochemical has respective bioactivity
Phytochemical,PVAMXWLZJKTXFW-VQMOFDJESA-N,HAS_BIOACTIVITY,Bioactivity,BA_002925,has_bioactivity,Associated phytochemical has respective bioactivity
Phytochemical,PVAMXWLZJKTXFW-VQMOFDJESA-N,HAS_BIOACTIVITY,Bioactivity,BA_000071,has_bioactivity,Associated phytochemical has respective bioactivity
Phytochemical,PVAMXWLZJKTXFW-VQMOFDJESA-N,HAS_BIOACTIVITY,Bioactivity,BA_001759,has_bioactivity,Associated phytochemical has respective bioactivity
Phytochemical,PVAMXWLZJKTXFW-VQMOFDJESA-N,HAS_BIOACTIVITY,Bioactivity,BA_002926,has_bioactivity,Associated phytochemical has respective bioactivity
Phytochemical,PVAMXWLZJKTXFW-VQMOFDJESA-N,HAS_BIOACTIVITY,Bioactivity,BA_002927,has_bioactivity,Associated phytochemical has respective bioactivity
Phytochemical,PVAMXWLZJKTXFW-VQMOFDJESA-N,HAS_BIOACTIVITY,Bioactivity,BA_002928,has_bioactivity,Associated phytochemical has respective bioactivity
Phytochemical,PVAMXWLZJKTXFW-VQMOFDJESA-N,HAS_BIOACTIVITY,Bioactivity,BA_002929,has_bioactivity,Associated phytochemical has respective bioactivity
Phytochemical,PVAMXWLZJKTXFW-VQMOFDJESA-N,HAS_BIOACTIVITY,Bioactivity,BA_002930,has_bioactivity,Associated phytochemical has respective bioactivity
Phytochemical,PVAMXWLZJKTXFW-VQMOFDJESA-N,HAS_BIOACTIVITY,Bioactivity,BA_002931,has_bioactivity,Associated phytochemical has respective bioactivity
Phytochemical,PVAMXWLZJKTXFW-VQMOFDJESA-N,HAS_BIOACTIVITY,Bioactivity,BA_000091,has_bioactivity,Associated phytochemical has respective bioactivity
Phytochemical,PVAMXWLZJKTXFW-VQMOFDJESA-N,HAS_BIOACTIVITY,Bioactivity,BA_002932,has_bioactivity,Associated phytochemical has respective bioactivity
Phytochemical,PVAMXWLZJKTXFW-VQMOFDJESA-N,HAS_BIOACTIVITY,Bioactivity,BA_002933,has_bioactivity,Associated phytochemical has respective bioactivity
Phytochemical,PVAMXWLZJKTXFW-VQMOFDJESA-N,HAS_BIOACTIVITY,Bioactivity,BA_002934,has_bioactivity,Associated phytochemical has respective bioactivity
Phytochemical,ZRSNZINYAWTAHE-UHFFFAOYSA-N,HAS_BIOACTIVITY,Bioactivity,BA_002935,has_bioactivity,Associated phytochemical has respective bioactivity
Phytochemical,ZRSNZINYAWTAHE-UHFFFAOYSA-N,HAS_BIOACTIVITY,Bioactivity,BA_001294,has_bioactivity,Associated phytochemical has respective bioactivity
Phytochemical,ZRSNZINYAWTAHE-UHFFFAOYSA-N,HAS_BIOACTIVITY,Bioactivity,BA_002936,has_bioactivity,Associated phytochemical has respective bioactivity
Phytochemical,DOIRQSBPFJWKBE-UHFFFAOYSA-N,HAS_BIOACTIVITY,Bioactivity,BA_002937,has_bioactivity,Associated phytochemical has respective bioactivity
Phytochemical,DOIRQSBPFJWKBE-UHFFFAOYSA-N,HAS_BIOACTIVITY,Bioactivity,BA_001128,has_bioactivity,Associated phytochemical has respective bioactivity
Phytochemical,DOIRQSBPFJWKBE-UHFFFAOYSA-N,HAS_BIOACTIVITY,Bioactivity,BA_002938,has_bioactivity,Associated phytochemical has respective bioactivity
Phytochemical,UHIGZYLCYRQESL-VJWFJHQPSA-N,HAS_BIOACTIVITY,Bioactivity,BA_002939,has_bioactivity,Associated phytochemical has respective bioactivity
Phytochemical,BITHHVVYSMSWAG-KTKRTIGZSA-N,HAS_BIOACTIVITY,Bioactivity,BA_002940,has_bioactivity,Associated phytochemical has respective bioactivity
Phytochemical,QIGBRXMKCJKVMJ-UHFFFAOYSA-N,HAS_BIOACTIVITY,Bioactivity,BA_002941,has_bioactivity,Associated phytochemical has respective bioactivity
Phytochemical,QIGBRXMKCJKVMJ-UHFFFAOYSA-N,HAS_BIOACTIVITY,Bioactivity,BA_002942,has_bioactivity,Associated phytochemical has respective bioactivity
Phytochemical,QIGBRXMKCJKVMJ-UHFFFAOYSA-N,HAS_BIOACTIVITY,Bioactivity,BA_002943,has_bioactivity,Associated phytochemical has respective bioactivity
Phytochemical,QIGBRXMKCJKVMJ-UHFFFAOYSA-N,HAS_BIOACTIVITY,Bioactivity,BA_002944,has_bioactivity,Associated phytochemical has respective bioactivity
Phytochemical,QIGBRXMKCJKVMJ-UHFFFAOYSA-N,HAS_BIOACTIVITY,Bioactivity,BA_000744,has_bioactivity,Associated phytochemical has respective bioactivity
Phytochemical,QIGBRXMKCJKVMJ-UHFFFAOYSA-N,HAS_BIOACTIVITY,Bioactivity,BA_001038,has_bioactivity,Associated phytochemical has respective bioactivity
Phytochemical,QIGBRXMKCJKVMJ-UHFFFAOYSA-N,HAS_BIOACTIVITY,Bioactivity,BA_002345,has_bioactivity,Associated phytochemical has respective bioactivity
Phytochemical,QIGBRXMKCJKVMJ-UHFFFAOYSA-N,HAS_BIOACTIVITY,Bioactivity,BA_000047,has_bioactivity,Associated phytochemical has respective bioactivity
Phytochemical,QIGBRXMKCJKVMJ-UHFFFAOYSA-N,HAS_BIOACTIVITY,Bioactivity,BA_000223,has_bioactivity,Associated phytochemical has respective bioactivity
Phytochemical,QIGBRXMKCJKVMJ-UHFFFAOYSA-N,HAS_BIOACTIVITY,Bioactivity,BA_002945,has_bioactivity,Associated phytochemical has respective bioactivity
Phytochemical,QIGBRXMKCJKVMJ-UHFFFAOYSA-N,HAS_BIOACTIVITY,Bioactivity,BA_002946,has_bioactivity,Associated phytochemical has respective bioactivity
Phytochemical,QIGBRXMKCJKVMJ-UHFFFAOYSA-N,HAS_BIOACTIVITY,Bioactivity,BA_000228,has_bioactivity,Associated phytochemical has respective bioactivity
Phytochemical,QIGBRXMKCJKVMJ-UHFFFAOYSA-N,HAS_BIOACTIVITY,Bioactivity,BA_000227,has_bioactivity,Associated phytochemical has respective bioactivity
Phytochemical,QIGBRXMKCJKVMJ-UHFFFAOYSA-N,HAS_BIOACTIVITY,Bioactivity,BA_000059,has_bioactivity,Associated phytochemical has respective bioactivity
Phytochemical,QIGBRXMKCJKVMJ-UHFFFAOYSA-N,HAS_BIOACTIVITY,Bioactivity,BA_002947,has_bioactivity,Associated phytochemical has respective bioactivity
Phytochemical,QIGBRXMKCJKVMJ-UHFFFAOYSA-N,HAS_BIOACTIVITY,Bioactivity,BA_002443,has_bioactivity,Associated phytochemical has respective bioactivity
Phytochemical,QIGBRXMKCJKVMJ-UHFFFAOYSA-N,HAS_BIOACTIVITY,Bioactivity,BA_002948,has_bioactivity,Associated phytochemical has respective bioactivity
Phytochemical,QIGBRXMKCJKVMJ-UHFFFAOYSA-N,HAS_BIOACTIVITY,Bioactivity,BA_002949,has_bioactivity,Associated phytochemical has respective bioactivity
Phytochemical,QIGBRXMKCJKVMJ-UHFFFAOYSA-N,HAS_BIOACTIVITY,Bioactivity,BA_002559,has_bioactivity,Associated phytochemical has respective bioactivity
Phytochemical,QIGBRXMKCJKVMJ-UHFFFAOYSA-N,HAS_BIOACTIVITY,Bioactivity,BA_002950,has_bioactivity,Associated phytochemical has respective bioactivity
Phytochemical,QIGBRXMKCJKVMJ-UHFFFAOYSA-N,HAS_BIOACTIVITY,Bioactivity,BA_002951,has_bioactivity,Associated phytochemical has respective bioactivity
Phytochemical,QIGBRXMKCJKVMJ-UHFFFAOYSA-N,HAS_BIOACTIVITY,Bioactivity,BA_002952,has_bioactivity,Associated phytochemical has respective bioactivity
Phytochemical,DOUMFZQKYFQNTF-WUTVXBCWSA-N,HAS_BIOACTIVITY,Bioactivity,BA_002953,has_bioactivity,Associated phytochemical has respective bioactivity
Phytochemical,DOUMFZQKYFQNTF-WUTVXBCWSA-N,HAS_BIOACTIVITY,Bioactivity,BA_002954,has_bioactivity,Associated phytochemical has respective bioactivity
Phytochemical,DOUMFZQKYFQNTF-WUTVXBCWSA-N,HAS_BIOACTIVITY,Bioactivity,BA_002955,has_bioactivity,Associated phytochemical has respective bioactivity
Phytochemical,DOUMFZQKYFQNTF-WUTVXBCWSA-N,HAS_BIOACTIVITY,Bioactivity,BA_002956,has_bioactivity,Associated phytochemical has respective bioactivity
Phytochemical,DOUMFZQKYFQNTF-WUTVXBCWSA-N,HAS_BIOACTIVITY,Bioactivity,BA_002957,has_bioactivity,Associated phytochemical has respective bioactivity
Phytochemical,DOUMFZQKYFQNTF-WUTVXBCWSA-N,HAS_BIOACTIVITY,Bioactivity,BA_002958,has_bioactivity,Associated phytochemical has respective bioactivity
Phytochemical,DOUMFZQKYFQNTF-WUTVXBCWSA-N,HAS_BIOACTIVITY,Bioactivity,BA_002959,has_bioactivity,Associated phytochemical has respective bioactivity
Phytochemical,DOUMFZQKYFQNTF-WUTVXBCWSA-N,HAS_BIOACTIVITY,Bioactivity,BA_002960,has_bioactivity,Associated phytochemical has respective bioactivity
Phytochemical,DOUMFZQKYFQNTF-WUTVXBCWSA-N,HAS_BIOACTIVITY,Bioactivity,BA_002961,has_bioactivity,Associated phytochemical has respective bioactivity
Phytochemical,DOUMFZQKYFQNTF-WUTVXBCWSA-N,HAS_BIOACTIVITY,Bioactivity,BA_002962,has_bioactivity,Associated phytochemical has respective bioactivity
Phytochemical,DOUMFZQKYFQNTF-WUTVXBCWSA-N,HAS_BIOACTIVITY,Bioactivity,BA_002963,has_bioactivity,Associated phytochemical has respective bioactivity
Phytochemical,DOUMFZQKYFQNTF-WUTVXBCWSA-N,HAS_BIOACTIVITY,Bioactivity,BA_000771,has_bioactivity,Associated phytochemical has respective bioactivity
Phytochemical,DOUMFZQKYFQNTF-WUTVXBCWSA-N,HAS_BIOACTIVITY,Bioactivity,BA_002964,has_bioactivity,Associated phytochemical has respective bioactivity
Phytochemical,DOUMFZQKYFQNTF-WUTVXBCWSA-N,HAS_BIOACTIVITY,Bioactivity,BA_002965,has_bioactivity,Associated phytochemical has respective bioactivity
Phytochemical,DOUMFZQKYFQNTF-WUTVXBCWSA-N,HAS_BIOACTIVITY,Bioactivity,BA_000576,has_bioactivity,Associated phytochemical has respective bioactivity
Phytochemical,DOUMFZQKYFQNTF-WUTVXBCWSA-N,HAS_BIOACTIVITY,Bioactivity,BA_002966,has_bioactivity,Associated phytochemical has respective bioactivity
Phytochemical,DOUMFZQKYFQNTF-WUTVXBCWSA-N,HAS_BIOACTIVITY,Bioactivity,BA_002967,has_bioactivity,Associated phytochemical has respective bioactivity
Phytochemical,DOUMFZQKYFQNTF-WUTVXBCWSA-N,HAS_BIOACTIVITY,Bioactivity,BA_002968,has_bioactivity,Associated phytochemical has respective bioactivity
Phytochemical,DOUMFZQKYFQNTF-WUTVXBCWSA-N,HAS_BIOACTIVITY,Bioactivity,BA_002969,has_bioactivity,Associated phytochemical has respective bioactivity
Phytochemical,KWKAKUADMBZCLK-UHFFFAOYSA-N,HAS_BIOACTIVITY,Bioactivity,BA_000618,has_bioactivity,Associated phytochemical has respective bioactivity
Phytochemical,VQKFNUFAXTZWDK-UHFFFAOYSA-N,HAS_BIOACTIVITY,Bioactivity,BA_002970,has_bioactivity,Associated phytochemical has respective bioactivity
Phytochemical,CSCPPACGZOOCGX-UHFFFAOYSA-N,HAS_BIOACTIVITY,Bioactivity,BA_002971,has_bioactivity,Associated phytochemical has respective bioactivity
Phytochemical,CSCPPACGZOOCGX-UHFFFAOYSA-N,HAS_BIOACTIVITY,Bioactivity,BA_000582,has_bioactivity,Associated phytochemical has respective bioactivity
Phytochemical,ZTQSAGDEMFDKMZ-UHFFFAOYSA-N,HAS_BIOACTIVITY,Bioactivity,BA_000220,has_bioactivity,Associated phytochemical has respective bioactivity
Phytochemical,KFZMGEQAYNKOFK-UHFFFAOYSA-N,HAS_BIOACTIVITY,Bioactivity,BA_002972,has_bioactivity,Associated phytochemical has respective bioactivity
Phytochemical,KFZMGEQAYNKOFK-UHFFFAOYSA-N,HAS_BIOACTIVITY,Bioactivity,BA_002973,has_bioactivity,Associated phytochemical has respective bioactivity
Phytochemical,KFZMGEQAYNKOFK-UHFFFAOYSA-N,HAS_BIOACTIVITY,Bioactivity,BA_002974,has_bioactivity,Associated phytochemical has respective bioactivity
Phytochemical,KXKVLQRXCPHEJC-UHFFFAOYSA-N,HAS_BIOACTIVITY,Bioactivity,BA_002975,has_bioactivity,Associated phytochemical has respective bioactivity
Phytochemical,BKIMMITUMNQMOS-UHFFFAOYSA-N,HAS_BIOACTIVITY,Bioactivity,BA_000971,has_bioactivity,Associated phytochemical has respective bioactivity
Phytochemical,YXFVVABEGXRONW-UHFFFAOYSA-N,HAS_BIOACTIVITY,Bioactivity,BA_000660,has_bioactivity,Associated phytochemical has respective bioactivity
Phytochemical,YXFVVABEGXRONW-UHFFFAOYSA-N,HAS_BIOACTIVITY,Bioactivity,BA_002976,has_bioactivity,Associated phytochemical has respective bioactivity
Phytochemical,YXFVVABEGXRONW-UHFFFAOYSA-N,HAS_BIOACTIVITY,Bioactivity,BA_001181,has_bioactivity,Associated phytochemical has respective bioactivity
Phytochemical,YXFVVABEGXRONW-UHFFFAOYSA-N,HAS_BIOACTIVITY,Bioactivity,BA_000936,has_bioactivity,Associated phytochemical has respective bioactivity
Phytochemical,BATOPAZDIZEVQF-MQQKCMAXSA-N,HAS_BIOACTIVITY,Bioactivity,BA_002977,has_bioactivity,Associated phytochemical has respective bioactivity
Phytochemical,ZEYHEAKUIGZSGI-UHFFFAOYSA-N,HAS_BIOACTIVITY,Bioactivity,BA_002978,has_bioactivity,Associated phytochemical has respective bioactivity
Phytochemical,ZEYHEAKUIGZSGI-UHFFFAOYSA-N,HAS_BIOACTIVITY,Bioactivity,BA_002979,has_bioactivity,Associated phytochemical has respective bioactivity
Phytochemical,KNKVJBRMGKXDGO-UHFFFAOYSA-N,HAS_BIOACTIVITY,Bioactivity,BA_002980,has_bioactivity,Associated phytochemical has respective bioactivity
Phytochemical,KNKVJBRMGKXDGO-UHFFFAOYSA-N,HAS_BIOACTIVITY,Bioactivity,BA_002981,has_bioactivity,Associated phytochemical has respective bioactivity
Phytochemical,ONYOTXAYIZRIPJ-UHFFFAOYSA-N,HAS_BIOACTIVITY,Bioactivity,BA_000221,has_bioactivity,Associated phytochemical has respective bioactivity
Phytochemical,ZCTQGTTXIYCGGC-UHFFFAOYSA-N,HAS_BIOACTIVITY,Bioactivity,BA_002982,has_bioactivity,Associated phytochemical has respective bioactivity
Phytochemical,ZCTQGTTXIYCGGC-UHFFFAOYSA-N,HAS_BIOACTIVITY,Bioactivity,BA_000802,has_bioactivity,Associated phytochemical has respective bioactivity
Phytochemical,RUVINXPYWBROJD-ARJAWSKDSA-N,HAS_BIOACTIVITY,Bioactivity,BA_002983,has_bioactivity,Associated phytochemical has respective bioactivity
Phytochemical,RUVINXPYWBROJD-ARJAWSKDSA-N,HAS_BIOACTIVITY,Bioactivity,BA_002407,has_bioactivity,Associated phytochemical has respective bioactivity
Phytochemical,RUVINXPYWBROJD-ARJAWSKDSA-N,HAS_BIOACTIVITY,Bioactivity,BA_002984,has_bioactivity,Associated phytochemical has respective bioactivity
Phytochemical,QQRSPHJOOXUALR-UHFFFAOYSA-N,HAS_BIOACTIVITY,Bioactivity,BA_002497,has_bioactivity,Associated phytochemical has respective bioactivity
Phytochemical,QQRSPHJOOXUALR-UHFFFAOYSA-N,HAS_BIOACTIVITY,Bioactivity,BA_000060,has_bioactivity,Associated phytochemical has respective bioactivity
Phytochemical,ZIIAJIWLQUVGHB-UHFFFAOYSA-N,HAS_BIOACTIVITY,Bioactivity,BA_002985,has_bioactivity,Associated phytochemical has respective bioactivity
Phytochemical,ZIIAJIWLQUVGHB-UHFFFAOYSA-N,HAS_BIOACTIVITY,Bioactivity,BA_000771,has_bioactivity,Associated phytochemical has respective bioactivity
Phytochemical,ZIIAJIWLQUVGHB-UHFFFAOYSA-N,HAS_BIOACTIVITY,Bioactivity,BA_000418,has_bioactivity,Associated phytochemical has respective bioactivity
Phytochemical,ZIIAJIWLQUVGHB-UHFFFAOYSA-N,HAS_BIOACTIVITY,Bioactivity,BA_002986,has_bioactivity,Associated phytochemical has respective bioactivity
Phytochemical,ZIIAJIWLQUVGHB-UHFFFAOYSA-N,HAS_BIOACTIVITY,Bioactivity,BA_002987,has_bioactivity,Associated phytochemical has respective bioactivity
Phytochemical,OROGSEYTTFOCAN-DNJOTXNNSA-N,HAS_BIOACTIVITY,Bioactivity,BA_002988,has_bioactivity,Associated phytochemical has respective bioactivity
Phytochemical,OROGSEYTTFOCAN-DNJOTXNNSA-N,HAS_BIOACTIVITY,Bioactivity,BA_002989,has_bioactivity,Associated phytochemical has respective bioactivity
Phytochemical,OROGSEYTTFOCAN-DNJOTXNNSA-N,HAS_BIOACTIVITY,Bioactivity,BA_002990,has_bioactivity,Associated phytochemical has respective bioactivity
Phytochemical,OROGSEYTTFOCAN-DNJOTXNNSA-N,HAS_BIOACTIVITY,Bioactivity,BA_002991,has_bioactivity,Associated phytochemical has respective bioactivity
Phytochemical,OROGSEYTTFOCAN-DNJOTXNNSA-N,HAS_BIOACTIVITY,Bioactivity,BA_002992,has_bioactivity,Associated phytochemical has respective bioactivity
Phytochemical,OROGSEYTTFOCAN-DNJOTXNNSA-N,HAS_BIOACTIVITY,Bioactivity,BA_002993,has_bioactivity,Associated phytochemical has respective bioactivity
Phytochemical,ZZTYPLSBNNGEIS-OPAXANQDSA-N,HAS_BIOACTIVITY,Bioactivity,BA_002994,has_bioactivity,Associated phytochemical has respective bioactivity
Phytochemical,ZZTYPLSBNNGEIS-OPAXANQDSA-N,HAS_BIOACTIVITY,Bioactivity,BA_002995,has_bioactivity,Associated phytochemical has respective bioactivity
Phytochemical,QCDYOIZVELGOLZ-UHFFFAOYSA-N,HAS_BIOACTIVITY,Bioactivity,BA_002996,has_bioactivity,Associated phytochemical has respective bioactivity
Phytochemical,QCDYOIZVELGOLZ-UHFFFAOYSA-N,HAS_BIOACTIVITY,Bioactivity,BA_002997,has_bioactivity,Associated phytochemical has respective bioactivity
Phytochemical,QCDYOIZVELGOLZ-UHFFFAOYSA-N,HAS_BIOACTIVITY,Bioactivity,BA_002998,has_bioactivity,Associated phytochemical has respective bioactivity
Phytochemical,CXQWRCVTCMQVQX-LSDHHAIUSA-N,HAS_BIOACTIVITY,Bioactivity,BA_000940,has_bioactivity,Associated phytochemical has respective bioactivity
Phytochemical,CXQWRCVTCMQVQX-LSDHHAIUSA-N,HAS_BIOACTIVITY,Bioactivity,BA_001322,has_bioactivity,Associated phytochemical has respective bioactivity
Phytochemical,CXQWRCVTCMQVQX-LSDHHAIUSA-N,HAS_BIOACTIVITY,Bioactivity,BA_000389,has_bioactivity,Associated phytochemical has respective bioactivity
Phytochemical,CXQWRCVTCMQVQX-LSDHHAIUSA-N,HAS_BIOACTIVITY,Bioactivity,BA_002999,has_bioactivity,Associated phytochemical has respective bioactivity
Phytochemical,CXQWRCVTCMQVQX-LSDHHAIUSA-N,HAS_BIOACTIVITY,Bioactivity,BA_003000,has_bioactivity,Associated phytochemical has respective bioactivity
Phytochemical,CXQWRCVTCMQVQX-LSDHHAIUSA-N,HAS_BIOACTIVITY,Bioactivity,BA_000768,has_bioactivity,Associated phytochemical has respective bioactivity
Phytochemical,CXQWRCVTCMQVQX-LSDHHAIUSA-N,HAS_BIOACTIVITY,Bioactivity,BA_003001,has_bioactivity,Associated phytochemical has respective bioactivity
Phytochemical,CXQWRCVTCMQVQX-LSDHHAIUSA-N,HAS_BIOACTIVITY,Bioactivity,BA_003002,has_bioactivity,Associated phytochemical has respective bioactivity
Phytochemical,CXQWRCVTCMQVQX-LSDHHAIUSA-N,HAS_BIOACTIVITY,Bioactivity,BA_003003,has_bioactivity,Associated phytochemical has respective bioactivity
Phytochemical,CXQWRCVTCMQVQX-LSDHHAIUSA-N,HAS_BIOACTIVITY,Bioactivity,BA_003004,has_bioactivity,Associated phytochemical has respective bioactivity
Phytochemical,CXQWRCVTCMQVQX-LSDHHAIUSA-N,HAS_BIOACTIVITY,Bioactivity,BA_003005,has_bioactivity,Associated phytochemical has respective bioactivity
Phytochemical,OXVUXGFZHDKYLS-BLIWDXROSA-N,HAS_BIOACTIVITY,Bioactivity,BA_003006,has_bioactivity,Associated phytochemical has respective bioactivity
Phytochemical,LUJAXSNNYBCFEE-UHFFFAOYSA-N,HAS_BIOACTIVITY,Bioactivity,BA_003007,has_bioactivity,Associated phytochemical has respective bioactivity
Phytochemical,LUJAXSNNYBCFEE-UHFFFAOYSA-N,HAS_BIOACTIVITY,Bioactivity,BA_003008,has_bioactivity,Associated phytochemical has respective bioactivity
Phytochemical,XTLSKKJNOIMMBK-UHFFFAOYSA-N,HAS_BIOACTIVITY,Bioactivity,BA_003009,has_bioactivity,Associated phytochemical has respective bioactivity
Phytochemical,XTLSKKJNOIMMBK-UHFFFAOYSA-N,HAS_BIOACTIVITY,Bioactivity,BA_003010,has_bioactivity,Associated phytochemical has respective bioactivity
Phytochemical,XTLSKKJNOIMMBK-UHFFFAOYSA-N,HAS_BIOACTIVITY,Bioactivity,BA_003011,has_bioactivity,Associated phytochemical has respective bioactivity
Phytochemical,XTLSKKJNOIMMBK-UHFFFAOYSA-N,HAS_BIOACTIVITY,Bioactivity,BA_003012,has_bioactivity,Associated phytochemical has respective bioactivity
Phytochemical,XTLSKKJNOIMMBK-UHFFFAOYSA-N,HAS_BIOACTIVITY,Bioactivity,BA_003013,has_bioactivity,Associated phytochemical has respective bioactivity
Phytochemical,NQNOTBRHBRJKKH-UHFFFAOYSA-N,HAS_BIOACTIVITY,Bioactivity,BA_003014,has_bioactivity,Associated phytochemical has respective bioactivity
Phytochemical,NQNOTBRHBRJKKH-UHFFFAOYSA-N,HAS_BIOACTIVITY,Bioactivity,BA_003015,has_bioactivity,Associated phytochemical has respective bioactivity
Phytochemical,NQNOTBRHBRJKKH-UHFFFAOYSA-N,HAS_BIOACTIVITY,Bioactivity,BA_003016,has_bioactivity,Associated phytochemical has respective bioactivity
Phytochemical,NQNOTBRHBRJKKH-UHFFFAOYSA-N,HAS_BIOACTIVITY,Bioactivity,BA_003017,has_bioactivity,Associated phytochemical has respective bioactivity
Phytochemical,NQNOTBRHBRJKKH-UHFFFAOYSA-N,HAS_BIOACTIVITY,Bioactivity,BA_003018,has_bioactivity,Associated phytochemical has respective bioactivity
Phytochemical,NAMFTZBUZYVNST-UHFFFAOYSA-N,HAS_BIOACTIVITY,Bioactivity,BA_003019,has_bioactivity,Associated phytochemical has respective bioactivity
Phytochemical,NAMFTZBUZYVNST-UHFFFAOYSA-N,HAS_BIOACTIVITY,Bioactivity,BA_003020,has_bioactivity,Associated phytochemical has respective bioactivity
Phytochemical,DPAGRPSAFDXQDN-UHFFFAOYSA-N,HAS_BIOACTIVITY,Bioactivity,BA_000050,has_bioactivity,Associated phytochemical has respective bioactivity
Phytochemical,DPAGRPSAFDXQDN-UHFFFAOYSA-N,HAS_BIOACTIVITY,Bioactivity,BA_003021,has_bioactivity,Associated phytochemical has respective bioactivity
Phytochemical,DPAGRPSAFDXQDN-UHFFFAOYSA-N,HAS_BIOACTIVITY,Bioactivity,BA_003022,has_bioactivity,Associated phytochemical has respective bioactivity
Phytochemical,LKPQNZRGGNOPPU-UHFFFAOYSA-N,HAS_BIOACTIVITY,Bioactivity,BA_000219,has_bioactivity,Associated phytochemical has respective bioactivity
Phytochemical,LKPQNZRGGNOPPU-UHFFFAOYSA-N,HAS_BIOACTIVITY,Bioactivity,BA_000043,has_bioactivity,Associated phytochemical has respective bioactivity
Phytochemical,LKPQNZRGGNOPPU-UHFFFAOYSA-N,HAS_BIOACTIVITY,Bioactivity,BA_000161,has_bioactivity,Associated phytochemical has respective bioactivity
Phytochemical,LKPQNZRGGNOPPU-UHFFFAOYSA-N,HAS_BIOACTIVITY,Bioactivity,BA_000062,has_bioactivity,Associated phytochemical has respective bioactivity
Phytochemical,LKPQNZRGGNOPPU-UHFFFAOYSA-N,HAS_BIOACTIVITY,Bioactivity,BA_002915,has_bioactivity,Associated phytochemical has respective bioactivity
Phytochemical,LKPQNZRGGNOPPU-UHFFFAOYSA-N,HAS_BIOACTIVITY,Bioactivity,BA_003023,has_bioactivity,Associated phytochemical has respective bioactivity
Phytochemical,LKPQNZRGGNOPPU-UHFFFAOYSA-N,HAS_BIOACTIVITY,Bioactivity,BA_002986,has_bioactivity,Associated phytochemical has respective bioactivity
Phytochemical,LKPQNZRGGNOPPU-UHFFFAOYSA-N,HAS_BIOACTIVITY,Bioactivity,BA_003024,has_bioactivity,Associated phytochemical has respective bioactivity
Phytochemical,LKPQNZRGGNOPPU-UHFFFAOYSA-N,HAS_BIOACTIVITY,Bioactivity,BA_003025,has_bioactivity,Associated phytochemical has respective bioactivity
Phytochemical,LKPQNZRGGNOPPU-UHFFFAOYSA-N,HAS_BIOACTIVITY,Bioactivity,BA_003026,has_bioactivity,Associated phytochemical has respective bioactivity
Phytochemical,LKPQNZRGGNOPPU-UHFFFAOYSA-N,HAS_BIOACTIVITY,Bioactivity,BA_003027,has_bioactivity,Associated phytochemical has respective bioactivity
Phytochemical,LKPQNZRGGNOPPU-UHFFFAOYSA-N,HAS_BIOACTIVITY,Bioactivity,BA_003028,has_bioactivity,Associated phytochemical has respective bioactivity
Phytochemical,LKPQNZRGGNOPPU-UHFFFAOYSA-N,HAS_BIOACTIVITY,Bioactivity,BA_003029,has_bioactivity,Associated phytochemical has respective bioactivity
Phytochemical,UEXPKLJRGIWQBF-CSKARUKUSA-N,HAS_BIOACTIVITY,Bioactivity,BA_003030,has_bioactivity,Associated phytochemical has respective bioactivity
Phytochemical,UEXPKLJRGIWQBF-CSKARUKUSA-N,HAS_BIOACTIVITY,Bioactivity,BA_003031,has_bioactivity,Associated phytochemical has respective bioactivity
Phytochemical,UEXPKLJRGIWQBF-CSKARUKUSA-N,HAS_BIOACTIVITY,Bioactivity,BA_003032,has_bioactivity,Associated phytochemical has respective bioactivity
Phytochemical,OLRNTGNFKYRPHW-UHFFFAOYSA-N,HAS_BIOACTIVITY,Bioactivity,BA_003033,has_bioactivity,Associated phytochemical has respective bioactivity
Phytochemical,OLRNTGNFKYRPHW-UHFFFAOYSA-N,HAS_BIOACTIVITY,Bioactivity,BA_003034,has_bioactivity,Associated phytochemical has respective bioactivity
Phytochemical,OLRNTGNFKYRPHW-UHFFFAOYSA-N,HAS_BIOACTIVITY,Bioactivity,BA_003035,has_bioactivity,Associated phytochemical has respective bioactivity
Phytochemical,OLRNTGNFKYRPHW-UHFFFAOYSA-N,HAS_BIOACTIVITY,Bioactivity,BA_003036,has_bioactivity,Associated phytochemical has respective bioactivity
Phytochemical,IGFBIJDAWSAJIF-UHFFFAOYSA-N,HAS_BIOACTIVITY,Bioactivity,BA_003037,has_bioactivity,Associated phytochemical has respective bioactivity
Phytochemical,IGFBIJDAWSAJIF-UHFFFAOYSA-N,HAS_BIOACTIVITY,Bioactivity,BA_003038,has_bioactivity,Associated phytochemical has respective bioactivity
Phytochemical,IGFBIJDAWSAJIF-UHFFFAOYSA-N,HAS_BIOACTIVITY,Bioactivity,BA_003016,has_bioactivity,Associated phytochemical has respective bioactivity
Phytochemical,IGFBIJDAWSAJIF-UHFFFAOYSA-N,HAS_BIOACTIVITY,Bioactivity,BA_003039,has_bioactivity,Associated phytochemical has respective bioactivity
Phytochemical,IGFBIJDAWSAJIF-UHFFFAOYSA-N,HAS_BIOACTIVITY,Bioactivity,BA_003040,has_bioactivity,Associated phytochemical has respective bioactivity
Phytochemical,WNUBZQVPFKTBOZ-QPJJXVBHSA-N,HAS_BIOACTIVITY,Bioactivity,BA_003041,has_bioactivity,Associated phytochemical has respective bioactivity
Phytochemical,QCDWFXQBSFUVSP-UHFFFAOYSA-N,HAS_BIOACTIVITY,Bioactivity,BA_003042,has_bioactivity,Associated phytochemical has respective bioactivity
Phytochemical,QCDWFXQBSFUVSP-UHFFFAOYSA-N,HAS_BIOACTIVITY,Bioactivity,BA_003043,has_bioactivity,Associated phytochemical has respective bioactivity
Phytochemical,QCDWFXQBSFUVSP-UHFFFAOYSA-N,HAS_BIOACTIVITY,Bioactivity,BA_000772,has_bioactivity,Associated phytochemical has respective bioactivity
Phytochemical,DHKHKXVYLBGOIT-UHFFFAOYSA-N,HAS_BIOACTIVITY,Bioactivity,BA_001874,has_bioactivity,Associated phytochemical has respective bioactivity
Phytochemical,MNWFXJYAOYHMED-UHFFFAOYSA-N,HAS_BIOACTIVITY,Bioactivity,BA_003044,has_bioactivity,Associated phytochemical has respective bioactivity
Phytochemical,GLDOVTGHNKAZLK-UHFFFAOYSA-N,HAS_BIOACTIVITY,Bioactivity,BA_003045,has_bioactivity,Associated phytochemical has respective bioactivity
Phytochemical,GLDOVTGHNKAZLK-UHFFFAOYSA-N,HAS_BIOACTIVITY,Bioactivity,BA_002836,has_bioactivity,Associated phytochemical has respective bioactivity
Phytochemical,IVSZLXZYQVIEFR-UHFFFAOYSA-N,HAS_BIOACTIVITY,Bioactivity,BA_000660,has_bioactivity,Associated phytochemical has respective bioactivity
Phytochemical,IVSZLXZYQVIEFR-UHFFFAOYSA-N,HAS_BIOACTIVITY,Bioactivity,BA_003046,has_bioactivity,Associated phytochemical has respective bioactivity
Phytochemical,IVSZLXZYQVIEFR-UHFFFAOYSA-N,HAS_BIOACTIVITY,Bioactivity,BA_003047,has_bioactivity,Associated phytochemical has respective bioactivity
Phytochemical,IVSZLXZYQVIEFR-UHFFFAOYSA-N,HAS_BIOACTIVITY,Bioactivity,BA_003048,has_bioactivity,Associated phytochemical has respective bioactivity
Phytochemical,DTCCTIQRPGSLPT-ONEGZZNKSA-N,HAS_BIOACTIVITY,Bioactivity,BA_003049,has_bioactivity,Associated phytochemical has respective bioactivity
Phytochemical,KJCVRFUGPWSIIH-UHFFFAOYSA-N,HAS_BIOACTIVITY,Bioactivity,BA_003050,has_bioactivity,Associated phytochemical has respective bioactivity
Phytochemical,BTANRVKWQNVYAZ-UHFFFAOYSA-N,HAS_BIOACTIVITY,Bioactivity,BA_001198,has_bioactivity,Associated phytochemical has respective bioactivity
Phytochemical,BTANRVKWQNVYAZ-UHFFFAOYSA-N,HAS_BIOACTIVITY,Bioactivity,BA_003051,has_bioactivity,Associated phytochemical has respective bioactivity
Phytochemical,POAOYUHQDCAZBD-UHFFFAOYSA-N,HAS_BIOACTIVITY,Bioactivity,BA_000359,has_bioactivity,Associated phytochemical has respective bioactivity
Phytochemical,POAOYUHQDCAZBD-UHFFFAOYSA-N,HAS_BIOACTIVITY,Bioactivity,BA_000608,has_bioactivity,Associated phytochemical has respective bioactivity
Phytochemical,POAOYUHQDCAZBD-UHFFFAOYSA-N,HAS_BIOACTIVITY,Bioactivity,BA_003052,has_bioactivity,Associated phytochemical has respective bioactivity
Phytochemical,BOJKULTULYSRAS-OTESTREVSA-N,HAS_BIOACTIVITY,Bioactivity,BA_002927,has_bioactivity,Associated phytochemical has respective bioactivity
Phytochemical,BOJKULTULYSRAS-OTESTREVSA-N,HAS_BIOACTIVITY,Bioactivity,BA_003053,has_bioactivity,Associated phytochemical has respective bioactivity
Phytochemical,BOJKULTULYSRAS-OTESTREVSA-N,HAS_BIOACTIVITY,Bioactivity,BA_001571,has_bioactivity,Associated phytochemical has respective bioactivity
Phytochemical,BOJKULTULYSRAS-OTESTREVSA-N,HAS_BIOACTIVITY,Bioactivity,BA_000582,has_bioactivity,Associated phytochemical has respective bioactivity
Phytochemical,BOJKULTULYSRAS-OTESTREVSA-N,HAS_BIOACTIVITY,Bioactivity,BA_003054,has_bioactivity,Associated phytochemical has respective bioactivity
Phytochemical,BOJKULTULYSRAS-OTESTREVSA-N,HAS_BIOACTIVITY,Bioactivity,BA_003055,has_bioactivity,Associated phytochemical has respective bioactivity
Phytochemical,BOJKULTULYSRAS-OTESTREVSA-N,HAS_BIOACTIVITY,Bioactivity,BA_003056,has_bioactivity,Associated phytochemical has respective bioactivity
Phytochemical,JXSVIVRDWWRQRT-UYDOISQJSA-N,HAS_BIOACTIVITY,Bioactivity,BA_000001,has_bioactivity,Associated phytochemical has respective bioactivity
Phytochemical,JXSVIVRDWWRQRT-UYDOISQJSA-N,HAS_BIOACTIVITY,Bioactivity,BA_003057,has_bioactivity,Associated phytochemical has respective bioactivity
Phytochemical,IXORZMNAPKEEDV-OBDJNFEBSA-N,HAS_BIOACTIVITY,Bioactivity,BA_001481,has_bioactivity,Associated phytochemical has respective bioactivity
Phytochemical,IXORZMNAPKEEDV-OBDJNFEBSA-N,HAS_BIOACTIVITY,Bioactivity,BA_000976,has_bioactivity,Associated phytochemical has respective bioactivity
Phytochemical,IXORZMNAPKEEDV-OBDJNFEBSA-N,HAS_BIOACTIVITY,Bioactivity,BA_003058,has_bioactivity,Associated phytochemical has respective bioactivity
Phytochemical,FYIJLTSMNXUNLT-CXQFPWCTSA-N,HAS_BIOACTIVITY,Bioactivity,BA_003059,has_bioactivity,Associated phytochemical has respective bioactivity
Phytochemical,CHBITXAMNKHJCR-JNUHSSLSSA-N,HAS_BIOACTIVITY,Bioactivity,BA_003060,has_bioactivity,Associated phytochemical has respective bioactivity
Phytochemical,CHBITXAMNKHJCR-JNUHSSLSSA-N,HAS_BIOACTIVITY,Bioactivity,BA_003061,has_bioactivity,Associated phytochemical has respective bioactivity
Phytochemical,IYMHVUYNBVWXKH-ZITZVVOASA-N,HAS_BIOACTIVITY,Bioactivity,BA_003062,has_bioactivity,Associated phytochemical has respective bioactivity
Phytochemical,IYMHVUYNBVWXKH-ZITZVVOASA-N,HAS_BIOACTIVITY,Bioactivity,BA_003063,has_bioactivity,Associated phytochemical has respective bioactivity
Phytochemical,FBUBVLUPUDBFME-UHFFFAOYSA-N,HAS_BIOACTIVITY,Bioactivity,BA_003064,has_bioactivity,Associated phytochemical has respective bioactivity
Phytochemical,FBUBVLUPUDBFME-UHFFFAOYSA-N,HAS_BIOACTIVITY,Bioactivity,BA_003065,has_bioactivity,Associated phytochemical has respective bioactivity
Phytochemical,FBUBVLUPUDBFME-UHFFFAOYSA-N,HAS_BIOACTIVITY,Bioactivity,BA_003066,has_bioactivity,Associated phytochemical has respective bioactivity
Phytochemical,FBUBVLUPUDBFME-UHFFFAOYSA-N,HAS_BIOACTIVITY,Bioactivity,BA_003067,has_bioactivity,Associated phytochemical has respective bioactivity
Phytochemical,DNXHEGUUPJUMQT-CBZIJGRNSA-N,HAS_BIOACTIVITY,Bioactivity,BA_003068,has_bioactivity,Associated phytochemical has respective bioactivity
Phytochemical,DNXHEGUUPJUMQT-CBZIJGRNSA-N,HAS_BIOACTIVITY,Bioactivity,BA_003069,has_bioactivity,Associated phytochemical has respective bioactivity
Phytochemical,DNXHEGUUPJUMQT-CBZIJGRNSA-N,HAS_BIOACTIVITY,Bioactivity,BA_003070,has_bioactivity,Associated phytochemical has respective bioactivity
Phytochemical,DNXHEGUUPJUMQT-CBZIJGRNSA-N,HAS_BIOACTIVITY,Bioactivity,BA_003071,has_bioactivity,Associated phytochemical has respective bioactivity
Phytochemical,DNXHEGUUPJUMQT-CBZIJGRNSA-N,HAS_BIOACTIVITY,Bioactivity,BA_003072,has_bioactivity,Associated phytochemical has respective bioactivity
Phytochemical,DNXHEGUUPJUMQT-CBZIJGRNSA-N,HAS_BIOACTIVITY,Bioactivity,BA_003073,has_bioactivity,Associated phytochemical has respective bioactivity
Phytochemical,DNXHEGUUPJUMQT-CBZIJGRNSA-N,HAS_BIOACTIVITY,Bioactivity,BA_003074,has_bioactivity,Associated phytochemical has respective bioactivity
Phytochemical,DNXHEGUUPJUMQT-CBZIJGRNSA-N,HAS_BIOACTIVITY,Bioactivity,BA_003075,has_bioactivity,Associated phytochemical has respective bioactivity
Phytochemical,DNXHEGUUPJUMQT-CBZIJGRNSA-N,HAS_BIOACTIVITY,Bioactivity,BA_003076,has_bioactivity,Associated phytochemical has respective bioactivity
Phytochemical,DNXHEGUUPJUMQT-CBZIJGRNSA-N,HAS_BIOACTIVITY,Bioactivity,BA_003077,has_bioactivity,Associated phytochemical has respective bioactivity
Phytochemical,DNXHEGUUPJUMQT-CBZIJGRNSA-N,HAS_BIOACTIVITY,Bioactivity,BA_003078,has_bioactivity,Associated phytochemical has respective bioactivity
Phytochemical,DNXHEGUUPJUMQT-CBZIJGRNSA-N,HAS_BIOACTIVITY,Bioactivity,BA_003079,has_bioactivity,Associated phytochemical has respective bioactivity
Phytochemical,DNXHEGUUPJUMQT-CBZIJGRNSA-N,HAS_BIOACTIVITY,Bioactivity,BA_003080,has_bioactivity,Associated phytochemical has respective bioactivity
Phytochemical,DNXHEGUUPJUMQT-CBZIJGRNSA-N,HAS_BIOACTIVITY,Bioactivity,BA_003081,has_bioactivity,Associated phytochemical has respective bioactivity
Phytochemical,DNXHEGUUPJUMQT-CBZIJGRNSA-N,HAS_BIOACTIVITY,Bioactivity,BA_003082,has_bioactivity,Associated phytochemical has respective bioactivity
Phytochemical,DNXHEGUUPJUMQT-CBZIJGRNSA-N,HAS_BIOACTIVITY,Bioactivity,BA_003083,has_bioactivity,Associated phytochemical has respective bioactivity
Phytochemical,DNXHEGUUPJUMQT-CBZIJGRNSA-N,HAS_BIOACTIVITY,Bioactivity,BA_003084,has_bioactivity,Associated phytochemical has respective bioactivity
Phytochemical,DNXHEGUUPJUMQT-CBZIJGRNSA-N,HAS_BIOACTIVITY,Bioactivity,BA_003085,has_bioactivity,Associated phytochemical has respective bioactivity
Phytochemical,DNXHEGUUPJUMQT-CBZIJGRNSA-N,HAS_BIOACTIVITY,Bioactivity,BA_003086,has_bioactivity,Associated phytochemical has respective bioactivity
Phytochemical,DNXHEGUUPJUMQT-CBZIJGRNSA-N,HAS_BIOACTIVITY,Bioactivity,BA_003087,has_bioactivity,Associated phytochemical has respective bioactivity
Phytochemical,DNXHEGUUPJUMQT-CBZIJGRNSA-N,HAS_BIOACTIVITY,Bioactivity,BA_003088,has_bioactivity,Associated phytochemical has respective bioactivity
Phytochemical,DNXHEGUUPJUMQT-CBZIJGRNSA-N,HAS_BIOACTIVITY,Bioactivity,BA_003089,has_bioactivity,Associated phytochemical has respective bioactivity
Phytochemical,DNXHEGUUPJUMQT-CBZIJGRNSA-N,HAS_BIOACTIVITY,Bioactivity,BA_003090,has_bioactivity,Associated phytochemical has respective bioactivity
Phytochemical,DNXHEGUUPJUMQT-CBZIJGRNSA-N,HAS_BIOACTIVITY,Bioactivity,BA_003091,has_bioactivity,Associated phytochemical has respective bioactivity
Phytochemical,DNXHEGUUPJUMQT-CBZIJGRNSA-N,HAS_BIOACTIVITY,Bioactivity,BA_003092,has_bioactivity,Associated phytochemical has respective bioactivity
Phytochemical,DNXHEGUUPJUMQT-CBZIJGRNSA-N,HAS_BIOACTIVITY,Bioactivity,BA_003093,has_bioactivity,Associated phytochemical has respective bioactivity
Phytochemical,DNXHEGUUPJUMQT-CBZIJGRNSA-N,HAS_BIOACTIVITY,Bioactivity,BA_003094,has_bioactivity,Associated phytochemical has respective bioactivity
Phytochemical,DNXHEGUUPJUMQT-CBZIJGRNSA-N,HAS_BIOACTIVITY,Bioactivity,BA_003095,has_bioactivity,Associated phytochemical has respective bioactivity
Phytochemical,DNXHEGUUPJUMQT-CBZIJGRNSA-N,HAS_BIOACTIVITY,Bioactivity,BA_003096,has_bioactivity,Associated phytochemical has respective bioactivity
Phytochemical,DNXHEGUUPJUMQT-CBZIJGRNSA-N,HAS_BIOACTIVITY,Bioactivity,BA_001205,has_bioactivity,Associated phytochemical has respective bioactivity
Phytochemical,DNXHEGUUPJUMQT-CBZIJGRNSA-N,HAS_BIOACTIVITY,Bioactivity,BA_003097,has_bioactivity,Associated phytochemical has respective bioactivity
Phytochemical,DNXHEGUUPJUMQT-CBZIJGRNSA-N,HAS_BIOACTIVITY,Bioactivity,BA_003098,has_bioactivity,Associated phytochemical has respective bioactivity
Phytochemical,DNXHEGUUPJUMQT-CBZIJGRNSA-N,HAS_BIOACTIVITY,Bioactivity,BA_003099,has_bioactivity,Associated phytochemical has respective bioactivity
Phytochemical,DNXHEGUUPJUMQT-CBZIJGRNSA-N,HAS_BIOACTIVITY,Bioactivity,BA_003100,has_bioactivity,Associated phytochemical has respective bioactivity
Phytochemical,DNXHEGUUPJUMQT-CBZIJGRNSA-N,HAS_BIOACTIVITY,Bioactivity,BA_003101,has_bioactivity,Associated phytochemical has respective bioactivity
Phytochemical,DNXHEGUUPJUMQT-CBZIJGRNSA-N,HAS_BIOACTIVITY,Bioactivity,BA_003102,has_bioactivity,Associated phytochemical has respective bioactivity
Phytochemical,DNXHEGUUPJUMQT-CBZIJGRNSA-N,HAS_BIOACTIVITY,Bioactivity,BA_003103,has_bioactivity,Associated phytochemical has respective bioactivity
Phytochemical,DNXHEGUUPJUMQT-CBZIJGRNSA-N,HAS_BIOACTIVITY,Bioactivity,BA_003104,has_bioactivity,Associated phytochemical has respective bioactivity
Phytochemical,DNXHEGUUPJUMQT-CBZIJGRNSA-N,HAS_BIOACTIVITY,Bioactivity,BA_003105,has_bioactivity,Associated phytochemical has respective bioactivity
Phytochemical,DNXHEGUUPJUMQT-CBZIJGRNSA-N,HAS_BIOACTIVITY,Bioactivity,BA_003106,has_bioactivity,Associated phytochemical has respective bioactivity
Phytochemical,DNXHEGUUPJUMQT-CBZIJGRNSA-N,HAS_BIOACTIVITY,Bioactivity,BA_003107,has_bioactivity,Associated phytochemical has respective bioactivity
Phytochemical,DNXHEGUUPJUMQT-CBZIJGRNSA-N,HAS_BIOACTIVITY,Bioactivity,BA_001279,has_bioactivity,Associated phytochemical has respective bioactivity
Phytochemical,DNXHEGUUPJUMQT-CBZIJGRNSA-N,HAS_BIOACTIVITY,Bioactivity,BA_003108,has_bioactivity,Associated phytochemical has respective bioactivity
Phytochemical,DNXHEGUUPJUMQT-CBZIJGRNSA-N,HAS_BIOACTIVITY,Bioactivity,BA_003109,has_bioactivity,Associated phytochemical has respective bioactivity
Phytochemical,DNXHEGUUPJUMQT-CBZIJGRNSA-N,HAS_BIOACTIVITY,Bioactivity,BA_003110,has_bioactivity,Associated phytochemical has respective bioactivity
Phytochemical,DNXHEGUUPJUMQT-CBZIJGRNSA-N,HAS_BIOACTIVITY,Bioactivity,BA_003111,has_bioactivity,Associated phytochemical has respective bioactivity
Phytochemical,DNXHEGUUPJUMQT-CBZIJGRNSA-N,HAS_BIOACTIVITY,Bioactivity,BA_003112,has_bioactivity,Associated phytochemical has respective bioactivity
Phytochemical,DNXHEGUUPJUMQT-CBZIJGRNSA-N,HAS_BIOACTIVITY,Bioactivity,BA_003113,has_bioactivity,Associated phytochemical has respective bioactivity
Phytochemical,BYQWRZGQEZAOPQ-UHFFFAOYSA-N,HAS_BIOACTIVITY,Bioactivity,BA_003114,has_bioactivity,Associated phytochemical has respective bioactivity
Phytochemical,BYQWRZGQEZAOPQ-UHFFFAOYSA-N,HAS_BIOACTIVITY,Bioactivity,BA_001567,has_bioactivity,Associated phytochemical has respective bioactivity
Phytochemical,BYQWRZGQEZAOPQ-UHFFFAOYSA-N,HAS_BIOACTIVITY,Bioactivity,BA_003115,has_bioactivity,Associated phytochemical has respective bioactivity
Phytochemical,RGCKGOZRHPZPFP-UHFFFAOYSA-N,HAS_BIOACTIVITY,Bioactivity,BA_000043,has_bioactivity,Associated phytochemical has respective bioactivity
Phytochemical,RGCKGOZRHPZPFP-UHFFFAOYSA-N,HAS_BIOACTIVITY,Bioactivity,BA_000158,has_bioactivity,Associated phytochemical has respective bioactivity
Phytochemical,RGCKGOZRHPZPFP-UHFFFAOYSA-N,HAS_BIOACTIVITY,Bioactivity,BA_000052,has_bioactivity,Associated phytochemical has respective bioactivity
Phytochemical,RGCKGOZRHPZPFP-UHFFFAOYSA-N,HAS_BIOACTIVITY,Bioactivity,BA_003116,has_bioactivity,Associated phytochemical has respective bioactivity
Phytochemical,RGCKGOZRHPZPFP-UHFFFAOYSA-N,HAS_BIOACTIVITY,Bioactivity,BA_003117,has_bioactivity,Associated phytochemical has respective bioactivity
Phytochemical,RGCKGOZRHPZPFP-UHFFFAOYSA-N,HAS_BIOACTIVITY,Bioactivity,BA_003118,has_bioactivity,Associated phytochemical has respective bioactivity
Phytochemical,RGCKGOZRHPZPFP-UHFFFAOYSA-N,HAS_BIOACTIVITY,Bioactivity,BA_000434,has_bioactivity,Associated phytochemical has respective bioactivity
Phytochemical,RGCKGOZRHPZPFP-UHFFFAOYSA-N,HAS_BIOACTIVITY,Bioactivity,BA_003119,has_bioactivity,Associated phytochemical has respective bioactivity
Phytochemical,RGCKGOZRHPZPFP-UHFFFAOYSA-N,HAS_BIOACTIVITY,Bioactivity,BA_003120,has_bioactivity,Associated phytochemical has respective bioactivity
Phytochemical,RGCKGOZRHPZPFP-UHFFFAOYSA-N,HAS_BIOACTIVITY,Bioactivity,BA_003121,has_bioactivity,Associated phytochemical has respective bioactivity
Phytochemical,RGCKGOZRHPZPFP-UHFFFAOYSA-N,HAS_BIOACTIVITY,Bioactivity,BA_003122,has_bioactivity,Associated phytochemical has respective bioactivity
Phytochemical,RGCKGOZRHPZPFP-UHFFFAOYSA-N,HAS_BIOACTIVITY,Bioactivity,BA_003123,has_bioactivity,Associated phytochemical has respective bioactivity
Phytochemical,RZVHIXYEVGDQDX-UHFFFAOYSA-N,HAS_BIOACTIVITY,Bioactivity,BA_003124,has_bioactivity,Associated phytochemical has respective bioactivity
Phytochemical,RZVHIXYEVGDQDX-UHFFFAOYSA-N,HAS_BIOACTIVITY,Bioactivity,BA_003125,has_bioactivity,Associated phytochemical has respective bioactivity
Phytochemical,OWFHAMHRUCUSRM-UHFFFAOYSA-N,HAS_BIOACTIVITY,Bioactivity,BA_003126,has_bioactivity,Associated phytochemical has respective bioactivity
Phytochemical,FFWOKTFYGVYKIR-UHFFFAOYSA-N,HAS_BIOACTIVITY,Bioactivity,BA_003127,has_bioactivity,Associated phytochemical has respective bioactivity
Phytochemical,FFWOKTFYGVYKIR-UHFFFAOYSA-N,HAS_BIOACTIVITY,Bioactivity,BA_000764,has_bioactivity,Associated phytochemical has respective bioactivity
Phytochemical,BBNQQADTFFCFGB-UHFFFAOYSA-N,HAS_BIOACTIVITY,Bioactivity,BA_000406,has_bioactivity,Associated phytochemical has respective bioactivity
Phytochemical,BBNQQADTFFCFGB-UHFFFAOYSA-N,HAS_BIOACTIVITY,Bioactivity,BA_000836,has_bioactivity,Associated phytochemical has respective bioactivity
Phytochemical,BBNQQADTFFCFGB-UHFFFAOYSA-N,HAS_BIOACTIVITY,Bioactivity,BA_000837,has_bioactivity,Associated phytochemical has respective bioactivity
Phytochemical,BBNQQADTFFCFGB-UHFFFAOYSA-N,HAS_BIOACTIVITY,Bioactivity,BA_000208,has_bioactivity,Associated phytochemical has respective bioactivity
Phytochemical,BBNQQADTFFCFGB-UHFFFAOYSA-N,HAS_BIOACTIVITY,Bioactivity,BA_002438,has_bioactivity,Associated phytochemical has respective bioactivity
Phytochemical,BBNQQADTFFCFGB-UHFFFAOYSA-N,HAS_BIOACTIVITY,Bioactivity,BA_000360,has_bioactivity,Associated phytochemical has respective bioactivity
Phytochemical,BBNQQADTFFCFGB-UHFFFAOYSA-N,HAS_BIOACTIVITY,Bioactivity,BA_000590,has_bioactivity,Associated phytochemical has respective bioactivity
Phytochemical,BBNQQADTFFCFGB-UHFFFAOYSA-N,HAS_BIOACTIVITY,Bioactivity,BA_000052,has_bioactivity,Associated phytochemical has respective bioactivity
Phytochemical,BBNQQADTFFCFGB-UHFFFAOYSA-N,HAS_BIOACTIVITY,Bioactivity,BA_002659,has_bioactivity,Associated phytochemical has respective bioactivity
Phytochemical,BBNQQADTFFCFGB-UHFFFAOYSA-N,HAS_BIOACTIVITY,Bioactivity,BA_003128,has_bioactivity,Associated phytochemical has respective bioactivity
Phytochemical,BBNQQADTFFCFGB-UHFFFAOYSA-N,HAS_BIOACTIVITY,Bioactivity,BA_003129,has_bioactivity,Associated phytochemical has respective bioactivity
Phytochemical,BBNQQADTFFCFGB-UHFFFAOYSA-N,HAS_BIOACTIVITY,Bioactivity,BA_003130,has_bioactivity,Associated phytochemical has respective bioactivity
Phytochemical,BBNQQADTFFCFGB-UHFFFAOYSA-N,HAS_BIOACTIVITY,Bioactivity,BA_003131,has_bioactivity,Associated phytochemical has respective bioactivity
Phytochemical,BBNQQADTFFCFGB-UHFFFAOYSA-N,HAS_BIOACTIVITY,Bioactivity,BA_003132,has_bioactivity,Associated phytochemical has respective bioactivity
Phytochemical,BBNQQADTFFCFGB-UHFFFAOYSA-N,HAS_BIOACTIVITY,Bioactivity,BA_003133,has_bioactivity,Associated phytochemical has respective bioactivity
Phytochemical,BBNQQADTFFCFGB-UHFFFAOYSA-N,HAS_BIOACTIVITY,Bioactivity,BA_003134,has_bioactivity,Associated phytochemical has respective bioactivity
Phytochemical,BBNQQADTFFCFGB-UHFFFAOYSA-N,HAS_BIOACTIVITY,Bioactivity,BA_003135,has_bioactivity,Associated phytochemical has respective bioactivity
Phytochemical,BBNQQADTFFCFGB-UHFFFAOYSA-N,HAS_BIOACTIVITY,Bioactivity,BA_003136,has_bioactivity,Associated phytochemical has respective bioactivity
Phytochemical,BBNQQADTFFCFGB-UHFFFAOYSA-N,HAS_BIOACTIVITY,Bioactivity,BA_003137,has_bioactivity,Associated phytochemical has respective bioactivity
Phytochemical,BBNQQADTFFCFGB-UHFFFAOYSA-N,HAS_BIOACTIVITY,Bioactivity,BA_003138,has_bioactivity,Associated phytochemical has respective bioactivity
Phytochemical,BBNQQADTFFCFGB-UHFFFAOYSA-N,HAS_BIOACTIVITY,Bioactivity,BA_003139,has_bioactivity,Associated phytochemical has respective bioactivity
Phytochemical,BBNQQADTFFCFGB-UHFFFAOYSA-N,HAS_BIOACTIVITY,Bioactivity,BA_003140,has_bioactivity,Associated phytochemical has respective bioactivity
Phytochemical,BBNQQADTFFCFGB-UHFFFAOYSA-N,HAS_BIOACTIVITY,Bioactivity,BA_003141,has_bioactivity,Associated phytochemical has respective bioactivity
Phytochemical,BBNQQADTFFCFGB-UHFFFAOYSA-N,HAS_BIOACTIVITY,Bioactivity,BA_003142,has_bioactivity,Associated phytochemical has respective bioactivity
Phytochemical,BBNQQADTFFCFGB-UHFFFAOYSA-N,HAS_BIOACTIVITY,Bioactivity,BA_003143,has_bioactivity,Associated phytochemical has respective bioactivity
Phytochemical,WPWWKBNOXTZDQJ-UHFFFAOYSA-N,HAS_BIOACTIVITY,Bioactivity,BA_003144,has_bioactivity,Associated phytochemical has respective bioactivity
Phytochemical,WPWWKBNOXTZDQJ-UHFFFAOYSA-N,HAS_BIOACTIVITY,Bioactivity,BA_003145,has_bioactivity,Associated phytochemical has respective bioactivity
Phytochemical,OJYKYCDSGQGTRJ-GQYWAMEOSA-N,HAS_BIOACTIVITY,Bioactivity,BA_003146,has_bioactivity,Associated phytochemical has respective bioactivity
Phytochemical,WVVSZNPYNCNODU-XTQGRXLLSA-N,HAS_BIOACTIVITY,Bioactivity,BA_001051,has_bioactivity,Associated phytochemical has respective bioactivity
Phytochemical,WVVSZNPYNCNODU-XTQGRXLLSA-N,HAS_BIOACTIVITY,Bioactivity,BA_003147,has_bioactivity,Associated phytochemical has respective bioactivity
Phytochemical,WVVSZNPYNCNODU-XTQGRXLLSA-N,HAS_BIOACTIVITY,Bioactivity,BA_003148,has_bioactivity,Associated phytochemical has respective bioactivity
Phytochemical,WVVSZNPYNCNODU-XTQGRXLLSA-N,HAS_BIOACTIVITY,Bioactivity,BA_003149,has_bioactivity,Associated phytochemical has respective bioactivity
Phytochemical,WVVSZNPYNCNODU-XTQGRXLLSA-N,HAS_BIOACTIVITY,Bioactivity,BA_003150,has_bioactivity,Associated phytochemical has respective bioactivity
Phytochemical,WVVSZNPYNCNODU-XTQGRXLLSA-N,HAS_BIOACTIVITY,Bioactivity,BA_003151,has_bioactivity,Associated phytochemical has respective bioactivity
Phytochemical,WVVSZNPYNCNODU-XTQGRXLLSA-N,HAS_BIOACTIVITY,Bioactivity,BA_003152,has_bioactivity,Associated phytochemical has respective bioactivity
Phytochemical,WVVSZNPYNCNODU-XTQGRXLLSA-N,HAS_BIOACTIVITY,Bioactivity,BA_003153,has_bioactivity,Associated phytochemical has respective bioactivity
Phytochemical,WVVSZNPYNCNODU-XTQGRXLLSA-N,HAS_BIOACTIVITY,Bioactivity,BA_003154,has_bioactivity,Associated phytochemical has respective bioactivity
Phytochemical,WVVSZNPYNCNODU-XTQGRXLLSA-N,HAS_BIOACTIVITY,Bioactivity,BA_003155,has_bioactivity,Associated phytochemical has respective bioactivity
Phytochemical,WVVSZNPYNCNODU-XTQGRXLLSA-N,HAS_BIOACTIVITY,Bioactivity,BA_003156,has_bioactivity,Associated phytochemical has respective bioactivity
Phytochemical,WVVSZNPYNCNODU-XTQGRXLLSA-N,HAS_BIOACTIVITY,Bioactivity,BA_003157,has_bioactivity,Associated phytochemical has respective bioactivity
Phytochemical,WVVSZNPYNCNODU-XTQGRXLLSA-N,HAS_BIOACTIVITY,Bioactivity,BA_003158,has_bioactivity,Associated phytochemical has respective bioactivity
Phytochemical,WVVSZNPYNCNODU-XTQGRXLLSA-N,HAS_BIOACTIVITY,Bioactivity,BA_003159,has_bioactivity,Associated phytochemical has respective bioactivity
Phytochemical,WVVSZNPYNCNODU-XTQGRXLLSA-N,HAS_BIOACTIVITY,Bioactivity,BA_003160,has_bioactivity,Associated phytochemical has respective bioactivity
Phytochemical,WVVSZNPYNCNODU-XTQGRXLLSA-N,HAS_BIOACTIVITY,Bioactivity,BA_003161,has_bioactivity,Associated phytochemical has respective bioactivity
Phytochemical,WVVSZNPYNCNODU-XTQGRXLLSA-N,HAS_BIOACTIVITY,Bioactivity,BA_003162,has_bioactivity,Associated phytochemical has respective bioactivity
Phytochemical,WVVSZNPYNCNODU-XTQGRXLLSA-N,HAS_BIOACTIVITY,Bioactivity,BA_003163,has_bioactivity,Associated phytochemical has respective bioactivity
Phytochemical,WVVSZNPYNCNODU-XTQGRXLLSA-N,HAS_BIOACTIVITY,Bioactivity,BA_003164,has_bioactivity,Associated phytochemical has respective bioactivity
Phytochemical,XFZJEEAOWLFHDH-NFJBMHMQSA-N,HAS_BIOACTIVITY,Bioactivity,BA_003165,has_bioactivity,Associated phytochemical has respective bioactivity
Phytochemical,JLPUXFOGCDVKGO-TUAOUCFPSA-N,HAS_BIOACTIVITY,Bioactivity,BA_002396,has_bioactivity,Associated phytochemical has respective bioactivity
Phytochemical,NKDFYOWSKOHCCO-YPVLXUMRSA-N,HAS_BIOACTIVITY,Bioactivity,BA_002293,has_bioactivity,Associated phytochemical has respective bioactivity
Phytochemical,AAOFJKLTRKOQTQ-UHFFFAOYSA-N,HAS_BIOACTIVITY,Bioactivity,BA_003166,has_bioactivity,Associated phytochemical has respective bioactivity
Phytochemical,KJXSIXMJHKAJOD-LSDHHAIUSA-N,HAS_BIOACTIVITY,Bioactivity,BA_003167,has_bioactivity,Associated phytochemical has respective bioactivity
Phytochemical,MMAYTCMMKJYIAM-RUGRQLENSA-N,HAS_BIOACTIVITY,Bioactivity,BA_003168,has_bioactivity,Associated phytochemical has respective bioactivity
Phytochemical,FRASJONUBLZVQX-UHFFFAOYSA-N,HAS_BIOACTIVITY,Bioactivity,BA_003169,has_bioactivity,Associated phytochemical has respective bioactivity
Phytochemical,FRASJONUBLZVQX-UHFFFAOYSA-N,HAS_BIOACTIVITY,Bioactivity,BA_003170,has_bioactivity,Associated phytochemical has respective bioactivity
Phytochemical,FRASJONUBLZVQX-UHFFFAOYSA-N,HAS_BIOACTIVITY,Bioactivity,BA_003171,has_bioactivity,Associated phytochemical has respective bioactivity
Phytochemical,FRASJONUBLZVQX-UHFFFAOYSA-N,HAS_BIOACTIVITY,Bioactivity,BA_002982,has_bioactivity,Associated phytochemical has respective bioactivity
Phytochemical,FRASJONUBLZVQX-UHFFFAOYSA-N,HAS_BIOACTIVITY,Bioactivity,BA_003172,has_bioactivity,Associated phytochemical has respective bioactivity
Phytochemical,FRASJONUBLZVQX-UHFFFAOYSA-N,HAS_BIOACTIVITY,Bioactivity,BA_003173,has_bioactivity,Associated phytochemical has respective bioactivity
Phytochemical,FRASJONUBLZVQX-UHFFFAOYSA-N,HAS_BIOACTIVITY,Bioactivity,BA_003174,has_bioactivity,Associated phytochemical has respective bioactivity
Phytochemical,FRASJONUBLZVQX-UHFFFAOYSA-N,HAS_BIOACTIVITY,Bioactivity,BA_003175,has_bioactivity,Associated phytochemical has respective bioactivity
Phytochemical,FRASJONUBLZVQX-UHFFFAOYSA-N,HAS_BIOACTIVITY,Bioactivity,BA_003176,has_bioactivity,Associated phytochemical has respective bioactivity
Phytochemical,FRASJONUBLZVQX-UHFFFAOYSA-N,HAS_BIOACTIVITY,Bioactivity,BA_003177,has_bioactivity,Associated phytochemical has respective bioactivity
Phytochemical,YBJHBAHKTGYVGT-ZKWXMUAHSA-N,HAS_BIOACTIVITY,Bioactivity,BA_003178,has_bioactivity,Associated phytochemical has respective bioactivity
Phytochemical,YBJHBAHKTGYVGT-ZKWXMUAHSA-N,HAS_BIOACTIVITY,Bioactivity,BA_003179,has_bioactivity,Associated phytochemical has respective bioactivity
Phytochemical,YBJHBAHKTGYVGT-ZKWXMUAHSA-N,HAS_BIOACTIVITY,Bioactivity,BA_003180,has_bioactivity,Associated phytochemical has respective bioactivity
Phytochemical,YBJHBAHKTGYVGT-ZKWXMUAHSA-N,HAS_BIOACTIVITY,Bioactivity,BA_001365,has_bioactivity,Associated phytochemical has respective bioactivity
Phytochemical,YBJHBAHKTGYVGT-ZKWXMUAHSA-N,HAS_BIOACTIVITY,Bioactivity,BA_003181,has_bioactivity,Associated phytochemical has respective bioactivity
Phytochemical,YBJHBAHKTGYVGT-ZKWXMUAHSA-N,HAS_BIOACTIVITY,Bioactivity,BA_003182,has_bioactivity,Associated phytochemical has respective bioactivity
Phytochemical,YBJHBAHKTGYVGT-ZKWXMUAHSA-N,HAS_BIOACTIVITY,Bioactivity,BA_003183,has_bioactivity,Associated phytochemical has respective bioactivity
Phytochemical,YBJHBAHKTGYVGT-ZKWXMUAHSA-N,HAS_BIOACTIVITY,Bioactivity,BA_003184,has_bioactivity,Associated phytochemical has respective bioactivity
Phytochemical,YBJHBAHKTGYVGT-ZKWXMUAHSA-N,HAS_BIOACTIVITY,Bioactivity,BA_002558,has_bioactivity,Associated phytochemical has respective bioactivity
Phytochemical,YBJHBAHKTGYVGT-ZKWXMUAHSA-N,HAS_BIOACTIVITY,Bioactivity,BA_000542,has_bioactivity,Associated phytochemical has respective bioactivity
Phytochemical,YBJHBAHKTGYVGT-ZKWXMUAHSA-N,HAS_BIOACTIVITY,Bioactivity,BA_003185,has_bioactivity,Associated phytochemical has respective bioactivity
Phytochemical,YBJHBAHKTGYVGT-ZKWXMUAHSA-N,HAS_BIOACTIVITY,Bioactivity,BA_003186,has_bioactivity,Associated phytochemical has respective bioactivity
Phytochemical,YBJHBAHKTGYVGT-ZKWXMUAHSA-N,HAS_BIOACTIVITY,Bioactivity,BA_003187,has_bioactivity,Associated phytochemical has respective bioactivity
Phytochemical,YBJHBAHKTGYVGT-ZKWXMUAHSA-N,HAS_BIOACTIVITY,Bioactivity,BA_003188,has_bioactivity,Associated phytochemical has respective bioactivity
Phytochemical,YBJHBAHKTGYVGT-ZKWXMUAHSA-N,HAS_BIOACTIVITY,Bioactivity,BA_003189,has_bioactivity,Associated phytochemical has respective bioactivity
Phytochemical,YBJHBAHKTGYVGT-ZKWXMUAHSA-N,HAS_BIOACTIVITY,Bioactivity,BA_001339,has_bioactivity,Associated phytochemical has respective bioactivity
Phytochemical,YBJHBAHKTGYVGT-ZKWXMUAHSA-N,HAS_BIOACTIVITY,Bioactivity,BA_003190,has_bioactivity,Associated phytochemical has respective bioactivity
Phytochemical,YBJHBAHKTGYVGT-ZKWXMUAHSA-N,HAS_BIOACTIVITY,Bioactivity,BA_003191,has_bioactivity,Associated phytochemical has respective bioactivity
Phytochemical,FAPWYRCQGJNNSJ-UBKPKTQASA-L,HAS_BIOACTIVITY,Bioactivity,BA_003192,has_bioactivity,Associated phytochemical has respective bioactivity
Phytochemical,FAPWYRCQGJNNSJ-UBKPKTQASA-L,HAS_BIOACTIVITY,Bioactivity,BA_003193,has_bioactivity,Associated phytochemical has respective bioactivity
Phytochemical,OVBPIULPVIDEAO-LBPRGKRZSA-N,HAS_BIOACTIVITY,Bioactivity,BA_000358,has_bioactivity,Associated phytochemical has respective bioactivity
Phytochemical,OVBPIULPVIDEAO-LBPRGKRZSA-N,HAS_BIOACTIVITY,Bioactivity,BA_001198,has_bioactivity,Associated phytochemical has respective bioactivity
Phytochemical,OVBPIULPVIDEAO-LBPRGKRZSA-N,HAS_BIOACTIVITY,Bioactivity,BA_003194,has_bioactivity,Associated phytochemical has respective bioactivity
Phytochemical,OVBPIULPVIDEAO-LBPRGKRZSA-N,HAS_BIOACTIVITY,Bioactivity,BA_003195,has_bioactivity,Associated phytochemical has respective bioactivity
Phytochemical,DXDRHHKMWQZJHT-FPYGCLRLSA-N,HAS_BIOACTIVITY,Bioactivity,BA_003196,has_bioactivity,Associated phytochemical has respective bioactivity
Phytochemical,DXDRHHKMWQZJHT-FPYGCLRLSA-N,HAS_BIOACTIVITY,Bioactivity,BA_001181,has_bioactivity,Associated phytochemical has respective bioactivity
Phytochemical,DXDRHHKMWQZJHT-FPYGCLRLSA-N,HAS_BIOACTIVITY,Bioactivity,BA_000219,has_bioactivity,Associated phytochemical has respective bioactivity
Phytochemical,DXDRHHKMWQZJHT-FPYGCLRLSA-N,HAS_BIOACTIVITY,Bioactivity,BA_000045,has_bioactivity,Associated phytochemical has respective bioactivity
Phytochemical,DXDRHHKMWQZJHT-FPYGCLRLSA-N,HAS_BIOACTIVITY,Bioactivity,BA_000223,has_bioactivity,Associated phytochemical has respective bioactivity
Phytochemical,DXDRHHKMWQZJHT-FPYGCLRLSA-N,HAS_BIOACTIVITY,Bioactivity,BA_000764,has_bioactivity,Associated phytochemical has respective bioactivity
Phytochemical,DXDRHHKMWQZJHT-FPYGCLRLSA-N,HAS_BIOACTIVITY,Bioactivity,BA_003197,has_bioactivity,Associated phytochemical has respective bioactivity
Phytochemical,DXDRHHKMWQZJHT-FPYGCLRLSA-N,HAS_BIOACTIVITY,Bioactivity,BA_001165,has_bioactivity,Associated phytochemical has respective bioactivity
Phytochemical,DXDRHHKMWQZJHT-FPYGCLRLSA-N,HAS_BIOACTIVITY,Bioactivity,BA_000233,has_bioactivity,Associated phytochemical has respective bioactivity
Phytochemical,DXDRHHKMWQZJHT-FPYGCLRLSA-N,HAS_BIOACTIVITY,Bioactivity,BA_000375,has_bioactivity,Associated phytochemical has respective bioactivity
Phytochemical,DXDRHHKMWQZJHT-FPYGCLRLSA-N,HAS_BIOACTIVITY,Bioactivity,BA_003198,has_bioactivity,Associated phytochemical has respective bioactivity
Phytochemical,DXDRHHKMWQZJHT-FPYGCLRLSA-N,HAS_BIOACTIVITY,Bioactivity,BA_003199,has_bioactivity,Associated phytochemical has respective bioactivity
Phytochemical,DXDRHHKMWQZJHT-FPYGCLRLSA-N,HAS_BIOACTIVITY,Bioactivity,BA_003200,has_bioactivity,Associated phytochemical has respective bioactivity
Phytochemical,DXDRHHKMWQZJHT-FPYGCLRLSA-N,HAS_BIOACTIVITY,Bioactivity,BA_003201,has_bioactivity,Associated phytochemical has respective bioactivity
Phytochemical,DXDRHHKMWQZJHT-FPYGCLRLSA-N,HAS_BIOACTIVITY,Bioactivity,BA_003202,has_bioactivity,Associated phytochemical has respective bioactivity
Phytochemical,DXDRHHKMWQZJHT-FPYGCLRLSA-N,HAS_BIOACTIVITY,Bioactivity,BA_003203,has_bioactivity,Associated phytochemical has respective bioactivity
Phytochemical,DXDRHHKMWQZJHT-FPYGCLRLSA-N,HAS_BIOACTIVITY,Bioactivity,BA_003204,has_bioactivity,Associated phytochemical has respective bioactivity
Phytochemical,DXDRHHKMWQZJHT-FPYGCLRLSA-N,HAS_BIOACTIVITY,Bioactivity,BA_003205,has_bioactivity,Associated phytochemical has respective bioactivity
Phytochemical,DXDRHHKMWQZJHT-FPYGCLRLSA-N,HAS_BIOACTIVITY,Bioactivity,BA_003206,has_bioactivity,Associated phytochemical has respective bioactivity
Phytochemical,DXDRHHKMWQZJHT-FPYGCLRLSA-N,HAS_BIOACTIVITY,Bioactivity,BA_003207,has_bioactivity,Associated phytochemical has respective bioactivity
Phytochemical,DXDRHHKMWQZJHT-FPYGCLRLSA-N,HAS_BIOACTIVITY,Bioactivity,BA_003208,has_bioactivity,Associated phytochemical has respective bioactivity
Phytochemical,DXDRHHKMWQZJHT-FPYGCLRLSA-N,HAS_BIOACTIVITY,Bioactivity,BA_001216,has_bioactivity,Associated phytochemical has respective bioactivity
Phytochemical,DXDRHHKMWQZJHT-FPYGCLRLSA-N,HAS_BIOACTIVITY,Bioactivity,BA_000956,has_bioactivity,Associated phytochemical has respective bioactivity
Phytochemical,DXDRHHKMWQZJHT-FPYGCLRLSA-N,HAS_BIOACTIVITY,Bioactivity,BA_000396,has_bioactivity,Associated phytochemical has respective bioactivity
Phytochemical,DXDRHHKMWQZJHT-FPYGCLRLSA-N,HAS_BIOACTIVITY,Bioactivity,BA_003209,has_bioactivity,Associated phytochemical has respective bioactivity
Phytochemical,DXDRHHKMWQZJHT-FPYGCLRLSA-N,HAS_BIOACTIVITY,Bioactivity,BA_003210,has_bioactivity,Associated phytochemical has respective bioactivity
Phytochemical,DXDRHHKMWQZJHT-FPYGCLRLSA-N,HAS_BIOACTIVITY,Bioactivity,BA_003211,has_bioactivity,Associated phytochemical has respective bioactivity
Phytochemical,DXDRHHKMWQZJHT-FPYGCLRLSA-N,HAS_BIOACTIVITY,Bioactivity,BA_003212,has_bioactivity,Associated phytochemical has respective bioactivity
Phytochemical,DXDRHHKMWQZJHT-FPYGCLRLSA-N,HAS_BIOACTIVITY,Bioactivity,BA_003213,has_bioactivity,Associated phytochemical has respective bioactivity
Phytochemical,DXDRHHKMWQZJHT-FPYGCLRLSA-N,HAS_BIOACTIVITY,Bioactivity,BA_003214,has_bioactivity,Associated phytochemical has respective bioactivity
Phytochemical,DXDRHHKMWQZJHT-FPYGCLRLSA-N,HAS_BIOACTIVITY,Bioactivity,BA_003215,has_bioactivity,Associated phytochemical has respective bioactivity
Phytochemical,DXDRHHKMWQZJHT-FPYGCLRLSA-N,HAS_BIOACTIVITY,Bioactivity,BA_003216,has_bioactivity,Associated phytochemical has respective bioactivity
Phytochemical,DXDRHHKMWQZJHT-FPYGCLRLSA-N,HAS_BIOACTIVITY,Bioactivity,BA_003217,has_bioactivity,Associated phytochemical has respective bioactivity
Phytochemical,DXDRHHKMWQZJHT-FPYGCLRLSA-N,HAS_BIOACTIVITY,Bioactivity,BA_003218,has_bioactivity,Associated phytochemical has respective bioactivity
Phytochemical,DXDRHHKMWQZJHT-FPYGCLRLSA-N,HAS_BIOACTIVITY,Bioactivity,BA_003219,has_bioactivity,Associated phytochemical has respective bioactivity
Phytochemical,DXDRHHKMWQZJHT-FPYGCLRLSA-N,HAS_BIOACTIVITY,Bioactivity,BA_003220,has_bioactivity,Associated phytochemical has respective bioactivity
Phytochemical,DXDRHHKMWQZJHT-FPYGCLRLSA-N,HAS_BIOACTIVITY,Bioactivity,BA_003221,has_bioactivity,Associated phytochemical has respective bioactivity
Phytochemical,DXDRHHKMWQZJHT-FPYGCLRLSA-N,HAS_BIOACTIVITY,Bioactivity,BA_003222,has_bioactivity,Associated phytochemical has respective bioactivity
Phytochemical,DXDRHHKMWQZJHT-FPYGCLRLSA-N,HAS_BIOACTIVITY,Bioactivity,BA_003223,has_bioactivity,Associated phytochemical has respective bioactivity
Phytochemical,MYXNWGACZJSMBT-VJXVFPJBSA-N,HAS_BIOACTIVITY,Bioactivity,BA_002310,has_bioactivity,Associated phytochemical has respective bioactivity
Phytochemical,GMBQZIIUCVWOCD-WWASVFFGSA-N,HAS_BIOACTIVITY,Bioactivity,BA_003224,has_bioactivity,Associated phytochemical has respective bioactivity
Phytochemical,GMBQZIIUCVWOCD-WWASVFFGSA-N,HAS_BIOACTIVITY,Bioactivity,BA_003225,has_bioactivity,Associated phytochemical has respective bioactivity
Phytochemical,GMBQZIIUCVWOCD-WWASVFFGSA-N,HAS_BIOACTIVITY,Bioactivity,BA_003226,has_bioactivity,Associated phytochemical has respective bioactivity
Phytochemical,GMBQZIIUCVWOCD-WWASVFFGSA-N,HAS_BIOACTIVITY,Bioactivity,BA_003227,has_bioactivity,Associated phytochemical has respective bioactivity
Phytochemical,XEZNGIUYQVAUSS-UHFFFAOYSA-N,HAS_BIOACTIVITY,Bioactivity,BA_003228,has_bioactivity,Associated phytochemical has respective bioactivity
Phytochemical,SSXJHQZOHUYEGD-UHFFFAOYSA-N,HAS_BIOACTIVITY,Bioactivity,BA_003229,has_bioactivity,Associated phytochemical has respective bioactivity
Phytochemical,SSXJHQZOHUYEGD-UHFFFAOYSA-N,HAS_BIOACTIVITY,Bioactivity,BA_003230,has_bioactivity,Associated phytochemical has respective bioactivity
Phytochemical,KJPRLNWUNMBNBZ-QPJJXVBHSA-N,HAS_BIOACTIVITY,Bioactivity,BA_003231,has_bioactivity,Associated phytochemical has respective bioactivity
Phytochemical,KJPRLNWUNMBNBZ-QPJJXVBHSA-N,HAS_BIOACTIVITY,Bioactivity,BA_001401,has_bioactivity,Associated phytochemical has respective bioactivity
Phytochemical,KJPRLNWUNMBNBZ-QPJJXVBHSA-N,HAS_BIOACTIVITY,Bioactivity,BA_001364,has_bioactivity,Associated phytochemical has respective bioactivity
Phytochemical,KJPRLNWUNMBNBZ-QPJJXVBHSA-N,HAS_BIOACTIVITY,Bioactivity,BA_000802,has_bioactivity,Associated phytochemical has respective bioactivity
Phytochemical,KJPRLNWUNMBNBZ-QPJJXVBHSA-N,HAS_BIOACTIVITY,Bioactivity,BA_003232,has_bioactivity,Associated phytochemical has respective bioactivity
Phytochemical,KJPRLNWUNMBNBZ-QPJJXVBHSA-N,HAS_BIOACTIVITY,Bioactivity,BA_003233,has_bioactivity,Associated phytochemical has respective bioactivity
Phytochemical,DOFJNFPSMUCECH-UHFFFAOYSA-N,HAS_BIOACTIVITY,Bioactivity,BA_000122,has_bioactivity,Associated phytochemical has respective bioactivity
Phytochemical,DOFJNFPSMUCECH-UHFFFAOYSA-N,HAS_BIOACTIVITY,Bioactivity,BA_000385,has_bioactivity,Associated phytochemical has respective bioactivity
Phytochemical,DOFJNFPSMUCECH-UHFFFAOYSA-N,HAS_BIOACTIVITY,Bioactivity,BA_000054,has_bioactivity,Associated phytochemical has respective bioactivity
Phytochemical,DOFJNFPSMUCECH-UHFFFAOYSA-N,HAS_BIOACTIVITY,Bioactivity,BA_001165,has_bioactivity,Associated phytochemical has respective bioactivity
Phytochemical,DOFJNFPSMUCECH-UHFFFAOYSA-N,HAS_BIOACTIVITY,Bioactivity,BA_001494,has_bioactivity,Associated phytochemical has respective bioactivity
Phytochemical,DOFJNFPSMUCECH-UHFFFAOYSA-N,HAS_BIOACTIVITY,Bioactivity,BA_000615,has_bioactivity,Associated phytochemical has respective bioactivity
Phytochemical,DOFJNFPSMUCECH-UHFFFAOYSA-N,HAS_BIOACTIVITY,Bioactivity,BA_003234,has_bioactivity,Associated phytochemical has respective bioactivity
Phytochemical,VHVOLFRBFDOUSH-NSCUHMNNSA-N,HAS_BIOACTIVITY,Bioactivity,BA_003235,has_bioactivity,Associated phytochemical has respective bioactivity
Phytochemical,VHVOLFRBFDOUSH-NSCUHMNNSA-N,HAS_BIOACTIVITY,Bioactivity,BA_003236,has_bioactivity,Associated phytochemical has respective bioactivity
Phytochemical,VHVOLFRBFDOUSH-NSCUHMNNSA-N,HAS_BIOACTIVITY,Bioactivity,BA_003237,has_bioactivity,Associated phytochemical has respective bioactivity
Phytochemical,VHVOLFRBFDOUSH-NSCUHMNNSA-N,HAS_BIOACTIVITY,Bioactivity,BA_003238,has_bioactivity,Associated phytochemical has respective bioactivity
Phytochemical,VHVOLFRBFDOUSH-NSCUHMNNSA-N,HAS_BIOACTIVITY,Bioactivity,BA_003239,has_bioactivity,Associated phytochemical has respective bioactivity
Phytochemical,VHVOLFRBFDOUSH-NSCUHMNNSA-N,HAS_BIOACTIVITY,Bioactivity,BA_003240,has_bioactivity,Associated phytochemical has respective bioactivity
Phytochemical,VHVOLFRBFDOUSH-NSCUHMNNSA-N,HAS_BIOACTIVITY,Bioactivity,BA_003241,has_bioactivity,Associated phytochemical has respective bioactivity
Phytochemical,VHVOLFRBFDOUSH-NSCUHMNNSA-N,HAS_BIOACTIVITY,Bioactivity,BA_003242,has_bioactivity,Associated phytochemical has respective bioactivity
Phytochemical,VHVOLFRBFDOUSH-NSCUHMNNSA-N,HAS_BIOACTIVITY,Bioactivity,BA_003243,has_bioactivity,Associated phytochemical has respective bioactivity
Phytochemical,MRIAQLRQZPPODS-UHFFFAOYSA-N,HAS_BIOACTIVITY,Bioactivity,BA_003244,has_bioactivity,Associated phytochemical has respective bioactivity
Phytochemical,MRIAQLRQZPPODS-UHFFFAOYSA-N,HAS_BIOACTIVITY,Bioactivity,BA_003245,has_bioactivity,Associated phytochemical has respective bioactivity
Phytochemical,MRIAQLRQZPPODS-UHFFFAOYSA-N,HAS_BIOACTIVITY,Bioactivity,BA_003246,has_bioactivity,Associated phytochemical has respective bioactivity
Phytochemical,MRIAQLRQZPPODS-UHFFFAOYSA-N,HAS_BIOACTIVITY,Bioactivity,BA_003247,has_bioactivity,Associated phytochemical has respective bioactivity
Phytochemical,MRIAQLRQZPPODS-UHFFFAOYSA-N,HAS_BIOACTIVITY,Bioactivity,BA_002522,has_bioactivity,Associated phytochemical has respective bioactivity
Phytochemical,MRIAQLRQZPPODS-UHFFFAOYSA-N,HAS_BIOACTIVITY,Bioactivity,BA_002986,has_bioactivity,Associated phytochemical has respective bioactivity
Phytochemical,LKMNXYDUQXAUCZ-UHFFFAOYSA-N,HAS_BIOACTIVITY,Bioactivity,BA_003248,has_bioactivity,Associated phytochemical has respective bioactivity
Phytochemical,LKMNXYDUQXAUCZ-UHFFFAOYSA-N,HAS_BIOACTIVITY,Bioactivity,BA_003249,has_bioactivity,Associated phytochemical has respective bioactivity
Phytochemical,LKMNXYDUQXAUCZ-UHFFFAOYSA-N,HAS_BIOACTIVITY,Bioactivity,BA_003250,has_bioactivity,Associated phytochemical has respective bioactivity
Phytochemical,PREBVFJICNPEKM-YDWXAUTNSA-N,HAS_BIOACTIVITY,Bioactivity,BA_003251,has_bioactivity,Associated phytochemical has respective bioactivity
Phytochemical,PREBVFJICNPEKM-YDWXAUTNSA-N,HAS_BIOACTIVITY,Bioactivity,BA_003252,has_bioactivity,Associated phytochemical has respective bioactivity
Phytochemical,PREBVFJICNPEKM-YDWXAUTNSA-N,HAS_BIOACTIVITY,Bioactivity,BA_003253,has_bioactivity,Associated phytochemical has respective bioactivity
Phytochemical,PREBVFJICNPEKM-YDWXAUTNSA-N,HAS_BIOACTIVITY,Bioactivity,BA_003254,has_bioactivity,Associated phytochemical has respective bioactivity
Phytochemical,VFLDPWHFBUODDF-FCXRPNKRSA-N,HAS_BIOACTIVITY,Bioactivity,BA_003255,has_bioactivity,Associated phytochemical has respective bioactivity
Phytochemical,VFLDPWHFBUODDF-FCXRPNKRSA-N,HAS_BIOACTIVITY,Bioactivity,BA_003256,has_bioactivity,Associated phytochemical has respective bioactivity
Phytochemical,VFLDPWHFBUODDF-FCXRPNKRSA-N,HAS_BIOACTIVITY,Bioactivity,BA_003257,has_bioactivity,Associated phytochemical has respective bioactivity
Phytochemical,VFLDPWHFBUODDF-FCXRPNKRSA-N,HAS_BIOACTIVITY,Bioactivity,BA_003258,has_bioactivity,Associated phytochemical has respective bioactivity
Phytochemical,VFLDPWHFBUODDF-FCXRPNKRSA-N,HAS_BIOACTIVITY,Bioactivity,BA_003259,has_bioactivity,Associated phytochemical has respective bioactivity
Phytochemical,VFLDPWHFBUODDF-FCXRPNKRSA-N,HAS_BIOACTIVITY,Bioactivity,BA_003260,has_bioactivity,Associated phytochemical has respective bioactivity
Phytochemical,VFLDPWHFBUODDF-FCXRPNKRSA-N,HAS_BIOACTIVITY,Bioactivity,BA_003261,has_bioactivity,Associated phytochemical has respective bioactivity
Phytochemical,VFLDPWHFBUODDF-FCXRPNKRSA-N,HAS_BIOACTIVITY,Bioactivity,BA_003262,has_bioactivity,Associated phytochemical has respective bioactivity
Phytochemical,VFLDPWHFBUODDF-FCXRPNKRSA-N,HAS_BIOACTIVITY,Bioactivity,BA_003263,has_bioactivity,Associated phytochemical has respective bioactivity
Phytochemical,VFLDPWHFBUODDF-FCXRPNKRSA-N,HAS_BIOACTIVITY,Bioactivity,BA_003264,has_bioactivity,Associated phytochemical has respective bioactivity
Phytochemical,VFLDPWHFBUODDF-FCXRPNKRSA-N,HAS_BIOACTIVITY,Bioactivity,BA_003265,has_bioactivity,Associated phytochemical has respective bioactivity
Phytochemical,VFLDPWHFBUODDF-FCXRPNKRSA-N,HAS_BIOACTIVITY,Bioactivity,BA_003266,has_bioactivity,Associated phytochemical has respective bioactivity
Phytochemical,VFLDPWHFBUODDF-FCXRPNKRSA-N,HAS_BIOACTIVITY,Bioactivity,BA_003267,has_bioactivity,Associated phytochemical has respective bioactivity
Phytochemical,VFLDPWHFBUODDF-FCXRPNKRSA-N,HAS_BIOACTIVITY,Bioactivity,BA_003268,has_bioactivity,Associated phytochemical has respective bioactivity
Phytochemical,VFLDPWHFBUODDF-FCXRPNKRSA-N,HAS_BIOACTIVITY,Bioactivity,BA_003269,has_bioactivity,Associated phytochemical has respective bioactivity
Phytochemical,VFLDPWHFBUODDF-FCXRPNKRSA-N,HAS_BIOACTIVITY,Bioactivity,BA_003270,has_bioactivity,Associated phytochemical has respective bioactivity
Phytochemical,VFLDPWHFBUODDF-FCXRPNKRSA-N,HAS_BIOACTIVITY,Bioactivity,BA_003271,has_bioactivity,Associated phytochemical has respective bioactivity
Phytochemical,VFLDPWHFBUODDF-FCXRPNKRSA-N,HAS_BIOACTIVITY,Bioactivity,BA_003272,has_bioactivity,Associated phytochemical has respective bioactivity
Phytochemical,VFLDPWHFBUODDF-FCXRPNKRSA-N,HAS_BIOACTIVITY,Bioactivity,BA_003273,has_bioactivity,Associated phytochemical has respective bioactivity
Phytochemical,VFLDPWHFBUODDF-FCXRPNKRSA-N,HAS_BIOACTIVITY,Bioactivity,BA_003274,has_bioactivity,Associated phytochemical has respective bioactivity
Phytochemical,VFLDPWHFBUODDF-FCXRPNKRSA-N,HAS_BIOACTIVITY,Bioactivity,BA_000359,has_bioactivity,Associated phytochemical has respective bioactivity
Phytochemical,VFLDPWHFBUODDF-FCXRPNKRSA-N,HAS_BIOACTIVITY,Bioactivity,BA_003275,has_bioactivity,Associated phytochemical has respective bioactivity
Phytochemical,VFLDPWHFBUODDF-FCXRPNKRSA-N,HAS_BIOACTIVITY,Bioactivity,BA_003276,has_bioactivity,Associated phytochemical has respective bioactivity
Phytochemical,VFLDPWHFBUODDF-FCXRPNKRSA-N,HAS_BIOACTIVITY,Bioactivity,BA_000120,has_bioactivity,Associated phytochemical has respective bioactivity
Phytochemical,VFLDPWHFBUODDF-FCXRPNKRSA-N,HAS_BIOACTIVITY,Bioactivity,BA_000764,has_bioactivity,Associated phytochemical has respective bioactivity
Phytochemical,VFLDPWHFBUODDF-FCXRPNKRSA-N,HAS_BIOACTIVITY,Bioactivity,BA_000218,has_bioactivity,Associated phytochemical has respective bioactivity
Phytochemical,VFLDPWHFBUODDF-FCXRPNKRSA-N,HAS_BIOACTIVITY,Bioactivity,BA_000046,has_bioactivity,Associated phytochemical has respective bioactivity
Phytochemical,VFLDPWHFBUODDF-FCXRPNKRSA-N,HAS_BIOACTIVITY,Bioactivity,BA_001626,has_bioactivity,Associated phytochemical has respective bioactivity
Phytochemical,VFLDPWHFBUODDF-FCXRPNKRSA-N,HAS_BIOACTIVITY,Bioactivity,BA_000124,has_bioactivity,Associated phytochemical has respective bioactivity
Phytochemical,VFLDPWHFBUODDF-FCXRPNKRSA-N,HAS_BIOACTIVITY,Bioactivity,BA_003116,has_bioactivity,Associated phytochemical has respective bioactivity
Phytochemical,VFLDPWHFBUODDF-FCXRPNKRSA-N,HAS_BIOACTIVITY,Bioactivity,BA_000054,has_bioactivity,Associated phytochemical has respective bioactivity
Phytochemical,VFLDPWHFBUODDF-FCXRPNKRSA-N,HAS_BIOACTIVITY,Bioactivity,BA_001109,has_bioactivity,Associated phytochemical has respective bioactivity
Phytochemical,VFLDPWHFBUODDF-FCXRPNKRSA-N,HAS_BIOACTIVITY,Bioactivity,BA_003277,has_bioactivity,Associated phytochemical has respective bioactivity
Phytochemical,VFLDPWHFBUODDF-FCXRPNKRSA-N,HAS_BIOACTIVITY,Bioactivity,BA_003278,has_bioactivity,Associated phytochemical has respective bioactivity
Phytochemical,VFLDPWHFBUODDF-FCXRPNKRSA-N,HAS_BIOACTIVITY,Bioactivity,BA_003279,has_bioactivity,Associated phytochemical has respective bioactivity
Phytochemical,VFLDPWHFBUODDF-FCXRPNKRSA-N,HAS_BIOACTIVITY,Bioactivity,BA_003280,has_bioactivity,Associated phytochemical has respective bioactivity
Phytochemical,VFLDPWHFBUODDF-FCXRPNKRSA-N,HAS_BIOACTIVITY,Bioactivity,BA_000417,has_bioactivity,Associated phytochemical has respective bioactivity
Phytochemical,VFLDPWHFBUODDF-FCXRPNKRSA-N,HAS_BIOACTIVITY,Bioactivity,BA_003281,has_bioactivity,Associated phytochemical has respective bioactivity
Phytochemical,VFLDPWHFBUODDF-FCXRPNKRSA-N,HAS_BIOACTIVITY,Bioactivity,BA_001050,has_bioactivity,Associated phytochemical has respective bioactivity
Phytochemical,VFLDPWHFBUODDF-FCXRPNKRSA-N,HAS_BIOACTIVITY,Bioactivity,BA_003282,has_bioactivity,Associated phytochemical has respective bioactivity
Phytochemical,HJTVQHVGMGKONQ-LUZURFALSA-N,HAS_BIOACTIVITY,Bioactivity,BA_003283,has_bioactivity,Associated phytochemical has respective bioactivity
Phytochemical,HJTVQHVGMGKONQ-LUZURFALSA-N,HAS_BIOACTIVITY,Bioactivity,BA_003284,has_bioactivity,Associated phytochemical has respective bioactivity
Phytochemical,HJTVQHVGMGKONQ-LUZURFALSA-N,HAS_BIOACTIVITY,Bioactivity,BA_003285,has_bioactivity,Associated phytochemical has respective bioactivity
Phytochemical,HJTVQHVGMGKONQ-LUZURFALSA-N,HAS_BIOACTIVITY,Bioactivity,BA_003286,has_bioactivity,Associated phytochemical has respective bioactivity
Phytochemical,MXXWOMGUGJBKIW-YPCIICBESA-N,HAS_BIOACTIVITY,Bioactivity,BA_003287,has_bioactivity,Associated phytochemical has respective bioactivity
Phytochemical,MXXWOMGUGJBKIW-YPCIICBESA-N,HAS_BIOACTIVITY,Bioactivity,BA_003288,has_bioactivity,Associated phytochemical has respective bioactivity
Phytochemical,MXXWOMGUGJBKIW-YPCIICBESA-N,HAS_BIOACTIVITY,Bioactivity,BA_003289,has_bioactivity,Associated phytochemical has respective bioactivity
Phytochemical,MXXWOMGUGJBKIW-YPCIICBESA-N,HAS_BIOACTIVITY,Bioactivity,BA_003290,has_bioactivity,Associated phytochemical has respective bioactivity
Phytochemical,MXXWOMGUGJBKIW-YPCIICBESA-N,HAS_BIOACTIVITY,Bioactivity,BA_003291,has_bioactivity,Associated phytochemical has respective bioactivity
Phytochemical,MXXWOMGUGJBKIW-YPCIICBESA-N,HAS_BIOACTIVITY,Bioactivity,BA_003292,has_bioactivity,Associated phytochemical has respective bioactivity
Phytochemical,MXXWOMGUGJBKIW-YPCIICBESA-N,HAS_BIOACTIVITY,Bioactivity,BA_003293,has_bioactivity,Associated phytochemical has respective bioactivity
Phytochemical,MXXWOMGUGJBKIW-YPCIICBESA-N,HAS_BIOACTIVITY,Bioactivity,BA_003294,has_bioactivity,Associated phytochemical has respective bioactivity
Phytochemical,MXXWOMGUGJBKIW-YPCIICBESA-N,HAS_BIOACTIVITY,Bioactivity,BA_003295,has_bioactivity,Associated phytochemical has respective bioactivity
Phytochemical,MXXWOMGUGJBKIW-YPCIICBESA-N,HAS_BIOACTIVITY,Bioactivity,BA_003296,has_bioactivity,Associated phytochemical has respective bioactivity
